Symbol,Company,Instrument Type,Exchange,BSE Code,ISIN,Series,Sector,Industry,Cap Class,Market Cap (Cr),AUM (Cr),Price,P/E,P/B,52W High,52W Low,% Below 52W High,Dividend/Share (annual),Dividend Yield %,ROE %,Debt/Equity,Expense Ratio %,Return 1y %,Return 3y %,Return 5y %,Volatility %,Max Drawdown 3y %,Avg Volume,Turnover Last Day (Lakh),Nifty500
NSE:RELIANCE,Reliance Industries Limited,Equity,NSE+BSE,500325,INE002A01018,EQ,Oil Gas & Consumable Fuels,Oil & Gas Refining & Marketing,Large,1580187.0,,1167.7,21.1,1.75,1611.8,1160.8,27.6,6.0,0.51,,46.3,,,,,,,11836680.0,196746.1,Y
NSE:HDFCBANK,HDFC Bank Limited,Equity,NSE+BSE,500180,INE040A01034,EQ,Financial Services,,Large,1111981.0,,721.2,15.8,1.83,1020.5,681.9,29.3,13.0,1.8,,,,,,,,,,267906.9,Y
NSE:BHARTIARTL,Bharti Airtel Limited,Equity,NSE+BSE,532454,INE397D01024,EQ,Telecommunication,Telecom Services,Large,1086213.0,,1741.1,36.4,6.71,2174.5,1726.3,19.9,24.0,1.38,20.2,100.4,,,,,,,6247687.0,98053.7,Y
NSE:ICICIBANK,ICICI Bank Limited,Equity,NSE+BSE,532174,INE090A01021,EQ,Financial Services,Banks - Regional,Large,940802.0,,1310.6,16.9,2.47,1480.0,1187.6,11.4,12.0,0.92,16.1,,,,,,,,10492400.0,173522.4,Y
NSE:SBIN,State Bank of India,Equity,NSE+BSE,500112,INE062A01020,EQ,Financial Services,Banks - Regional,Large,880693.0,,954.1,10.2,1.42,1234.7,857.25,22.7,17.35,1.82,15.2,,,,,,,,9405746.0,70679.0,Y
NSE:TCS,Tata Consultancy Services Limited,Equity,NSE+BSE,532540,INE467B01029,EQ,Information Technology,Information Technology Services,Large,750753.0,,2075.0,15.1,6.85,3350.0,1976.8,38.1,65.0,3.13,47.7,10.2,,,,,,,3591272.0,70999.1,Y
NSE:BAJFINANCE,Bajaj Finance Limited,Equity,NSE+BSE,500034,INE296A01032,EQ,Financial Services,Credit Services,Large,589929.0,,948.3,29.1,5.17,1176.4,787.9,19.4,5.4,0.57,,314.8,,,,,,,7292822.0,53981.2,Y
NSE:LT,Larsen & Toubro Limited,Equity,NSE+BSE,500510,INE018A01030,EQ,Construction,Engineering & Construction,Large,508162.0,,3693.4,30.7,4.65,4440.0,3288.1,16.8,38.0,1.03,,97.6,,,,,,,1679549.0,82078.0,Y
NSE:LICI,Life Insurance Corporation Of India,Equity,NSE+BSE,543526,INE0J1Y01017,EQ,Financial Services,Insurance - Life,Large,495690.0,,391.85,8.3,2.81,468.48,360.75,16.4,10.0,2.55,,0.4,,,,,,,9978741.0,22939.5,Y
NSE:SUNPHARMA,Sun Pharmaceutical Industries Limited,Equity,NSE+BSE,524715,INE044A01036,EQ,Healthcare,Drug Manufacturers - Specialty & Generic,Large,432120.0,,1801.0,35.7,5.17,2046.9,1583.7,12.0,16.0,0.89,,5.5,,,,,,,1956926.0,41835.0,Y
NSE:HINDUNILVR,Hindustan Unilever Limited,Equity,NSE+BSE,500696,INE030A01027,EQ,Fast Moving Consumer Goods,Household & Personal Products,Large,431385.0,,1836.0,40.8,8.85,2667.2,1826.9,31.2,44.0,2.4,,3.0,,,,,,,1550646.0,24567.8,Y
NSE:INFY,Infosys Limited,Equity,NSE+BSE,500209,INE009A01021,EQ,Information Technology,Information Technology Services,Large,419211.0,,1035.0,13.3,4.54,1728.0,980.4,40.1,50.0,4.83,32.0,9.5,,,,,,,10879010.0,154095.4,Y
NSE:KOTAKBANK,Kotak Mahindra Bank Limited,Equity,NSE+BSE,500247,INE237A01036,EQ,Financial Services,Banks - Regional,Large,416170.0,,418.35,20.5,2.3,453.2,345.5,7.7,0.65,0.16,,,,,,,,,14940082.0,327133.1,Y
NSE:TITAN,Titan Company Limited,Equity,NSE+BSE,500114,INE280A01028,EQ,Consumer Durables,Luxury Goods,Large,400684.0,,4515.7,69.4,25.53,5186.7,3378.0,12.9,15.0,0.33,,195.0,,,,,,,789619.0,31521.3,Y
NSE:ADANIPORTS,Adani Ports and Special Economic Zone Limited,Equity,NSE+BSE,532921,INE742F01042,EQ,Services,Marine Shipping,Large,400382.0,,1737.8,29.7,4.17,1891.1,1292.0,8.1,7.5,0.43,,64.1,,,,,,,2123397.0,37776.3,Y
NSE:ADANIENT,Adani Enterprises Limited,Equity,NSE+BSE,512599,INE423A01024,EQ,Metals & Mining,Thermal Coal,Large,381317.0,,2816.8,49.0,4.5,3245.0,1753.0,13.2,1.3,0.05,,119.6,,,,,,,1588099.0,59670.3,Y
NSE:AXISBANK,Axis Bank Limited,Equity,NSE+BSE,532215,INE238A01034,EQ,Financial Services,Banks - Regional,Large,378967.0,,1217.1,13.8,1.7,1418.3,1150.3,14.2,1.0,0.08,13.4,,,,,,,,5979174.0,85900.6,Y
NSE:ADANIPOWER,Adani Power Limited,Equity,NSE+BSE,533096,INE814H01029,EQ,Power,Utilities - Independent Power Producers,Large,378385.0,,196.21,26.5,5.83,254.2,128.1,22.8,0.0,,,82.3,,,,,,,21968201.0,66307.8,Y
NSE:MARUTI,Maruti Suzuki India Limited,Equity,NSE+BSE,532500,INE585B01010,EQ,Automobile and Auto Components,Auto Manufacturers,Large,357979.0,,11386.0,25.0,3.34,17370.0,11305.0,34.5,140.0,1.23,,0.1,,,,,,,390135.0,102230.0,Y
NSE:M&M,Mahindra & Mahindra Limited,Equity,NSE+BSE,500520,INE101A01026,EQ,Automobile and Auto Components,Auto Manufacturers,Large,343418.0,,2860.0,17.4,3.43,3839.9,2812.0,25.5,33.0,1.15,,125.3,,,,,,,2213759.0,155818.5,Y
NSE:HCLTECH,HCL Technologies Limited,Equity,NSE+BSE,532281,INE860A01027,EQ,Information Technology,Information Technology Services,Large,336354.0,,1243.1,19.3,4.56,1780.1,1030.0,30.2,60.0,4.83,24.1,7.1,,,,,,,3086748.0,42596.0,Y
NSE:ITC,ITC Limited,Equity,NSE+BSE,500875,INE154A01025,EQ,Fast Moving Consumer Goods,Tobacco,Large,320656.0,,255.9,16.2,4.42,426.4,254.65,40.0,16.0,6.25,,3.3,,,,,,,14205159.0,42304.9,Y
NSE:ULTRACEMCO,UltraTech Cement Limited,Equity,NSE+BSE,532538,INE481G01011,EQ,Construction Materials,Building Materials,Large,315056.0,,10710.0,36.9,4.11,13110.0,10325.0,18.3,240.0,2.24,,29.4,,,,,,,272247.0,61117.0,Y
NSE:HAL,Hindustan Aeronautics Limited,Equity,NSE+BSE,541154,INE066F01020,EQ,Capital Goods,Aerospace & Defense,Large,307703.0,,4601.0,33.0,7.5,5149.9,3479.1,10.7,20.0,0.43,,0.2,,,,,,,863025.0,34292.0,Y
NSE:NTPC,NTPC Limited,Equity,NSE+BSE,532555,INE733E01010,EQ,Power,Utilities - Regulated Electric,Large,305542.0,,315.1,9.6,1.5,414.4,313.05,24.0,12.35,3.92,,128.3,,,,,,,8741536.0,32064.1,Y
NSE:JSWSTEEL,JSW Steel Limited,Equity,NSE+BSE,500228,INE019A01038,EQ,Metals & Mining,Steel,Large,300973.0,,1233.0,12.2,3.01,1351.0,1073.2,8.7,7.1,0.58,,95.4,,,,,,,1620473.0,38990.9,Y
NSE:ETERNAL,ETERNAL LIMITED,Equity,NSE+BSE,543320,INE758T01015,EQ,Consumer Services,Internet Retail,Large,288957.0,,313.9,667.9,9.28,368.45,212.6,14.8,0.0,,,14.8,,,,,,,31940569.0,93283.1,Y
NSE:BEL,Bharat Electronics Limited,Equity,NSE+BSE,500049,INE263A01024,EQ,Capital Goods,Aerospace & Defense,Large,280038.0,,383.1,45.7,11.67,473.45,378.65,19.1,2.5,0.65,,0.3,,,,,,,10736822.0,39184.0,Y
NSE:ONGC,Oil & Natural Gas Corporation Limited,Equity,NSE+BSE,500312,INE213A01029,EQ,Oil Gas & Consumable Fuels,Oil & Gas Integrated,Large,279748.0,,222.37,6.4,0.75,307.5,220.6,27.7,14.5,6.52,,42.5,,,,,,,11781658.0,29174.9,Y
NSE:BAJAJFINSV,Bajaj Finserv Limited,Equity,NSE+BSE,532978,INE918I01026,EQ,Financial Services,Financial Conglomerates,Large,277258.0,,1732.6,27.4,3.56,2195.0,1597.0,21.1,1.3,0.08,,256.4,,,,,,,1052432.0,39476.0,Y
NSE:BAJAJ-AUTO,Bajaj Auto Limited,Equity,NSE+BSE,532977,INE917I01010,EQ,Automobile and Auto Components,Auto Manufacturers,Large,276040.0,,10045.0,23.9,7.23,12470.0,8491.5,19.4,150.0,1.49,,56.4,,,,,,,332708.0,151003.6,Y
NSE:COALINDIA,Coal India Limited,Equity,NSE+BSE,533278,INE522F01014,EQ,Oil Gas & Consumable Fuels,Thermal Coal,Large,259081.0,,420.4,8.3,2.18,491.25,369.6,14.4,21.0,5.0,,11.6,,,,,,,7906836.0,31636.2,Y
NSE:NESTLEIND,Nestle India Limited,Equity,NSE+BSE,500790,INE239A01024,EQ,Fast Moving Consumer Goods,Packaged Foods,Large,252166.0,,1307.7,66.2,48.9,1553.0,1158.6,15.8,12.0,0.92,,8.6,,,,,,,1765562.0,21280.1,Y
NSE:DMART,Avenue Supermarts Limited,Equity,NSE+BSE,540376,INE192R01011,EQ,Consumer Services,Discount Stores,Large,248701.0,,3813.0,80.9,10.14,4644.0,3529.0,17.9,0.0,,,9.9,,,,,,,548190.0,24944.1,Y
NSE:DIVISLAB,Divi's Laboratories Limited,Equity,NSE+BSE,532488,INE361B01024,EQ,Healthcare,Drug Manufacturers - Specialty & Generic,Large,245532.0,,9249.0,84.0,14.65,9740.0,5647.5,5.0,30.0,0.32,,0.0,,,,,,,502276.0,52119.8,Y
NSE:POWERGRID,Power Grid Corporation of India Limited,Equity,NSE+BSE,532898,INE752E01010,EQ,Power,Utilities - Regulated Electric,Large,236747.0,,254.55,12.5,2.36,324.95,250.0,21.7,10.25,4.03,,150.8,,,,,,,8964494.0,28036.3,Y
NSE:HINDZINC,Hindustan Zinc Limited,Equity,NSE+BSE,500188,INE267A01025,EQ,Metals & Mining,Other Industrial Metals & Mining,Large,234526.0,,555.05,13.7,10.36,733.0,453.5,24.3,21.0,3.78,,39.0,,,,,,,4960728.0,17623.9,Y
NSE:ASIANPAINT,Asian Paints Limited,Equity,NSE+BSE,500820,INE021A01026,EQ,Consumer Durables,Specialty Chemicals,Large,230746.0,,2407.0,48.5,10.8,2985.7,2115.0,19.4,27.5,1.14,,17.8,,,,,,,761913.0,24003.9,Y
NSE:SHRIRAMFIN,Shriram Finance Limited,Equity,NSE+BSE,511218,INE721A01047,EQ,Financial Services,Credit Services,Large,222363.0,,945.0,16.7,2.7,1153.7,646.5,18.1,13.8,1.46,18.5,276.2,,,,,,,4678715.0,53265.3,Y
NSE:TATASTEEL,Tata Steel Limited,Equity,NSE+BSE,500470,INE081A01020,EQ,Metals & Mining,Steel,Large,222043.0,,178.0,20.1,2.17,224.4,160.06,20.7,4.0,2.25,,89.0,,,,,,,24861583.0,85898.7,Y
NSE:ADANIGREEN,Adani Green Energy Limited,Equity,NSE+BSE,541450,INE364U01010,EQ,Power,Utilities - Renewable,Large,210196.0,,1276.1,122.0,10.9,1631.5,765.0,21.8,0.0,,,346.5,,,,,,,1972952.0,81456.8,Y
NSE:HINDALCO,Hindalco Industries Limited,Equity,NSE+BSE,500440,INE038A01020,EQ,Metals & Mining,Aluminum,Large,209075.0,,941.85,12.8,1.53,1176.0,754.45,19.9,5.0,0.53,,72.6,,,,,,,4288553.0,55051.0,Y
NSE:GRASIM,Grasim Industries Limited,Equity,NSE+BSE,500300,INE047A01021,EQ,Construction Materials,Building Materials,Large,200909.0,,2962.0,35.3,1.94,3411.1,2502.5,13.2,10.0,0.34,,135.0,,,,,,,847682.0,41146.1,Y
NSE:TVSMOTOR,TVS Motor Company Limited,Equity,NSE+BSE,532343,INE494B01023,EQ,Automobile and Auto Components,Auto Manufacturers,Large,191088.0,,4021.0,55.9,57.19,4484.5,3228.0,10.3,12.0,0.3,,306.1,,,,,,,1010274.0,49397.3,Y
NSE:INDIGO,InterGlobe Aviation Limited,Equity,NSE+BSE,539448,INE646L01027,EQ,Services,Airlines,Large,190623.0,,4929.9,,27.33,5970.0,3895.2,17.4,10.0,0.19,,1112.7,,,,,,,718998.0,29255.3,Y
NSE:EICHERMOT,Eicher Motors Limited,Equity,NSE+BSE,505200,INE066A01021,EQ,Automobile and Auto Components,Auto Manufacturers,Large,189969.0,,6920.0,32.9,7.56,8230.0,6442.0,15.9,82.0,1.18,,2.0,,,,,,,466372.0,56726.4,Y
NSE:IOC,Indian Oil Corporation Limited,Equity,NSE+BSE,530965,INE242A01010,EQ,Oil Gas & Consumable Fuels,Oil & Gas Refining & Marketing,Large,185468.0,,131.34,5.5,0.82,188.96,130.22,30.5,8.25,6.28,,58.4,,,,,,,9637633.0,16226.2,Y
NSE:TORNTPHARM,Torrent Pharmaceuticals Limited,Equity,NSE+BSE,500420,INE685A01028,EQ,Healthcare,Drug Manufacturers - Specialty & Generic,Large,181333.0,,4767.3,76.3,19.23,5250.0,3480.6,9.2,38.0,0.8,,85.4,,,,,,,539899.0,17073.6,Y
NSE:SOLARINDS,Solar Industries India Limited,Equity,NSE+BSE,532725,INE343H01029,EQ,Chemicals,Specialty Chemicals,Large,175551.0,,19400.0,88.5,27.97,22700.0,11646.0,14.5,11.0,0.06,,23.3,,,,,,,179116.0,39336.2,Y
NSE:SBILIFE,SBI Life Insurance Company Limited,Equity,NSE+BSE,540719,INE123W01016,EQ,Financial Services,Insurance - Life,Large,172746.0,,1721.6,66.7,8.58,2132.0,1652.9,19.2,2.7,0.16,13.7,,,,,,,,1000893.0,56710.9,Y
NSE:MOTHERSON,Samvardhana Motherson International Limited,Equity,NSE+BSE,517334,INE775A01035,EQ,Automobile and Auto Components,Auto Parts,Large,165372.0,,157.03,37.7,4.04,173.27,101.01,9.4,0.5,0.32,,43.9,,,,,,,16102716.0,36299.1,Y
NSE:HYUNDAI,Hyundai Motor India Limited,Equity,NSE+BSE,544274,INE0V6F01027,EQ,Automobile and Auto Components,Auto Manufacturers,Large,164458.0,,2024.0,33.2,8.22,2591.9,1658.0,21.9,21.0,1.04,,5.5,,,,,,,764261.0,36646.9,Y
NSE:DLF,DLF Limited,Equity,NSE+BSE,532868,INE271C01023,EQ,Realty,Real Estate - Development,Large,162975.0,,658.4,36.6,3.58,786.5,489.4,16.3,8.0,1.22,10.1,0.7,,,,,,,4045045.0,41411.5,Y
NSE:ADANIENSOL,Adani Energy Solutions Limited,Equity,NSE+BSE,539254,INE931S01010,EQ,Power,Utilities - Independent Power Producers,Large,162213.0,,1326.4,54.7,6.27,1789.0,803.1,25.9,0.0,,,194.5,,,,,,,2887328.0,98695.8,Y
NSE:WIPRO,Wipro Limited,Equity,NSE+BSE,507685,INE075A01022,EQ,Information Technology,Information Technology Services,Large,157652.0,,159.35,12.7,2.03,273.1,156.79,41.7,8.0,5.02,16.1,27.4,,,,,,,14488518.0,29477.2,Y
NSE:VAML,Vedanta Aluminium Metal Limited,Equity,NSE+BSE,544780,INE1CDF01017,EQ,Metals & Mining,Aluminum,Large,157337.0,,403.0,40.8,,537.0,398.75,25.0,16.0,3.97,,,,,,,,,9044284.0,28350.0,Y
NSE:TMCV,Tata Motors Limited,Equity,NSE+BSE,544569,INE1TAE01010,EQ,Capital Goods,Auto Manufacturers,Large,153977.0,,418.1,36.7,12.09,509.0,306.3,17.9,4.0,0.96,,44.1,,,,,,,7371522.0,30473.6,Y
NSE:ICICIAMC,ICICI Prudential Asset Management Company Limited,Equity,NSE+BSE,544658,INE346A01027,EQ,Financial Services,Asset Management,Large,152133.0,,3078.0,43.8,36.47,3611.0,2530.0,14.8,24.8,0.8,,4.1,,,,,,,475016.0,16153.7,Y
NSE:PIDILITIND,Pidilite Industries Limited,Equity,NSE+BSE,500331,INE318A01026,EQ,Chemicals,Specialty Chemicals,Large,149114.0,,1464.0,56.5,13.76,1707.5,1259.0,14.3,11.5,0.79,,3.8,,,,,,,885905.0,12780.9,Y
NSE:BHEL,Bharat Heavy Electricals Limited,Equity,NSE+BSE,500103,INE257A01026,EQ,Capital Goods,Specialty Industrial Machinery,Large,146595.0,,421.0,60.2,5.61,446.5,229.54,5.7,1.4,0.33,,31.3,,,,,,,9767545.0,53362.7,Y
NSE:ABB,ABB India Limited,Equity,NSE+BSE,500002,INE117A01022,EQ,Capital Goods,Specialty Industrial Machinery,Large,146217.0,,6900.0,92.6,15.66,7924.5,4637.5,12.9,39.36,0.57,19.1,1.5,,,,,,,280480.0,16477.0,Y
NSE:VBL,Varun Beverages Limited,Equity,NSE+BSE,540180,INE200M01039,EQ,Fast Moving Consumer Goods,Beverages - Non-Alcoholic,Large,143857.0,,425.3,42.6,6.61,555.8,381.0,23.5,2.0,0.47,16.9,15.9,,,,,,,6602637.0,35995.9,Y
NSE:JIOFIN,Jio Financial Services Limited,Equity,NSE+BSE,543940,INE758E01017,EQ,Financial Services,Asset Management,Large,140317.0,,212.5,65.8,1.01,316.85,208.5,32.9,0.6,0.28,,16.3,,,,,,,16357129.0,59613.1,Y
NSE:POWERINDIA,Hitachi Energy India Limited,Equity,NSE+BSE,543187,INE07Y701011,EQ,Capital Goods,Electrical Equipment & Parts,Large,139467.0,,31290.0,122.0,26.95,38785.0,16111.0,19.3,8.0,0.03,,1.7,,,,,,,118913.0,45182.9,Y
NSE:CGPOWER,CG Power and Industrial Solutions Limited,Equity,NSE+BSE,500093,INE067A01029,EQ,Capital Goods,Electrical Equipment & Parts,Large,138484.0,,879.0,111.1,17.37,980.9,525.5,10.4,1.3,0.15,,1.4,,,,,,,3443259.0,40691.8,Y
NSE:TRENT,Trent Limited,Equity,NSE+BSE,500251,INE849A01020,EQ,Consumer Services,Apparel Retail,Large,137574.0,,2580.0,76.3,19.7,4908.0,2183.67,47.4,4.0,0.16,,36.0,,,,,,,1031235.0,23159.1,Y
NSE:IDEA,Vodafone Idea Limited,Equity,NSE+BSE,532822,INE669E01016,EQ,Telecommunication,Telecom Services,Large,136946.0,,12.64,3.6,-3.83,15.79,8.13,19.9,0.0,,,,,,,,,,383261554.0,78460.0,Y
NSE:TECHM,Tech Mahindra Limited,Equity,NSE+BSE,532755,INE669C01036,EQ,Information Technology,Information Technology Services,Large,135812.0,,1533.0,26.5,4.58,1854.0,1304.1,17.3,51.0,3.33,,7.3,,,,,,,2401756.0,40798.5,Y
NSE:CHOLAFIN,Cholamandalam Investment and Finance Company Limited,Equity,NSE+BSE,511243,INE121A01024,EQ,Financial Services,Credit Services,Large,135487.0,,1580.0,23.4,4.42,1952.5,1299.4,19.1,2.0,0.13,,695.3,,,,,,,1423254.0,27010.0,Y
NSE:SIEMENS,Siemens Limited,Equity,NSE+BSE,500550,INE003A01024,EQ,Capital Goods,Specialty Industrial Machinery,Large,135468.0,,3804.0,80.0,9.79,4149.4,2826.0,8.3,18.0,0.47,,2.2,,,,,,,355032.0,9170.2,Y
NSE:CUMMINSIND,Cummins India Limited,Equity,NSE+BSE,500480,INE298A01020,EQ,Capital Goods,Specialty Industrial Machinery,Large,134719.0,,4860.0,56.8,15.9,6100.0,3882.5,20.3,66.0,1.36,,0.4,,,,,,,436648.0,18976.1,Y
NSE:TATACAP,Tata Capital Limited,Equity,NSE+BSE,544574,INE976I01016,EQ,Financial Services,Credit Services,Large,134470.0,,318.9,24.9,2.93,390.2,296.0,18.3,0.57,0.18,,502.9,,,,,,,1592107.0,7849.2,Y
NSE:BOSCHLTD,Bosch Limited,Equity,NSE+BSE,500530,INE323A01026,EQ,Automobile and Auto Components,Auto Parts,Large,134148.0,,45480.0,56.8,9.04,50000.0,28610.0,9.0,270.0,0.59,,0.8,,,,,,,34118.0,22051.3,Y
NSE:BPCL,Bharat Petroleum Corporation Limited,Equity,NSE+BSE,500547,INE029A01011,EQ,Oil Gas & Consumable Fuels,Oil & Gas Refining & Marketing,Large,128434.0,,300.6,7.5,1.28,391.65,266.6,23.2,20.0,6.65,,54.3,,,,,,,5577637.0,16936.7,Y
NSE:UNIONBANK,Union Bank of India,Equity,NSE+BSE,532477,INE692A01016,EQ,Financial Services,Banks - Regional,Large,127932.0,,167.59,6.2,0.92,205.49,135.3,18.4,5.0,2.98,15.8,,,,,,,,12411684.0,13280.9,Y
NSE:PNB,Punjab National Bank,Equity,NSE+BSE,532461,INE160A01022,EQ,Financial Services,Banks - Regional,Large,125928.0,,109.57,5.7,0.81,135.15,98.5,18.9,3.0,2.74,15.0,,,,,,,,15710030.0,12663.4,Y
NSE:BSE,BSE Limited,Equity,NSE,,INE118H01025,EQ,Financial Services,Financial Data & Stock Exchanges,Large,123707.0,,3046.0,44.2,15.69,4446.8,2050.0,31.5,10.0,0.33,,0.0,,,,,,,4308583.0,191812.4,Y
NSE:POLYCAB,Polycab India Limited,Equity,NSE+BSE,542652,INE455K01017,EQ,Capital Goods,Electrical Equipment & Parts,Large,120357.0,,7990.0,42.2,9.95,10126.0,6663.0,21.1,47.0,0.59,25.5,1.7,,,,,,,368425.0,37137.7,Y
NSE:LENSKART,Lenskart Solutions Limited,Equity,NSE+BSE,544600,INE956O01016,EQ,Consumer Services,Medical Instruments & Supplies,Large,119469.0,,690.0,181.6,13.71,725.0,356.1,4.8,0.0,,,35.0,,,,,,,8925267.0,34599.0,Y
NSE:BANKBARODA,Bank of Baroda,Equity,NSE+BSE,532134,INE028A01039,EQ,Financial Services,Banks - Regional,Large,119365.0,,230.82,6.6,0.71,325.5,223.82,29.1,8.5,3.68,11.3,,,,,,,,8558663.0,20943.9,Y
NSE:LTM,LTM Limited,Equity,NSE+BSE,540005,INE214T01019,EQ,Information Technology,Information Technology Services,Large,118792.0,,4007.0,22.7,4.84,6429.5,3528.0,37.7,75.0,1.87,22.0,9.9,,,,,,,462807.0,19200.3,Y
NSE:ENRIN,Siemens Energy India Limited,Equity,NSE+BSE,544390,INE1NPP01017,EQ,Capital Goods,Utilities - Renewable,Large,118731.0,,3334.0,80.0,24.67,3968.0,2115.0,16.0,4.0,0.12,,4.5,,,,,,,548325.0,54720.8,Y
NSE:BAJAJHLDNG,Bajaj Holdings & Investment Limited,Equity,NSE+BSE,500490,INE118A01012,EQ,Financial Services,Asset Management,Large,118706.0,,10666.0,13.4,1.62,13250.0,8588.0,19.5,130.0,1.22,11.6,0.0,,,,,,,48078.0,4235.0,Y
NSE:APOLLOHOSP,Apollo Hospitals Enterprise Limited,Equity,NSE+BSE,508869,INE437A01024,EQ,Healthcare,Medical Care Facilities,Large,116947.0,,8133.5,55.9,12.34,9070.5,6696.5,10.3,20.0,0.25,,85.1,,,,,,,368466.0,75489.9,Y
NSE:LGEINDIA,LG Electronics India Limited,Equity,NSE+BSE,544576,INE324D01010,EQ,Consumer Durables,Consumer Electronics,Large,116206.0,,1712.0,63.7,15.16,1755.0,1304.1,2.5,0.0,,,6.0,,,,,,,630368.0,9624.2,Y
NSE:HDFCLIFE,HDFC Life Insurance Company Limited,Equity,NSE+BSE,540777,INE795G01014,EQ,Financial Services,Insurance - Life,Large,116031.0,,534.2,58.5,5.95,788.5,508.7,32.3,2.1,0.39,10.8,15.9,,,,,,,3935522.0,21298.6,Y
NSE:BRITANNIA,Britannia Industries Limited,Equity,NSE+BSE,500825,INE216A01030,EQ,Fast Moving Consumer Goods,Packaged Foods,Large,115087.0,,4778.0,44.2,22.54,6271.0,4737.0,23.8,90.5,1.89,,26.9,,,,,,,279938.0,17329.2,Y
NSE:ZYDUSLIFE,Zydus Lifesciences Limited,Equity,NSE+BSE,532321,INE010B01027,EQ,Healthcare,Drug Manufacturers - Specialty & Generic,Large,114284.0,,1145.7,25.5,4.25,1232.1,835.5,7.0,1.0,0.09,,42.3,,,,,,,1495998.0,29113.8,Y
NSE:GAIL,GAIL (India) Limited,Equity,NSE+BSE,532155,INE129A01019,EQ,Oil Gas & Consumable Fuels,Utilities - Regulated Gas,Large,112579.0,,171.22,11.4,1.26,186.87,134.36,8.4,5.5,3.21,,27.8,,,,,,,8463131.0,11719.1,Y
NSE:JINDALSTEL,JINDAL STEEL LIMITED,Equity,NSE+BSE,532286,INE749A01030,EQ,Metals & Mining,Steel,Large,111975.0,,1100.5,41.2,2.2,1306.2,977.1,15.7,2.0,0.18,,43.6,,,,,,,920456.0,9484.1,Y
NSE:TATAPOWER,Tata Power Company Limited,Equity,NSE+BSE,500400,INE245A01021,EQ,Power,Utilities - Independent Power Producers,Large,111885.0,,350.15,29.0,2.83,464.9,342.5,24.7,2.5,0.71,,168.1,,,,,,,4221990.0,14877.9,Y
NSE:GROWW,Billionbrains Garage Ventures Limited,Equity,NSE+BSE,544603,INE0HOQ01053,EQ,Financial Services,Capital Markets,Large,111634.0,,180.3,45.8,11.55,227.2,112.0,20.6,0.0,,,3.0,,,,,,,36391167.0,32677.1,Y
NSE:LODHA,Lodha Developers Limited,Equity,NSE+BSE,543287,INE670K01029,EQ,Realty,Real Estate - Development,Large,110474.0,,1105.6,26.8,4.74,1344.95,650.8,17.8,4.25,0.38,,42.2,,,,,,,2455735.0,24853.8,Y
NSE:GVT&D,GE Vernova T&D India Limited,Equity,NSE+BSE,522275,INE200A01026,EQ,Capital Goods,Specialty Industrial Machinery,Large,108902.0,,4253.2,83.3,40.48,5650.0,2523.2,24.7,10.0,0.24,,0.9,,,,,,,913288.0,33566.2,Y
NSE:CIPLA,Cipla Limited,Equity,NSE+BSE,500087,INE059A01026,EQ,Healthcare,Drug Manufacturers - Specialty & Generic,Large,108578.0,,1344.0,32.3,3.15,1673.0,1165.7,19.7,13.0,0.97,,1.8,,,,,,,1036357.0,12394.8,Y
NSE:MUTHOOTFIN,Muthoot Finance Limited,Equity,NSE+BSE,533398,INE414G01012,EQ,Financial Services,Credit Services,Large,108280.0,,2697.1,9.5,2.67,4149.5,2671.0,35.0,30.0,1.11,31.7,393.6,,,,,,,966016.0,15049.0,Y
NSE:CANBK,Canara Bank,Equity,NSE+BSE,532483,INE476A01022,EQ,Financial Services,Banks - Regional,Large,107360.0,,118.36,5.4,0.91,162.89,116.51,27.3,4.2,3.55,,,,,,,,,17231227.0,16523.2,Y
NSE:LAURUSLABS,Laurus Labs Limited,Equity,NSE+BSE,540222,INE947Q01028,EQ,Healthcare,Drug Manufacturers - Specialty & Generic,Large,107198.0,,1984.0,98.0,20.21,2055.3,843.0,3.5,2.4,0.12,,46.4,,,,,,,2462329.0,28951.0,Y
NSE:INDIANB,Indian Bank,Equity,NSE+BSE,532814,INE562A01011,EQ,Financial Services,Banks - Regional,Large,106834.0,,793.15,8.4,1.27,1000.9,742.0,20.8,18.25,2.3,16.2,,,,,,,,1780418.0,5349.8,Y
NSE:PAYTM,One 97 Communications Limited,Equity,NSE+BSE,543396,INE982J01020,EQ,Financial Services,Software - Infrastructure,Large,105886.0,,1656.0,164.0,6.62,1855.5,930.6,10.8,0.0,,,1.1,,,,,,,4321299.0,32126.2,Y
NSE:PFC,Power Finance Corporation Limited,Equity,NSE+BSE,532810,INE134E01011,EQ,Financial Services,Credit Services,Mid,104943.0,,318.0,4.0,0.73,486.5,313.35,34.6,15.6,4.91,,536.8,,,,,,,7924279.0,31136.8,Y
NSE:MANKIND,Mankind Pharma Limited,Equity,NSE+BSE,543904,INE634S01028,EQ,Healthcare,Drug Manufacturers - Specialty & Generic,Mid,104707.0,,2535.0,51.3,6.42,2642.0,1909.7,4.0,2.0,0.08,,38.1,,,,,,,448161.0,10718.2,Y
NSE:INDHOTEL,The Indian Hotels Company Limited,Equity,NSE+BSE,500850,INE053A01029,EQ,Consumer Services,Lodging,Mid,103866.0,,718.0,47.6,7.83,757.4,565.0,5.2,3.25,0.45,,19.0,,,,,,,2327259.0,29093.0,Y
NSE:HEROMOTOCO,Hero MotoCorp Limited,Equity,NSE+BSE,500182,INE158A01026,EQ,Automobile and Auto Components,Auto Manufacturers,Mid,103433.0,,5168.0,19.0,4.78,6388.5,4671.5,19.1,185.0,3.58,,3.6,,,,,,,638856.0,44599.7,Y
NSE:TMPV,Tata Motors Passenger Vehicles Limited,Equity,NSE+BSE,500570,INE155A01022,EQ,Automobile and Auto Components,Auto Manufacturers,Mid,102903.0,,279.4,,0.92,739.7,272.2,62.2,3.0,1.07,,70.4,,,,,,,9576779.0,42312.4,Y
NSE:ABCAPITAL,Aditya Birla Capital Limited,Equity,NSE+BSE,540691,INE674K01013,EQ,Financial Services,Financial Conglomerates,Mid,102684.0,,375.05,24.3,2.85,430.7,287.7,12.9,0.0,,,495.9,,,,,,,3386508.0,18688.1,Y
NSE:SBIFUNDS,SBI Funds Management Limited,Equity,NSE+BSE,544829,INE640G01020,EQ,Financial Services,Asset Management,Mid,101964.0,,500.6,33.2,17.1,624.95,497.0,19.9,0.0,,,2.2,,,,,,,4000593.0,14142.8,
NSE:MARICO,Marico Limited,Equity,NSE+BSE,531642,INE196A01026,EQ,Fast Moving Consumer Goods,Household & Personal Products,Mid,101419.0,,781.35,53.8,24.09,889.1,703.95,12.1,4.0,0.51,,12.4,,,,,,,1706286.0,13834.9,Y
NSE:MEESHO,Meesho Limited,Equity,NSE+BSE,544632,INE0VDM01015,EQ,Consumer Services,Internet Retail,Mid,101365.0,,219.0,,23.07,254.4,125.56,13.9,0.0,,,1.4,,,,,,,16693874.0,13757.2,Y
NSE:IRFC,Indian Railway Finance Corporation Limited,Equity,NSE+BSE,543257,INE053F01010,EQ,Financial Services,Credit Services,Mid,100706.0,,77.06,14.0,1.77,137.17,76.51,43.8,2.9,3.76,,773.3,,,,,,,8127652.0,9905.3,Y
NSE:DRREDDY,Dr. Reddy's Laboratories Limited,Equity,NSE+BSE,500124,INE089A01031,EQ,Healthcare,Drug Manufacturers - Specialty & Generic,Mid,100475.0,,1206.2,30.4,2.62,1414.9,1101.0,14.8,8.0,0.66,8.8,18.6,,,,,,,2080433.0,31610.9,Y
NSE:LLOYDSME,Lloyds Metals And Energy Limited,Equity,NSE+BSE,512455,INE281B01032,EQ,Metals & Mining,Steel,Mid,100166.0,,1780.0,20.8,7.22,2125.0,1042.9,16.2,1.0,0.06,,145.2,,,,,,,486285.0,17670.6,Y
NSE:GMRAIRPORT,GMR AIRPORTS LIMITED,Equity,NSE+BSE,532754,INE776C01039,EQ,Services,Airports & Air Services,Mid,99318.0,,93.16,232.9,-39.18,115.64,84.11,19.4,0.0,,,,,,,,,,13580314.0,14653.7,Y
NSE:INDUSTOWER,Indus Towers Limited,Equity,NSE+BSE,534816,INE121J01017,EQ,Telecommunication,Telecom Services,Mid,99225.0,,376.25,13.9,2.4,481.5,337.8,21.9,14.0,3.72,18.9,51.8,,,,,,,5461592.0,36014.8,Y
NSE:HDFCAMC,HDFC Asset Management Company Limited,Equity,NSE+BSE,541729,INE127D01025,EQ,Financial Services,Asset Management,Mid,99034.0,,2308.1,33.6,10.71,2967.25,2205.6,22.2,54.0,2.34,,2.4,,,,,,,809485.0,26016.2,Y
NSE:VEDL,Vedanta Limited,Equity,NSE+BSE,500295,INE205A01025,EQ,Metals & Mining,Other Industrial Metals & Mining,Mid,98421.0,,252.05,11.1,1.98,795.0,247.25,68.3,34.0,13.49,,48.0,,,,,,,10987294.0,25484.8,Y
NSE:INDIAMART,Indiamart Intermesh Limited,Equity,NSE+BSE,542726,INE933S01016,EQ,Consumer Services,Internet Retail,Mid,97551.0,,1622.0,19.8,4.39,2525.9,1590.1,35.8,30.0,1.85,23.1,1.0,,,,,,,118267.0,976.9,Y
NSE:AUROPHARMA,Aurobindo Pharma Limited,Equity,NSE+BSE,524804,INE406A01037,EQ,Healthcare,Drug Manufacturers - Specialty & Generic,Mid,96479.0,,1676.8,26.2,2.57,1740.0,1066.8,3.6,4.0,0.24,,21.3,,,,,,,888506.0,17995.1,Y
NSE:UNITDSPR,United Spirits Limited,Equity,NSE+BSE,532432,INE854D01024,EQ,Fast Moving Consumer Goods,Beverages - Wineries & Distilleries,Mid,94799.0,,1335.1,56.2,10.59,1563.4,1210.8,14.6,17.0,1.27,,4.6,,,,,,,850588.0,13372.2,Y
NSE:TATACONSUM,TATA CONSUMER PRODUCTS LIMITED,Equity,NSE+BSE,500800,INE192A01025,EQ,Fast Moving Consumer Goods,Packaged Foods,Mid,94713.0,,957.0,57.8,4.35,1282.7,945.0,25.4,10.0,1.04,,12.2,,,,,,,1312105.0,17477.4,Y
NSE:IDBI,IDBI Bank Limited,Equity,NSE+BSE,500116,INE008A01015,EQ,Financial Services,Banks - Regional,Mid,93653.0,,87.1,10.0,1.33,118.38,61.01,26.4,2.1,2.43,13.9,,,,,,,,13071813.0,22672.2,Y
NSE:NYKAA,FSN E-Commerce Ventures Limited,Equity,NSE+BSE,543384,INE388Y01029,EQ,Consumer Services,Internet Retail,Mid,93107.0,,324.95,361.1,64.71,349.55,232.0,7.0,0.0,,,82.8,,,,,,,5507877.0,25417.0,Y
NSE:LUPIN,Lupin Limited,Equity,NSE+BSE,500257,INE326A01037,EQ,Healthcare,Drug Manufacturers - Specialty & Generic,Mid,92885.0,,2031.2,16.8,4.14,2529.5,1900.0,19.7,18.0,0.89,,29.4,,,,,,,870101.0,16666.4,Y
NSE:BHARATFORG,Bharat Forge Limited,Equity,NSE+BSE,500493,INE465A01025,EQ,Automobile and Auto Components,Metal Fabrication,Mid,91626.0,,1875.0,126.6,9.36,2295.0,1179.4,18.3,8.5,0.45,,76.5,,,,,,,997855.0,21575.6,Y
NSE:MAXHEALTH,Max Healthcare Institute Limited,Equity,NSE+BSE,543220,INE027H01010,EQ,Healthcare,Medical Care Facilities,Mid,91584.0,,940.95,63.3,8.52,1221.9,902.05,23.0,2.0,0.21,,32.4,,,,,,,2120567.0,50739.3,Y
NSE:MANIPALHOS,Manipal Health Enterprises Limited,Equity,NSE+BSE,544847,INE459N01021,EQ,Healthcare,Medical Care Facilities,Mid,91031.0,,692.05,144.2,9.69,815.0,625.45,15.1,0.0,,,146.2,,,,,,,2952261.0,6800.1,
NSE:OFSS,Oracle Financial Services Software Limited,Equity,NSE+BSE,532466,INE881D01027,EQ,Information Technology,Software - Infrastructure,Mid,90760.0,,10420.0,26.6,13.1,12540.0,6234.5,16.9,665.0,6.38,49.9,0.6,,,,,,,299261.0,20330.9,Y
NSE:AMBUJACEM,Ambuja Cements Limited,Equity,NSE+BSE,500425,INE079A01024,EQ,Construction Materials,Building Materials,Mid,90013.0,,362.25,20.3,1.51,588.75,356.3,38.5,2.0,0.55,,1.2,,,,,,,2117800.0,14131.7,Y
NSE:JSWENERGY,JSW Energy Limited,Equity,NSE+BSE,533148,INE121E01018,EQ,Power,Utilities - Independent Power Producers,Mid,88870.0,,485.0,38.0,2.77,617.35,427.75,21.4,2.0,0.41,,229.2,,,,,,,2011994.0,8976.2,Y
NSE:ASHOKLEY,Ashok Leyland Limited,Equity,NSE+BSE,500477,INE208A01029,EQ,Capital Goods,Farm & Heavy Construction Machinery,Mid,88390.0,,150.48,25.5,6.21,215.42,134.21,30.1,3.5,2.33,,344.7,,,,,,,15432760.0,31002.3,Y
NSE:GODREJCP,Godrej Consumer Products Limited,Equity,NSE+BSE,532424,INE102D01028,EQ,Fast Moving Consumer Goods,Household & Personal Products,Mid,85971.0,,840.0,44.8,6.8,1273.9,838.0,34.1,20.0,2.38,,34.9,,,,,,,1528281.0,7071.0,Y
NSE:PERSISTENT,Persistent Systems Limited,Equity,NSE+BSE,533179,INE262H01021,EQ,Information Technology,Information Technology Services,Mid,83849.0,,5367.0,43.9,9.97,6599.0,4244.5,18.7,36.0,0.67,25.2,6.9,,,,,,,549957.0,26948.1,Y
NSE:MAZDOCK,Mazagon Dock Shipbuilders Limited,Equity,NSE+BSE,543237,INE249Z01020,EQ,Capital Goods,Aerospace & Defense,Mid,83258.0,,2064.0,31.1,8.53,2929.7,2031.2,29.5,20.83,1.01,,4.5,,,,,,,748213.0,13399.7,Y
NSE:JSWINFRA,JSW Infrastructure Limited,Equity,NSE+BSE,543994,INE880J01026,EQ,Services,Marine Shipping,Mid,82304.0,,355.5,50.2,6.81,375.5,233.42,5.3,0.9,0.25,,59.0,,,,,,,3650477.0,11966.4,Y
NSE:MCX,Multi Commodity Exchange of India Limited,Equity,NSE+BSE,534091,INE745G01043,EQ,Financial Services,Financial Data & Stock Exchanges,Mid,81546.0,,3204.0,52.9,19.38,3481.4,1596.0,8.0,8.0,0.25,,0.1,,,,,,,2342607.0,65105.7,Y
NSE:COFORGE,Coforge Limited,Equity,NSE+BSE,532541,INE591G01025,EQ,Information Technology,Information Technology Services,Mid,80899.0,,1826.0,37.5,6.43,2021.2,1008.1,9.7,16.0,0.88,,7.5,,,,,,,2736583.0,61564.2,Y
NSE:SHREECEM,SHREE CEMENT LIMITED,Equity,NSE+BSE,500387,INE070A01015,EQ,Construction Materials,Building Materials,Mid,79017.0,,21900.0,48.5,3.4,30285.0,21355.0,27.7,140.0,0.64,,8.0,,,,,,,29103.0,12913.3,Y
NSE:FEDERALBNK,The Federal Bank  Limited,Equity,NSE+BSE,500469,INE171A01029,EQ,Financial Services,Banks - Regional,Mid,78604.0,,318.2,17.0,1.96,371.7,191.8,14.4,1.2,0.38,,,,,,,,,5893752.0,35934.6,Y
NSE:ICICIGI,ICICI Lombard General Insurance Company Limited,Equity,NSE+BSE,540716,INE765G01017,EQ,Financial Services,Insurance - Diversified,Mid,78090.0,,1563.0,32.4,4.58,2064.9,1423.1,24.3,14.0,0.9,14.6,,,,,,,,1151244.0,18778.0,Y
NSE:NAUKRI,Info Edge (India) Limited,Equity,NSE+BSE,532777,INE663F01032,EQ,Consumer Services,Internet Content & Information,Mid,77729.0,,1200.0,48.5,2.05,1419.9,908.3,15.5,14.4,1.2,,0.6,,,,,,,2136972.0,26665.6,Y
NSE:DIXON,Dixon Technologies (India) Limited,Equity,NSE+BSE,540699,INE935N01020,EQ,Consumer Durables,Consumer Electronics,Mid,77218.0,,12700.0,41.3,14.15,17505.0,9600.0,27.4,10.0,0.08,,18.5,,,,,,,450358.0,33369.2,Y
NSE:NTPCGREEN,NTPC Green Energy Limited,Equity,NSE+BSE,544289,INE0ONG01011,EQ,Power,Utilities - Renewable,Mid,76882.0,,91.24,126.7,4.12,119.95,84.0,23.9,0.0,,,165.3,,,,,,,4680003.0,1908.5,Y
NSE:RECLTD,REC Limited,Equity,NSE+BSE,532955,INE020B01018,EQ,Financial Services,Credit Services,Mid,75771.0,,287.75,4.7,0.9,388.3,286.2,25.9,6.2,2.15,,607.5,,,,,,,5811014.0,26427.9,Y
NSE:APARINDS,Apar Industries Limited,Equity,NSE+BSE,532259,INE372A01015,EQ,Capital Goods,Electrical Equipment & Parts,Mid,74030.0,,17680.0,60.3,13.17,19265.0,6801.0,8.2,60.0,0.34,,17.7,,,,,,,147462.0,24294.1,Y
NSE:AUBANK,AU Small Finance Bank Limited,Equity,NSE+BSE,540611,INE949L01017,EQ,Financial Services,Banks - Regional,Mid,73967.0,,987.0,26.2,3.69,1144.1,720.7,13.7,1.0,0.1,,,,,,,,,1566350.0,24743.3,Y
NSE:SRF,SRF Limited,Equity,NSE+BSE,503806,INE647A01010,EQ,Chemicals,Conglomerates,Mid,73692.0,,2486.2,34.1,5.25,3210.0,2355.0,22.5,10.0,0.4,,36.2,,,,,,,369771.0,8671.0,Y
NSE:HINDPETRO,Hindustan Petroleum Corporation Limited,Equity,NSE+BSE,500104,INE094A01015,EQ,Oil Gas & Consumable Fuels,Oil & Gas Refining & Marketing,Mid,73410.0,,345.0,43.8,1.12,508.45,316.2,32.1,24.25,7.03,,85.4,,,,,,,5419507.0,20025.0,Y
NSE:OIL,Oil India Limited,Equity,NSE+BSE,533106,INE274J01014,EQ,Oil Gas & Consumable Fuels,Oil & Gas Integrated,Mid,72221.0,,444.0,8.6,1.25,531.0,395.6,16.4,13.0,2.93,,58.7,,,,,,,2856842.0,9981.5,Y
NSE:SAIL,Steel Authority of India Limited,Equity,NSE+BSE,500113,INE114A01011,EQ,Metals & Mining,Steel,Mid,72078.0,,174.5,16.9,1.2,209.7,124.0,16.8,2.35,1.35,,52.9,,,,,,,18531123.0,45942.2,Y
NSE:NHPC,NHPC Limited,Equity,NSE+BSE,533098,INE848E01016,EQ,Power,Utilities - Renewable,Mid,72073.0,,71.75,26.3,1.74,88.12,70.25,18.6,1.61,2.24,,113.1,,,,,,,11000319.0,7802.0,Y
NSE:IDFCFIRSTB,IDFC First Bank Limited,Equity,NSE+BSE,539437,INE092T01019,EQ,Financial Services,Banks - Regional,Mid,69319.0,,80.39,31.0,1.42,89.61,58.08,10.3,0.25,0.31,5.3,,,,,,,,20142203.0,19697.3,Y
NSE:BAJAJHFL,Bajaj Housing Finance Limited,Equity,NSE+BSE,544252,INE377Y01014,EQ,Financial Services,Mortgage Finance,Mid,69269.0,,83.17,25.7,3.08,113.45,72.65,26.7,0.0,,12.7,460.7,,,,,,,3601875.0,4593.5,Y
NSE:INDUSINDBK,IndusInd Bank Limited,Equity,NSE+BSE,532187,INE095A01012,EQ,Financial Services,Banks - Regional,Mid,69098.0,,886.85,52.3,1.05,1077.85,726.3,17.7,1.5,0.17,,,,,,,,,1978582.0,15667.3,Y
NSE:PHOENIXLTD,The Phoenix Mills Limited,Equity,NSE+BSE,503100,INE211B01039,EQ,Realty,Real Estate - Diversified,Mid,69032.0,,1930.0,54.0,6.28,2169.8,1465.6,11.1,2.5,0.13,,37.2,,,,,,,572031.0,10788.2,Y
NSE:BHARTIHEXA,Bharti Hexacom Limited,Equity,NSE+BSE,544162,INE343G01021,EQ,Telecommunication,Telecom Services,Mid,68940.0,,1378.8,37.7,9.62,1955.6,1365.6,29.5,18.0,1.31,,85.7,,,,,,,158380.0,1610.9,Y
NSE:WELCORP,Welspun Corp Limited,Equity,NSE+BSE,532144,INE191B01025,EQ,Capital Goods,Steel,Mid,68038.0,,2580.1,29.5,7.43,2900.0,710.0,11.0,5.0,0.19,,25.0,,,,,,,2058712.0,60315.8,Y
NSE:WAAREEENER,Waaree Energies Limited,Equity,NSE+BSE,544277,INE377N01017,EQ,Capital Goods,Solar,Mid,67310.0,,2340.0,17.7,4.66,3718.8,2301.1,37.1,4.0,0.17,,21.4,,,,,,,664159.0,19702.6,Y
NSE:NAM-INDIA,Nippon Life India Asset Management Limited,Equity,NSE+BSE,540767,INE298J01013,EQ,Financial Services,Asset Management,Mid,66948.0,,1046.0,41.5,14.33,1269.5,795.8,17.6,21.5,2.06,,1.6,,,,,,,1068011.0,8035.7,Y
NSE:DABUR,Dabur India Limited,Equity,NSE+BSE,500096,INE016A01026,EQ,Fast Moving Consumer Goods,Household & Personal Products,Mid,66390.0,,374.25,33.7,5.81,534.0,368.05,29.9,8.25,2.2,,10.9,,,,,,,2067792.0,9313.7,Y
NSE:LTF,L&T Finance Limited,Equity,NSE+BSE,533519,INE498L01015,EQ,Financial Services,Credit Services,Mid,66257.0,,264.35,20.9,2.36,338.6,234.9,21.9,2.75,1.04,,393.4,,,,,,,5879206.0,18943.8,Y
NSE:GLENMARK,Glenmark Pharmaceuticals Limited,Equity,NSE+BSE,532296,INE935A01035,EQ,Healthcare,Drug Manufacturers - Specialty & Generic,Mid,65787.0,,2331.0,36.6,6.26,2537.6,1792.6,8.1,7.5,0.32,,5.6,,,,,,,555660.0,22609.6,Y
NSE:NMDC,NMDC Limited,Equity,NSE+BSE,526371,INE584A01023,EQ,Metals & Mining,Steel,Mid,65622.0,,74.64,8.9,1.92,97.49,72.24,23.4,2.0,2.68,,18.8,,,,,,,16073055.0,12856.0,Y
NSE:HAVELLS,Havells India Limited,Equity,NSE+BSE,517354,INE176B01034,EQ,Consumer Durables,Electrical Equipment & Parts,Mid,65266.0,,1040.0,40.0,6.9,1520.0,1015.1,31.6,12.0,1.15,,2.8,,,,,,,1060064.0,21017.1,Y
NSE:YESBANK,Yes Bank Limited,Equity,NSE+BSE,532648,INE528G01035,EQ,Financial Services,Banks - Regional,Mid,65132.0,,20.75,17.3,1.25,25.78,17.2,19.5,0.0,,7.5,,,,,,,,65500890.0,16770.7,Y
NSE:ICICIPRULI,ICICI Prudential Life Insurance Company Limited,Equity,NSE+BSE,540133,INE726G01019,EQ,Financial Services,Insurance - Life,Mid,65002.0,,448.05,38.5,4.76,706.8,441.8,36.6,1.65,0.37,12.6,18.1,,,,,,,1718861.0,5653.0,Y
NSE:UNOMINDA,UNO Minda Limited,Equity,NSE+BSE,532539,INE405E01023,EQ,Automobile and Auto Components,Auto Parts,Mid,64157.0,,1111.0,53.5,9.39,1382.0,994.0,19.6,2.65,0.24,,37.7,,,,,,,760272.0,8859.3,Y
NSE:ATGL,Adani Total Gas Limited,Equity,NSE+BSE,542066,INE399L01023,EQ,Oil Gas & Consumable Fuels,Utilities - Regulated Gas,Mid,64119.0,,583.0,101.0,13.18,859.85,462.8,32.2,0.25,0.04,,58.6,,,,,,,1706275.0,4731.8,Y
NSE:PRESTIGE,Prestige Estates Projects Limited,Equity,NSE+BSE,533274,INE811K01011,EQ,Realty,Real Estate - Diversified,Mid,64011.0,,1486.1,56.2,3.93,1805.2,1090.0,17.7,2.0,0.13,7.8,105.5,,,,,,,631137.0,20410.9,Y
NSE:RBLBANK,RBL Bank Limited,Equity,NSE+BSE,540065,INE976G01028,EQ,Financial Services,Banks - Regional,Mid,63835.0,,411.4,34.0,1.52,429.6,272.1,4.2,1.0,0.24,,,,,,,,,4552265.0,22207.9,Y
NSE:OBEROIRLTY,Oberoi Realty Limited,Equity,NSE+BSE,533273,INE093I01010,EQ,Realty,Real Estate - Development,Mid,63798.0,,1754.6,24.3,3.56,1986.1,1391.2,11.7,8.0,0.46,,15.8,,,,,,,496658.0,4952.3,Y
NSE:TORNTPOWER,Torrent Power Limited,Equity,NSE+BSE,532779,INE813H01021,EQ,Power,Utilities - Independent Power Producers,Mid,62887.0,,1248.0,27.1,3.3,1824.1,1188.0,31.6,20.0,1.61,,70.9,,,,,,,348622.0,1919.4,Y
NSE:ALKEM,Alkem Laboratories Limited,Equity,NSE+BSE,539523,INE540L01014,EQ,Healthcare,Drug Manufacturers - Specialty & Generic,Mid,62413.0,,5220.0,28.9,4.52,5933.5,5051.0,12.0,20.0,0.38,,14.3,,,,,,,140392.0,15069.2,Y
NSE:INDOMIM,INDO-MIM Limited,Equity,NSE+BSE,544837,INE084101034,EQ,Capital Goods,Metal Fabrication,Mid,62403.0,,1262.0,103.4,21.67,1349.0,700.0,6.4,0.0,,,48.5,,,,,,,5098998.0,11254.2,
NSE:SWIGGY,Swiggy Limited,Equity,NSE+BSE,544285,INE00H001014,EQ,Consumer Services,Internet Retail,Mid,62356.0,,238.0,,3.39,459.95,235.5,48.3,0.0,,,13.9,,,,,,,22186353.0,33179.3,Y
NSE:MAHABANK,Bank of Maharashtra,Equity,NSE+BSE,532525,INE457A01014,EQ,Financial Services,Banks - Regional,Mid,61917.0,,80.5,8.2,1.73,94.5,54.66,14.8,2.2,2.73,23.0,,,,,,,,15392233.0,7700.9,Y
NSE:ASTERDM,Aster DM Quality Care Limited,Equity,NSE+BSE,540975,INE914M01019,EQ,Healthcare,Medical Care Facilities,Mid,61714.0,,708.0,114.7,7.97,891.3,519.1,20.6,4.0,0.56,,45.9,,,,,,,2425985.0,10789.9,Y
NSE:NATIONALUM,National Aluminium Company Limited,Equity,NSE+BSE,532234,INE139A01034,EQ,Metals & Mining,Aluminum,Mid,61509.0,,334.9,9.1,2.85,445.15,214.5,24.8,4.0,1.19,,0.3,,,,,,,6700874.0,15624.5,Y
NSE:BIOCON,Biocon Limited,Equity,NSE+BSE,532523,INE376G01013,EQ,Healthcare,Biotechnology,Mid,60712.0,,370.7,107.4,1.76,447.15,337.7,17.1,0.5,0.13,,42.1,,,,,,,4351311.0,9331.2,Y
NSE:SCHAEFFLER,Schaeffler India Limited,Equity,NSE+BSE,505790,INE513A01022,EQ,Automobile and Auto Components,Auto Parts,Mid,60349.0,,3861.0,48.2,9.84,4467.7,3518.4,13.6,35.0,0.9,21.6,0.8,,,,,,,60878.0,1666.7,Y
NSE:JSL,Jindal Stainless Limited,Equity,NSE+BSE,532508,INE220G01021,EQ,Metals & Mining,Steel,Mid,60330.0,,732.2,18.6,13.4,884.0,652.25,17.2,4.0,0.55,,37.5,,,,,,,731841.0,5615.1,Y
NSE:MOTILALOFS,Motilal Oswal Financial Services Limited,Equity,NSE+BSE,532892,INE338I01027,EQ,Financial Services,Capital Markets,Mid,59689.0,,989.9,30.7,4.62,1097.1,614.9,9.8,11.0,1.11,,165.8,,,,,,,1157364.0,15830.5,Y
NSE:FORTIS,Fortis Healthcare Limited,Equity,NSE+BSE,532843,INE061F01013,EQ,Healthcare,Medical Care Facilities,Mid,59264.0,,785.0,56.5,5.99,1104.3,745.35,28.9,1.0,0.13,,34.2,,,,,,,1443044.0,53338.6,Y
NSE:BANKINDIA,Bank of India,Equity,NSE+BSE,532149,INE084A01016,EQ,Financial Services,Banks - Regional,Mid,58948.0,,129.48,4.8,0.65,178.36,122.2,27.4,4.65,3.59,13.7,,,,,,,,7064960.0,5540.8,Y
NSE:IOB,Indian Overseas Bank,Equity,NSE+BSE,532388,INE565A01014,EQ,Financial Services,Banks - Regional,Mid,58887.0,,30.58,10.3,1.51,41.8,30.07,26.8,0.0,,16.5,,,,,,,,3167483.0,844.8,Y
NSE:APLAPOLLO,APL Apollo Tubes Limited,Equity,NSE+BSE,533758,INE702C01027,EQ,Capital Goods,Steel,Mid,58744.0,,2115.7,47.9,11.09,2301.4,1690.0,8.1,8.5,0.4,,9.4,,,,,,,638813.0,34388.9,Y
NSE:ABBOTINDIA,Abbott India Limited,Equity,NSE+BSE,500488,INE358A01014,EQ,Healthcare,Drug Manufacturers - Specialty & Generic,Mid,57054.0,,26850.0,35.3,11.95,30655.0,25135.0,12.4,525.0,1.96,,3.6,,,,,,,10034.0,1847.1,Y
NSE:GICRE,General Insurance Corporation of India,Equity,NSE+BSE,540755,INE481Y01014,EQ,Financial Services,Insurance - Reinsurance,Mid,56834.0,,323.95,6.4,0.58,417.95,316.8,22.5,13.25,4.09,9.1,,,,,,,,743578.0,2324.6,Y
NSE:RADICO,Radico Khaitan Limited,Equity,NSE+BSE,532497,INE944F01028,EQ,Fast Moving Consumer Goods,Beverages - Wineries & Distilleries,Mid,56771.0,,4237.0,80.9,17.11,4747.0,2500.0,10.7,9.0,0.21,,15.0,,,,,,,350046.0,18301.7,Y
NSE:ATHERENERG,Ather Energy Limited,Equity,NSE+BSE,544397,INE0LEZ01016,EQ,Automobile and Auto Components,Auto Manufacturers,Mid,55783.0,,1406.1,,20.92,1744.0,582.0,19.4,0.0,,,25.8,,,,,,,4833371.0,58778.8,Y
NSE:KALYANKJIL,Kalyan Jewellers India Limited,Equity,NSE+BSE,543278,INE303R01014,EQ,Consumer Durables,Luxury Goods,Mid,54581.0,,528.5,38.2,8.64,648.95,327.05,18.6,2.5,0.47,,97.0,,,,,,,22174036.0,41961.8,Y
NSE:SBICARD,SBI Cards and Payment Services Limited,Equity,NSE+BSE,543066,INE018E01016,EQ,Financial Services,Credit Services,Mid,53597.0,,563.2,23.5,3.41,965.0,560.15,41.6,2.5,0.44,,280.2,,,,,,,2114665.0,5470.2,Y
NSE:SUZLON,Suzlon Energy Limited,Equity,NSE+BSE,532667,INE040H01021,EQ,Capital Goods,Specialty Industrial Machinery,Mid,53487.0,,38.91,17.0,5.47,61.5,38.19,36.7,0.0,,39.4,2.8,,,,,,,55874800.0,20774.7,Y
NSE:LINDEINDIA,Linde India Limited,Equity,NSE+BSE,523457,INE473A01011,EQ,Chemicals,Specialty Chemicals,Mid,52893.0,,6202.0,96.4,12.4,8049.0,5673.0,22.9,4.0,0.06,,1.8,,,,,,,23685.0,2695.1,Y
NSE:BERGEPAINT,Berger Paints (I) Limited,Equity,NSE+BSE,509480,INE463A01038,EQ,Consumer Durables,Specialty Chemicals,Mid,52750.0,,452.4,43.3,7.63,594.55,391.1,23.9,4.0,0.88,,9.2,,,,,,,389994.0,1748.6,Y
NSE:MRF,MRF Limited,Equity,NSE+BSE,500290,INE883A01011,EQ,Automobile and Auto Components,Auto Parts,Mid,52389.0,,123525.0,21.7,2.5,163600.0,122000.0,24.5,464.0,0.38,,15.3,,,,,,,4601.0,4259.2,Y
NSE:COROMANDEL,Coromandel International Limited,Equity,NSE+BSE,506395,INE169A01031,EQ,Chemicals,Agricultural Inputs,Mid,51839.0,,1760.0,28.4,4.13,2499.0,1701.0,29.6,11.0,0.62,,11.5,,,,,,,150333.0,4152.8,Y
NSE:HDBFS,HDB Financial Services Limited,Equity,NSE+BSE,544429,INE756I01012,EQ,Financial Services,Credit Services,Mid,51360.0,,619.95,18.5,2.49,796.7,555.3,22.2,4.0,0.65,,484.3,,,,,,,587454.0,2699.4,Y
NSE:SONACOMS,Sona BLW Precision Forgings Limited,Equity,NSE+BSE,543300,INE073K01018,EQ,Automobile and Auto Components,Auto Parts,Mid,50242.0,,805.0,71.9,8.37,844.0,404.35,4.6,3.6,0.45,,7.2,,,,,,,2467957.0,28017.4,Y
NSE:IPCALAB,IPCA Laboratories Limited,Equity,NSE+BSE,524494,INE571A01038,EQ,Healthcare,Drug Manufacturers - Specialty & Generic,Mid,49345.0,,1945.0,37.6,6.12,2038.0,1251.6,4.6,6.0,0.31,,8.5,,,,,,,393628.0,6291.1,Y
NSE:AEGISLOG,Aegis Logistics Limited,Equity,NSE+BSE,500003,INE208C01025,EQ,Oil Gas & Consumable Fuels,Oil & Gas Refining & Marketing,Mid,49196.0,,1401.6,39.4,8.12,1528.7,576.1,8.3,13.4,0.96,,47.2,,,,,,,1360244.0,14745.7,Y
NSE:STLTECH,Sterlite Technologies Limited,Equity,NSE+BSE,532374,INE089C01029,BE,Telecommunication,Communication Equipment,Mid,49110.0,,955.35,208.1,20.56,955.35,84.6,0.0,0.0,,,85.6,,,,,,,2106090.0,52814.8,Y
NSE:SUNDARMFIN,Sundaram Finance Limited,Equity,NSE+BSE,590071,INE660A01013,EQ,Financial Services,Credit Services,Mid,48465.0,,4397.2,21.8,3.28,5642.0,4000.0,22.1,40.0,0.91,,409.2,,,,,,,56061.0,1704.0,Y
NSE:ANTHEM,Anthem Biosciences Limited,Equity,NSE+BSE,544449,INE0CZ201020,EQ,Healthcare,Biotechnology,Mid,48223.0,,858.5,85.0,15.85,977.55,579.15,12.2,2.0,0.23,,1.8,,,,,,,834788.0,5473.5,Y
NSE:GODREJPROP,Godrej Properties Limited,Equity,NSE+BSE,533150,INE484J01027,EQ,Realty,Real Estate - Development,Mid,48070.0,,1595.8,30.0,2.51,2352.0,1434.0,32.2,10.0,0.63,,82.1,,,,,,,705919.0,7919.2,Y
NSE:TATACOMM,Tata Communications Limited,Equity,NSE+BSE,500483,INE151A01013,EQ,Telecommunication,Telecom Services,Mid,48060.0,,1685.8,50.8,13.94,2110.0,1322.5,20.1,17.5,1.04,,335.9,,,,,,,272250.0,2328.9,Y
NSE:PIRAMALFIN,Piramal Finance Limited,Equity,NSE+BSE,544597,INE202B01038,EQ,Financial Services,Credit Services,Mid,47860.0,,2026.7,27.1,1.59,2326.4,1260.0,12.9,11.0,0.54,6.0,286.8,,,,,,,366579.0,6129.4,Y
NSE:FLUOROCHEM,Gujarat Fluorochemicals Limited,Equity,NSE+BSE,542812,INE09N301011,EQ,Chemicals,Specialty Chemicals,Mid,47819.0,,4353.1,77.7,6.25,4958.9,2916.6,12.2,3.0,0.07,,28.9,,,,,,,184111.0,6724.7,Y
NSE:MFSL,Max Financial Services Limited,Equity,NSE+BSE,500271,INE180A01020,EQ,Financial Services,Insurance - Life,Mid,47787.0,,1392.0,435.0,9.05,1892.5,1344.3,26.4,0.0,,,36.5,,,,,,,927148.0,15992.4,Y
NSE:FACT,Fertilizers and Chemicals Travancore Limited,Equity,NSE+BSE,590024,INE188A01015,EQ,Chemicals,Agricultural Inputs,Mid,47764.0,,738.15,,34.55,1058.6,652.1,30.3,0.39,0.05,,295.1,,,,,,,716918.0,709.1,Y
NSE:GLAND,Gland Pharma Limited,Equity,NSE+BSE,543245,INE068V01023,EQ,Healthcare,Drug Manufacturers - Specialty & Generic,Mid,47292.0,,2866.0,41.9,4.56,3042.0,1573.6,5.8,20.0,0.7,,2.7,,,,,,,650962.0,9420.7,Y
NSE:COLPAL,Colgate Palmolive (India) Limited,Equity,NSE+BSE,500830,INE259A01022,EQ,Fast Moving Consumer Goods,Household & Personal Products,Mid,47190.0,,1735.0,35.0,29.79,2329.9,1716.1,25.5,48.0,2.77,,3.0,,,,,,,382659.0,7189.3,Y
NSE:GLAXO,GlaxoSmithKline Pharmaceuticals Limited,Equity,NSE+BSE,500660,INE159A01016,EQ,Healthcare,Drug Manufacturers - General,Mid,46756.0,,2760.0,43.7,20.62,3120.7,2088.1,11.6,57.0,2.06,,1.5,,,,,,,110842.0,2029.2,Y
NSE:VMM,Vishal Mega Mart Limited,Equity,NSE+BSE,544307,INE01EA01019,EQ,Consumer Services,Department Stores,Mid,46614.0,,99.5,52.4,6.26,152.18,98.0,34.6,0.0,,,26.8,,,,,,,12564624.0,11731.4,Y
NSE:CPPLUS,Aditya Infotech Limited,Equity,NSE+BSE,544466,INE819V01029,EQ,Capital Goods,Building Products & Equipment,Mid,46598.0,,3800.0,93.5,23.85,4094.0,1304.0,7.2,1.64,0.04,,9.6,,,,,,,239054.0,4526.5,Y
NSE:AIIL,Authum Investment & Infrastructure Limited,Equity,NSE+BSE,539177,INE206F01022,EQ,Financial Services,Capital Markets,Mid,45773.0,,539.0,28.1,3.11,683.0,400.0,21.1,0.2,0.04,,24.6,,,,,,,501348.0,1202.3,Y
NSE:TIINDIA,Tube Investments of India Limited,Equity,NSE+BSE,540762,INE974X01010,EQ,Automobile and Auto Components,Conglomerates,Mid,45296.0,,2340.0,74.6,5.84,3335.2,2164.9,29.8,3.5,0.15,,5.4,,,,,,,310357.0,11049.3,Y
NSE:POLICYBZR,PB Fintech Limited,Equity,NSE+BSE,543390,INE417T01026,EQ,Financial Services,Insurance Brokers,Mid,45286.0,,980.0,60.6,6.19,1964.2,963.9,50.1,0.0,,,4.9,,,,,,,3291236.0,140328.5,Y
NSE:HINDCOPPER,Hindustan Copper Limited,Equity,NSE+BSE,513599,INE531E01026,EQ,Metals & Mining,Copper,Mid,44870.0,,464.0,39.5,13.44,760.05,308.5,39.0,4.32,0.93,,3.3,,,,,,,9605367.0,31375.7,Y
NSE:AJANTPHARM,Ajanta Pharma Limited,Equity,NSE+BSE,532331,INE031B01049,EQ,Healthcare,Drug Manufacturers - Specialty & Generic,Mid,44810.0,,3586.0,39.4,9.9,3796.0,2380.2,5.5,64.0,1.79,,5.9,,,,,,,95708.0,2684.8,Y
NSE:M&MFIN,Mahindra & Mahindra Financial Services Limited,Equity,NSE+BSE,532720,INE774D01024,EQ,Financial Services,Credit Services,Mid,44468.0,,320.0,13.6,1.67,415.0,269.5,22.9,7.5,2.35,,429.9,,,,,,,3846468.0,9875.6,Y
NSE:UPL,UPL Limited,Equity,NSE+BSE,512070,INE628A01036,EQ,Chemicals,Agricultural Inputs,Mid,43684.0,,516.8,21.2,1.26,812.2,511.2,36.4,6.0,1.16,,57.1,,,,,,,2157492.0,12867.8,Y
NSE:KEI,KEI Industries Limited,Equity,NSE+BSE,517569,INE878B01027,EQ,Capital Goods,Electrical Equipment & Parts,Mid,43039.0,,4502.0,43.3,6.46,5899.0,3728.7,23.7,4.5,0.1,,3.8,,,,,,,481549.0,14436.3,Y
NSE:SUPREMEIND,Supreme Industries Limited,Equity,NSE+BSE,509930,INE195A01028,EQ,Capital Goods,Building Products & Equipment,Mid,42954.0,,3380.0,41.7,6.96,4293.9,3140.0,21.3,36.0,1.07,,1.5,,,,,,,186307.0,5625.7,Y
NSE:MPHASIS,MphasiS Limited,Equity,NSE+BSE,526299,INE356A01018,EQ,Information Technology,Information Technology Services,Mid,42938.0,,2250.2,22.5,3.79,2975.0,2013.0,24.4,62.0,2.76,17.7,24.7,,,,,,,536272.0,26298.7,Y
NSE:PETRONET,Petronet LNG Limited,Equity,NSE+BSE,532522,INE347G01014,EQ,Oil Gas & Consumable Fuels,Oil & Gas Refining & Marketing,Mid,42825.0,,285.5,10.2,1.92,326.4,235.35,12.5,10.0,3.5,,10.5,,,,,,,1876097.0,4789.5,Y
NSE:360ONE,360 ONE WAM LIMITED,Equity,NSE+BSE,542772,INE466L01038,EQ,Financial Services,Asset Management,Mid,42423.0,,1040.0,34.6,4.29,1236.2,906.05,15.9,18.0,1.73,,162.0,,,,,,,1123016.0,12489.3,Y
NSE:CUPID,Cupid Limited,Equity,NSE+BSE,530843,INE509F01029,EQ,Fast Moving Consumer Goods,Household & Personal Products,Mid,41927.0,,311.8,311.8,92.88,314.3,41.82,0.8,0.0,,,12.5,,,,,,,33505442.0,79684.7,Y
NSE:NAVINFLUOR,Navin Fluorine International Limited,Equity,NSE+BSE,532504,INE048G01026,EQ,Chemicals,Chemicals,Mid,41755.0,,8138.0,52.6,10.49,8949.5,4514.5,9.1,15.1,0.19,,32.1,,,,,,,197421.0,7734.8,Y
NSE:RVNL,Rail Vikas Nigam Limited,Equity,NSE+BSE,542649,INE415G01027,EQ,Construction,Engineering & Construction,Mid,41075.0,,197.0,45.7,4.18,400.7,194.05,50.8,3.43,1.74,,49.1,,,,,,,4619674.0,12364.0,Y
NSE:PAGEIND,Page Industries Limited,Equity,NSE+BSE,532827,INE761H01022,EQ,Textiles,Apparel Manufacturing,Mid,40890.0,,36660.0,54.1,27.21,43855.0,29805.0,16.4,800.0,2.18,,18.4,,,,,,,29459.0,14869.4,Y
NSE:BALKRISIND,Balkrishna Industries Limited,Equity,NSE+BSE,502355,INE787D01026,EQ,Automobile and Auto Components,Auto Parts,Mid,40113.0,,2075.0,28.5,3.66,2775.0,1970.0,25.2,16.0,0.77,,37.5,,,,,,,493869.0,6785.1,Y
NSE:BDL,Bharat Dynamics Limited,Equity,NSE+BSE,541143,INE171Z01026,EQ,Capital Goods,Aerospace & Defense,Mid,39878.0,,1087.9,76.3,9.4,1633.4,1071.2,33.4,4.9,0.45,,0.0,,,,,,,1310435.0,10127.4,Y
NSE:PREMIERENE,Premier Energies Limited,Equity,NSE+BSE,544238,INE0BS701011,EQ,Capital Goods,Solar,Mid,39639.0,,878.05,23.6,9.18,1134.0,660.0,22.6,1.5,0.17,,86.0,,,,,,,1213278.0,11028.3,Y
NSE:PATANJALI,Patanjali Foods Limited,Equity,NSE+BSE,500368,INE619A01035,EQ,Fast Moving Consumer Goods,Packaged Foods,Mid,38636.0,,355.15,19.6,2.95,614.05,328.2,42.2,4.05,1.14,,21.3,,,,,,,5735809.0,15437.7,Y
NSE:JKCEMENT,JK Cement Limited,Equity,NSE+BSE,532644,INE823G01014,EQ,Construction Materials,Building Materials,Mid,38286.0,,4955.0,40.5,5.44,6764.5,4671.5,26.7,20.0,0.4,,87.5,,,,,,,57451.0,16602.5,Y
NSE:POONAWALLA,Poonawalla Fincorp Limited,Equity,NSE+BSE,524000,INE511C01022,EQ,Financial Services,Credit Services,Mid,37970.0,,433.5,45.5,3.38,570.4,361.2,24.0,0.0,,,468.1,,,,,,,1339498.0,3328.0,Y
NSE:THERMAX,Thermax Limited,Equity,NSE+BSE,500411,INE152A01029,EQ,Capital Goods,Conglomerates,Mid,37772.0,,3353.1,63.6,6.81,5277.8,2742.7,36.5,14.0,0.42,,42.2,,,,,,,237178.0,9691.0,Y
NSE:EMCURE,Emcure Pharmaceuticals Limited,Equity,NSE+BSE,544210,INE168P01015,EQ,Healthcare,Drug Manufacturers - Specialty & Generic,Mid,36690.0,,1934.0,36.3,7.41,2100.7,1306.5,7.9,3.6,0.19,,30.6,,,,,,,163332.0,1354.6,Y
NSE:KPRMILL,K.P.R. Mill Limited,Equity,NSE+BSE,532889,INE930H01031,EQ,Textiles,Textile Manufacturing,Mid,36578.0,,1067.9,40.0,6.41,1334.0,796.1,19.9,5.0,0.47,,10.5,,,,,,,263051.0,1124.9,Y
NSE:ENDURANCE,Endurance Technologies Limited,Equity,NSE+BSE,540153,INE913H01037,EQ,Automobile and Auto Components,Auto Parts,Mid,36522.0,,2596.4,37.7,5.34,3072.0,2142.8,15.5,11.5,0.44,,19.4,,,,,,,127147.0,3229.3,Y
NSE:HFCL,HFCL Limited,Equity,NSE+BSE,500183,INE548A01028,BE,Telecommunication,Communication Equipment,Mid,36477.0,,238.37,62.1,7.19,256.7,59.82,7.1,0.2,0.08,,38.3,,,,,,,17784852.0,54656.7,Y
NSE:MEDANTA,Global Health Limited,Equity,NSE+BSE,543654,INE474Q01031,EQ,Healthcare,Medical Care Facilities,Mid,36466.0,,1357.0,65.8,9.2,1544.0,956.0,12.1,0.5,0.04,,29.9,,,,,,,256316.0,4927.5,Y
NSE:IRCTC,Indian Railway Catering And Tourism Corporation Limited,Equity,NSE+BSE,542830,INE335Y01020,EQ,Consumer Services,Travel Services,Mid,36320.0,,454.0,26.0,8.43,735.75,446.5,38.3,9.0,1.98,,1.9,,,,,,,826813.0,6972.2,Y
NSE:ASTRAL,Astral Limited,Equity,NSE+BSE,532830,INE006I01046,EQ,Capital Goods,Building Products & Equipment,Mid,36107.0,,1344.0,62.9,8.9,1768.7,1311.6,24.0,4.0,0.3,,6.2,,,,,,,888733.0,4007.4,Y
NSE:AIAENG,AIA Engineering Limited,Equity,NSE+BSE,532683,INE212H01026,EQ,Capital Goods,Specialty Industrial Machinery,Mid,35594.0,,3814.2,28.1,4.43,5180.0,3150.6,26.4,16.0,0.42,,0.1,,,,,,,60558.0,1181.3,Y
NSE:NH,Narayana Hrudayalaya Ltd.,Equity,NSE+BSE,539551,INE410P01011,EQ,Healthcare,Medical Care Facilities,Mid,35421.0,,1744.0,43.2,7.81,2093.3,1589.0,16.7,4.5,0.26,,129.0,,,,,,,281203.0,4495.0,Y
NSE:ANANDRATHI,Anand Rathi Wealth Limited,Equity,NSE+BSE,543415,INE463V01026,EQ,Financial Services,Asset Management,Mid,35159.0,,2117.5,76.9,35.22,2268.4,1353.85,6.7,7.0,0.33,,8.2,,,,,,,300443.0,5998.4,Y
NSE:EMBASSY,EMBASSY OFFICE PARKS REIT,REIT,NSE,,INE041025011,EQ,Realty,,Mid,35064.0,,369.92,92.7,1.69,462.0,410.15,19.9,25.79,,,,,7.3,66.4,,18.3,-11.7,,4992.5,Y
NSE:NLCINDIA,NLC India Limited,Equity,NSE+BSE,513683,INE589A01014,EQ,Power,Utilities - Regulated Electric,Mid,35061.0,,252.85,10.6,1.63,387.8,230.0,34.8,3.85,1.52,,110.4,,,,,,,1886655.0,4069.0,Y
NSE:PWL,Physicswallah Limited,Equity,NSE+BSE,544609,INE0LP301011,EQ,Consumer Services,Education & Training Services,Mid,34965.0,,120.53,1721.9,7.68,161.99,77.72,25.6,0.0,,,23.0,,,,,,,13721018.0,7139.7,Y
NSE:VOLTAS,Voltas Limited,Equity,NSE+BSE,500575,INE226A01021,EQ,Consumer Durables,"Furnishings, Fixtures & Appliances",Small,34849.0,,1053.2,77.5,5.47,1582.5,1040.6,33.4,4.0,0.38,,15.5,,,,,,,814580.0,6739.4,Y
NSE:3MINDIA,3M India Limited,Equity,NSE+BSE,523395,INE470A01017,EQ,Capital Goods,Conglomerates,Small,34809.0,,30900.0,60.4,19.69,38030.0,28730.0,18.7,160.0,0.52,,9.6,,,,,,,4462.0,1885.0,
NSE:EXIDEIND,Exide Industries Limited,Equity,NSE+BSE,500086,INE302A01020,EQ,Automobile and Auto Components,Auto Parts,Small,34799.0,,409.4,37.3,2.5,496.4,287.0,17.5,2.0,0.49,,11.3,,,,,,,3954905.0,9731.8,Y
NSE:LTTS,L&T Technology Services Limited,Equity,NSE+BSE,540115,INE010V01017,EQ,Information Technology,Information Technology Services,Small,34786.0,,3279.0,27.2,5.37,4726.0,3010.0,30.6,58.0,1.77,,8.9,,,,,,,138418.0,2586.1,Y
NSE:GODREJIND,Godrej Industries Limited,Equity,NSE+BSE,500164,INE233A01035,EQ,Diversified,Conglomerates,Small,34423.0,,1021.9,29.3,3.08,1443.0,744.2,29.2,0.0,,,222.4,,,,,,,175916.0,1065.1,Y
NSE:PIIND,PI Industries Limited,Equity,NSE+BSE,523642,INE603J01030,EQ,Chemicals,Agricultural Inputs,Small,33921.0,,2236.0,29.2,3.02,3832.9,2191.0,41.7,15.0,0.67,,3.0,,,,,,,255562.0,2822.2,Y
NSE:COCHINSHIP,Cochin Shipyard Limited,Equity,NSE+BSE,540678,INE704P01025,EQ,Capital Goods,Aerospace & Defense,Small,33858.0,,1287.0,49.7,5.77,1890.0,1187.0,31.9,11.25,0.87,,28.5,,,,,,,1220230.0,9367.8,Y
NSE:WOCKPHARMA,Wockhardt Limited,Equity,NSE+BSE,532300,INE049B01025,EQ,Healthcare,Drug Manufacturers - Specialty & Generic,Small,33753.0,,2077.2,82.4,6.82,2422.3,1086.7,14.2,0.0,,,42.3,,,,,,,894209.0,16306.5,Y
NSE:CONCOR,Container Corporation of India Limited,Equity,NSE+BSE,531344,INE111A01025,EQ,Services,Railroads,Small,33664.0,,442.0,27.1,2.6,557.0,421.45,20.6,8.6,1.95,,7.4,,,,,,,1897800.0,3895.0,Y
NSE:HSCL,Himadri Speciality Chemical Limited,Equity,NSE+BSE,500184,INE019C01026,EQ,Chemicals,Specialty Chemicals,Small,33357.0,,661.1,41.6,7.09,819.5,418.5,19.3,0.8,0.12,,16.2,,,,,,,6962124.0,9542.7,Y
NSE:LALPATHLAB,Dr. Lal Path Labs Ltd.,Equity,NSE+BSE,539524,INE600L01024,EQ,Healthcare,Diagnostics & Research,Small,33312.0,,1995.0,61.4,13.28,2038.6,1272.6,2.1,20.0,1.0,,7.8,,,,,,,364580.0,10852.2,Y
NSE:SYRMA,Syrma SGS Technology Limited,Equity,NSE+BSE,543573,INE0DYJ01015,EQ,Capital Goods,Electronic Components,Small,33131.0,,1720.0,89.4,11.5,1822.6,634.5,5.6,1.5,0.09,,13.0,,,,,,,1813818.0,33001.1,Y
NSE:ITCHOTELS,ITC Hotels Limited,Equity,NSE+BSE,544325,INE379A01028,EQ,Consumer Services,Resorts & Casinos,Small,33069.0,,158.75,38.3,2.84,226.63,137.3,30.0,1.0,0.63,,0.6,,,,,,,2255564.0,3740.7,Y
NSE:SAILIFE,Sai Life Sciences Limited,Equity,NSE+BSE,544306,INE570L01029,EQ,Healthcare,Diagnostics & Research,Small,32925.0,,1550.0,91.4,13.19,1697.0,783.85,8.7,0.0,,,11.6,,,,,,,603342.0,8940.8,Y
NSE:PTCIL,PTC Industries Limited,Equity,NSE+BSE,539006,INE596F01018,EQ,Capital Goods,Metal Fabrication,Small,32856.0,,21915.0,261.8,21.8,24125.0,14499.0,9.2,0.0,,,17.3,,,,,,,29364.0,3158.6,Y
NSE:KIRLOSENG,Kirloskar Oil Engines Limited,Equity,NSE+BSE,533293,INE146L01010,EQ,Capital Goods,Specialty Industrial Machinery,Small,32752.0,,2250.0,60.1,9.03,2720.0,865.55,17.3,7.0,0.31,,154.9,,,,,,,593786.0,16241.6,Y
NSE:CRISIL,Crisil Limited,Equity,NSE+BSE,500092,INE007A01025,EQ,Financial Services,Financial Data & Stock Exchanges,Small,32419.0,,4433.0,36.7,9.91,5064.9,3686.0,12.5,40.0,0.9,29.1,10.2,,,,,,,64152.0,1426.3,Y
NSE:AEGISVOPAK,Aegis Vopak Terminals Limited,Equity,NSE+BSE,544407,INE0INX01018,EQ,Oil Gas & Consumable Fuels,Oil & Gas Equipment & Services,Small,32353.0,,292.0,105.8,7.54,320.95,158.0,9.0,0.2,0.07,,84.4,,,,,,,2111925.0,5145.4,Y
NSE:HUDCO,Housing & Urban Development Corporation Limited,Equity,NSE+BSE,540530,INE031A01017,EQ,Financial Services,Credit Services,Small,32335.0,,161.52,7.6,1.47,246.85,159.0,34.6,6.0,3.71,,645.8,,,,,,,2104227.0,5120.2,Y
NSE:STARHEALTH,Star Health and Allied Insurance Company Limited,Equity,NSE+BSE,543412,INE575P01011,EQ,Financial Services,Insurance - Life,Small,31744.0,,539.5,47.5,3.13,624.9,416.55,13.7,0.0,,7.5,,,,,,,,657936.0,6698.3,Y
NSE:DALBHARAT,Dalmia Bharat Limited,Equity,NSE+BSE,542216,INE00R701025,EQ,Construction Materials,Building Materials,Small,31689.0,,1688.0,33.8,1.76,2319.9,1605.0,27.2,10.0,0.59,,41.0,,,,,,,222478.0,1291.9,Y
NSE:KARURVYSYA,Karur Vysya Bank Limited,Equity,NSE+BSE,590003,INE036D01028,EQ,Financial Services,Banks - Regional,Small,31489.0,,325.75,11.5,2.23,358.65,208.5,9.2,2.6,0.8,,,,,,,,,3499169.0,10010.4,Y
NSE:UBL,United Breweries Limited,Equity,NSE+BSE,532478,INE686F01025,EQ,Fast Moving Consumer Goods,Beverages - Brewers,Small,31242.0,,1181.6,78.9,6.91,1844.0,1140.3,35.9,10.0,0.84,,29.1,,,,,,,134165.0,1673.5,Y
NSE:IREDA,Indian Renewable Energy Development Agency Limited,Equity,NSE+BSE,544026,INE202E01016,EQ,Financial Services,Credit Services,Small,31182.0,,111.0,15.8,2.26,158.7,107.4,30.1,1.5,1.35,,565.7,,,,,,,4650436.0,5836.5,Y
NSE:REDINGTON,Redington Limited,Equity,NSE+BSE,532805,INE891D01026,EQ,Services,Information Technology Services,Small,31130.0,,398.2,18.3,3.06,419.5,191.31,5.1,6.0,1.51,,27.3,,,,,,,6890987.0,11160.4,Y
NSE:TATAINVEST,Tata Investment Corporation Limited,Equity,NSE+BSE,501301,INE672A01026,EQ,Financial Services,Asset Management,Small,31116.0,,615.0,71.9,1.06,1184.7,538.85,48.1,3.4,0.55,,0.0,,,,,,,977358.0,1735.9,Y
NSE:NUVAMA,Nuvama Wealth Management Limited,Equity,NSE+BSE,543988,INE531F01023,EQ,Financial Services,Asset Management,Small,31115.0,,1686.3,29.0,7.45,2066.0,1096.9,18.4,28.0,1.65,,282.3,,,,,,,426540.0,14598.0,Y
NSE:KIMS,Krishna Institute of Medical Sciences Limited,Equity,NSE+BSE,543308,INE967H01025,EQ,Healthcare,Medical Care Facilities,Small,31080.0,,740.0,145.7,13.18,858.0,575.8,13.8,0.0,,,166.2,,,,,,,578397.0,6593.2,Y
NSE:ACMESOLAR,Acme Solar Holdings Limited,Equity,NSE+BSE,544283,INE622W01025,EQ,Power,Utilities - Renewable,Small,30568.0,,432.8,44.7,5.18,476.9,195.9,9.2,0.2,0.05,,393.2,,,,,,,2252747.0,4766.1,Y
NSE:SCHNEIDER,Schneider Electric Infrastructure Limited,Equity,NSE+BSE,534139,INE839M01018,EQ,Capital Goods,Electrical Equipment & Parts,Small,30557.0,,1278.0,167.1,39.41,1548.0,571.85,17.4,0.0,,,70.8,,,,,,,357018.0,18277.0,Y
NSE:BLUESTARCO,Blue Star Limited,Equity,NSE+BSE,500067,INE472A01039,EQ,Consumer Durables,Building Products & Equipment,Small,30008.0,,1459.6,58.8,8.75,2032.9,1432.3,28.2,8.5,0.58,,23.6,,,,,,,539879.0,14139.7,Y
NSE:DELHIVERY,Delhivery Limited,Equity,NSE+BSE,543529,INE148O01028,EQ,Services,Integrated Freight & Logistics,Small,29972.0,,400.0,322.6,3.08,524.0,374.45,23.7,0.0,,,15.1,,,,,,,3592345.0,5503.8,Y
NSE:HEXT,Hexaware Technologies Limited,Equity,NSE+BSE,544362,INE093A01041,EQ,Information Technology,Information Technology Services,Small,29941.0,,491.0,22.5,4.46,807.75,400.2,39.2,14.25,2.91,21.5,10.2,,,,,,,683916.0,1261.0,Y
NSE:IKS,Inventurus Knowledge Solutions Limited,Equity,NSE+BSE,544309,INE115Q01022,EQ,Information Technology,Health Information Services,Small,29842.0,,1778.9,39.7,10.63,1970.0,1262.0,9.7,0.0,,,26.9,,,,,,,185248.0,2629.1,Y
NSE:DHOOTTRANS,Dhoot Transmission Limited,Equity,NSE+BSE,544867,INE01NH01023,EQ,Consumer Discretionary,Auto Parts,Small,29578.0,,1446.0,68.1,11.19,1735.3,1131.0,16.7,0.0,,,37.7,,,,,,,4854787.0,14500.8,
NSE:HONAUT,Honeywell Automation India Limited,Equity,NSE+BSE,517174,INE671A01010,EQ,Capital Goods,Electrical Equipment & Parts,Small,29550.0,,33400.0,53.7,6.62,41495.0,26220.0,19.5,110.0,0.33,,2.5,,,,,,,4989.0,2803.4,Y
NSE:ESCORTS,Escorts Kubota Limited,Equity,NSE+BSE,500495,INE042A01014,EQ,Capital Goods,Farm & Heavy Construction Machinery,Small,29432.0,,2675.0,21.3,2.42,3987.8,2550.1,32.9,33.0,1.24,,1.3,,,,,,,97954.0,8866.8,Y
NSE:JUBLFOOD,Jubilant Foodworks Limited,Equity,NSE+BSE,533155,INE797F01020,EQ,Consumer Services,Restaurants,Small,29161.0,,443.4,78.1,12.72,635.0,408.55,30.2,1.2,0.27,,205.3,,,,,,,2439967.0,6927.3,Y
NSE:SHYAMMETL,Shyam Metalics and Energy Limited,Equity,NSE+BSE,543299,INE810G01011,EQ,Capital Goods,Steel,Small,29146.0,,1047.2,25.9,2.59,1148.0,746.0,8.8,4.5,0.43,,8.1,,,,,,,580884.0,5036.3,Y
NSE:MANAPPURAM,Manappuram Finance Limited,Equity,NSE+BSE,531213,INE522D01027,EQ,Financial Services,Credit Services,Small,29016.0,,308.9,18.9,1.81,381.55,245.15,19.0,4.0,1.29,,360.2,,,,,,,5558750.0,23878.7,Y
NSE:GODFRYPHLP,Godfrey Phillips India Limited,Equity,NSE+BSE,500163,INE260B01028,EQ,Fast Moving Consumer Goods,Tobacco,Small,28852.0,,1849.7,21.1,4.64,3486.0,1830.0,46.9,50.0,2.7,,3.8,,,,,,,329988.0,4797.9,Y
NSE:UCOBANK,UCO Bank,Equity,NSE+BSE,532505,INE691A01018,EQ,Financial Services,Banks - Regional,Small,28741.0,,22.92,10.2,0.85,34.2,22.22,33.0,0.44,1.92,8.5,,,,,,,,4206153.0,874.2,Y
NSE:MRPL,Mangalore Refinery and Petrochemicals Limited,Equity,NSE+BSE,500109,INE103A01014,EQ,Oil Gas & Consumable Fuels,Oil & Gas Refining & Marketing,Small,28730.0,,163.93,9.1,2.02,212.31,136.02,22.8,4.0,2.43,,108.1,,,,,,,15740995.0,21230.0,Y
NSE:RRKABEL,R R Kabel Limited,Equity,NSE+BSE,543981,INE777K01022,EQ,Capital Goods,Electrical Equipment & Parts,Small,28559.0,,2525.0,47.1,11.09,2983.8,1218.9,15.4,11.0,0.44,,13.1,,,,,,,567610.0,9548.4,Y
NSE:PNBHOUSING,PNB Housing Finance Limited,Equity,NSE+BSE,540173,INE572E01012,EQ,Financial Services,Mortgage Finance,Small,28480.0,,1092.0,12.6,1.48,1211.5,729.6,9.9,8.0,0.73,,287.7,,,,,,,980537.0,11998.8,Y
NSE:TATATECH,Tata Technologies Limited,Equity,NSE+BSE,544028,INE142M01025,EQ,Information Technology,Information Technology Services,Small,28383.0,,699.0,51.0,7.23,891.0,507.4,21.5,8.35,1.19,,23.9,,,,,,,1427677.0,4551.6,Y
NSE:BANDHANBNK,Bandhan Bank Limited,Equity,NSE+BSE,541153,INE545U01014,EQ,Financial Services,Banks - Regional,Small,28356.0,,176.0,21.0,1.11,220.76,134.25,20.3,1.5,0.85,,,,,,,,,13562493.0,19668.4,Y
NSE:ABSLAMC,Aditya Birla Sun Life AMC Limited,Equity,NSE+BSE,543374,INE404A01024,EQ,Financial Services,Asset Management,Small,28269.0,,976.9,28.1,6.98,1224.9,708.0,20.2,25.5,2.57,,1.6,,,,,,,251683.0,2719.7,Y
NSE:LICHSGFIN,LIC Housing Finance Limited,Equity,NSE+BSE,500253,INE115A01026,EQ,Financial Services,Mortgage Finance,Small,27998.0,,509.0,4.9,0.68,598.2,458.9,14.9,10.0,1.96,,642.5,,,,,,,2569742.0,30735.4,Y
NSE:NEULANDLAB,Neuland Laboratories Limited,Equity,NSE+BSE,524558,INE794A01010,EQ,Healthcare,Drug Manufacturers - Specialty & Generic,Small,27623.0,,21530.0,55.6,14.74,24225.0,11500.0,11.1,34.0,0.16,,16.1,,,,,,,64057.0,14905.0,Y
NSE:CENTRALBK,Central Bank of India,Equity,NSE+BSE,532885,INE483A01010,EQ,Financial Services,Banks - Regional,Small,27199.0,,30.05,6.1,0.66,40.92,29.32,26.6,1.39,4.63,11.6,,,,,,,,7402293.0,1415.2,Y
NSE:RUBICON,Rubicon Research Limited,Equity,NSE+BSE,544578,INE506V01022,EQ,Healthcare,Drug Manufacturers - General,Small,26949.0,,1628.0,93.3,20.85,1899.0,570.75,14.3,1.5,0.09,,24.1,,,,,,,330908.0,2526.3,Y
NSE:CRAFTSMAN,Craftsman Automation Limited,Equity,NSE+BSE,543276,INE00LO01017,EQ,Automobile and Auto Components,Auto Parts,Small,26887.0,,10280.0,53.0,7.51,11999.0,6324.0,14.3,11.25,0.11,,111.0,,,,,,,57417.0,3615.3,Y
NSE:NETWEB,Netweb Technologies India Limited,Equity,NSE+BSE,543945,INE0NT901020,EQ,Information Technology,Computer Hardware,Small,26858.0,,4518.0,98.0,35.47,5813.0,2920.0,22.3,3.0,0.07,,39.0,,,,,,,1388255.0,34218.4,Y
NSE:SANSERA,Sansera Engineering Limited,Equity,NSE+BSE,543358,INE953O01021,EQ,Automobile and Auto Components,Auto Parts,Small,26582.0,,4258.8,82.3,8.58,4743.5,1382.7,10.2,4.0,0.09,,19.0,,,,,,,272338.0,19490.9,Y
NSE:NIACL,The New India Assurance Company Limited,Equity,NSE+BSE,540769,INE470Y01017,EQ,Financial Services,Insurance - Diversified,Small,26412.0,,160.27,34.4,0.69,242.6,116.97,33.9,1.5,0.94,,,,,,,,,5821875.0,2932.6,Y
NSE:PPLPHARMA,Piramal Pharma Limited,Equity,NSE+BSE,543635,INE0DK501011,EQ,Healthcare,Drug Manufacturers - Specialty & Generic,Small,26275.0,,198.3,,3.22,231.93,132.3,14.5,0.14,0.08,,70.0,,,,,,,5984590.0,7119.6,Y
NSE:ACUTAAS,Acutaas Chemicals Limited,Equity,NSE+BSE,543349,INE00FF01025,EQ,Healthcare,Specialty Chemicals,Small,26199.0,,3200.0,68.1,15.85,3740.0,1374.0,14.4,2.5,0.08,,2.1,,,,,,,347833.0,12167.7,Y
NSE:CDSL,Central Depository Services (India) Limited,Equity,NSE,,INE736A01011,EQ,Financial Services,Capital Markets,Small,25968.0,,1242.5,55.2,13.25,1673.7,1116.3,25.8,12.75,1.03,,0.1,,,,,,,1423654.0,16501.7,Y
NSE:CHOLAHLDNG,Cholamandalam Financial Holdings Limited,Equity,NSE+BSE,504973,INE149A01033,EQ,Financial Services,Credit Services,Small,25557.0,,1361.0,9.6,1.65,2064.0,1305.0,34.1,1.3,0.09,,623.2,,,,,,,184992.0,3176.9,Y
NSE:APOLLOTYRE,Apollo Tyres Limited,Equity,NSE+BSE,500877,INE438A01022,EQ,Automobile and Auto Components,Auto Parts,Small,25556.0,,404.0,15.0,1.53,540.5,365.3,25.3,11.0,2.72,,22.0,,,,,,,864489.0,2828.2,Y
NSE:ZFCVINDIA,ZF Commercial Vehicle Control Systems India Limited,Equity,NSE+BSE,533023,INE342J01019,EQ,Automobile and Auto Components,Auto Parts,Small,25436.0,,2235.0,2.5,6.89,3044.0,2050.33,26.6,4.0,0.18,,1.5,,,,,,,133397.0,3501.1,Y
NSE:ANGELONE,Angel One Limited,Equity,NSE+BSE,543235,INE732I01021,EQ,Financial Services,Capital Markets,Small,25316.0,,276.8,25.0,4.12,360.45,208.63,23.2,5.05,1.82,,129.3,,,,,,,5871023.0,18452.4,Y
NSE:GABRIEL,Gabriel India Limited,Equity,NSE+BSE,505714,INE524A01029,EQ,Automobile and Auto Components,Auto Parts,Small,25104.0,,1310.0,74.3,13.77,1600.0,795.7,18.1,5.0,0.38,,10.6,,,,,,,618105.0,4790.6,Y
NSE:TDPOWERSYS,TD Power Systems Limited,Equity,NSE+BSE,533553,INE419M01035,EQ,Capital Goods,Specialty Industrial Machinery,Small,24877.0,,793.0,90.2,23.12,817.55,291.35,3.0,1.05,0.13,,1.7,,,,,,,2784517.0,42793.1,Y
NSE:IIFL,IIFL Finance Limited,Equity,NSE+BSE,532636,INE530B01024,EQ,Financial Services,Credit Services,Small,24801.0,,583.15,11.9,1.78,705.0,409.1,17.3,4.0,0.69,,447.4,,,,,,,2485383.0,10713.9,Y
NSE:HATSUN,Hatsun Agro Product Limited,Equity,NSE+BSE,531531,INE473B01035,EQ,Fast Moving Consumer Goods,Packaged Foods,Small,24776.0,,1112.3,70.0,12.77,1349.7,855.3,17.6,20.0,1.79,,94.5,,,,,,,76753.0,248.1,
NSE:GRSE,Garden Reach Shipbuilders & Engineers Limited,Equity,NSE+BSE,542011,INE382Z01011,EQ,Capital Goods,Aerospace & Defense,Small,24205.0,,2113.0,30.2,9.22,3339.0,1963.7,36.7,19.6,0.93,,1.4,,,,,,,405400.0,12103.6,Y
NSE:ASAHIINDIA,Asahi India Glass Limited,Equity,NSE+BSE,515030,INE439A01020,EQ,Automobile and Auto Components,Auto Parts,Small,24182.0,,948.6,54.6,6.15,1074.0,775.1,11.7,2.0,0.21,,55.9,,,,,,,164853.0,1400.7,Y
NSE:CGCL,Capri Global Capital Limited,Equity,NSE+BSE,531595,INE180C01042,EQ,Financial Services,Credit Services,Small,24056.0,,250.02,21.3,3.35,287.45,151.1,13.0,0.2,0.08,,334.7,,,,,,,5257824.0,7002.2,Y
NSE:TVSHLTD,TVS Holdings Limited,Equity,NSE+BSE,520056,INE105A01035,EQ,Consumer Discretionary,Auto Parts,Small,24030.0,,11877.0,12.2,3.72,16297.0,11661.0,27.1,86.0,0.72,,289.9,,,,,,,8273.0,2583.5,
NSE:MTARTECH,Mtar Technologies Limited,Equity,NSE+BSE,543270,INE864I01014,BE,Capital Goods,Specialty Industrial Machinery,Small,23903.0,,7771.0,178.0,29.05,8714.0,1866.2,10.8,0.0,,,45.8,,,,,,,156423.0,22341.6,Y
NSE:MILKYMIST,Milky Mist Dairy Food Limited,Equity,NSE+BSE,544868,INE00IT01020,BE,Fast Moving Consumer Goods,Packaged Foods,Small,23788.0,,309.0,128.2,42.86,333.11,165.0,7.2,0.0,,,362.1,,,,,,,19952914.0,2769.9,
NSE:DATAPATTNS,Data Patterns (India) Limited,Equity,NSE+BSE,543428,INE0IX101010,EQ,Capital Goods,Aerospace & Defense,Small,23782.0,,4248.0,88.4,13.7,5000.0,2131.0,15.0,10.0,0.24,,0.3,,,,,,,829504.0,12953.2,Y
NSE:SUNDRMFAST,Sundram Fasteners Limited,Equity,NSE+BSE,500403,INE387A01021,EQ,Consumer Discretionary,Auto Parts,Small,23723.0,,1129.0,38.8,5.55,1347.2,730.1,16.2,8.5,0.76,,14.5,,,,,,,211601.0,1641.8,
NSE:CARBORUNIV,Carborundum Universal Limited,Equity,NSE+BSE,513375,INE120A01034,EQ,Capital Goods,Conglomerates,Small,23718.0,,1245.0,112.9,6.08,1368.9,735.2,9.1,4.0,0.32,,10.3,,,,,,,337023.0,4772.7,Y
NSE:SUNTV,Sun TV Network Limited,Equity,NSE+BSE,532733,INE424H01027,EQ,Media Entertainment & Publication,Broadcasting,Small,23657.0,,600.3,15.5,1.87,663.9,447.2,9.6,20.0,3.33,,0.8,,,,,,,1223490.0,35548.9,Y
NSE:JYOTICNC,Jyoti CNC Automation Limited,Equity,NSE+BSE,544081,INE980O01024,EQ,Capital Goods,Specialty Industrial Machinery,Small,23625.0,,1038.8,73.5,11.81,1134.6,580.1,8.4,0.0,,,42.6,,,,,,,1204160.0,6654.6,Y
NSE:GODIGIT,Go Digit General Insurance Limited,Equity,NSE+BSE,544179,INE03JT01014,EQ,Financial Services,Insurance - Property & Casualty,Small,23607.0,,255.35,47.9,5.04,374.0,231.65,31.7,0.0,,,7.5,,,,,,,864430.0,783.1,
NSE:PFOCUS,Prime Focus Limited,Equity,NSE+BSE,532748,INE367G01038,EQ,Media Entertainment & Publication,Entertainment,Small,23359.0,,299.95,215.8,11.16,367.0,161.01,18.3,0.0,,,224.6,,,,,,,1578077.0,12052.4,Y
NSE:TIMKEN,Timken India Limited,Equity,NSE+BSE,522113,INE325A01013,EQ,Capital Goods,Tools & Accessories,Small,23295.0,,3097.0,54.5,7.99,3925.0,2800.5,21.1,2.5,0.08,,0.5,,,,,,,45190.0,1372.8,Y
NSE:ITI,ITI Limited,Equity,NSE+BSE,523610,INE248A01017,EQ,Telecommunication,Communication Equipment,Small,23272.0,,241.7,71.5,12.2,372.85,237.0,35.2,0.0,,,40.1,,,,,,,322790.0,381.6,Y
NSE:KPIL,Kalpataru Projects International Limited,Equity,NSE+BSE,522287,INE220B01022,EQ,Construction,Engineering & Construction,Small,23210.0,,1359.1,20.4,2.98,1479.6,1007.1,8.1,11.0,0.81,,45.8,,,,,,,205450.0,1573.7,Y
NSE:URBANCO,Urban Company Limited,Equity,NSE+BSE,544515,INE0CAZ01013,EQ,Consumer Services,Software - Application,Small,22972.0,,156.0,,11.22,183.97,100.7,15.2,0.0,,,6.3,,,,,,,9085757.0,5702.7,Y
NSE:AMBER,Amber Enterprises India Limited,Equity,NSE+BSE,540902,INE371P01015,EQ,Consumer Durables,"Furnishings, Fixtures & Appliances",Small,22924.0,,6500.0,250.0,5.23,8974.0,5400.5,27.6,0.0,,,46.6,,,,,,,242522.0,8789.4,Y
NSE:KAYNES,Kaynes Technology India Limited,Equity,NSE+BSE,543664,INE918Z01012,EQ,Capital Goods,Electronic Components,Small,22849.0,,3399.0,66.2,4.9,7705.0,2995.0,55.9,0.0,,,19.2,,,,,,,1256863.0,32983.1,Y
NSE:BELRISE,Belrise Industries Limited,Equity,NSE+BSE,544405,INE894V01022,EQ,Automobile and Auto Components,Auto Parts,Small,22844.0,,236.2,41.4,4.02,268.2,142.59,11.9,0.55,0.23,,29.1,,,,,,,4261030.0,8970.2,Y
NSE:CUB,City Union Bank Limited,Equity,NSE+BSE,532210,INE491A01021,EQ,Financial Services,Banks - Regional,Small,22788.0,,230.0,16.3,2.16,248.85,157.91,7.6,2.0,0.87,,,,,,,,,3033156.0,10961.9,Y
NSE:SJVN,SJVN Limited,Equity,NSE+BSE,533206,INE002L01015,EQ,Power,Utilities - Renewable,Small,22754.0,,57.9,32.9,1.6,92.16,56.73,37.2,1.5,2.59,,226.5,,,,,,,2051773.0,2528.9,Y
NSE:METROBRAND,Metro Brands Limited,Equity,NSE+BSE,543426,INE317I01021,EQ,Consumer Discretionary,Apparel Retail,Small,22711.0,,833.15,55.8,11.39,1283.0,815.0,35.1,6.0,0.72,,77.5,,,,,,,68029.0,325.9,
NSE:AWL,AWL Agri Business Limited,Equity,NSE+BSE,543458,INE699H01024,EQ,Fast Moving Consumer Goods,Packaged Foods,Small,22699.0,,175.71,19.7,2.18,282.9,171.19,37.9,1.0,0.57,,10.6,,,,,,,3020325.0,3508.5,Y
NSE:WELSPUNLIV,Welspun Living Limited,Equity,NSE+BSE,514162,INE192B01031,EQ,Textiles,Textile Manufacturing,Small,22501.0,,239.0,82.7,4.66,244.89,107.1,2.4,0.1,0.04,,46.5,,,,,,,5772118.0,53649.1,Y
NSE:GRANULES,Granules India Limited,Equity,NSE+BSE,532482,INE101D01020,EQ,Healthcare,Drug Manufacturers - Specialty & Generic,Small,22491.0,,824.5,30.6,4.02,923.65,529.85,10.7,1.75,0.21,,29.7,,,,,,,1083133.0,6472.1,Y
NSE:GILLETTE,Gillette India Limited,Equity,NSE+BSE,507815,INE322A01010,EQ,Fast Moving Consumer Goods,Household & Personal Products,Small,22484.0,,6900.0,33.7,23.76,9714.0,6860.0,29.0,180.0,2.61,,0.0,,,,,,,18865.0,1518.4,Y
NSE:ACC,ACC Limited,Equity,NSE+BSE,500410,INE012A01025,EQ,Construction Materials,Building Materials,Small,22178.0,,1181.0,11.7,1.08,1987.0,1166.1,40.6,7.5,0.63,,2.1,,,,,,,158782.0,1743.7,Y
NSE:FINCABLES,Finolex Cables Limited,Equity,NSE+BSE,500144,INE235A01022,EQ,Capital Goods,Electrical Equipment & Parts,Small,22176.0,,1450.0,27.7,3.64,1498.0,700.8,3.2,9.0,0.62,,0.3,,,,,,,1167601.0,8708.4,Y
NSE:MSUMI,Motherson Sumi Wiring India Limited,Equity,NSE+BSE,543498,INE0FS801015,EQ,Automobile and Auto Components,Auto Parts,Small,22150.0,,33.4,35.5,10.25,53.59,33.07,37.7,0.58,1.73,,10.8,,,,,,,10374697.0,5441.2,Y
NSE:FORCEMOT,FORCE MOTORS LTD,Equity,NSE+BSE,500033,INE451A01017,EQ,Automobile and Auto Components,Auto Manufacturers,Small,22136.0,,16800.0,17.7,5.37,26450.0,14911.0,36.5,50.0,0.3,,,,,,,,,81448.0,19836.9,Y
NSE:AETHER,Aether Industries Limited,Equity,NSE+BSE,543534,INE0BWX01014,EQ,Chemicals,Specialty Chemicals,Small,22059.0,,1662.0,93.9,8.98,1798.0,728.0,7.6,0.0,,,18.6,,,,,,,345569.0,6185.5,Y
NSE:GRINDWELL,Grindwell Norton Limited,Equity,NSE+BSE,506076,INE536A01023,EQ,Capital Goods,Building Products & Equipment,Small,21923.0,,1980.0,50.2,8.65,2455.0,1329.0,19.3,19.0,0.96,,2.4,,,,,,,61492.0,544.2,
NSE:BIRET,Brookfield India Real Estate Trust,REIT,NSE,,INE0FDU25010,EQ,Realty,,Small,21867.0,,263.49,35.3,1.13,375.69,312.05,29.9,21.75,,,,,2.6,64.6,,16.7,-13.8,,2035.3,Y
NSE:LALITHAA,Lalithaa Jewellery Mart Limited,Equity,NSE+BSE,544879,INE0K9O01026,EQ,Consumer Discretionary,Luxury Goods,Small,21605.0,,386.0,22.7,6.59,395.0,240.35,2.3,0.0,,,69.8,,,,,,,14979107.0,26814.2,
NSE:PGHH,Procter & Gamble Hygiene and Health Care Limited,Equity,NSE+BSE,500459,INE179A01014,EQ,Fast Moving Consumer Goods,Household & Personal Products,Small,21586.0,,6650.0,27.3,28.65,14509.0,6579.0,54.2,120.0,1.81,,0.1,,,,,,,17765.0,1590.6,
NSE:GUJENERGY,GUJARAT ENERGY LIMITED,Equity,NSE+BSE,539336,INE844O01030,EQ,Power,Utilities - Regulated Gas,Small,21578.0,,229.99,8.9,1.17,443.75,225.5,48.2,8.9,3.87,,17.2,,,,,,,1546444.0,4792.9,
NSE:HBLENGINE,HBL Engineering Limited,Equity,NSE+BSE,517271,INE292B01021,EQ,Capital Goods,Electrical Equipment & Parts,Small,21567.0,,778.05,27.6,9.66,1122.0,613.0,30.7,4.0,0.51,,3.0,,,,,,,1505517.0,10842.1,Y
NSE:GESHIP,The Great Eastern Shipping Company Limited,Equity,NSE+BSE,500620,INE017A01032,EQ,Services,Marine Shipping,Small,21535.0,,1529.9,5.8,1.29,1798.0,1002.55,14.9,57.6,3.76,,6.4,,,,,,,912227.0,8808.4,Y
NSE:EMMVEE,Emmvee Photovoltaic Power Limited,Equity,NSE+BSE,544608,INE1C6T01020,EQ,Capital Goods,Solar,Small,21217.0,,306.45,17.2,5.74,371.55,171.51,17.5,1.0,0.33,,9.7,,,,,,,2541254.0,4248.7,Y
NSE:SUMICHEM,Sumitomo Chemical India Limited,Equity,NSE+BSE,542920,INE258G01013,EQ,Chemicals,Agricultural Inputs,Small,20977.0,,420.25,36.2,6.19,572.05,362.6,26.5,1.3,0.31,,1.9,,,,,,,997788.0,3695.2,Y
NSE:NBCC,NBCC (India) Limited,Equity,NSE+BSE,534309,INE095N01031,EQ,Construction,Engineering & Construction,Small,20898.0,,77.4,28.1,6.96,125.85,76.07,38.5,1.08,1.4,,0.0,,,,,,,6208350.0,4788.3,Y
NSE:DIACABS,Diamond Power Infrastructure Limited,Equity,NSE+BSE,522163,INE989C01038,BE,Capital Goods,Specialty Industrial Machinery,Small,20891.0,,349.3,91.9,-30.46,404.0,115.57,13.5,0.0,,,,,,,,,,4089541.0,3153.5,
NSE:SHILPAMED,Shilpa Medicare Limited,Equity,NSE+BSE,530549,INE790G01031,EQ,Healthcare,Drug Manufacturers - Specialty & Generic,Small,20810.0,,1064.0,69.9,8.03,1095.0,259.5,2.8,0.6,0.06,,25.5,,,,,,,1688156.0,18156.2,
NSE:ANANTRAJ,Anant Raj Limited,Equity,NSE+BSE,515055,INE242C01024,EQ,Realty,Real Estate - Development,Small,20765.0,,577.0,35.4,3.59,743.65,403.0,22.4,1.0,0.17,,11.7,,,,,,,2642464.0,8925.8,Y
NSE:SHRIPISTON,SPR Auto Technologies Limited,Equity,NSE+BSE,544344,INE526E01018,EQ,Automobile and Auto Components,Auto Parts,Small,20712.0,,4465.1,34.9,6.78,4843.0,2525.8,7.8,10.0,0.22,,65.2,,,,,,,71728.0,8344.2,Y
NSE:IRB,IRB Infrastructure Developers Limited,Equity,NSE+BSE,532947,INE821I01022,EQ,Construction,Infrastructure Operations,Small,20508.0,,16.98,21.8,0.96,23.95,16.75,29.1,0.2,1.18,,95.6,,,,,,,13269842.0,1842.6,Y
NSE:SIGMAADV,SIGMA ADVANCED SYSTEMS LIMITED,Equity,NSE+BSE,532408,INE933B01012,BE,Capital Goods,Aerospace & Defense,Small,20453.0,,1076.9,113.6,40.51,1076.9,140.1,0.0,0.0,,,70.8,,,,,,,335629.0,5846.1,
NSE:AFFLE,Affle 3i Limited,Equity,NSE+BSE,542752,INE00WC01027,EQ,Information Technology,Advertising Agencies,Small,20421.0,,1451.0,43.0,5.58,1993.7,1251.3,27.2,0.0,,,0.4,,,,,,,363087.0,2617.2,Y
NSE:DEEPAKNTR,Deepak Nitrite Limited,Equity,NSE+BSE,506401,INE288B01029,EQ,Chemicals,Chemicals,Small,20350.0,,1492.0,26.0,3.49,1897.9,1280.0,21.4,7.5,0.5,,27.9,,,,,,,336699.0,2349.6,Y
NSE:CEMPRO,Cemindia Projects Limited,Equity,NSE+BSE,509496,INE686A01026,EQ,Construction,Engineering & Construction,Small,20271.0,,1180.0,33.7,8.45,1649.2,503.3,28.5,3.0,0.25,,37.7,,,,,,,445589.0,2616.9,Y
NSE:SAGILITY,SAGILITY LIMITED,Equity,NSE+BSE,544282,INE0W2G01015,EQ,Information Technology,Health Information Services,Small,20209.0,,43.17,20.4,2.06,57.89,35.83,25.4,0.2,0.46,,11.5,,,,,,,23077689.0,5009.1,Y
NSE:CHENNPETRO,Chennai Petroleum Corporation Limited,Equity,NSE+BSE,500110,INE178A01016,EQ,Oil Gas & Consumable Fuels,Oil & Gas Refining & Marketing,Small,19969.0,,1341.0,4.8,1.8,1677.5,716.8,20.1,62.0,4.6,,17.7,,,,,,,2205098.0,25221.9,Y
NSE:IGL,Indraprastha Gas Limited,Equity,NSE+BSE,532514,INE203G01027,EQ,Oil Gas & Consumable Fuels,Utilities - Regulated Gas,Small,19964.0,,142.6,15.6,1.73,223.5,139.2,36.2,3.0,2.1,,0.8,,,,,,,1940315.0,3318.6,Y
NSE:TENNIND,Tenneco Clean Air India Limited,Equity,NSE+BSE,544612,INE19RI01016,EQ,Automobile and Auto Components,Auto Parts,Small,19942.0,,494.1,33.3,16.64,657.0,438.05,24.8,24.4,,,4.3,,,,,,,1801760.0,3499.3,Y
NSE:CAPLIPOINT,Caplin Point Laboratories Limited,Equity,NSE+BSE,524742,INE475E01026,EQ,Healthcare,Drug Manufacturers - Specialty & Generic,Small,19854.0,,2612.0,29.9,5.65,2990.0,1500.3,12.6,8.0,0.3,,0.1,,,,,,,180541.0,4050.9,Y
NSE:CREDITACC,CREDITACCESS GRAMEEN LIMITED,Equity,NSE+BSE,541770,INE741K01010,EQ,Financial Services,Credit Services,Small,19792.0,,1235.0,16.4,2.52,1634.0,1113.0,24.4,0.0,,16.4,302.9,,,,,,,316100.0,4240.2,Y
NSE:AADHARHFC,Aadhar Housing Finance Limited,Equity,NSE+BSE,544176,INE883F01010,EQ,Financial Services,Mortgage Finance,Small,19728.0,,450.0,17.5,2.6,563.0,427.3,20.1,0.0,,,255.6,,,,,,,358783.0,2743.8,Y
NSE:KIOCL,KIOCL Limited,Equity,NSE+BSE,540680,INE880L01014,EQ,Materials,Steel,Small,19624.0,,322.9,496.8,11.3,634.55,290.65,49.1,0.0,,,11.1,,,,,,,154827.0,232.8,
NSE:RAMCOCEM,The Ramco Cements Limited,Equity,NSE+BSE,500260,INE331A01037,EQ,Construction Materials,Building Materials,Small,19612.0,,830.0,30.5,2.42,1214.5,816.15,31.7,2.5,0.3,,47.9,,,,,,,215498.0,681.7,Y
NSE:CASTROLIND,Castrol India Limited,Equity,NSE+BSE,500870,INE172A01027,EQ,Oil Gas & Consumable Fuels,Oil & Gas Refining & Marketing,Small,19604.0,,198.2,18.5,10.29,207.2,170.1,4.3,12.5,6.28,57.0,2.8,,,,,,,2641762.0,5612.1,Y
NSE:INOXINDIA,INOX India Limited,Equity,NSE+BSE,544046,INE616N01034,EQ,Capital Goods,Specialty Industrial Machinery,Small,19604.0,,2156.1,77.1,17.51,2339.5,1068.2,7.8,2.0,0.09,,7.3,,,,,,,361180.0,13385.2,Y
NSE:PINELABS,Pine Labs Limited,Equity,NSE+BSE,544606,INE15B701018,EQ,Financial Services,Software - Infrastructure,Small,19349.0,,167.56,151.0,3.24,284.0,134.73,41.0,0.0,,,7.5,,,,,,,28932898.0,23632.2,Y
NSE:KAJARIACER,Kajaria Ceramics Limited,Equity,NSE+BSE,500233,INE217B01036,EQ,Consumer Durables,Building Products & Equipment,Small,19329.0,,1230.0,35.9,6.39,1293.8,869.6,4.9,12.0,0.98,,7.3,,,,,,,336843.0,7858.8,Y
NSE:TATAELXSI,Tata Elxsi Limited,Equity,NSE+BSE,500408,INE670A01012,EQ,Information Technology,Software - Application,Small,19268.0,,3092.8,29.4,6.34,5950.0,3046.2,48.0,75.0,2.42,,5.3,,,,,,,319674.0,10352.0,Y
NSE:THELEELA,Leela Palaces Hotels & Resorts Limited,Equity,NSE+BSE,544408,INE0AQ201015,EQ,Consumer Discretionary,Lodging,Small,19032.0,,569.9,42.1,2.95,586.95,384.5,2.9,0.0,,,28.1,,,,,,,510954.0,1262.2,
NSE:ABDL,Allied Blenders and Distillers Limited,Equity,NSE+BSE,544203,INE552Z01027,EQ,Fast Moving Consumer Goods,Beverages - Wineries & Distilleries,Small,19020.0,,680.0,86.3,11.44,753.8,382.1,9.8,5.4,0.79,,68.3,,,,,,,668342.0,7284.1,Y
NSE:HAPPYFORGE,Happy Forgings Limited,Equity,NSE+BSE,544057,INE330T01021,EQ,Capital Goods,Metal Fabrication,Small,18909.0,,2003.0,57.8,8.88,2470.0,888.75,18.9,4.0,0.2,,15.5,,,,,,,98285.0,2031.3,
NSE:BRIGADE,Brigade Enterprises Limited,Equity,NSE+BSE,532929,INE791I01019,EQ,Realty,Real Estate - Development,Small,18670.0,,572.4,29.0,27.37,802.01,450.75,28.6,2.0,0.35,,84.3,,,,,,,672233.0,1755.5,Y
NSE:EIHOTEL,EIH Limited,Equity,NSE+BSE,500840,INE230A01023,EQ,Consumer Services,Lodging,Small,18601.0,,297.45,26.1,3.53,413.95,271.15,28.1,1.5,0.5,,4.7,,,,,,,299564.0,499.5,Y
NSE:AZAD,Azad Engineering Limited,Equity,NSE+BSE,544061,INE02IJ01035,EQ,Capital Goods,Specialty Industrial Machinery,Small,18425.0,,2853.0,132.9,12.06,3127.9,1360.0,8.8,0.0,,,31.0,,,,,,,751157.0,38359.0,Y
NSE:ELGIEQUIP,Elgi Equipments Limited,Equity,NSE+BSE,522074,INE285A01027,EQ,Capital Goods,Specialty Industrial Machinery,Small,18423.0,,584.4,41.1,8.25,653.4,408.25,10.6,2.7,0.46,,23.9,,,,,,,485735.0,2545.8,Y
NSE:RATNAMANI,Ratnamani Metals & Tubes Limited,Equity,NSE+BSE,520111,INE703B01027,EQ,Materials,Steel,Small,18364.0,,2620.0,42.4,4.47,3345.0,1936.5,21.7,10.0,0.38,,7.5,,,,,,,81806.0,1212.8,
NSE:CHALET,Chalet Hotels Limited,Equity,NSE+BSE,542399,INE427F01016,EQ,Consumer Discretionary,Lodging,Small,18284.0,,834.9,34.7,4.94,989.0,691.35,15.6,2.0,0.24,,64.0,,,,,,,167249.0,1186.3,
NSE:AEQUS,Aequs Limited,Equity,NSE+BSE,544634,INE947N01017,EQ,Capital Goods,Aerospace & Defense,Small,17940.0,,273.95,,11.12,285.95,113.3,4.2,0.0,,,47.2,,,,,,,5269904.0,15842.8,
NSE:TBOTEK,TBO Tek Limited,Equity,NSE+BSE,544174,INE673O01025,EQ,Consumer Services,Travel Services,Small,17929.0,,1679.0,68.3,11.58,1764.8,1004.2,4.9,0.0,,,48.8,,,,,,,227149.0,5167.3,Y
NSE:PFIZER,Pfizer Limited,Equity,NSE+BSE,500680,INE182A01018,EQ,Healthcare,Drug Manufacturers - General,Small,17645.0,,3857.0,24.0,4.2,5578.5,3792.1,30.9,75.0,1.94,,1.7,,,,,,,48421.0,1328.4,
NSE:ENGINERSIN,Engineers India Limited,Equity,NSE+BSE,532178,INE510A01028,EQ,Construction,Engineering & Construction,Small,17536.0,,312.0,22.4,5.59,321.4,163.55,2.9,5.0,1.6,,0.5,,,,,,,4479234.0,24638.8,Y
NSE:LMW,LMW Limited,Equity,NSE+BSE,500252,INE269B01029,EQ,Capital Goods,Specialty Industrial Machinery,Small,17521.0,,16401.0,100.1,6.11,20151.0,11920.0,18.6,35.0,0.21,,,,,,,,,5507.0,503.3,
NSE:IFCI,IFCI Limited,Equity,NSE+BSE,500106,INE039A01010,EQ,Financial Services,Credit Services,Small,17516.0,,65.01,98.5,1.92,107.5,46.23,39.5,0.0,,,22.7,,,,,,,59799551.0,27660.5,Y
NSE:SARDAEN,Sarda Energy & Minerals Limited,Equity,NSE+BSE,504614,INE385C01021,EQ,Metals & Mining,Steel,Small,17478.0,,496.0,15.5,2.37,624.0,453.1,20.5,2.0,0.4,,35.2,,,,,,,765127.0,1027.9,Y
NSE:CESC,CESC Limited,Equity,NSE+BSE,500084,INE486A01021,EQ,Power,Utilities - Regulated Electric,Small,17430.0,,131.49,11.2,1.39,204.5,129.75,35.7,6.0,4.56,,164.3,,,,,,,1602223.0,2402.3,Y
NSE:MOLBIO,Molbio Diagnostics Limited,Equity,NSE+BSE,544866,INE869T01028,EQ,Healthcare,Medical Devices,Small,17367.0,,1507.0,69.6,14.53,1686.8,926.35,10.7,0.0,,,34.4,,,,,,,4092465.0,128431.6,
NSE:COHANCE,Cohance Lifesciences Limited,Equity,NSE+BSE,543064,INE03QK01018,EQ,Healthcare,Drug Manufacturers - Specialty & Generic,Small,17332.0,,453.0,164.7,4.44,917.85,266.7,50.6,0.0,,,9.9,,,,,,,1085913.0,3038.4,Y
NSE:ATUL,Atul Limited,Equity,NSE+BSE,500027,INE100A01010,EQ,Chemicals,Specialty Chemicals,Small,17281.0,,5869.5,21.7,2.78,7180.0,5560.5,18.3,30.0,0.51,,2.9,,,,,,,47907.0,1315.4,Y
NSE:JINDALSAW,Jindal Saw Limited,Equity,NSE+BSE,500378,INE324A01032,EQ,Capital Goods,Steel,Small,17280.0,,271.0,26.5,1.37,320.0,153.0,15.3,2.0,0.74,,38.2,,,,,,,2179416.0,5797.8,Y
NSE:FSL,Firstsource Solutions Limited,Equity,NSE+BSE,532809,INE684F01012,EQ,Services,Information Technology Services,Small,17267.0,,250.05,26.3,3.94,371.75,202.0,32.7,5.5,2.2,,67.1,,,,,,,3365490.0,1621.7,Y
NSE:ONESOURCE,Onesource Specialty Pharma Limited,Equity,NSE+BSE,544292,INE013P01021,EQ,Healthcare,Biotechnology,Small,17201.0,,1500.0,,2.96,1925.0,1057.0,22.1,0.0,,,25.8,,,,,,,302523.0,8986.0,Y
NSE:ALIVUS,Alivus Life Sciences Limited,Equity,NSE+BSE,543322,INE03Q201024,EQ,Healthcare,Drug Manufacturers - Specialty & Generic,Small,16942.0,,1380.0,28.1,5.09,1493.8,819.0,7.6,5.0,0.36,,1.7,,,,,,,158044.0,1523.0,
NSE:AARTIIND,Aarti Industries Limited,Equity,NSE+BSE,524208,INE769A01020,EQ,Chemicals,Specialty Chemicals,Small,16875.0,,465.2,31.9,2.82,551.75,338.05,15.7,1.0,0.22,,83.4,,,,,,,1061006.0,2277.9,Y
NSE:TRITURBINE,Triveni Turbine Limited,Equity,NSE+BSE,533655,INE152M01016,EQ,Capital Goods,Specialty Industrial Machinery,Small,16836.0,,529.6,50.2,11.63,787.6,428.35,32.8,4.0,0.75,,2.5,,,,,,,662038.0,2520.1,Y
NSE:CAMS,Computer Age Management Services Limited,Equity,NSE+BSE,543232,INE596I01020,EQ,Financial Services,Information Technology Services,Small,16824.0,,677.25,34.0,12.71,844.9,611.4,19.8,12.8,1.89,,4.9,,,,,,,1241654.0,10630.1,Y
NSE:ESDS,ESDS Software Solution Limited,Equity,NSE+BSE,544898,INE0DRI01029,EQ,Information Technology,Information Technology Services,Small,16809.0,,1434.1,135.2,26.49,1859.2,756.0,22.9,0.0,,,17.7,,,,,,,3607543.0,342.0,
NSE:POLYMED,Poly Medicure Limited,Equity,NSE+BSE,531768,INE205C01021,EQ,Healthcare,Medical Instruments & Supplies,Small,16644.0,,1642.0,52.8,5.36,2094.3,1182.0,21.6,3.5,0.21,,11.2,,,,,,,144757.0,1498.6,Y
NSE:ECLERX,eClerx Services Limited,Equity,NSE+BSE,532927,INE738I01010,EQ,Services,Information Technology Services,Small,16593.0,,1803.1,23.4,6.51,2497.5,1320.0,27.8,1.0,0.06,,15.0,,,,,,,341466.0,1922.2,Y
NSE:ERIS,Eris Lifesciences Limited,Equity,NSE+BSE,540596,INE406M01024,EQ,Healthcare,Drug Manufacturers - Specialty & Generic,Small,16521.0,,1190.8,25.4,4.17,1740.0,1162.9,31.6,14.42,1.21,,60.5,,,,,,,92690.0,1051.3,
NSE:DEEPAKFERT,Deepak Fertilizers and Petrochemicals Corporation Limited,Equity,NSE+BSE,500645,INE501A01019,EQ,Chemicals,Chemicals,Small,16501.0,,1305.8,16.8,2.41,1681.0,866.4,22.3,10.0,0.77,,76.0,,,,,,,333174.0,2969.2,Y
NSE:OLAELEC,Ola Electric Mobility Limited,Equity,NSE+BSE,544225,INE0LXG01040,EQ,Automobile and Auto Components,Auto Manufacturers,Small,16389.0,,37.09,,4.9,57.95,22.25,36.0,0.0,,,82.5,,,,,,,68585698.0,20213.8,Y
NSE:BEML,BEML Limited,Equity,NSE+BSE,500048,INE258A01024,EQ,Capital Goods,Conglomerates,Small,16325.0,,1960.0,91.1,5.56,2275.75,1355.0,13.9,17.68,0.9,,10.5,,,,,,,380848.0,3901.6,Y
NSE:SHADOWFAX,Shadowfax Technologies Limited,Equity,NSE+BSE,544685,INE12UN01015,EQ,Capital Goods,Integrated Freight & Logistics,Small,16211.0,,276.2,95.2,9.3,292.2,98.55,5.5,0.0,,,14.2,,,,,,,8434387.0,7405.5,
NSE:APLLTD,Alembic Pharmaceuticals Limited,Equity,NSE+BSE,533573,INE901L01018,EQ,Healthcare,Drug Manufacturers - Specialty & Generic,Small,16099.0,,819.0,23.2,2.84,998.0,635.8,17.9,12.0,1.47,,25.2,,,,,,,152019.0,2669.7,
NSE:EMAMILTD,Emami Limited,Equity,NSE+BSE,531162,INE548C01032,EQ,Fast Moving Consumer Goods,Household & Personal Products,Small,16044.0,,372.8,21.8,5.57,560.0,361.15,33.4,12.0,3.22,,5.5,,,,,,,1382402.0,8378.8,Y
NSE:CHAMBLFERT,Chambal Fertilizers & Chemicals Limited,Equity,NSE+BSE,500085,INE085A01013,EQ,Chemicals,Agricultural Inputs,Small,16006.0,,399.5,8.3,1.54,522.0,396.5,23.5,12.0,3.01,,10.3,,,,,,,487848.0,1790.9,Y
NSE:GRWRHITECH,Garware Hi-Tech Films Limited,Equity,NSE+BSE,500655,INE291A01017,EQ,Materials,Specialty Chemicals,Small,15977.0,,6877.0,41.2,6.01,7990.0,2690.7,13.9,12.0,0.17,,0.6,,,,,,,65650.0,2045.8,
NSE:BAYERCROP,Bayer Cropscience Limited,Equity,NSE+BSE,506285,INE462A01022,EQ,Materials,Agricultural Inputs,Small,15972.0,,3554.0,21.8,5.39,5149.9,3513.0,31.0,150.0,4.22,,2.8,,,,,,,33193.0,800.6,
NSE:CHOICEIN,Choice International Limited,Equity,NSE+BSE,531358,INE102B01014,EQ,Financial Services,Capital Markets,Small,15929.0,,715.0,67.1,8.46,860.5,568.7,16.9,0.0,,,49.8,,,,,,,686861.0,3103.3,Y
NSE:TRAVELFOOD,Travel Food Services Limited,Equity,NSE+BSE,544443,INE103V01028,EQ,Consumer Discretionary,Restaurants,Small,15871.0,,1205.0,33.5,11.0,1470.9,1035.3,18.1,10.25,0.85,,16.7,,,,,,,68570.0,393.3,
NSE:ZYDUSWELL,Zydus Wellness Limited,Equity,NSE+BSE,531335,INE768C01028,EQ,Fast Moving Consumer Goods,Packaged Foods,Small,15865.0,,498.65,84.2,2.72,611.85,367.55,18.5,1.2,0.24,,55.0,,,,,,,447318.0,755.5,Y
NSE:JUBLPHARMA,Jubilant Pharmova Limited,Equity,NSE+BSE,530019,INE700A01033,EQ,Healthcare,Drug Manufacturers - Specialty & Generic,Small,15839.0,,1000.0,45.1,2.23,1184.8,786.05,15.6,5.0,0.5,,50.9,,,,,,,274783.0,3349.0,
NSE:FINEORG,Fine Organic Industries Limited,Equity,NSE+BSE,541557,INE686Y01026,EQ,Materials,Specialty Chemicals,Small,15790.0,,5150.0,36.0,5.93,5407.0,3856.0,4.8,11.0,0.21,,3.5,,,,,,,24998.0,937.1,
NSE:TEGA,Tega Industries Limited,Equity,NSE+BSE,543413,INE011K01018,EQ,Capital Goods,Specialty Industrial Machinery,Small,15754.0,,2097.0,556.2,4.62,2198.0,1473.0,4.6,2.0,0.1,,11.7,,,,,,,402133.0,8510.6,Y
NSE:DEVYANI,Devyani International Limited,Equity,NSE+BSE,543330,INE872J01023,EQ,Consumer Services,Restaurants,Small,15683.0,,127.2,,10.17,169.75,91.55,25.1,0.0,,,203.3,,,,,,,4151285.0,1297.1,Y
NSE:PARADEEP,Paradeep Phosphates Limited,Equity,NSE+BSE,543530,INE088F01024,EQ,Chemicals,Agricultural Inputs,Small,15682.0,,151.0,14.6,2.31,201.59,99.7,25.1,1.5,0.99,,101.8,,,,,,,7165169.0,2643.0,Y
NSE:MINDACORP,Minda Corporation Limited,Equity,NSE+BSE,538962,INE842C01021,EQ,Automobile and Auto Components,Auto Parts,Small,15641.0,,664.55,31.7,5.93,769.0,468.5,13.6,1.6,0.24,,55.4,,,,,,,409334.0,3309.6,Y
NSE:NAVA,NAVA LIMITED,Equity,NSE+BSE,513023,INE725A01030,EQ,Power,Conglomerates,Small,15577.0,,549.8,20.6,1.78,739.4,501.65,25.6,8.5,1.54,,20.7,,,,,,,274074.0,1855.4,Y
NSE:GMDCLTD,Gujarat Mineral Development Corporation Limited,Equity,NSE+BSE,532181,INE131A01031,EQ,Metals & Mining,Thermal Coal,Small,15531.0,,488.4,16.2,2.2,771.9,466.4,36.7,9.5,1.95,,4.5,,,,,,,1072277.0,6584.5,Y
NSE:TATACHEM,Tata Chemicals Limited,Equity,NSE+BSE,500770,INE092A01019,EQ,Chemicals,Chemicals,Small,15501.0,,608.45,,0.73,944.5,580.3,35.6,11.0,1.81,,36.1,,,,,,,1575650.0,7419.9,Y
NSE:AGARWALEYE,Dr. Agarwal's Health Care Limited,Equity,NSE+BSE,544350,INE943P01029,EQ,Healthcare,Medical Instruments & Supplies,Small,15491.0,,488.65,104.6,7.64,568.0,401.0,14.0,0.0,,,50.3,,,,,,,1050524.0,2000.9,
NSE:J&KBANK,The Jammu & Kashmir Bank Limited,Equity,NSE+BSE,532209,INE168A01041,EQ,Financial Services,Banks - Regional,Small,15417.0,,140.0,6.7,0.91,201.75,97.35,30.6,2.15,1.43,14.6,,,,,,,,4210866.0,5541.4,Y
NSE:ASTRAMICRO,Astra Microwave Products Limited,Equity,NSE+BSE,532493,INE386C01029,EQ,Information Technology,Communication Equipment,Small,15400.0,,1622.0,81.8,11.72,1960.0,851.0,17.2,2.4,0.15,,21.9,,,,,,,441408.0,4991.2,
NSE:GRAPHITE,Graphite India Limited,Equity,NSE+BSE,509488,INE371A01025,EQ,Capital Goods,Electrical Equipment & Parts,Small,15378.0,,787.1,72.0,2.62,874.35,516.2,10.0,7.0,0.89,,6.3,,,,,,,2225797.0,12263.6,Y
NSE:JNPR,Juniper Green Energy Limited,Equity,NSE+BSE,544853,INE05C901015,EQ,Power,Utilities - Renewable,Small,15352.0,,269.8,296.5,3.85,282.75,232.11,4.6,0.0,,,401.9,,,,,,,3514384.0,1268.1,
NSE:VTL,Vardhman Textiles Limited,Equity,NSE+BSE,502986,INE825A01020,EQ,Textiles,Textile Manufacturing,Small,15342.0,,530.0,17.8,1.43,688.0,385.5,23.0,5.0,0.94,,17.5,,,,,,,726540.0,1368.0,Y
NSE:SEDEMAC,SEDEMAC Mechatronics Limited,Equity,NSE+BSE,544723,INE00XB01019,EQ,Consumer Discretionary,Auto Parts,Small,15322.0,,3469.0,127.9,33.84,3596.0,1413.1,3.5,0.0,,,16.1,,,,,,,178870.0,4592.4,
NSE:CLEANMAX,Clean Max Enviro Energy Solutions Limited,Equity,NSE+BSE,544717,INE647U01026,EQ,Power,Utilities - Renewable,Small,15234.0,,1299.0,97.0,3.28,1536.0,727.1,15.4,0.0,,,231.9,,,,,,,519591.0,5654.4,Y
NSE:SAMMAANCAP,Sammaan Capital Limited,Equity,NSE+BSE,535789,INE148I01020,EQ,Financial Services,Mortgage Finance,Small,15232.0,,132.6,,0.57,192.95,129.0,31.3,0.0,,,273.0,,,,,,,6939563.0,9044.8,Y
NSE:LLOYDSENGG,LLOYDS ENGINEERING WORKS LIMITED,Equity,NSE+BSE,539992,INE093R01011,EQ,Capital Goods,Specialty Industrial Machinery,Small,15224.0,,98.25,57.5,8.7,104.2,37.4,5.7,0.25,0.25,,6.4,,,,,,,11974695.0,14962.4,
NSE:AVALON,Avalon Technologies Limited,Equity,NSE+BSE,543896,INE0LCL01028,EQ,Information Technology,Electronic Components,Small,15196.0,,2272.0,114.5,21.03,2618.0,777.3,13.2,0.0,,,29.5,,,,,,,556959.0,7352.3,
NSE:THANGAMAYL,Thangamayil Jewellery Limited,Equity,NSE+BSE,533158,INE085J01014,EQ,Consumer Durables,Luxury Goods,Small,15137.0,,4870.0,38.7,10.69,7430.0,1939.5,34.5,18.0,0.37,,64.5,,,,,,,193657.0,3616.3,Y
NSE:NATCOPHARM,Natco Pharma Limited,Equity,NSE+BSE,524816,INE987B01026,EQ,Healthcare,Drug Manufacturers - Specialty & Generic,Small,15070.0,,819.0,12.9,1.59,1226.8,792.05,33.2,5.95,0.72,,7.7,,,,,,,476212.0,5878.0,Y
NSE:USHAMART,Usha Martin Limited,Equity,NSE+BSE,517146,INE228A01035,EQ,Capital Goods,Steel,Small,15037.0,,494.0,28.3,4.56,542.6,380.0,9.0,3.75,0.76,,6.9,,,,,,,740069.0,2113.0,Y
NSE:ASTRAZEN,AstraZeneca Pharma India Limited,Equity,NSE+BSE,506820,INE203A01020,EQ,Healthcare,Drug Manufacturers - Specialty & Generic,Small,15025.0,,6010.0,89.0,17.21,9849.5,5986.0,39.0,36.0,0.6,,12.7,,,,,,,11545.0,695.9,
NSE:JSWCEMENT,JSW Cement Limited,Equity,NSE+BSE,544480,INE718I01012,EQ,Construction Materials,Building Materials,Small,15012.0,,111.17,19.7,2.28,143.4,106.65,22.5,0.5,0.45,,68.4,,,,,,,1578780.0,2179.4,Y
NSE:PSB,Punjab & Sind Bank,Equity,NSE+BSE,533295,INE608A01012,EQ,Financial Services,Banks - Regional,Small,14943.0,,21.06,10.8,1.02,32.46,20.5,35.1,0.39,1.86,9.8,,,,,,,,1172447.0,158.3,
NSE:FIVESTAR,Five-Star Business Finance Limited,Equity,NSE+BSE,543663,INE128S01021,EQ,Financial Services,Credit Services,Small,14901.0,,504.8,13.5,2.02,666.0,338.15,24.2,2.0,0.4,,111.9,,,,,,,657640.0,2765.8,Y
NSE:BASF,BASF India Limited,Equity,NSE+BSE,500042,INE373A01013,EQ,Materials,Specialty Chemicals,Small,14834.0,,3427.0,24.0,3.75,4829.9,3122.2,29.0,25.0,0.73,,3.4,,,,,,,39541.0,375.4,
NSE:NAZARA,Nazara Technologies Limited,Equity,NSE+BSE,543280,INE418L01047,EQ,Media Entertainment & Telecom,Electronic Gaming & Multimedia,Small,14807.0,,384.9,,4.86,401.9,215.7,4.2,0.0,,,6.1,,,,,,,2334727.0,5063.4,
NSE:SPLPETRO,Supreme Petrochem Limited,Equity,NSE+BSE,500405,INE663A01033,EQ,Materials,Specialty Chemicals,Small,14780.0,,786.0,30.5,6.22,899.0,462.3,12.6,10.5,1.35,,5.6,,,,,,,265077.0,1782.4,
NSE:CENTURYPLY,Century Plyboards (India) Limited,Equity,NSE+BSE,532548,INE348B01021,EQ,Materials,Lumber & Wood Production,Small,14730.0,,663.0,50.5,5.65,859.0,618.5,22.8,1.0,0.15,,67.1,,,,,,,81959.0,379.9,
NSE:APOLLO,Apollo Micro Systems Limited,Equity,NSE+BSE,540879,INE713T01028,EQ,Capital Goods,Aerospace & Defense,Small,14663.0,,394.6,112.4,10.37,466.5,179.5,15.4,0.25,0.06,,41.5,,,,,,,7346180.0,16231.0,
NSE:VIJAYA,Vijaya Diagnostic Centre Limited,Equity,NSE+BSE,543350,INE043W01024,EQ,Healthcare,Diagnostics & Research,Small,14657.0,,1423.0,78.4,15.29,1593.6,848.0,10.7,2.0,0.14,,44.2,,,,,,,187588.0,2682.0,Y
NSE:MARKSANS,Marksans Pharma Limited,Equity,NSE+BSE,524404,INE750C01026,EQ,Healthcare,Drug Manufacturers - General,Small,14639.0,,323.05,28.3,4.84,350.95,155.0,7.9,0.9,0.28,,11.2,,,,,,,3331669.0,7951.6,
NSE:CONCORDBIO,Concord Biotech Limited,Equity,NSE+BSE,543960,INE338H01029,EQ,Healthcare,Biotechnology,Small,14636.0,,1399.0,48.3,7.26,1647.8,987.0,15.1,7.55,0.55,,0.1,,,,,,,162915.0,1989.2,Y
NSE:SYNGENE,Syngene International Limited,Equity,NSE+BSE,539268,INE398R01022,EQ,Healthcare,Diagnostics & Research,Small,14452.0,,359.05,65.4,2.98,678.95,353.3,47.1,1.25,0.35,,9.5,,,,,,,1039349.0,1903.7,Y
NSE:ACE,Action Construction Equipment Limited,Equity,NSE+BSE,532762,INE731H01025,EQ,Capital Goods,Farm & Heavy Construction Machinery,Small,14433.0,,1212.6,33.0,7.18,1268.0,745.1,4.4,2.0,0.16,,0.4,,,,,,,491921.0,5673.6,Y
NSE:KFINTECH,Kfin Technologies Limited,Equity,NSE+BSE,543720,INE138Y01010,EQ,Financial Services,Software - Application,Small,14383.0,,832.0,42.2,8.58,1215.0,784.95,31.5,12.0,1.44,,3.3,,,,,,,1059936.0,7125.7,Y
NSE:INDGN,Indegene Limited,Equity,NSE+BSE,544172,INE065X01017,EQ,Healthcare,Health Information Services,Small,14328.0,,595.0,35.8,4.57,627.0,414.0,5.1,2.25,0.38,,5.0,,,,,,,600296.0,2866.9,
NSE:CIEINDIA,CIE Automotive India Limited,Equity,NSE+BSE,532756,INE536H01010,EQ,Automobile and Auto Components,Auto Parts,Small,14228.0,,375.05,16.3,1.84,526.0,366.9,28.7,7.0,1.86,12.2,6.6,,,,,,,412994.0,976.6,Y
NSE:SWANDEF,Swan Defence and Heavy Industries Limited,Equity,NSE+BSE,533107,INE542F01020,BE,Capital Goods,Aerospace & Defense,Small,14225.0,,2700.1,,204.27,2804.9,636.2,3.7,0.0,,,4002.9,,,,,,,21898.0,604.6,
NSE:ZENTEC,Zen Technologies Limited,Equity,NSE+BSE,533339,INE251B01027,EQ,Capital Goods,Aerospace & Defense,Small,14170.0,,1575.5,78.7,7.88,2043.7,1223.0,22.9,1.0,0.06,,1.0,,,,,,,464532.0,3972.5,Y
NSE:BBOX,Black Box Limited,Equity,NSE+BSE,500463,INE676A01027,EQ,Information Technology,Software - Application,Small,14133.0,,795.8,61.0,10.98,1103.0,444.3,27.9,1.0,0.13,,89.6,,,,,,,475410.0,5896.9,Y
NSE:MAHSCOOTER,Maharashtra Scooters Limited,Equity,NSE+BSE,500266,INE288A01013,EQ,Financial Services,Asset Management,Small,14114.0,,12350.0,50.6,0.51,17733.0,10901.0,30.4,220.0,1.78,,,,,,,,,4521.0,920.8,
NSE:KIRLOSBROS,Kirloskar Brothers Limited,Equity,NSE+BSE,500241,INE732A01036,EQ,Capital Goods,Specialty Industrial Machinery,Small,14111.0,,1777.0,37.8,5.73,2189.2,1335.0,18.8,7.0,0.4,,10.1,,,,,,,79198.0,2302.3,Y
NSE:KANSAINER,Kansai Nerolac Paints Limited,Equity,NSE+BSE,500165,INE531A01024,EQ,Materials,Specialty Chemicals,Small,14095.0,,174.26,23.5,2.1,264.0,157.91,34.0,2.5,1.43,,4.5,,,,,,,290810.0,424.6,
NSE:CCL,CCL Products (India) Limited,Equity,NSE+BSE,519600,INE421D01022,EQ,Fast Moving Consumer Goods,Packaged Foods,Small,14074.0,,1055.5,32.6,6.0,1242.2,815.5,15.0,5.75,0.54,,56.5,,,,,,,168363.0,4164.8,Y
NSE:ARVIND,Arvind Limited,Equity,NSE+BSE,500101,INE034A01011,EQ,Consumer Discretionary,Textile Manufacturing,Small,14064.0,,536.5,33.9,3.48,607.15,277.9,11.6,4.5,0.84,,40.1,,,,,,,668287.0,3003.4,
NSE:DCMSHRIRAM,DCM Shriram Limited,Equity,NSE+BSE,523367,INE499A01024,EQ,Capital Goods,Conglomerates,Small,14053.0,,907.5,9.9,1.88,1409.0,886.3,35.6,16.0,1.76,,37.8,,,,,,,128898.0,1245.8,
NSE:KSB,Ksb Limited,Equity,NSE+BSE,500249,INE999A01023,EQ,Capital Goods,Specialty Industrial Machinery,Small,14042.0,,806.85,57.2,8.26,1028.3,666.65,21.5,4.4,0.55,15.2,0.4,,,,,,,243807.0,3308.9,Y
NSE:TMB,Tamilnad Mercantile Bank Limited,Equity,NSE+BSE,543596,INE668A01016,EQ,Financial Services,Banks - Regional,Small,14014.0,,885.0,9.7,1.39,954.2,420.0,7.3,12.5,1.43,14.5,,,,,,,,342920.0,1791.6,
NSE:HORIZONIND,Horizon Industrial Parks Limited,Equity,NSE+BSE,544880,INE685T01010,EQ,Realty,Real Estate - Development,Small,14011.0,,48.6,,2.1,60.25,48.11,19.3,0.0,,,117.8,,,,,,,7782718.0,2000.8,
NSE:GPIL,Godawari Power And Ispat limited,Equity,NSE+BSE,532734,INE177H01039,EQ,Capital Goods,Steel,Small,13992.0,,215.01,17.1,2.27,320.0,210.42,32.8,1.0,0.46,,7.6,,,,,,,1563136.0,4397.5,Y
NSE:HONASA,Honasa Consumer Limited,Equity,NSE+BSE,544014,INE0J5401028,EQ,Fast Moving Consumer Goods,Household & Personal Products,Small,13986.0,,429.0,56.3,9.87,509.8,248.4,15.8,3.0,0.7,,9.6,,,,,,,1599434.0,8216.2,Y
NSE:PRIVISCL,Privi Speciality Chemicals Limited,Equity,NSE+BSE,530117,INE959A01019,EQ,Chemicals,Specialty Chemicals,Small,13926.0,,3565.0,41.1,9.86,3785.3,2380.2,5.8,10.0,0.28,,74.4,,,,,,,79811.0,4793.8,Y
NSE:SHAILY,Shaily Engineering Plastics Limited,Equity,NSE+BSE,501423,INE151G01028,EQ,Materials,Specialty Chemicals,Small,13891.0,,3020.0,79.0,19.37,3615.2,1770.9,16.5,3.0,0.1,,24.8,,,,,,,189942.0,2895.7,
NSE:LTFOODS,LT Foods Limited,Equity,NSE+BSE,532783,INE818H01020,EQ,Fast Moving Consumer Goods,Packaged Foods,Small,13869.0,,399.4,21.7,7.78,490.7,333.15,18.6,4.0,1.0,,35.6,,,,,,,1291410.0,3239.5,Y
NSE:CANHLIFE,Canara HSBC Life Insurance Company Limited,Equity,NSE+BSE,544583,INE01TY01017,EQ,Financial Services,Insurance - Life,Small,13824.0,,145.9,105.7,8.48,166.69,106.0,12.5,0.4,0.28,8.3,15.3,,,,,,,2037680.0,650.2,Y
NSE:PGEL,PG Electroplast Limited,Equity,NSE+BSE,533581,INE457L01029,EQ,Consumer Durables,Electronic Components,Small,13783.0,,481.1,67.6,4.51,644.4,436.55,25.3,0.25,0.05,,19.6,,,,,,,1674403.0,4900.8,Y
NSE:JSWDULUX,JSW Dulux Limited,Equity,NSE+BSE,500710,INE133A01011,EQ,Materials,Specialty Chemicals,Small,13713.0,,3011.1,7.0,5.59,3745.0,2658.7,19.6,50.0,1.66,,3.2,,,,,,,24173.0,683.0,
NSE:INDIACEM,The India Cements Limited,Equity,NSE+BSE,530005,INE383A01012,EQ,Construction Materials,Building Materials,Small,13713.0,,295.0,99.0,0.9,485.8,290.25,39.3,0.0,,,12.9,,,,,,,240812.0,686.6,Y
NSE:BALRAMCHIN,Balrampur Chini Mills Limited,Equity,NSE+BSE,500038,INE119A01028,EQ,Fast Moving Consumer Goods,Confectioners,Small,13712.0,,648.0,35.7,3.16,780.95,393.55,17.0,7.0,1.08,,76.6,,,,,,,3110949.0,5463.8,Y
NSE:ARE&M,Amara Raja Energy & Mobility Limited,Equity,NSE+BSE,500008,INE885A01032,EQ,Automobile and Auto Components,Electrical Equipment & Parts,Small,13686.0,,747.75,14.8,1.69,1023.0,670.0,26.9,10.6,1.42,,5.0,,,,,,,840379.0,3806.4,Y
NSE:CARTRADE,Cartrade Tech Limited,Equity,NSE+BSE,543333,INE290S01011,EQ,Consumer Services,Auto & Truck Dealerships,Small,13612.0,,2800.0,60.3,5.4,3290.5,1600.0,14.9,0.0,,,5.4,,,,,,,528833.0,8799.2,Y
NSE:SUDEEPPHRM,Sudeep Pharma Limited,Equity,NSE+BSE,544619,INE0QPI01025,EQ,Healthcare,Drug Manufacturers - Specialty & Generic,Small,13610.0,,1205.0,74.4,15.41,1378.0,524.05,12.6,1.5,0.13,,16.7,,,,,,,281438.0,2463.5,
NSE:IGIL,International Gemological Institute Limited,Equity,NSE+BSE,544311,INE0Q9301021,EQ,Services,Other Precious Metals & Mining,Small,13505.0,,312.5,26.4,9.08,388.3,287.0,19.5,5.1,1.63,,9.6,,,,,,,593626.0,773.9,Y
NSE:TI,Tilaknagar Industries Limited,Equity,NSE+BSE,507205,INE133E01013,EQ,Fast Moving Consumer Goods,Beverages - Wineries & Distilleries,Small,13486.0,,544.0,,4.53,607.8,381.55,10.5,1.0,0.18,,77.2,,,,,,,907256.0,3080.3,
NSE:NIVABUPA,Niva Bupa Health Insurance Company Limited,Equity,NSE+BSE,544286,INE995S01015,EQ,Financial Services,Insurance - Life,Small,13427.0,,72.59,72.6,3.5,91.4,67.5,20.6,0.0,,12.1,6.8,,,,,,,1490177.0,666.3,
NSE:LUMAXTECH,Lumax Auto Technologies Limited,Equity,NSE+BSE,532796,INE872H01027,EQ,Consumer Discretionary,Auto Parts,Small,13420.0,,1969.0,41.5,11.09,2190.0,1120.0,10.1,5.5,0.28,,83.4,,,,,,,247134.0,4712.6,
NSE:KPITTECH,KPIT Technologies Limited,Equity,NSE+BSE,542651,INE04I401011,EQ,Information Technology,Software - Application,Small,13394.0,,492.0,23.1,3.78,1284.9,484.5,61.7,7.5,1.52,,23.6,,,,,,,2998309.0,9836.7,Y
NSE:E2E,E2E Networks Limited,Equity,NSE+BSE,544783,INE255Z01027,BE,Information Technology,Software - Infrastructure,Small,13355.0,,650.0,239.0,7.73,698.0,183.36,6.9,0.0,,,9.4,,,,,,,1297129.0,3000.0,
NSE:CEATLTD,CEAT Limited,Equity,NSE+BSE,500878,INE482A01020,EQ,Automobile and Auto Components,Auto Parts,Small,13286.0,,3284.5,22.5,2.26,4438.0,3061.2,26.0,35.0,1.06,,64.7,,,,,,,114174.0,1610.4,Y
NSE:SKFINDUS,SKF India (Industrial) Limited,Equity,NSE+BSE,544572,INE2J8701016,EQ,Capital Goods,Tools & Accessories,Small,13274.0,,2685.0,63.8,8.99,3218.7,1994.1,16.6,30.0,1.1,,0.3,,,,,,,70571.0,961.2,
NSE:ATLANTAELE,Atlanta Electricals Limited,Equity,NSE+BSE,544527,INE0Z4F01028,EQ,Capital Goods,Electrical Equipment & Parts,Small,13203.0,,1717.0,58.8,14.21,2152.6,707.6,20.2,0.0,,,5.5,,,,,,,142370.0,5867.3,
NSE:INGERRAND,Ingersoll Rand (India) Limited,Equity,NSE+BSE,500210,INE177A01018,EQ,Capital Goods,Specialty Industrial Machinery,Small,13180.0,,4175.0,49.2,21.41,4955.0,3063.3,15.7,75.0,1.8,,1.5,,,,,,,26112.0,503.5,
NSE:ANURAS,Anupam Rasayan India Limited,Equity,NSE+BSE,543275,INE930P01018,EQ,Chemicals,Specialty Chemicals,Micro,13162.0,,1156.1,75.3,3.94,1415.0,1047.9,18.3,1.5,0.13,,41.3,,,,,,,416556.0,2624.2,Y
NSE:CROMPTON,Crompton Greaves Consumer Electricals Limited,Equity,NSE+BSE,539876,INE299U01018,EQ,Consumer Durables,"Furnishings, Fixtures & Appliances",Micro,13052.0,,202.7,,4.4,310.5,201.1,34.7,3.0,1.48,,5.8,,,,,,,3304449.0,9309.7,Y
NSE:EDELWEISS,Edelweiss Financial Services Limited,Equity,NSE+BSE,532922,INE532F01054,EQ,Financial Services,Financial Conglomerates,Micro,12996.0,,137.3,18.4,2.81,146.0,98.0,6.0,1.5,1.09,,320.0,,,,,,,6029220.0,8556.4,
NSE:RAINBOW,Rainbow Childrens Medicare Limited,Equity,NSE+BSE,543524,INE961O01016,EQ,Healthcare,Medical Care Facilities,Micro,12986.0,,1280.0,45.5,7.88,1610.0,1084.0,20.5,3.5,0.27,,53.6,,,,,,,109000.0,2815.1,Y
NSE:VENTIVE,Ventive Hospitality Limited,Equity,NSE+BSE,544321,INE781S01027,EQ,Consumer Discretionary,Lodging,Micro,12962.0,,555.0,34.3,2.35,793.95,542.6,30.1,0.0,,,38.1,,,,,,,25677.0,147.0,
NSE:SOBHA,Sobha Limited,Equity,NSE+BSE,532784,INE671H01015,EQ,Realty,Real Estate - Development,Micro,12941.0,,1210.0,56.0,2.74,1732.0,1130.0,30.1,6.0,0.49,,24.6,,,,,,,162887.0,1048.4,Y
NSE:JBMA,JBM Auto Limited,Equity,NSE+BSE,532605,INE927D01051,EQ,Automobile and Auto Components,Auto Parts,Micro,12884.0,,544.8,57.5,11.28,738.5,477.0,26.2,0.85,0.16,,190.3,,,,,,,493641.0,2189.0,Y
NSE:RKFORGE,Ramkrishna Forgings Limited,Equity,NSE+BSE,532527,INE399G01023,EQ,Automobile and Auto Components,Metal Fabrication,Micro,12863.0,,694.5,118.9,3.82,772.8,460.15,10.1,2.0,0.29,,74.4,,,,,,,1436664.0,5964.2,Y
NSE:VGUARD,V-Guard Industries Limited,Equity,NSE+BSE,532953,INE951I01027,EQ,Capital Goods,Electrical Equipment & Parts,Micro,12860.0,,294.35,35.5,5.42,384.0,288.8,23.3,1.5,0.51,,7.0,,,,,,,1249940.0,1056.9,
NSE:PRUDENT,Prudent Corporate Advisory Services Limited,Equity,NSE+BSE,543527,INE00F201020,EQ,Financial Services,Asset Management,Micro,12842.0,,3101.5,52.3,14.55,4105.5,2121.0,24.5,3.5,0.11,,3.9,,,,,,,39843.0,805.7,
NSE:GALLANTT,Gallantt Ispat Limited,Equity,NSE+BSE,532726,INE297H01019,EQ,Capital Goods,Steel,Micro,12820.0,,531.35,29.5,3.87,948.0,496.25,44.0,2.0,0.38,,16.5,,,,,,,119109.0,255.6,Y
NSE:DOMS,DOMS Industries Limited,Equity,NSE+BSE,544045,INE321T01012,EQ,Fast Moving Consumer Goods,Business Equipment & Supplies,Micro,12805.0,,2110.0,59.2,10.5,2755.0,2020.0,23.4,3.65,0.17,,10.8,,,,,,,41988.0,413.4,Y
NSE:UJJIVANSFB,Ujjivan Small Finance Bank Limited,Equity,NSE+BSE,542904,INE551W01018,EQ,Financial Services,Banks - Regional,Micro,12799.0,,65.6,14.3,1.87,73.94,47.31,11.3,0.0,,,,,,,,,,18694044.0,6189.8,
NSE:VEDPOWER,Vedanta Power Limited,Equity,NSE+BSE,544781,INE694L01019,EQ,Power,Utilities - Independent Power Producers,Micro,12786.0,,32.75,,2.87,49.88,30.44,34.3,0.0,,0.9,,,,,,,,21208811.0,6074.5,Y
NSE:PCJEWELLER,PC Jeweller Limited,Equity,NSE+BSE,534809,INE785M01021,EQ,Consumer Discretionary,Luxury Goods,Micro,12672.0,,12.92,14.7,1.21,14.86,7.47,13.1,0.0,,,14.3,,,,,,,337312103.0,31093.7,
NSE:VARROC,Varroc Engineering Limited,Equity,NSE+BSE,541578,INE665L01035,EQ,Consumer Discretionary,Auto Parts,Micro,12667.0,,829.0,64.4,7.11,912.2,462.0,9.1,1.5,0.18,,50.9,,,,,,,561469.0,2181.4,
NSE:VINATIORGA,Vinati Organics Limited,Equity,NSE+BSE,524200,INE410B01037,EQ,Materials,Specialty Chemicals,Micro,12655.0,,1219.9,28.2,4.0,1739.0,1143.6,29.9,8.5,0.7,,,,,,,,,58607.0,708.5,
NSE:PCBL,PCBL Chemical Limited,Equity,NSE+BSE,506590,INE602A01031,EQ,Chemicals,Specialty Chemicals,Micro,12636.0,,321.15,48.7,3.15,394.0,226.5,18.5,4.5,1.4,,124.1,,,,,,,2063455.0,2847.3,Y
NSE:SHREEJISPG,Shreeji Shipping Global Limited,Equity,NSE+BSE,544490,INE1B6101010,EQ,Capital Goods,Marine Shipping,Micro,12635.0,,775.55,76.3,16.4,780.0,222.0,0.6,2.0,0.26,,36.2,,,,,,,1043508.0,7923.5,
NSE:BIKAJI,Bikaji Foods International Limited,Equity,NSE+BSE,543653,INE00E101023,EQ,Fast Moving Consumer Goods,Packaged Foods,Micro,12620.0,,503.3,48.7,7.85,768.5,497.65,34.5,1.25,0.25,,17.5,,,,,,,226500.0,3063.9,
NSE:MANYAVAR,Vedant Fashions Limited,Equity,NSE+BSE,543463,INE825V01034,EQ,Consumer Discretionary,Apparel Manufacturing,Micro,12583.0,,517.85,32.6,6.4,705.0,329.2,26.5,7.75,1.49,,23.3,,,,,,,1201541.0,559.5,
NSE:WABAG,VA Tech Wabag Limited,Equity,NSE+BSE,533269,INE956G01038,EQ,Capital Goods,Engineering & Construction,Micro,12555.0,,2009.0,35.0,4.87,2319.0,1033.0,13.4,5.0,0.25,,8.9,,,,,,,698275.0,7983.8,
NSE:SCI,Shipping Corporation Of India Limited,Equity,NSE+BSE,523598,INE109A01011,EQ,Services,Marine Shipping,Micro,12507.0,,268.5,7.7,1.37,368.75,195.55,27.2,7.5,2.81,,29.5,,,,,,,2265603.0,3912.8,Y
NSE:VOGL,Vedanta Oil and Gas Limited,Equity,NSE+BSE,544782,INE704J01044,EQ,Oil Gas & Consumable Fuels,Other Industrial Metals & Mining,Micro,12501.0,,32.02,,-0.16,47.6,30.42,32.7,0.0,,,,,,,,,,51902693.0,8398.4,Y
NSE:SKYGOLD,SKY GOLD AND DIAMONDS LIMITED,Equity,NSE+BSE,541967,INE01IU01018,EQ,Consumer Discretionary,Luxury Goods,Micro,12498.0,,807.0,37.1,10.43,868.8,275.8,7.1,0.0,,,72.1,,,,,,,1117700.0,9120.4,
NSE:AKUMS,Akums Drugs and Pharmaceuticals Limited,Equity,NSE+BSE,544222,INE09XN01023,EQ,Healthcare,Drug Manufacturers - Specialty & Generic,Micro,12490.0,,815.8,42.9,3.77,838.8,409.3,2.7,1.0,0.12,,5.8,,,,,,,365609.0,1560.8,
NSE:JSWHL,JSW Holdings Limited,Equity,NSE+BSE,532642,INE824G01012,EQ,Financial Services,Asset Management,Micro,12486.0,,11250.0,90.8,0.38,22790.0,10530.0,50.6,0.0,,,,,,,,,,5527.0,361.5,
NSE:SOUTHBANK,The South Indian Bank Limited,Equity,NSE+BSE,532218,INE683A01023,EQ,Financial Services,Banks - Regional,Micro,12443.0,,47.5,8.2,1.05,50.68,29.85,6.3,0.45,0.95,13.6,,,,,,,,13530251.0,5818.1,
NSE:FRACTAL,Fractal Analytics Limited,Equity,NSE+BSE,544700,INE212S01015,EQ,Information Technology,Software - Infrastructure,Micro,12399.0,,721.0,37.7,3.77,1118.0,708.3,35.5,0.0,,,13.1,,,,,,,347928.0,2009.7,Y
NSE:UTLSOLAR,Fujiyama Power Systems Limited,Equity,NSE+BSE,544613,INE12UR01024,EQ,Information Technology,Solar,Micro,12307.0,,401.0,41.8,9.35,494.25,172.0,18.9,0.0,,,40.8,,,,,,,410099.0,937.7,
NSE:KTKBANK,The Karnataka Bank Limited,Equity,NSE+BSE,532652,INE614B01018,EQ,Financial Services,Banks - Regional,Micro,12249.0,,323.9,8.5,0.93,345.9,170.26,6.4,5.0,1.55,,,,,,,,,2634750.0,10653.0,
NSE:ABREL,Aditya Birla Real Estate Limited,Equity,NSE+BSE,500040,INE055A01016,EQ,Realty,Real Estate Services,Micro,12235.0,,1106.5,,3.31,1914.0,1072.4,42.2,2.5,0.23,,152.4,,,,,,,176536.0,4778.4,Y
NSE:ASKAUTOLTD,ASK Automotive Limited,Equity,NSE+BSE,544022,INE491J01022,EQ,Consumer Discretionary,Auto Parts,Micro,12183.0,,618.0,38.5,9.29,687.7,375.3,10.1,1.85,0.3,,51.8,,,,,,,789932.0,2003.1,
NSE:GODREJAGRO,Godrej Agrovet Limited,Equity,NSE+BSE,540743,INE850D01014,EQ,Fast Moving Consumer Goods,Packaged Foods,Micro,12180.0,,633.0,27.3,5.99,698.4,506.1,9.4,11.0,1.74,,72.8,,,,,,,450413.0,855.0,
NSE:VISL,Vedanta Iron and Steel Limited,Equity,NSE+BSE,544784,INE1CLE01013,EQ,Metals & Mining,Steel,Micro,12122.0,,31.0,,-4.18,44.78,19.06,30.8,0.0,,,,,,,,,,37307136.0,7222.9,Y
NSE:QPOWER,Quality Power Electrical Equipments Limited,Equity,NSE+BSE,544367,INE0SII01026,EQ,Capital Goods,Electrical Equipment & Parts,Micro,12043.0,,1555.0,90.4,22.22,1675.0,581.0,7.2,1.0,0.06,,5.2,,,,,,,240788.0,4958.9,
NSE:EIDPARRY,EID Parry India Limited,Equity,NSE+BSE,500125,INE126A01031,EQ,Fast Moving Consumer Goods,Agricultural Inputs,Micro,11976.0,,673.0,25.8,1.36,1118.0,672.3,39.8,0.0,,,23.6,,,,,,,517047.0,2313.3,Y
NSE:NSLNISP,NMDC Steel Limited,Equity,NSE+BSE,543768,INE0NNS01018,EQ,Metals & Mining,Steel,Micro,11948.0,,40.77,145.6,0.91,53.75,33.01,24.1,0.0,,,35.0,,,,,,,6582579.0,2897.7,Y
NSE:MANORAMA,Manorama Industries Limited,Equity,NSE+BSE,541974,INE00VM01036,EQ,Fast Moving Consumer Goods,Packaged Foods,Micro,11930.0,,1890.0,43.9,16.54,2149.5,1060.6,12.1,0.8,0.04,,52.2,,,,,,,441564.0,9128.9,
NSE:BLUESTONE,BlueStone Jewellery and Lifestyle Limited,Equity,NSE+BSE,544484,INE304W01038,EQ,Consumer Discretionary,Luxury Goods,Micro,11918.0,,780.0,198.0,6.59,969.9,399.8,19.6,0.0,,,110.0,,,,,,,4471590.0,7261.7,
NSE:AMAGI,Amagi Media Labs Limited,Equity,NSE+BSE,544679,INE121R01077,EQ,Information Technology,Software - Application,Micro,11909.0,,550.5,116.9,6.97,727.4,310.2,24.3,0.0,,,1.8,,,,,,,784215.0,5082.0,
NSE:INOXWIND,Inox Wind Limited,Equity,NSE+BSE,539083,INE066P01011,EQ,Capital Goods,Specialty Industrial Machinery,Micro,11882.0,,68.75,33.5,1.61,159.3,67.1,56.8,0.0,,,20.6,,,,,,,12002864.0,6849.6,Y
NSE:LLOYDSENT,Lloyds Enterprises Limited,Equity,NSE+BSE,512463,INE080I01025,EQ,Materials,Steel,Micro,11833.0,,77.51,138.4,2.8,84.7,40.69,8.5,0.25,0.32,,14.7,,,,,,,4369001.0,2541.5,
NSE:JMFINANCIL,JM Financial Limited,Equity,NSE+BSE,523405,INE780C01023,EQ,Financial Services,Capital Markets,Micro,11807.0,,123.37,11.4,1.11,182.5,112.0,32.4,1.75,1.42,,102.4,,,,,,,2851465.0,2430.8,Y
NSE:PGIL,Pearl Global Industries Limited,Equity,NSE+BSE,532808,INE940H01022,EQ,Consumer Discretionary,Apparel Manufacturing,Micro,11787.0,,1275.9,38.0,8.07,1357.9,600.0,6.0,10.5,0.83,,65.6,,,,,,,266189.0,1454.8,
NSE:HOMEFIRST,Home First Finance Company India Limited,Equity,NSE+BSE,543259,INE481N01025,EQ,Financial Services,Mortgage Finance,Micro,11714.0,,1120.3,20.3,2.68,1317.7,893.7,15.0,5.2,0.46,,243.9,,,,,,,205322.0,2078.2,Y
NSE:PARKHOSPS,Park Medi World Limited,Equity,NSE+BSE,544645,INE119201023,EQ,Healthcare,Medical Care Facilities,Micro,11662.0,,270.0,41.2,5.32,305.0,138.1,11.5,0.0,,,17.3,,,,,,,706149.0,1182.4,
NSE:TECHNOE,Techno Electric & Engineering Company Limited,Equity,NSE+BSE,542141,INE285K01026,EQ,Construction,Engineering & Construction,Micro,11642.0,,1001.0,27.0,2.8,1389.6,870.0,28.0,7.0,0.7,,1.7,,,,,,,172995.0,1592.3,Y
NSE:CYIENT,Cyient Limited,Equity,NSE+BSE,532175,INE136B01020,EQ,Information Technology,Conglomerates,Micro,11557.0,,1110.2,32.6,2.16,1222.0,750.3,9.1,32.0,2.9,,7.5,,,,,,,892552.0,6506.6,Y
NSE:NUVOCO,Nuvoco Vistas Corporation Limited,Equity,NSE+BSE,543334,INE118D01016,EQ,Construction Materials,Building Materials,Micro,11486.0,,321.6,29.7,1.12,439.85,276.25,26.9,0.0,,,48.1,,,,,,,1689214.0,3629.0,Y
NSE:PVRINOX,PVR INOX Limited,Equity,NSE+BSE,532689,INE191H01014,EQ,Media Entertainment & Publication,Entertainment,Micro,11476.0,,1220.0,42.9,1.63,1357.8,907.4,10.1,0.0,,,91.9,,,,,,,547474.0,3882.8,Y
NSE:LOTUSDEV,Sri Lotus Developers and Realty Limited,Equity,NSE+BSE,544469,INE0V9Q01010,BE,Capital Goods,Engineering & Construction,Micro,11338.0,,232.0,46.0,5.92,235.75,102.2,1.6,0.5,0.22,,6.8,,,,,,,2650432.0,3761.9,
NSE:TRIDENT,Trident Limited,Equity,NSE+BSE,521064,INE064C01022,EQ,Textiles,Textile Manufacturing,Micro,11333.0,,22.24,28.5,2.38,30.94,21.98,28.1,1.0,4.51,,38.3,,,,,,,4088109.0,630.0,Y
NSE:UTIAMC,UTI Asset Management Company Limited,Equity,NSE+BSE,543238,INE094J01016,EQ,Financial Services,Asset Management,Micro,11312.0,,880.0,24.6,2.51,1409.0,866.0,37.5,40.0,4.53,,3.1,,,,,,,201167.0,578.8,Y
NSE:APTUS,Aptus Value Housing Finance India Limited,Equity,NSE+BSE,543335,INE852O01025,EQ,Financial Services,Mortgage Finance,Micro,11269.0,,225.0,11.5,2.23,326.15,193.03,31.0,5.0,2.21,,156.2,,,,,,,1333611.0,3558.0,Y
NSE:METROPOLIS,Metropolis Healthcare Limited,Equity,NSE+BSE,542650,INE112L01020,EQ,Healthcare,Diagnostics & Research,Micro,11161.0,,538.0,55.2,7.37,609.05,412.25,11.7,2.0,0.37,,15.2,,,,,,,270394.0,2411.1,
NSE:BLACKBUCK,BLACKBUCK LIMITED,Equity,NSE+BSE,544288,INE0UIZ01018,EQ,Information Technology,Software - Application,Micro,11078.0,,607.9,66.0,7.81,748.0,496.0,18.7,0.0,,,4.2,,,,,,,610425.0,2600.3,
NSE:IIFLCAPS,IIFL Capital Services Limited,Equity,NSE+BSE,542773,INE489L01022,EQ,Financial Services,Capital Markets,Micro,10880.0,,345.0,19.9,3.5,411.3,240.4,16.1,3.0,0.87,,59.3,,,,,,,408341.0,2252.5,
NSE:WHIRLPOOL,Whirlpool of India Limited,Equity,NSE+BSE,500238,INE716A01013,EQ,Consumer Durables,"Furnishings, Fixtures & Appliances",Micro,10852.0,,855.0,43.3,2.61,1437.0,706.0,40.5,5.0,0.58,,8.6,,,,,,,1275691.0,9133.0,Y
NSE:BLUEDART,Blue Dart Express Limited,Equity,NSE+BSE,526612,INE233B01017,EQ,Capital Goods,Integrated Freight & Logistics,Micro,10668.0,,4496.0,37.2,6.0,7036.0,4460.0,36.1,25.0,0.56,,64.3,,,,,,,23228.0,2349.7,
NSE:ELANTAS,Elantas Beck India Limited,Equity,NSE+BSE,500123,INE280B01018,EQ,Materials,Specialty Chemicals,Micro,10636.0,,13416.0,60.0,9.63,15150.0,8900.0,11.4,7.5,0.06,17.4,,,,,,,,4005.0,328.0,
NSE:VOLTAMP,Voltamp Transformers Limited,Equity,NSE+BSE,532757,INE540H01012,EQ,Capital Goods,Electrical Equipment & Parts,Micro,10587.0,,10464.0,33.3,6.44,12863.0,6666.0,18.7,100.0,0.96,,0.0,,,,,,,40631.0,1667.0,
NSE:IRCON,Ircon International Limited,Equity,NSE+BSE,541956,INE962Y01021,EQ,Construction,Engineering & Construction,Micro,10412.0,,110.7,16.8,1.57,186.44,101.6,40.6,1.9,1.72,,85.8,,,,,,,2889386.0,23127.9,Y
NSE:MGL,Mahanagar Gas Limited,Equity,NSE+BSE,539957,INE002S01010,EQ,Oil Gas & Consumable Fuels,Utilities - Regulated Gas,Micro,10352.0,,1048.0,14.5,1.61,1335.4,900.0,21.5,36.0,3.44,,3.5,,,,,,,237124.0,2349.2,Y
NSE:SIGNATURE,Signatureglobal (India) Limited,Equity,NSE+BSE,543990,INE903U01023,EQ,Realty,Real Estate - Development,Micro,10312.0,,733.0,9.9,5.57,1153.9,705.2,36.5,0.0,,,161.0,,,,,,,425203.0,1651.0,Y
NSE:PARAS,Paras Defence and Space Technologies Limited,Equity,NSE+BSE,543367,INE045601023,EQ,Capital Goods,Aerospace & Defense,Micro,10299.0,,1278.0,108.9,14.18,1585.0,580.5,19.4,1.0,0.08,,3.7,,,,,,,1320988.0,7203.0,
NSE:GRAVITA,Gravita India Limited,Equity,NSE+BSE,533282,INE024L01027,EQ,Metals & Mining,Metal Fabrication,Micro,10293.0,,1413.1,26.3,4.2,1913.6,1266.9,26.2,11.55,0.64,,29.9,,,,,,,254214.0,4112.0,Y
NSE:VIYASH,Viyash Scientific Limited,Equity,NSE+BSE,512529,INE807F01027,EQ,Healthcare,Drug Manufacturers - Specialty & Generic,Micro,10236.0,,232.0,48.8,3.48,298.0,178.13,22.1,0.0,,,15.7,,,,,,,4470335.0,8146.5,
NSE:JPPOWER,Jaiprakash Power Ventures Limited,Equity,NSE+BSE,532627,INE351F01018,EQ,Power,Utilities - Independent Power Producers,Micro,10177.0,,14.85,21.2,1.14,24.5,13.15,39.4,0.0,,,26.6,,,,,,,57373086.0,6164.7,Y
NSE:RITES,RITES Limited,Equity,NSE+BSE,541556,INE320J01015,EQ,Construction,Engineering & Construction,Micro,10142.0,,211.02,24.3,3.79,259.7,175.0,18.7,11.0,5.25,,0.2,,,,,,,3444590.0,44941.9,Y
NSE:JUBLINGREA,Jubilant Ingrevia Limited,Equity,NSE+BSE,543271,INE0BY001018,EQ,Chemicals,Specialty Chemicals,Micro,10036.0,,636.3,32.7,3.22,795.0,537.3,20.0,5.0,0.78,,25.3,,,,,,,422077.0,1556.8,Y
NSE:STAR,Strides Pharma Science Limited,Equity,NSE+BSE,532531,INE939A01011,EQ,Healthcare,Drug Manufacturers - Specialty & Generic,Micro,10001.0,,1085.0,16.3,3.22,1260.9,768.65,14.0,5.0,0.46,,55.8,,,,,,,362741.0,3711.9,
NSE:YATHARTH,Yatharth Hospital & Trauma Care Services Limited,Equity,NSE+BSE,543950,INE0JO301016,EQ,Healthcare,Medical Care Facilities,Micro,9973.0,,1035.0,54.9,5.6,1184.0,538.25,12.6,1.0,0.1,,14.6,,,,,,,523931.0,5269.0,
NSE:KEC,KEC International Limited,Equity,NSE+BSE,532714,INE389H01022,EQ,Construction,Engineering & Construction,Micro,9940.0,,373.4,17.9,1.61,893.0,367.5,58.2,5.5,1.48,,87.3,,,,,,,1050836.0,2341.4,Y
NSE:RATEGAIN,Rategain Travel Technologies Limited,Equity,NSE+BSE,543417,INE0CLI01024,EQ,Information Technology,Software - Application,Micro,9902.0,,836.15,40.8,4.92,1050.0,437.0,20.4,0.0,,,47.3,,,,,,,444675.0,3186.6,
NSE:HCG,Healthcare Global Enterprises Limited,Equity,NSE+BSE,539787,INE075I01017,EQ,Healthcare,Medical Care Facilities,Micro,9894.0,,662.7,430.3,7.2,804.65,513.3,17.6,0.0,,,123.1,,,,,,,191262.0,721.4,
NSE:SUDARSCHEM,Sudarshan Chemical Industries Limited,Equity,NSE+BSE,506655,INE659A01023,EQ,Materials,Specialty Chemicals,Micro,9892.0,,1242.5,137.1,2.83,1360.4,726.4,8.7,5.0,0.4,,64.2,,,,,,,410443.0,5183.2,
NSE:ELECON,Elecon Engineering Company Limited,Equity,NSE+BSE,505700,INE205B01031,EQ,Capital Goods,Specialty Industrial Machinery,Micro,9874.0,,440.0,41.8,4.28,626.0,352.0,29.7,2.0,0.45,,11.8,,,,,,,1196757.0,4417.2,Y
NSE:ZENSARTECH,Zensar Technologies Limited,Equity,NSE+BSE,504067,INE520A01027,EQ,Information Technology,Information Technology Services,Micro,9866.0,,435.0,13.1,2.1,822.0,416.15,47.1,15.0,3.45,,1.7,,,,,,,3885212.0,7939.8,Y
NSE:AXISCADES,AXISCADES Technologies Limited,Equity,NSE+BSE,532395,INE555B01013,EQ,Capital Goods,Engineering & Construction,Micro,9833.0,,2311.9,156.5,13.54,2349.6,1063.3,1.6,0.0,,,52.8,,,,,,,218041.0,15506.4,
NSE:JKTYRE,JK Tyre & Industries Limited,Equity,NSE+BSE,530007,INE573A01042,EQ,Automobile and Auto Components,Auto Parts,Micro,9822.0,,340.7,14.8,1.62,611.9,333.1,44.3,4.0,1.18,,80.6,,,,,,,747412.0,1657.2,Y
NSE:JAINREC,Jain Resource Recycling Limited,Equity,NSE+BSE,544537,INE0YD401026,EQ,Metals & Mining,Other Industrial Metals & Mining,Micro,9800.0,,284.0,26.6,6.42,593.95,271.0,52.2,0.0,,,81.9,,,,,,,1686500.0,2224.7,Y
NSE:WELENT,Welspun Enterprises Limited,Equity,NSE+BSE,532553,INE625G01013,EQ,Capital Goods,Engineering & Construction,Micro,9778.0,,721.0,29.4,3.21,841.9,412.0,14.4,3.0,0.41,,60.9,,,,,,,623422.0,2906.2,
NSE:AVANTIFEED,Avanti Feeds Limited,Equity,NSE+BSE,512573,INE871C01038,EQ,Fast Moving Consumer Goods,Packaged Foods,Micro,9714.0,,713.0,18.3,2.96,1593.8,636.0,55.3,10.0,1.41,,0.4,,,,,,,416295.0,2314.4,Y
NSE:TITAGARH,TITAGARH RAIL SYSTEMS LIMITED,Equity,NSE+BSE,532966,INE615H01020,EQ,Capital Goods,Railroads,Micro,9647.0,,804.75,55.2,4.45,971.0,568.7,17.1,1.0,0.12,,25.4,,,,,,,478035.0,3002.8,Y
NSE:AAVAS,Aavas Financiers Limited,Equity,NSE+BSE,541988,INE216P01012,EQ,Financial Services,Mortgage Finance,Micro,9595.0,,1210.0,14.0,1.9,1771.9,1060.4,31.7,0.0,,,310.6,,,,,,,99864.0,3296.5,Y
NSE:JWL,Jupiter Wagons Limited,Equity,NSE+BSE,533272,INE209L01016,EQ,Capital Goods,Railroads,Micro,9543.0,,223.3,57.1,3.23,358.25,218.45,37.7,2.0,0.69,,33.4,,,,,,,1287151.0,5047.8,Y
NSE:SAREGAMA,Saregama India Limited,Equity,NSE+BSE,532163,INE979A01025,EQ,Media Entertainment & Telecom,Entertainment,Micro,9464.0,,493.0,42.8,5.69,574.5,307.05,14.2,9.0,1.82,,4.3,,,,,,,630813.0,1176.9,
NSE:IEX,Indian Energy Exchange Limited,Equity,NSE+BSE,540750,INE022Q01020,EQ,Financial Services,Capital Markets,Micro,9425.0,,105.98,18.6,6.95,160.27,104.18,33.9,4.0,3.77,,0.8,,,,,,,4693410.0,3365.3,Y
NSE:BLUEJET,Blue Jet Healthcare Limited,Equity,NSE+BSE,544009,INE0KBH01020,EQ,Healthcare,Biotechnology,Micro,9402.0,,542.0,40.0,6.91,692.9,325.0,21.8,1.2,0.22,,3.1,,,,,,,813635.0,2787.9,
NSE:MONEYVIEW,Moneyview Limited,Equity,NSE+BSE,544953,INE0PTN01011,EQ,Information Technology,Software - Application,Micro,9396.0,,53.38,27.0,,62.0,50.27,13.9,0.0,,13.6,,,,,,,,655464953.0,369869.7,
NSE:KENNAMET,Kennametal India Limited,Equity,NSE+BSE,505890,INE717A01029,EQ,Capital Goods,Tools & Accessories,Micro,9385.0,,4270.0,48.0,11.7,5136.0,2405.2,16.9,40.0,0.94,,0.2,,,,,,,42990.0,1699.4,
NSE:CANFINHOME,Can Fin Homes Limited,Equity,NSE+BSE,511196,INE477A01020,EQ,Financial Services,Mortgage Finance,Micro,9374.0,,704.0,8.3,1.57,971.5,700.0,27.5,16.0,2.25,,636.6,,,,,,,256079.0,2978.3,Y
NSE:DYNAMATECH,Dynamatic Technologies Limited,Equity,NSE+BSE,505242,INE221B01012,EQ,Consumer Discretionary,Auto Parts,Micro,9372.0,,13800.0,222.9,11.81,13996.0,6765.0,1.4,8.0,0.06,,80.4,,,,,,,19284.0,5802.1,
NSE:SBFC,SBFC Finance Limited,Equity,NSE+BSE,543959,INE423Y01016,EQ,Financial Services,Credit Services,Micro,9345.0,,84.32,19.3,2.5,123.0,79.6,31.4,0.0,,,195.7,,,,,,,1872682.0,1044.3,
NSE:SGMART,SG Mart Limited,Equity,NSE+BSE,512329,INE385F01024,EQ,Capital Goods,Industrial Distribution,Micro,9342.0,,741.0,75.1,5.85,860.6,313.1,13.9,0.0,,,16.8,,,,,,,569431.0,2346.7,
NSE:BBTC,The Bombay Burmah Trading Corporation Limited,Equity,NSE+BSE,501425,INE050A01025,EQ,Fast Moving Consumer Goods,Packaged Foods,Micro,9341.0,,1338.8,7.2,1.33,2135.0,1307.0,37.3,34.0,2.55,,16.6,,,,,,,318669.0,1036.2,
NSE:FINPIPE,Finolex Industries Limited,Equity,NSE+BSE,500940,INE183A01024,EQ,Capital Goods,Building Products & Equipment,Micro,9318.0,,150.7,15.1,1.5,206.69,147.54,27.1,2.0,1.33,,7.2,,,,,,,455389.0,595.4,
NSE:MAHSEAMLES,Maharashtra Seamless Limited,Equity,NSE+BSE,500265,INE271B01025,EQ,Materials,Steel,Micro,9317.0,,695.3,12.6,1.36,768.0,500.7,9.5,10.0,1.43,,0.2,,,,,,,274314.0,3227.4,
NSE:KRN,KRN Heat Exchanger and Refrigeration Limited,Equity,NSE+BSE,544263,INE0Q3J01015,EQ,Information Technology,Electronic Components,Micro,9278.0,,1417.4,91.1,15.38,1687.0,589.8,16.0,0.0,,,32.6,,,,,,,181594.0,2374.0,
NSE:WEWORK,WeWork India Management Limited,Equity,NSE+BSE,544570,INE085001019,EQ,Realty,Real Estate Services,Micro,9207.0,,663.0,109.2,29.89,794.5,420.0,16.6,0.0,,,1855.0,,,,,,,333379.0,1994.9,
NSE:PRECWIRE,Precision Wires India Limited,Equity,NSE+BSE,523539,INE372C01037,EQ,Capital Goods,Electrical Equipment & Parts,Micro,9195.0,,503.0,52.5,11.91,524.9,193.05,4.2,1.75,0.35,,39.4,,,,,,,767651.0,3474.0,
NSE:MAXESTATES,Max Estates Limited,Equity,NSE+BSE,544008,INE03EI01018,EQ,Realty,Real Estate - Development,Micro,9111.0,,557.0,752.7,3.76,652.8,305.45,14.7,0.0,,,76.2,,,,,,,231243.0,546.6,
NSE:WESTLIFE,WESTLIFE FOODWORLD LIMITED,Equity,NSE+BSE,505533,INE274F01020,EQ,Consumer Discretionary,Restaurants,Micro,9080.0,,585.0,284.0,14.96,690.75,398.4,15.3,0.8,0.14,,291.5,,,,,,,296152.0,711.7,
NSE:SMLMAH,SML Mahindra Limited,Equity,NSE+BSE,505192,INE294B01019,EQ,Consumer Discretionary,Auto Manufacturers,Micro,9044.0,,6249.5,57.8,17.41,6898.5,2719.0,9.4,23.5,0.38,,55.7,,,,,,,163616.0,4618.4,
NSE:ABLBL,Aditya Birla Lifestyle Brands Limited,Equity,NSE+BSE,544403,INE14LE01019,EQ,Consumer Discretionary,Apparel Retail,Micro,9037.0,,74.4,51.3,6.43,150.79,73.41,50.7,0.5,0.67,,213.7,,,,,,,1328643.0,1227.5,
NSE:TSFINV,TSF INVESTMENTS LIMITED,Equity,NSE,,INE202Z01029,EQ,Financial Services,Asset Management,Micro,9026.0,,409.0,18.7,1.51,701.5,331.7,41.7,12.7,3.1,,3.8,,,,,,,89319.0,457.6,
NSE:KWIL,Kwality Wall's (India) Limited,Equity,NSE+BSE,544622,INE2KCE01013,EQ,Fast Moving Consumer Goods,Packaged Foods,Micro,9025.0,,38.41,,13.43,50.68,22.24,24.2,0.0,,,81.5,,,,,,,20746410.0,3431.0,
NSE:PRICOLLTD,Pricol Limited,Equity,NSE+BSE,540293,INE726V01018,EQ,Consumer Discretionary,Auto Parts,Micro,9018.0,,739.9,33.7,7.19,823.0,499.9,10.1,4.0,0.54,,30.2,,,,,,,491010.0,6721.3,
NSE:UNIMECH,Unimech Aerospace and Manufacturing Limited,Equity,NSE+BSE,544322,INE0U3I01011,EQ,Capital Goods,Aerospace & Defense,Micro,9004.0,,1768.9,124.7,12.21,1868.2,695.0,5.3,0.0,,,17.2,,,,,,,251507.0,7040.6,
NSE:OLECTRA,Olectra Greentech Limited,Equity,NSE+BSE,532439,INE260D01016,EQ,Automobile and Auto Components,Farm & Heavy Construction Machinery,Micro,8991.0,,1095.4,50.7,7.33,1578.0,866.6,30.6,0.6,0.05,,30.8,,,,,,,387270.0,6854.0,Y
NSE:KIRLPNU,Kirloskar Pneumatic Company Limited,Equity,NSE+BSE,505283,INE811A01038,EQ,Capital Goods,Specialty Industrial Machinery,Micro,8940.0,,687.9,34.0,7.16,1098.55,495.05,37.4,6.0,0.88,,0.3,,,,,,,255818.0,660.2,
NSE:JAYNECOIND,Jayaswal Neco Industries Limited,Equity,NSE+BSE,522285,INE854B01010,EQ,Materials,Steel,Micro,8933.0,,92.0,15.8,3.14,117.0,64.4,21.4,0.0,,,74.7,,,,,,,5154307.0,2903.7,
NSE:BLS,BLS International Services Limited,Equity,NSE+BSE,540073,INE153T01027,EQ,Consumer Services,Specialty Business Services,Micro,8924.0,,216.85,12.7,3.62,359.0,212.0,39.6,2.5,1.15,,15.5,,,,,,,1950760.0,1734.7,Y
NSE:TIMETECHNO,Time Technoplast Limited,Equity,NSE+BSE,532856,INE508G01029,EQ,Consumer Discretionary,Packaging & Containers,Micro,8908.0,,180.46,16.0,2.18,227.5,154.0,20.7,1.5,0.83,,17.6,,,,,,,3455723.0,3706.0,
NSE:AFCONS,Afcons Infrastructure Limited,Equity,NSE+BSE,544280,INE101I01011,EQ,Construction,Engineering & Construction,Micro,8900.0,,242.0,62.1,1.63,479.4,225.35,49.5,2.0,0.83,,66.5,,,,,,,1897265.0,1040.8,Y
NSE:ALKYLAMINE,Alkyl Amines Chemicals Limited,Equity,NSE+BSE,506767,INE150B01039,EQ,Materials,Specialty Chemicals,Micro,8893.0,,1738.6,39.6,5.8,2115.0,1212.0,17.8,10.0,0.57,,0.1,,,,,,,119954.0,654.8,
NSE:AARTIPHARM,Aarti Pharmalabs Limited,Equity,NSE+BSE,543748,INE0LRU01027,EQ,Healthcare,Drug Manufacturers - Specialty & Generic,Micro,8887.0,,980.0,43.4,4.18,1002.4,585.0,2.2,4.0,0.41,,37.4,,,,,,,766159.0,6238.5,
NSE:KINGFA,Kingfa Science & Technology (India) Limited,Equity,NSE+BSE,524019,INE473D01015,EQ,Materials,Specialty Chemicals,Micro,8876.0,,6550.0,38.4,6.34,6628.0,3649.9,1.2,20.0,0.3,,1.1,,,,,,,15816.0,1067.0,
NSE:PGHL,Procter & Gamble Health Limited,Equity,NSE+BSE,500126,INE199A01012,EQ,Healthcare,Drug Manufacturers - Specialty & Generic,Micro,8867.0,,5342.0,24.9,16.9,6975.0,4707.0,23.4,155.0,2.89,,1.8,,,,,,,16689.0,472.2,
NSE:ICIL,Indo Count Industries Limited,Equity,NSE+BSE,521016,INE483B01026,EQ,Consumer Discretionary,Textile Manufacturing,Micro,8809.0,,444.8,58.3,3.74,485.95,216.9,8.5,1.5,0.34,,57.0,,,,,,,990186.0,1951.0,
NSE:SHIPROCKET,Shiprocket Limited,Equity,NSE+BSE,544871,INE0FOO01011,EQ,Information Technology,Software - Application,Micro,8753.0,,120.3,,,156.9,116.64,23.3,0.0,,,22.6,,,,,,,21430954.0,2321.2,
NSE:SANOFICONR,Sanofi Consumer Healthcare India Limited,Equity,NSE+BSE,544250,INE0UOS01011,EQ,Healthcare,Drug Manufacturers - General,Micro,8707.0,,3775.2,32.7,24.99,5255.0,3691.0,28.2,75.0,1.98,87.9,6.0,,,,,,,8142.0,368.1,
NSE:SUVEN,Suven Life Sciences Limited,Equity,NSE+BSE,530239,INE495B01038,EQ,Healthcare,Drug Manufacturers - Specialty & Generic,Micro,8678.0,,307.1,,13.69,403.35,124.11,23.9,0.0,,,2.8,,,,,,,1017975.0,2189.5,
NSE:GNFC,Gujarat Narmada Valley Fertilizers and Chemicals Limited,Equity,NSE+BSE,500670,INE113A01013,EQ,Materials,Chemicals,Micro,8614.0,,586.2,8.3,0.95,636.0,365.0,7.8,21.0,3.56,,0.1,,,,,,,751462.0,3704.0,
NSE:SANDUMA,Sandur Manganese & Iron Ores Limited,Equity,NSE+BSE,504918,INE149K01016,EQ,Materials,Steel,Micro,8611.0,,177.15,12.0,2.65,273.0,170.51,35.1,0.5,0.28,,30.6,,,,,,,650552.0,1184.3,
NSE:CLEAN,Clean Science and Technology Limited,Equity,NSE+BSE,543318,INE227W01023,EQ,Chemicals,Specialty Chemicals,Micro,8589.0,,808.1,36.9,5.43,1097.9,652.0,26.4,6.0,0.75,,0.1,,,,,,,387868.0,2515.6,Y
NSE:ESABINDIA,Esab India Limited,Equity,NSE+BSE,500133,INE284A01012,EQ,Capital Goods,Tools & Accessories,Micro,8572.0,,5569.0,38.6,19.96,7319.5,4710.0,23.9,100.0,1.82,,0.8,,,,,,,5420.0,207.3,
NSE:KRBL,KRBL Limited,Equity,NSE+BSE,530813,INE001B01026,EQ,Fast Moving Consumer Goods,Packaged Foods,Micro,8570.0,,374.4,11.3,1.48,452.8,274.65,17.3,4.5,1.2,,2.9,,,,,,,602244.0,1762.1,
NSE:JLHL,Jupiter Life Line Hospitals Limited,Equity,NSE+BSE,543980,INE682M01020,EQ,Healthcare,Medical Care Facilities,Micro,8553.0,,260.9,45.6,5.54,340.0,235.6,23.3,0.2,0.08,,37.8,,,,,,,192508.0,366.7,
NSE:SWANCORP,SWAN CORP LIMITED,Equity,NSE+BSE,503310,INE665A01038,EQ,Chemicals,Conglomerates,Micro,8548.0,,272.7,38.7,1.13,493.6,267.95,44.8,0.15,0.05,,24.6,,,,,,,1853526.0,1997.3,Y
NSE:TARIL,Transformers And Rectifiers (India) Limited,Equity,NSE+BSE,532928,INE763I01026,EQ,Capital Goods,Electrical Equipment & Parts,Micro,8525.0,,284.0,32.0,5.51,501.2,224.05,43.3,0.25,0.09,,29.6,,,,,,,2504174.0,165527.0,Y
NSE:PNGJL,P N Gadgil Jewellers Limited,Equity,NSE+BSE,544256,INE953R01016,EQ,Consumer Discretionary,Luxury Goods,Micro,8516.0,,578.5,17.6,4.0,736.4,503.0,21.4,0.0,,,88.5,,,,,,,606577.0,2441.2,
NSE:INTELLECT,Intellect Design Arena Limited,Equity,NSE+BSE,538835,INE306R01017,EQ,Information Technology,Software - Application,Micro,8504.0,,609.5,24.5,2.67,1244.6,593.2,51.0,4.0,0.65,,5.0,,,,,,,416476.0,1650.2,Y
NSE:LEMONTREE,Lemon Tree Hotels Limited,Equity,NSE+BSE,541233,INE970X01018,EQ,Consumer Services,Lodging,Micro,8493.0,,107.25,36.1,6.1,174.2,99.61,38.4,0.0,,,96.4,,,,,,,3240591.0,35184.5,Y
NSE:WAAREERTL,Waaree Renewable Technologies Limited,Equity,NSE+BSE,534618,INE299N01021,EQ,Capital Goods,Engineering & Construction,Micro,8454.0,,809.95,16.6,9.02,1358.0,779.5,40.4,0.0,,,15.6,,,,,,,149848.0,1045.4,
NSE:THYROCARE,Thyrocare Technologies Limited,Equity,NSE+BSE,539871,INE594H01019,EQ,Healthcare,Diagnostics & Research,Micro,8451.0,,531.0,48.1,14.43,662.0,342.55,19.8,16.33,3.06,,8.6,,,,,,,734335.0,1183.5,
NSE:BANCOINDIA,Banco Products (I) Limited,Equity,NSE+BSE,500039,INE213C01025,EQ,Consumer Discretionary,Auto Parts,Micro,8446.0,,590.5,17.1,5.01,879.8,502.0,32.9,16.0,2.71,,36.4,,,,,,,124763.0,467.0,
NSE:FIRSTCRY,Brainbees Solutions Limited,Equity,NSE+BSE,544226,INE02RE01045,EQ,Consumer Services,Internet Retail,Micro,8433.0,,173.8,,1.73,389.65,163.37,55.4,0.0,,,29.8,,,,,,,3713129.0,3792.6,Y
NSE:MMTC,MMTC Limited,Equity,NSE+BSE,513377,INE123F01029,EQ,Services,Conglomerates,Micro,8430.0,,56.2,18.9,3.98,78.35,50.1,28.3,0.0,,,0.1,,,,,,,2141121.0,520.0,Y
NSE:GALAXYSURF,Galaxy Surfactants Limited,Equity,NSE+BSE,540935,INE600K01018,EQ,Materials,Specialty Chemicals,Micro,8374.0,,2362.0,23.7,3.05,2648.0,1510.0,10.8,22.0,0.93,,8.6,,,,,,,50421.0,5246.3,
NSE:TEJASNET,Tejas Networks Limited,Equity,NSE+BSE,540595,INE010J01012,EQ,Telecommunication,Communication Equipment,Micro,8308.0,,467.0,,2.83,644.75,294.0,27.6,2.5,0.42,,142.5,,,,,,,2936245.0,8432.3,Y
NSE:RPEL,Raghav Productivity Enhancers Limited,Equity,NSE+BSE,539837,INE912T01018,EQ,Materials,Chemicals,Micro,8280.0,,1803.0,132.2,33.85,1943.7,561.3,7.2,1.0,0.05,,2.2,,,,,,,103213.0,3292.6,
NSE:SETL,Standard Engineering Technology Limited,Equity,NSE+BSE,544333,INE0M4D01010,EQ,Capital Goods,Specialty Industrial Machinery,Micro,8268.0,,414.45,96.6,10.51,468.15,104.56,11.5,0.0,,,10.4,,,,,,,1003893.0,2928.6,
NSE:RAILTEL,Railtel Corporation Of India Limited,Equity,NSE+BSE,543265,INE0DD101019,EQ,Telecommunication,Telecom Services,Micro,8264.0,,257.5,23.9,3.65,400.8,245.0,35.8,3.25,1.26,16.3,2.8,,,,,,,825867.0,2192.8,Y
NSE:VESUVIUS,Vesuvius India Limited,Equity,NSE+BSE,520113,INE386A01023,EQ,Capital Goods,Specialty Industrial Machinery,Micro,8225.0,,405.25,32.1,4.71,607.9,383.0,33.3,1.5,0.37,,0.8,,,,,,,245150.0,1259.6,
NSE:TIPSMUSIC,Tips Music Limited,Equity,NSE+BSE,532375,INE716B01029,EQ,Media Entertainment & Telecom,Entertainment,Micro,8225.0,,646.8,38.5,31.81,741.0,481.15,12.7,16.0,2.48,,2.0,,,,,,,557393.0,1572.0,
NSE:NCC,NCC Limited,Equity,NSE+BSE,500294,INE868B01028,EQ,Construction,Engineering & Construction,Micro,8137.0,,129.6,11.6,1.03,217.25,126.65,40.3,2.2,1.69,,57.4,,,,,,,2652222.0,8737.5,Y
NSE:MIDHANI,Mishra Dhatu Nigam Limited,Equity,NSE+BSE,541195,INE099Z01011,EQ,Materials,Steel,Micro,8065.0,,430.5,59.8,5.26,482.4,266.65,10.8,2.5,0.58,,26.6,,,,,,,1738798.0,3581.8,
NSE:RPOWER,Reliance Power Limited,Equity,NSE+BSE,532939,INE614G01033,EQ,Power,Utilities - Independent Power Producers,Micro,8032.0,,19.42,,0.5,50.73,19.09,61.7,0.0,,,92.3,,,,,,,20091879.0,5543.9,Y
NSE:EBGNG,GNG Electronics Limited,Equity,NSE+BSE,544455,INE18JU01028,EQ,Information Technology,Computer Hardware,Micro,8026.0,,704.0,56.5,10.58,730.0,239.0,3.6,0.0,,,58.5,,,,,,,718285.0,6146.6,
NSE:GPPL,Gujarat Pipavav Port Limited,Equity,NSE+BSE,533248,INE517F01014,EQ,Capital Goods,Marine Shipping,Micro,8023.0,,165.9,14.4,3.41,200.09,141.55,17.1,10.0,6.03,,1.5,,,,,,,1701623.0,3333.0,
NSE:RHIM,RHI MAGNESITA INDIA LIMITED,Equity,NSE+BSE,534076,INE743M01012,EQ,Capital Goods,Metal Fabrication,Micro,7983.0,,386.6,,2.24,508.3,323.05,23.9,2.5,0.65,,12.6,,,,,,,893420.0,1616.9,Y
NSE:RAYMOND,Raymond Limited,Equity,NSE+BSE,500330,INE301A01014,EQ,Capital Goods,Specialty Industrial Machinery,Micro,7953.0,,1195.0,181.6,2.8,1241.0,320.0,3.7,0.0,,,34.1,,,,,,,2542959.0,14149.3,
NSE:GMRP&UI,GMR Power and Urban Infra Limited,Equity,NSE+BSE,543490,INE0CU601026,EQ,Oil Gas & Consumable Fuels,Thermal Coal,Micro,7927.0,,101.49,13.0,4.16,136.3,86.8,25.5,0.0,,,549.8,,,,,,,1312927.0,1756.5,
NSE:HEGAM,HEG Advanced Materials Limited,Equity,NSE+BSE,509631,INE545A01024,EQ,Capital Goods,Electrical Equipment & Parts,Micro,7906.0,,239.71,12.8,,753.9,214.1,68.2,3.4,1.42,,16.7,,,,,,,2195229.0,1829.7,Y
NSE:BATAINDIA,Bata India Limited,Equity,NSE+BSE,500043,INE176A01028,EQ,Consumer Durables,Footwear & Accessories,Micro,7874.0,,612.6,54.0,4.93,1238.0,605.0,50.5,34.0,5.55,,86.9,,,,,,,369667.0,778.1,Y
NSE:EMIL,Electronics Mart India Limited,Equity,NSE+BSE,543626,INE02YR01019,EQ,Consumer Discretionary,Specialty Retail,Micro,7849.0,,204.0,38.0,4.84,208.98,84.9,2.4,0.0,,,122.8,,,,,,,6526416.0,8141.3,
NSE:SUNFLAG,Sunflag Iron And Steel Company Limited,Equity,NSE+BSE,500404,INE947A01014,EQ,Materials,Steel,Micro,7830.0,,434.45,38.1,0.88,471.0,192.15,7.8,1.0,0.23,,5.9,,,,,,,366662.0,1851.6,
NSE:POWERMECH,Power Mech Projects Limited,Equity,NSE+BSE,539302,INE211R01019,EQ,Capital Goods,Engineering & Construction,Micro,7822.0,,2474.0,20.0,3.11,3007.5,1717.7,17.7,1.5,0.06,,25.6,,,,,,,64353.0,1292.5,
NSE:MEDPLUS,Medplus Health Services Limited,Equity,NSE+BSE,543427,INE804L01022,EQ,Healthcare,Pharmaceutical Retailers,Micro,7808.0,,650.2,37.1,3.95,1022.2,642.6,36.4,0.0,,,72.1,,,,,,,198366.0,878.1,
NSE:EQUITASBNK,Equitas Small Finance Bank Limited,Equity,NSE+BSE,543243,INE063P01018,EQ,Financial Services,Banks - Regional,Micro,7803.0,,68.2,15.3,1.27,83.9,51.25,18.7,0.0,,,94.2,,,,,,,2763439.0,1080.1,
NSE:EMBDL,Embassy Developments Limited,Equity,NSE+BSE,532832,INE069I01010,EQ,Realty,Real Estate - Diversified,Micro,7784.0,,56.0,,0.79,97.42,39.46,42.5,0.0,,,53.4,,,,,,,2704226.0,1194.8,
NSE:KIRLFER,Kirloskar Ferrous Industries Limited,Equity,NSE+BSE,500245,INE884B01025,EQ,Capital Goods,Metal Fabrication,Micro,7757.0,,469.7,22.1,2.01,513.0,408.0,8.4,6.0,1.29,,26.8,,,,,,,119436.0,489.6,
NSE:GENUSPOWER,Genus Power Infrastructures Limited,Equity,NSE+BSE,530343,INE955D01029,EQ,Capital Goods,Electrical Equipment & Parts,Micro,7748.0,,280.1,11.9,3.49,363.0,206.36,22.8,0.5,0.18,,103.8,,,,,,,2297821.0,6419.5,
NSE:GRINFRA,G R Infraprojects Limited,Equity,NSE+BSE,543317,INE201P01022,EQ,Capital Goods,Engineering & Construction,Micro,7731.0,,799.0,7.6,0.82,1309.8,775.0,39.0,5.0,0.63,,51.9,,,,,,,31619.0,158.3,
NSE:RELIGARE,Religare Enterprises Limited,Equity,NSE+BSE,532915,INE621H01010,EQ,Financial Services,Insurance - Life,Micro,7722.0,,224.0,149.3,2.56,280.0,196.51,20.0,0.0,,,12.7,,,,,,,1042660.0,1901.4,
NSE:HEROMOTORS,Hero Motors Limited,Equity,NSE+BSE,544936,INE012G01022,EQ,Consumer Discretionary,Auto Parts,Micro,7622.0,,167.8,174.8,,167.8,80.5,0.0,0.32,,9.1,111.1,,,,,,,116302877.0,143119.4,
NSE:BSOFT,BIRLASOFT LIMITED,Equity,NSE+BSE,532400,INE836A01035,EQ,Information Technology,Information Technology Services,Micro,7550.0,,270.0,13.2,1.83,474.0,267.05,43.0,6.5,2.41,,3.4,,,,,,,1795063.0,4188.2,Y
NSE:GARFIBRES,Garware Technical Fibres Limited,Equity,NSE+BSE,509557,INE276A01018,EQ,Consumer Discretionary,Textile Manufacturing,Micro,7514.0,,769.5,36.3,5.64,863.4,579.75,10.9,9.0,1.17,,3.2,,,,,,,58611.0,210.0,
NSE:OMNI,Omnitech Engineering Limited,Equity,NSE+BSE,544720,INE0UH301010,EQ,Capital Goods,Specialty Industrial Machinery,Micro,7500.0,,606.45,72.1,9.87,764.85,176.25,20.7,0.0,,,64.0,,,,,,,1241871.0,15929.4,
NSE:MAHLIFE,Mahindra Lifespace Developers Limited,Equity,NSE+BSE,532313,INE813A01018,EQ,Realty,Real Estate - Development,Micro,7487.0,,350.5,22.3,2.06,427.05,286.8,17.9,3.5,1.0,12.0,18.3,,,,,,,212678.0,368.0,
NSE:PAISALO,Paisalo Digital Limited,Equity,NSE+BSE,532900,INE420C01059,EQ,Financial Services,Credit Services,Micro,7474.0,,79.51,28.7,4.0,94.88,30.0,16.2,0.1,0.13,,243.2,,,,,,,15598281.0,12323.3,
NSE:KMEW,Knowledge Marine & Engineering Works Limited,Equity,NSE+BSE,543273,INE0CJD01029,EQ,Capital Goods,Marine Shipping,Micro,7470.0,,2945.0,59.1,12.63,3175.0,1084.6,7.2,0.0,,,38.8,,,,,,,116072.0,4093.6,
NSE:SUPRIYA,Supriya Lifescience Limited,Equity,NSE+BSE,543434,INE07RO01027,EQ,Healthcare,Biotechnology,Micro,7445.0,,925.0,37.5,6.22,1085.0,545.5,14.7,1.0,0.11,,0.5,,,,,,,359640.0,1941.2,
NSE:AVL,Aditya Vision Limited,Equity,NSE+BSE,540205,INE679V01027,EQ,Consumer Discretionary,Specialty Retail,Micro,7413.0,,574.0,53.3,10.72,705.0,436.55,18.6,1.25,0.22,,83.2,,,,,,,192336.0,1381.9,
NSE:ORKLAINDIA,Orkla India Limited,Equity,NSE+BSE,544595,INE16NZ01023,EQ,Fast Moving Consumer Goods,Packaged Foods,Micro,7396.0,,539.9,25.1,2.67,760.0,530.05,29.0,0.0,,,2.3,,,,,,,94933.0,500.7,
NSE:EPL,EPL Limited,Equity,NSE+BSE,500135,INE255A01020,EQ,Consumer Discretionary,Packaging & Containers,Micro,7385.0,,230.2,19.1,2.57,274.03,176.4,16.0,5.0,2.15,,33.6,,,,,,,4187986.0,6062.6,
NSE:POWERICA,Powerica Limited,Equity,NSE+BSE,544744,INE921L01032,EQ,Capital Goods,Specialty Industrial Machinery,Micro,7378.0,,583.0,26.2,3.26,676.95,365.1,13.9,0.0,,,28.5,,,,,,,215259.0,1436.4,
NSE:TIMEX,Timex Group India Limited,Equity,NSE+BSE,500414,INE064A01026,EQ,Consumer Discretionary,Luxury Goods,Micro,7369.0,,730.0,87.0,97.75,748.0,323.0,2.4,0.0,,,31.9,,,,,,,492578.0,3078.8,
NSE:BLISSGVS,Bliss GVS Pharma Limited,Equity,NSE+BSE,506197,INE416D01022,BE,Healthcare,Drug Manufacturers - Specialty & Generic,Micro,7331.0,,689.5,54.8,6.11,739.9,118.0,6.8,2.0,0.29,,1.8,,,,,,,394877.0,942.9,
NSE:V2RETAIL,V2 Retail Limited,Equity,NSE+BSE,532867,INE945H01021,EQ,Consumer Discretionary,Apparel Retail,Micro,7324.0,,200.85,40.1,8.12,259.25,172.03,22.5,0.0,,,110.2,,,,,,,930859.0,3422.9,
NSE:MOREPENLAB,Morepen Laboratories Limited,Equity,NSE+BSE,500288,INE083A01026,EQ,Healthcare,Drug Manufacturers - Specialty & Generic,Micro,7321.0,,133.6,52.4,6.03,135.29,33.05,1.2,0.2,0.15,,16.7,,,,,,,21617506.0,49973.6,
NSE:ENTERO,Entero Healthcare Solutions Limited,Equity,NSE+BSE,544122,INE010601016,EQ,Healthcare,Medical Distribution,Micro,7290.0,,1675.0,58.3,4.32,1920.0,944.0,12.8,0.0,,,38.6,,,,,,,255211.0,3390.5,
NSE:CORDELIA,Waterways Leisure Tourism Limited,Equity,NSE+BSE,544802,INE0LZF01039,EQ,Capital Goods,Marine Shipping,Micro,7282.0,,100.59,,81.71,118.53,62.31,15.1,0.0,,,146.8,,,,,,,5039606.0,1449.4,
NSE:MBAPL,Madhya Bharat Agro Products Limited,Equity,NSE,,INE900L01028,EQ,Materials,Agricultural Inputs,Micro,7273.0,,166.0,47.0,13.23,174.94,76.56,5.1,0.1,0.06,,156.7,,,,,,,1293560.0,1450.9,
NSE:OPTIEMUS,Optiemus Infracom Limited,Equity,NSE+BSE,530135,INE350C01017,EQ,Information Technology,Electronics & Computer Distribution,Micro,7267.0,,805.9,100.2,9.2,850.65,288.0,5.3,0.0,,,45.4,,,,,,,673113.0,5183.8,
NSE:NEOGEN,Neogen Chemicals Limited,Equity,NSE+BSE,542665,INE136S01016,EQ,Materials,Specialty Chemicals,Micro,7240.0,,2410.0,185.4,7.78,2499.7,966.7,3.6,1.0,0.04,,170.9,,,,,,,195893.0,2509.2,
NSE:NESCO,Nesco Limited,Equity,NSE+BSE,505355,INE317F01035,EQ,Capital Goods,Conglomerates,Micro,7222.0,,1025.0,17.3,2.41,1422.8,996.0,28.0,7.0,0.68,,9.1,,,,,,,55383.0,393.5,
NSE:GAEL,Gujarat Ambuja Exports Limited,Equity,NSE+BSE,524226,INE036B01030,EQ,Fast Moving Consumer Goods,Packaged Foods,Micro,7216.0,,157.32,17.3,2.19,184.99,101.2,15.0,0.3,0.19,,13.4,,,,,,,1351336.0,788.6,
NSE:CELLO,Cello World Limited,Equity,NSE+BSE,544012,INE0LMW01024,EQ,Consumer Discretionary,"Furnishings, Fixtures & Appliances",Micro,7216.0,,326.7,22.7,2.67,673.8,314.0,51.5,1.5,0.46,,1.4,,,,,,,924892.0,835.1,
NSE:SKFINDIA,SKF India Limited,Equity,NSE+BSE,500472,INE640A01023,EQ,Capital Goods,Tools & Accessories,Micro,7192.0,,1454.8,34.4,5.41,5074.0,1404.0,71.3,40.0,2.76,,0.2,,,,,,,78704.0,921.1,
NSE:STARCEMENT,Star Cement Limited,Equity,NSE+BSE,540575,INE460H01021,EQ,Materials,Building Materials,Micro,7162.0,,177.2,19.4,2.25,273.0,175.2,35.1,2.0,1.12,,18.9,,,,,,,246754.0,305.2,
NSE:IXIGO,Le Travenues Technology Limited,Equity,NSE+BSE,544192,INE0HV901016,EQ,Consumer Discretionary,Travel Services,Micro,7141.0,,161.9,83.0,3.51,339.15,151.27,52.3,0.0,,,2.2,,,,,,,1153756.0,1075.4,
NSE:CYIENTDLM,Cyient DLM Limited,Equity,NSE+BSE,543933,INE055S01018,EQ,Capital Goods,Aerospace & Defense,Micro,7063.0,,890.0,85.8,6.98,1009.0,265.2,11.8,0.0,,,17.0,,,,,,,925194.0,3510.2,
NSE:INDIASHLTR,India Shelter Finance Corporation Limited,Equity,NSE+BSE,544044,INE922K01024,EQ,Financial Services,Mortgage Finance,Micro,7053.0,,645.9,13.6,2.2,924.0,620.15,30.1,10.0,1.55,,195.3,,,,,,,120369.0,566.5,
NSE:SONATSOFTW,Sonata Software Limited,Equity,NSE+BSE,532221,INE269A01021,EQ,Information Technology,Information Technology Services,Micro,7047.0,,254.6,15.2,3.7,400.5,207.15,36.4,7.9,3.11,,38.0,,,,,,,2020747.0,2177.3,
NSE:RELAXO,Relaxo Footwears Limited,Equity,NSE+BSE,530517,INE131B01039,EQ,Consumer Discretionary,Footwear & Accessories,Micro,7023.0,,282.1,37.9,3.18,454.75,236.5,38.0,3.5,1.23,,10.5,,,,,,,1086660.0,386.1,
NSE:RAIN,Rain Industries Limited,Equity,NSE+BSE,500339,INE855B01025,EQ,Materials,Specialty Chemicals,Micro,7018.0,,208.65,13.1,0.88,252.0,99.9,17.2,1.0,0.48,8.5,130.5,,,,,,,5105548.0,9053.5,
NSE:TTKPRESTIG,TTK Prestige Limited,Equity,NSE+BSE,517506,INE690A01028,EQ,Consumer Discretionary,"Furnishings, Fixtures & Appliances",Micro,7010.0,,511.8,36.2,3.54,771.2,423.0,33.6,7.5,1.48,,8.8,,,,,,,294856.0,321.6,
NSE:SANOFI,Sanofi India Limited,Equity,NSE+BSE,500674,INE058A01010,EQ,Healthcare,Drug Manufacturers - General,Micro,7001.0,,3040.0,21.6,8.48,4898.0,3001.1,37.9,240.0,7.9,40.3,1.8,,,,,,,22463.0,565.4,
NSE:KSHINTL,KSH International Limited,Equity,NSE+BSE,544664,INE987S01020,EQ,Capital Goods,Electrical Equipment & Parts,Micro,6972.0,,1029.0,53.8,8.62,1198.0,330.0,14.1,0.0,,,39.7,,,,,,,346610.0,2170.4,
NSE:HNDFDS,Hindustan Foods Limited,Equity,NSE+BSE,519126,INE254N01026,EQ,Capital Goods,Conglomerates,Micro,6966.0,,574.25,43.6,5.97,677.75,442.0,15.3,0.0,,,93.4,,,,,,,96187.0,403.8,
NSE:SJS,S.J.S. Enterprises Limited,Equity,NSE+BSE,543387,INE284S01014,EQ,Consumer Discretionary,Auto Parts,Micro,6963.0,,2159.2,33.2,7.96,2590.0,1447.1,16.6,3.5,0.16,,2.6,,,,,,,153957.0,6655.4,
NSE:BENGALASM,Bengal & Assam Company Limited,Equity,NSE+BSE,533095,INE083K01017,EQ,Consumer Discretionary,Auto Parts,Micro,6956.0,,6099.5,8.5,0.65,6700.0,5900.0,9.0,0.0,,,6.0,,,,,,,728.0,23.5,
NSE:JKPAPER,JK Paper Limited,Equity,NSE+BSE,532162,INE789E01012,EQ,Materials,Paper & Paper Products,Micro,6954.0,,383.55,21.9,1.26,442.0,304.85,13.2,4.0,1.05,,44.5,,,,,,,696365.0,1401.6,
NSE:CENTUM,Centum Electronics Limited,Equity,NSE+BSE,517544,INE320B01020,EQ,Information Technology,Electronic Components,Micro,6917.0,,4686.0,73.3,20.13,4999.5,2044.2,6.3,5.0,0.11,,38.0,,,,,,,79140.0,3732.3,
NSE:MANINDS,Man Industries (India) Limited,Equity,NSE+BSE,513269,INE993A01026,EQ,Materials,Steel,Micro,6916.0,,922.0,33.9,3.21,1039.7,302.05,11.3,0.0,,,30.1,,,,,,,1152803.0,9050.5,
NSE:ZEEL,Zee Entertainment Enterprises Limited,Equity,NSE+BSE,505537,INE256A01028,EQ,Media Entertainment & Publication,Broadcasting,Micro,6914.0,,71.98,34.1,0.58,118.35,68.0,39.2,2.0,2.78,,2.3,,,,,,,26447955.0,10008.6,Y
NSE:AEROFLEX,Aeroflex Industries Limited,Equity,NSE+BSE,543972,INE024001021,EQ,Capital Goods,Metal Fabrication,Micro,6868.0,,519.0,100.6,15.36,584.15,158.0,11.2,0.4,0.08,,2.0,,,,,,,1468485.0,6194.6,
NSE:ETHOSLTD,Ethos Limited,Equity,NSE+BSE,543532,INE04TZ01018,EQ,Consumer Discretionary,Luxury Goods,Micro,6820.0,,2548.9,65.4,4.58,3245.9,1919.4,21.5,0.0,,,19.4,,,,,,,93382.0,1164.3,
NSE:KPIGREEN,KPI Green Energy Limited,Equity,NSE+BSE,542323,INE542W01025,EQ,Power,Utilities - Renewable,Micro,6798.0,,343.9,14.9,2.24,542.25,271.9,36.6,1.0,0.29,,158.8,,,,,,,1724009.0,5510.7,
NSE:EUREKAFORB,Eureka Forbes Limited,Equity,NSE+BSE,543482,INE0KCE01017,EQ,Consumer Discretionary,"Furnishings, Fixtures & Appliances",Micro,6778.0,,350.05,37.6,1.47,668.3,348.0,47.6,0.0,,,0.6,,,,,,,172119.0,956.1,
NSE:ISGEC,Isgec Heavy Engineering Limited,Equity,NSE+BSE,533033,INE858B01029,EQ,Capital Goods,Specialty Industrial Machinery,Micro,6765.0,,920.1,61.0,2.47,1113.9,683.95,17.4,6.0,0.65,,32.9,,,,,,,74273.0,1839.2,
NSE:JYOTHYLAB,Jyothy Labs Limited,Equity,NSE+BSE,532926,INE668F01031,EQ,Fast Moving Consumer Goods,Household & Personal Products,Micro,6753.0,,183.89,23.8,4.25,325.0,180.01,43.4,3.5,1.91,,3.2,,,,,,,848978.0,715.9,
NSE:TCI,Transport Corporation of India Limited,Equity,NSE+BSE,532349,INE688A01022,EQ,Capital Goods,Integrated Freight & Logistics,Micro,6752.0,,878.75,14.8,2.63,1242.0,797.0,29.2,10.0,1.14,,12.0,,,,,,,132359.0,425.2,
NSE:SFL,Sheela Foam Limited,Equity,NSE+BSE,540203,INE916U01025,EQ,Consumer Discretionary,"Furnishings, Fixtures & Appliances",Micro,6743.0,,617.5,31.5,2.07,832.45,456.8,25.8,1.0,0.16,,27.8,,,,,,,273359.0,1229.6,
NSE:SAPPHIRE,Sapphire Foods India Limited,Equity,NSE+BSE,543397,INE806T01020,EQ,Consumer Discretionary,Restaurants,Micro,6726.0,,209.04,,4.83,310.5,139.91,32.7,0.0,,,102.1,,,,,,,1842874.0,1139.7,
NSE:SAFARI,Safari Industries (India) Limited,Equity,NSE+BSE,523025,INE429E01023,EQ,Consumer Discretionary,Footwear & Accessories,Micro,6718.0,,1371.1,40.8,6.03,2507.1,1363.1,45.3,4.0,0.29,,10.5,,,,,,,39262.0,409.8,
NSE:AJAXENGG,Ajax Engineering Limited,Equity,NSE+BSE,544356,INE274Y01021,EQ,Capital Goods,Farm & Heavy Construction Machinery,Micro,6705.0,,586.0,29.7,4.82,678.0,394.8,13.6,0.0,,,0.1,,,,,,,103411.0,449.8,
NSE:TTML,Tata Teleservices (Maharashtra) Limited,Equity,NSE+BSE,532371,INE517B01013,EQ,Telecommunication,Telecom Services,Micro,6701.0,,34.28,180.4,-0.34,60.08,31.22,42.9,0.0,,,,,,,,,,4076780.0,2982.5,Y
NSE:BALAMINES,Balaji Amines Limited,Equity,NSE+BSE,530999,INE050E01027,EQ,Materials,Specialty Chemicals,Micro,6665.0,,2057.0,32.7,3.37,2629.8,968.1,21.8,11.0,0.54,,6.2,,,,,,,261323.0,4388.8,
NSE:INOXGREEN,Inox Green Energy Services Limited,Equity,NSE+BSE,543667,INE510W01014,EQ,Power,Utilities - Renewable,Micro,6651.0,,158.51,50.3,3.63,279.0,132.58,43.2,0.0,,,5.1,,,,,,,1253828.0,1560.1,
NSE:SKIPPER,Skipper Limited,Equity,NSE+BSE,538562,INE439E01022,EQ,Capital Goods,Engineering & Construction,Micro,6644.0,,543.9,27.3,4.09,616.8,327.05,11.8,0.1,0.02,,63.6,,,,,,,979285.0,5610.2,
NSE:CEIGALL,Ceigall India Limited,Equity,NSE+BSE,544223,INE0AG901020,EQ,Capital Goods,Engineering & Construction,Micro,6637.0,,381.0,20.5,3.04,405.7,222.61,6.1,0.5,0.13,,61.1,,,,,,,456270.0,647.1,
NSE:IBULLSLTD,Indiabulls Limited,Equity,NSE+BSE,533520,INE126M01010,EQ,Realty,Real Estate - Development,Micro,6629.0,,29.58,15.5,2.23,32.5,8.9,9.0,0.0,,,14.8,,,,,,,12844825.0,4284.7,
NSE:BORORENEW,BOROSIL RENEWABLES LIMITED,Equity,NSE+BSE,502219,INE666D01022,EQ,Information Technology,Solar,Micro,6623.0,,450.0,16.0,4.17,721.0,374.4,37.6,0.0,,,10.7,,,,,,,601503.0,2383.4,
NSE:KISSHT,OnEMI Technology Solutions Limited,Equity,NSE+BSE,544754,INE12F801023,EQ,Financial Services,Credit Services,Micro,6621.0,,371.75,19.8,3.29,386.25,190.0,3.8,0.0,,,180.9,,,,,,,1814898.0,13306.0,
NSE:SPECTRUM,Spectrum Electrical Industries Limited,Equity,NSE+BSE,544386,INE01EO01010,BE,Capital Goods,Electrical Equipment & Parts,Micro,6608.0,,3867.0,116.7,24.81,3980.0,1050.0,2.8,0.0,,,101.8,,,,,,,39487.0,321.0,
NSE:INNOVACAP,Innova Captab Limited,Equity,NSE+BSE,544067,INE0DUT01020,EQ,Healthcare,Drug Manufacturers - Specialty & Generic,Micro,6598.0,,1153.0,42.9,6.05,1353.5,622.0,14.8,4.0,0.34,,31.5,,,,,,,97075.0,3150.4,
NSE:TIIL,Technocraft Industries (India) Limited,Equity,NSE+BSE,532804,INE545H01011,EQ,Capital Goods,Tools & Accessories,Micro,6584.0,,2904.0,19.4,3.26,3565.3,1868.5,18.5,40.0,1.38,,40.2,,,,,,,42938.0,909.8,
NSE:CERA,Cera Sanitaryware Limited,Equity,NSE+BSE,532443,INE739E01017,EQ,Capital Goods,Building Products & Equipment,Micro,6558.0,,5086.0,32.3,4.46,6740.0,4461.1,24.5,75.0,1.47,,3.2,,,,,,,9876.0,268.3,
NSE:SUPRAJIT,Suprajit Engineering Limited,Equity,NSE+BSE,532509,INE399C01030,EQ,Consumer Discretionary,Auto Parts,Micro,6552.0,,477.6,35.1,4.56,559.25,389.95,14.6,3.5,0.73,,69.1,,,,,,,130977.0,425.4,
NSE:RBA,Restaurant Brands Asia Limited,Equity,NSE+BSE,543248,INE07T201019,EQ,Consumer Discretionary,Restaurants,Micro,6552.0,,92.0,,7.44,111.15,57.15,17.2,0.0,,,285.7,,,,,,,9574678.0,3466.7,
NSE:KOVAI,Kovai Medical Center & Hospital Limited,Equity,NSE+BSE,523323,INE177F01017,EQ,Healthcare,Medical Care Facilities,Micro,6545.0,,5981.0,25.5,4.96,6444.0,2576.65,7.2,15.0,0.25,,30.5,,,,,,,4764.0,618.6,
NSE:NEPHROPLUS,Nephrocare Health Services Limited,Equity,NSE+BSE,544647,INE428V01029,EQ,Healthcare,Medical Care Facilities,Micro,6513.0,,647.7,76.2,5.82,781.5,446.0,17.1,0.0,,,7.1,,,,,,,354618.0,1544.8,
NSE:GMMPFAUDLR,GMM Pfaudler Limited,Equity,NSE+BSE,505255,INE541A01023,EQ,Capital Goods,Specialty Industrial Machinery,Micro,6510.0,,1448.0,92.1,5.4,1533.6,735.0,5.6,2.0,0.14,,84.5,,,,,,,384308.0,4713.3,
NSE:FCL,Fineotex Chemical Limited,Equity,NSE+BSE,533333,INE045J01034,EQ,Materials,Specialty Chemicals,Micro,6500.0,,55.82,206.7,5.26,62.4,19.1,10.5,0.13,0.23,,0.9,,,,,,,17986314.0,18696.9,
NSE:BAJAJCON,Bajaj Consumer Care Limited,Equity,NSE+BSE,533229,INE933K01021,EQ,Fast Moving Consumer Goods,Household & Personal Products,Micro,6492.0,,497.0,29.5,8.81,692.0,235.15,28.2,0.0,,,2.1,,,,,,,913143.0,2573.8,
NSE:BECTORFOOD,Mrs. Bectors Food Specialities Limited,Equity,NSE+BSE,543253,INE495P01020,EQ,Fast Moving Consumer Goods,Packaged Foods,Micro,6478.0,,211.22,43.6,5.12,279.9,165.0,24.5,1.3,0.61,,15.0,,,,,,,5818600.0,3536.1,
NSE:DBL,Dilip Buildcon Limited,Equity,NSE+BSE,540047,INE917M01012,EQ,Capital Goods,Engineering & Construction,Micro,6465.0,,398.0,5.2,0.76,538.2,381.55,26.0,1.0,0.25,,115.5,,,,,,,653884.0,539.1,
NSE:NEWGEN,Newgen Software Technologies Limited,Equity,NSE+BSE,540900,INE619B01017,EQ,Information Technology,Software - Infrastructure,Micro,6457.0,,456.8,20.6,3.63,1041.95,401.05,56.2,6.0,1.31,,2.2,,,,,,,2744311.0,2907.4,
NSE:DCBBANK,DCB Bank Limited,Equity,NSE+BSE,532772,INE503A01015,EQ,Financial Services,Banks - Regional,Micro,6444.0,,200.0,8.2,0.99,234.8,127.41,14.8,1.45,0.73,,,,,,,,,1958121.0,1683.2,
NSE:SHARDACROP,Sharda Cropchem Limited,Equity,NSE+BSE,538666,INE221J01015,EQ,Materials,Agricultural Inputs,Micro,6433.0,,713.0,10.3,2.05,1297.0,697.6,45.0,15.0,2.12,,0.1,,,,,,,161349.0,912.7,
NSE:TANLA,Tanla Platforms Limited,Equity,NSE+BSE,532790,INE483C01032,EQ,Information Technology,Software - Application,Micro,6431.0,,487.0,12.1,2.6,748.45,365.9,34.9,12.0,2.46,,2.1,,,,,,,1118238.0,1653.1,
NSE:TFCILTD,Tourism Finance Corporation of India Limited,Equity,NSE+BSE,526650,INE305A01023,EQ,Financial Services,Credit Services,Micro,6427.0,,138.81,41.7,4.9,148.5,51.0,6.5,0.6,0.43,,81.9,,,,,,,14352184.0,8517.8,
NSE:IMFA,Indian Metals & Ferro Alloys Limited,Equity,NSE+BSE,533047,INE919H01018,EQ,Materials,Other Industrial Metals & Mining,Micro,6415.0,,1189.0,12.2,2.36,1679.9,1064.1,29.2,12.5,1.06,,35.1,,,,,,,134093.0,1654.1,
NSE:BIRLACORPN,Birla Corporation Limited,Equity,NSE+BSE,500335,INE340A01012,EQ,Materials,Building Materials,Micro,6391.0,,829.9,11.5,0.87,1346.1,769.6,38.3,12.5,1.51,,46.0,,,,,,,81889.0,680.2,
NSE:REDTAPE,Redtape Limited,Equity,NSE+BSE,543957,INE0LXT01019,EQ,Consumer Discretionary,Footwear & Accessories,Micro,6348.0,,114.84,25.8,6.22,158.99,107.53,27.8,2.0,1.73,,70.5,,,,,,,1012969.0,297.0,
NSE:RPTECH,Rashi Peripherals Limited,Equity,NSE+BSE,544119,INE0J1F01024,EQ,Information Technology,Electronics & Computer Distribution,Micro,6327.0,,952.8,20.2,3.1,1004.7,313.05,5.2,2.0,0.21,,48.6,,,,,,,549461.0,3579.8,
NSE:TRANSRAILL,Transrail Lighting Limited,Equity,NSE+BSE,544317,INE454P01035,EQ,Capital Goods,Engineering & Construction,Micro,6313.0,,470.2,15.6,2.77,766.8,400.65,38.7,2.0,0.42,,29.7,,,,,,,1021215.0,8398.2,
NSE:SPARC,Sun Pharma Advanced Research Company Limited,Equity,NSE+BSE,532872,INE232I01014,EQ,Healthcare,Drug Manufacturers - Specialty & Generic,Micro,6308.0,,194.38,4.0,4.71,289.0,108.0,32.7,0.0,,,41.8,,,,,,,1485979.0,2075.3,
NSE:CAMPUS,Campus Activewear Limited,Equity,NSE+BSE,543523,INE278Y01022,EQ,Consumer Discretionary,Footwear & Accessories,Micro,6297.0,,206.0,40.9,6.95,287.8,199.54,28.4,1.5,0.73,,26.1,,,,,,,1407275.0,1322.6,
NSE:GOKULAGRO,Gokul Agro Resources Limited,Equity,NSE+BSE,539725,INE314T01033,EQ,Fast Moving Consumer Goods,Packaged Foods,Micro,6226.0,,211.0,14.8,4.39,259.8,151.0,18.8,0.0,,,41.4,,,,,,,555075.0,490.0,
NSE:IOLCP,IOL Chemicals and Pharmaceuticals Limited,Equity,NSE+BSE,524164,INE485C01029,EQ,Healthcare,Drug Manufacturers - Specialty & Generic,Micro,6179.0,,210.5,36.8,3.44,219.04,67.19,3.9,1.0,0.48,,7.5,,,,,,,5133278.0,8412.7,
NSE:SBCL,Shivalik Bimetal Controls Limited,Equity,NSE+BSE,513097,INE386D01027,EQ,Capital Goods,Metal Fabrication,Micro,6176.0,,1072.1,58.1,12.78,1215.7,368.6,11.8,4.0,0.38,,14.8,,,,,,,626843.0,3180.6,
NSE:SENORES,Senores Pharmaceuticals Limited,Equity,NSE+BSE,544319,INE0RB801010,EQ,Healthcare,Drug Manufacturers - General,Micro,6150.0,,1335.3,47.1,5.68,1599.0,700.75,16.5,0.0,,,35.5,,,,,,,268642.0,4899.6,
NSE:SSWL,Steel Strips Wheels Limited,Equity,NSE+BSE,513262,INE802C01033,EQ,Consumer Discretionary,Auto Parts,Micro,6141.0,,390.5,29.0,3.4,419.8,169.0,7.0,1.5,0.38,,45.9,,,,,,,1870685.0,12936.5,
NSE:MARINE,Marine Electricals (India) Limited,Equity,NSE,,INE01JE01028,EQ,Capital Goods,Electrical Equipment & Parts,Micro,6074.0,,434.0,93.7,12.24,450.0,150.86,3.6,0.3,0.07,,17.7,,,,,,,1402363.0,6377.8,
NSE:DODLA,Dodla Dairy Limited,Equity,NSE+BSE,543306,INE021O01019,EQ,Fast Moving Consumer Goods,Food Distribution,Micro,6039.0,,1001.0,24.7,3.61,1400.0,964.1,28.5,5.0,0.5,,3.4,,,,,,,27321.0,695.5,
NSE:LEAPIND,LEAP India Limited,Equity,NSE+BSE,544865,INE00GO01025,EQ,Capital Goods,Integrated Freight & Logistics,Micro,6035.0,,137.0,88.4,8.14,172.29,128.55,20.5,0.0,,,114.4,,,,,,,9078942.0,1682.0,
NSE:WHEELS,Wheels India Limited,Equity,NSE+BSE,590073,INE715A01015,EQ,Consumer Discretionary,Auto Parts,Micro,6004.0,,2235.0,33.5,5.24,2498.0,705.85,10.5,14.44,0.64,,72.8,,,,,,,354825.0,4043.3,
NSE:JSLL,Jeena Sikho Lifecare Limited,Equity,NSE+BSE,544476,INE0J5801029,EQ,Healthcare,Medical Care Facilities,Micro,5981.0,,481.2,25.3,12.81,839.0,474.0,42.6,4.5,0.94,,27.3,,,,,,,533224.0,4360.0,
NSE:BALUFORGE,Balu Forge Industries Limited,Equity,NSE+BSE,531112,INE011E01029,EQ,Capital Goods,Metal Fabrication,Micro,5936.0,,489.0,20.1,3.17,678.0,341.05,27.9,0.15,0.03,,9.5,,,,,,,1389555.0,1828.7,
NSE:STYL,Seshaasai Technologies Limited,Equity,NSE+BSE,544533,INE04VU01023,EQ,Information Technology,Software - Infrastructure,Micro,5906.0,,365.0,21.6,4.14,434.7,209.11,16.0,2.5,0.68,,5.9,,,,,,,201629.0,449.4,
NSE:VMART,V-Mart Retail Limited,Equity,NSE+BSE,534976,INE665J01013,EQ,Consumer Discretionary,Department Stores,Micro,5897.0,,741.1,43.0,6.19,888.0,457.9,16.5,1.0,0.13,,100.7,,,,,,,120845.0,359.3,
NSE:JKLAKSHMI,JK Lakshmi Cement Limited,Equity,NSE+BSE,500380,INE786A01032,EQ,Materials,Building Materials,Micro,5884.0,,473.95,15.9,1.51,884.95,471.6,46.4,6.5,1.36,,66.6,,,,,,,192514.0,1387.7,
NSE:RCF,Rashtriya Chemicals and Fertilizers Limited,Equity,NSE+BSE,524230,INE027A01015,EQ,Materials,Agricultural Inputs,Micro,5876.0,,106.51,13.2,1.15,157.2,106.0,32.2,3.66,3.43,,80.6,,,,,,,1411424.0,1052.0,
NSE:GSFC,Gujarat State Fertilizers & Chemicals Limited,Equity,NSE+BSE,500690,INE026A01025,EQ,Materials,Agricultural Inputs,Micro,5874.0,,147.4,8.5,0.48,199.87,138.83,26.3,5.0,3.4,,0.2,,,,,,,795828.0,1579.3,
NSE:LCL,Lohia Corp Limited,Equity,NSE+BSE,544839,INE0QJW01029,EQ,Capital Goods,Specialty Industrial Machinery,Micro,5874.0,,556.0,24.1,11.26,609.4,461.0,8.8,0.0,,,34.0,,,,,,,1399353.0,1030.2,
NSE:ACI,Archean Chemical Industries Limited,Equity,NSE+BSE,543657,INE128X01021,EQ,Materials,Chemicals,Micro,5849.0,,473.75,59.6,3.02,685.35,446.0,30.9,2.5,0.53,,24.1,,,,,,,367336.0,738.4,
NSE:GANESHHOU,GANESH HOUSING LIMITED,Equity,NSE+BSE,526367,INE460C01014,EQ,Realty,Real Estate - Development,Micro,5820.0,,698.0,21.9,2.5,899.7,500.0,22.4,1.5,0.21,,13.1,,,,,,,82266.0,964.9,
NSE:ELEVATE,Elevate Campuses Limited,Equity,NSE+BSE,544945,INE147X01013,EQ,Consumer Discretionary,Lodging,Micro,5814.0,,345.0,28.1,1.09,372.75,290.1,7.4,0.0,,20.9,,,,,,,,26969181.0,52526.8,
NSE:SMARTWORKS,Smartworks Coworking Spaces Limited,Equity,NSE+BSE,544447,INE0NAZ01010,EQ,Realty,Real Estate Services,Micro,5811.0,,508.0,207.3,10.98,619.0,361.5,17.9,0.0,,,900.4,,,,,,,126955.0,272.6,
NSE:PICCADIL,Piccadily Agro Industries Limited,Equity,NSE+BSE,530305,INE546C01010,EQ,Fast Moving Consumer Goods,Beverages - Wineries & Distilleries,Micro,5796.0,,588.0,40.8,6.31,809.7,515.0,27.4,1.0,0.17,,58.9,,,,,,,299452.0,630.2,
NSE:ROSSTECH,Rossell Techsys Limited,Equity,NSE+BSE,544294,INE0OJW01016,EQ,Capital Goods,Aerospace & Defense,Micro,5786.0,,1529.0,223.2,37.13,1536.8,551.9,0.5,0.3,0.02,,264.4,,,,,,,330423.0,3726.5,
NSE:RAMRAT,Ram Ratna Wires Limited,Equity,NSE+BSE,522281,INE207E01023,EQ,Capital Goods,Electrical Equipment & Parts,Micro,5760.0,,617.0,45.5,9.94,620.0,268.0,0.5,2.5,0.41,,115.4,,,,,,,348965.0,6084.2,
NSE:SIS,SIS LIMITED,Equity,NSE+BSE,540673,INE285J01028,EQ,Capital Goods,Security & Protection Services,Micro,5756.0,,413.6,39.8,2.3,480.95,257.05,14.0,14.0,3.39,,70.3,,,,,,,242845.0,354.0,
NSE:ITDC,India Tourism Development Corporation Limited,Equity,NSE+BSE,532189,INE353K01014,EQ,Consumer Discretionary,Lodging,Micro,5728.0,,667.8,69.7,13.55,822.0,368.0,18.8,2.95,0.44,,0.2,,,,,,,2043872.0,1086.6,
NSE:KRISHANA,Krishana Phoschem Limited,Equity,NSE,,INE506W01020,EQ,Materials,Agricultural Inputs,Micro,5657.0,,183.0,30.9,10.09,206.39,90.86,11.3,0.1,0.05,,130.8,,,,,,,1174854.0,3320.0,
NSE:TVSSCS,TVS Supply Chain Solutions Limited,Equity,NSE+BSE,543965,INE395N01027,EQ,Capital Goods,Integrated Freight & Logistics,Micro,5648.0,,128.01,87.7,2.78,146.5,90.32,12.6,0.0,,,133.6,,,,,,,1433092.0,981.0,
NSE:FEDFINA,Fedbank Financial Services Limited,Equity,NSE+BSE,544027,INE007N01010,EQ,Financial Services,Credit Services,Micro,5645.0,,150.48,14.8,1.92,178.48,119.07,15.7,0.0,,,467.3,,,,,,,1347228.0,2358.9,
NSE:KALPATARU,Kalpataru Limited,Equity,NSE+BSE,544423,INE227J01012,EQ,Realty,Real Estate - Development,Micro,5642.0,,274.0,46.6,1.37,410.7,250.0,33.3,0.0,,,224.8,,,,,,,133802.0,117.4,
NSE:VIKRAMSOLR,Vikram Solar Limited,Equity,NSE+BSE,544488,INE078V01014,EQ,Information Technology,Solar,Micro,5616.0,,155.0,14.8,1.77,354.4,151.6,56.3,0.0,,,20.4,,,,,,,3621825.0,3924.0,
NSE:SHAKTIPUMP,Shakti Pumps (India) Limited,Equity,NSE+BSE,531431,INE908D01010,EQ,Capital Goods,Specialty Industrial Machinery,Micro,5586.0,,452.7,26.4,3.28,829.95,447.4,45.5,1.0,0.22,,29.6,,,,,,,948255.0,1631.1,
NSE:PRAJIND,Praj Industries Limited,Equity,NSE+BSE,522205,INE074A01025,EQ,Capital Goods,Engineering & Construction,Micro,5577.0,,303.4,185.0,4.26,427.65,273.0,29.1,3.6,1.19,,13.2,,,,,,,769889.0,1211.1,
NSE:JAIBALAJI,Jai Balaji Industries Limited,Equity,NSE+BSE,532976,INE091G01026,EQ,Materials,Steel,Micro,5565.0,,61.0,38.6,2.51,100.68,53.65,39.4,0.0,,,18.5,,,,,,,650099.0,310.6,
NSE:JUSTDIAL,Just Dial Limited,Equity,NSE+BSE,535648,INE599M01018,EQ,Media Entertainment & Telecom,Internet Content & Information,Micro,5541.0,,651.55,11.0,1.09,878.6,480.5,25.8,0.0,,,1.7,,,,,,,1808996.0,810.7,
NSE:STYLAMIND,Stylam Industries Limited,Equity,NSE+BSE,526951,INE239C01020,EQ,Consumer Discretionary,"Furnishings, Fixtures & Appliances",Micro,5512.0,,3250.0,32.5,6.89,4150.0,1700.0,21.7,0.0,,,3.6,,,,,,,84617.0,1690.3,
NSE:LGBBROSLTD,LG Balakrishnan & Bros Limited,Equity,NSE+BSE,500250,INE337A01034,EQ,Consumer Discretionary,Auto Parts,Micro,5492.0,,1721.7,17.2,2.55,2048.0,1314.9,15.9,22.0,1.29,,10.7,,,,,,,25476.0,863.6,
NSE:NIRLON,Nirlon Limited,Equity,NSE+BSE,500307,INE910A01012,EQ,Realty,Real Estate Services,Micro,5452.0,,605.0,15.3,11.64,657.0,543.0,7.9,30.0,4.94,,244.7,,,,,,,8532.0,41.0,
NSE:FDC,FDC Limited,Equity,NSE+BSE,531599,INE258B01022,EQ,Healthcare,Drug Manufacturers - Specialty & Generic,Micro,5449.0,,334.7,18.6,2.19,476.4,312.95,29.7,10.0,2.98,,0.6,,,,,,,190128.0,362.8,
NSE:ABFRL,Aditya Birla Fashion and Retail Limited,Equity,NSE+BSE,535755,INE647O01011,EQ,Consumer Discretionary,Apparel Manufacturing,Micro,5421.0,,44.55,,0.93,88.99,44.04,49.9,0.0,,,98.8,,,,,,,5488366.0,2479.2,
NSE:GULFOILLUB,Gulf Oil Lubricants India Limited,Equity,NSE+BSE,538567,INE635Q01029,EQ,Materials,Specialty Chemicals,Micro,5416.0,,1093.0,14.6,3.51,1289.4,865.0,15.2,60.0,5.49,,35.8,,,,,,,78072.0,379.4,
NSE:GREENLAM,Greenlam Industries Limited,Equity,NSE+BSE,538979,INE544R01021,EQ,Materials,Lumber & Wood Production,Micro,5413.0,,212.15,58.1,4.59,278.55,197.59,23.8,0.4,0.19,,98.4,,,,,,,129090.0,242.6,
NSE:SHARDAMOTR,Sharda Motor Industries Limited,Equity,NSE+BSE,535602,INE597I01028,EQ,Consumer Discretionary,Auto Parts,Micro,5358.0,,933.35,16.1,4.08,1189.9,700.0,21.6,20.0,2.15,,3.7,,,,,,,70555.0,526.7,
NSE:CCAVENUE,AvenuesAI Limited,Equity,NSE+BSE,539807,INE483S01020,EQ,Information Technology,Software - Infrastructure,Micro,5340.0,,15.34,16.0,0.92,20.5,12.92,25.2,0.0,,,8.6,,,,,,,14924672.0,2018.8,
NSE:NRBBEARING,NRB Bearing Limited,Equity,NSE+BSE,530367,INE349A01021,EQ,Consumer Discretionary,Auto Parts,Micro,5323.0,,549.25,36.0,5.53,559.9,212.55,1.9,12.25,2.26,,15.7,,,,,,,640163.0,3574.8,
NSE:BOSCH-HCIL,BOSCH HOME COMFORT INDIA LIMITED,Equity,NSE+BSE,523398,INE782A01015,EQ,Consumer Discretionary,"Furnishings, Fixtures & Appliances",Micro,5302.0,,1950.0,1242.0,10.62,1985.0,1021.3,1.8,51.0,3.81,,16.3,,,,,,,52586.0,2455.3,
NSE:HCC,Hindustan Construction Company Limited,Equity,NSE+BSE,500185,INE549A01026,EQ,Capital Goods,Engineering & Construction,Micro,5299.0,,20.23,29.3,2.49,29.5,13.65,31.4,0.0,,,47.9,,,,,,,26307991.0,3351.7,
NSE:JAMNAAUTO,Jamna Auto Industries Limited,Equity,NSE+BSE,520051,INE039C01032,EQ,Consumer Discretionary,Auto Parts,Micro,5258.0,,131.45,22.5,4.57,152.6,89.74,13.9,2.5,1.9,,13.1,,,,,,,2370015.0,2075.0,
NSE:SSRETAIL,SS Retail Limited,Equity,NSE+BSE,544934,INE1EQW01028,EQ,Consumer Discretionary,Specialty Retail,Micro,5221.0,,702.0,87.5,20.51,888.0,603.05,20.9,0.0,,30.6,84.8,,,,,,,25292632.0,57792.2,
NSE:GREAVESCOT,Greaves Cotton Limited,Equity,NSE+BSE,501455,INE224A01026,EQ,Capital Goods,Specialty Industrial Machinery,Micro,5220.0,,224.1,52.7,3.65,271.9,119.99,17.6,2.0,0.89,,26.1,,,,,,,2368997.0,3972.0,
NSE:PRSMJOHNSN,Prism Johnson Limited,Equity,NSE+BSE,500338,INE010A01011,EQ,Materials,Building Materials,Micro,5220.0,,103.7,26.2,3.42,165.9,97.1,37.5,0.0,,,77.2,,,,,,,1858570.0,502.8,
NSE:SENCO,Senco Gold Limited,Equity,NSE+BSE,543936,INE602W01027,EQ,Consumer Discretionary,Luxury Goods,Micro,5198.0,,317.15,9.1,2.07,430.0,276.0,26.2,1.75,0.55,,107.4,,,,,,,1879560.0,1707.2,
NSE:CSBBANK,CSB Bank Limited,Equity,NSE+BSE,542867,INE679A01013,EQ,Financial Services,Banks - Regional,Micro,5188.0,,306.1,8.0,1.08,574.4,295.0,46.7,0.0,,,,,,,,,,647957.0,1858.0,
NSE:TEXRAIL,Texmaco Rail & Engineering Limited,Equity,NSE+BSE,533326,INE621L01012,EQ,Capital Goods,Railroads,Micro,5177.0,,127.25,23.9,2.18,143.1,78.05,11.1,0.75,0.59,,37.1,,,,,,,2699337.0,5639.6,
NSE:AGI,AGI Greenpac Limited,Equity,NSE+BSE,500187,INE415A01038,EQ,Consumer Discretionary,Packaging & Containers,Micro,5176.0,,800.0,14.3,2.15,896.15,465.0,10.7,7.0,0.89,,10.1,,,,,,,167217.0,985.4,
NSE:VADILALIND,Vadilal Industries Limited,Equity,NSE+BSE,519156,INE694D01016,EQ,Fast Moving Consumer Goods,Packaged Foods,Micro,5175.0,,7200.0,23.6,6.09,8447.0,3996.0,14.8,43.0,0.6,,27.0,,,,,,,24530.0,434.6,
NSE:LUMAXIND,Lumax Industries Limited,Equity,NSE+BSE,517206,INE162B01018,EQ,Consumer Discretionary,Auto Parts,Micro,5172.0,,5533.0,27.6,5.64,6934.5,4480.0,20.2,55.0,0.99,,106.1,,,,,,,18148.0,926.9,
NSE:ROLEXRINGS,Rolex Rings Limited,Equity,NSE+BSE,543325,INE645S01024,EQ,Capital Goods,Metal Fabrication,Micro,5168.0,,197.0,35.8,4.42,198.45,99.79,0.7,0.0,,,,,,,,,,3627352.0,10164.6,
NSE:SAATVIKGL,Saatvik Green Energy Limited,Equity,NSE+BSE,544526,INE13B501022,EQ,Information Technology,Solar,Micro,5168.0,,406.6,21.0,3.58,567.0,328.0,28.3,0.0,,,69.0,,,,,,,152812.0,187.5,
NSE:TRIVENI,Triveni Engineering & Industries Limited,Equity,NSE+BSE,532356,INE256C01024,EQ,Fast Moving Consumer Goods,Confectioners,Micro,5128.0,,232.7,18.4,1.53,490.1,220.05,52.5,5.25,2.27,,64.6,,,,,,,912611.0,1295.3,
NSE:ARVINDFASN,Arvind Fashions Limited,Equity,NSE+BSE,542484,INE955V01021,EQ,Consumer Discretionary,Apparel Retail,Micro,5112.0,,382.3,42.3,5.41,569.0,366.2,32.8,1.6,0.42,,115.1,,,,,,,272493.0,862.2,
NSE:JSFB,Jana Small Finance Bank Limited,Equity,NSE+BSE,544118,INE953L01027,EQ,Financial Services,Banks - Regional,Micro,5111.0,,483.0,13.4,1.14,606.95,330.0,20.4,0.0,,,,,,,,,,1088487.0,3802.7,
NSE:LXCHEM,Laxmi Organic Industries Limited,Equity,NSE+BSE,543277,INE576O01020,EQ,Materials,Specialty Chemicals,Micro,5089.0,,183.1,40.4,2.56,215.01,107.6,14.8,0.3,0.17,,27.3,,,,,,,1567569.0,2617.0,
NSE:BANSALWIRE,Bansal Wire Industries Limited,Equity,NSE+BSE,544209,INE0B9K01025,EQ,Materials,Steel,Micro,5083.0,,324.7,35.8,3.55,370.0,222.5,12.2,0.0,,,38.8,,,,,,,150551.0,245.8,
NSE:SOTL,Savita Oil Technologies Limited,Equity,NSE+BSE,524667,INE035D01020,EQ,Materials,Specialty Chemicals,Micro,5025.0,,733.0,12.1,2.77,860.4,285.8,14.8,5.0,0.69,,0.1,,,,,,,841086.0,2129.1,
NSE:INDIGOPNTS,Indigo Paints Limited,Equity,NSE+BSE,543258,INE09VQ01012,EQ,Materials,Specialty Chemicals,Micro,5021.0,,1052.0,31.3,4.34,1345.9,708.05,21.8,5.0,0.47,,1.8,,,,,,,104303.0,802.8,
NSE:GOKEX,Gokaldas Exports Limited,Equity,NSE+BSE,532630,INE887G01027,EQ,Consumer Discretionary,Apparel Manufacturing,Micro,5005.0,,683.0,51.4,2.32,954.9,531.0,28.5,0.0,,,58.9,,,,,,,280539.0,1428.4,
NSE:QUESS,Quess Corp Limited,Equity,NSE+BSE,539978,INE615P01015,EQ,Capital Goods,Staffing & Employment Services,Micro,4994.0,,334.3,19.8,4.27,388.75,166.3,14.0,6.0,1.78,,10.7,,,,,,,904363.0,1239.4,
NSE:MASFIN,MAS Financial Services Limited,Equity,NSE+BSE,540749,INE348L01012,EQ,Financial Services,Credit Services,Micro,4990.0,,275.0,12.7,1.68,358.85,268.95,23.4,2.0,0.73,,339.8,,,,,,,201003.0,514.5,
NSE:ORCHPHARMA,Orchid Pharma Limited,Equity,NSE+BSE,524372,INE191A01027,EQ,Healthcare,Drug Manufacturers - Specialty & Generic,Micro,4988.0,,983.45,300.7,3.87,1143.5,480.0,14.0,0.0,,,28.2,,,,,,,175332.0,912.8,
NSE:IONEXCHANG,ION Exchange (India) Limited,Equity,NSE+BSE,500214,INE570A01022,EQ,Capital Goods,Pollution & Treatment Controls,Micro,4987.0,,405.65,48.9,3.59,486.0,312.7,16.5,1.25,0.31,,36.0,,,,,,,718792.0,883.9,
NSE:GOODLUCK,Goodluck India Limited,Equity,NSE+BSE,530655,INE127I01024,EQ,Materials,Steel,Micro,4986.0,,500.0,24.6,3.02,557.37,305.0,10.3,2.0,0.4,,73.2,,,,,,,726469.0,3542.3,
NSE:VRLLOG,VRL Logistics Limited,Equity,NSE+BSE,539118,INE366I01010,EQ,Capital Goods,Trucking,Micro,4986.0,,285.0,18.7,4.36,310.2,225.0,8.1,10.0,3.51,,101.0,,,,,,,373807.0,422.4,
NSE:PURVA,Puravankara Limited,Equity,NSE+BSE,532891,INE323I01011,EQ,Realty,Real Estate - Development,Micro,4980.0,,210.0,31.1,2.79,287.3,160.69,26.9,0.0,,,315.0,,,,,,,1110200.0,339.3,
NSE:DBREALTY,Valor Estate Limited,Equity,NSE+BSE,533160,INE879I01012,EQ,Realty,Real Estate - Development,Micro,4974.0,,91.7,416.8,0.98,163.5,83.5,43.9,0.0,,,18.4,,,,,,,861477.0,1187.9,
NSE:GUJTHEM,Gujarat Themis Biosyn Limited,Equity,NSE+BSE,506879,INE942C01045,EQ,Healthcare,Drug Manufacturers - Specialty & Generic,Micro,4974.0,,382.2,85.5,14.47,479.0,225.05,20.2,0.67,0.18,,56.2,,,,,,,344125.0,1510.4,
NSE:UNIVCABLES,Universal Cables Limited,Equity,NSE+BSE,504212,INE279A01012,EQ,Capital Goods,Electrical Equipment & Parts,Micro,4969.0,,1432.3,24.9,2.63,1774.9,576.0,19.3,4.5,0.31,,62.3,,,,,,,168357.0,1167.4,
NSE:MSTCLTD,Mstc Limited,Equity,NSE+BSE,542597,INE255X01014,EQ,Capital Goods,Conglomerates,Micro,4963.0,,705.0,21.2,5.49,805.0,362.15,12.4,15.7,2.22,,16.0,,,,,,,385628.0,1464.8,
NSE:DEEDEV,DEE Development Engineers Limited,Equity,NSE+BSE,544198,INE841L01016,EQ,Capital Goods,Metal Fabrication,Micro,4959.0,,659.05,57.1,5.18,760.0,183.0,13.3,1.0,0.15,,86.6,,,,,,,182498.0,909.6,
NSE:MANINFRA,Man Infraconstruction Limited,Equity,NSE+BSE,533169,INE949H01023,EQ,Capital Goods,Engineering & Construction,Micro,4945.0,,124.7,23.3,2.22,150.86,77.12,17.3,1.62,1.3,,2.8,,,,,,,2104643.0,1559.1,
NSE:PDSL,PDS Limited,Equity,NSE+BSE,538730,INE111Q01021,EQ,Capital Goods,Specialty Business Services,Micro,4901.0,,347.0,41.8,2.78,418.5,246.05,17.1,3.3,0.95,,68.0,,,,,,,303739.0,252.4,
NSE:LATENTVIEW,Latent View Analytics Limited,Equity,NSE+BSE,543398,INE0I7C01011,EQ,Capital Goods,Consulting Services,Micro,4887.0,,235.98,25.0,2.78,517.5,230.0,54.4,0.0,,,1.9,,,,,,,812451.0,987.2,
NSE:RPGLIFE,RPG Life Sciences Limited,Equity,NSE+BSE,532983,INE105J01010,EQ,Healthcare,Drug Manufacturers - Specialty & Generic,Micro,4879.0,,2949.9,40.8,8.06,3127.8,1733.0,5.7,24.0,0.82,,3.3,,,,,,,33116.0,1063.8,
NSE:JUNIPER,Juniper Hotels Limited,Equity,NSE+BSE,544129,INE696F01016,EQ,Consumer Discretionary,Lodging,Micro,4859.0,,218.4,29.3,1.69,288.45,188.5,24.3,0.0,,,41.6,,,,,,,240844.0,402.5,
NSE:NOVARTIND,Novartis India Limited,Equity,NSE+BSE,500672,INE234A01025,EQ,Healthcare,Drug Manufacturers - Specialty & Generic,Micro,4839.0,,1960.0,49.4,5.92,2588.8,672.25,24.3,0.0,,,0.4,,,,,,,104172.0,790.0,
NSE:WSTCSTPAPR,West Coast Paper Mills Limited,Equity,NSE+BSE,500444,INE976A01021,EQ,Materials,Paper & Paper Products,Micro,4833.0,,731.8,21.0,1.34,777.0,375.0,5.8,3.0,0.41,,8.2,,,,,,,293844.0,1044.9,
NSE:MASTEK,Mastek Limited,Equity,NSE+BSE,523704,INE759A01021,EQ,Information Technology,Information Technology Services,Micro,4825.0,,1556.0,11.6,1.56,2369.0,1334.2,34.3,24.0,1.54,,14.6,,,,,,,211969.0,1133.2,
NSE:DEEPINDS,Deep Industries Limited,Equity,NSE+BSE,543288,INE0FHS01024,EQ,Oil Gas & Consumable Fuels,Oil & Gas E&P,Micro,4819.0,,753.0,23.3,2.41,825.0,330.0,8.7,2.5,0.33,,9.6,,,,,,,578047.0,3226.0,
NSE:CARERATING,CARE Ratings Limited,Equity,NSE+BSE,534804,INE752H01013,EQ,Financial Services,Financial Data & Stock Exchanges,Micro,4818.0,,1601.5,27.2,5.16,1838.0,1392.7,12.9,22.0,1.37,,2.8,,,,,,,51465.0,681.7,
NSE:YASHO,Yasho Industries Limited,Equity,NSE+BSE,541167,INE616Z01012,EQ,Materials,Specialty Chemicals,Micro,4817.0,,3995.0,83.2,10.85,4994.0,1130.0,20.0,0.5,0.01,,125.7,,,,,,,55491.0,910.2,
NSE:ELLEN,Ellenbarrie Industrial Gases Limited,Equity,NSE+BSE,544421,INE236E01022,EQ,Materials,Chemicals,Micro,4811.0,,341.35,39.6,4.92,473.55,175.0,27.9,0.0,,,18.9,,,,,,,936284.0,5869.6,
NSE:SURYAROSNI,Surya Roshni Limited,Equity,NSE+BSE,500336,INE335A01020,EQ,Materials,Steel,Micro,4810.0,,221.0,15.4,1.83,314.5,187.35,29.7,5.0,2.27,,3.0,,,,,,,598048.0,3147.8,
NSE:KDDL,KDDL Limited,Equity,NSE+BSE,532054,INE291D01011,EQ,Consumer Discretionary,Luxury Goods,Micro,4809.0,,3910.0,49.5,4.45,4270.0,1990.0,8.4,23.0,0.59,,26.7,,,,,,,45857.0,1424.2,
NSE:FOSECOIND,Foseco India Limited,Equity,NSE+BSE,500150,INE519A01011,EQ,Materials,Chemicals,Micro,4803.0,,6341.0,49.2,4.78,7389.5,4300.0,14.2,25.0,0.39,13.3,0.2,,,,,,,18087.0,946.1,
NSE:IFBIND,IFB Industries Limited,Equity,NSE+BSE,505726,INE559A01017,EQ,Consumer Discretionary,"Furnishings, Fixtures & Appliances",Micro,4781.0,,1180.0,29.9,4.81,2019.8,883.2,41.6,0.0,,,15.7,,,,,,,72105.0,485.0,
NSE:SAMBHV,Sambhv Steel Tubes Limited,Equity,NSE+BSE,544430,INE12NJ01018,EQ,Materials,Steel,Micro,4759.0,,161.5,27.7,4.51,167.31,81.42,3.5,0.0,,,35.4,,,,,,,3465315.0,5811.1,
NSE:EMUDHRA,eMudhra Limited,Equity,NSE+BSE,543533,INE01QM01018,EQ,Information Technology,Software - Application,Micro,4756.0,,579.7,41.6,5.22,688.35,364.55,15.8,1.25,0.22,,3.2,,,,,,,939827.0,4079.3,
NSE:PRASOLCHEM,Prasol Chemicals Limited,Equity,NSE+BSE,544912,INE455U01024,EQ,Materials,Specialty Chemicals,Micro,4752.0,,803.0,39.7,10.38,914.9,601.0,12.2,1.2,,,24.6,,,,,,,1237400.0,4522.7,
NSE:THOMASCOOK,Thomas Cook  (India)  Limited,Equity,NSE+BSE,500413,INE332A01027,EQ,Consumer Discretionary,Travel Services,Micro,4748.0,,100.94,21.6,1.85,169.0,86.35,40.3,0.5,0.5,,21.4,,,,,,,1500286.0,539.6,
NSE:MOIL,MOIL Limited,Equity,NSE+BSE,533286,INE490G01020,EQ,Materials,Other Industrial Metals & Mining,Micro,4737.0,,232.79,15.6,1.75,404.9,230.01,42.5,14.12,6.07,,,,,,,,,1199025.0,1276.9,
NSE:FIEMIND,Fiem Industries Limited,Equity,NSE+BSE,532768,INE737H01014,EQ,Consumer Discretionary,Auto Parts,Micro,4722.0,,1794.0,17.9,3.89,2674.8,1785.1,32.9,40.0,2.23,,5.4,,,,,,,84525.0,2099.0,
NSE:FILATEX,Filatex India Limited,Equity,NSE+BSE,526227,INE816B01035,EQ,Consumer Discretionary,Textile Manufacturing,Micro,4695.0,,105.74,24.6,4.88,113.94,36.26,7.2,0.3,0.28,,10.0,,,,,,,6186977.0,3680.7,
NSE:UFLEX,UFLEX Limited,Equity,NSE+BSE,500148,INE516A01017,EQ,Consumer Discretionary,Packaging & Containers,Micro,4693.0,,649.9,6.9,0.58,723.5,330.0,10.2,3.0,0.46,,125.0,,,,,,,569420.0,982.7,
NSE:GOLDIAM,Goldiam International Limited,Equity,NSE+BSE,526729,INE025B01025,EQ,Consumer Discretionary,Luxury Goods,Micro,4689.0,,311.45,22.4,4.24,398.2,198.75,21.8,2.81,0.9,,6.9,,,,,,,1033408.0,1311.0,
NSE:NORTHARC,Northern Arc Capital Limited,Equity,NSE+BSE,544260,INE850M01015,EQ,Financial Services,Credit Services,Micro,4673.0,,288.8,10.8,1.2,334.0,206.0,13.5,0.0,,,315.0,,,,,,,1460452.0,2196.2,
NSE:DATAMATICS,Datamatics Global Services Limited,Equity,NSE+BSE,532528,INE365B01017,EQ,Information Technology,Information Technology Services,Micro,4672.0,,790.5,21.6,3.03,1010.0,632.0,21.7,5.0,0.63,,14.4,,,,,,,146160.0,537.9,
NSE:ASHAPURMIN,Ashapura Minechem Limited,Equity,NSE+BSE,527001,INE348A01023,EQ,Materials,Other Industrial Metals & Mining,Micro,4662.0,,488.0,11.5,2.83,924.9,455.1,47.2,2.0,0.41,,87.8,,,,,,,445574.0,1221.4,
NSE:WAKEFIT,Wakefit Innovations Limited,Equity,NSE+BSE,544642,INE0E7301029,EQ,Consumer Discretionary,"Furnishings, Fixtures & Appliances",Micro,4626.0,,139.5,24.0,4.06,224.0,111.4,37.7,0.0,,,24.0,,,,,,,3314818.0,243.4,
NSE:JINDWORLD,Jindal Worldwide Limited,Equity,NSE+BSE,531543,INE247D01039,EQ,Consumer Discretionary,Textile Manufacturing,Micro,4622.0,,46.1,54.2,5.39,61.99,17.85,25.6,0.0,,,64.9,,,,,,,22627412.0,1268.8,
NSE:MAPMYINDIA,C.E. Info Systems Limited,Equity,NSE+BSE,543425,INE0BV301023,EQ,Information Technology,Software - Infrastructure,Micro,4622.0,,844.05,33.6,5.11,1998.0,795.0,57.8,3.5,0.41,,0.8,,,,,,,516536.0,783.2,
NSE:BAJAJHIND,Bajaj Hindusthan Sugar Limited,Equity,NSE+BSE,500032,INE306A01021,EQ,Fast Moving Consumer Goods,Confectioners,Micro,4620.0,,19.34,9.5,4.59,26.0,14.85,25.6,0.0,,,93.0,,,,,,,29627136.0,1970.2,
NSE:SHILCTECH,Shilchar Technologies Limited,Equity,NSE+BSE,531201,INE024F01011,EQ,Capital Goods,Electrical Equipment & Parts,Micro,4616.0,,4035.0,33.6,9.4,5399.0,2852.5,25.3,12.5,0.31,,,,,,,,,24277.0,504.9,
NSE:ELECTCAST,Electrosteel Castings Limited,Equity,NSE+BSE,500128,INE086A01029,EQ,Capital Goods,Building Products & Equipment,Micro,4607.0,,74.52,38.2,0.78,99.0,60.15,24.7,0.9,1.21,,26.4,,,,,,,2404748.0,4051.4,
NSE:GVPIL,GE Power India Limited,Equity,NSE+BSE,532309,INE878A01011,EQ,Capital Goods,Engineering & Construction,Micro,4590.0,,682.8,13.4,7.88,1084.0,270.9,37.0,7.0,1.03,,3.0,,,,,,,231350.0,1433.0,
NSE:VENUSPIPES,Venus Pipes & Tubes Limited,Equity,NSE+BSE,543528,INE0JA001018,EQ,Materials,Steel,Micro,4584.0,,2213.0,44.1,6.82,2347.9,890.0,5.7,1.0,0.05,,42.9,,,,,,,191304.0,3535.6,
NSE:PTC,PTC India Limited,Equity,NSE+BSE,532524,INE877F01012,EQ,Power,Utilities - Independent Power Producers,Micro,4583.0,,154.83,9.0,0.77,229.51,149.59,32.5,11.0,7.11,,25.1,,,,,,,1892869.0,1886.2,
NSE:HAPPSTMNDS,Happiest Minds Technologies Limited,Equity,NSE+BSE,543227,INE419U01012,EQ,Information Technology,Information Technology Services,Micro,4583.0,,305.0,20.6,2.59,534.5,300.0,42.9,7.3,2.4,13.3,98.7,,,,,,,1975694.0,1709.7,
NSE:RENUKA,Shree Renuka Sugars Limited,Equity,NSE+BSE,532670,INE087H01022,EQ,Fast Moving Consumer Goods,Confectioners,Micro,4559.0,,21.42,,-1.72,31.35,20.95,31.7,0.0,,,,,,,,,,15220961.0,3978.9,
NSE:RUSTOMJEE,Keystone Realtors Limited,Equity,NSE+BSE,543669,INE263M01029,EQ,Realty,Real Estate - Development,Micro,4548.0,,360.0,38.9,1.59,634.0,331.9,43.2,1.5,0.38,,51.3,,,,,,,199931.0,256.1,
NSE:SHAREINDIA,Share India Securities Limited,Equity,NSE+BSE,540725,INE932X01026,EQ,Financial Services,Capital Markets,Micro,4525.0,,206.8,12.5,1.74,233.35,115.36,11.4,2.0,0.98,,27.9,,,,,,,5829422.0,2328.4,
NSE:GUJALKALI,Gujarat Alkalies and Chemicals Limited,Equity,NSE+BSE,530001,INE186A01019,EQ,Materials,Chemicals,Micro,4472.0,,609.0,67.3,0.86,815.0,409.15,25.3,17.7,2.93,,16.3,,,,,,,124832.0,398.1,
NSE:MPSLTD,MPS Limited,Equity,NSE+BSE,532440,INE943D01017,EQ,Media Entertainment & Telecom,Publishing,Micro,4454.0,,2623.6,23.7,7.47,2979.0,1336.1,11.9,83.0,2.89,,10.2,,,,,,,71365.0,470.1,
NSE:SHOPERSTOP,Shoppers Stop Limited,Equity,NSE+BSE,532638,INE498B01024,EQ,Consumer Discretionary,Department Stores,Micro,4447.0,,403.5,,15.27,558.0,275.95,27.7,0.0,,,1139.7,,,,,,,248202.0,547.2,
NSE:SUBROS,Subros Limited,Equity,NSE+BSE,517168,INE287B01021,EQ,Consumer Discretionary,Auto Parts,Micro,4443.0,,681.0,26.7,3.57,1172.7,622.1,41.9,3.0,0.44,,6.0,,,,,,,45375.0,231.0,
NSE:SHANTIGEAR,Shanthi Gears Limited,Equity,NSE+BSE,522034,INE631A01022,EQ,Capital Goods,Specialty Industrial Machinery,Micro,4442.0,,578.9,69.6,10.09,743.0,384.0,22.1,5.0,0.87,,,,,,,,,384792.0,885.4,
NSE:VISHNU,Vishnu Chemicals Limited,Equity,NSE+BSE,516072,INE270I01022,EQ,Materials,Specialty Chemicals,Micro,4429.0,,658.0,29.6,4.43,744.0,460.2,11.6,0.3,0.05,,49.1,,,,,,,134799.0,625.4,
NSE:SMSPHARMA,SMS Pharmaceuticals Limited,Equity,NSE+BSE,532815,INE812G01025,EQ,Healthcare,Drug Manufacturers - General,Micro,4411.0,,470.95,42.5,5.61,494.45,257.29,4.8,0.4,0.08,,46.5,,,,,,,631103.0,1848.9,
NSE:LCCPROJECT,LCC Projects Limited,Equity,NSE+BSE,544918,INE1FPN01026,EQ,Capital Goods,Infrastructure Operations,Micro,4396.0,,151.75,15.5,4.65,189.0,140.57,19.7,0.0,,38.2,123.1,,,,,,,5580346.0,1534.5,
NSE:CAPILLARY,Capillary Technologies India Limited,Equity,NSE+BSE,544614,INE0ILV01024,EQ,Information Technology,Software - Application,Micro,4390.0,,552.4,104.8,4.29,798.95,438.15,30.9,0.0,,,5.2,,,,,,,722839.0,1919.6,
NSE:ZOTA,Zota Health Care LImited,Equity,NSE,,INE358U01012,EQ,Healthcare,Biotechnology,Micro,4340.0,,1253.1,,6.26,1740.0,1022.0,28.0,1.0,0.08,,38.8,,,,,,,90774.0,2945.2,
NSE:HARSHA,Harsha Engineers International Limited,Equity,NSE+BSE,543600,INE0JUS01029,EQ,Capital Goods,Tools & Accessories,Micro,4322.0,,474.7,27.9,3.08,484.8,313.3,2.1,1.5,0.32,,26.6,,,,,,,177819.0,1902.4,
NSE:CRAMC,Canara Robeco Asset Management Company Limited,Equity,NSE+BSE,544580,INE218I01013,EQ,Financial Services,Asset Management,Micro,4321.0,,216.7,19.9,5.79,353.4,214.2,38.7,4.0,1.85,,2.4,,,,,,,890983.0,1183.6,
NSE:RESPONIND,Responsive Industries Limited,Equity,NSE+BSE,505509,INE688D01026,EQ,Materials,Specialty Chemicals,Micro,4316.0,,161.9,42.6,2.77,240.9,117.25,32.8,0.1,0.06,10.2,12.5,,,,,,,1949908.0,441.2,
NSE:SWARAJENG,Swaraj Engines Limited,Equity,NSE+BSE,500407,INE277A01016,EQ,Capital Goods,Farm & Heavy Construction Machinery,Micro,4307.0,,3545.0,21.3,8.81,4437.4,3301.3,20.1,110.0,3.1,,0.4,,,,,,,10761.0,401.7,
NSE:RAYMONDREL,Raymond Realty Limited,Equity,NSE+BSE,544420,INE1SY401010,EQ,Realty,Real Estate - Development,Micro,4299.0,,646.0,14.3,2.74,741.95,349.0,12.9,2.0,0.31,,64.7,,,,,,,1186606.0,5532.3,
NSE:PILANIINVS,Pilani Investment and Industries Corporation Limited,Equity,NSE+BSE,539883,INE417C01014,EQ,Financial Services,Asset Management,Micro,4297.0,,3880.8,,0.27,5980.0,3865.0,35.1,9.0,0.23,,15.1,,,,,,,2079.0,94.4,
NSE:DPABHUSHAN,D. P. Abhushan Limited,Equity,NSE+BSE,544161,INE266Y01019,EQ,Consumer Discretionary,Luxury Goods,Micro,4292.0,,1880.0,17.9,6.77,1924.4,866.1,2.3,0.0,,,48.0,,,,,,,126999.0,14611.3,
NSE:HAWKINCOOK,Hawkins Cookers Limited,Equity,NSE+BSE,508486,INE979B01015,EQ,Consumer Discretionary,"Furnishings, Fixtures & Appliances",Micro,4263.0,,8061.0,31.4,9.57,9600.0,7109.0,16.0,140.0,1.74,,6.6,,,,,,,2378.0,76.3,
NSE:EPIGRAL,Epigral Limited,Equity,NSE+BSE,543332,INE071N01016,EQ,Materials,Chemicals,Micro,4227.0,,979.9,15.6,1.9,1759.7,807.0,44.3,5.0,0.51,,25.8,,,,,,,90744.0,793.1,
NSE:SANATHAN,Sanathan Textiles Limited,Equity,NSE+BSE,544314,INE0JPD01013,EQ,Consumer Discretionary,Textile Manufacturing,Micro,4217.0,,499.6,69.3,2.25,544.3,352.6,8.2,0.0,,,80.8,,,,,,,95465.0,403.1,
NSE:INDIQUBE,Indiqube Spaces Limited,Equity,NSE+BSE,544454,INE06ST01018,EQ,Realty,Real Estate Services,Micro,4217.0,,198.9,,8.19,235.52,131.15,15.5,0.0,,,1011.6,,,,,,,92785.0,50.8,
NSE:GUFICBIO,Gufic Biosciences Limited,Equity,NSE+BSE,509079,INE742B01025,EQ,Healthcare,Drug Manufacturers - Specialty & Generic,Micro,4215.0,,420.3,57.3,6.34,467.8,268.0,10.2,0.1,0.02,,60.9,,,,,,,112923.0,902.5,
NSE:TBZ,Tribhovandas Bhimji Zaveri Limited,Equity,NSE+BSE,534369,INE760L01018,BE,Consumer Discretionary,Luxury Goods,Micro,4210.0,,630.9,19.7,5.02,698.6,110.5,9.7,2.5,0.4,,105.7,,,,,,,2948595.0,760.8,
NSE:DHANUKA,Dhanuka Agritech Limited,Equity,NSE+BSE,507717,INE435G01025,EQ,Materials,Agricultural Inputs,Micro,4184.0,,938.6,15.8,2.52,1531.9,889.6,38.7,2.0,0.21,,1.8,,,,,,,30260.0,325.8,
NSE:SGFIN,SG Finserve Limited,Equity,NSE+BSE,539199,INE618R01015,EQ,Financial Services,Capital Markets,Micro,4164.0,,631.9,23.8,2.82,727.45,323.0,13.1,0.0,,,185.2,,,,,,,457919.0,6925.3,
NSE:PITTIENG,Pitti Engineering Limited,Equity,NSE+BSE,513519,INE450D01021,EQ,Capital Goods,Metal Fabrication,Micro,4153.0,,1125.0,33.5,4.21,1228.0,675.0,8.4,2.5,0.22,,82.1,,,,,,,126604.0,712.4,
NSE:ICRA,ICRA Limited,Equity,NSE+BSE,532835,INE725G01011,EQ,Financial Services,Financial Data & Stock Exchanges,Micro,4140.0,,4301.0,21.2,3.51,6620.0,4198.2,35.0,70.0,1.62,,1.6,,,,,,,37613.0,1057.0,
NSE:SUNTECK,Sunteck Realty Limited,Equity,NSE+BSE,512179,INE805D01034,EQ,Realty,Real Estate - Development,Micro,4134.0,,281.55,19.4,1.14,472.5,268.55,40.4,1.5,0.54,,17.3,,,,,,,270202.0,378.4,
NSE:BANARISUG,Bannari Amman Sugars Limited,Equity,NSE+BSE,500041,INE459A01010,EQ,Fast Moving Consumer Goods,Confectioners,Micro,4121.0,,3286.0,33.9,2.15,4338.0,3105.2,24.3,12.5,0.38,,0.5,,,,,,,2769.0,36.5,
NSE:SINDHUTRAD,Sindhu Trade Links Limited,Equity,NSE+BSE,532029,INE325D01025,EQ,Capital Goods,Conglomerates,Micro,4116.0,,22.34,62.1,2.56,28.98,17.64,22.9,0.0,,3.5,25.0,,,,,,,1872458.0,55.4,
NSE:MAHLOG,Mahindra Logistics Limited,Equity,NSE+BSE,540768,INE766P01016,EQ,Capital Goods,Integrated Freight & Logistics,Micro,4115.0,,414.5,97.5,3.5,450.0,275.05,7.9,2.5,0.6,,54.2,,,,,,,289687.0,1020.6,
NSE:TATVA,Tatva Chintan Pharma Chem Limited,Equity,NSE+BSE,543321,INE0GK401011,EQ,Materials,Specialty Chemicals,Micro,4094.0,,1750.0,79.7,5.24,1880.0,1026.5,6.9,2.0,0.11,,15.4,,,,,,,156991.0,1115.3,
NSE:SEAMECLTD,Seamec Limited,Equity,NSE+BSE,526807,INE497B01018,EQ,Capital Goods,Marine Shipping,Micro,4075.0,,1597.0,15.8,3.12,1849.0,771.75,13.6,2.0,0.13,,27.1,,,,,,,83665.0,1638.3,
NSE:KSL,Kalyani Steels Limited,Equity,NSE+BSE,500235,INE907A01026,EQ,Materials,Steel,Micro,4000.0,,914.0,15.1,1.9,1032.9,574.0,11.5,10.0,1.1,,22.6,,,,,,,104800.0,2289.9,
NSE:AVANTEL,Avantel Limited,Equity,NSE+BSE,532406,INE005B01027,EQ,Information Technology,Communication Equipment,Micro,3994.0,,150.29,357.8,11.81,215.0,117.05,30.1,0.2,0.13,,10.2,,,,,,,2009213.0,1856.0,
NSE:VIPIND,VIP Industries Limited,Equity,NSE+BSE,507880,INE054A01027,EQ,Consumer Discretionary,Footwear & Accessories,Micro,3978.0,,280.05,,8.57,447.3,277.85,37.4,0.0,,,335.6,,,,,,,285388.0,1079.8,
NSE:AYE,Aye Finance Limited,Equity,NSE+BSE,544699,INE501X01029,EQ,Financial Services,Credit Services,Micro,3967.0,,162.2,16.7,1.41,197.29,88.22,17.8,0.0,,,200.0,,,,,,,1597936.0,2359.9,
NSE:SYMPHONY,Symphony Limited,Equity,NSE+BSE,517385,INE225D01027,EQ,Consumer Discretionary,"Furnishings, Fixtures & Appliances",Micro,3941.0,,573.95,,7.23,970.45,562.1,40.9,9.0,1.57,,31.6,,,,,,,159940.0,240.3,
NSE:DECNGOLD,Deccan Gold Mines Limited,Equity,NSE+BSE,512068,INE945F01025,EQ,Materials,Gold,Micro,3922.0,,195.1,,6.77,250.8,188.4,22.2,0.0,,,10.3,,,,,,,1516436.0,3352.3,
NSE:NETWORK18,Network18 Media & Investments Limited,Equity,NSE+BSE,532798,INE870H01013,EQ,Media Entertainment & Telecom,Entertainment,Micro,3920.0,,25.38,,0.79,53.24,25.02,52.3,0.0,,,65.9,,,,,,,4398918.0,812.1,
NSE:MHRIL,Mahindra Holidays & Resorts India Limited,Equity,NSE+BSE,533088,INE998I01010,EQ,Consumer Discretionary,Resorts & Casinos,Micro,3915.0,,194.1,73.8,5.03,353.7,188.21,45.1,0.0,,,488.7,,,,,,,142078.0,300.6,
NSE:RALLIS,Rallis India Limited,Equity,NSE+BSE,500355,INE613A01020,EQ,Materials,Agricultural Inputs,Micro,3887.0,,199.9,18.2,1.9,315.0,196.76,36.5,3.0,1.5,,3.0,,,,,,,953406.0,1208.1,
NSE:ANTELOPUS,Antelopus Selan Energy Limited,Equity,NSE+BSE,530075,INE818A01017,EQ,Oil Gas & Consumable Fuels,Oil & Gas E&P,Micro,3875.0,,1102.0,29.4,5.91,1290.9,357.0,14.6,0.0,,14.7,0.5,,,,,,,1528607.0,5500.4,
NSE:MOSCHIP,Moschip Technologies Limited,Equity,NSE+BSE,532407,INE935B01025,EQ,Information Technology,Semiconductor Equipment & Materials,Micro,3862.0,,198.08,148.9,9.39,288.45,146.8,31.3,0.0,,,21.6,,,,,,,3146660.0,2707.6,
NSE:SWSOLAR,Sterling and Wilson Renewable Energy Limited,Equity,NSE+BSE,542760,INE00M201021,EQ,Information Technology,Solar,Micro,3858.0,,165.2,,5.94,260.8,148.0,36.7,0.0,,,183.0,,,,,,,1274544.0,2267.0,
NSE:HIRECT,Hirect Limited,Equity,NSE+BSE,504036,INE835D01023,EQ,Capital Goods,Electrical Equipment & Parts,Micro,3836.0,,1116.0,92.8,18.39,1399.0,565.2,20.2,1.4,0.12,,118.9,,,,,,,157738.0,574.3,
NSE:ASHIANA,Ashiana Housing Limited,Equity,NSE+BSE,523716,INE365D01021,EQ,Realty,Real Estate - Development,Micro,3830.0,,381.0,32.0,4.21,435.9,269.45,12.6,2.5,0.65,14.3,35.1,,,,,,,181391.0,145.0,
NSE:AARTIDRUGS,Aarti Drugs Limited,Equity,NSE+BSE,524348,INE767A01016,EQ,Healthcare,Drug Manufacturers - Specialty & Generic,Micro,3824.0,,419.0,20.0,2.47,534.0,318.95,21.5,2.0,0.48,,37.2,,,,,,,210449.0,729.8,
NSE:TRUALT,TruAlt Bioenergy Limited,Equity,NSE+BSE,544545,INE0MWH01014,EQ,Oil Gas & Consumable Fuels,Oil & Gas Refining & Marketing,Micro,3812.0,,444.5,25.7,2.5,542.0,310.2,18.0,0.0,,,104.6,,,,,,,323976.0,1303.6,
NSE:RAYMONDLSL,Raymond Lifestyle Limited,Equity,NSE+BSE,544240,INE02ID01020,EQ,Consumer Discretionary,Apparel Manufacturing,Micro,3807.0,,625.0,87.3,0.4,1246.4,615.0,49.9,1.0,0.16,,22.7,,,,,,,228420.0,1241.1,
NSE:GREENPLY,Greenply Industries Limited,Equity,NSE+BSE,526797,INE461C01038,EQ,Materials,Lumber & Wood Production,Micro,3797.0,,304.0,38.5,4.21,334.4,176.42,9.1,0.5,0.16,,57.5,,,,,,,220719.0,1182.6,
NSE:RML,Rane (Madras) Limited,Equity,NSE+BSE,532661,INE050H01012,EQ,Consumer Discretionary,Auto Parts,Micro,3748.0,,1356.0,31.6,4.99,1440.0,608.5,5.8,16.0,1.19,,100.2,,,,,,,104317.0,787.9,
NSE:UNICHEMLAB,Unichem Laboratories Limited,Equity,NSE+BSE,506690,INE351A01035,EQ,Healthcare,Drug Manufacturers - Specialty & Generic,Micro,3746.0,,532.0,12.3,1.38,687.2,278.2,22.6,0.0,,,18.4,,,,,,,480074.0,548.2,
NSE:KOLTEPATIL,Kolte - Patil Developers Limited,Equity,NSE+BSE,532924,INE094I01018,EQ,Realty,Real Estate - Development,Micro,3742.0,,422.0,72.0,3.1,554.6,292.25,23.9,0.0,,,98.2,,,,,,,338574.0,275.6,
NSE:SANGHVIMOV,Sanghvi Movers Limited,Equity,NSE+BSE,530073,INE989A01032,EQ,Capital Goods,Rental & Leasing Services,Micro,3740.0,,432.0,18.8,2.85,528.0,223.8,18.2,2.0,0.47,,51.4,,,,,,,416600.0,2997.5,
NSE:HERITGFOOD,Heritage Foods Limited,Equity,NSE+BSE,519552,INE978A01027,EQ,Fast Moving Consumer Goods,Packaged Foods,Micro,3731.0,,402.1,27.6,3.38,503.8,292.55,20.2,2.5,0.62,,32.6,,,,,,,512623.0,1317.1,
NSE:VSTTILLERS,V.S.T Tillers Tractors Limited,Equity,NSE+BSE,531266,INE764D01017,EQ,Capital Goods,Farm & Heavy Construction Machinery,Micro,3721.0,,4300.0,34.3,3.4,6374.0,3950.0,32.5,25.0,0.58,,0.2,,,,,,,10024.0,2116.4,
NSE:REFEX,Refex Industries Limited,Equity,NSE+BSE,532884,INE056I01025,EQ,Oil Gas & Consumable Fuels,Thermal Coal,Micro,3716.0,,270.8,12.8,2.47,382.4,188.0,29.2,2.0,0.74,,14.9,,,,,,,544362.0,921.6,
NSE:TARC,TARC Limited,Equity,NSE+BSE,543249,INE0EK901012,EQ,Realty,Real Estate - Development,Micro,3712.0,,125.79,,3.84,186.3,109.1,32.5,0.0,,,178.4,,,,,,,1715582.0,452.4,
NSE:63MOONS,63 moons technologies limited,Equity,NSE+BSE,526881,INE111B01023,EQ,Information Technology,Software - Application,Micro,3705.0,,804.0,,1.04,957.95,467.0,16.1,2.0,0.25,,0.1,,,,,,,834667.0,1667.9,
NSE:VSSL,Vardhman Special Steels Limited,Equity,NSE+BSE,534392,INE050M01012,EQ,Materials,Steel,Micro,3700.0,,382.7,25.6,3.03,428.25,206.4,10.6,3.5,0.91,,7.3,,,,,,,342432.0,633.1,
NSE:AHLUCONT,Ahluwalia Contracts (India) Limited,Equity,NSE+BSE,532811,INE758C01029,EQ,Capital Goods,Engineering & Construction,Micro,3698.0,,552.1,16.4,1.8,1077.95,540.55,48.8,0.7,0.13,,3.6,,,,,,,72917.0,431.2,
NSE:GRAUWEIL,Grauer & Weil India Limited,Equity,NSE+BSE,505710,INE266D01021,EQ,Materials,Specialty Chemicals,Micro,3695.0,,81.5,23.0,3.42,115.6,62.09,29.5,0.5,0.61,,1.3,,,,,,,658792.0,429.8,
NSE:GHCL,GHCL Limited,Equity,NSE+BSE,500171,INE539A01019,EQ,Materials,Chemicals,Micro,3685.0,,402.0,7.2,1.02,667.2,396.0,39.7,12.0,2.99,,2.3,,,,,,,139409.0,506.8,
NSE:NPST,Network People Services Technologies Limited,Equity,NSE+BSE,544396,INE0FFK01017,EQ,Information Technology,Software - Application,Micro,3680.0,,1764.0,79.9,11.92,2058.0,846.6,14.3,2.0,0.11,,3.1,,,,,,,106549.0,1132.2,
NSE:LASERPOWER,Laser Power & Infra Limited,Equity,NSE+BSE,544822,INE17IR01028,EQ,Capital Goods,Electrical Equipment & Parts,Micro,3664.0,,261.0,24.3,4.14,343.5,250.0,24.0,0.0,,,120.1,,,,,,,2839650.0,3372.6,
NSE:PREMEXPLN,Premier Explosives Limited,Equity,NSE+BSE,526247,INE863B01029,EQ,Materials,Specialty Chemicals,Micro,3657.0,,680.0,109.5,12.69,829.8,378.4,18.1,0.5,0.07,,11.1,,,,,,,361514.0,1123.0,
NSE:KIRLOSIND,Kirloskar Industries Limited,Equity,NSE+BSE,500243,INE250A01039,EQ,Capital Goods,Metal Fabrication,Micro,3643.0,,3465.0,23.9,0.58,4574.8,2463.0,24.3,13.0,0.37,,13.3,,,,,,,18892.0,205.4,
NSE:KSCL,Kaveri Seed Company Limited,Equity,NSE+BSE,532899,INE455I01029,EQ,Materials,Agricultural Inputs,Micro,3642.0,,713.5,14.9,1.72,1095.9,685.0,34.9,5.0,0.7,,,,,,,,,577129.0,1122.0,
NSE:JASH,Jash Engineering Limited,Equity,NSE+BSE,544402,INE039O01029,EQ,Capital Goods,Specialty Industrial Machinery,Micro,3642.0,,579.0,42.6,7.02,619.4,327.1,6.5,1.6,0.28,,19.6,,,,,,,431239.0,2358.2,
NSE:UNIPARTS,Uniparts India Limited,Equity,NSE+BSE,543689,INE244O01017,EQ,Capital Goods,Farm & Heavy Construction Machinery,Micro,3642.0,,807.1,20.2,4.19,915.95,399.8,11.9,24.25,2.96,,17.8,,,,,,,181986.0,1151.6,
NSE:RTNPOWER,RattanIndia Power Limited,Equity,NSE+BSE,533122,INE399K01017,EQ,Power,Utilities - Independent Power Producers,Micro,3641.0,,6.78,32.3,0.78,11.94,6.66,43.2,0.0,,,80.0,,,,,,,15959142.0,907.0,
NSE:IDEAFORGE,Ideaforge Technology Limited,Equity,NSE+BSE,543932,INE349Y01013,EQ,Information Technology,Computer Hardware,Micro,3635.0,,731.2,830.9,5.28,992.25,366.0,26.3,0.0,,,14.0,,,,,,,302806.0,3053.3,
NSE:STYRENIX,Styrenix Performance Materials Limited,Equity,NSE+BSE,506222,INE189B01011,EQ,Materials,Chemicals,Micro,3625.0,,2060.0,13.5,2.65,2653.0,1780.0,22.4,77.0,3.75,,40.1,,,,,,,60606.0,1120.6,
NSE:PACEDIGITK,Pace Digitek Limited,Equity,NSE+BSE,544550,INE0S3G01027,EQ,Information Technology,Communication Equipment,Micro,3605.0,,167.0,11.8,1.49,231.95,139.81,28.0,0.0,,,43.6,,,,,,,1807501.0,39044.4,
NSE:STEELCAS,Steelcast Limited,Equity,NSE+BSE,513517,INE124E01038,EQ,Materials,Steel,Micro,3593.0,,355.0,39.7,9.09,390.9,176.02,9.2,1.8,0.5,,,,,,,,,159690.0,1245.2,
NSE:PNCINFRA,PNC Infratech Limited,Equity,NSE+BSE,539150,INE195J01029,EQ,Capital Goods,Engineering & Construction,Micro,3566.0,,139.0,4.9,0.52,295.9,116.4,53.0,0.6,0.43,,75.9,,,,,,,1156067.0,2282.2,
NSE:INDOTECH,Indo Tech Transformers Limited,Equity,NSE+BSE,532717,INE332H01014,EQ,Capital Goods,Electrical Equipment & Parts,Micro,3555.0,,3347.6,35.8,9.51,4030.0,1100.0,16.9,10.0,0.3,,1.4,,,,,,,20942.0,1670.7,
NSE:KIRIINDUS,Kiri Industries Limited,Equity,NSE+BSE,532967,INE415I01015,EQ,Materials,Specialty Chemicals,Micro,3552.0,,545.0,0.6,0.52,779.0,333.8,30.0,0.0,,,0.6,,,,,,,949472.0,3014.5,
NSE:TCPLPACK,TCPL Packaging Limited,Equity,NSE+BSE,523301,INE822C01015,EQ,Consumer Discretionary,Packaging & Containers,Micro,3542.0,,3900.0,30.7,4.94,4410.9,2200.0,11.6,25.0,0.64,,88.2,,,,,,,18867.0,147.7,
NSE:CMSINFO,CMS Info Systems Limited,Equity,NSE+BSE,543441,INE925R01014,EQ,Capital Goods,Specialty Business Services,Micro,3537.0,,221.0,12.4,1.49,393.3,215.12,43.8,5.0,2.27,,9.1,,,,,,,859993.0,2214.7,
NSE:ALOKINDS,Alok Industries Limited,Equity,NSE+BSE,521070,INE270A01029,EQ,Consumer Discretionary,Textile Manufacturing,Micro,3510.0,,7.07,,-0.16,18.45,6.92,61.7,0.0,,,,,,,,,,16272492.0,1069.6,
NSE:DIVGIITTS,Divgi Torqtransfer Systems Limited,Equity,NSE+BSE,543812,INE753U01022,EQ,Consumer Discretionary,Auto Parts,Micro,3508.0,,1147.0,55.5,5.52,1329.8,573.7,13.7,3.27,0.29,,0.3,,,,,,,164715.0,1476.4,
NSE:RTNINDIA,RattanIndia Enterprises Limited,Equity,NSE+BSE,534597,INE834M01019,EQ,Consumer Discretionary,Internet Retail,Micro,3501.0,,25.35,,4.55,54.5,24.4,53.5,0.0,,,143.0,,,,,,,1451464.0,326.0,
NSE:JKIL,J.Kumar Infraprojects Limited,Equity,NSE+BSE,532940,INE576I01022,EQ,Capital Goods,Engineering & Construction,Micro,3490.0,,461.3,9.2,1.03,672.0,425.0,31.4,4.0,0.87,,18.4,,,,,,,80458.0,390.0,
NSE:BAJAJELEC,Bajaj Electricals Limited,Equity,NSE+BSE,500031,INE193E01025,EQ,Consumer Discretionary,"Furnishings, Fixtures & Appliances",Micro,3459.0,,299.7,,2.17,560.95,296.0,46.6,3.0,1.0,,104.6,,,,,,,394195.0,322.3,
NSE:SOLARA,Solara Active Pharma Sciences Limited,Equity,NSE+BSE,541540,INE624Z01016,EQ,Healthcare,Drug Manufacturers - Specialty & Generic,Micro,3450.0,,715.0,,2.49,774.0,422.0,7.6,0.0,,,54.7,,,,,,,491848.0,1752.3,
NSE:SAMHI,Samhi Hotels Limited,Equity,NSE+BSE,543984,INE08U801020,EQ,Consumer Discretionary,Lodging,Micro,3435.0,,154.5,6.0,2.25,217.3,127.0,28.9,0.0,,,81.1,,,,,,,1143921.0,1644.1,
NSE:VAIBHAVGBL,Vaibhav Global Limited,Equity,NSE+BSE,532156,INE884A01027,EQ,Consumer Discretionary,Luxury Goods,Micro,3428.0,,204.4,12.1,2.07,293.25,174.13,30.3,6.0,2.95,,25.2,,,,,,,446356.0,513.4,
NSE:INDSWFTLAB,Ind-Swift Laboratories Limited,Equity,NSE+BSE,532305,INE915B01019,EQ,Healthcare,Drug Manufacturers - Specialty & Generic,Micro,3426.0,,394.0,58.6,2.38,424.75,87.15,7.2,0.0,,,1.5,,,,,,,1252584.0,2965.7,
NSE:SANDHAR,Sandhar Technologies Limited,Equity,NSE+BSE,541163,INE278H01035,EQ,Consumer Discretionary,Auto Parts,Micro,3403.0,,564.0,16.3,2.55,763.2,424.0,26.1,4.0,0.71,,86.1,,,,,,,215280.0,1097.3,
NSE:JTLIND,JTL INDUSTRIES LIMITED,Equity,NSE+BSE,534600,INE391J01032,EQ,Materials,Steel,Micro,3403.0,,86.58,27.9,2.09,94.0,40.25,7.9,0.13,0.14,,16.0,,,,,,,3085326.0,2167.5,
NSE:VSTIND,VST Industries Limited,Equity,NSE+BSE,509966,INE710A01016,EQ,Fast Moving Consumer Goods,Tobacco,Micro,3402.0,,200.65,12.2,2.36,286.78,200.0,30.0,12.0,5.97,,,,,,,,,235986.0,287.0,
NSE:CMLL,Caliber Mining and Logistics Limited,Equity,NSE+BSE,544833,INE11XY01018,EQ,Oil Gas & Consumable Fuels,Thermal Coal,Micro,3395.0,,519.3,22.7,4.3,624.4,460.0,16.8,0.0,,,173.0,,,,,,,2137408.0,1397.4,
NSE:PRABHA,Prabha Energy Limited,Equity,NSE+BSE,544379,INE0I0M01023,EQ,Oil Gas & Consumable Fuels,Oil & Gas E&P,Micro,3387.0,,217.01,2411.2,4.77,262.8,137.91,17.4,0.0,,,37.6,,,,,,,534709.0,340.4,
NSE:POLYPLEX,Polyplex Corporation Limited,Equity,NSE+BSE,524051,INE633B01018,EQ,Materials,Specialty Chemicals,Micro,3383.0,,1038.0,21.0,0.77,1264.0,740.0,17.9,2.0,0.19,,13.3,,,,,,,91206.0,430.0,
NSE:MIDWESTLTD,Midwest Limited,Equity,NSE+BSE,544587,INE0XAD01024,EQ,Materials,Building Materials,Micro,3363.0,,930.0,30.3,3.36,1859.9,860.0,50.0,0.0,,,19.7,,,,,,,24072.0,311.9,
NSE:BOROLTD,Borosil Limited,Equity,NSE+BSE,543212,INE02PY01013,EQ,Consumer Discretionary,"Furnishings, Fixtures & Appliances",Micro,3353.0,,280.4,47.8,3.76,363.4,213.73,22.8,0.0,,,16.7,,,,,,,558688.0,1563.1,
NSE:NITINSPIN,Nitin Spinners Limited,Equity,NSE+BSE,532698,INE229H01012,EQ,Consumer Discretionary,Textile Manufacturing,Micro,3350.0,,595.9,15.8,2.28,665.5,302.2,10.5,3.0,0.5,,76.5,,,,,,,174241.0,757.4,
NSE:TVSSRICHAK,TVS Srichakra Limited,Equity,NSE+BSE,509243,INE421C01016,EQ,Consumer Discretionary,Auto Parts,Micro,3331.0,,4350.0,36.1,2.8,5760.0,3185.0,24.5,37.8,0.87,,64.5,,,,,,,33493.0,241.9,
NSE:INDOSTAR,IndoStar Capital Finance Limited,Equity,NSE+BSE,541336,INE896L01010,EQ,Financial Services,Credit Services,Micro,3322.0,,205.45,,0.88,292.0,179.03,29.6,0.0,,,144.8,,,,,,,146009.0,233.1,
NSE:POCL,Pondy Oxides & Chemicals Limited,Equity,NSE+BSE,532626,INE063E01061,EQ,Materials,Specialty Chemicals,Micro,3322.0,,435.5,24.1,4.21,647.6,392.2,32.8,2.0,0.46,,19.3,,,,,,,496820.0,1472.9,
NSE:PARAGMILK,Parag Milk Foods Limited,Equity,NSE+BSE,539889,INE883N01014,EQ,Fast Moving Consumer Goods,Packaged Foods,Micro,3313.0,,263.95,26.1,2.62,376.95,177.84,30.0,1.1,0.42,,48.3,,,,,,,1204823.0,2422.2,
NSE:LUXIND,Lux Industries Limited,Equity,NSE+BSE,539542,INE150G01020,EQ,Consumer Discretionary,Apparel Manufacturing,Micro,3292.0,,1094.6,32.1,1.79,1823.35,824.05,40.0,2.0,0.18,,34.0,,,,,,,38106.0,180.6,
NSE:ORIENTELEC,Orient Electric Limited,Equity,NSE+BSE,541301,INE142Z01019,EQ,Consumer Discretionary,"Furnishings, Fixtures & Appliances",Micro,3290.0,,154.2,30.0,4.33,217.51,149.05,29.1,1.5,0.97,,12.3,,,,,,,694897.0,289.2,
NSE:ARSSBL,Anand Rathi Share and Stock Brokers Limited,Equity,NSE+BSE,544530,INE549H01021,EQ,Financial Services,Financial Conglomerates,Micro,3286.0,,521.0,22.3,2.42,794.85,416.0,34.5,5.0,0.96,,63.4,,,,,,,203296.0,1566.8,
NSE:AGIIL,Agi Infra Limited,Equity,NSE+BSE,539042,INE976R01033,EQ,Realty,Real Estate - Development,Micro,3256.0,,260.45,31.3,7.02,434.4,224.7,40.0,0.2,0.08,,38.3,,,,,,,1704773.0,441.8,
NSE:EIEL,Enviro Infra Engineers Limited,Equity,NSE+BSE,544290,INE0LLY01014,EQ,Capital Goods,Engineering & Construction,Micro,3230.0,,184.0,17.9,2.62,257.66,134.71,28.6,0.0,,,34.1,,,,,,,1669352.0,1444.4,
NSE:DALMIASUG,Dalmia Bharat Sugar and Industries Limited,Equity,NSE+BSE,500097,INE495A01022,EQ,Fast Moving Consumer Goods,Confectioners,Micro,3226.0,,398.6,15.9,1.0,520.0,261.4,23.3,6.0,1.51,,55.7,,,,,,,686982.0,584.8,
NSE:JTEKTINDIA,Jtekt India Limited,Equity,NSE+BSE,520057,INE643A01035,EQ,Consumer Discretionary,Auto Parts,Micro,3223.0,,116.19,44.0,2.72,171.31,114.2,32.2,0.75,0.65,,28.7,,,,,,,201593.0,153.4,
NSE:AURIONPRO,Aurionpro Solutions Limited,Equity,NSE+BSE,532668,INE132H01018,EQ,Information Technology,Software - Application,Micro,3206.0,,595.95,16.0,1.85,1240.0,593.35,51.9,3.0,0.49,,3.5,,,,,,,173541.0,1105.2,
NSE:AONESTEELS,A-One Steels India Limited,Equity,NSE+BSE,544952,INE0OTC01025,EQ,Materials,Steel,Micro,3201.0,,414.4,,3.38,470.0,393.7,11.8,0.0,,16.1,194.2,,,,,,,14841745.0,64792.2,
NSE:KNRCON,KNR Constructions Limited,Equity,NSE+BSE,532942,INE634I01029,EQ,Capital Goods,Engineering & Construction,Micro,3192.0,,113.5,8.1,0.64,200.1,108.65,43.3,0.25,0.22,,49.2,,,,,,,1382212.0,2178.0,
NSE:HEMIPROP,Hemisphere Properties India Limited,Equity,NSE+BSE,543242,INE0AJG01018,EQ,Realty,Real Estate - Diversified,Micro,3185.0,,111.7,,7.4,165.0,109.81,32.3,0.0,,,20.1,,,,,,,314789.0,836.2,
NSE:GOPAL,Gopal Snacks Limited,Equity,NSE+BSE,544140,INE0L9R01028,EQ,Fast Moving Consumer Goods,Packaged Foods,Micro,3154.0,,253.0,37.5,6.59,364.4,247.55,30.6,1.0,0.39,,32.2,,,,,,,154059.0,1551.1,
NSE:WONDERLA,Wonderla Holidays Limited,Equity,NSE+BSE,538268,INE066O01014,EQ,Consumer Discretionary,Leisure,Micro,3146.0,,496.1,31.0,1.82,602.35,455.0,17.6,2.0,0.4,,0.3,,,,,,,110611.0,394.7,
NSE:JUBLCPL,Jubilant Agri and Consumer Products Limited,Equity,NSE+BSE,544355,INE03CC01015,EQ,Materials,Specialty Chemicals,Micro,3143.0,,2074.0,24.5,6.83,2753.1,1460.0,24.7,0.0,,,11.1,,,,,,,15863.0,99.3,
NSE:SANGAMIND,Sangam (India) Limited,Equity,NSE+BSE,514234,INE495C01010,EQ,Consumer Discretionary,Textile Manufacturing,Micro,3136.0,,635.9,26.3,2.97,672.5,391.2,5.4,2.0,0.32,,118.7,,,,,,,118178.0,317.3,
NSE:ANUP,The Anup Engineering Limited,Equity,NSE+BSE,542460,INE294Z01018,EQ,Capital Goods,Specialty Industrial Machinery,Micro,3135.0,,1565.1,37.1,4.54,2524.0,1422.3,38.0,12.0,0.77,,17.7,,,,,,,35327.0,410.2,
NSE:NFL,National Fertilizers Limited,Equity,NSE+BSE,523630,INE870D01012,EQ,Materials,Agricultural Inputs,Micro,3132.0,,63.84,8.6,1.1,98.3,62.81,35.1,1.04,1.63,,139.5,,,,,,,663858.0,403.9,
NSE:VINDHYATEL,Vindhya Telelinks Limited,Equity,NSE+BSE,517015,INE707A01012,EQ,Capital Goods,Engineering & Construction,Micro,3105.0,,2620.0,13.3,0.74,2952.6,963.9,11.3,6.0,0.23,,34.1,,,,,,,78483.0,804.1,
NSE:MAYURUNIQ,Mayur Uniquoters Ltd,Equity,NSE+BSE,522249,INE040D01038,EQ,Consumer Discretionary,Textile Manufacturing,Micro,3104.0,,714.4,15.0,2.74,907.0,471.2,21.2,6.0,0.84,,0.7,,,,,,,109847.0,570.2,
NSE:INDRAMEDCO,Indraprastha Medical Corporation Limited,Equity,NSE+BSE,532150,INE681B01017,EQ,Healthcare,Medical Care Facilities,Micro,3099.0,,338.0,16.5,4.18,640.85,335.5,47.3,4.0,1.18,,5.0,,,,,,,316527.0,1086.9,
NSE:BEPL,Bhansali Engineering Polymers Limited,Equity,NSE+BSE,500052,INE922A01025,EQ,Materials,Chemicals,Micro,3098.0,,124.48,15.5,2.86,138.5,74.2,10.1,4.0,3.23,,,,,,,,,4787243.0,1907.2,
NSE:APCOTEXIND,Apcotex Industries Limited,Equity,NSE+BSE,523694,INE116A01032,EQ,Materials,Specialty Chemicals,Micro,3095.0,,597.0,19.2,4.98,712.0,310.45,16.2,8.0,1.35,,15.5,,,,,,,291451.0,495.8,
NSE:BHAGCHEM,Bhagiradha Chemicals & Industries Limited,Equity,NSE+BSE,531719,INE414D01027,EQ,Materials,Agricultural Inputs,Micro,3093.0,,238.5,112.0,4.43,316.9,170.6,24.7,0.15,0.06,,33.6,,,,,,,121189.0,328.4,
NSE:RSYSTEMS,R Systems International Limited,Equity,NSE+BSE,532735,INE411H01032,EQ,Information Technology,Information Technology Services,Micro,3090.0,,260.8,16.8,2.81,435.9,213.52,40.2,16.0,6.07,17.3,28.6,,,,,,,2702930.0,15337.6,
NSE:HLEGLAS,HLE Glascoat Limited,Equity,NSE+BSE,522215,INE461D01028,EQ,Capital Goods,Specialty Industrial Machinery,Micro,3088.0,,444.65,84.5,5.72,661.95,250.0,32.8,1.1,0.25,,56.2,,,,,,,440670.0,968.1,
NSE:ADFFOODS,ADF Foods Limited,Equity,NSE+BSE,519183,INE982B01027,EQ,Fast Moving Consumer Goods,Packaged Foods,Micro,3087.0,,281.0,33.6,5.4,346.95,153.1,19.0,1.2,0.43,,9.6,,,,,,,161340.0,738.0,
NSE:DBCORP,D.B.Corp Limited,Equity,NSE+BSE,533151,INE950I01011,EQ,Media Entertainment & Telecom,Publishing,Micro,3067.0,,172.05,8.7,1.26,280.55,169.81,38.7,7.0,4.06,,10.8,,,,,,,413043.0,175.3,
NSE:WINDMACHIN,Windsor Machines Limited,Equity,NSE+BSE,522029,INE052A01021,EQ,Capital Goods,Specialty Industrial Machinery,Micro,3048.0,,294.6,245.5,3.4,343.9,200.65,14.3,0.0,,,17.5,,,,,,,142601.0,293.4,
NSE:JAYKAY,Jaykay Enterprises Limited,Equity,NSE+BSE,500306,INE903A01025,EQ,Capital Goods,Specialty Business Services,Micro,3047.0,,202.0,14.0,2.52,219.7,115.52,8.1,0.0,,,5.6,,,,,,,624244.0,890.4,
NSE:NACLIND,NACL Industries Limited,Equity,NSE+BSE,524709,INE295D01020,EQ,Materials,Agricultural Inputs,Micro,3032.0,,129.45,258.9,4.44,245.0,112.62,47.2,0.0,,,45.7,,,,,,,1044510.0,679.9,
NSE:VARMORA,Varmora Granito Limited,Equity,NSE+BSE,544942,INE0M5301040,EQ,Materials,Building Materials,Micro,3029.0,,134.0,48.9,,163.77,132.21,18.2,0.0,,7.1,,,,,,,,22006076.0,4309.0,
NSE:BUILDPRO,Shankara Buildpro Limited,Equity,NSE+BSE,544517,INE24OJ01011,EQ,Consumer Discretionary,Home Improvement Retail,Micro,3029.0,,1249.0,23.1,5.55,1380.0,636.0,9.5,5.0,0.4,25.5,11.1,,,,,,,111162.0,645.4,
NSE:ADVENZYMES,Advanced Enzyme Technologies Limited,Equity,NSE+BSE,540025,INE837H01020,EQ,Materials,Specialty Chemicals,Micro,3027.0,,274.5,18.5,1.88,419.0,251.95,34.5,2.55,0.93,,1.9,,,,,,,252755.0,627.1,
NSE:CHEMPLASTS,Chemplast Sanmar Limited,Equity,NSE+BSE,543336,INE488A01050,EQ,Materials,Chemicals,Micro,3021.0,,191.1,,1.72,412.65,161.0,53.7,0.0,,,111.2,,,,,,,814435.0,546.7,
NSE:OSWALPUMPS,Oswal Pumps Limited,Equity,NSE+BSE,544418,INE0BYP01024,EQ,Capital Goods,Electrical Equipment & Parts,Micro,3016.0,,264.55,8.7,1.7,790.0,259.2,66.5,0.0,,,14.1,,,,,,,617628.0,888.9,
NSE:IMAGICAA,Imagicaaworld Entertainment Limited,Equity,NSE+BSE,539056,INE172N01012,EQ,Media Entertainment & Telecom,Entertainment,Micro,3005.0,,50.99,204.0,1.61,62.0,36.84,17.8,0.0,,,27.3,,,,,,,1581306.0,260.0,
NSE:RELTD,Ravindra Energy Limited,Equity,NSE+BSE,504341,INE206N01018,EQ,Information Technology,Solar,Micro,2978.0,,149.99,55.6,6.31,196.45,114.59,23.6,0.0,,,126.2,,,,,,,339628.0,185.2,
NSE:SEIL,Shanti Educational Initiatives Limited,Equity,NSE+BSE,539921,INE440T01028,EQ,Fast Moving Consumer Goods,Education & Training Services,Micro,2978.0,,185.0,500.0,39.59,215.6,178.26,14.2,0.0,,,7.6,,,,,,,249325.0,336.8,
NSE:CARYSIL,CARYSIL LIMITED,Equity,NSE+BSE,524091,INE482D01024,EQ,Consumer Discretionary,"Furnishings, Fixtures & Appliances",Micro,2972.0,,1045.0,27.9,4.89,1280.9,732.1,18.4,3.0,0.29,,46.0,,,,,,,114398.0,3267.0,
NSE:ELPROINTL,Elpro International Limited,Equity,NSE+BSE,504000,INE579B01039,EQ,Realty,Real Estate Services,Micro,2961.0,,174.74,22.9,1.46,180.89,102.0,3.4,0.0,,,59.5,,,,,,,42696.0,14.0,
NSE:ASHOKA,Ashoka Buildcon Limited,Equity,NSE+BSE,533271,INE442H01029,EQ,Capital Goods,Engineering & Construction,Micro,2957.0,,105.35,1.2,0.45,214.5,101.0,50.9,0.0,,,24.5,,,,,,,2302759.0,1012.5,
NSE:KKCL,Kewal Kiran Clothing Limited,Equity,NSE+BSE,532732,INE401H01017,EQ,Consumer Discretionary,Apparel Manufacturing,Micro,2956.0,,479.7,20.0,3.15,568.45,408.35,15.6,4.0,0.84,14.9,9.5,,,,,,,44287.0,139.8,
NSE:PANAMAPET,Panama Petrochem Limited,Equity,NSE+BSE,524820,INE305C01029,EQ,Oil Gas & Consumable Fuels,Oil & Gas Refining & Marketing,Micro,2951.0,,487.75,6.2,2.01,599.6,229.0,18.7,3.0,0.62,,7.5,,,,,,,565064.0,795.2,
NSE:HEIDELBERG,HeidelbergCement India Limited,Equity,NSE+BSE,500292,INE578A01017,EQ,Materials,Building Materials,Micro,2947.0,,130.03,25.3,2.14,206.7,128.45,37.1,7.0,5.36,,1.0,,,,,,,145629.0,173.9,
NSE:CARRARO,Carraro India Limited,Equity,NSE+BSE,544320,INE0V7W01012,EQ,Consumer Discretionary,Auto Parts,Micro,2938.0,,516.8,22.1,5.2,667.55,416.0,22.6,6.75,1.3,,27.4,,,,,,,154279.0,671.4,
NSE:PSPPROJECT,PSP Projects Limited,Equity,NSE+BSE,540544,INE488V01015,EQ,Capital Goods,Engineering & Construction,Micro,2938.0,,741.1,40.0,2.32,1143.0,569.2,35.2,0.0,,,26.1,,,,,,,93292.0,563.2,
NSE:WEBELSOLAR,Websol Energy System Limited,Equity,NSE+BSE,517498,INE855C01023,EQ,Information Technology,Solar,Micro,2931.0,,67.52,9.4,4.85,137.9,50.4,51.0,0.25,0.36,,20.7,,,,,,,1965500.0,1617.5,
NSE:MUTHOOTMF,Muthoot Microfin Limited,Equity,NSE+BSE,544055,INE046W01019,EQ,Financial Services,Credit Services,Micro,2926.0,,174.4,11.9,1.03,262.77,141.2,33.6,0.0,,,341.3,,,,,,,824498.0,352.8,
NSE:BLSE,BLS E-Services Limited,Equity,NSE+BSE,544107,INE0NLT01010,EQ,Capital Goods,Specialty Business Services,Micro,2910.0,,321.0,50.3,5.59,339.8,124.3,5.5,1.0,0.31,,1.1,,,,,,,800775.0,1702.4,
NSE:CRIZAC,Crizac Limited,Equity,NSE+BSE,544439,INE0S4R01014,EQ,Fast Moving Consumer Goods,Education & Training Services,Micro,2908.0,,166.2,13.2,4.97,333.0,159.95,50.1,16.0,9.59,,0.3,,,,,,,331613.0,316.0,
NSE:RATNAVEER,Ratnaveer Precision Engineering Limited,Equity,NSE+BSE,543978,INE05CZ01011,EQ,Materials,Steel,Micro,2895.0,,345.0,18.7,3.5,354.5,130.5,2.7,0.0,,,50.1,,,,,,,7631453.0,39645.2,
NSE:JINDALPOLY,Jindal Poly Films Limited,Equity,NSE+BSE,500227,INE197D01010,EQ,Consumer Discretionary,Packaging & Containers,Micro,2883.0,,658.4,,0.94,1026.45,365.0,35.9,5.9,0.82,-29.9,131.6,,,,,,,36359.0,98.2,
NSE:CONFIPET,Confidence Petroleum India Limited,Equity,NSE+BSE,526829,INE552D01024,EQ,Oil Gas & Consumable Fuels,Oil & Gas Refining & Marketing,Micro,2863.0,,86.17,21.3,2.03,93.2,28.06,7.5,0.1,0.12,,49.4,,,,,,,3410834.0,2438.6,
NSE:SUNDROP,Sundrop Brands Limited,Equity,NSE+BSE,500215,INE209A01019,EQ,Fast Moving Consumer Goods,Packaged Foods,Micro,2846.0,,755.0,102.3,1.93,823.95,556.0,8.4,0.0,,,0.9,,,,,,,30677.0,227.9,
NSE:MONARCH,Monarch Networth Capital Limited,Equity,NSE+BSE,511551,INE903D01011,EQ,Financial Services,Capital Markets,Micro,2831.0,,357.0,15.7,2.91,406.95,235.45,12.3,1.0,0.29,,3.8,,,,,,,208929.0,680.5,
NSE:INTERARCH,Interarch Building Solutions Limited,Equity,NSE+BSE,544232,INE00M901018,EQ,Capital Goods,Engineering & Construction,Micro,2807.0,,1669.0,20.9,3.18,2762.6,1600.0,39.6,12.5,0.75,,2.0,,,,,,,50182.0,1022.6,
NSE:NOCIL,NOCIL Limited,Equity,NSE+BSE,500730,INE163A01018,EQ,Materials,Specialty Chemicals,Micro,2806.0,,168.0,42.5,1.58,211.2,125.31,20.5,1.5,0.89,,0.5,,,,,,,1268542.0,2161.8,
NSE:KMCSHIL,K M C Speciality Hospitals (India) Limited,Equity,NSE+BSE,524520,INE879K01018,EQ,Healthcare,Medical Care Facilities,Micro,2800.0,,171.7,50.2,13.26,178.6,128.48,3.9,0.0,,,39.8,,,,,,,780541.0,1383.9,
NSE:STYLEBAAZA,Baazar Style Retail Limited,Equity,NSE+BSE,544243,INE01FR01028,EQ,Consumer Discretionary,Apparel Retail,Micro,2797.0,,367.4,58.3,6.08,447.1,229.95,17.8,0.0,,,221.1,,,,,,,1044934.0,6053.8,
NSE:SBC,SBC Exports Limited,Equity,NSE+BSE,542725,INE04AK01028,EQ,Consumer Discretionary,Apparel Manufacturing,Micro,2790.0,,58.6,86.2,35.32,59.5,22.06,1.5,0.0,,,283.2,,,,,,,10227202.0,18497.6,
NSE:NILKAMAL,Nilkamal Limited,Equity,NSE+BSE,523385,INE310A01015,EQ,Consumer Discretionary,"Furnishings, Fixtures & Appliances",Micro,2785.0,,1860.0,22.3,1.76,2149.5,1050.5,13.5,20.0,1.07,,26.5,,,,,,,127915.0,447.3,
NSE:RISHABH,Rishabh Instruments Limited,Equity,NSE+BSE,543977,INE0N2P01017,EQ,Information Technology,Scientific & Technical Instruments,Micro,2778.0,,718.0,34.5,3.71,852.0,315.0,15.7,2.0,0.29,,10.8,,,,,,,297173.0,1328.4,
NSE:RPSGVENT,RPSG VENTURES LIMITED,Equity,NSE+BSE,542333,INE425Y01011,EQ,Information Technology,Information Technology Services,Micro,2766.0,,836.0,,1.1,1179.0,551.9,29.1,0.0,,,188.6,,,,,,,29928.0,165.7,
NSE:ROUTE,ROUTE MOBILE LIMITED,Equity,NSE+BSE,543228,INE450U01017,EQ,Media Entertainment & Telecom,Telecom Services,Micro,2765.0,,438.85,11.1,1.0,809.0,410.7,45.8,8.0,1.83,,1.5,,,,,,,816370.0,777.5,
NSE:GANDHAR,Gandhar Oil Refinery (India) Limited,Equity,NSE+BSE,544029,INE717W01049,EQ,Oil Gas & Consumable Fuels,Oil & Gas Refining & Marketing,Micro,2761.0,,282.1,9.2,2.04,303.17,115.0,6.9,3.25,1.15,,22.5,,,,,,,2843299.0,2427.9,
NSE:FUSION,Fusion Finance Limited,Equity,NSE+BSE,543652,INE139R01012,EQ,Financial Services,Credit Services,Micro,2756.0,,171.5,13.9,1.13,243.0,136.5,29.4,0.0,,,227.5,,,,,,,771350.0,881.8,
NSE:KERNEX,Kernex Microsystems (India) Limited,Equity,NSE+BSE,532686,INE202H01019,EQ,Information Technology,Software - Application,Micro,2755.0,,1639.3,14.4,11.08,2580.0,850.0,36.5,0.0,,,65.5,,,,,,,304000.0,2597.0,
NSE:PRINCEPIPE,Prince Pipes And Fittings Limited,Equity,NSE+BSE,542907,INE689W01016,EQ,Capital Goods,Building Products & Equipment,Micro,2753.0,,248.95,26.5,1.68,352.2,205.0,29.3,1.0,0.41,,8.8,,,,,,,188626.0,442.5,
NSE:MMFL,MM Forgings Limited,Equity,NSE+BSE,522241,INE227C01017,EQ,Capital Goods,Metal Fabrication,Micro,2747.0,,569.0,16.2,2.82,687.95,288.1,17.3,8.0,1.4,,126.6,,,,,,,159417.0,1073.7,
NSE:INDNIPPON,India Nippon Electricals Limited,Equity,NSE+BSE,532240,INE092B01025,EQ,Consumer Discretionary,Auto Parts,Micro,2737.0,,1210.0,23.8,3.33,1564.0,675.0,22.6,15.5,1.27,,0.2,,,,,,,133122.0,1032.6,
NSE:NAVNETEDUL,Navneet Education Limited,Equity,NSE+BSE,508989,INE060A01024,EQ,Media Entertainment & Telecom,Publishing,Micro,2736.0,,123.7,8.1,1.33,166.0,120.35,25.5,4.5,3.63,,5.1,,,,,,,182832.0,333.9,
NSE:SHUKRAPHAR,Shukra Pharmaceuticals Limited,Equity,NSE+BSE,524632,INE551C01044,EQ,Healthcare,Drug Manufacturers - Specialty & Generic,Micro,2733.0,,62.0,79.5,29.61,65.4,40.06,5.2,0.01,0.02,,5.6,,,,,,,3224144.0,4754.8,
NSE:ADOR,Ador Welding Limited,Equity,NSE+BSE,517041,INE045A01017,EQ,Capital Goods,Specialty Industrial Machinery,Micro,2729.0,,1568.0,24.1,4.92,1766.4,848.0,11.2,23.0,1.46,,0.5,,,,,,,58246.0,466.4,
NSE:HGINFRA,H.G. Infra Engineering Limited,Equity,NSE+BSE,541019,INE926X01010,EQ,Capital Goods,Engineering & Construction,Micro,2725.0,,418.15,14.6,0.83,954.0,409.0,56.2,2.0,0.48,,153.3,,,,,,,359136.0,1041.8,
NSE:BALMLAWRIE,Balmer Lawrie & Company Limited,Equity,NSE+BSE,523319,INE164A01016,EQ,Capital Goods,Conglomerates,Micro,2725.0,,159.35,9.8,1.32,211.59,148.36,24.7,17.0,10.67,,10.5,,,,,,,129111.0,186.4,
NSE:ARVSMART,Arvind SmartSpaces Limited,Equity,NSE+BSE,539301,INE034S01021,EQ,Realty,Real Estate - Development,Micro,2720.0,,593.0,14.7,4.01,707.85,486.8,16.2,2.25,0.38,,65.1,,,,,,,298241.0,332.2,
NSE:GIPCL,Gujarat Industries Power Company Limited,Equity,NSE+BSE,517300,INE162A01010,EQ,Power,Utilities - Regulated Electric,Micro,2720.0,,175.25,5.4,0.71,211.71,119.9,17.2,4.1,2.35,,93.6,,,,,,,674814.0,1445.9,
NSE:MANGLMCEM,Mangalam Cement Limited,Equity,NSE+BSE,502157,INE347A01017,EQ,Materials,Building Materials,Micro,2717.0,,988.0,23.7,2.78,1120.0,679.35,11.8,1.5,0.15,,90.9,,,,,,,128491.0,1853.2,
NSE:UFBL,United Foodbrands Limited,Equity,NSE+BSE,543283,INE382M01027,BE,Consumer Discretionary,Restaurants,Micro,2711.0,,693.0,,8.73,850.0,172.34,18.5,0.0,,,275.5,,,,,,,96162.0,203.1,
NSE:HIKAL,Hikal Limited,Equity,NSE+BSE,524735,INE475B01022,EQ,Healthcare,Drug Manufacturers - Specialty & Generic,Micro,2694.0,,218.5,,2.25,261.0,146.25,16.3,0.6,0.28,,57.0,,,,,,,1674067.0,2074.3,
NSE:STALLION,Stallion India Fluorochemicals Limited,Equity,NSE+BSE,544342,INE0RYC01010,BE,Materials,Specialty Chemicals,Micro,2693.0,,232.0,40.0,2.8,423.8,99.32,45.3,0.0,,,5.1,,,,,,,1993245.0,966.6,
NSE:STOVEKRAFT,Stove Kraft Limited,Equity,NSE+BSE,543260,INE00IN01015,EQ,Consumer Discretionary,"Furnishings, Fixtures & Appliances",Micro,2682.0,,810.0,55.0,5.31,877.0,447.05,7.6,3.5,0.43,,23.2,,,,,,,210479.0,1368.0,
NSE:ALEMBICLTD,Alembic Limited,Equity,NSE+BSE,506235,INE426A01027,EQ,Realty,Real Estate - Development,Micro,2682.0,,104.45,8.4,1.1,117.72,70.46,11.3,2.4,2.31,,0.4,,,,,,,1222262.0,907.6,
NSE:KABRAEXTRU,Kabra Extrusion Technik Limited,Equity,NSE+BSE,524109,INE900B01029,BE,Capital Goods,Specialty Industrial Machinery,Micro,2676.0,,765.3,5102.0,6.06,888.7,180.0,13.9,2.5,0.89,,32.9,,,,,,,371082.0,935.7,
NSE:MAITHANALL,Maithan Alloys Limited,Equity,NSE+BSE,590078,INE683C01011,EQ,Materials,Steel,Micro,2675.0,,919.0,9.2,0.64,1210.1,831.2,24.1,17.0,1.83,,5.7,,,,,,,77968.0,692.5,
NSE:XPROINDIA,Xpro India Limited,Equity,NSE+BSE,590013,INE445C01015,EQ,Materials,Specialty Chemicals,Micro,2662.0,,1134.0,79.9,3.5,1574.8,788.05,28.0,2.0,0.18,,40.7,,,,,,,100042.0,486.6,
NSE:SPORTKING,Sportking India Limited,Equity,NSE+BSE,539221,INE885H01029,EQ,Consumer Discretionary,Textile Manufacturing,Micro,2661.0,,209.1,16.5,2.41,241.51,78.17,13.4,1.0,0.48,,42.3,,,,,,,656060.0,343.6,
NSE:NSIL,Nalwa Sons Investments Limited,Equity,NSE+BSE,532256,INE023A01030,EQ,Financial Services,Asset Management,Micro,2660.0,,5179.5,46.2,0.18,8730.0,4700.0,40.7,0.0,,,0.0,,,,,,,2031.0,115.7,
NSE:VIMTALABS,Vimta Labs Limited,Equity,NSE+BSE,524394,INE579C01029,EQ,Healthcare,Diagnostics & Research,Micro,2637.0,,590.0,33.1,5.77,774.7,376.05,23.8,2.0,0.34,,0.7,,,,,,,388109.0,692.4,
NSE:SASKEN,Sasken Technologies Limited,Equity,NSE+BSE,532663,INE231F01020,EQ,Information Technology,Information Technology Services,Micro,2624.0,,1727.0,37.9,3.07,2780.2,991.0,37.9,26.0,1.51,7.0,3.2,,,,,,,25921.0,563.8,
NSE:RAMCOIND,Ramco Industries Limited,Equity,NSE+BSE,532369,INE614A01028,EQ,Capital Goods,Building Products & Equipment,Micro,2623.0,,302.05,8.0,0.58,395.5,230.65,23.6,1.25,0.41,,3.8,,,,,,,582523.0,428.7,
NSE:SUNCLAY,Sundaram Clayton Limited,Equity,NSE+BSE,544066,INE0Q3R01026,EQ,Capital Goods,Metal Fabrication,Micro,2612.0,,1185.0,10.4,2.02,1728.0,1112.8,31.4,4.5,0.38,,100.2,,,,,,,7814.0,150.6,
NSE:VINCOFE,Vintage Coffee And Beverages Limited,Equity,NSE+BSE,538920,INE498Q01014,EQ,Fast Moving Consumer Goods,Beverages - Non-Alcoholic,Micro,2611.0,,179.25,32.3,4.6,191.35,120.24,6.3,0.15,0.08,,21.7,,,,,,,2652108.0,1838.0,
NSE:GANECOS,Ganesha Ecosphere Limited,Equity,NSE+BSE,514167,INE845D01014,EQ,Consumer Discretionary,Textile Manufacturing,Micro,2609.0,,975.7,46.3,2.05,1268.0,653.55,23.1,3.5,0.36,,38.9,,,,,,,156530.0,503.1,
NSE:PROTEAN,Protean eGov Technologies Limited,Equity,NSE+BSE,544021,INE004A01022,EQ,Information Technology,Information Technology Services,Micro,2603.0,,638.25,31.5,2.4,909.5,444.0,29.8,10.0,1.56,,8.1,,,,,,,780798.0,3970.3,
NSE:TALBROAUTO,Talbros Automotive Components Limited,Equity,NSE+BSE,505160,INE187D01029,EQ,Consumer Discretionary,Auto Parts,Micro,2599.0,,421.0,23.2,3.5,485.8,219.9,13.3,0.75,0.18,,11.3,,,,,,,251237.0,874.1,
NSE:NIITMTS,NIIT Learning Systems Limited,Equity,NSE+BSE,543952,INE342G01023,EQ,Fast Moving Consumer Goods,Education & Training Services,Micro,2590.0,,187.95,10.3,1.67,443.9,185.0,57.7,3.25,1.7,,20.6,,,,,,,369790.0,1683.8,
NSE:GATEWAY,Gateway Distriparks Limited,Equity,NSE+BSE,543489,INE079J01017,EQ,Capital Goods,Integrated Freight & Logistics,Micro,2589.0,,51.81,10.6,1.12,65.42,48.1,20.8,2.0,3.86,,25.4,,,,,,,977337.0,387.8,
NSE:MARATHON,Marathon Nextgen Realty Limited,Equity,NSE+BSE,503101,INE182D01020,EQ,Realty,Real Estate - Development,Micro,2583.0,,383.0,12.5,1.11,678.05,344.05,43.5,1.0,0.26,,4.3,,,,,,,200888.0,321.1,
NSE:DIAMONDYD,Prataap Snacks Limited,Equity,NSE+BSE,540724,INE393P01035,EQ,Fast Moving Consumer Goods,Packaged Foods,Micro,2572.0,,1075.0,222.6,3.67,1245.0,858.9,13.7,0.5,0.05,1.4,6.5,,,,,,,37541.0,262.0,
NSE:MUFIN,Mufin Green Finance Limited,Equity,NSE+BSE,542774,INE08KJ01020,EQ,Financial Services,Credit Services,Micro,2572.0,,129.81,60.4,3.98,141.5,85.13,8.3,0.0,,,243.2,,,,,,,897473.0,911.3,
NSE:DDEVPLSTIK,Ddev Plastiks Industries Limited,Equity,NSE+BSE,543547,INE0HR601026,EQ,Materials,Specialty Chemicals,Micro,2562.0,,247.55,12.0,2.53,360.0,185.15,31.2,1.75,0.71,,5.6,,,,,,,140417.0,165.1,
NSE:EFCIL,EFC (I) Limited,Equity,NSE+BSE,512008,INE886D01026,EQ,Realty,Real Estate Services,Micro,2548.0,,172.2,9.4,2.93,335.85,167.05,48.7,0.0,,,172.8,,,,,,,321642.0,412.3,
NSE:AUTOAXLES,Automotive Axles Limited,Equity,NSE+BSE,505010,INE449A01011,EQ,Consumer Discretionary,Auto Parts,Micro,2539.0,,1679.9,14.6,2.31,2115.0,1540.2,20.6,32.0,1.9,,1.3,,,,,,,9139.0,160.3,
NSE:SOMANYCERA,Somany Ceramics Limited,Equity,NSE+BSE,531548,INE355A01028,EQ,Capital Goods,Building Products & Equipment,Micro,2520.0,,614.45,23.8,2.99,627.3,332.0,2.0,9.0,1.47,,40.7,,,,,,,169452.0,585.0,
NSE:DOLPHIN,Dolphin Offshore Enterprises (India) Limited,Equity,NSE+BSE,522261,INE920A01037,EQ,Oil Gas & Consumable Fuels,Oil & Gas Equipment & Services,Micro,2520.0,,630.0,34.9,7.13,749.5,322.0,15.9,0.0,,,57.5,,,,,,,81503.0,310.6,
NSE:HUBTOWN,Hubtown Limited,Equity,NSE+BSE,532799,INE703H01016,EQ,Realty,Real Estate - Development,Micro,2508.0,,176.5,27.1,0.95,339.0,165.55,47.9,0.0,,,44.9,,,,,,,537566.0,756.5,
NSE:SATIN,Satin Creditcare Network Limited,Equity,NSE+BSE,539404,INE836B01017,EQ,Financial Services,Credit Services,Micro,2505.0,,227.73,6.1,0.87,274.14,135.81,16.9,0.0,,,383.3,,,,,,,432241.0,531.6,
NSE:INDORAMA,Indo Rama Synthetics (India) Limited,Equity,NSE+BSE,500207,INE156A01020,EQ,Consumer Discretionary,Textile Manufacturing,Micro,2501.0,,95.8,15.5,4.81,112.3,29.0,14.7,0.0,,,219.6,,,,,,,1280218.0,1532.5,
NSE:DREDGECORP,Dredging Corporation of India Limited,Equity,NSE+BSE,523618,INE506A01018,EQ,Capital Goods,Engineering & Construction,Micro,2495.0,,891.0,50.5,2.01,1286.0,538.0,30.7,0.0,,3.2,88.8,,,,,,,130391.0,820.1,
NSE:ORIENTHOT,Oriental Hotels Limited,Equity,NSE+BSE,500314,INE750A01020,EQ,Consumer Discretionary,Lodging,Micro,2491.0,,139.5,37.5,3.27,148.8,80.0,6.3,0.65,0.46,,17.1,,,,,,,1804580.0,882.1,
NSE:GNA,GNA Axles Limited,Equity,NSE+BSE,540124,INE934S01014,EQ,Consumer Discretionary,Auto Parts,Micro,2490.0,,580.0,18.8,2.48,648.0,295.0,10.5,3.0,0.52,12.3,21.7,,,,,,,712253.0,2051.4,
NSE:FMGOETZE,Federal-Mogul Goetze (India) Limited.,Equity,NSE+BSE,505744,INE529A01010,EQ,Consumer Discretionary,Auto Parts,Micro,2487.0,,447.0,14.5,1.73,641.1,358.0,30.3,15.0,3.38,,0.1,,,,,,,1295595.0,940.3,
NSE:MUKANDLTD,Mukand Limited,Equity,NSE+BSE,500460,INE304A01026,EQ,Materials,Steel,Micro,2484.0,,171.88,3.9,1.63,184.8,114.31,7.0,2.0,1.16,,111.5,,,,,,,287049.0,1520.6,
NSE:PATELENG,Patel Engineering Limited,Equity,NSE+BSE,531120,INE244B01030,EQ,Capital Goods,Engineering & Construction,Micro,2483.0,,26.0,8.9,0.61,38.8,22.0,33.0,0.0,,,27.4,,,,,,,3378902.0,506.6,
NSE:GLOBUSSPR,Globus Spirits Limited,Equity,NSE+BSE,533104,INE615I01010,EQ,Fast Moving Consumer Goods,Beverages - Wineries & Distilleries,Micro,2470.0,,785.0,6.7,2.06,1252.8,775.0,37.3,6.53,0.83,,48.4,,,,,,,114511.0,435.2,
NSE:TASTYBITE,Tasty Bite Eatables Limited,Equity,NSE+BSE,519091,INE488B01017,EQ,Fast Moving Consumer Goods,Packaged Foods,Micro,2450.0,,9548.0,68.2,7.16,10544.0,6430.0,9.4,10.0,0.11,,12.3,,,,,,,7840.0,243.6,
NSE:EPACKPEB,EPack Prefab Technologies Limited,Equity,NSE+BSE,544540,INE0MLS01022,EQ,Capital Goods,Engineering & Construction,Micro,2443.0,,242.73,25.8,3.32,344.0,132.17,29.4,0.0,,,15.6,,,,,,,1039737.0,1459.8,
NSE:SIYSIL,Siyaram Silk Mills Limited,Equity,NSE+BSE,503811,INE076B01028,EQ,Consumer Discretionary,Textile Manufacturing,Micro,2436.0,,537.0,10.3,1.67,848.8,433.35,36.7,17.0,3.2,,24.1,,,,,,,49124.0,151.7,
NSE:PIXTRANS,Pix Transmissions Limited,Equity,NSE+BSE,500333,INE751B01018,EQ,Capital Goods,Specialty Industrial Machinery,Micro,2418.0,,1774.8,18.3,3.47,2089.0,1252.0,15.0,9.0,0.5,,3.5,,,,,,,63700.0,26828.6,
NSE:VENUSREM,Venus Remedies Limited,Equity,NSE+BSE,526953,INE411B01019,EQ,Healthcare,Drug Manufacturers - Specialty & Generic,Micro,2416.0,,1805.0,20.8,3.63,2044.3,432.1,11.7,10.0,0.56,,1.9,,,,,,,42047.0,2119.7,
NSE:UEL,Ujaas Energy Limited,Equity,NSE+BSE,533644,INE899L01030,EQ,Information Technology,Solar,Micro,2415.0,,181.0,2011.1,27.23,284.2,101.88,36.3,0.0,,,27.1,,,,,,,25898.0,35.5,
NSE:JNKINDIA,JNK India Limited,Equity,NSE+BSE,544167,INE0OAF01028,EQ,Capital Goods,Specialty Industrial Machinery,Micro,2412.0,,431.0,32.0,4.25,558.0,200.92,22.8,0.3,0.07,,16.0,,,,,,,363470.0,772.1,
NSE:FLAIR,Flair Writing Industries Limited,Equity,NSE+BSE,544030,INE00Y201027,EQ,Capital Goods,Business Equipment & Supplies,Micro,2410.0,,228.7,17.3,2.11,345.0,216.82,33.7,1.0,0.44,,5.8,,,,,,,123263.0,282.8,
NSE:UTKARSHBNK,Utkarsh Small Finance Bank Limited,Equity,NSE+BSE,543942,INE735W01017,EQ,Financial Services,Banks - Regional,Micro,2399.0,,13.48,,0.86,22.03,10.12,38.8,0.0,,,,,,,,,,8832764.0,537.9,
NSE:BODALCHEM,Bodal Chemicals Limited,Equity,NSE+BSE,524370,INE338D01028,BE,Materials,Specialty Chemicals,Micro,2393.0,,190.0,34.9,2.06,207.7,42.81,8.5,0.0,,,70.3,,,,,,,1989025.0,1204.1,
NSE:SAKAR,Sakar Healthcare Limited,Equity,NSE,,INE732S01012,EQ,Healthcare,Drug Manufacturers - Specialty & Generic,Micro,2390.0,,1089.0,79.1,7.46,1229.85,345.5,11.5,0.0,,,21.7,,,,,,,167431.0,1045.7,
NSE:ORIENTCEM,Orient Cement Limited,Equity,NSE+BSE,535754,INE876N01018,EQ,Materials,Building Materials,Micro,2387.0,,116.2,11.4,1.11,226.86,114.3,48.8,0.5,0.43,,3.4,,,,,,,331563.0,367.3,
NSE:SPAL,S. P. Apparels Limited,Equity,NSE+BSE,540048,INE212I01016,EQ,Consumer Discretionary,Apparel Manufacturing,Micro,2386.0,,949.0,22.7,2.52,1221.9,600.0,22.3,3.0,0.32,,44.6,,,,,,,106734.0,533.4,
NSE:JGCHEM,J.G.Chemicals Limited,Equity,NSE+BSE,544138,INE0MB501011,EQ,Materials,Other Industrial Metals & Mining,Micro,2383.0,,608.05,31.7,4.55,688.0,298.4,11.6,1.1,0.18,,1.2,,,,,,,684871.0,4827.8,
NSE:AJMERA,Ajmera Realty & Infra India Limited,Equity,NSE+BSE,513349,INE298G01035,EQ,Realty,Real Estate - Development,Micro,2362.0,,120.0,15.3,1.69,221.4,98.03,45.8,1.0,0.84,,46.8,,,,,,,340183.0,300.5,
NSE:TECHNVISN,TechNVision Ventures Limited,Equity,NSE+BSE,501421,INE314H01012,EQ,Information Technology,Software - Application,Micro,2362.0,,3763.5,769.6,157.4,5550.0,3702.0,32.2,0.0,,,132.0,,,,,,,457.0,31.3,
NSE:ROSSARI,Rossari Biotech Limited,Equity,NSE+BSE,543213,INE02A801020,EQ,Materials,Specialty Chemicals,Micro,2354.0,,425.0,15.6,1.77,690.3,375.0,38.4,0.5,0.12,,32.7,,,,,,,78011.0,276.4,
NSE:SHANTIGOLD,Shanti Gold International Limited,Equity,NSE+BSE,544459,INE06ZD01017,EQ,Consumer Discretionary,Luxury Goods,Micro,2351.0,,306.4,13.1,3.38,333.09,155.0,8.0,0.0,,,36.1,,,,,,,2645724.0,6778.3,
NSE:PENIND,Pennar Industries Limited,Equity,NSE+BSE,513228,INE932A01024,EQ,Capital Goods,Specialty Industrial Machinery,Micro,2351.0,,174.2,16.5,2.02,279.9,129.1,37.8,0.0,,,99.9,,,,,,,535032.0,2144.4,
NSE:DCAL,Dishman Carbogen Amcis Limited,Equity,NSE+BSE,540701,INE385W01011,EQ,Healthcare,Biotechnology,Micro,2345.0,,149.6,24.1,0.35,306.0,128.5,51.1,0.0,,,46.1,,,,,,,305061.0,679.0,
NSE:BBL,Bharat Bijlee Limited,Equity,NSE+BSE,503960,INE464A01036,EQ,Capital Goods,Electrical Equipment & Parts,Micro,2336.0,,2067.0,20.9,1.15,3411.0,2050.1,39.4,35.0,1.69,,15.1,,,,,,,27891.0,635.1,
NSE:GKENERGY,GK Energy Limited,Equity,NSE+BSE,544525,INE1AG301022,EQ,Power,Utilities - Renewable,Micro,2330.0,,114.88,9.6,2.63,239.6,87.2,52.1,0.5,0.44,,23.2,,,,,,,647998.0,1268.0,
NSE:KITEX,Kitex Garments Limited,Equity,NSE+BSE,521248,INE602G01020,EQ,Consumer Discretionary,Apparel Manufacturing,Micro,2329.0,,116.75,,2.22,232.7,114.36,49.8,0.5,0.43,,96.8,,,,,,,450091.0,288.6,
NSE:ZAGGLE,Zaggle Prepaid Ocean Services Limited,Equity,NSE+BSE,543985,INE07K301024,EQ,Information Technology,Software - Infrastructure,Micro,2313.0,,171.7,17.8,1.77,405.4,154.36,57.6,0.0,,,3.9,,,,,,,2497581.0,1453.4,
NSE:SAIPARENT,Sai Parenterals Limited,Equity,NSE+BSE,544742,INE0H9F01037,EQ,Healthcare,Drug Manufacturers - General,Micro,2310.0,,522.8,111.0,3.49,706.0,400.0,25.9,0.0,,,49.1,,,,,,,121507.0,357.0,
NSE:INDOCO,Indoco Remedies Limited,Equity,NSE+BSE,532612,INE873D01024,EQ,Healthcare,Drug Manufacturers - Specialty & Generic,Micro,2305.0,,250.05,352.2,2.24,317.35,162.19,21.2,0.2,0.08,,116.9,,,,,,,1062603.0,732.6,
NSE:EVEREADY,Eveready Industries India Limited,Equity,NSE+BSE,531508,INE128A01029,EQ,Capital Goods,Electrical Equipment & Parts,Micro,2304.0,,317.0,12.9,3.7,394.0,259.65,19.5,2.5,0.79,,32.4,,,,,,,129367.0,190.7,
NSE:EASEMYTRIP,Easy Trip Planners Limited,Equity,NSE+BSE,543272,INE07O001026,EQ,Consumer Discretionary,Travel Services,Micro,2303.0,,5.78,,2.45,10.6,5.71,45.5,0.0,,,4.4,,,,,,,18220357.0,713.3,
NSE:RAJRATAN,Rajratan Global Wire Limited,Equity,NSE+BSE,517522,INE451D01029,EQ,Materials,Steel,Micro,2300.0,,453.0,28.9,3.54,563.95,305.55,19.7,2.0,0.44,,49.8,,,,,,,195231.0,263.7,
NSE:STLNETWORK,STL Networks Limited,Equity,NSE+BSE,544395,INE1VXE01018,EQ,Media Entertainment & Telecom,Telecom Services,Micro,2300.0,,47.1,,2.87,56.5,15.75,16.6,0.0,,,116.8,,,,,,,3821462.0,6538.2,
NSE:VEEDOL,Veedol Corporation Limited,Equity,NSE+BSE,590005,INE484C01030,EQ,Materials,Specialty Chemicals,Micro,2298.0,,1352.0,10.4,2.22,1963.8,1238.2,31.2,58.0,4.28,,1.5,,,,,,,11887.0,126.6,
NSE:FISCHER,Fischer Medical Ventures Limited,Equity,NSE+BSE,524743,INE771F01041,EQ,Healthcare,Medical Devices,Micro,2298.0,,33.58,74.6,5.64,121.7,31.05,72.4,0.05,0.15,,27.7,,,,,,,1631499.0,73.4,
NSE:FREDUN,Fredun Pharmaceuticals Limited,Equity,NSE+BSE,539730,INE194R01017,EQ,Healthcare,Drug Manufacturers - Specialty & Generic,Micro,2295.0,,1358.0,58.9,8.02,1536.0,1195.2,11.6,0.7,0.05,,87.1,,,,,,,52134.0,532.2,
NSE:ASIANENE,Asian Energy Services Limited,Equity,NSE+BSE,530355,INE276G01015,EQ,Oil Gas & Consumable Fuels,Oil & Gas Equipment & Services,Micro,2284.0,,470.0,37.3,4.26,565.7,230.0,16.9,1.25,0.27,,32.1,,,,,,,522598.0,1055.2,
NSE:VENKEYS,Venky's (India) Limited,Equity,NSE+BSE,523261,INE398A01010,EQ,Fast Moving Consumer Goods,Farm Products,Micro,2282.0,,1620.0,13.2,1.43,1814.9,1165.0,10.7,10.0,0.62,,10.4,,,,,,,89465.0,914.1,
NSE:SIRCA,Sirca Paints India Limited,Equity,NSE+BSE,543686,INE792Z01011,EQ,Materials,Specialty Chemicals,Micro,2277.0,,400.0,33.6,4.78,539.0,385.0,25.8,2.0,0.5,,6.8,,,,,,,339475.0,525.2,
NSE:MVELECTRO,MV Electrosystems Limited,Equity,NSE+BSE,544851,INE0OWZ01020,EQ,Capital Goods,Electrical Equipment & Parts,Micro,2274.0,,833.55,,27.26,948.0,516.55,12.1,0.0,,,89.8,,,,,,,5169461.0,11093.1,
NSE:SYNCOMF,Syncom Formulations (India) Limited,Equity,NSE+BSE,524470,INE312C01025,EQ,Healthcare,Drug Manufacturers - Specialty & Generic,Micro,2255.0,,23.99,26.7,5.39,27.49,10.21,12.7,0.1,0.42,,0.4,,,,,,,14539111.0,10601.4,
NSE:ESAFSFB,ESAF Small Finance Bank Limited,Equity,NSE+BSE,544020,INE818W01011,BE,Financial Services,Banks - Regional,Micro,2252.0,,43.63,,1.26,46.0,19.78,5.2,0.0,,,,,,,,,,2289173.0,190.3,
NSE:THEJO,Thejo Engineering Limited,Equity,NSE,,INE121N01019,EQ,Capital Goods,Specialty Industrial Machinery,Micro,2241.0,,2066.0,40.1,6.32,2286.6,1443.6,9.6,5.0,0.24,,10.8,,,,,,,9496.0,460.0,
NSE:BNAGROCHEM,BN Agrochem Limited,Equity,NSE+BSE,526125,INE00HZ01011,EQ,Fast Moving Consumer Goods,Packaged Foods,Micro,2234.0,,228.48,130.6,4.82,249.0,192.23,8.2,0.0,,,10.9,,,,,,,24281.0,984.1,
NSE:APOLLOPIPE,Apollo Pipes Limited,Equity,NSE+BSE,531761,INE126J01016,EQ,Capital Goods,Building Products & Equipment,Micro,2234.0,,508.7,,2.74,668.8,252.1,23.9,0.7,0.14,,13.9,,,,,,,325697.0,715.2,
NSE:HINDOILEXP,Hindustan Oil Exploration Company Limited,Equity,NSE+BSE,500186,INE345A01011,EQ,Oil Gas & Consumable Fuels,Oil & Gas E&P,Micro,2228.0,,168.47,89.1,1.6,201.44,117.5,16.4,0.0,,,3.6,,,,,,,1254468.0,791.2,
NSE:BLUSPRING,Bluspring Enterprises Limited,Equity,NSE+BSE,544414,INE0U4101014,EQ,Capital Goods,Specialty Business Services,Micro,2228.0,,149.0,,3.28,152.5,43.98,2.3,0.0,,,18.4,,,,,,,592279.0,501.4,
NSE:WINDLAS,Windlas Biotech Limited,Equity,NSE+BSE,543329,INE0H5O01029,EQ,Healthcare,Drug Manufacturers - Specialty & Generic,Micro,2220.0,,1075.8,34.5,3.91,1181.9,697.4,9.0,6.3,0.58,,6.1,,,,,,,147766.0,686.2,
NSE:PARKHOTELS,Apeejay Surrendra Park Hotels Limited,Equity,NSE+BSE,544111,INE988S01028,EQ,Consumer Discretionary,Lodging,Micro,2208.0,,103.48,34.6,1.64,158.36,95.1,34.7,0.75,0.72,,27.8,,,,,,,170367.0,180.2,
NSE:KNACK,Knack Packaging Limited,Equity,NSE+BSE,544814,INE17QZ01016,EQ,Consumer Discretionary,Packaging & Containers,Micro,2206.0,,180.3,21.5,5.85,222.0,171.1,18.8,0.0,,,66.8,,,,,,,2406074.0,1145.9,
NSE:ARKADE,Arkade Developers Limited,Equity,NSE+BSE,544261,INE0QRL01017,EQ,Realty,Real Estate - Development,Micro,2204.0,,118.7,,2.5,180.0,92.62,34.1,2.0,1.42,,11.2,,,,,,,457864.0,145.7,
NSE:MEDIASSIST,Medi Assist Healthcare Services Limited,Equity,NSE+BSE,544088,INE456Z01021,EQ,Healthcare,Healthcare Plans,Micro,2204.0,,295.0,23.3,2.56,575.55,291.25,48.7,2.0,0.67,,6.4,,,,,,,206583.0,1614.1,
NSE:PANACEABIO,Panacea Biotec Limited,Equity,NSE+BSE,531349,INE922B01023,EQ,Healthcare,Biotechnology,Micro,2196.0,,358.5,,2.79,647.0,292.4,44.6,0.0,,,2.9,,,,,,,159180.0,233.3,
NSE:MOLDTKPAC,Mold-Tek Packaging Limited,Equity,NSE+BSE,533080,INE893J01029,EQ,Consumer Discretionary,Packaging & Containers,Micro,2188.0,,658.5,28.8,3.17,815.0,464.9,19.2,6.0,0.91,,31.9,,,,,,,83132.0,622.8,
NSE:GMBREW,GM Breweries Limited,Equity,NSE+BSE,507488,INE075D01018,EQ,Fast Moving Consumer Goods,Beverages - Wineries & Distilleries,Micro,2186.0,,957.0,13.0,2.03,1328.8,728.8,28.0,9.0,0.95,,3.2,,,,,,,55133.0,529.6,
NSE:RANEHOLDIN,Rane Holdings Limited,Equity,NSE+BSE,505800,INE384A01010,EQ,Consumer Discretionary,Auto Parts,Micro,2185.0,,1530.0,25.9,1.89,1894.5,981.0,19.2,47.0,3.09,,71.6,,,,,,,18533.0,112.1,
NSE:POKARNA,Pokarna Limited,Equity,NSE+BSE,532486,INE637C01025,EQ,Capital Goods,Building Products & Equipment,Micro,2170.0,,700.05,22.9,2.53,1146.2,684.55,38.9,0.6,0.09,,53.5,,,,,,,98293.0,541.3,
NSE:BRIGHOTEL,Brigade Hotel Ventures Limited,Equity,NSE+BSE,544457,INE03NU01014,EQ,Consumer Discretionary,Lodging,Micro,2165.0,,57.01,31.7,2.26,87.79,54.36,35.1,0.0,,,31.4,,,,,,,124739.0,105.5,
NSE:COSMOFIRST,COSMO FIRST LIMITED,Equity,NSE+BSE,508814,INE757A01017,EQ,Consumer Discretionary,Packaging & Containers,Micro,2147.0,,827.25,13.0,1.34,996.0,560.8,16.9,4.0,0.48,,103.9,,,,,,,108886.0,253.6,
NSE:AEROPLANE,Amir Chand Jagdish Kumar (Exports) Limited,Equity,NSE+BSE,544743,INE05TO01019,EQ,Fast Moving Consumer Goods,Farm Products,Micro,2145.0,,207.15,17.3,1.9,212.07,117.02,2.3,0.0,,,82.0,,,,,,,717239.0,1229.0,
NSE:AURUM,Aurum PropTech Limited,Equity,NSE+BSE,539289,INE898S01029,EQ,Realty,Real Estate Services,Micro,2135.0,,221.16,39.4,2.69,264.64,151.9,16.4,0.0,,,44.1,,,,,,,275891.0,235.1,
NSE:NITCO,Nitco Limited,Equity,NSE+BSE,532722,INE858F01012,EQ,Capital Goods,Building Products & Equipment,Micro,2134.0,,84.5,,5.26,119.4,64.0,29.2,0.0,,,86.3,,,,,,,953766.0,658.4,
NSE:PRAKASH,Prakash Industries Limited,Equity,NSE+BSE,506022,INE603A01013,EQ,Materials,Steel,Micro,2131.0,,119.0,6.8,0.59,172.9,110.24,31.2,1.8,1.52,,14.4,,,,,,,496903.0,649.7,
NSE:MACPOWER,Macpower CNC Machines Limited,Equity,NSE,,INE155Z01011,EQ,Capital Goods,Specialty Industrial Machinery,Micro,2131.0,,2130.5,54.9,12.16,2234.7,761.0,4.7,1.5,0.07,,0.4,,,,,,,56790.0,2099.0,
NSE:QUADFUTURE,Quadrant Future Tek Limited,Equity,NSE+BSE,544336,INE0LRY01011,EQ,Capital Goods,Railroads,Micro,2127.0,,531.75,,7.59,567.2,248.55,6.3,0.0,,,10.2,,,,,,,1295137.0,2152.1,
NSE:SHRINGARMS,Shringar House of Mangalsutra Limited,Equity,NSE+BSE,544512,INE1B3L01017,EQ,Consumer Discretionary,Luxury Goods,Micro,2122.0,,220.0,15.6,3.13,266.5,166.0,17.4,0.0,,,27.9,,,,,,,560184.0,2460.2,
NSE:BOMDYEING,Bombay Dyeing & Mfg Company Limited,Equity,NSE+BSE,500020,INE032A01023,EQ,Consumer Discretionary,Textile Manufacturing,Micro,2117.0,,102.5,105.7,0.93,180.75,92.0,43.3,0.4,0.39,,0.1,,,,,,,660483.0,534.8,
NSE:EXICOM,Exicom Tele-Systems Limited,Equity,NSE+BSE,544133,INE777F01014,EQ,Capital Goods,Electrical Equipment & Parts,Micro,2113.0,,151.92,,3.14,189.17,75.6,19.7,0.0,,,109.5,,,,,,,1697244.0,1277.4,
NSE:GEOJITFSL,Geojit Financial Services Limited,Equity,NSE+BSE,532285,INE007B01023,EQ,Financial Services,Capital Markets,Micro,2107.0,,75.48,29.0,1.75,86.5,50.86,12.7,1.5,1.98,,9.5,,,,,,,377055.0,168.0,
NSE:GSPCROP,GSP Crop Science Limited,Equity,NSE+BSE,544733,INE713R01022,EQ,Materials,Agricultural Inputs,Micro,2103.0,,452.0,20.9,2.36,667.95,328.0,32.3,1.0,0.22,,34.0,,,,,,,407975.0,1279.2,
NSE:REPCOHOME,Repco Home Finance Limited,Equity,NSE+BSE,535322,INE612J01015,EQ,Financial Services,Mortgage Finance,Micro,2102.0,,336.0,4.4,0.52,455.9,332.4,26.3,12.0,3.55,,302.1,,,,,,,95659.0,233.1,
NSE:ORISSAMINE,The Orissa Minerals Development Company Limited,Equity,NSE+BSE,590086,INE725E01024,EQ,Materials,Steel,Micro,2101.0,,3501.0,618.6,-38.44,6138.9,3100.5,43.0,0.0,,,,,,,,,,24543.0,416.4,
NSE:SMCGLOBAL,SMC Global Securities Limited,Equity,NSE+BSE,543263,INE103C01036,EQ,Financial Services,Capital Markets,Micro,2088.0,,99.7,20.5,1.6,107.0,54.44,6.8,1.2,1.21,,163.3,,,,,,,2351895.0,9327.3,
NSE:BETA,Beta Drugs Limited,Equity,NSE,,INE351Y01019,EQ,Healthcare,Drug Manufacturers - Specialty & Generic,Micro,2083.0,,2055.0,46.5,8.51,2807.9,990.1,26.8,0.0,,,60.4,,,,,,,39435.0,177.9,
NSE:HMT,HMT Limited,Equity,NSE+BSE,500191,INE262A01018,BZ,Capital Goods,Farm & Heavy Construction Machinery,Micro,2063.0,,58.02,,-1.02,72.95,41.0,20.5,0.0,,,,,,,,,,14032.0,5.9,
NSE:TIL,TIL Limited,Equity,NSE+BSE,505196,INE806C01018,BE,Capital Goods,Farm & Heavy Construction Machinery,Micro,2061.0,,250.0,,15.84,334.7,161.25,25.3,0.0,,,344.4,,,,,,,988105.0,247.0,
NSE:KICL,Kalyani Investment Company Limited,Equity,NSE+BSE,533302,INE029L01018,EQ,Financial Services,Asset Management,Micro,2060.0,,4720.0,50.8,0.18,6554.9,4011.0,28.0,10.0,0.21,,,,,,,,,1591.0,301.1,
NSE:DYCL,Dynamic Cables Limited,Equity,NSE+BSE,540795,INE600Y01019,EQ,Capital Goods,Electrical Equipment & Parts,Micro,2055.0,,424.0,22.6,4.49,560.0,236.8,24.3,0.5,0.12,,9.4,,,,,,,1371150.0,1337.4,
NSE:RAMCOSYS,Ramco Systems Limited,Equity,NSE+BSE,532370,INE246B01019,EQ,Information Technology,Software - Application,Micro,2053.0,,545.6,49.5,5.83,967.5,342.1,43.6,0.0,,,12.1,,,,,,,632745.0,430.8,
NSE:VERANDA,Veranda Learning Solutions Limited,Equity,NSE+BSE,543514,INE0IQ001011,EQ,Fast Moving Consumer Goods,Education & Training Services,Micro,2049.0,,212.3,14.6,2.13,272.5,130.02,22.1,0.0,,,39.9,,,,,,,620411.0,1144.9,
NSE:SANSTAR,Sanstar Limited,Equity,NSE+BSE,544217,INE08NE01025,EQ,Materials,Chemicals,Micro,2047.0,,102.2,42.4,2.68,137.49,74.3,25.7,0.0,,,2.9,,,,,,,252209.0,108.8,
NSE:MOTISONS,Motisons Jewellers Limited,Equity,NSE+BSE,544053,INE0FRK01020,EQ,Consumer Discretionary,Luxury Goods,Micro,2032.0,,17.86,26.3,3.71,19.78,10.62,9.7,0.0,,,7.8,,,,,,,55476018.0,5082.6,
NSE:ADVAIT,Advait Energy Transitions Limited,Equity,NSE+BSE,543230,INE0ALI01010,EQ,Capital Goods,Specialty Industrial Machinery,Micro,2032.0,,1858.3,35.5,7.31,2485.0,1351.0,25.2,2.0,0.11,,44.0,,,,,,,50821.0,527.1,
NSE:NELCO,NELCO Limited,Equity,NSE+BSE,504112,INE045B01015,EQ,Information Technology,Communication Equipment,Micro,2029.0,,889.0,526.0,15.75,1120.0,500.1,20.6,1.0,0.11,,56.5,,,,,,,403720.0,2411.3,
NSE:OMAXE,Omaxe Limited,Equity,NSE+BSE,532880,INE800H01010,EQ,Realty,Real Estate - Development,Micro,2011.0,,109.5,,-2.22,138.89,62.5,21.2,0.0,,,,,,,,,,3935514.0,370.5,
NSE:JISLJALEQS,Jain Irrigation Systems Limited,Equity,NSE+BSE,500219,INE175A01038,EQ,Capital Goods,Conglomerates,Micro,2006.0,,27.35,,0.34,55.79,26.11,51.0,0.0,,,71.8,,,,,,,3252194.0,446.7,
NSE:INDIAGLYCO,India Glycols Limited,Equity,NSE+BSE,500201,INE560A01023,EQ,Materials,Chemicals,Micro,2004.0,,299.0,8.1,0.68,1222.0,217.0,75.5,12.5,4.18,,57.6,,,,,,,412634.0,815.0,
NSE:SIMPLEXINF,Simplex Infrastructures Limited,Equity,NSE+BSE,523838,INE059B01024,EQ,Capital Goods,Engineering & Construction,Micro,1993.0,,252.0,43.0,2.01,318.0,137.0,20.8,0.0,,,167.8,,,,,,,116351.0,1686.9,
NSE:TAJGVK,Taj GVK Hotels & Resorts Limited,Equity,NSE+BSE,532390,INE586B01026,EQ,Consumer Discretionary,Lodging,Micro,1979.0,,315.55,4.8,1.94,438.25,281.35,28.0,2.0,0.64,,9.0,,,,,,,105284.0,143.8,
NSE:BCG,Brightcom Group Limited,Equity,NSE+BSE,532368,INE425B01027,EQ,Media Entertainment & Telecom,Advertising Agencies,Micro,1978.0,,9.8,1.9,0.19,15.11,7.7,35.1,0.0,,,,,,,,,,6650486.0,689.8,
NSE:KCP,KCP Limited,Equity,NSE+BSE,590066,INE805C01028,EQ,Materials,Building Materials,Micro,1976.0,,153.25,11.6,1.11,207.8,125.0,26.3,1.0,0.65,13.1,29.4,,,,,,,174216.0,141.6,
NSE:SAGCEM,Sagar Cements Limited,Equity,NSE+BSE,502090,INE229C01021,EQ,Materials,Building Materials,Micro,1974.0,,150.99,,1.17,257.64,141.52,41.4,0.0,,,91.8,,,,,,,51629.0,100.5,
NSE:DELTACORP,Delta Corp Limited,Equity,NSE+BSE,532848,INE124G01033,EQ,Consumer Discretionary,Resorts & Casinos,Micro,1973.0,,73.68,,0.88,87.9,48.3,16.2,0.5,0.68,,2.2,,,,,,,4473661.0,24083.4,
NSE:MARSONS,Marsons Limited,Equity,NSE+BSE,517467,INE415B01044,EQ,Capital Goods,Electrical Equipment & Parts,Micro,1962.0,,114.0,44.5,9.04,175.4,100.25,35.0,0.0,,,0.3,,,,,,,2505808.0,2190.0,
NSE:TCIEXP,TCI Express Limited,Equity,NSE+BSE,540212,INE586V01016,EQ,Capital Goods,Integrated Freight & Logistics,Micro,1959.0,,509.5,24.0,2.39,736.4,447.55,30.8,12.0,2.38,,7.7,,,,,,,221851.0,471.6,
NSE:EUROPRATIK,Euro Pratik Sales Limited,Equity,NSE+BSE,544519,INE198501012,EQ,Materials,Building Materials,Micro,1952.0,,191.0,22.7,6.31,390.0,184.71,51.0,0.4,0.21,,7.6,,,,,,,195396.0,370.2,
NSE:ONEPOINT,One Point One Solutions Limited,Equity,NSE+BSE,544748,INE840Y01029,EQ,Capital Goods,Specialty Business Services,Micro,1951.0,,74.2,43.4,4.4,74.5,40.58,0.4,0.0,,,47.6,,,,,,,2031047.0,4634.7,
NSE:MAHASTEEL,Mahamaya Steel Industries Limited,Equity,NSE+BSE,513554,INE451L01014,BE,Materials,Steel,Micro,1947.0,,1184.8,196.5,12.25,1421.0,452.5,16.6,0.0,,,36.6,,,,,,,13419.0,43.3,
NSE:GREENPANEL,Greenpanel Industries Limited,Equity,NSE+BSE,542857,INE08ZM01014,EQ,Materials,Lumber & Wood Production,Micro,1942.0,,158.4,293.3,1.43,314.0,148.51,49.6,0.5,0.32,,27.3,,,,,,,318488.0,191.1,
NSE:INA,Insolation Energy Limited,Equity,NSE+BSE,543620,INE0LGX01024,EQ,Information Technology,Solar,Micro,1939.0,,87.95,9.7,2.41,161.81,79.75,45.6,0.0,,,109.8,,,,,,,1625199.0,605.1,
NSE:LANDMARK,Landmark Cars Limited,Equity,NSE+BSE,543714,INE559R01029,EQ,Consumer Discretionary,Auto & Truck Dealerships,Micro,1931.0,,465.8,43.0,3.3,662.0,339.5,29.6,1.5,0.32,,173.7,,,,,,,1220582.0,953.5,
NSE:HONDAPOWER,Honda India Power Products Limited,Equity,NSE+BSE,522064,INE634A01018,EQ,Capital Goods,Specialty Industrial Machinery,Micro,1926.0,,1899.0,29.3,2.4,2783.0,1816.6,31.8,148.0,7.85,,0.1,,,,,,,3397.0,54.1,
NSE:VIDYAWIRES,Vidya Wires Limited,Equity,NSE+BSE,544633,INE14UN01029,EQ,Capital Goods,Electrical Equipment & Parts,Micro,1925.0,,90.5,30.7,3.98,117.35,42.51,22.9,0.0,,,17.8,,,,,,,948316.0,971.1,
NSE:SPANDANA,Spandana Sphoorty Financial Limited,Equity,NSE+BSE,542759,INE572J01011,EQ,Financial Services,Credit Services,Micro,1919.0,,216.5,,0.81,319.4,181.1,32.2,0.0,,,185.1,,,,,,,267334.0,404.5,
NSE:NIBE,NIBE Limited,Equity,NSE+BSE,535136,INE149O01018,EQ,Capital Goods,Aerospace & Defense,Micro,1915.0,,1235.5,,5.16,1848.0,809.6,33.1,1.3,0.11,,33.6,,,,,,,69895.0,627.8,
NSE:BFUTILITIE,BF Utilities Limited,Equity,NSE+BSE,532430,INE243D01012,EQ,Capital Goods,Infrastructure Operations,Micro,1906.0,,506.0,13.9,9.46,834.0,368.7,39.3,0.0,,38.9,,,,,,,,222248.0,389.0,
NSE:RAMKY,Ramky Infrastructure Limited,Equity,NSE+BSE,533262,INE874I01013,EQ,Capital Goods,Engineering & Construction,Micro,1905.0,,275.25,8.1,0.88,705.0,264.5,61.0,1.0,0.36,,27.4,,,,,,,48298.0,466.7,
NSE:SHK,S H Kelkar and Company Limited,Equity,NSE+BSE,539450,INE500L01026,EQ,Materials,Specialty Chemicals,Micro,1904.0,,137.55,21.5,1.4,243.51,111.98,43.5,2.0,1.45,,75.5,,,,,,,821400.0,287.4,
NSE:ALGOQUANT,Algoquant Fintech Limited,Equity,NSE+BSE,505725,INE598D01035,EQ,Financial Services,Capital Markets,Micro,1901.0,,67.63,41.7,14.08,76.2,47.8,11.2,0.0,,,25.5,,,,,,,1413396.0,913.7,
NSE:BAJEL,Bajel Projects Limited,Equity,NSE+BSE,544042,INE0KQN01018,EQ,Power,Utilities - Regulated Electric,Micro,1899.0,,164.1,86.4,2.54,219.64,135.1,25.3,0.6,0.37,,49.1,,,,,,,257168.0,246.8,
NSE:RELINFRA,Reliance Infrastructure Limited,Equity,NSE+BSE,500390,INE036A01016,BE,Power,Utilities - Independent Power Producers,Micro,1897.0,,46.48,0.6,0.11,249.58,42.56,81.4,0.0,,,17.0,,,,,,,313346.0,313.5,
NSE:TECHNOCRAF,Technocraft Ventures Limited,Equity,NSE+BSE,544864,INE1D0W01018,EQ,Capital Goods,Infrastructure Operations,Micro,1889.0,,477.0,10.1,8.79,496.5,284.0,3.9,0.0,,,54.9,,,,,,,2549268.0,3687.0,
NSE:GENESYS,Genesys International Corporation Limited,Equity,NSE+BSE,506109,INE727B01026,EQ,Information Technology,Software - Application,Micro,1880.0,,281.1,55.8,1.62,612.0,168.5,54.1,0.0,,,24.5,,,,,,,1310804.0,1695.5,
NSE:CANTABIL,Cantabil Retail India Limited,Equity,NSE+BSE,533267,INE068L01024,EQ,Consumer Discretionary,Apparel Manufacturing,Micro,1875.0,,224.17,19.2,3.92,321.5,208.5,30.3,1.5,0.67,,113.8,,,,,,,210660.0,205.1,
NSE:ARMANFIN,Arman Financial Services Limited,Equity,NSE+BSE,531179,INE109C01017,EQ,Financial Services,Credit Services,Micro,1856.0,,1760.0,16.0,1.98,2158.6,1301.0,18.5,0.0,,,190.3,,,,,,,49051.0,666.9,
NSE:PARACABLES,Paramount Communications Limited,Equity,NSE+BSE,530555,INE074B01023,EQ,Information Technology,Communication Equipment,Micro,1848.0,,56.46,28.4,2.21,75.7,28.3,25.4,0.0,,,15.8,,,,,,,1724962.0,974.2,
NSE:RAJESHEXPO,Rajesh Exports Limited,Equity,NSE+BSE,531500,INE343B01030,BZ,Consumer Discretionary,Luxury Goods,Micro,1845.0,,62.5,10.9,0.11,237.88,60.25,73.7,0.0,,,5.8,,,,,,,206638.0,356.4,
NSE:MSPL,MSP Steel & Power Limited,Equity,NSE+BSE,532650,INE752G01015,EQ,Materials,Steel,Micro,1845.0,,32.56,51.7,1.79,46.12,26.25,29.4,0.0,,,31.2,,,,,,,822151.0,336.2,
NSE:EMSLIMITED,EMS Limited,Equity,NSE+BSE,543983,INE0OV601013,EQ,Capital Goods,Engineering & Construction,Micro,1844.0,,332.15,27.1,1.75,576.9,256.05,42.4,1.5,0.45,,14.6,,,,,,,565288.0,518.7,
NSE:DEEPA,Deepa Jewellers Limited,Equity,NSE+BSE,544903,INE1M2N01020,EQ,Consumer Discretionary,Luxury Goods,Micro,1844.0,,191.8,16.7,6.61,222.0,164.79,13.6,0.0,,,49.1,,,,,,,8205136.0,3715.2,
NSE:PFS,PTC India Financial Services Limited,Equity,NSE+BSE,533344,INE560K01014,EQ,Financial Services,Credit Services,Micro,1843.0,,28.7,8.3,0.6,40.5,23.85,29.1,0.0,,,57.4,,,,,,,1227656.0,547.0,
NSE:SURAKSHA,Suraksha Diagnostic Limited,Equity,NSE+BSE,544293,INE877V01027,EQ,Healthcare,Diagnostics & Research,Micro,1828.0,,351.0,51.2,7.44,360.0,224.1,2.5,0.5,0.14,,53.5,,,,,,,171254.0,323.4,
NSE:INDIANHUME,Indian Hume Pipe Company Limited,Equity,NSE+BSE,504741,INE323C01030,EQ,Capital Goods,Engineering & Construction,Micro,1825.0,,346.5,12.8,1.23,432.0,279.8,19.8,2.0,0.58,,28.1,,,,,,,162298.0,116.3,
NSE:HESTERBIO,Hester Biosciences Limited,Equity,NSE+BSE,524669,INE782E01017,EQ,Healthcare,Drug Manufacturers - Specialty & Generic,Micro,1825.0,,2144.9,13.5,5.07,2683.6,1239.3,20.1,11.0,0.52,,53.0,,,,,,,28967.0,57.6,
NSE:EIHAHOTELS,EIH Associated Hotels Limited,Equity,NSE+BSE,523127,INE276C01014,EQ,Consumer Discretionary,Lodging,Micro,1812.0,,297.4,20.6,3.01,403.45,266.65,26.3,3.5,1.18,,0.7,,,,,,,18159.0,39.4,
NSE:TEAMLEASE,Teamlease Services Limited,Equity,NSE+BSE,539658,INE985S01024,EQ,Capital Goods,Staffing & Employment Services,Micro,1808.0,,1183.3,13.4,1.9,1872.2,1065.2,36.8,0.0,,,11.0,,,,,,,27664.0,176.9,
NSE:RACLGEAR,RACL Geartech Limited,Equity,NSE+BSE,520073,INE704B01017,EQ,Consumer Discretionary,Auto Parts,Micro,1801.0,,1525.0,35.8,5.04,1927.7,921.8,20.9,3.0,0.2,,66.9,,,,,,,68509.0,529.5,
NSE:KRSNAA,Krsnaa Diagnostics Limited,Equity,NSE+BSE,543328,INE08LI01020,EQ,Healthcare,Diagnostics & Research,Micro,1800.0,,555.0,18.7,1.84,848.1,515.0,34.6,2.0,0.36,,54.5,,,,,,,119184.0,428.2,
NSE:NGLFINE,NGL Fine-Chem Limited,Equity,NSE+BSE,524774,INE887E01022,EQ,Healthcare,Drug Manufacturers - General,Micro,1792.0,,2900.0,31.3,5.44,3602.0,1271.0,19.5,1.75,0.06,,37.2,,,,,,,12366.0,445.0,
NSE:GRANDOAK,Grand Oak Canyons Distillery Limited,Equity,NSE+BSE,523862,INE926B01016,EQ,Financial Services,Mortgage Finance,Micro,1790.0,,34.5,,2.11,40.99,32.57,15.8,0.0,,,312.0,,,,,,,4556.0,2.2,
NSE:SAKSOFT,Saksoft Limited,Equity,NSE+BSE,590051,INE667G01023,EQ,Information Technology,Information Technology Services,Micro,1789.0,,139.2,14.0,2.28,222.99,107.59,37.6,1.1,0.79,,5.6,,,,,,,1249782.0,334.2,
NSE:SILVERTUC,Silver Touch Technologies Limited,Equity,NSE+BSE,543525,INE625X01026,EQ,Information Technology,Information Technology Services,Micro,1775.0,,140.0,4.9,10.49,1117.45,100.5,87.5,0.1,0.07,,19.5,,,,,,,540456.0,357.6,
NSE:TARSONS,Tarsons Products Limited,Equity,NSE+BSE,543399,INE144Z01023,EQ,Healthcare,Medical Instruments & Supplies,Micro,1763.0,,331.3,159.3,2.76,375.0,164.45,11.7,0.0,,,61.9,,,,,,,742474.0,644.3,
NSE:MMWL,Media Matrix Worldwide Limited,Equity,NSE+BSE,512267,INE200D01020,EQ,Media Entertainment & Telecom,Entertainment,Micro,1763.0,,15.56,259.3,26.33,16.57,9.02,6.1,0.0,,,115.6,,,,,,,50467.0,66.7,
NSE:DCXINDIA,DCX Systems Limited,Equity,NSE+BSE,543650,INE0KL801015,EQ,Capital Goods,Aerospace & Defense,Micro,1762.0,,158.15,,1.05,252.01,153.3,37.2,0.0,,,0.2,,,,,,,506948.0,498.2,
NSE:OAL,Oriental Aromatics Limited,Equity,NSE+BSE,500078,INE959C01023,EQ,Materials,Specialty Chemicals,Micro,1758.0,,522.4,326.5,2.65,570.0,228.0,8.4,0.5,0.09,,60.6,,,,,,,75472.0,344.7,
NSE:HUHTAMAKI,Huhtamaki India Limited,Equity,NSE+BSE,509820,INE275B01026,EQ,Consumer Discretionary,Packaging & Containers,Micro,1753.0,,232.1,12.9,1.3,330.0,148.6,29.7,2.0,0.86,10.6,10.7,,,,,,,1183135.0,219.1,
NSE:TIRUMALCHM,Thirumalai Chemicals Limited,Equity,NSE+BSE,500412,INE338A01024,EQ,Materials,Specialty Chemicals,Micro,1749.0,,145.1,,1.12,293.75,143.12,50.6,0.0,,,139.1,,,,,,,579288.0,679.1,
NSE:CAMLINFINE,Camlin Fine Sciences Limited,Equity,NSE+BSE,532834,INE052I01032,EQ,Materials,Specialty Chemicals,Micro,1748.0,,91.0,,1.68,211.95,89.12,57.1,0.0,,,72.0,,,,,,,980376.0,553.2,
NSE:AHCL,Anlon Healthcare Limited,Equity,NSE+BSE,544497,INE0Y8W01025,EQ,Healthcare,Drug Manufacturers - Specialty & Generic,Micro,1747.0,,32.86,47.6,6.43,37.24,10.37,11.8,0.0,,,17.1,,,,,,,20186458.0,474.6,
NSE:VIDHIING,Vidhi Specialty Food Ingredients Limited,Equity,NSE+BSE,531717,INE632C01026,EQ,Materials,Specialty Chemicals,Micro,1743.0,,349.0,32.7,5.32,387.85,258.6,10.0,7.0,2.0,,17.6,,,,,,,51629.0,89.5,
NSE:GOCLCORP,GOCL Corporation Limited,Equity,NSE+BSE,506480,INE077F01035,EQ,Materials,Specialty Chemicals,Micro,1740.0,,351.1,6.5,0.55,461.4,223.35,23.9,30.0,8.53,,0.0,,,,,,,246964.0,443.9,
NSE:IGPL,IG Petrochemicals Limited,Equity,NSE+BSE,500199,INE204A01010,EQ,Materials,Chemicals,Micro,1740.0,,565.05,21.3,1.31,609.9,315.0,7.4,5.0,0.88,,27.1,,,,,,,87802.0,353.3,
NSE:DIFFNKG,Diffusion Engineers Limited,Equity,NSE+BSE,544264,INE184O01015,EQ,Capital Goods,Specialty Industrial Machinery,Micro,1725.0,,464.5,31.6,4.27,519.9,216.8,10.7,1.5,0.32,,7.1,,,,,,,350042.0,2267.4,
NSE:HPL,HPL Electric & Power Limited,Equity,NSE+BSE,540136,INE495S01016,EQ,Capital Goods,Electrical Equipment & Parts,Micro,1723.0,,268.0,18.9,1.72,479.9,255.55,44.2,1.0,0.37,,75.3,,,,,,,97457.0,247.7,
NSE:LAOPALA,La Opala RG Limited,Equity,NSE+BSE,526947,INE059D01020,EQ,Consumer Discretionary,"Furnishings, Fixtures & Appliances",Micro,1722.0,,155.16,18.5,2.1,250.9,153.01,38.2,5.0,3.2,,1.1,,,,,,,307761.0,162.7,
NSE:RGL,Renaissance Global Limited,Equity,NSE+BSE,532923,INE722H01024,EQ,Consumer Discretionary,Luxury Goods,Micro,1720.0,,160.15,15.7,1.14,173.8,85.0,7.9,0.0,,,41.6,,,,,,,1654964.0,1067.7,
NSE:HGS,Hinduja Global Solutions Limited,Equity,NSE+BSE,532859,INE170I01016,EQ,Capital Goods,Specialty Business Services,Micro,1711.0,,367.85,,0.21,545.0,342.05,32.5,5.0,1.36,,23.3,,,,,,,47145.0,33.6,
NSE:BGRENERGY,BGR Energy Systems Limited,Equity,NSE+BSE,532930,INE661I01014,BE,Capital Goods,Engineering & Construction,Micro,1710.0,,237.0,,-0.6,490.8,218.0,51.7,0.0,,,,,,,,,,52687.0,170.3,
NSE:NUCLEUS,Nucleus Software Exports Limited,Equity,NSE+BSE,531209,INE096B01018,EQ,Information Technology,Software - Application,Micro,1708.0,,648.9,16.2,1.88,1064.8,638.05,39.1,12.5,1.93,,0.9,,,,,,,30764.0,78.1,
NSE:SCILAL,Shipping Corporation of India Land and Assets Limited,Equity,NSE+BSE,544142,INE0PB301013,EQ,Realty,Real Estate Services,Micro,1706.0,,36.62,60.0,0.51,55.0,34.3,33.4,0.55,1.5,,0.0,,,,,,,216639.0,72.2,
NSE:VOEPL,Virtuoso Optoelectronics Limited,Equity,NSE+BSE,543597,INE0I0T01010,EQ,Information Technology,Consumer Electronics,Micro,1705.0,,497.7,88.6,3.68,593.45,428.65,16.1,0.0,,,83.6,,,,,,,149620.0,196.0,
NSE:KROSS,Kross Limited,Equity,NSE+BSE,544253,INE0O6601022,EQ,Consumer Discretionary,Auto Parts,Micro,1703.0,,258.0,28.8,3.4,283.0,150.52,8.8,0.0,,,11.0,,,,,,,1274407.0,1726.6,
NSE:JINDRILL,Jindal Drilling And Industries Limited,Equity,NSE+BSE,511034,INE742C01031,EQ,Oil Gas & Consumable Fuels,Oil & Gas Equipment & Services,Micro,1703.0,,587.55,8.9,0.94,704.4,440.1,16.6,1.0,0.17,,5.1,,,,,,,1301146.0,985.1,
NSE:INDOKEM,Indokem Limited,Equity,NSE+BSE,504092,INE716F01012,EQ,Materials,Specialty Chemicals,Micro,1696.0,,608.2,779.7,25.39,668.0,555.0,9.0,0.0,,,41.6,,,,,,,5465.0,30.4,
NSE:TINNARUBR,Tinna Rubber and Infrastructure Limited,Equity,NSE+BSE,530475,INE015C01016,EQ,Materials,Specialty Chemicals,Micro,1695.0,,940.6,27.4,5.58,1322.0,527.45,28.9,3.25,0.35,,43.0,,,,,,,130234.0,320.9,
NSE:NDRAUTO,Ndr Auto Components Limited,Equity,NSE+BSE,543214,INE07OG01012,EQ,Consumer Discretionary,Auto Parts,Micro,1687.0,,707.05,26.0,4.7,1080.4,605.05,34.6,4.0,0.56,,17.2,,,,,,,25829.0,116.9,
NSE:KAPSTON,Kapston Services Limited,Equity,NSE,,INE542Z01028,EQ,Capital Goods,Specialty Business Services,Micro,1685.0,,553.8,55.2,14.49,616.2,244.18,10.1,0.0,,,158.3,,,,,,,122222.0,578.2,
NSE:FRONTSP,Frontier Springs Limited,Equity,NSE+BSE,522195,INE572D01014,EQ,Capital Goods,Metal Fabrication,Micro,1684.0,,1425.0,28.8,9.18,1569.8,1150.5,9.2,0.7,0.05,,5.9,,,,,,,84454.0,451.4,
NSE:AWFIS,Awfis Space Solutions Limited,Equity,NSE+BSE,544181,INE108V01019,EQ,Capital Goods,Rental & Leasing Services,Micro,1682.0,,235.0,19.8,3.04,639.4,229.05,63.2,0.0,,,271.7,,,,,,,718278.0,1093.7,
NSE:BHAGERIA,Bhageria Industries Limited,Equity,NSE+BSE,530803,INE354C01027,EQ,Materials,Specialty Chemicals,Micro,1665.0,,381.5,24.1,2.79,415.8,127.51,8.2,2.5,0.65,,18.4,,,,,,,121853.0,1235.0,
NSE:RUBYMILLS,The Ruby Mills Limited,Equity,NSE+BSE,503169,INE301D01026,EQ,Consumer Discretionary,Textile Manufacturing,Micro,1662.0,,497.0,38.4,2.47,522.0,169.02,4.8,2.5,0.5,,55.7,,,,,,,27861.0,122.8,
NSE:HATHWAY,Hathway Cable & Datacom Limited,Equity,NSE+BSE,533162,INE982F01036,EQ,Media Entertainment & Telecom,Entertainment,Micro,1655.0,,9.35,22.3,0.4,14.38,8.76,35.0,0.0,,,0.2,,,,,,,1509532.0,143.7,
NSE:EPACK,EPACK Durable Limited,Equity,NSE+BSE,544095,INE0G5901015,EQ,Consumer Discretionary,"Furnishings, Fixtures & Appliances",Micro,1652.0,,171.6,,1.44,358.35,168.61,52.1,0.0,,,77.0,,,,,,,410513.0,489.1,
NSE:BHARATRAS,Bharat Rasayan Limited,Equity,NSE+BSE,590021,INE838B01021,EQ,Materials,Agricultural Inputs,Micro,1651.0,,993.2,11.5,1.3,2987.5,977.4,66.8,0.5,0.05,,0.1,,,,,,,14003.0,170.3,
NSE:AYMSYNTEX,AYM Syntex Limited,Equity,NSE+BSE,508933,INE193B01039,EQ,Consumer Discretionary,Textile Manufacturing,Micro,1649.0,,280.5,87.9,2.79,330.0,141.53,15.0,0.0,,,31.9,,,,,,,108481.0,437.8,
NSE:MBECL,Mcnally Bharat Engineering Company Limited,Equity,NSE+BSE,532629,INE748A01024,BE,Capital Goods,Engineering & Construction,Micro,1647.0,,494.0,0.5,2.88,494.0,65.4,0.0,0.0,,,17.2,,,,,,,1614.0,21.8,
NSE:INSECTICID,Insecticides (India) Limited,Equity,NSE+BSE,532851,INE070I01018,EQ,Materials,Agricultural Inputs,Micro,1645.0,,565.2,13.1,1.35,775.0,518.6,27.1,4.0,0.7,,12.9,,,,,,,26741.0,100.3,
NSE:RICOAUTO,Rico Auto Industries Limited,Equity,NSE+BSE,520008,INE209B01025,EQ,Consumer Discretionary,Auto Parts,Micro,1637.0,,121.0,54.3,2.1,157.99,78.92,23.4,0.55,0.45,,92.8,,,,,,,1750989.0,1057.9,
NSE:PAUSHAKLTD,Paushak Limited,Equity,NSE+BSE,532742,INE111F01024,EQ,Materials,Specialty Chemicals,Micro,1631.0,,661.35,38.5,3.32,826.75,342.5,20.0,2.5,0.38,,15.7,,,,,,,72783.0,153.3,
NSE:ACCELYA,Accelya Solutions India Limited,Equity,NSE+BSE,532268,INE793A01012,EQ,Information Technology,Information Technology Services,Micro,1627.0,,1090.0,17.1,6.5,1527.0,1012.4,28.6,70.0,6.4,36.1,6.3,,,,,,,7025.0,460.8,
NSE:WENDT,Wendt (India) Limited,Equity,NSE+BSE,505412,INE274C01019,EQ,Capital Goods,Tools & Accessories,Micro,1620.0,,8100.0,96.0,6.38,9199.0,5841.5,11.9,20.0,0.25,,0.1,,,,,,,10828.0,1193.8,
NSE:CNL,Creative Newtech Limited,Equity,NSE+BSE,544631,INE985W01018,EQ,Information Technology,Electronics & Computer Distribution,Micro,1617.0,,1077.1,24.8,4.91,1328.0,525.0,18.9,0.5,0.05,,83.7,,,,,,,272328.0,235.1,
NSE:BFINVEST,BF Investment Limited,Equity,NSE+BSE,533303,INE878K01010,EQ,Financial Services,Asset Management,Micro,1617.0,,429.25,4.2,0.19,584.7,315.0,26.6,10.0,2.33,,0.0,,,,,,,153760.0,70.8,
NSE:PANORAMA,Panorama Studios International Limited,Equity,NSE+BSE,539469,INE258R01028,EQ,Media Entertainment & Telecom,Entertainment,Micro,1615.0,,62.0,68.1,7.36,64.8,40.0,4.3,0.0,,,59.0,,,,,,,603934.0,482.1,
NSE:SKYWAYS,Skyways Air Services Limited,Equity,NSE+BSE,544890,INE0PX301025,EQ,Capital Goods,Integrated Freight & Logistics,Micro,1610.0,,110.75,28.3,3.88,137.38,106.82,19.4,0.9,0.82,,126.8,,,,,,,13322803.0,1863.0,
NSE:GRMOVER,GRM Overseas Limited,Equity,NSE+BSE,531449,INE192H01020,EQ,Fast Moving Consumer Goods,Packaged Foods,Micro,1598.0,,77.01,15.6,1.18,185.45,77.0,58.5,0.0,,,60.7,,,,,,,1096465.0,818.1,
NSE:GOODYEAR,Goodyear India Limited,Equity,NSE+BSE,500168,INE533A01012,EQ,Consumer Discretionary,Auto Parts,Micro,1598.0,,692.85,29.7,2.64,1273.7,690.0,45.6,26.5,3.82,,4.4,,,,,,,11095.0,36.6,
NSE:GCSL,Gretex Corporate Services Limited,Equity,NSE+BSE,543324,INE199P01028,EQ,Financial Services,Capital Markets,Micro,1597.0,,680.1,50.8,9.68,684.0,213.15,0.6,0.7,0.1,,6.8,,,,,,,656222.0,2180.4,
NSE:PNGSREVA,PNGS Reva Diamond Jewellery Limited,Equity,NSE+BSE,544718,INE1RDG01013,EQ,Consumer Discretionary,Luxury Goods,Micro,1596.0,,503.6,18.9,3.1,644.0,324.25,21.8,0.0,,,32.9,,,,,,,375990.0,412.2,
NSE:GARUDA,Garuda Construction and Engineering Limited,Equity,NSE+BSE,544271,INE0JVO01026,EQ,Capital Goods,Engineering & Construction,Micro,1592.0,,171.08,11.7,3.49,249.3,130.0,31.4,0.0,,,2.6,,,,,,,820224.0,573.2,
NSE:MENONBE,Menon Bearings Limited,Equity,NSE+BSE,523828,INE071D01033,EQ,Consumer Discretionary,Auto Parts,Micro,1592.0,,284.0,37.2,8.59,330.0,101.5,13.9,4.0,1.39,,25.3,,,,,,,89576.0,190.1,
NSE:KOTIC,Kothari Industrial Corporation Limited,Equity,NSE+BSE,509732,INE972A01020,EQ,Materials,Agricultural Inputs,Micro,1592.0,,147.39,,5.85,163.0,123.12,9.6,0.0,,,20.8,,,,,,,62328.0,17.7,
NSE:STUDDS,Studds Accessories Limited,Equity,NSE+BSE,544599,INE00Q601028,EQ,Consumer Discretionary,Auto Parts,Micro,1585.0,,402.85,21.2,3.03,600.0,389.15,32.9,3.0,0.75,,1.6,,,,,,,63430.0,191.6,
NSE:SHREEPUSHK,Shree Pushkar Chemicals & Fertilisers Limited,Equity,NSE+BSE,539334,INE712K01011,EQ,Materials,Specialty Chemicals,Micro,1585.0,,490.0,22.3,2.6,545.2,272.45,10.1,2.1,0.43,,21.5,,,,,,,85552.0,197.4,
NSE:ASTEC,Astec LifeSciences Limited,Equity,NSE+BSE,533138,INE563J01010,EQ,Materials,Agricultural Inputs,Micro,1584.0,,710.8,,4.05,941.75,513.4,24.5,0.0,,,114.8,,,,,,,218508.0,502.7,
NSE:FERMENTA,Fermenta Biotech Limited,Equity,NSE+BSE,506414,INE225B01021,EQ,Healthcare,Drug Manufacturers - Specialty & Generic,Micro,1583.0,,552.0,27.1,3.9,575.1,426.3,4.0,3.75,0.68,,28.3,,,,,,,296530.0,2408.8,
NSE:MODISONLTD,MODISON LIMITED,Equity,NSE+BSE,506261,INE737D01021,BE,Capital Goods,Electrical Equipment & Parts,Micro,1577.0,,486.05,15.5,5.74,546.0,114.0,11.0,6.0,1.23,,63.5,,,,,,,140211.0,463.0,
NSE:JAICORPLTD,Jai Corp Limited,Equity,NSE+BSE,512237,INE070D01027,EQ,Materials,Specialty Chemicals,Micro,1560.0,,88.9,9.2,1.04,173.4,87.6,48.7,0.5,0.56,,0.0,,,,,,,323625.0,272.0,
NSE:GOCOLORS,Go Fashion (India) Limited,Equity,NSE+BSE,543401,INE0BJS01011,EQ,Consumer Discretionary,Apparel Retail,Micro,1559.0,,296.5,29.6,2.31,715.45,237.05,58.6,0.0,,,77.1,,,,,,,248206.0,359.3,
NSE:YATRA,Yatra Online Limited,Equity,NSE+BSE,543992,INE0JR601024,EQ,Consumer Discretionary,Travel Services,Micro,1552.0,,98.9,49.9,1.88,202.0,89.9,51.0,0.0,,,12.4,,,,,,,1572446.0,2029.0,
NSE:SERVOTECH,Servotech Renewable Power System Limited,Equity,NSE,,INE782X01033,EQ,Capital Goods,Electrical Equipment & Parts,Micro,1550.0,,68.61,42.1,5.42,141.5,57.51,51.5,0.02,0.03,,71.5,,,,,,,655330.0,401.6,
NSE:YUKEN,Yuken India Limited,Equity,NSE+BSE,522108,INE384C01016,EQ,Capital Goods,Specialty Industrial Machinery,Micro,1549.0,,1140.0,98.9,4.15,1153.85,584.1,1.2,1.5,0.13,,30.7,,,,,,,19280.0,168.3,
NSE:SDBL,Som Distilleries & Breweries Limited,Equity,NSE+BSE,507514,INE480C01038,EQ,Fast Moving Consumer Goods,Beverages - Brewers,Micro,1549.0,,74.51,,1.97,136.0,61.8,45.2,0.0,,,25.9,,,,,,,1998334.0,705.7,
NSE:MOBIKWIK,One Mobikwik Systems Limited,Equity,NSE+BSE,544305,INE0HLU01028,EQ,Information Technology,Software - Infrastructure,Micro,1543.0,,196.0,,2.85,296.7,151.46,33.9,0.0,,,51.2,,,,,,,2128076.0,1949.5,
NSE:TEXINFRA,Texmaco Infrastructure & Holdings Limited,Equity,NSE+BSE,505400,INE435C01024,EQ,Realty,Real Estate Services,Micro,1541.0,,120.9,167.9,1.38,126.59,82.5,4.5,0.15,0.13,,2.6,,,,,,,212108.0,410.3,
NSE:MTNL,Mahanagar Telephone Nigam Limited,Equity,NSE+BSE,500108,INE153A01019,EQ,Media Entertainment & Telecom,Telecom Services,Micro,1537.0,,24.39,,-0.05,44.67,21.26,45.4,0.0,,,,,,,,,,1562417.0,11145.7,
NSE:GKSL,Gujarat Kidney And Super Speciality Limited,Equity,NSE+BSE,544666,INE0V0W01025,EQ,Healthcare,Medical Care Facilities,Micro,1535.0,,194.65,97.3,4.8,209.8,98.36,7.2,0.0,,,11.4,,,,,,,1145919.0,69435.3,
NSE:AVADHSUGAR,Avadh Sugar & Energy Limited,Equity,NSE+BSE,540649,INE349W01017,EQ,Fast Moving Consumer Goods,Confectioners,Micro,1534.0,,766.15,23.3,1.36,884.8,306.05,13.4,10.0,1.31,,125.1,,,,,,,276977.0,954.3,
NSE:JAGSNPHARM,Jagsonpal Pharmaceuticals Limited,Equity,NSE+BSE,507789,INE048B01035,EQ,Healthcare,Drug Manufacturers - Specialty & Generic,Micro,1533.0,,232.49,34.6,5.9,264.5,155.0,12.1,2.5,1.08,,3.0,,,,,,,477346.0,333.0,
NSE:DOLLAR,Dollar Industries Limited,Equity,NSE+BSE,541403,INE325C01035,EQ,Consumer Discretionary,Apparel Manufacturing,Micro,1530.0,,269.75,13.6,1.61,385.0,220.5,29.9,3.0,1.1,,30.5,,,,,,,137774.0,408.0,
NSE:NITTAGELA,Nitta Gelatin India Limited,Equity,NSE+BSE,506532,INE265B01019,EQ,Materials,Specialty Chemicals,Micro,1527.0,,1682.0,14.7,2.99,2087.2,882.0,19.4,7.0,0.42,,0.8,,,,,,,9947.0,59.8,
NSE:ARDEE,Ardee Industries Limited,Equity,NSE+BSE,544860,INE0XNF01022,EQ,Capital Goods,Metal Fabrication,Micro,1527.0,,48.45,17.8,8.38,73.19,46.5,33.8,0.0,,80.7,124.8,,,,,,,9416354.0,1039.2,
NSE:ALLCARGO,Allcargo Logistics Limited,Equity,NSE+BSE,532749,INE418H01029,EQ,Capital Goods,Integrated Freight & Logistics,Micro,1525.0,,10.18,50.9,2.73,36.55,7.11,72.1,0.0,,,120.7,,,,,,,20413800.0,457.2,
NSE:CAPACITE,Capacit'e Infraprojects Limited,Equity,NSE+BSE,540710,INE264T01014,EQ,Capital Goods,Engineering & Construction,Micro,1522.0,,179.9,8.3,0.8,314.25,176.16,42.8,0.0,,,25.3,,,,,,,448083.0,497.8,
NSE:SURYODAY,Suryoday Small Finance Bank Limited,Equity,NSE+BSE,543279,INE428Q01011,EQ,Financial Services,Banks - Regional,Micro,1520.0,,143.0,7.9,0.73,218.0,115.41,34.4,1.5,1.04,,,,,,,,,1991713.0,252.7,
NSE:IPL,India Pesticides Limited,Equity,NSE+BSE,543311,INE0D6701023,EQ,Materials,Agricultural Inputs,Micro,1512.0,,131.25,14.1,1.5,213.25,125.0,38.5,0.75,0.57,,10.9,,,,,,,672737.0,225.5,
NSE:VIKRAN,Vikran Engineering Limited,Equity,NSE+BSE,544496,INE01R501028,EQ,Capital Goods,Engineering & Construction,Micro,1509.0,,58.5,15.0,1.22,118.4,51.1,50.6,0.18,0.31,,24.3,,,,,,,2188861.0,501.9,
NSE:ASIANHOTNR,Asian Hotels (North) Limited,Equity,NSE+BSE,500023,INE363A01022,EQ,Consumer Discretionary,Lodging,Micro,1505.0,,352.95,,1.38,423.8,247.5,16.7,0.0,,,36.3,,,,,,,71755.0,112.5,
NSE:INDOBORAX,Indo Borax & Chemicals Limited,Equity,NSE+BSE,524342,INE803D01021,EQ,Materials,Chemicals,Micro,1505.0,,469.0,26.7,3.89,542.8,230.01,13.6,10.0,2.13,13.9,0.4,,,,,,,713678.0,422.6,
NSE:IKIO,IKIO Technologies Limited,Equity,NSE+BSE,543923,INE0LOJ01019,EQ,Information Technology,Electronic Components,Micro,1499.0,,194.0,32.6,2.49,238.8,103.53,18.8,0.0,,,11.4,,,,,,,1782945.0,256.3,
NSE:KRISHNADEF,Krishna Defence And Allied Industries Limited,Equity,NSE,,INE0J5601015,EQ,Capital Goods,Specialty Industrial Machinery,Micro,1496.0,,1002.0,35.7,7.73,1400.0,665.0,28.4,1.25,0.12,,1.1,,,,,,,103055.0,666.3,
NSE:TAALTECH,Taal Tech Limited,Equity,NSE+BSE,539956,INE524T01029,EQ,Capital Goods,Airports & Air Services,Micro,1496.0,,960.0,24.0,1.22,1234.0,833.88,22.2,7.0,,,0.4,,,,,,,63069.0,390.0,
NSE:NINSYS,NINtec Systems Limited,Equity,NSE+BSE,539843,INE395U01014,EQ,Information Technology,Information Technology Services,Micro,1495.0,,804.65,44.7,16.3,935.0,281.05,13.9,0.0,,,2.1,,,,,,,4822.0,145.0,
NSE:5PAISA,5Paisa Capital Limited,Equity,NSE+BSE,540776,INE618L01018,EQ,Financial Services,Capital Markets,Micro,1495.0,,319.0,24.5,1.54,416.95,245.5,23.5,0.0,,,58.3,,,,,,,59312.0,329.5,
NSE:GALAPREC,Gala Precision Engineering Limited,Equity,NSE+BSE,544244,INE0RE001014,EQ,Capital Goods,Specialty Industrial Machinery,Micro,1493.0,,1165.0,41.2,5.09,1260.0,671.2,7.5,0.0,,,13.0,,,,,,,49265.0,723.0,
NSE:AMRUTANJAN,Amrutanjan Health Care Limited,Equity,NSE+BSE,590006,INE098F01031,EQ,Healthcare,Drug Manufacturers - Specialty & Generic,Micro,1491.0,,516.0,27.6,4.03,760.15,476.5,32.1,7.5,1.46,,0.5,,,,,,,92758.0,497.2,
NSE:GPTINFRA,GPT Infraprojects Limited,Equity,NSE+BSE,533761,INE390G01014,EQ,Capital Goods,Engineering & Construction,Micro,1491.0,,118.0,15.2,2.47,150.0,96.22,21.3,4.0,3.37,,49.8,,,,,,,208141.0,1315.0,
NSE:MIIL,Meghna Infracon Infrastructure Limited,Equity,NSE+BSE,538668,INE898Q01015,EQ,Realty,Real Estate - Development,Micro,1486.0,,684.0,481.7,54.54,742.9,640.5,7.9,0.25,0.04,,83.4,,,,,,,84544.0,417.7,
NSE:SESHAPAPER,Seshasayee Paper and Boards Limited,Equity,NSE+BSE,502450,INE630A01024,EQ,Materials,Paper & Paper Products,Micro,1482.0,,235.0,14.3,0.69,293.11,209.96,19.8,2.0,0.85,,,,,,,,,126467.0,59.2,
NSE:KPEL,K.P. Energy Limited,Equity,NSE+BSE,539686,INE127T01021,EQ,Capital Goods,Engineering & Construction,Micro,1477.0,,217.86,8.1,2.79,463.25,206.52,53.0,0.8,0.37,,100.2,,,,,,,320498.0,773.9,
NSE:ARFIN,Arfin India Limited,Equity,NSE+BSE,539151,INE784R01023,EQ,Materials,Aluminum,Micro,1473.0,,87.28,79.3,8.74,106.2,47.0,17.8,0.24,0.28,,75.9,,,,,,,1561565.0,1061.0,
NSE:RSL,Rajputana Stainless Limited,Equity,NSE+BSE,544731,INE313L01016,EQ,Materials,Steel,Micro,1462.0,,175.0,24.8,3.36,202.22,101.7,13.5,0.5,0.29,,18.9,,,,,,,534779.0,1028.1,
NSE:MBEL,M & B Engineering Limited,Equity,NSE+BSE,544470,INE08N601015,EQ,Capital Goods,Engineering & Construction,Micro,1453.0,,254.15,14.5,2.19,535.9,223.05,52.6,1.0,0.4,,12.7,,,,,,,185128.0,291.7,
NSE:HITECH,Hi-Tech Pipes Limited,Equity,NSE+BSE,543411,INE106T01025,EQ,Materials,Steel,Micro,1451.0,,71.59,19.2,1.06,123.8,69.86,42.2,0.03,0.03,,20.1,,,,,,,648845.0,367.9,
NSE:SALSTEEL,S.A.L. Steel Limited,Equity,NSE+BSE,532604,INE658G01014,EQ,Materials,Steel,Micro,1446.0,,99.9,76.3,9.93,102.4,26.1,2.4,0.0,,,238.2,,,,,,,509473.0,1143.7,
NSE:ALICON,Alicon Castalloy Limited,Equity,NSE+BSE,531147,INE062D01024,EQ,Capital Goods,Metal Fabrication,Micro,1444.0,,884.0,39.6,2.3,1022.0,580.0,13.5,6.0,0.69,,56.4,,,,,,,65987.0,7500.7,
NSE:SUMMITSEC,Summit Securities Limited,Equity,NSE+BSE,533306,INE519C01017,EQ,Financial Services,Capital Markets,Micro,1444.0,,1319.5,12.0,0.17,2495.0,1301.0,47.1,0.0,,,,,,,,,,3505.0,15.9,
NSE:BLIL,Balmer Lawrie Investments Limited,Equity,NSE+BSE,532485,INE525F01025,EQ,Capital Goods,Conglomerates,Micro,1443.0,,65.03,8.0,1.0,73.4,64.22,11.4,0.0,,,9.8,,,,,,,77910.0,48.9,
NSE:DLINKINDIA,D-Link (India) Limited,Equity,NSE+BSE,533146,INE250K01012,EQ,Information Technology,Communication Equipment,Micro,1439.0,,405.25,13.4,2.85,549.2,367.65,26.2,41.0,10.08,,2.9,,,,,,,175853.0,248.1,
NSE:XTRANET,Xtranet Technologies Limited,Equity,NSE+BSE,544838,INE0NG701011,EQ,Information Technology,Information Technology Services,Micro,1436.0,,274.6,33.5,,358.5,122.5,23.4,0.0,,,63.1,,,,,,,2140203.0,2216.4,
NSE:SHALBY,Shalby Limited,Equity,NSE+BSE,540797,INE597J01018,EQ,Healthcare,Medical Care Facilities,Micro,1436.0,,133.55,38.2,1.41,273.0,125.82,51.1,0.0,,,59.1,,,,,,,86445.0,283.4,
NSE:TTKHLTCARE,TTK Healthcare Limited,Equity,NSE+BSE,507747,INE910C01018,EQ,Healthcare,Drug Manufacturers - General,Micro,1430.0,,1012.2,19.3,1.28,1247.0,735.0,18.8,10.0,0.99,,2.2,,,,,,,37602.0,108.5,
NSE:MCLOUD,Magellanic Cloud Limited,Equity,NSE+BSE,538891,INE613C01026,EQ,Information Technology,Information Technology Services,Micro,1426.0,,24.2,12.9,2.07,78.19,19.4,69.0,0.03,0.12,,42.5,,,,,,,3292133.0,236.7,
NSE:ANDHRAPAP,ANDHRA PAPER LIMITED,Equity,NSE+BSE,502330,INE435A01051,EQ,Materials,Paper & Paper Products,Micro,1425.0,,71.64,51.5,0.73,86.89,58.0,17.6,0.5,0.7,,12.0,,,,,,,1326499.0,158.5,
NSE:HINDWAREAP,Hindware Home Innovation Limited,Equity,NSE+BSE,542905,INE05AN01011,EQ,Consumer Discretionary,"Furnishings, Fixtures & Appliances",Micro,1424.0,,170.2,,1.93,392.7,165.0,56.7,0.0,,,129.3,,,,,,,131268.0,220.4,
NSE:STEELXIND,STEEL EXCHANGE INDIA LIMITED,Equity,NSE+BSE,534748,INE503B01021,EQ,Materials,Steel,Micro,1423.0,,11.16,44.6,1.8,13.95,7.0,20.0,0.0,,,54.4,,,,,,,5042889.0,503.0,
NSE:JAYBARMARU,Jay Bharat Maruti Limited,Equity,NSE+BSE,520066,INE571B01036,EQ,Consumer Discretionary,Auto Parts,Micro,1418.0,,131.0,10.3,2.04,207.0,74.15,36.7,0.7,0.54,,76.3,,,,,,,572992.0,957.5,
NSE:CLSEL,Chaman Lal Setia Exports Limited,Equity,NSE+BSE,530307,INE419D01026,EQ,Fast Moving Consumer Goods,Packaged Foods,Micro,1416.0,,284.85,11.3,1.69,324.8,203.75,12.3,3.0,1.06,,9.9,,,,,,,125369.0,187.6,
NSE:SUNSHINE,Sunshine Pictures Limited,Equity,NSE+BSE,544881,INE1B3O01011,EQ,Media Entertainment & Telecom,Entertainment,Micro,1413.0,,453.55,2519.7,,524.95,326.25,13.6,0.0,,32.3,6.5,,,,,,,3191555.0,2406.9,
NSE:ASIANTILES,Asian Granito India Limited,Equity,NSE+BSE,532888,INE022I01019,EQ,Capital Goods,Building Products & Equipment,Micro,1408.0,,47.5,81.9,0.92,79.06,42.5,39.9,0.0,,,28.5,,,,,,,9143380.0,624.4,
NSE:RIR,RIR Power Electronics Limited,Equity,NSE+BSE,517035,INE302D01024,EQ,Information Technology,Semiconductors,Micro,1408.0,,176.9,151.2,10.36,213.94,154.0,17.3,0.1,0.06,6.2,9.9,,,,,,,1577445.0,1336.4,
NSE:MOL,Meghmani Organics Limited,Equity,NSE+BSE,543331,INE0CT101020,EQ,Materials,Agricultural Inputs,Micro,1400.0,,55.05,21.8,0.89,85.35,36.5,35.5,0.0,,,47.0,,,,,,,2008940.0,408.2,
NSE:SIGNPOST,Signpost India Limited,Equity,NSE+BSE,544117,INE0KGZ01021,EQ,Media Entertainment & Telecom,Advertising Agencies,Micro,1399.0,,261.7,19.0,4.85,336.8,191.41,22.3,0.5,0.19,,69.8,,,,,,,201979.0,187.6,
NSE:UDS,Updater Services Limited,Equity,NSE+BSE,543996,INE851I01011,EQ,Capital Goods,Specialty Business Services,Micro,1398.0,,207.0,16.0,1.32,261.54,125.1,20.9,4.0,1.92,,4.3,,,,,,,345994.0,332.2,
NSE:INFOBEAN,InfoBeans Technologies Limited,Equity,NSE+BSE,543644,INE344S01016,EQ,Information Technology,Software - Application,Micro,1391.0,,143.5,16.4,3.36,257.5,116.5,44.3,0.5,0.35,,3.5,,,,,,,516564.0,343.2,
NSE:AEROENTER,Aeroflex Enterprises Limited,Equity,NSE+BSE,511076,INE065D01027,EQ,Materials,Steel,Micro,1386.0,,122.5,9.2,1.68,159.6,62.2,23.2,0.4,0.33,,4.2,,,,,,,788665.0,376.3,
NSE:GTLINFRA,GTL Infrastructure Limited,Equity,NSE+BSE,532775,INE221H01019,EQ,Information Technology,Communication Equipment,Micro,1383.0,,1.08,1.3,-0.27,1.67,0.96,35.3,0.0,,,,,,,,,,36063307.0,491.6,
NSE:CEINSYS,Ceinsys Tech Limited,Equity,NSE+BSE,538734,INE016Q01014,EQ,Capital Goods,Engineering & Construction,Micro,1380.0,,659.0,9.9,1.79,1249.9,634.95,47.3,3.5,0.53,,8.4,,,,,,,64033.0,407.1,
NSE:JISLDVREQS,Jain Irrigation Systems Limited,Equity,NSE+BSE,570004,IN9175A01010,EQ,Capital Goods,Conglomerates,Micro,1375.0,,18.75,,0.24,34.0,18.4,44.9,0.0,,,71.8,,,,,,,40453.0,3.8,
NSE:KOPRAN,Kopran Limited,Equity,NSE+BSE,524280,INE082A01010,EQ,Healthcare,Drug Manufacturers - General,Micro,1367.0,,282.95,54.5,2.58,295.83,107.0,4.4,3.0,1.06,,28.8,,,,,,,897771.0,1960.7,
NSE:BPLPHARMA,Bharat Parenterals Limited,Equity,NSE+BSE,541096,INE365Y01019,EQ,Healthcare,Drug Manufacturers - Specialty & Generic,Micro,1364.0,,1748.0,,2.2,2277.6,1201.1,23.3,1.0,0.06,,46.9,,,,,,,10460.0,191.9,
NSE:IFGLEXPOR,IFGL Refractories Limited,Equity,NSE+BSE,540774,INE133Y01011,EQ,Materials,Building Materials,Micro,1352.0,,187.52,33.0,1.15,338.0,119.68,44.5,2.15,1.13,,17.8,,,,,,,105595.0,64.5,
NSE:BHAGYANGR,Bhagyanagar India Limited,Equity,NSE+BSE,512296,INE458B01036,EQ,Materials,Copper,Micro,1348.0,,402.5,20.5,5.0,467.9,92.55,14.0,0.0,,,100.5,,,,,,,143413.0,565.0,
NSE:MANAKCOAT,Manaksia Coated Metals & Industries Limited,Equity,NSE+BSE,539046,INE830Q01018,EQ,Capital Goods,Metal Fabrication,Micro,1344.0,,126.05,30.0,2.94,182.82,94.2,31.1,0.05,0.04,,33.1,,,,,,,542769.0,679.0,
NSE:MANALIPETC,Manali Petrochemicals Limited,Equity,NSE+BSE,500268,INE201A01024,EQ,Materials,Specialty Chemicals,Micro,1342.0,,78.0,7.4,1.05,93.0,39.13,16.1,0.5,0.64,,10.7,,,,,,,4169609.0,1058.3,
NSE:JAGRAN,Jagran Prakashan Limited,Equity,NSE+BSE,532705,INE199G01027,EQ,Media Entertainment & Telecom,Publishing,Micro,1339.0,,61.5,7.1,0.66,78.9,59.5,22.1,7.0,11.37,,5.2,,,,,,,195885.0,127.3,
NSE:SPMLINFRA,SPML Infra Limited,Equity,NSE+BSE,500402,INE937A01023,EQ,Capital Goods,Engineering & Construction,Micro,1338.0,,159.0,15.0,1.34,250.65,151.01,36.6,0.0,,,37.8,,,,,,,201901.0,409.9,
NSE:BENARAS,Benares Hotels Limited,Equity,NSE+BSE,509438,INE664D01019,EQ,Consumer Discretionary,Lodging,Micro,1332.0,,10249.0,30.3,6.27,11499.0,9965.0,10.9,0.0,,,1.8,,,,,,,117.0,8.4,
NSE:WALCHANNAG,Walchandnagar Industries Limited,Equity,NSE+BSE,507410,INE711A01022,EQ,Capital Goods,Engineering & Construction,Micro,1331.0,,196.0,,3.71,315.8,131.15,37.9,0.0,,,61.0,,,,,,,783868.0,1201.8,
NSE:RHETAN,Rhetan TMT Limited,Equity,NSE+BSE,543590,INE0KKN01029,EQ,Materials,Steel,Micro,1326.0,,16.64,104.0,12.21,34.87,14.42,52.3,0.0,,,38.4,,,,,,,11776649.0,39.1,
NSE:AVTNPL,AVT Natural Products Limited,Equity,NSE+BSE,519105,INE488D01021,EQ,Materials,Specialty Chemicals,Micro,1324.0,,86.95,15.8,2.37,102.0,53.5,14.8,0.9,1.02,,20.3,,,,,,,364192.0,174.2,
NSE:EXPLEOSOL,Expleo Solutions Limited,Equity,NSE+BSE,533121,INE201K01015,EQ,Information Technology,Information Technology Services,Micro,1321.0,,851.0,9.6,1.7,1175.1,640.0,27.6,110.0,12.96,,1.0,,,,,,,170499.0,135.8,
NSE:BIL,Bhartiya International Limited,Equity,NSE+BSE,526666,INE828A01016,EQ,Consumer Discretionary,Footwear & Accessories,Micro,1321.0,,985.0,51.4,2.68,1150.0,602.0,14.3,0.0,,,111.2,,,,,,,13693.0,115.6,
NSE:DCW,DCW Limited,Equity,NSE+BSE,500117,INE500A01029,EQ,Materials,Chemicals,Micro,1319.0,,44.68,18.5,1.23,72.3,37.11,38.2,0.4,0.9,,27.0,,,,,,,1464152.0,619.6,
NSE:VALIANTORG,Valiant Organics Limited,Equity,NSE+BSE,540145,INE565V01010,EQ,Materials,Chemicals,Micro,1318.0,,470.05,24.3,1.73,480.6,195.0,2.2,0.0,,,33.7,,,,,,,61745.0,2567.3,
NSE:EIMCOELECO,Eimco Elecon (India) Limited,Equity,NSE+BSE,523708,INE158B01016,EQ,Capital Goods,Farm & Heavy Construction Machinery,Micro,1316.0,,2281.1,33.2,2.81,2380.0,1405.5,4.2,4.0,0.18,,0.9,,,,,,,45548.0,428.2,
NSE:PVP,PVP Ventures Limited,Equity,NSE+BSE,517556,INE362A01016,EQ,Capital Goods,Conglomerates,Micro,1314.0,,50.47,265.6,6.02,72.04,23.0,29.9,0.0,,,64.7,,,,,,,2096870.0,483.4,
NSE:ARROWGREEN,Arrow Greentech Limited,Equity,NSE+BSE,516064,INE570D01018,EQ,Consumer Discretionary,Packaging & Containers,Micro,1302.0,,863.0,20.4,5.56,952.75,341.95,9.4,5.0,0.58,,1.0,,,,,,,37873.0,344.5,
NSE:SHANKESH,Shankesh Jewellers Limited,Equity,NSE+BSE,544882,INE1WFC01025,EQ,Consumer Discretionary,Luxury Goods,Micro,1300.0,,88.39,12.2,4.96,115.9,86.58,23.7,0.0,,,80.1,,,,,,,10275523.0,1483.5,
NSE:IZMO,IZMO Limited,Equity,NSE+BSE,532341,INE848A01014,EQ,Information Technology,Software - Application,Micro,1288.0,,860.0,23.9,3.15,1175.4,562.0,26.8,0.0,,,4.1,,,,,,,126370.0,675.1,
NSE:BHARATSE,Bharat Seats Limited,Equity,NSE+BSE,523229,INE415D01024,EQ,Consumer Discretionary,Auto Parts,Micro,1287.0,,205.0,27.8,5.61,263.18,133.6,22.1,1.5,0.73,19.9,47.9,,,,,,,378636.0,410.0,
NSE:PNBGILTS,PNB Gilts Limited,Equity,NSE+BSE,532366,INE859A01011,EQ,Financial Services,Capital Markets,Micro,1287.0,,71.5,12.6,0.75,100.82,58.6,29.1,2.0,2.79,,1480.2,,,,,,,448272.0,293.6,
NSE:FEDDERSHOL,Fedders Holding Limited,Equity,NSE+BSE,511628,INE417D01020,EQ,Financial Services,Credit Services,Micro,1286.0,,63.85,15.0,1.78,72.77,39.0,12.3,0.0,,,9.2,,,,,,,7560280.0,39923.0,
NSE:MWL,Mangalam Worldwide Limited,Equity,NSE+BSE,544764,INE0JYY01029,EQ,Materials,Steel,Micro,1280.0,,43.1,24.6,4.27,48.0,20.0,10.2,0.03,0.07,,160.5,,,,,,,1435430.0,175.7,
NSE:PUNJABCHEM,Punjab Chemicals & Crop Protection Limited,Equity,NSE+BSE,506618,INE277B01014,EQ,Materials,Chemicals,Micro,1275.0,,1040.0,19.5,3.01,1533.9,876.6,32.2,3.0,0.29,,36.4,,,,,,,15614.0,65.0,
NSE:CAPITALSFB,Capital Small Finance Bank Limited,Equity,NSE+BSE,544120,INE646H01017,EQ,Financial Services,Banks - Regional,Micro,1273.0,,279.9,8.5,0.85,323.7,206.55,13.5,5.0,1.8,10.5,,,,,,,,42758.0,214.4,
NSE:NAVKARCORP,Navkar Corporation Limited,Equity,NSE+BSE,539332,INE278M01019,EQ,Capital Goods,Integrated Freight & Logistics,Micro,1273.0,,84.6,31.8,0.65,131.36,74.05,35.6,0.0,,,9.1,,,,,,,641227.0,459.5,
NSE:SPIC,Southern Petrochemicals Industries Corporation  Limited,Equity,NSE+BSE,590030,INE147A01011,EQ,Materials,Agricultural Inputs,Micro,1269.0,,62.32,6.2,0.93,96.83,55.1,35.6,2.0,3.21,,51.3,,,,,,,373247.0,146.0,
NSE:IMPAL,India Motor Parts and Accessories Limited,Equity,NSE+BSE,590065,INE547E01014,EQ,Consumer Discretionary,Auto Parts,Micro,1265.0,,1014.0,12.9,0.55,1238.9,928.0,18.2,33.0,3.27,,,,,,,,,3787.0,26.4,
NSE:AGL,Allcargo Global Limited,Equity,NSE+BSE,544602,INE1YPB01014,EQ,Capital Goods,Integrated Freight & Logistics,Micro,1257.0,,12.79,,0.97,22.0,12.03,41.9,0.0,,,,,,,,,,4178884.0,234.5,
NSE:UGROCAP,Ugro Capital Limited,Equity,NSE+BSE,511742,INE583D01011,EQ,Financial Services,Credit Services,Micro,1255.0,,82.1,5.7,0.43,192.5,79.2,57.4,0.0,,,374.0,,,,,,,299422.0,122.6,
NSE:TGVSL,TGV Sraac Limited,Equity,NSE+BSE,507753,INE284B01028,EQ,Materials,Chemicals,Micro,1252.0,,116.9,9.0,,130.49,101.01,10.4,0.0,,,27.5,,,,,,,571656.0,376.8,
NSE:GNRL,Gujarat Natural Resources Limited,Equity,NSE+BSE,513536,INE207H01018,EQ,Oil Gas & Consumable Fuels,Oil & Gas E&P,Micro,1251.0,,97.46,79.2,7.02,119.4,94.21,18.4,0.0,,,6.4,,,,,,,382066.0,644.5,
NSE:PASHUPATI,Pashupati Cotspin Limited,Equity,NSE+BSE,544448,INE124Y01028,EQ,Consumer Discretionary,Textile Manufacturing,Micro,1247.0,,79.0,,7.3,118.35,67.75,33.2,0.05,0.06,,60.1,,,,,,,147336.0,640.5,
NSE:IGARASHI,Igarashi Motors India Limited,Equity,NSE+BSE,517380,INE188B01013,EQ,Consumer Discretionary,Auto Parts,Micro,1246.0,,396.0,75.7,2.67,558.0,271.05,29.0,1.3,0.33,,31.5,,,,,,,404479.0,268.8,
NSE:ONIXSOLAR,Onix Solar Energy Limited,Equity,NSE+BSE,513119,INE173M01012,EQ,Information Technology,Solar,Micro,1242.0,,337.0,20.8,1.08,464.2,262.45,27.4,0.0,,,4.7,,,,,,,343725.0,596.4,
NSE:ANDHRSUGAR,The Andhra Sugars Limited,Equity,NSE+BSE,590062,INE715B01021,EQ,Materials,Chemicals,Micro,1237.0,,91.24,11.9,0.74,107.23,66.5,14.9,1.0,1.1,,0.0,,,,,,,914342.0,281.1,
NSE:ANDREWYU,Andrew Yule & Company Limited,Equity,NSE+BSE,526173,INE449C01025,EQ,Fast Moving Consumer Goods,Farm Products,Micro,1237.0,,25.29,,3.82,31.35,24.1,19.3,0.0,,,37.3,,,,,,,102360.0,36.2,
NSE:ASALCBR,Associated Alcohols & Breweries Ltd.,Equity,NSE+BSE,507526,INE073G01016,EQ,Fast Moving Consumer Goods,Beverages - Wineries & Distilleries,Micro,1235.0,,615.0,14.5,1.69,1277.0,596.05,51.8,2.0,0.33,,9.9,,,,,,,33456.0,297.5,
NSE:GPTHEALTH,GPT Healthcare Limited,Equity,NSE+BSE,544131,INE486R01017,EQ,Healthcare,Medical Care Facilities,Micro,1224.0,,149.2,25.9,4.54,175.0,115.0,14.7,3.0,1.98,,33.8,,,,,,,159075.0,187.9,
NSE:GHCLTEXTIL,GHCL Textiles Limited,Equity,NSE+BSE,543918,INE0PA801013,EQ,Consumer Discretionary,Textile Manufacturing,Micro,1216.0,,127.2,12.6,0.81,144.59,65.26,12.0,0.6,0.46,,8.9,,,,,,,945143.0,595.3,
NSE:ALLTIME,All Time Plastics Limited,Equity,NSE+BSE,544479,INE0GV601021,EQ,Fast Moving Consumer Goods,Household & Personal Products,Micro,1213.0,,185.2,32.7,1.97,314.7,182.0,41.2,0.0,,,14.1,,,,,,,95189.0,249.4,
NSE:UNIENTER,Uniphos Enterprises Limited,Equity,NSE+BSE,500429,INE037A01022,EQ,Materials,Chemicals,Micro,1208.0,,86.85,29.1,0.25,158.0,86.6,45.0,3.5,4.02,,,,,,,,,10225.0,7.9,
NSE:DSSL,Dynacons Systems & Solutions Limited,Equity,NSE+BSE,532365,INE417B01040,EQ,Information Technology,Information Technology Services,Micro,1204.0,,945.0,14.2,3.8,1924.8,781.0,50.9,0.5,0.05,,75.0,,,,,,,30374.0,269.2,
NSE:GYFTR,Gyftr Limited,Equity,NSE+BSE,507912,INE724A01017,EQ,Capital Goods,Specialty Business Services,Micro,1199.0,,156.05,49.7,2.48,193.9,139.69,19.5,0.0,,5.2,0.3,,,,,,,81030.0,251.7,
NSE:DEN,Den Networks Limited,Equity,NSE+BSE,533137,INE947J01015,EQ,Media Entertainment & Telecom,Entertainment,Micro,1198.0,,25.12,8.1,0.31,35.95,22.52,30.1,0.0,,,0.5,,,,,,,354746.0,71.8,
NSE:IVALUE,Ivalue Infosolutions Limited,Equity,NSE+BSE,544523,INE056801025,EQ,Information Technology,Information Technology Services,Micro,1194.0,,218.55,11.5,2.1,340.0,200.88,35.7,0.0,,,12.2,,,,,,,293264.0,435.0,
NSE:ROTO,Roto Pumps Limited,Equity,NSE+BSE,517500,INE535D01037,EQ,Capital Goods,Specialty Industrial Machinery,Micro,1190.0,,62.98,42.8,4.94,80.77,47.5,22.0,0.19,0.3,,13.2,,,,,,,534491.0,235.8,
NSE:EKC,Everest Kanto Cylinder Limited,Equity,NSE+BSE,532684,INE184H01027,EQ,Capital Goods,Specialty Industrial Machinery,Micro,1188.0,,105.85,9.5,0.85,154.55,90.25,31.5,0.7,0.66,,19.1,,,,,,,566481.0,163.4,
NSE:ULTRAMAR,Ultramarine & Pigments Limited,Equity,NSE+BSE,506685,INE405A01021,EQ,Materials,Specialty Chemicals,Micro,1186.0,,406.3,12.9,1.36,455.75,364.1,10.9,6.0,1.48,,9.9,,,,,,,108028.0,1214.3,
NSE:ATULAUTO,Atul Auto Limited,Equity,NSE+BSE,531795,INE951D01028,EQ,Consumer Discretionary,Auto Manufacturers,Micro,1177.0,,424.0,24.9,2.43,596.55,380.05,28.9,6.0,1.41,,29.5,,,,,,,214266.0,2949.6,
NSE:CENTENKA,Century Enka Limited,Equity,NSE+BSE,500280,INE485A01015,EQ,Consumer Discretionary,Textile Manufacturing,Micro,1170.0,,535.5,8.0,0.78,671.65,371.2,20.3,11.0,2.05,,1.5,,,,,,,342295.0,157.3,
NSE:HMAAGRO,HMA Agro Industries Limited,Equity,NSE+BSE,543929,INE0ECP01024,EQ,Fast Moving Consumer Goods,Packaged Foods,Micro,1169.0,,23.35,5.5,1.24,34.24,19.09,31.8,0.3,1.37,,88.3,,,,,,,2634387.0,603.0,
NSE:GODAVARIB,Godavari Biorefineries Limited,Equity,NSE+BSE,544279,INE497S01012,EQ,Materials,Chemicals,Micro,1167.0,,227.95,4559.0,1.48,353.0,223.81,35.4,0.0,,,67.3,,,,,,,418697.0,174.7,
NSE:NIITLTD,NIIT Limited,Equity,NSE+BSE,500304,INE161A01038,EQ,Fast Moving Consumer Goods,Education & Training Services,Micro,1164.0,,85.0,125.0,1.1,111.1,49.0,23.5,1.0,1.18,,0.6,,,,,,,602770.0,140.8,
NSE:LINCOLN,Lincoln Pharmaceuticals Limited,Equity,NSE+BSE,531633,INE405C01035,EQ,Healthcare,Drug Manufacturers - Specialty & Generic,Micro,1162.0,,580.0,12.0,1.53,770.0,440.0,24.7,1.8,0.31,,0.6,,,,,,,46631.0,359.8,
NSE:IRISDOREME,Iris Clothings Limited,Equity,NSE,,INE01GN01025,EQ,Consumer Discretionary,Apparel Manufacturing,Micro,1158.0,,60.84,66.1,8.12,68.0,26.35,10.5,0.0,,,24.2,,,,,,,1042545.0,110.2,
NSE:EXCELINDUS,Excel Industries Limited,Equity,NSE+BSE,500650,INE369A01029,EQ,Materials,Specialty Chemicals,Micro,1158.0,,921.0,16.2,0.68,1168.0,800.05,21.1,13.75,1.49,,0.5,,,,,,,28719.0,141.9,
NSE:SHRIRAMPPS,Shriram Properties Limited,Equity,NSE+BSE,543419,INE217L01019,EQ,Realty,Real Estate - Development,Micro,1156.0,,67.75,12.7,0.79,99.44,60.57,31.9,0.0,,,42.2,,,,,,,486776.0,279.0,
NSE:HITECHGEAR,The Hi-Tech Gears Limited,Equity,NSE+BSE,522073,INE127B01011,BE,Consumer Discretionary,Auto Parts,Micro,1152.0,,612.0,58.5,2.2,897.45,521.25,31.8,4.0,0.66,,34.9,,,,,,,2939.0,15.6,
NSE:ALLDIGI,Alldigi Tech Limited,Equity,NSE+BSE,532633,INE835G01018,EQ,Capital Goods,Specialty Business Services,Micro,1151.0,,755.25,13.5,4.59,1000.0,700.0,24.5,60.0,7.93,,68.0,,,,,,,9844.0,50.7,
NSE:BIRLACABLE,Birla Cable Limited,Equity,NSE+BSE,500060,INE800A01015,EQ,Information Technology,Communication Equipment,Micro,1146.0,,382.0,24.8,4.08,418.8,104.0,8.8,1.25,0.33,,47.2,,,,,,,254314.0,1510.7,
NSE:MMP,MMP Industries Limited,Equity,NSE,,INE511Y01018,EQ,Materials,Aluminum,Micro,1146.0,,451.1,22.9,3.31,498.0,185.2,9.4,2.0,0.44,,53.3,,,,,,,101127.0,504.2,
NSE:ONIDA,Onida Electronics Limited,Equity,NSE+BSE,500279,INE831A01028,EQ,Consumer Discretionary,"Furnishings, Fixtures & Appliances",Micro,1138.0,,30.8,,4.79,49.23,21.5,37.4,0.0,,,32.6,,,,,,,420267.0,124.0,
NSE:BLKASHYAP,B. L. Kashyap and Sons Limited,Equity,NSE+BSE,532719,INE350H01032,EQ,Capital Goods,Engineering & Construction,Micro,1134.0,,50.3,1676.7,2.13,63.79,40.32,21.1,0.0,,,56.8,,,,,,,665059.0,248.6,
NSE:ARIS,Arisinfra Solutions Limited,Equity,NSE+BSE,544419,INE0H9P01028,EQ,Capital Goods,Engineering & Construction,Micro,1130.0,,138.15,16.5,1.53,178.3,82.18,22.5,0.0,,,9.4,,,,,,,1668978.0,1512.0,
NSE:RAJRILTD,Raj Rayon Industries Limited,Equity,NSE+BSE,530699,INE533D01032,BE,Consumer Discretionary,Textile Manufacturing,Micro,1130.0,,20.06,46.7,8.57,27.82,19.41,27.9,0.0,,,142.2,,,,,,,12848.0,4.0,
NSE:NRAIL,N R Agarwal Industries Limited,Equity,NSE+BSE,516082,INE740D01017,EQ,Materials,Paper & Paper Products,Micro,1123.0,,660.05,18.1,1.38,706.4,385.0,6.6,2.0,0.3,,100.6,,,,,,,26335.0,145.2,
NSE:AKCAPIT,AK Capital Services Limited,Equity,NSE+BSE,530499,INE701G01012,EQ,Financial Services,Capital Markets,Micro,1118.0,,1693.3,9.8,1.07,1800.0,1644.2,5.9,34.0,1.98,,272.9,,,,,,,1331.0,11.3,
NSE:GANDHITUBE,Gandhi Special Tubes Limited,Equity,NSE+BSE,513108,INE524B01027,EQ,Capital Goods,Metal Fabrication,Micro,1115.0,,988.0,16.1,3.8,1046.6,681.05,5.6,15.0,1.54,,0.0,,,,,,,13806.0,302.5,
NSE:DOLATALGO,Dolat Algotech Limited,Equity,NSE+BSE,505526,INE966A01022,EQ,Financial Services,Capital Markets,Micro,1114.0,,63.29,7.7,0.99,95.76,62.15,33.9,0.1,0.16,,25.1,,,,,,,135786.0,77.4,
NSE:ZSARACOM,Saraswati Commercial India Limited,Equity,NSE+BSE,512020,INE967G01019,EQ,Financial Services,Asset Management,Micro,1112.0,,10149.0,8.7,1.01,13418.0,9801.0,24.4,0.0,,,0.0,,,,,,,55.0,2.3,
NSE:PLATIND,Platinum Industries Limited,Equity,NSE+BSE,544134,INE0PT501018,EQ,Materials,Specialty Chemicals,Micro,1112.0,,202.5,22.1,2.51,300.25,183.5,32.6,0.0,,,2.3,,,,,,,86511.0,104.5,
NSE:TEMBO,Tembo Global Industries Limited,Equity,NSE,,INE869Y01028,EQ,Capital Goods,Metal Fabrication,Micro,1107.0,,57.2,10.3,1.88,83.7,43.34,31.7,0.2,0.35,,78.4,,,,,,,2077118.0,546.1,
NSE:DHAMPURSUG,Dhampur Sugar Mills Limited,Equity,NSE+BSE,500119,INE041A01016,EQ,Fast Moving Consumer Goods,Confectioners,Micro,1106.0,,172.0,15.8,0.92,199.92,110.0,14.0,4.0,2.34,5.6,75.0,,,,,,,895915.0,1074.2,
NSE:COMSYN,Commercial Syn Bags Limited,Equity,NSE+BSE,539986,INE073V01015,EQ,Consumer Discretionary,Packaging & Containers,Micro,1105.0,,263.5,37.2,5.92,315.4,136.44,16.5,0.5,0.19,,72.4,,,,,,,959527.0,838.0,
NSE:SULA,Sula Vineyards Limited,Equity,NSE+BSE,543711,INE142Q01026,EQ,Fast Moving Consumer Goods,Beverages - Wineries & Distilleries,Micro,1102.0,,130.5,44.2,1.88,266.65,130.0,51.1,2.0,1.53,,56.7,,,,,,,424238.0,334.8,
NSE:BHARATWIRE,Bharat Wire Ropes Limited,Equity,NSE+BSE,539799,INE316L01019,EQ,Materials,Steel,Micro,1099.0,,159.8,22.1,1.35,262.0,148.01,39.0,0.0,,,9.2,,,,,,,187371.0,353.6,
NSE:VHL,Vardhman Holdings Limited,Equity,NSE+BSE,500439,INE701A01023,EQ,Financial Services,Asset Management,Micro,1098.0,,3440.0,4.4,0.29,4275.0,2870.0,19.5,5.0,0.15,,,,,,,,,743.0,34.9,
NSE:BALAJITELE,Balaji Telefilms Limited,Equity,NSE+BSE,532382,INE794B01026,EQ,Media Entertainment & Telecom,Entertainment,Micro,1097.0,,90.0,,1.73,133.23,69.52,32.4,0.0,,,3.0,,,,,,,255757.0,344.7,
NSE:LGHL,Laxmi Goldorna House Limited,Equity,NSE,,INE258Y01016,EQ,Consumer Discretionary,Luxury Goods,Micro,1097.0,,219.0,,15.53,395.31,168.0,44.6,0.0,,,153.4,,,,,,,22469.0,323.1,
NSE:TNPETRO,Tamilnadu PetroProducts Limited,Equity,NSE+BSE,500777,INE148A01019,EQ,Materials,Specialty Chemicals,Micro,1091.0,,121.3,7.7,1.07,146.99,78.67,17.5,1.5,1.22,,45.7,,,,,,,1489677.0,1132.6,
NSE:SIGACHI,Sigachi Industries Limited,Equity,NSE+BSE,543389,INE0D0K01022,EQ,Healthcare,Drug Manufacturers - Specialty & Generic,Micro,1088.0,,28.44,42.4,2.1,40.85,16.65,30.4,0.1,0.35,,30.7,,,,,,,3390249.0,630.0,
NSE:DIGITIDE,Digitide Solutions Limited,Equity,NSE+BSE,544413,INE0U4701011,EQ,Capital Goods,Specialty Business Services,Micro,1087.0,,72.87,,1.3,185.92,69.9,60.8,0.0,,,57.9,,,,,,,1595129.0,229.4,
NSE:KALAMANDIR,Sai Silks (Kalamandir) Limited,Equity,NSE+BSE,543989,INE438K01021,EQ,Consumer Discretionary,Apparel Retail,Micro,1086.0,,73.68,8.0,0.86,223.03,73.1,67.0,1.5,2.02,,28.7,,,,,,,554282.0,364.7,
NSE:SOLARWORLD,Solarworld Energy Solutions Limited,Equity,NSE+BSE,544532,INE0TY101024,EQ,Information Technology,Solar,Micro,1085.0,,125.2,8.6,1.28,350.0,123.35,64.2,0.0,,,30.1,,,,,,,641917.0,569.9,
NSE:MONTECARLO,Monte Carlo Fashions Limited,Equity,NSE+BSE,538836,INE950M01013,EQ,Consumer Discretionary,Apparel Manufacturing,Micro,1084.0,,522.8,10.3,1.19,860.95,464.0,39.3,20.0,3.83,,64.0,,,,,,,63238.0,139.0,
NSE:NRL,Nupur Recyclers Limited,Equity,NSE,,INE0JM501013,BE,Capital Goods,Waste Management,Micro,1082.0,,156.61,63.4,8.06,167.26,45.1,6.4,0.0,,,22.7,,,,,,,100629.0,88.0,
NSE:BAJAJHCARE,Bajaj Healthcare Limited,Equity,NSE+BSE,539872,INE411U01027,EQ,Healthcare,Drug Manufacturers - Specialty & Generic,Micro,1081.0,,321.0,45.8,1.92,506.45,272.35,36.6,1.5,0.46,,46.7,,,,,,,220779.0,411.4,
NSE:FINOPB,Fino Payments Bank Limited,Equity,NSE+BSE,543386,INE02NC01014,EQ,Financial Services,Banks - Regional,Micro,1080.0,,129.8,51.7,1.35,339.0,110.03,61.7,0.0,,,,,,,,,,2931785.0,185.0,
NSE:ONEGLOBAL,One Global Service Provider Limited,Equity,NSE+BSE,514330,INE670O01013,EQ,Healthcare,Pharmaceutical Retailers,Micro,1079.0,,532.9,14.1,7.37,580.0,494.0,8.1,1.0,0.19,,0.0,,,,,,,15744.0,40.7,
NSE:SUBEXLTD,Subex Limited,Equity,NSE+BSE,532348,INE754A01055,EQ,Information Technology,Software - Application,Micro,1078.0,,19.42,36.0,3.14,22.8,6.61,14.8,0.0,,,8.2,,,,,,,8005673.0,2043.5,
NSE:UNITEDPOLY,United Polyfab Gujarat Limited,Equity,NSE+BSE,544756,INE368U01029,EQ,Consumer Discretionary,Textile Manufacturing,Micro,1078.0,,46.99,41.2,8.07,48.0,20.6,2.1,0.0,,,80.2,,,,,,,146833.0,46.7,
NSE:SKMEGGPROD,SKM Egg Products Export (India) Limited,Equity,NSE+BSE,532143,INE411D01023,EQ,Fast Moving Consumer Goods,Packaged Foods,Micro,1073.0,,203.6,9.6,2.71,372.0,143.1,45.3,1.25,0.61,,35.9,,,,,,,538258.0,443.7,
NSE:MICEL,MIC Electronics Limited,Equity,NSE+BSE,532850,INE287C01037,BE,Information Technology,Electronic Components,Micro,1072.0,,36.0,,4.02,61.59,29.97,41.5,0.0,,,21.7,,,,,,,175307.0,40.6,
NSE:DHANBANK,Dhanlaxmi Bank Limited,Equity,NSE+BSE,532180,INE680A01011,EQ,Financial Services,Banks - Regional,Micro,1070.0,,27.12,9.3,0.71,36.85,19.45,26.4,0.0,,7.9,,,,,,,,1361296.0,297.2,
NSE:JYOTISTRUC,Jyoti Structures Limited,Equity,NSE+BSE,513250,INE197A01024,EQ,Capital Goods,Specialty Industrial Machinery,Micro,1070.0,,8.96,16.6,2.25,15.49,7.94,42.2,0.0,,,439.0,,,,,,,4893111.0,340.3,
NSE:LAXMIDENTL,Laxmi Dental Limited,Equity,NSE+BSE,544339,INE0WO601020,EQ,Healthcare,Medical Instruments & Supplies,Micro,1062.0,,193.05,34.5,4.37,344.8,155.88,44.0,0.0,,,5.3,,,,,,,101961.0,117.5,
NSE:IRMENERGY,IRM Energy Limited,Equity,NSE+BSE,544004,INE07U701015,EQ,Power,Utilities - Regulated Gas,Micro,1061.0,,258.45,14.5,1.06,377.0,165.4,31.4,1.5,0.58,,7.3,,,,,,,98306.0,155.4,
NSE:ASTAR,Asian Star Company Limited,Equity,NSE+BSE,531847,INE194D01017,EQ,Consumer Discretionary,Luxury Goods,Micro,1060.0,,662.0,31.9,0.64,848.0,485.0,21.9,1.5,0.23,,29.8,,,,,,,1251.0,2.2,
NSE:KAMDHENU,Kamdhenu Limited,Equity,NSE+BSE,532741,INE390H01020,EQ,Materials,Steel,Micro,1060.0,,37.6,12.6,2.67,43.7,16.15,14.0,0.4,1.06,,2.4,,,,,,,905292.0,415.8,
NSE:PRECAM,Precision Camshafts Limited,Equity,NSE+BSE,539636,INE484I01029,EQ,Consumer Discretionary,Auto Parts,Micro,1059.0,,111.5,25.9,1.27,205.9,103.98,45.8,1.0,0.91,,6.5,,,,,,,142643.0,486.1,
NSE:STEL,Stel Holdings Limited,Equity,NSE+BSE,533316,INE577L01016,EQ,Financial Services,Asset Management,Micro,1059.0,,574.0,54.6,0.66,689.95,380.0,16.8,0.0,,,,,,,,,,4417.0,15.0,
NSE:ADROITIND,Adroit Industries (India) Limited,Equity,NSE+BSE,544950,INE505M01015,BE,Consumer Discretionary,Auto Parts,Micro,1057.0,,235.98,40.5,6.4,258.8,235.0,8.8,0.0,,22.5,40.9,,,,,,,3033376.0,5626.7,
NSE:JINDALPHOT,Jindal Photo Limited,Equity,NSE+BSE,532624,INE796G01012,EQ,Financial Services,Asset Management,Micro,1056.0,,1025.1,,1.03,1616.6,971.1,36.6,0.0,,,6.3,,,,,,,5208.0,8.1,
NSE:FAZE3Q,Faze Three Limited,Equity,NSE+BSE,530079,INE963C01033,EQ,Consumer Discretionary,Textile Manufacturing,Micro,1055.0,,434.8,34.7,2.34,650.05,322.1,33.1,0.0,,,60.9,,,,,,,31688.0,101.7,
NSE:UTTAMSUGAR,Uttam Sugar Mills Limited,Equity,NSE+BSE,532729,INE786F01031,EQ,Fast Moving Consumer Goods,Confectioners,Micro,1053.0,,276.0,12.1,1.2,359.3,181.1,23.2,2.5,0.91,,81.2,,,,,,,344007.0,520.3,
NSE:THEMISMED,Themis Medicare Limited,Equity,NSE+BSE,530199,INE083B01024,EQ,Healthcare,Drug Manufacturers - Specialty & Generic,Micro,1052.0,,113.25,26.1,2.63,147.0,64.95,23.0,0.5,0.44,,25.1,,,,,,,230002.0,78.9,
NSE:ORIENTTECH,Orient Technologies Limited,Equity,NSE+BSE,544235,INE0PPK01015,EQ,Information Technology,Information Technology Services,Micro,1052.0,,229.7,,3.13,466.73,220.8,50.8,0.0,,,18.6,,,,,,,814181.0,179.3,
NSE:NELCAST,Nelcast Limited,Equity,NSE+BSE,532864,INE189I01024,EQ,Capital Goods,Metal Fabrication,Micro,1049.0,,120.25,25.5,1.75,173.2,85.98,30.6,0.7,0.58,,42.9,,,,,,,292939.0,332.6,
NSE:BIRLANU,BirlaNu Limited,Equity,NSE+BSE,509675,INE557A01011,EQ,Capital Goods,Building Products & Equipment,Micro,1048.0,,1390.0,,0.94,1999.0,1190.1,30.5,15.0,1.08,,100.1,,,,,,,21140.0,97.4,
NSE:MUNJALAU,Munjal Auto Industries Limited,Equity,NSE+BSE,520059,INE672B01032,EQ,Consumer Discretionary,Auto Parts,Micro,1043.0,,104.3,20.8,2.33,130.6,67.2,20.1,1.0,0.96,,90.7,,,,,,,2566723.0,1281.4,
NSE:RUPA,Rupa & Company Limited,Equity,NSE+BSE,533552,INE895B01021,EQ,Consumer Discretionary,Apparel Manufacturing,Micro,1042.0,,130.98,13.8,0.98,209.9,109.21,37.6,3.0,2.3,,24.2,,,,,,,168991.0,243.3,
NSE:DAMCAPITAL,Dam Capital Advisors Limited,Equity,NSE+BSE,544316,INE284H01025,EQ,Financial Services,Capital Markets,Micro,1039.0,,147.0,14.3,2.77,286.0,119.22,48.6,1.0,0.68,,25.4,,,,,,,742865.0,655.0,
NSE:HARIOMPIPE,Hariom Pipe Industries Limited,Equity,NSE+BSE,543517,INE00EV01017,EQ,Materials,Steel,Micro,1033.0,,333.6,15.0,1.6,485.05,268.05,31.2,0.75,0.23,,62.2,,,,,,,210016.0,340.5,
NSE:GAYAPROJ,Gayatri Projects Limited,Equity,NSE+BSE,532767,INE336H01023,EQ,Capital Goods,Engineering & Construction,Micro,1033.0,,22.25,0.2,0.69,27.33,10.99,18.6,0.0,,,51.3,,,,,,,753073.0,99.8,
NSE:PRIMESECU,Prime Securities Limited,Equity,NSE+BSE,500337,INE032B01021,EQ,Financial Services,Capital Markets,Micro,1032.0,,304.0,152.8,3.31,325.0,253.1,6.5,1.5,0.5,,0.6,,,,,,,36673.0,127.5,
NSE:GREENPOWER,Orient Green Power Company Limited,Equity,NSE+BSE,533263,INE999K01014,EQ,Power,Utilities - Independent Power Producers,Micro,1031.0,,8.79,16.3,0.89,14.93,7.98,41.1,0.0,,,45.4,,,,,,,2709764.0,130.1,
NSE:AFSL,Abans Financial Services Limited,Equity,NSE+BSE,543712,INE00ZE01026,EQ,Financial Services,Capital Markets,Micro,1029.0,,201.0,7.6,0.81,227.0,194.41,11.5,0.0,,,55.8,,,,,,,12685.0,66.0,
NSE:APEX,Apex Frozen Foods Limited,Equity,NSE+BSE,540692,INE346W01013,EQ,Fast Moving Consumer Goods,Farm Products,Micro,1028.0,,328.95,20.0,1.95,514.5,219.86,36.1,2.5,0.77,,1.1,,,,,,,297287.0,406.7,
NSE:UNITECH,Unitech Limited,Equity,NSE+BSE,507878,INE694A01020,EQ,Realty,Real Estate - Diversified,Micro,1028.0,,3.93,,-0.11,7.93,3.1,50.4,0.0,,,,,,,,,,4495467.0,124.5,
NSE:CREST,Crest Ventures Limited,Equity,NSE+BSE,511413,INE559D01011,EQ,Financial Services,Financial Conglomerates,Micro,1026.0,,363.0,31.3,0.79,418.0,298.15,13.2,1.0,0.28,,15.4,,,,,,,4774.0,12.0,
NSE:MATRIMONY,Matrimony.Com Limited,Equity,NSE+BSE,540704,INE866R01028,EQ,Media Entertainment & Telecom,Internet Content & Information,Micro,1026.0,,496.2,23.3,4.97,573.0,364.05,13.4,5.0,1.01,,23.9,,,,,,,47800.0,98.1,
NSE:ARIHANT,Arihant Foundations & Housing Limited,Equity,NSE+BSE,531381,INE413D01011,EQ,Realty,Real Estate - Development,Micro,1020.0,,939.4,14.8,2.52,1225.0,39.65,23.3,0.0,,,107.6,,,,,,,5171.0,5.1,
NSE:TNPL,Tamil Nadu Newsprint & Papers Limited,Equity,NSE+BSE,531426,INE107A01015,EQ,Materials,Paper & Paper Products,Micro,1019.0,,147.25,3.9,0.44,166.66,121.51,11.6,4.0,2.71,,69.6,,,,,,,318659.0,200.2,
NSE:BOROSCI,Borosil Scientific Limited,Equity,NSE+BSE,544184,INE02L001032,EQ,Consumer Discretionary,Packaging & Containers,Micro,1018.0,,114.4,23.6,2.31,180.8,96.64,36.7,0.0,,,2.0,,,,,,,89074.0,81.7,
NSE:KRISHIVAL,Krishival Foods Limited,Equity,NSE+BSE,544416,INE0GGO01015,EQ,Fast Moving Consumer Goods,Packaged Foods,Micro,1012.0,,395.0,42.8,4.61,508.0,282.3,22.2,0.35,0.09,,18.1,,,,,,,29259.0,42.6,
NSE:RMDRIP,R M Drip and Sprinklers Systems Limited,Equity,NSE+BSE,544456,INE219Y01026,BE,Capital Goods,Farm & Heavy Construction Machinery,Micro,1011.0,,23.6,28.8,5.32,72.22,14.81,67.3,0.03,0.13,,47.6,,,,,,,831865.0,153.6,
NSE:FINKURVE,Finkurve Financial Services Limited,Equity,NSE+BSE,508954,INE734I01027,EQ,Financial Services,Credit Services,Micro,1011.0,,72.15,34.9,2.9,134.9,48.02,46.5,0.0,,,244.3,,,,,,,140885.0,60.2,
NSE:SYSTMTXC,Systematix Corporate Services Limited,Equity,NSE+BSE,526506,INE356B01024,BE,Financial Services,Capital Markets,Micro,1011.0,,73.96,,3.23,177.9,51.89,58.4,0.1,0.14,,6.1,,,,,,,10161.0,4.3,
NSE:MVGJL,Manoj Vaibhav Gems N Jewellers Limited,Equity,NSE+BSE,543995,INE0KNT01012,EQ,Consumer Discretionary,Luxury Goods,Micro,1008.0,,206.3,8.3,1.21,233.99,129.1,11.8,0.0,,,58.9,,,,,,,326004.0,645.8,
NSE:MASTERTR,Master Trust Limited,Equity,NSE+BSE,511768,INE677D01037,EQ,Financial Services,Capital Markets,Micro,1007.0,,81.87,7.5,1.2,164.5,55.6,50.2,0.0,,,27.8,,,,,,,1417739.0,149.9,
NSE:JYOTIRES,Jyoti Resins & Adhesives Limited,Equity,NSE+BSE,514448,INE577D01013,EQ,Materials,Specialty Chemicals,Micro,1005.0,,837.4,15.4,3.43,911.0,821.2,8.1,9.0,1.07,,,,,,,,,9344.0,44.0,
NSE:RIIL,Reliance Industrial Infrastructure Limited,Equity,NSE+BSE,523445,INE046A01015,EQ,Capital Goods,Engineering & Construction,Micro,1004.0,,665.05,82.4,2.12,964.0,617.35,31.0,3.5,0.52,,,,,,,,,66515.0,252.1,
NSE:GULPOLY,Gulshan Polyols Limited,Equity,NSE+BSE,532457,INE255D01024,EQ,Materials,Chemicals,Micro,1002.0,,161.2,6.8,1.4,227.63,121.5,29.2,1.5,0.93,,43.5,,,,,,,547076.0,148.7,
NSE:AWHCL,Antony Waste Handling Cell Limited,Equity,NSE+BSE,543254,INE01BK01022,EQ,Capital Goods,Waste Management,Micro,1000.0,,352.5,17.1,1.35,605.0,337.55,41.7,0.5,0.14,,50.1,,,,,,,219078.0,327.0,
NSE:MAMATA,Mamata Machinery Limited,Equity,NSE+BSE,544318,INE0TO701015,EQ,Capital Goods,Specialty Industrial Machinery,Micro,996.0,,404.9,111.2,5.38,463.45,297.0,12.6,0.5,0.13,,4.5,,,,,,,73563.0,250.2,
NSE:SEKURITIND,Saint Gobain Sekurit India Limited,Equity,NSE+BSE,515043,INE068B01017,EQ,Consumer Discretionary,Auto Parts,Micro,993.0,,109.01,22.3,4.08,124.65,105.05,12.5,0.0,,,0.5,,,,,,,24846.0,29.2,
NSE:ESTER,Ester Industries Limited,Equity,NSE+BSE,500136,INE778B01029,EQ,Materials,Specialty Chemicals,Micro,992.0,,95.1,,1.18,132.45,68.55,28.2,0.25,0.26,,93.1,,,,,,,207759.0,804.4,
NSE:INDOAMIN,Indo Amines Limited,Equity,NSE+BSE,524648,INE760F01028,EQ,Materials,Chemicals,Micro,991.0,,136.49,12.4,2.61,152.65,81.9,10.6,0.5,0.37,,78.9,,,,,,,83192.0,406.3,
NSE:SWARAJ,Swaraj Suiting Limited,Equity,NSE+BSE,544861,INE0GMR01016,BE,Consumer Discretionary,Textile Manufacturing,Micro,991.0,,375.0,15.2,2.47,395.0,160.1,5.1,0.0,,,96.1,,,,,,,173344.0,147.6,
NSE:ICEMAKE,Ice Make Refrigeration Limited,Equity,NSE,,INE520Y01019,EQ,Capital Goods,Specialty Industrial Machinery,Micro,989.0,,626.65,82.3,7.43,920.0,602.0,31.9,2.25,0.36,,119.5,,,,,,,33980.0,193.5,
NSE:CONTROLPR,Control Print Limited,Equity,NSE+BSE,522295,INE663B01015,EQ,Capital Goods,Business Equipment & Supplies,Micro,988.0,,617.5,25.4,2.18,824.6,517.0,25.1,10.0,1.62,,1.5,,,,,,,45459.0,343.7,
NSE:DVL,Dhunseri Ventures Limited,Equity,NSE+BSE,523736,INE477B01010,EQ,Financial Services,Capital Markets,Micro,988.0,,282.0,5.2,0.3,375.9,186.99,25.0,5.0,1.79,,29.0,,,,,,,28520.0,34.1,
NSE:GRPLTD,GRP Limited,Equity,NSE+BSE,509152,INE137I01015,EQ,Consumer Discretionary,Auto Parts,Micro,987.0,,1850.6,174.1,5.53,2300.1,1500.0,19.5,3.5,0.18,,116.3,,,,,,,2399.0,31.4,
NSE:SEPC,SEPC Limited,Equity,NSE+BSE,532945,INE964H01014,EQ,Capital Goods,Engineering & Construction,Micro,985.0,,5.07,39.0,0.52,12.24,4.65,58.6,0.0,,,18.4,,,,,,,14525940.0,609.7,
NSE:VHLTD,Viceroy Hotels Limited,Equity,NSE+BSE,523796,INE048C01025,BE,Consumer Discretionary,Lodging,Micro,981.0,,127.7,38.3,3.23,155.36,112.98,17.8,0.0,,,98.9,,,,,,,39291.0,21.3,
NSE:ARIHANTCAP,Arihant Capital Markets Limited,Equity,NSE+BSE,511605,INE420B01036,EQ,Financial Services,Capital Markets,Micro,973.0,,88.8,24.6,2.01,120.0,56.97,26.0,0.5,0.56,,55.4,,,,,,,597107.0,161.7,
NSE:SHREDIGCEM,Shree Digvijay Cement Co.Ltd,Equity,NSE+BSE,502180,INE232A01011,EQ,Materials,Building Materials,Micro,971.0,,65.62,53.8,2.65,97.15,53.9,32.5,1.0,1.5,,140.5,,,,,,,90941.0,59.9,
NSE:OCCLLTD,OCCL Limited,Equity,NSE+BSE,544278,INE0PK601023,BE,Materials,Chemicals,Micro,967.0,,193.5,12.9,,195.5,75.71,1.0,2.8,1.45,,,,,,,,,86873.0,350.5,
NSE:BUTTERFLY,Butterfly Gandhimathi Appliances Limited,Equity,NSE+BSE,517421,INE295F01017,EQ,Consumer Discretionary,"Furnishings, Fixtures & Appliances",Micro,966.0,,540.45,20.1,2.6,823.85,522.25,34.4,0.0,,,2.1,,,,,,,35240.0,197.9,
NSE:WEL,Wonder Electricals Limited,Equity,NSE+BSE,543449,INE02WG01024,EQ,Consumer Discretionary,"Furnishings, Fixtures & Appliances",Micro,962.0,,71.79,79.8,10.75,183.53,68.01,60.9,0.2,0.28,,107.8,,,,,,,3462959.0,134.4,
NSE:SURAJEST,Suraj Estate Developers Limited,Equity,NSE+BSE,544054,INE843S01025,EQ,Realty,Real Estate - Development,Micro,958.0,,199.88,10.1,0.93,319.0,165.0,37.3,0.0,,,65.0,,,,,,,172525.0,214.6,
NSE:JPOLYINVST,Jindal Poly Investment and Finance Company Limited,Equity,NSE+BSE,536773,INE147P01019,EQ,Financial Services,Asset Management,Micro,957.0,,910.05,1.2,0.6,1487.7,852.1,38.8,0.0,,,1.5,,,,,,,12586.0,48.2,
NSE:WCIL,Western Carriers (India) Limited,Equity,NSE+BSE,544258,INE0CJF01024,EQ,Capital Goods,Integrated Freight & Logistics,Micro,956.0,,93.72,26.0,1.1,138.29,77.02,32.2,0.0,,,26.0,,,,,,,102402.0,66.8,
NSE:SGIL,Synergy Green Industries Limited,Equity,NSE+BSE,541929,INE00QT01015,EQ,Capital Goods,Metal Fabrication,Micro,953.0,,613.3,,8.58,697.95,420.0,12.1,1.0,0.17,,225.4,,,,,,,13035.0,115.1,
NSE:PREMIERPOL,Premier Polyfilm Limited,Equity,NSE+BSE,514354,INE309M01020,EQ,Materials,Specialty Chemicals,Micro,953.0,,91.0,27.2,6.47,106.0,38.0,14.2,0.15,0.17,,16.7,,,,,,,787781.0,303.2,
NSE:TIRUPATIFL,Tirupati Forge Limited,Equity,NSE,,INE319Y01024,BE,Capital Goods,Metal Fabrication,Micro,952.0,,75.16,159.9,7.14,83.9,30.11,10.4,0.0,,,31.1,,,,,,,511222.0,106.0,
NSE:RAJOOENG,Rajoo Engineers Limited,Equity,NSE+BSE,522257,INE535F01024,BE,Capital Goods,Specialty Industrial Machinery,Micro,951.0,,53.2,19.8,2.79,95.06,46.0,44.0,0.15,0.28,,6.8,,,,,,,202079.0,103.3,
NSE:CENTRUM,Centrum Capital Limited,Equity,NSE+BSE,501150,INE660C01027,EQ,Financial Services,Financial Conglomerates,Micro,949.0,,19.99,,3.12,35.9,18.71,44.3,0.0,,,1218.7,,,,,,,401331.0,117.9,
NSE:ELECTHERM,Electrotherm (India) Limited,Equity,NSE+BSE,526608,INE822G01016,EQ,Materials,Steel,Micro,948.0,,743.95,,-6.16,1277.0,551.0,41.7,0.0,,,,,,,,,,23543.0,130.4,
NSE:RSWM,RSWM Limited,Equity,NSE+BSE,500350,INE611A01016,EQ,Consumer Discretionary,Textile Manufacturing,Micro,947.0,,201.0,15.0,0.7,238.0,120.0,15.5,0.0,,3.9,124.0,,,,,,,61634.0,96.8,
NSE:WEALTH,Wealth First Portfolio Managers Limited,Equity,NSE+BSE,544536,INE658T01017,EQ,Financial Services,Capital Markets,Micro,943.0,,885.2,28.6,6.27,1237.9,774.95,28.5,9.0,1.01,,,,,,,,,3286.0,37.6,
NSE:SALZERELEC,Salzer Electronics Limited,Equity,NSE+BSE,517059,INE457F01013,EQ,Capital Goods,Electrical Equipment & Parts,Micro,939.0,,531.0,21.5,1.58,952.5,488.8,44.3,2.5,0.47,,88.8,,,,,,,47724.0,196.9,
NSE:UNIECOM,Unicommerce Esolutions Limited,Equity,NSE+BSE,544227,INE00U401027,EQ,Information Technology,Software - Application,Micro,932.0,,82.97,45.3,5.04,147.0,78.51,43.6,0.0,,,4.9,,,,,,,644642.0,168.9,
NSE:SRHHYPOLTD,Sree Rayalaseema Hi-Strength Hypo Limited,Equity,NSE+BSE,532842,INE917H01012,EQ,Materials,Chemicals,Micro,931.0,,542.3,9.9,0.96,670.0,382.4,19.1,3.0,0.55,,1.2,,,,,,,24387.0,138.7,
NSE:CONSOFINVT,Consolidated Finvest & Holdings Limited,Equity,NSE,,INE025A01027,BE,Financial Services,Capital Markets,Micro,931.0,,288.0,17.2,0.8,320.0,152.0,10.0,1.47,0.53,,,,,,,,,17417.0,63.6,
NSE:ARIHANTSUP,Arihant Superstructures Limited,Equity,NSE+BSE,506194,INE643K01018,EQ,Realty,Real Estate - Development,Micro,930.0,,215.0,21.8,2.56,465.0,188.8,53.8,0.25,0.12,,194.3,,,,,,,18134.0,13.4,
NSE:BCLIND,Bcl Industries Limited,Equity,NSE+BSE,524332,INE412G01024,EQ,Fast Moving Consumer Goods,Beverages - Wineries & Distilleries,Micro,924.0,,31.31,7.9,1.02,41.7,25.53,24.9,0.35,1.12,,59.8,,,,,,,1925578.0,164.8,
NSE:MADRASFERT,Madras Fertilizers Limited,Equity,NSE+BSE,590134,INE414A01015,EQ,Materials,Agricultural Inputs,Micro,923.0,,57.31,13.0,10.01,86.95,52.56,34.1,0.0,,,689.6,,,,,,,74562.0,11.0,
NSE:AMNPLST,Amines & Plasticizers Limited,Equity,NSE,,INE275D01022,EQ,Materials,Chemicals,Micro,918.0,,166.79,23.8,3.14,250.0,127.0,33.3,0.5,0.3,,9.3,,,,,,,12346.0,7.5,
NSE:MAXIND,Max India Limited,Equity,NSE+BSE,543223,INE0CG601016,EQ,Healthcare,Medical Care Facilities,Micro,918.0,,163.0,,2.1,225.01,120.0,27.6,0.0,,,23.6,,,,,,,138074.0,116.8,
NSE:GKWLIMITED,GKW Limited,Equity,NSE,,INE528A01020,EQ,Capital Goods,Specialty Business Services,Micro,913.0,,1530.0,,0.35,1985.4,1375.0,22.9,0.0,,,0.0,,,,,,,967.0,85.4,
NSE:JARO,Jaro Institute of Technology Management and Research Limited,Equity,NSE+BSE,544534,INE00YJ01010,EQ,Fast Moving Consumer Goods,Education & Training Services,Micro,912.0,,409.5,15.5,2.47,790.0,383.5,48.2,6.0,1.47,,2.2,,,,,,,112081.0,412.0,
NSE:PDMJEPAPER,Pudumjee Paper Products Limited,Equity,NSE+BSE,539785,INE865T01018,EQ,Materials,Paper & Paper Products,Micro,912.0,,96.0,10.0,1.36,125.98,65.0,23.8,0.6,0.63,,6.4,,,,,,,332857.0,197.3,
NSE:NAHARSPING,Nahar Spinning Mills Limited,Equity,NSE+BSE,500296,INE290A01027,EQ,Consumer Discretionary,Textile Manufacturing,Micro,912.0,,253.0,11.6,0.61,349.0,149.2,27.5,1.0,0.39,,65.0,,,,,,,37673.0,49.5,
NSE:SRM,SRM Contractors Limited,Equity,NSE+BSE,544158,INE0R6Z01013,EQ,Capital Goods,Engineering & Construction,Micro,910.0,,396.55,7.7,2.45,649.95,361.35,39.0,0.0,,,32.6,,,,,,,78153.0,191.2,
NSE:WELINV,Welspun Investments and Commercials Limited,Equity,NSE+BSE,533252,INE389K01018,BE,Financial Services,Capital Markets,Micro,909.0,,2478.0,290.8,1.35,2499.9,1025.0,0.9,0.0,,0.4,,,,,,,,2585.0,1.3,
NSE:SWELECTES,Swelect Energy Systems Limited,Equity,NSE+BSE,532051,INE409B01013,EQ,Information Technology,Solar,Micro,909.0,,585.3,21.3,0.96,977.0,483.1,40.1,3.5,0.59,,83.6,,,,,,,25622.0,190.8,
NSE:SVLL,Shree Vasu Logistics Limited,Equity,NSE,,INE00CE01017,EQ,Capital Goods,Trucking,Micro,908.0,,790.0,127.0,22.78,897.45,445.15,12.0,0.0,,,509.5,,,,,,,15348.0,5.7,
NSE:ZUARI,Zuari Agro Chemicals Limited,Equity,NSE+BSE,534742,INE840M01016,EQ,Materials,Agricultural Inputs,Micro,908.0,,216.0,1.0,0.44,345.6,175.1,37.5,0.0,,,30.7,,,,,,,117950.0,146.7,
NSE:SGRL,Shree Ganesh Remedies Limited,Equity,NSE+BSE,540737,INE414Y01015,EQ,Healthcare,Drug Manufacturers - Specialty & Generic,Micro,898.0,,699.7,58.2,5.51,749.85,490.0,6.7,0.0,,,18.9,,,,,,,25103.0,58.3,
NSE:BAFNAPH,Bafna Pharmaceuticals Limited,Equity,NSE+BSE,532989,INE878I01022,BE,Healthcare,Drug Manufacturers - Specialty & Generic,Micro,896.0,,378.75,114.8,9.34,378.75,94.77,0.0,0.0,,,38.9,,,,,,,17328.0,1.9,
NSE:GANESHBE,Ganesh Benzoplast Limited,Equity,NSE+BSE,500153,INE388A01029,BE,Materials,Specialty Chemicals,Micro,896.0,,124.4,12.4,1.47,143.0,68.4,13.0,0.0,,,12.3,,,,,,,635166.0,82.4,
NSE:DHARMAJ,Dharmaj Crop Guard Limited,Equity,NSE+BSE,543687,INE00OQ01016,EQ,Materials,Agricultural Inputs,Micro,896.0,,265.25,14.9,2.0,325.05,210.65,18.4,0.0,,,29.4,,,,,,,56025.0,200.2,
NSE:EXCELSOFT,Excelsoft Technologies Limited,Equity,NSE+BSE,544617,INE606N01019,EQ,Information Technology,Software - Application,Micro,893.0,,77.56,19.1,1.54,142.59,66.4,45.6,0.0,,,1.1,,,,,,,1049255.0,405.7,
NSE:HEALTHX,Health X Platform Limited,Equity,NSE+BSE,533259,INE019J01013,EQ,Healthcare,Pharmaceutical Retailers,Micro,891.0,,280.0,,1.39,363.0,252.5,22.9,0.0,,,3.4,,,,,,,7273.0,14.4,
NSE:LIKHITHA,Likhitha Infrastructure Limited,Equity,NSE+BSE,543240,INE060901027,EQ,Oil Gas & Consumable Fuels,Oil & Gas Equipment & Services,Micro,890.0,,225.5,27.2,2.16,272.0,131.45,17.1,0.0,,,0.1,,,,,,,74133.0,191.4,
NSE:BSHSL,Bombay Super Hybrid Seeds Limited,Equity,NSE+BSE,544757,INE032Z01020,EQ,Materials,Agricultural Inputs,Micro,880.0,,83.9,30.7,6.73,128.5,59.16,34.7,0.0,,,82.6,,,,,,,6284.0,2.3,
NSE:REGAAL,Regaal Resources Limited,Equity,NSE+BSE,544485,INE0MHO01029,EQ,Fast Moving Consumer Goods,Packaged Foods,Micro,878.0,,85.2,13.7,1.77,103.0,57.27,17.3,0.25,0.29,,125.5,,,,,,,458515.0,237.9,
NSE:LOKESHMACH,Lokesh Machines Limited,Equity,NSE+BSE,532740,INE397H01017,EQ,Capital Goods,Specialty Industrial Machinery,Micro,868.0,,398.0,180.9,3.48,411.45,138.96,3.3,0.0,,,74.2,,,,,,,53381.0,3919.1,
NSE:AMBIKCO,Ambika Cotton Mills Limited,Equity,NSE+BSE,531978,INE540G01014,EQ,Consumer Discretionary,Textile Manufacturing,Micro,868.0,,1515.6,10.7,0.91,1931.0,1101.0,21.5,37.0,2.46,,,,,,,,,15385.0,118.2,
NSE:ARMEE,ArMee Infotech Limited,Equity,NSE+BSE,544951,INE0TWE01016,EQ,Information Technology,Information Technology Services,Micro,868.0,,273.5,19.1,3.56,375.0,258.5,27.1,0.0,,28.5,36.0,,,,,,,9237628.0,21290.8,
NSE:NEUEON,Neueon Corporation Limited,Equity,NSE+BSE,532887,INE333I01044,BE,Materials,Steel,Micro,862.0,,15.24,,3.92,27.4,5.22,44.4,0.0,,,19.1,,,,,,,41575.0,5.8,
NSE:JSIPL,Jindal Supreme (India) Limited,Equity,NSE+BSE,544935,INE1DLO01028,BE,Materials,Steel,Micro,861.0,,168.82,35.2,,168.82,120.0,0.0,0.0,,,90.6,,,,,,,1179662.0,473.8,
NSE:HEXATRADEX,Hexa Tradex Limited,Equity,NSE+BSE,534328,INE750M01017,EQ,Financial Services,Credit Services,Micro,857.0,,155.05,,0.19,182.01,147.26,14.8,0.0,,,0.2,,,,,,,3645.0,8.8,
NSE:ANUHPHR,Anuh Pharma Limited,Equity,NSE+BSE,506260,INE489G01022,EQ,Healthcare,Drug Manufacturers - Specialty & Generic,Micro,857.0,,85.51,23.9,2.43,99.5,67.0,14.1,1.5,1.75,,0.0,,,,,,,130761.0,111.5,
NSE:VADILENT,Vadilal Enterprises Limited,Equity,NSE+BSE,519152,INE693D01018,EQ,Fast Moving Consumer Goods,Food Distribution,Micro,855.0,,9910.0,62.7,25.84,12598.0,9401.0,21.3,1.5,0.02,,187.9,,,,,,,43.0,8.6,
NSE:HEXAGON,Hexagon Nutrition Limited,Equity,NSE+BSE,544785,INE0JUI01012,BE,Fast Moving Consumer Goods,Packaged Foods,Micro,849.0,,69.03,34.9,3.26,78.25,48.1,11.8,0.3,0.44,,14.0,,,,,,,847260.0,402.6,
NSE:KRYSTAL,Krystal Integrated Services Limited,Equity,NSE+BSE,544149,INE0QN801017,EQ,Capital Goods,Specialty Business Services,Micro,848.0,,607.25,13.0,1.7,696.9,500.0,12.9,1.5,0.25,,24.0,,,,,,,38872.0,32.6,
NSE:SUDARCOLOR,Sudarshan Colorants India Limited,Equity,NSE+BSE,506390,INE492A01029,EQ,Materials,Specialty Chemicals,Micro,848.0,,367.25,17.7,1.49,550.0,268.25,33.2,0.0,,,4.0,,,,,,,11425.0,16.4,
NSE:WAAREEINDO,Indosolar Limited,Equity,NSE+BSE,533257,INE866K01023,EQ,Information Technology,Solar,Micro,843.0,,202.61,5.1,2.94,725.0,199.46,72.1,0.0,,,1.1,,,,,,,103885.0,491.2,
NSE:ORIRAIL,Oriental Rail Infrastructure Limited,Equity,NSE+BSE,531859,INE457G01029,EQ,Capital Goods,Railroads,Micro,838.0,,124.94,17.7,2.0,142.0,102.8,12.0,0.1,0.08,,75.9,,,,,,,228589.0,156.5,
NSE:ZUARIIND,ZUARI INDUSTRIES LIMITED,Equity,NSE+BSE,500780,INE217A01012,EQ,Capital Goods,Conglomerates,Micro,835.0,,280.45,7.7,0.23,379.0,210.0,26.0,1.0,0.35,,72.1,,,,,,,66030.0,311.1,
NSE:FAIRCHEMOR,Fairchem Organics Limited,Equity,NSE+BSE,543252,INE0DNW01011,BE,Materials,Specialty Chemicals,Micro,834.0,,662.0,58.5,3.17,846.8,428.05,21.8,1.0,0.15,,31.9,,,,,,,14723.0,25.3,
NSE:PANACHE,Panache Digilife Limited,Equity,NSE,,INE895W01019,BE,Information Technology,Communication Equipment,Micro,827.0,,516.15,49.3,7.2,559.4,237.7,7.7,0.0,,,26.2,,,,,,,10805.0,17.1,
NSE:KANORICHEM,Kanoria Chemicals & Industries Limited,Equity,NSE+BSE,506525,INE138C01024,BE,Materials,Chemicals,Micro,825.0,,188.84,13.9,1.44,206.0,56.0,8.3,0.0,,,50.8,,,,,,,47120.0,68.6,
NSE:MAFATIND,Mafatlal Industries Limited,Equity,NSE+BSE,500264,INE270B01035,EQ,Consumer Discretionary,Textile Manufacturing,Micro,823.0,,114.0,14.0,1.07,157.77,113.4,27.7,2.5,2.19,,8.2,,,,,,,41678.0,22.9,
NSE:IFBAGRO,IFB Agro Industries Limited,Equity,NSE+BSE,507438,INE076C01018,EQ,Fast Moving Consumer Goods,Beverages - Wineries & Distilleries,Micro,821.0,,877.0,13.8,1.22,1790.0,679.15,51.0,0.0,,,11.1,,,,,,,5360.0,22.3,
NSE:EMKAY,Emkay Global Financial Services Limited,Equity,NSE+BSE,532737,INE296H01011,EQ,Financial Services,Capital Markets,Micro,820.0,,293.75,43.4,2.02,370.9,186.0,20.8,1.5,0.52,,26.4,,,,,,,41588.0,160.4,
NSE:STERTOOLS,Sterling Tools Limited,Equity,NSE+BSE,530759,INE334A01023,EQ,Capital Goods,Tools & Accessories,Micro,818.0,,225.0,31.5,1.55,335.0,155.0,32.8,2.75,1.23,,27.9,,,,,,,23779.0,275.4,
NSE:RADHIKAJWE,Radhika Jeweltech Limited,Equity,NSE+BSE,540125,INE583V01021,BE,Consumer Discretionary,Luxury Goods,Micro,817.0,,69.18,10.3,2.05,97.5,50.01,29.0,0.0,,,14.6,,,,,,,2402367.0,102.0,
NSE:ROHLTD,Royal Orchid Hotels Limited,Equity,NSE+BSE,532699,INE283H01019,EQ,Consumer Discretionary,Lodging,Micro,816.0,,297.5,29.5,3.16,562.95,269.4,47.2,2.5,0.84,,232.5,,,,,,,21663.0,21.6,
NSE:GEMAROMA,Gem Aromatics Limited,Equity,NSE+BSE,544491,INE06XZ01023,EQ,Materials,Chemicals,Micro,813.0,,155.7,,1.81,263.68,133.0,41.0,0.0,,,33.7,,,,,,,426099.0,76.8,
NSE:CIFL,Capital India Finance Limited,Equity,NSE+BSE,530879,INE345H01024,EQ,Financial Services,Credit Services,Micro,813.0,,20.8,20.8,1.21,39.69,18.56,47.6,0.02,0.1,,145.7,,,,,,,133374.0,19.5,
NSE:PROZONER,Prozone Realty Limited,Equity,NSE+BSE,534675,INE195N01013,EQ,Realty,Real Estate - Diversified,Micro,808.0,,52.98,132.4,1.77,72.77,39.55,27.2,0.0,,,134.6,,,,,,,281536.0,130.2,
NSE:HIMATSEIDE,Himatsingka Seide Limited,Equity,NSE+BSE,514043,INE049A01027,EQ,Consumer Discretionary,Textile Manufacturing,Micro,808.0,,64.24,14.4,0.39,129.49,61.09,50.4,0.25,0.39,,123.1,,,,,,,583256.0,329.1,
NSE:ABINFRA,A B Infrabuild Limited,Equity,NSE+BSE,544281,INE00YB01025,BE,Capital Goods,Engineering & Construction,Micro,805.0,,12.6,42.0,4.94,23.56,8.82,46.5,0.01,0.05,,68.3,,,,,,,4176037.0,29.7,
NSE:DBOL,Dhampur Bio Organics Limited,Equity,NSE+BSE,543593,INE0I3401014,EQ,Fast Moving Consumer Goods,Farm Products,Micro,805.0,,121.2,31.7,0.78,139.0,69.0,12.8,1.5,1.24,,103.3,,,,,,,239619.0,262.7,
NSE:GAUDIUMIVF,Gaudium IVF and Women Health Limited,Equity,NSE+BSE,544709,INE0P8B01020,EQ,Healthcare,Medical Care Facilities,Micro,797.0,,109.44,34.3,4.48,163.18,69.18,32.9,0.0,,,16.1,,,,,,,189915.0,269.1,
NSE:CHEMCON,Chemcon Speciality Chemicals Limited,Equity,NSE+BSE,543233,INE03YM01018,EQ,Materials,Specialty Chemicals,Micro,794.0,,216.75,28.2,1.64,288.3,125.0,24.8,13.0,6.02,,11.0,,,,,,,29606.0,163.3,
NSE:GEECEE,GeeCee Ventures Limited,Equity,NSE+BSE,532764,INE916G01016,BE,Realty,Real Estate - Development,Micro,793.0,,379.0,17.1,0.95,390.0,215.85,2.8,2.0,0.54,,,,,,,,,3263.0,7.3,
NSE:SUYOG,Suyog Telematics Limited,Equity,NSE+BSE,537259,INE442P01014,EQ,Media Entertainment & Telecom,Telecom Services,Micro,792.0,,676.0,13.6,1.62,921.15,526.5,26.6,1.0,0.14,,75.8,,,,,,,31759.0,689.1,
NSE:KECL,Kirloskar Electric Company Limited,Equity,NSE+BSE,533193,INE134B01017,EQ,Capital Goods,Specialty Industrial Machinery,Micro,792.0,,119.3,397.7,6.01,155.0,75.47,23.0,0.0,,,76.2,,,,,,,212679.0,161.2,
NSE:PROSTARM,Prostarm Info Systems Limited,Equity,NSE+BSE,544410,INE0BX301013,EQ,Capital Goods,Electrical Equipment & Parts,Micro,791.0,,134.35,21.7,2.76,208.7,114.64,35.6,0.0,,,32.4,,,,,,,276123.0,1062.8,
NSE:ORICONENT,Oricon Enterprises Limited,Equity,NSE+BSE,513121,INE730A01022,EQ,Consumer Discretionary,Packaging & Containers,Micro,790.0,,50.0,33.8,0.67,73.12,47.04,31.6,0.2,0.4,,0.3,,,,,,,86243.0,24.2,
NSE:PARIN,Parin Enterprises Limited,Equity,NSE,,INE00U801010,EQ,Consumer Discretionary,"Furnishings, Fixtures & Appliances",Micro,789.0,,709.8,126.3,10.47,789.0,502.9,10.0,0.0,,10.4,118.3,,,,,,,11170.0,198.5,
NSE:RITCO,Ritco Logistics Limited,Equity,NSE+BSE,542383,INE01EG01016,EQ,Capital Goods,Integrated Freight & Logistics,Micro,789.0,,277.0,24.3,2.17,331.15,167.1,16.4,0.0,,,132.2,,,,,,,133168.0,212.8,
NSE:RBZJEWEL,RBZ Jewellers Limited,Equity,NSE+BSE,544060,INE0PEQ01016,BE,Consumer Discretionary,Luxury Goods,Micro,787.0,,196.87,13.9,2.63,207.66,100.0,5.2,0.0,,,56.6,,,,,,,693308.0,245.1,
NSE:STANLEY,Stanley Lifestyles Limited,Equity,NSE+BSE,544202,INE01A001028,EQ,Consumer Discretionary,"Furnishings, Fixtures & Appliances",Micro,781.0,,136.7,166.7,1.68,304.0,123.0,55.0,0.0,,,65.4,,,,,,,121591.0,306.6,
NSE:VIVIANA,Viviana Power Tech Limited,Equity,NSE,,INE0MEG01014,EQ,Capital Goods,Engineering & Construction,Micro,780.0,,770.0,14.0,7.16,1860.0,565.0,58.6,1.0,0.13,,86.0,,,,,,,22198.0,1055.1,
NSE:DWARKESH,Dwarikesh Sugar Industries Limited,Equity,NSE+BSE,532610,INE366A01041,EQ,Fast Moving Consumer Goods,Confectioners,Micro,778.0,,42.0,53.8,0.94,59.9,32.13,29.9,0.1,0.24,,40.6,,,,,,,3441664.0,453.1,
NSE:PRECOT,Precot Limited,Equity,NSE,,INE283A01014,EQ,Consumer Discretionary,Textile Manufacturing,Micro,773.0,,644.5,15.1,1.61,899.0,300.05,28.3,4.0,0.63,,72.2,,,,,,,6902.0,30.2,
NSE:DECCANCE,Deccan Cements Limited,Equity,NSE+BSE,502137,INE583C01021,EQ,Materials,Building Materials,Micro,770.0,,550.0,130.0,1.03,1102.2,525.0,50.1,0.5,0.09,,100.3,,,,,,,26758.0,82.8,
NSE:ELDEHSG,Eldeco Housing And Industries Limited,Equity,NSE,,INE668G01021,EQ,Realty,Real Estate Services,Micro,769.0,,782.0,20.7,1.92,1044.1,701.55,25.1,9.0,1.15,,38.6,,,,,,,3680.0,11.3,
NSE:KILITCH,Kilitch Drugs (India) Limited,Equity,NSE+BSE,524500,INE729D01010,BE,Healthcare,Drug Manufacturers - Specialty & Generic,Micro,769.0,,220.0,25.0,2.75,232.5,117.25,5.4,0.0,,,32.0,,,,,,,29608.0,49.1,
NSE:SEJALLTD,Sejal Glass Limited,Equity,NSE+BSE,532993,INE955I01044,EQ,Capital Goods,Building Products & Equipment,Micro,768.0,,654.95,22.7,4.93,1036.7,381.0,36.8,0.0,,,133.1,,,,,,,12183.0,56.0,
NSE:MUKKA,Mukka Proteins Limited,Equity,NSE+BSE,544135,INE0CG401037,BE,Fast Moving Consumer Goods,Packaged Foods,Micro,768.0,,25.6,11.0,1.53,33.29,18.27,23.1,0.0,,,147.4,,,,,,,799935.0,70.4,
NSE:NCLIND,NCL Industries Limited,Equity,NSE+BSE,502168,INE732C01016,EQ,Materials,Building Materials,Micro,767.0,,169.55,6.4,0.77,214.8,147.5,21.1,4.0,2.35,,31.9,,,,,,,48748.0,91.7,
NSE:NDTV,New Delhi Television Limited,Equity,NSE+BSE,532529,INE155G01029,EQ,Media Entertainment & Telecom,Broadcasting,Micro,767.0,,68.0,,5.98,117.8,58.75,42.3,0.0,,,199.4,,,,,,,176415.0,43.5,
NSE:ARYAMAN,Aryaman Financial Services Limited,Equity,NSE+BSE,530245,INE032E01017,EQ,Financial Services,Capital Markets,Micro,764.0,,624.0,25.1,3.79,674.95,570.0,7.5,0.0,,,,,,,,,,1164.0,0.1,
NSE:KRONOX,Kronox Lab Sciences Limited,Equity,NSE+BSE,544187,INE0ATZ01017,BE,Materials,Specialty Chemicals,Micro,763.0,,205.57,26.4,6.5,227.74,96.0,9.7,0.5,0.24,,1.4,,,,,,,717625.0,152.0,
NSE:DMCC,DMCC SPECIALITY CHEMICALS LIMITED,Equity,NSE+BSE,506405,INE505A01010,EQ,Materials,Chemicals,Micro,763.0,,306.0,19.1,3.07,332.9,191.35,8.1,2.5,0.81,,34.9,,,,,,,103463.0,610.4,
NSE:SADHNANIQ,Sadhana Nitrochem Limited,Equity,NSE+BSE,506642,INE888C01040,BE,Materials,Chemicals,Micro,761.0,,2.51,,0.24,10.8,1.27,76.8,0.0,,,25.0,,,,,,,1776235.0,30.5,
NSE:ADVANCE,Advance Agrolife Limited,Equity,NSE+BSE,544562,INE1B0W01010,EQ,Materials,Agricultural Inputs,Micro,757.0,,117.78,15.5,2.7,154.0,84.1,23.5,0.0,,,31.6,,,,,,,363616.0,823.7,
NSE:TRANSPEK,Transpek Industry Limited,Equity,NSE+BSE,506687,INE687A01016,BE,Materials,Chemicals,Micro,753.0,,1349.0,19.3,0.98,1475.0,952.3,8.5,20.0,1.48,,,,,,,,,14536.0,8.4,
NSE:SWASTIKAIN,Swastika Infra Limited,Equity,NSE+BSE,544949,INE1QJA01015,BE,Capital Goods,Engineering & Construction,Micro,752.0,,220.5,17.7,,220.5,199.5,0.0,0.0,,35.4,73.2,,,,,,,2658999.0,4188.1,
NSE:SHIVAUM,Shiv Aum Steels Limited,Equity,NSE,,INE719F01016,EQ,Materials,Steel,Micro,750.0,,551.5,104.6,6.21,559.5,275.0,1.4,0.0,,,80.4,,,,,,,49866.0,13.5,
NSE:KOKUYOCMLN,Kokuyo Camlin Limited,Equity,NSE+BSE,523207,INE760A01029,EQ,Capital Goods,Business Equipment & Supplies,Micro,749.0,,74.63,33.9,2.32,110.89,71.05,32.7,0.3,0.4,,11.4,,,,,,,37052.0,13.2,
NSE:SANDESH,The Sandesh Limited,Equity,NSE+BSE,526725,INE583B01015,EQ,Media Entertainment & Telecom,Publishing,Micro,749.0,,989.65,7.0,0.52,1270.0,811.0,22.1,5.0,0.51,,,,,,,,,3005.0,3.0,
NSE:VASCONEQ,Vascon Engineers Limited,Equity,NSE+BSE,533156,INE893I01013,EQ,Capital Goods,Engineering & Construction,Micro,746.0,,32.1,25.7,0.65,74.59,26.75,57.0,0.0,,4.4,26.1,,,,,,,471570.0,232.7,
NSE:QUICKHEAL,Quick Heal Technologies Limited,Equity,NSE+BSE,539678,INE306L01010,EQ,Information Technology,Software - Application,Micro,746.0,,137.5,,1.75,371.4,125.0,63.0,0.0,,,0.0,,,,,,,111608.0,217.5,
NSE:ECORECO,Eco Recycling Limited,Equity,NSE+BSE,530643,INE316A01038,EQ,Capital Goods,Waste Management,Micro,745.0,,386.0,31.3,6.93,493.6,385.0,21.8,1.0,0.26,,5.2,,,,,,,10461.0,59.0,
NSE:EVERESTIND,Everest Industries Limited,Equity,NSE+BSE,508906,INE295A01018,BE,Capital Goods,Building Products & Equipment,Micro,744.0,,469.5,,1.51,717.0,284.9,34.5,1.0,0.21,,45.9,,,,,,,12427.0,131.8,
NSE:SPECIALITY,Speciality Restaurants Limited,Equity,NSE+BSE,534425,INE247M01014,BE,Consumer Discretionary,Restaurants,Micro,742.0,,153.89,31.3,2.14,167.46,82.7,8.1,1.0,0.65,,39.0,,,,,,,70221.0,39.4,
NSE:TVSELECT,TVS Electronics Limited,Equity,NSE+BSE,532513,INE236G01019,EQ,Information Technology,Computer Hardware,Micro,742.0,,394.1,,7.66,739.35,336.2,46.7,0.0,,,55.9,,,,,,,103879.0,889.6,
NSE:ISTLTD,I S T Limited,Equity,NSE+BSE,508807,INE684B01029,EQ,Consumer Discretionary,Auto Parts,Micro,741.0,,635.0,4.5,0.44,749.95,605.0,15.3,0.0,,,0.3,,,,,,,735.0,5.5,
NSE:KOTHARIPET,Kothari Petrochemicals Limited,Equity,NSE,,INE720A01015,EQ,Materials,Specialty Chemicals,Micro,740.0,,125.8,10.3,1.99,155.47,94.75,19.1,2.0,1.58,,0.6,,,,,,,122727.0,57.4,
NSE:SCODATUBES,Scoda Tubes Limited,Equity,NSE+BSE,544411,INE090501011,EQ,Materials,Steel,Micro,740.0,,123.5,19.8,1.96,181.48,110.0,31.9,0.0,,,48.0,,,,,,,256118.0,734.4,
NSE:AMANTA,Amanta Healthcare Limited,Equity,NSE+BSE,544502,INE084K01015,BE,Healthcare,Drug Manufacturers - Specialty & Generic,Micro,739.0,,190.4,50.2,2.97,209.95,92.0,9.3,0.0,,,111.0,,,,,,,66458.0,85.0,
NSE:ZIMLAB,Zim Laboratories Limited,Equity,NSE+BSE,541400,INE518E01015,EQ,Healthcare,Drug Manufacturers - Specialty & Generic,Micro,739.0,,138.0,168.3,2.49,144.49,59.31,4.5,0.0,,,42.7,,,,,,,81008.0,175.4,
NSE:SARLAPOLY,Sarla Performance Fibers Limited,Equity,NSE+BSE,526885,INE453D01025,EQ,Consumer Discretionary,Textile Manufacturing,Micro,738.0,,92.8,197.4,1.78,111.0,68.4,16.4,2.0,2.17,,39.9,,,,,,,66581.0,35.0,
NSE:SUMEETINDS,Sumeet Industries Limited,Equity,NSE+BSE,514211,INE235C01036,EQ,Consumer Discretionary,Textile Manufacturing,Micro,732.0,,10.54,39.0,2.49,40.5,9.26,74.0,0.0,,,76.1,,,,,,,4504946.0,82.0,
NSE:RAMASTEEL,Rama Steel Tubes Limited,Equity,NSE+BSE,539309,INE230R01035,BE,Materials,Steel,Micro,731.0,,4.47,63.9,1.34,11.29,3.43,60.4,0.0,,,26.9,,,,,,,2004228.0,22.5,
NSE:MEIL,Mangal Electrical Industries Limited,Equity,NSE+BSE,544492,INE0PKD01011,EQ,Capital Goods,Electrical Equipment & Parts,Micro,729.0,,264.0,14.0,1.22,495.0,206.26,46.7,0.0,,,7.7,,,,,,,56227.0,105.1,
NSE:MODIS,Modis Navnirman Limited,Equity,NSE+BSE,543539,INE0L0L01012,EQ,Realty,Real Estate - Development,Micro,729.0,,372.0,23.6,4.65,429.05,276.0,13.3,0.0,,,4.0,,,,,,,76355.0,115.4,
NSE:SOLEX,Solex Energy Limited,Equity,NSE+BSE,544862,INE880Y01017,EQ,Information Technology,Solar,Micro,727.0,,673.0,9.1,2.87,1985.0,651.2,66.1,0.55,0.08,,132.2,,,,,,,57897.0,165.8,
NSE:20MICRONS,20 Microns Limited,Equity,NSE+BSE,533022,INE144J01027,EQ,Materials,Other Industrial Metals & Mining,Micro,725.0,,205.35,10.7,1.5,237.4,129.61,13.5,1.25,0.6,,32.0,,,,,,,192925.0,192.7,
NSE:SALASAR,Salasar Techno Engineering Limited,Equity,NSE+BSE,540642,INE170V01027,EQ,Materials,Steel,Micro,722.0,,4.13,51.6,0.87,10.99,3.8,62.4,0.0,,,50.6,,,,,,,5018289.0,150.2,
NSE:OMINFRAL,OM INFRA LIMITED,Equity,NSE+BSE,531092,INE239D01028,EQ,Capital Goods,Engineering & Construction,Micro,722.0,,75.0,21.7,0.95,134.7,71.5,44.3,0.5,0.66,,10.6,,,,,,,131665.0,59.6,
NSE:VLSFINANCE,VLS Finance Limited,Equity,NSE+BSE,511333,INE709A01018,EQ,Financial Services,Capital Markets,Micro,722.0,,230.0,14.2,0.36,339.0,198.81,32.2,1.5,0.65,,0.0,,,,,,,11737.0,20.8,
NSE:MANAKSTEEL,Manaksia Steels Limited,Equity,NSE+BSE,539044,INE824Q01011,BE,Materials,Steel,Micro,721.0,,110.0,12.9,2.21,120.76,45.11,8.9,0.0,,,46.4,,,,,,,109019.0,24.9,
NSE:BORANA,Borana Weaves Limited,Equity,NSE+BSE,544404,INE16SF01016,EQ,Consumer Discretionary,Textile Manufacturing,Micro,720.0,,270.1,10.4,2.56,420.0,216.61,35.7,0.0,,,25.1,,,,,,,35215.0,145.4,
NSE:MAGADSUGAR,Magadh Sugar & Energy Limited,Equity,NSE+BSE,540650,INE347W01011,EQ,Fast Moving Consumer Goods,Confectioners,Micro,719.0,,510.3,14.1,0.82,634.95,417.0,19.6,12.5,2.44,,78.5,,,,,,,53690.0,169.0,
NSE:VISAKAIND,Visaka Industries Limited,Equity,NSE+BSE,509055,INE392A01021,BE,Capital Goods,Building Products & Equipment,Micro,719.0,,83.21,8.4,0.87,104.41,50.2,20.3,2.2,2.63,,36.6,,,,,,,581077.0,92.9,
NSE:GICHSGFIN,GIC Housing Finance Limited,Equity,NSE+BSE,511676,INE289B01019,EQ,Financial Services,Mortgage Finance,Micro,716.0,,132.98,4.5,0.34,184.0,130.05,27.7,4.5,3.39,,432.9,,,,,,,88464.0,102.4,
NSE:PATELRMART,Patel Retail Limited,Equity,NSE+BSE,544487,INE0R8B01010,EQ,Consumer Discretionary,Department Stores,Micro,714.0,,213.65,15.5,1.96,266.0,150.25,19.7,0.0,,,44.9,,,,,,,161458.0,108.6,
NSE:EMAMIPAP,Emami Paper Mills Limited,Equity,NSE+BSE,533208,INE830C01026,BE,Materials,Paper & Paper Products,Micro,708.0,,117.0,8.6,1.48,133.7,55.0,12.5,3.2,2.74,,142.1,,,,,,,132944.0,39.4,
NSE:MERCURYEV,Mercury Ev-Tech Limited,Equity,NSE+BSE,531357,INE763M01028,EQ,Consumer Discretionary,Auto Manufacturers,Micro,707.0,,37.2,155.0,2.55,44.05,30.16,15.6,0.0,,,,,,,,,,424708.0,144.0,
NSE:MANBA,Manba Finance Limited,Equity,NSE+BSE,544262,INE939X01013,EQ,Financial Services,Credit Services,Micro,702.0,,139.7,14.4,1.72,154.0,98.0,9.3,1.25,0.9,,379.6,,,,,,,181314.0,315.3,
NSE:GLOBAL,Global Education Limited,Equity,NSE,,INE291W01037,EQ,Fast Moving Consumer Goods,Education & Training Services,Micro,701.0,,137.7,26.9,5.18,143.0,55.3,3.7,1.0,0.73,20.9,,,,,,,,139750.0,808.3,
NSE:KAMATHOTEL,Kamat Hotels (I) Limited,Equity,NSE+BSE,526668,INE967C01018,EQ,Consumer Discretionary,Lodging,Micro,701.0,,237.9,16.4,2.93,329.6,140.2,27.8,0.0,,,70.1,,,,,,,75798.0,124.8,
NSE:JITFINFRA,JITF Infralogistics Limited,Equity,NSE+BSE,540311,INE863T01013,EQ,Capital Goods,Engineering & Construction,Micro,697.0,,271.0,,-1.36,433.15,222.35,37.4,0.0,,,,,,,,,,35617.0,90.1,
NSE:DENTA,Denta Water and Infra Solutions Limited,Equity,NSE+BSE,544345,INE0R4L01018,EQ,Capital Goods,Engineering & Construction,Micro,696.0,,260.8,13.0,1.52,479.6,222.0,45.6,2.5,0.96,,2.6,,,,,,,228965.0,207.7,
NSE:DCMSIL,DCM Shriram International Limited,Equity,NSE+BSE,544702,INE0OU201013,EQ,Capital Goods,Industrial Distribution,Micro,696.0,,80.0,,1.86,105.27,49.5,24.0,0.4,0.5,,19.9,,,,,,,81060.0,87.7,
NSE:SICALLOG,Sical Logistics Limited,Equity,NSE+BSE,520086,INE075B01020,BE,Capital Goods,Integrated Freight & Logistics,Micro,694.0,,87.0,8.8,4.1,122.5,60.11,29.0,0.0,,,179.9,,,,,,,51386.0,30.9,
NSE:LOTUSCHO,Lotus Chocolate Company Limited,Equity,NSE+BSE,523475,INE026D01011,EQ,Fast Moving Consumer Goods,Confectioners,Micro,690.0,,537.0,,11.57,671.0,533.7,20.0,0.0,,,170.1,,,,,,,3569.0,12.8,
NSE:WANBURY,Wanbury Limited,Equity,NSE+BSE,524212,INE107F01022,EQ,Healthcare,Drug Manufacturers - Specialty & Generic,Micro,688.0,,196.9,12.1,4.08,358.85,161.5,45.1,0.0,,,155.3,,,,,,,460814.0,1106.1,
NSE:RAJPALAYAM,Rajapalayam Mills Limited,Equity,NSE+BSE,532503,INE296E01026,EQ,Consumer Discretionary,Textile Manufacturing,Micro,687.0,,744.9,5.5,0.28,875.0,314.45,14.9,0.5,0.07,,47.2,,,,,,,1524.0,12.4,
NSE:HERANBA,Heranba Industries Limited,Equity,NSE+BSE,543266,INE694N01015,EQ,Materials,Agricultural Inputs,Micro,687.0,,171.6,,0.9,327.0,155.38,47.5,1.0,0.61,,74.8,,,,,,,94466.0,114.5,
NSE:SATIA,Satia Industries Limited,Equity,NSE+BSE,539201,INE170E01023,EQ,Materials,Paper & Paper Products,Micro,685.0,,68.5,,0.63,83.8,50.8,18.3,0.4,0.59,,28.7,,,,,,,141256.0,85.6,
NSE:CHEVIOT,Cheviot Company Limited,Equity,NSE+BSE,526817,INE974B01016,EQ,Consumer Discretionary,Textile Manufacturing,Micro,683.0,,1170.0,10.0,0.97,1370.5,898.0,14.6,25.0,2.14,,1.2,,,,,,,3793.0,16.1,
NSE:HTEL,Hy-Tech Engineers Limited,Equity,NSE+BSE,544891,INE0LEG01024,EQ,Capital Goods,Specialty Industrial Machinery,Micro,683.0,,72.0,29.6,4.93,86.45,62.91,16.7,0.0,,,24.4,,,,,,,2666295.0,1446.6,
NSE:SREEL,Sreeleathers Limited,Equity,NSE+BSE,535601,INE099F01013,BE,Consumer Discretionary,Footwear & Accessories,Micro,681.0,,294.0,20.5,1.37,400.0,165.25,26.5,2.0,0.68,,0.4,,,,,,,39495.0,61.3,
NSE:ASAL,Automotive Stampings and Assemblies Limited,Equity,NSE+BSE,520119,INE900C01027,EQ,Consumer Discretionary,Auto Parts,Micro,681.0,,429.0,22.8,18.82,612.0,374.5,29.9,0.0,,,344.0,,,,,,,22786.0,40.1,
NSE:KUANTUM,Kuantum Papers Limited,Equity,NSE+BSE,532937,INE529I01021,EQ,Materials,Paper & Paper Products,Micro,680.0,,77.89,18.8,0.55,112.2,65.01,30.6,2.5,3.26,,70.8,,,,,,,144084.0,88.0,
NSE:TREL,Transindia Real Estate Limited,Equity,NSE+BSE,543955,INE0O3901029,EQ,Realty,Real Estate Services,Micro,677.0,,27.55,16.6,0.53,32.0,21.47,13.9,0.0,,,,,,,,,,145528.0,37.9,
NSE:ATL,Allcargo Terminals Limited,Equity,NSE+BSE,543954,INE0NN701020,EQ,Capital Goods,Integrated Freight & Logistics,Micro,674.0,,23.1,15.9,1.91,40.4,18.2,42.8,0.0,,,218.1,,,,,,,212720.0,34.7,
NSE:BAJAJINDEF,Indef Manufacturing Limited,Equity,NSE+BSE,544364,INE0O9T01021,EQ,Capital Goods,Farm & Heavy Construction Machinery,Micro,672.0,,210.0,28.4,2.49,442.6,201.5,52.6,2.0,0.96,,1.8,,,,,,,23304.0,27.1,
NSE:VALIANTLAB,Valiant Laboratories Limited,Equity,NSE+BSE,543998,INE0JWS01017,BE,Healthcare,Drug Manufacturers - Specialty & Generic,Micro,671.0,,123.6,44.0,2.19,132.25,49.51,6.5,0.0,,,14.9,,,,,,,110837.0,200.0,
NSE:ADVENTHTL,Advent Hotels International Limited,Equity,NSE+BSE,544446,INE28GN01010,EQ,Consumer Discretionary,Lodging,Micro,669.0,,123.99,18.2,0.74,345.05,120.02,64.1,0.0,,,78.1,,,,,,,316036.0,253.1,
NSE:DPSCLTD,DPSC Limited,Equity,NSE,,INE360C01024,BE,Power,Utilities - Regulated Electric,Micro,666.0,,6.84,85.5,1.06,12.25,6.71,44.2,0.05,0.7,1.4,14.2,,,,,,,85605.0,5.1,
NSE:XCHANGING,Xchanging Solutions Limited,Equity,NSE+BSE,532616,INE692G01013,EQ,Information Technology,Information Technology Services,Micro,665.0,,59.7,10.9,1.68,103.0,47.5,42.0,2.0,3.35,,18.0,,,,,,,101017.0,34.9,
NSE:EIFFL,Euro India Fresh Foods Limited,Equity,NSE,,INE546V01010,BE,Fast Moving Consumer Goods,Packaged Foods,Micro,664.0,,267.75,123.4,8.64,381.96,204.98,29.9,0.0,,,76.9,,,,,,,9002.0,1.8,
NSE:SOFTTECH,Softtech Engineers Limited,Equity,NSE+BSE,543470,INE728Z01015,EQ,Information Technology,Software - Application,Micro,664.0,,480.0,131.5,3.87,545.0,215.0,11.9,0.0,,,22.8,,,,,,,5040.0,16.0,
NSE:BLAL,BEML Land Assets Limited,Equity,NSE+BSE,543898,INE0N7W01012,EQ,Financial Services,Shell Companies,Micro,664.0,,159.4,289.8,597.0,221.21,155.5,27.9,0.0,,,1062.5,,,,,,,20129.0,21.4,
NSE:TUTIALKA,Tuticorin Alkali Chemicals & Fertilizers Limited,Equity,NSE+BSE,506808,INE400A01014,EQ,Materials,Agricultural Inputs,Micro,663.0,,54.39,19.9,3.67,62.9,52.0,13.5,0.0,,,66.4,,,,,,,11249.0,2.2,
NSE:SCPL,Sheetal Cool Products Limited,Equity,NSE+BSE,540757,INE501Y01019,BE,Fast Moving Consumer Goods,Packaged Foods,Micro,659.0,,628.0,31.7,4.2,690.0,190.03,9.0,0.0,,,31.8,,,,,,,61925.0,40.6,
NSE:KELLTONTEC,Kellton Tech Solutions Limited,Equity,NSE+BSE,519602,INE164B01030,EQ,Information Technology,Software - Application,Micro,658.0,,12.39,7.1,0.88,24.47,12.2,49.4,0.0,,,28.6,,,,,,,2910347.0,255.9,
NSE:SHALPAINTS,Shalimar Paints Limited,Equity,NSE+BSE,509874,INE849C01026,BE,Materials,Specialty Chemicals,Micro,657.0,,78.51,,2.62,95.95,35.21,18.2,0.0,,,65.6,,,,,,,510206.0,56.9,
NSE:JAYAGROGN,Jayant Agro Organics Limited,Equity,NSE+BSE,524330,INE785A01026,EQ,Materials,Specialty Chemicals,Micro,651.0,,216.99,12.0,1.07,265.0,147.26,18.1,3.5,1.66,,20.4,,,,,,,22316.0,147.2,
NSE:SUPREMEINF,Supreme Infrastructure India Limited,Equity,NSE+BSE,532904,INE550H01011,EQ,Capital Goods,Engineering & Construction,Micro,644.0,,66.0,0.1,2.22,110.88,58.11,40.5,0.0,,,632.1,,,,,,,119564.0,192.4,
NSE:ZFSTEERING,ZF Steering Gear (India) Limited,Equity,NSE+BSE,505163,INE116C01012,EQ,Consumer Discretionary,Auto Parts,Micro,644.0,,710.0,32.5,,894.98,620.65,20.7,0.0,,,22.2,,,,,,,7305.0,13.1,
NSE:PVSL,Popular Vehicles and Services Limited,Equity,NSE+BSE,544144,INE772T01024,EQ,Consumer Discretionary,Auto & Truck Dealerships,Micro,641.0,,90.0,,1.02,163.0,82.41,44.8,0.0,,,223.9,,,,,,,56898.0,82.8,
NSE:SHIVALIK,Shivalik Rasayan Limited,Equity,NSE+BSE,539148,INE788J01021,EQ,Materials,Agricultural Inputs,Micro,639.0,,398.3,44.2,1.05,471.0,206.4,15.4,0.5,0.13,,19.0,,,,,,,70109.0,382.5,
NSE:UGARSUGAR,The Ugar Sugar Works Limited,Equity,NSE+BSE,530363,INE071E01023,BE,Fast Moving Consumer Goods,Confectioners,Micro,639.0,,56.8,22.2,2.73,66.77,33.75,14.9,0.1,0.18,,310.6,,,,,,,1035611.0,89.9,
NSE:ONWARDTEC,Onward Technologies Limited,Equity,NSE+BSE,517536,INE229A01017,EQ,Information Technology,Information Technology Services,Micro,639.0,,291.25,15.4,2.61,355.0,208.25,18.0,8.0,2.75,,15.7,,,,,,,146480.0,110.0,
NSE:STCINDIA,The State Trading Corporation of India Limited,Equity,NSE+BSE,512531,INE655A01013,EQ,Capital Goods,Conglomerates,Micro,636.0,,105.99,1.0,-0.16,150.0,97.04,29.3,0.0,,,,,,,,,,32327.0,12.2,
NSE:HARDWYN,Hardwyn India Limited,Equity,NSE+BSE,541276,INE626Z01029,EQ,Capital Goods,Building Products & Equipment,Micro,635.0,,9.29,48.9,1.57,20.2,7.61,54.0,0.0,,,1.6,,,,,,,3624394.0,52.4,
NSE:ECOSMOBLTY,Ecos (India) Mobility & Hospitality Limited,Equity,NSE+BSE,544239,INE06HJ01020,EQ,Capital Goods,Rental & Leasing Services,Micro,633.0,,105.53,10.8,2.38,260.05,102.0,59.4,2.38,2.27,,2.9,,,,,,,63327.0,42.1,
NSE:INDOFARM,Indo Farm Equipment Limited,Equity,NSE+BSE,544328,INE622H01018,EQ,Capital Goods,Farm & Heavy Construction Machinery,Micro,632.0,,131.5,25.3,1.14,271.69,110.7,51.6,0.0,,,26.9,,,,,,,423628.0,132.3,
NSE:FABTECH,Fabtech Technologies Limited,Equity,NSE+BSE,544558,INE0HF201011,EQ,Healthcare,Health Information Services,Micro,631.0,,142.02,13.0,1.3,262.8,132.7,46.0,0.6,0.42,,16.6,,,,,,,97815.0,128.2,
NSE:BIRLAMONEY,Aditya Birla Money Limited,Equity,NSE+BSE,532974,INE865C01022,EQ,Financial Services,Capital Markets,Micro,631.0,,111.73,11.6,2.1,179.85,95.0,37.9,0.0,,,734.6,,,,,,,71623.0,35.3,
NSE:ARIES,Aries Agro Limited,Equity,NSE+BSE,532935,INE298I01015,BE,Materials,Agricultural Inputs,Micro,629.0,,483.95,13.2,1.88,524.75,285.35,7.8,1.5,0.31,,16.5,,,,,,,67366.0,132.8,
NSE:PRAVEG,Praveg Limited,Equity,NSE+BSE,531637,INE722B01019,EQ,Media Entertainment & Telecom,Advertising Agencies,Micro,627.0,,240.0,,1.41,281.0,230.0,14.6,0.5,0.21,,36.5,,,,,,,61817.0,317.3,
NSE:GTPL,GTPL Hathway Limited,Equity,NSE+BSE,540602,INE869I01013,EQ,Media Entertainment & Telecom,Entertainment,Micro,627.0,,55.76,83.2,0.55,118.25,50.85,52.8,2.0,3.61,,39.6,,,,,,,73397.0,25.4,
NSE:COFFEEDAY,Coffee Day Enterprises Limited,Equity,NSE+BSE,539436,INE335K01011,EQ,Consumer Discretionary,Restaurants,Micro,627.0,,29.7,3.6,0.22,44.8,21.0,33.7,0.0,,,26.2,,,,,,,588045.0,1661.8,
NSE:PRIMO,Primo Chemicals Limited,Equity,NSE+BSE,506852,INE607A01022,EQ,Materials,Chemicals,Micro,625.0,,25.8,39.7,1.54,29.8,16.1,13.4,0.0,,,32.3,,,,,,,300991.0,115.3,
NSE:AHLWEST,Asian Hotels (West) Limited,Equity,NSE,,INE915K01010,BE,Consumer Discretionary,Lodging,Micro,623.0,,535.05,8.8,-46.4,751.4,137.0,28.8,0.0,,,,,,,,,,645.0,1.1,
NSE:LAXMIINDIA,Laxmi India Finance Limited,Equity,NSE+BSE,544465,INE06WU01026,EQ,Financial Services,Credit Services,Micro,621.0,,118.44,10.3,1.33,159.59,71.06,25.8,0.0,,,287.3,,,,,,,177232.0,61.2,
NSE:ORBTEXP,Orbit Exports Limited,Equity,NSE+BSE,512626,INE231G01010,EQ,Consumer Discretionary,Textile Manufacturing,Micro,621.0,,242.3,15.2,2.12,282.85,135.0,14.3,1.0,0.41,,5.3,,,,,,,16262.0,38.7,
NSE:BESTAGRO,Best Agrolife Limited,Equity,NSE+BSE,539660,INE052T01021,EQ,Materials,Agricultural Inputs,Micro,617.0,,17.41,20.7,0.8,34.4,12.3,49.4,0.1,0.57,,57.5,,,,,,,2150729.0,97.0,
NSE:PASUPTAC,Pasupati Acrylon Limited,Equity,NSE+BSE,500456,INE818B01023,EQ,Consumer Discretionary,Textile Manufacturing,Micro,616.0,,69.06,6.4,1.41,81.29,40.41,15.0,0.0,,,24.6,,,,,,,133101.0,170.1,
NSE:ADSL,Allied Digital Services Limited,Equity,NSE+BSE,532875,INE102I01027,EQ,Information Technology,Information Technology Services,Micro,608.0,,107.35,17.5,0.99,204.65,86.27,47.5,1.5,1.41,,20.3,,,,,,,253925.0,199.6,
NSE:KANPRPLA,Kanpur Plastipack Limited,Equity,NSE+BSE,507779,INE694E01014,EQ,Consumer Discretionary,Packaging & Containers,Micro,607.0,,248.0,13.1,2.26,283.14,151.25,12.4,1.2,0.49,,41.8,,,,,,,55094.0,30.9,
NSE:TVTODAY,TV Today Network Limited,Equity,NSE+BSE,532515,INE038F01029,EQ,Media Entertainment & Telecom,Broadcasting,Micro,605.0,,101.4,26.3,0.68,153.01,93.5,33.7,3.0,2.73,,1.6,,,,,,,34296.0,77.9,
NSE:INNOVISION,Innovision Limited,Equity,NSE+BSE,544732,INE0ADB01012,EQ,Capital Goods,Staffing & Employment Services,Micro,605.0,,254.0,15.1,4.69,470.0,246.2,46.0,0.0,,,42.5,,,,,,,48588.0,53.9,
NSE:GANESHCP,Ganesh Consumer Products Limited,Equity,NSE+BSE,544528,INE652V01016,EQ,Fast Moving Consumer Goods,Packaged Foods,Micro,599.0,,148.22,12.5,1.61,309.95,146.75,52.2,5.0,3.36,,7.2,,,,,,,165065.0,223.0,
NSE:GFLLIMITED,GFL Limited,Equity,NSE+BSE,500173,INE538A01037,EQ,Financial Services,Asset Management,Micro,598.0,,54.5,9.9,0.23,81.0,37.25,32.7,0.0,,,,,,,,,,95111.0,42.6,
NSE:MAANALU,Maan Aluminium Limited,Equity,NSE+BSE,532906,INE215I01027,EQ,Materials,Aluminum,Micro,595.0,,99.2,41.9,2.12,184.74,96.0,46.3,0.0,,,19.9,,,,,,,65173.0,64.0,
NSE:SOUTHWEST,South West Pinnacle Exploration Limited,Equity,NSE+BSE,543986,INE980Y01015,EQ,Oil Gas & Consumable Fuels,Oil & Gas Equipment & Services,Micro,595.0,,182.3,13.9,2.67,275.0,121.0,33.7,0.0,,,39.4,,,,,,,276919.0,220.7,
NSE:SUTLEJTEX,Sutlej Textiles and Industries Limited,Equity,NSE+BSE,532782,INE645H01027,BE,Consumer Discretionary,Textile Manufacturing,Micro,594.0,,35.8,,0.72,42.93,24.0,16.6,0.0,,,114.1,,,,,,,32156.0,6.5,
NSE:CCCL,Consolidated Construction Consortium Limited,Equity,NSE+BSE,532902,INE429I01024,EQ,Capital Goods,Engineering & Construction,Micro,594.0,,13.3,,2.13,25.69,12.76,48.2,0.0,,,0.1,,,,,,,224795.0,53.2,
NSE:MOLDTECH,Mold-Tek Technologies Limited,Equity,NSE+BSE,526263,INE835B01035,BE,Capital Goods,Engineering & Construction,Micro,593.0,,205.9,32.1,4.59,227.0,101.1,9.3,2.0,0.98,,4.0,,,,,,,157806.0,63.6,
NSE:MALLCOM,Mallcom (India) Limited,Equity,NSE+BSE,539400,INE389C01015,EQ,Capital Goods,Security & Protection Services,Micro,590.0,,945.0,22.0,1.85,1520.0,905.15,37.8,3.0,0.32,,37.8,,,,,,,3333.0,30.3,
NSE:SAURASHCEM,Saurashtra Cement Limited,Equity,NSE+BSE,502175,INE626A01014,EQ,Materials,Building Materials,Micro,590.0,,53.0,88.3,0.62,112.25,47.65,52.8,0.0,,,11.1,,,,,,,298079.0,37.8,
NSE:GLOSTERLTD,Gloster Limited,Equity,NSE+BSE,542351,INE350Z01018,EQ,Consumer Discretionary,Textile Manufacturing,Micro,590.0,,539.0,46.1,0.54,756.45,495.0,28.7,20.0,3.71,,88.1,,,,,,,2115.0,3.2,
NSE:DHUNINV,Dhunseri Investments Limited,Equity,NSE+BSE,533336,INE320L01011,EQ,Financial Services,Capital Markets,Micro,590.0,,968.0,6.2,0.22,1573.1,667.1,38.5,3.0,0.31,,27.1,,,,,,,3257.0,2.3,
NSE:SHRJAGP,Shri Jagdamba Polymers Limited,Equity,NSE+BSE,512453,INE564J01026,EQ,Consumer Discretionary,Textile Manufacturing,Micro,589.0,,673.0,13.4,1.79,751.95,590.05,10.5,1.0,0.15,,28.2,,,,,,,722.0,6.0,
NSE:INNOVANA,Innovana Thinklabs Limited,Equity,NSE+BSE,544302,INE403Y01018,EQ,Information Technology,Software - Application,Micro,589.0,,285.0,20.3,3.5,524.95,279.2,45.7,0.0,,,20.7,,,,,,,15796.0,73.7,
NSE:PPL,Prakash Pipes Limited,Equity,NSE+BSE,542684,INE050001010,BE,Capital Goods,Building Products & Equipment,Micro,587.0,,245.5,11.9,1.23,334.4,163.21,26.6,3.4,1.4,,4.0,,,,,,,29017.0,51.3,
NSE:HITECHCORP,Hitech Corporation Limited,Equity,NSE+BSE,526217,INE120D01012,BE,Consumer Discretionary,Packaging & Containers,Micro,585.0,,340.5,33.3,2.06,346.0,112.0,1.6,1.0,0.29,,48.3,,,,,,,13295.0,68.4,
NSE:ORIENTBELL,Orient Bell Limited,Equity,NSE+BSE,530365,INE607D01018,EQ,Capital Goods,Building Products & Equipment,Micro,581.0,,395.1,27.6,1.77,434.95,246.55,9.2,1.0,0.25,,9.5,,,,,,,29296.0,72.9,
NSE:SHREERAMA,Shree Rama Multi-Tech Limited,Equity,NSE+BSE,532310,INE879A01019,EQ,Consumer Discretionary,Packaging & Containers,Micro,580.0,,43.44,23.9,3.5,71.99,37.62,39.7,0.0,,,12.4,,,,,,,106412.0,16.2,
NSE:AGARIND,Agarwal Industrial Corporation Limited,Equity,NSE+BSE,531921,INE204E01012,EQ,Materials,Specialty Chemicals,Micro,580.0,,388.0,14.2,0.84,949.0,360.0,59.1,3.3,0.85,,49.5,,,,,,,103030.0,108.7,
NSE:CHEMBONDCH,Chembond Chemicals Limited,Equity,NSE+BSE,544450,INE0TGX01019,BE,Materials,Specialty Chemicals,Micro,578.0,,215.0,15.1,2.79,290.0,104.85,25.9,1.25,0.58,19.9,,,,,,,,14725.0,21.6,
NSE:HMVL,Hindustan Media Ventures Limited,Equity,NSE+BSE,533217,INE871K01015,BE,Media Entertainment & Telecom,Publishing,Micro,577.0,,78.3,3.4,0.36,108.16,55.2,27.6,0.0,,,5.3,,,,,,,62322.0,30.5,
NSE:MAZDA,Mazda Limited,Equity,NSE+BSE,523792,INE885E01042,BE,Capital Goods,Specialty Industrial Machinery,Micro,577.0,,288.15,19.3,1.94,310.0,159.2,7.0,4.0,1.39,,,,,,,,,46679.0,96.5,
NSE:DICIND,DIC India Limited,Equity,NSE+BSE,500089,INE303A01010,EQ,Materials,Specialty Chemicals,Micro,573.0,,623.9,19.8,1.29,675.0,450.5,7.6,3.0,0.49,,0.7,,,,,,,10075.0,27.5,
NSE:HINDCOMPOS,Hindustan Composites Limited,Equity,NSE+BSE,509635,INE310C01029,EQ,Consumer Discretionary,Auto Parts,Micro,568.0,,384.4,18.0,0.5,550.0,347.1,30.1,2.0,0.53,,0.1,,,,,,,5320.0,5.1,
NSE:SNOWMAN,Snowman Logistics Limited,Equity,NSE+BSE,538635,INE734N01019,EQ,Capital Goods,Integrated Freight & Logistics,Micro,567.0,,33.9,105.9,1.42,54.74,30.5,38.1,0.5,1.47,,77.7,,,,,,,196861.0,35.9,
NSE:KSE,KSE Limited,Equity,NSE+BSE,519421,INE953E01022,EQ,Fast Moving Consumer Goods,Packaged Foods,Micro,566.0,,176.94,12.2,1.62,665.4,173.31,73.4,15.0,8.58,,7.1,,,,,,,19199.0,11.0,
NSE:KSOLVES,Ksolves India Limited,Equity,NSE+BSE,543599,INE0D6I01023,EQ,Information Technology,Software - Application,Micro,566.0,,238.71,15.3,19.24,353.99,237.5,32.6,15.0,6.22,,19.4,,,,,,,79404.0,146.6,
NSE:DCI,Dc Infotech And Communication Limited,Equity,NSE+BSE,543636,INE0A1101019,EQ,Information Technology,Electronics & Computer Distribution,Micro,564.0,,344.0,25.4,5.13,475.0,208.98,27.6,0.1,0.03,,80.9,,,,,,,235440.0,722.4,
NSE:PYRAMID,Pyramid Technoplast Limited,Equity,NSE+BSE,543969,INE0MIS01010,EQ,Consumer Discretionary,Packaging & Containers,Micro,564.0,,153.0,18.0,1.98,198.69,131.8,23.0,0.5,0.32,,66.5,,,,,,,140580.0,75.5,
NSE:NAHARPOLY,Nahar Poly Films Limited,Equity,NSE+BSE,523391,INE308A01027,EQ,Consumer Discretionary,Packaging & Containers,Micro,556.0,,226.0,7.7,0.64,338.8,200.0,33.3,1.5,0.66,,9.1,,,,,,,18255.0,14.6,
NSE:VAKRANGEE,Vakrangee Limited,Equity,NSE+BSE,511431,INE051B01021,EQ,Information Technology,Information Technology Services,Micro,554.0,,5.11,63.9,2.44,9.64,4.61,47.0,0.0,,,1.7,,,,,,,1076853.0,42.9,
NSE:NAHARINDUS,Nahar Industrial Enterprises Limited,Equity,NSE+BSE,519136,INE289A01011,EQ,Consumer Discretionary,Textile Manufacturing,Micro,554.0,,128.27,7.7,0.53,154.0,83.05,16.7,0.0,,,65.4,,,,,,,39929.0,21.3,
NSE:BIGBLOC,Bigbloc Construction Limited,Equity,NSE+BSE,540061,INE412U01025,EQ,Capital Goods,Building Products & Equipment,Micro,551.0,,38.92,324.3,4.01,80.0,36.8,51.4,0.0,,,137.7,,,,,,,44596.0,24.0,
NSE:NBIFIN,N. B. I. Industrial Finance Company Limited,Equity,NSE,,INE365I01020,EQ,Financial Services,Capital Markets,Micro,548.0,,1854.9,39.5,0.21,2800.0,1539.0,33.8,0.75,0.04,,,,,,,,,3424.0,1.5,
NSE:MAWANASUG,Mawana Sugars Limited,Equity,NSE+BSE,523371,INE636A01039,EQ,Fast Moving Consumer Goods,Confectioners,Micro,544.0,,138.99,20.7,1.04,164.0,75.08,15.2,4.0,2.88,,80.1,,,,,,,369278.0,236.0,
NSE:TPLPLASTEH,TPL Plastech Limited,Equity,NSE+BSE,526582,INE413G01022,EQ,Consumer Discretionary,Packaging & Containers,Micro,542.0,,69.44,17.9,3.22,90.33,50.01,23.1,1.3,1.89,,11.2,,,,,,,211449.0,130.4,
NSE:UNIVPHOTO,Universus Photo Imagings Limited,Equity,NSE,,INE03V001013,BE,Healthcare,Medical Devices,Micro,536.0,,490.0,,0.66,624.75,180.6,21.6,0.0,,,,,,,,,,2061.0,2.4,
NSE:SAYAJIHOTL,Sayaji Hotels Limited,Equity,NSE+BSE,523710,INE318C01014,EQ,Consumer Discretionary,Lodging,Micro,533.0,,304.0,,3.43,365.2,138.7,16.8,0.0,,,81.2,,,,,,,230.0,,
NSE:ORIENTCER,ORIENT CERATECH LIMITED,Equity,NSE+BSE,504879,INE569C01020,EQ,Materials,Specialty Chemicals,Micro,533.0,,44.59,18.7,1.78,56.64,34.0,21.3,0.35,0.79,,13.1,,,,,,,90914.0,49.2,
NSE:SONA,Sonaselection India Limited,Equity,NSE+BSE,544938,INE0LLZ01011,BE,Consumer Discretionary,Textile Manufacturing,Micro,529.0,,93.1,15.6,3.8,107.42,91.5,13.3,0.0,,39.1,280.6,,,,,,,751906.0,223.6,
NSE:GLOTTIS,Glottis Limited,Equity,NSE+BSE,544557,INE0TQE01026,EQ,Capital Goods,Integrated Freight & Logistics,Micro,529.0,,57.22,13.1,1.89,93.0,37.0,38.5,0.0,,,18.8,,,,,,,60294.0,47.8,
NSE:PRIORITY,Priority Jewels Limited,Equity,NSE+BSE,544899,INE15EH01014,EQ,Consumer Discretionary,Luxury Goods,Micro,525.0,,291.55,29.4,2.68,329.55,209.61,11.5,0.0,,,77.0,,,,,,,608329.0,786.6,
NSE:VISACHROME,VISA Chrome Limited,Equity,NSE+BSE,532721,INE286H01012,EQ,Materials,Steel,Micro,525.0,,36.0,0.4,-1.96,73.68,27.05,51.1,0.0,,,,,,,,,,146055.0,33.1,
NSE:HAZOOR,Hazoor Multi Projects Limited,Equity,NSE+BSE,532467,INE550F01049,EQ,Realty,Real Estate - Development,Micro,522.0,,18.1,15.7,0.71,22.49,17.44,19.5,0.0,,,72.9,,,,,,,508250.0,37.5,
NSE:CEWATER,Concord Enviro Systems Limited,Equity,NSE+BSE,544315,INE037Z01029,EQ,Power,Utilities - Regulated Water,Micro,519.0,,251.0,1004.0,0.91,516.5,235.0,51.4,0.0,,,29.3,,,,,,,157704.0,167.4,
NSE:IL&FSENGG,IL&FS Engineering and Construction Company Limited,Equity,NSE+BSE,532907,INE369I01014,BZ,Capital Goods,Engineering & Construction,Micro,519.0,,39.55,48.8,-0.16,43.8,21.0,9.7,0.0,,,,,,,,,,40677.0,5.1,
NSE:MGEL,Mangalam Global Enterprise Limited,Equity,NSE+BSE,544273,INE0APB01032,EQ,Fast Moving Consumer Goods,Farm Products,Micro,517.0,,15.68,11.0,2.08,18.17,9.53,13.7,0.01,0.07,,86.6,,,,,,,732982.0,68.4,
NSE:LINC,Linc Limited,Equity,NSE+BSE,531241,INE802B01027,EQ,Capital Goods,Business Equipment & Supplies,Micro,517.0,,86.89,16.4,2.0,133.38,85.01,34.9,1.5,1.73,,10.3,,,,,,,26790.0,22.3,
NSE:ONMOBILE,OnMobile Global Limited,Equity,NSE+BSE,532944,INE809I01019,BE,Media Entertainment & Telecom,Telecom Services,Micro,517.0,,48.64,,0.83,84.0,40.21,42.1,0.0,,,12.3,,,,,,,237080.0,20.6,
NSE:HTMEDIA,HT Media Limited,Equity,NSE+BSE,532662,INE501G01024,EQ,Media Entertainment & Telecom,Publishing,Micro,514.0,,22.2,11.0,0.32,31.3,17.52,29.1,0.0,,,38.2,,,,,,,244398.0,26.2,
NSE:INTLCONV,International Conveyors Limited,Equity,NSE+BSE,509709,INE575C01027,EQ,Capital Goods,Specialty Industrial Machinery,Micro,512.0,,80.3,3.8,1.21,114.54,60.0,29.9,0.5,0.62,,17.3,,,,,,,56702.0,35.2,
NSE:DHABRIYA,Dhabriya Polywood Limited,Equity,NSE+BSE,538715,INE260R01016,BE,Capital Goods,Building Products & Equipment,Micro,510.0,,471.0,15.7,3.93,603.0,449.2,21.9,0.7,0.15,,59.0,,,,,,,16285.0,62.2,
NSE:APTECHT,Aptech Limited,Equity,NSE+BSE,532475,INE266F01018,EQ,Fast Moving Consumer Goods,Education & Training Services,Micro,508.0,,87.6,20.8,2.03,128.48,69.1,31.8,4.5,5.17,,5.1,,,,,,,64398.0,40.8,
NSE:SHARDUL,Shardul Securities Limited,Equity,NSE+BSE,512393,INE037B01020,BE,Financial Services,Capital Markets,Micro,507.0,,58.0,21.8,0.77,60.0,23.05,3.3,0.0,,,41.7,,,,,,,20947.0,39.6,
NSE:SCHAND,S Chand And Company Limited,Equity,NSE+BSE,540497,INE807K01035,EQ,Media Entertainment & Telecom,Publishing,Micro,504.0,,143.0,7.1,0.48,200.0,127.73,28.5,4.0,2.79,,12.9,,,,,,,30375.0,47.2,
NSE:PLASTIBLEN,Plastiblends India Limited,Equity,NSE+BSE,523648,INE083C01022,EQ,Materials,Specialty Chemicals,Micro,502.0,,193.19,11.8,1.12,216.29,121.01,10.7,3.0,1.55,,5.0,,,,,,,85080.0,73.0,
NSE:KNAGRI,KN Agri Resources Limited,Equity,NSE,,INE0KNW01016,EQ,Fast Moving Consumer Goods,Farm Products,Micro,500.0,,200.0,15.8,1.3,244.0,148.3,18.0,0.0,,,8.9,,,,,,,13787.0,7.0,
NSE:PTL,PTL Enterprises Limited,Equity,NSE+BSE,509220,INE034D01049,EQ,Realty,Real Estate Services,Micro,500.0,,37.78,11.0,0.59,43.77,36.1,13.7,4.25,11.22,,0.6,,,,,,,38493.0,9.0,
NSE:MUNJALSHOW,Munjal Showa Limited,Equity,NSE+BSE,520043,INE577A01027,EQ,Consumer Discretionary,Auto Parts,Micro,498.0,,124.5,20.0,0.73,147.1,110.3,15.4,4.5,3.61,,,,,,,,,60668.0,45.9,
NSE:OSWALGREEN,Oswal Greentech Limited,Equity,NSE+BSE,539290,INE143A01010,EQ,Financial Services,Asset Management,Micro,494.0,,19.25,,0.21,41.16,18.55,53.2,0.0,,,0.2,,,,,,,170479.0,20.4,
NSE:CSM,CSM Technologies Limited,Equity,NSE+BSE,544806,INE0ZK601013,EQ,Information Technology,Information Technology Services,Micro,489.0,,94.7,34.7,3.57,114.9,76.26,17.6,0.5,0.53,,69.9,,,,,,,647762.0,158.2,
NSE:VIRAT,Virat Industries Limited,Equity,NSE+BSE,530521,INE467D01017,EQ,Consumer Discretionary,Apparel Manufacturing,Micro,487.0,,335.0,78.8,3.72,494.4,268.05,32.2,0.0,,,0.4,,,,,,,13495.0,32.9,
NSE:UNIVASTU,Univastu India Limited,Equity,NSE,,INE562X01013,BE,Capital Goods,Engineering & Construction,Micro,486.0,,134.99,36.7,4.7,178.98,56.02,24.6,0.0,,,30.0,,,,,,,144950.0,88.1,
NSE:ALBERTDAVD,Albert David Limited,Equity,NSE+BSE,524075,INE155C01010,EQ,Healthcare,Drug Manufacturers - Specialty & Generic,Micro,486.0,,851.4,21.5,1.24,931.85,579.9,8.6,5.0,0.58,,7.6,,,,,,,10770.0,98.3,
NSE:PENINLAND,Peninsula Land Limited,Equity,NSE+BSE,503031,INE138A01028,EQ,Realty,Real Estate - Development,Micro,484.0,,14.6,,6.8,37.0,13.82,60.5,0.0,,,460.7,,,,,,,132442.0,27.1,
NSE:MOMSBELIEF,Rays of Belief Limited,Equity,NSE+BSE,544906,INE1FCO01014,EQ,Healthcare,Medical Care Facilities,Micro,481.0,,230.0,57.9,,267.61,208.03,14.1,0.0,,21.8,30.2,,,,,,,410347.0,486.9,
NSE:KDGREEN,KD Green Industries Limited,Equity,NSE+BSE,512595,INE348N01042,EQ,Consumer Discretionary,Footwear & Accessories,Micro,480.0,,47.3,118.2,5.6,61.49,45.81,23.1,0.0,,,30.2,,,,,,,137903.0,20.6,
NSE:AZADIND,Azad India Mobility Limited,Equity,NSE+BSE,504731,INE566M01017,EQ,Materials,Steel,Micro,479.0,,87.99,733.2,3.58,98.99,70.41,11.1,0.0,,,0.5,,,,,,,46201.0,201.2,
NSE:URJA,Urja Global Limited,Equity,NSE+BSE,526987,INE550C01020,EQ,Information Technology,Solar,Micro,479.0,,8.6,286.7,2.41,13.75,8.0,37.5,0.0,,,24.8,,,,,,,713095.0,44.9,
NSE:KHAICHEM,Khaitan Chemicals & Fertilizers Limited,Equity,NSE+BSE,507794,INE745B01028,EQ,Materials,Agricultural Inputs,Micro,479.0,,49.4,8.2,1.65,132.9,42.92,62.8,0.05,0.1,,105.2,,,,,,,194692.0,61.2,
NSE:MINDTECK,Mindteck (India) Limited,Equity,NSE+BSE,517344,INE110B01017,EQ,Information Technology,Information Technology Services,Micro,477.0,,149.14,15.3,1.57,307.68,145.13,51.5,1.0,0.66,,1.3,,,,,,,46235.0,27.4,
NSE:BBTCL,B&B Triplewall Containers Limited,Equity,NSE+BSE,543668,INE01EE01011,EQ,Consumer Discretionary,Packaging & Containers,Micro,475.0,,231.7,6.7,3.6,262.0,156.0,11.6,1.0,0.44,,192.9,,,,,,,11886.0,5.8,
NSE:THEINVEST,The Investment Trust Of India Limited,Equity,NSE+BSE,530023,INE924D01017,EQ,Financial Services,Capital Markets,Micro,475.0,,90.91,14.2,0.64,152.99,89.0,40.6,0.0,,,7.6,,,,,,,5370.0,2.8,
NSE:UNIDT,United Drilling Tools Limited,Equity,NSE+BSE,522014,INE961D01019,EQ,Oil Gas & Consumable Fuels,Oil & Gas Equipment & Services,Micro,475.0,,234.0,23.2,1.65,272.0,146.0,14.0,2.4,1.0,,1.2,,,,,,,31290.0,306.2,
NSE:MANCREDIT,Mangal Credit and Fincorp Limited,Equity,NSE+BSE,505850,INE545L01039,EQ,Financial Services,Credit Services,Micro,474.0,,224.4,26.6,2.74,287.27,152.06,21.9,0.75,0.34,,192.1,,,,,,,293631.0,215.2,
NSE:ZEEMEDIA,Zee Media Corporation Limited,Equity,NSE+BSE,532794,INE966H01019,EQ,Media Entertainment & Telecom,Broadcasting,Micro,474.0,,7.23,,2.04,11.57,6.65,37.5,0.0,,,37.2,,,,,,,3227070.0,54.9,
NSE:SUKHJITS,Sukhjit Starch & Chemicals Limited,Equity,NSE+BSE,524542,INE450E01029,EQ,Materials,Specialty Chemicals,Micro,472.0,,151.0,13.8,0.83,231.1,137.3,34.7,1.0,0.66,,60.9,,,,,,,19674.0,23.6,
NSE:3IINFOLTD,3i Infotech Limited,Equity,NSE+BSE,532628,INE748C01038,BE,Information Technology,Information Technology Services,Micro,470.0,,22.67,12.7,1.27,27.8,12.68,18.5,0.0,,,16.3,,,,,,,799011.0,64.2,
NSE:CSLFINANCE,CSL Finance Limited,Equity,NSE+BSE,530067,INE718F01018,EQ,Financial Services,Credit Services,Micro,469.0,,208.7,5.5,0.77,324.7,205.0,35.7,3.0,1.44,,137.7,,,,,,,40743.0,48.1,
NSE:KAVDEFENCE,Kavveri Defence & Wireless Technologies Limited,Equity,NSE+BSE,590041,INE641C01019,BE,Information Technology,Communication Equipment,Micro,467.0,,77.75,,2.46,138.56,51.51,43.9,0.0,,,3.9,,,,,,,298817.0,90.9,
NSE:CHEMFAB,Chemfab Alkalis Limited,Equity,NSE+BSE,541269,INE783X01023,EQ,Materials,Specialty Chemicals,Micro,467.0,,325.0,,1.23,657.05,290.35,50.5,1.25,0.38,,33.5,,,,,,,3769.0,6.5,
NSE:IRIS,IRIS RegTech Solutions Limited,Equity,NSE+BSE,540735,INE864K01010,EQ,Information Technology,Software - Application,Micro,466.0,,226.49,4.2,2.32,388.1,203.0,41.6,0.0,,,0.8,,,,,,,26928.0,26.3,
NSE:RUSHIL,Rushil Decor Limited,Equity,NSE+BSE,533470,INE573K01025,EQ,Consumer Discretionary,"Furnishings, Fixtures & Appliances",Micro,464.0,,15.83,20.0,0.72,30.0,12.49,47.2,0.05,0.31,,39.9,,,,,,,715603.0,27.3,
NSE:SIGMA,Sigma Solve Limited,Equity,NSE+BSE,543917,INE0A0S01028,EQ,Information Technology,Information Technology Services,Micro,462.0,,45.0,14.8,6.02,65.5,35.46,31.3,0.5,1.11,,2.6,,,,,,,299328.0,54.6,
NSE:MUFTI,Credo Brands Marketing Limited,Equity,NSE+BSE,544058,INE220Q01020,EQ,Consumer Discretionary,Apparel Retail,Micro,461.0,,70.5,10.6,1.05,116.82,63.06,39.7,2.0,2.85,,52.0,,,,,,,90742.0,42.9,
NSE:PANSARI,Pansari Developers Limited,Equity,NSE,,INE697V01011,EQ,Realty,Real Estate - Development,Micro,454.0,,260.0,23.0,2.94,388.9,233.3,33.1,0.0,,12.8,65.0,,,,,,,17087.0,0.3,
NSE:KAYA,Kaya Limited,Equity,NSE+BSE,539276,INE587G01015,BE,Fast Moving Consumer Goods,Household & Personal Products,Micro,453.0,,298.05,,-2.96,476.2,224.01,37.4,0.0,,,,,,,,,,36465.0,19.9,
NSE:INDOTHAI,Indo Thai Securities Limited,Equity,NSE+BSE,533676,INE337M01021,EQ,Financial Services,Capital Markets,Micro,453.0,,35.19,6.5,1.59,466.35,29.0,92.5,0.2,0.57,,8.4,,,,,,,2360002.0,538.7,
NSE:HALEOSLABS,HALEOS LABS LIMITED,Equity,NSE+BSE,540679,INE320X01016,EQ,Healthcare,Biotechnology,Micro,450.0,,1490.0,28.5,2.11,1774.0,1091.1,16.0,1.5,0.1,,48.2,,,,,,,835.0,13.2,
NSE:THOMASCOTT,Thomas Scott (India) Limited,Equity,NSE+BSE,533941,INE480M01011,EQ,Consumer Discretionary,Textile Manufacturing,Micro,449.0,,302.0,20.8,3.14,459.8,221.8,34.3,0.0,,,33.8,,,,,,,88971.0,2170.4,
NSE:SILINV,SIL Investments Limited,Equity,NSE+BSE,521194,INE923A01015,EQ,Financial Services,Asset Management,Micro,449.0,,424.0,9.0,0.18,767.0,380.0,44.7,2.5,0.59,,,,,,,,,2192.0,7.6,
NSE:ENIL,Entertainment Network (India) Limited,Equity,NSE+BSE,532700,INE265F01028,EQ,Media Entertainment & Telecom,Broadcasting,Micro,448.0,,94.0,,0.59,158.0,92.55,40.5,2.0,2.14,,22.5,,,,,,,35366.0,20.2,
NSE:NILASPACES,Nila Spaces Limited,Equity,NSE+BSE,542231,INE00S901012,EQ,Realty,Real Estate - Development,Micro,445.0,,11.3,14.5,2.54,19.97,10.85,43.4,0.0,,,46.0,,,,,,,968089.0,62.0,
NSE:MCLEODRUSS,Mcleod Russel India Limited,Equity,NSE+BSE,532654,INE942G01012,EQ,Fast Moving Consumer Goods,Packaged Foods,Micro,444.0,,42.51,,-8.8,78.41,28.5,45.8,0.0,,,,,,,,,,252765.0,131.9,
NSE:OSWALAGRO,Oswal Agro Mills Limited,Equity,NSE+BSE,500317,INE142A01012,EQ,Realty,Real Estate - Development,Micro,441.0,,32.81,,0.49,81.0,32.36,59.5,0.0,,,,,,,,,,41077.0,5.8,
NSE:BMWVENTLTD,BMW Ventures Limited,Equity,NSE+BSE,544543,INE965W01036,EQ,Materials,Steel,Micro,440.0,,50.7,11.0,1.0,73.2,48.0,30.7,3.0,5.9,,58.4,,,,,,,89612.0,25.2,
NSE:RAMANEWS,Shree Rama Newsprint Limited,Equity,NSE+BSE,500356,INE278B01020,EQ,Fast Moving Consumer Goods,Beverages - Non-Alcoholic,Micro,440.0,,29.22,,-5.22,42.0,27.05,30.4,0.0,,,,,,,,,,32948.0,4.7,
NSE:OILCOUNTUB,Oil Country Tubular Limited,Equity,NSE+BSE,500313,INE591A01010,BE,Oil Gas & Consumable Fuels,Oil & Gas Equipment & Services,Micro,439.0,,78.14,,2.06,82.17,35.65,4.9,0.0,,,12.6,,,,,,,35152.0,45.7,
NSE:RKSWAMY,R K Swamy Limited,Equity,NSE+BSE,544136,INE0NQ801033,EQ,Media Entertainment & Telecom,Advertising Agencies,Micro,439.0,,86.9,19.3,1.66,150.01,67.15,42.1,2.0,2.31,,21.3,,,,,,,56703.0,24.6,
NSE:ASAHISONG,Asahi Songwon Colors Limited,Equity,NSE+BSE,532853,INE228I01012,BE,Materials,Specialty Chemicals,Micro,438.0,,371.55,12.6,1.61,413.95,179.64,10.2,1.5,0.4,,48.1,,,,,,,42977.0,36.4,
NSE:REPRO,Repro India Limited,Equity,NSE+BSE,532687,INE461B01014,EQ,Capital Goods,Specialty Business Services,Micro,437.0,,304.8,4.5,1.25,590.0,276.1,48.3,0.0,,,53.1,,,,,,,30163.0,73.1,
NSE:OMAXAUTO,Omax Autos Limited,Equity,NSE+BSE,520021,INE090B01011,EQ,Consumer Discretionary,Auto Parts,Micro,437.0,,203.85,10.8,1.26,263.4,84.5,22.6,7.5,3.73,,15.2,,,,,,,77495.0,182.5,
NSE:MODINATUR,Modi Naturals Limited,Equity,NSE+BSE,519003,INE537F01012,EQ,Fast Moving Consumer Goods,Packaged Foods,Micro,436.0,,328.0,8.3,2.54,524.8,252.3,37.5,0.0,,,93.7,,,,,,,7494.0,20.1,
NSE:UYFINCORP,U. Y. Fincorp Limited,Equity,NSE+BSE,530579,INE152C01025,BE,Financial Services,Credit Services,Micro,435.0,,22.89,7.0,1.12,22.89,11.5,0.0,0.0,,,0.9,,,,,,,365163.0,94.1,
NSE:ADVANIHOTR,Advani Hotels & Resorts (India) Limited,Equity,NSE+BSE,523269,INE199C01026,EQ,Consumer Discretionary,Lodging,Micro,434.0,,46.98,18.9,0.84,65.5,46.75,28.3,2.7,5.75,,0.6,,,,,,,26044.0,15.8,
NSE:MEDICAMEQ,Medicamen Biotech Limited,Equity,NSE+BSE,531146,INE646B01010,BE,Healthcare,Drug Manufacturers - Specialty & Generic,Micro,433.0,,319.0,43.7,1.36,447.65,212.4,28.7,1.0,0.31,,17.3,,,,,,,48098.0,95.1,
NSE:MANOMAY,Manomay Tex India Limited,Equity,NSE+BSE,540396,INE784W01015,EQ,Consumer Discretionary,Textile Manufacturing,Micro,428.0,,237.14,21.2,2.5,259.88,160.25,8.8,0.0,,,203.4,,,,,,,144503.0,780.6,
NSE:VISHAL,Vishal Fabrics Limited,Equity,NSE+BSE,538598,INE755Q01025,EQ,Consumer Discretionary,Textile Manufacturing,Micro,427.0,,17.25,12.6,0.66,22.05,17.2,21.8,0.0,,,34.9,,,,,,,117111.0,8.3,
NSE:SARVESHWAR,Sarveshwar Foods Limited,Equity,NSE+BSE,543688,INE324X01026,EQ,Fast Moving Consumer Goods,Packaged Foods,Micro,426.0,,3.46,11.9,0.89,6.64,2.5,47.9,0.0,,,52.8,,,,,,,1662794.0,53.3,
NSE:POEL,POCL Enterprises Limited,Equity,NSE+BSE,539195,INE035S01028,EQ,Materials,Chemicals,Micro,425.0,,137.76,11.7,2.13,168.97,135.91,18.5,0.0,,,69.0,,,,,,,29787.0,50.6,
NSE:RAMAPHO,Rama Phosphates Limited,Equity,NSE+BSE,524037,INE809A01032,EQ,Materials,Agricultural Inputs,Micro,423.0,,119.61,7.9,1.0,217.19,103.5,44.9,0.75,0.62,,32.9,,,,,,,28474.0,50.3,
NSE:GUJAPOLLO,Gujarat Apollo Industries Limited,Equity,NSE+BSE,522217,INE826C01016,EQ,Capital Goods,Specialty Industrial Machinery,Micro,420.0,,324.0,72.6,0.83,494.0,300.5,34.4,2.0,0.62,,8.1,,,,,,,12972.0,39.9,
NSE:NDLVENTURE,NDL Ventures Limited,Equity,NSE+BSE,500189,INE353A01023,EQ,Media Entertainment & Telecom,Entertainment,Micro,419.0,,124.5,541.3,6.37,140.0,80.0,11.1,0.5,0.4,,,,,,,,,20549.0,11.1,
NSE:DONEAR,Donear Industries Limited,Equity,NSE+BSE,512519,INE668D01028,EQ,Consumer Discretionary,Textile Manufacturing,Micro,418.0,,80.32,9.1,1.51,116.51,77.6,31.1,0.2,0.25,,154.2,,,,,,,21641.0,9.6,
NSE:ABCOTS,A B Cotspin India Limited,Equity,NSE+BSE,544522,INE08PH01015,EQ,Consumer Discretionary,Textile Manufacturing,Micro,417.0,,190.0,29.9,2.72,474.9,181.73,60.0,0.0,,,95.8,,,,,,,17935.0,15.6,
NSE:AARTISURF,Aarti Surfactants Limited,Equity,NSE+BSE,543210,INE09EO01013,BE,Materials,Specialty Chemicals,Micro,417.0,,492.5,22.7,1.7,677.7,316.0,27.3,1.0,0.2,,42.5,,,,,,,41978.0,43.7,
NSE:HLVLTD,HLV LIMITED,Equity,NSE+BSE,500193,INE102A01024,EQ,Consumer Discretionary,Lodging,Micro,415.0,,6.29,89.9,0.88,11.94,5.6,47.3,0.0,,,7.5,,,,,,,189914.0,9.7,
NSE:CORDSCABLE,Cords Cable Industries Limited,Equity,NSE+BSE,532941,INE792I01017,BE,Capital Goods,Electrical Equipment & Parts,Micro,414.0,,320.0,16.8,2.06,406.95,127.01,21.4,1.2,0.38,,55.4,,,,,,,167136.0,107.1,
NSE:CYBERTECH,Cybertech Systems And Software Limited,Equity,NSE+BSE,532173,INE214A01019,BE,Information Technology,Information Technology Services,Micro,414.0,,136.79,13.4,2.01,274.8,95.3,50.2,4.0,2.94,,3.9,,,,,,,12919.0,18.5,
NSE:LANCER,Lancer Container Lines Limited,Equity,NSE+BSE,539841,INE359U01028,EQ,Capital Goods,Integrated Freight & Logistics,Micro,412.0,,11.07,22.6,0.41,149.7,10.1,92.6,0.0,,,4.2,,,,,,,380745.0,27.4,
NSE:WSI,W S Industries (I) Limited,Equity,NSE+BSE,504220,INE100D01014,EQ,Capital Goods,Engineering & Construction,Micro,409.0,,53.93,158.6,0.93,95.0,52.8,43.2,0.0,,,17.4,,,,,,,58429.0,21.0,
NSE:VRAJ,Vraj Iron and Steel Limited,Equity,NSE+BSE,544204,INE0S2V01010,EQ,Materials,Steel,Micro,402.0,,121.85,11.2,0.94,155.75,93.0,21.8,0.0,,,9.9,,,,,,,42175.0,28.3,
NSE:NAHARCAP,Nahar Capital and Financial Services Limited,Equity,NSE+BSE,532952,INE049I01012,EQ,Financial Services,Capital Markets,Micro,400.0,,238.7,3.4,0.25,307.0,191.0,22.2,1.5,0.63,,0.6,,,,,,,4486.0,12.3,
NSE:SBGLP,Suratwwala Business Group Limited,Equity,NSE+BSE,543218,INE05ST01028,EQ,Realty,Real Estate - Development,Micro,400.0,,23.08,9.7,3.86,40.9,18.35,43.6,0.12,0.53,,75.2,,,,,,,84612.0,7.5,
NSE:REMSONSIND,Remsons Industries Limited,Equity,NSE+BSE,530919,INE474C01023,EQ,Consumer Discretionary,Auto Parts,Micro,400.0,,114.0,23.0,2.67,152.45,75.23,25.2,0.3,0.27,,62.8,,,,,,,260264.0,408.6,
NSE:LORDSCHLO,Lords Chloro Alkali Limited,Equity,NSE+BSE,500284,INE846D01012,EQ,Materials,Chemicals,Micro,398.0,,139.0,11.4,1.64,233.0,108.0,40.3,0.0,,,71.7,,,,,,,24885.0,11.0,
NSE:ELIN,Elin Electronics Limited,Equity,NSE+BSE,543725,INE050401020,EQ,Capital Goods,Electrical Equipment & Parts,Micro,397.0,,79.78,,0.68,222.99,78.31,64.2,0.0,,,3.0,,,,,,,338861.0,343.8,
NSE:GVKPIL,GVK Power & Infrastructure Limited,Equity,NSE+BSE,532708,INE251H01024,BE,Power,Utilities - Independent Power Producers,Micro,396.0,,2.51,,-0.26,3.66,2.04,31.4,0.0,,,,,,,,,,807427.0,6.8,
NSE:DISHTV,Dish TV India Limited,Equity,NSE+BSE,532839,INE836F01026,EQ,Media Entertainment & Telecom,Entertainment,Micro,396.0,,2.15,,-0.1,5.03,1.82,57.3,0.0,,,,,,,,,,1249818.0,58.4,
NSE:SAHYADRI,Sahyadri Industries Limited,Equity,NSE+BSE,532841,INE280H01015,EQ,Capital Goods,Building Products & Equipment,Micro,394.0,,360.0,8.8,0.97,408.95,200.1,12.0,4.0,1.12,,4.1,,,,,,,20280.0,39.8,
NSE:SHIVACEM,Shiva Cement Limited,Equity,NSE+BSE,532323,INE555C01029,EQ,Materials,Building Materials,Micro,394.0,,13.37,,-17.97,17.15,12.8,22.0,0.0,,,,,,,,,,83338.0,39.1,
NSE:DENORA,De Nora India Limited,Equity,NSE+BSE,590031,INE244A01016,EQ,Capital Goods,Electrical Equipment & Parts,Micro,394.0,,742.0,32.3,3.05,960.35,559.0,22.7,4.0,0.55,,,,,,,,,6052.0,83.2,
NSE:SINCLAIR,Sinclairs Hotels Limited,Equity,NSE+BSE,523023,INE985A01022,EQ,Consumer Discretionary,Lodging,Micro,393.0,,76.71,36.5,3.4,101.13,68.82,24.1,0.8,1.04,,28.4,,,,,,,28870.0,13.1,
NSE:AQYLON,Aqylon Nexus Limited,Equity,NSE+BSE,530943,INE416A01051,EQ,Media Entertainment & Telecom,Broadcasting,Micro,392.0,,15.45,13.8,-68.06,1714.9,15.45,99.1,0.0,,,,,,,,,,2940716.0,104.6,
NSE:MANAKSIA,Manaksia Limited,Equity,NSE+BSE,532932,INE015D01022,EQ,Capital Goods,Metal Fabrication,Micro,392.0,,59.85,6.2,0.54,73.4,42.1,18.5,0.0,,,4.1,,,,,,,52533.0,17.8,
NSE:VTMLTD,VTM Limited,Equity,NSE+BSE,532893,INE222F01029,EQ,Consumer Discretionary,Textile Manufacturing,Micro,392.0,,38.99,46.4,,61.9,22.95,37.0,0.0,,,23.8,,,,,,,69861.0,38.7,
NSE:VINYLINDIA,Vinyl Chemicals (India) Limited,Equity,NSE+BSE,524129,INE250B01029,EQ,Materials,Specialty Chemicals,Micro,391.0,,213.25,20.9,3.0,309.0,161.0,31.0,7.0,3.27,,0.4,,,,,,,8797.0,6.7,
NSE:AEPL,Artemis Electricals and Projects Limited,Equity,NSE+BSE,542670,INE757T01025,EQ,Capital Goods,Electrical Equipment & Parts,Micro,389.0,,15.51,44.3,4.18,20.25,13.25,23.4,0.0,,,1.8,,,,,,,75147.0,5.0,
NSE:DAVANGERE,Davangere Sugar Company Limited,Equity,NSE+BSE,543267,INE179G01029,EQ,Fast Moving Consumer Goods,Confectioners,Micro,387.0,,2.28,45.6,0.88,5.5,1.74,58.5,0.0,,,60.2,,,,,,,16680325.0,198.8,
NSE:XTGLOBAL,Xtglobal Infotech Limited,Equity,NSE+BSE,531225,INE547B01028,EQ,Information Technology,Software - Application,Micro,386.0,,28.8,33.9,2.65,43.7,25.2,34.1,0.1,0.35,,23.8,,,,,,,88371.0,5.8,
NSE:MIRZAINT,Mirza International Limited,Equity,NSE+BSE,526642,INE771A01026,EQ,Consumer Discretionary,Footwear & Accessories,Micro,384.0,,27.78,,0.68,43.3,24.95,35.8,0.0,,,3.7,,,,,,,319668.0,15.9,
NSE:BATLIBOI,Batliboi Limited,Equity,NSE+BSE,522004,INE177C01022,EQ,Capital Goods,Specialty Industrial Machinery,Micro,384.0,,81.27,40.8,1.66,106.5,15.7,23.7,0.6,0.73,,37.1,,,,,,,72884.0,21.1,
NSE:RADIANTCMS,Radiant Cash Management Services Limited,Equity,NSE+BSE,543732,INE855R01021,EQ,Capital Goods,Specialty Business Services,Micro,384.0,,36.0,12.3,1.39,57.49,32.33,37.4,2.5,6.97,,70.5,,,,,,,268389.0,31.2,
NSE:MAJESAUT,Majestic Auto Limited,Equity,NSE+BSE,500267,INE201B01022,BE,Realty,Real Estate Services,Micro,381.0,,366.4,3.9,0.57,500.0,274.0,26.7,50.0,13.65,,2.3,,,,,,,11311.0,4.1,
NSE:KOTHARIPRO,Kothari Products Limited,Equity,NSE+BSE,530299,INE823A01017,EQ,Capital Goods,Conglomerates,Micro,381.0,,63.8,18.8,0.33,100.42,58.0,36.5,0.0,,,8.5,,,,,,,10773.0,4.4,
NSE:BIRLAPREC,Birla Precision Technologies Limited,Equity,NSE+BSE,522105,INE372E01025,BE,Capital Goods,Tools & Accessories,Micro,380.0,,55.61,27.8,2.15,63.49,35.65,12.4,0.05,0.09,,30.4,,,,,,,325587.0,119.1,
NSE:GOKUL,Gokul Refoils and Solvent Limited,Equity,NSE+BSE,532980,INE020J01029,EQ,Fast Moving Consumer Goods,Packaged Foods,Micro,379.0,,38.25,18.3,1.04,46.8,31.0,18.3,0.0,,,106.4,,,,,,,175185.0,82.3,
NSE:QMSMEDI,QMS Medical Allied Services Limited,Equity,NSE,,INE0FMW01018,BE,Healthcare,Medical Instruments & Supplies,Micro,378.0,,195.67,37.3,6.6,216.79,68.95,9.7,0.5,0.26,,65.4,,,,,,,43788.0,138.6,
NSE:MONEYBOXX,Moneyboxx Finance Limited,Equity,NSE+BSE,538446,INE296Q01012,BE,Financial Services,Credit Services,Micro,377.0,,54.0,284.2,1.27,91.5,35.85,41.0,0.0,,,228.0,,,,,,,61378.0,24.2,
NSE:MANORG,Mangalam Organics Limited,Equity,NSE+BSE,514418,INE370D01013,EQ,Materials,Specialty Chemicals,Micro,373.0,,436.0,18.3,1.25,635.0,356.25,31.3,0.0,,,112.7,,,,,,,10339.0,23.9,
NSE:NILE,Nile Limited,Equity,NSE+BSE,530129,INE445D01013,EQ,Materials,Other Industrial Metals & Mining,Micro,372.0,,1240.0,7.7,1.18,1560.1,1203.5,20.5,0.0,,,3.8,,,,,,,3672.0,83.7,
NSE:NICCOPAR,Nicco Parks & Resorts Limited,Equity,NSE+BSE,526721,INE653C01022,EQ,Consumer Discretionary,Leisure,Micro,372.0,,79.5,63.1,3.56,98.99,72.0,19.7,1.0,1.26,,0.4,,,,,,,14140.0,0.4,
NSE:AUTOIND,Autoline Industries Limited,Equity,NSE+BSE,532797,INE718H01014,EQ,Consumer Discretionary,Auto Parts,Micro,372.0,,82.0,9.2,1.89,104.0,48.35,21.2,0.0,,,164.6,,,,,,,195178.0,114.7,
NSE:MARKOLINES,Markolines Pavement Technologies Limited,Equity,NSE+BSE,543364,INE0FW001016,EQ,Capital Goods,Infrastructure Operations,Micro,372.0,,168.85,13.9,1.84,191.75,131.65,11.9,0.0,,,42.6,,,,,,,259858.0,346.9,
NSE:GOACARBON,Goa Carbon Limited,Equity,NSE+BSE,509567,INE426D01013,EQ,Materials,Specialty Chemicals,Micro,372.0,,406.0,,2.2,494.9,272.85,18.0,0.0,,,99.3,,,,,,,49439.0,74.7,
NSE:LIBERTSHOE,Liberty Shoes Limited,Equity,NSE+BSE,526596,INE557B01019,EQ,Consumer Discretionary,Footwear & Accessories,Micro,371.0,,217.6,43.4,1.58,348.75,210.5,37.6,0.0,,,71.1,,,,,,,70004.0,35.5,
NSE:NIMBSPROJ,Nimbus Projects Limited,Equity,NSE+BSE,511714,INE875B01015,EQ,Realty,Real Estate - Development,Micro,371.0,,191.8,,0.45,231.23,141.04,17.1,0.0,,,85.1,,,,,,,32470.0,78.1,
NSE:JKIPL,Jinkushal Industries Limited,Equity,NSE+BSE,544547,INE1FF001016,EQ,Capital Goods,Industrial Distribution,Micro,370.0,,96.5,43.3,1.91,125.0,45.4,22.8,0.0,,,49.7,,,,,,,28474.0,10.3,
NSE:ACL,Andhra Cements Limited,Equity,NSE+BSE,532141,INE666E01020,EQ,Materials,Building Materials,Micro,369.0,,39.99,,4.57,85.57,38.4,53.3,0.0,,,1395.9,,,,,,,15374.0,4.2,
NSE:ALMONDZ,Almondz Global Securities Limited,Equity,NSE+BSE,531400,INE326B01035,BE,Financial Services,Capital Markets,Micro,367.0,,19.2,10.1,1.27,21.92,10.68,12.4,0.0,,,16.8,,,,,,,284583.0,20.5,
NSE:MBLINFRA,MBL Infrastructure Limited,Equity,NSE+BSE,533152,INE912H01013,EQ,Capital Goods,Engineering & Construction,Micro,366.0,,23.5,,0.36,45.6,18.37,48.5,0.0,,,103.5,,,,,,,33921.0,21.8,
NSE:NDL,Nandan Denim Limited,Equity,NSE+BSE,532641,INE875G01048,EQ,Consumer Discretionary,Textile Manufacturing,Micro,366.0,,2.54,,0.56,3.48,1.8,27.0,0.0,,,18.0,,,,,,,1374076.0,24.1,
NSE:FOODSIN,Foods & Inns Limited,Equity,NSE+BSE,507552,INE976E01023,EQ,Fast Moving Consumer Goods,Packaged Foods,Micro,364.0,,49.51,14.9,0.63,88.9,44.0,44.3,0.3,0.61,,76.3,,,,,,,107339.0,48.7,
NSE:ESSARSHPNG,Essar Shipping Limited,Equity,NSE+BSE,533704,INE122M01019,EQ,Capital Goods,Marine Shipping,Micro,364.0,,17.5,4.0,-0.17,43.26,15.43,59.5,0.0,,,,,,,,,,404371.0,285.1,
NSE:AVONMORE,Avonmore Capital & Management Services Limited,Equity,NSE+BSE,511589,INE323B01024,EQ,Financial Services,Capital Markets,Micro,364.0,,12.89,23.9,0.88,20.39,9.05,36.8,0.0,,,4.9,,,,,,,266514.0,12.0,
NSE:BANSWRAS,Banswara Syntex Limited,Equity,NSE+BSE,503722,INE629D01020,EQ,Consumer Discretionary,Textile Manufacturing,Micro,364.0,,106.45,9.8,0.62,144.0,93.73,26.1,1.0,0.95,5.5,81.2,,,,,,,41470.0,23.8,
NSE:FOCUS,Focus Lighting and Fixtures Limited,Equity,NSE,,INE593W01028,BE,Consumer Discretionary,"Furnishings, Fixtures & Appliances",Micro,364.0,,54.1,71.2,2.49,98.87,53.7,45.3,0.0,,,14.3,,,,,,,33434.0,46.0,
NSE:TARACHAND,Tara Chand InfraLogistic Solutions Limited,Equity,NSE,,INE555Z01020,EQ,Capital Goods,Farm & Heavy Construction Machinery,Micro,363.0,,46.05,15.7,2.43,103.67,45.16,55.6,0.2,0.43,20.6,92.8,,,,,,,100438.0,19.0,
NSE:EUROBOND,Euro Panel Products Limited,Equity,NSE+BSE,544461,INE505V01016,EQ,Capital Goods,Building Products & Equipment,Micro,363.0,,148.29,14.2,2.27,225.89,126.3,34.4,0.0,,,100.9,,,,,,,6212.0,3.3,
NSE:MUTHOOTCAP,Muthoot Capital Services Limited,Equity,NSE+BSE,511766,INE296G01013,EQ,Financial Services,Credit Services,Micro,363.0,,220.78,15.2,0.54,303.0,175.25,27.1,0.0,,,482.1,,,,,,,18639.0,18.7,
NSE:S&SPOWER,S&S Power Switchgears Limited,Equity,NSE+BSE,517273,INE902B01017,EQ,Capital Goods,Electrical Equipment & Parts,Micro,362.0,,293.0,44.7,4.06,444.95,193.5,34.1,0.0,,,44.2,,,,,,,4491.0,6.1,
NSE:BEDMUTHA,Bedmutha Industries Limited,Equity,NSE+BSE,533270,INE844K01012,EQ,Materials,Steel,Micro,358.0,,111.05,21.4,2.36,144.0,94.55,22.9,0.0,,,137.0,,,,,,,4196.0,5.4,
NSE:VPRPL,Vishnu Prakash R Punglia Limited,Equity,NSE+BSE,543974,INE0AE001013,EQ,Capital Goods,Engineering & Construction,Micro,357.0,,28.5,,0.56,100.42,23.94,71.6,0.0,,,103.1,,,,,,,610582.0,144.9,
NSE:VARDHACRLC,Vardhman Acrylics Limited,Equity,NSE,,INE116G01013,BE,Consumer Discretionary,Textile Manufacturing,Micro,357.0,,44.39,8.6,1.4,48.55,27.01,8.6,1.5,3.38,,,,,,,,,33312.0,27.5,
NSE:SURAJLTD,Suraj Limited,Equity,NSE+BSE,531638,INE713C01016,EQ,Materials,Steel,Micro,355.0,,193.5,42.7,2.58,348.65,190.0,44.5,3.0,1.55,,43.8,,,,,,,2116.0,1.1,
NSE:RRECL,RDB Real Estate Constructions Limited,Equity,NSE+BSE,544346,INE0AK901016,EQ,Realty,Real Estate Services,Micro,355.0,,135.0,,1.43,152.0,111.2,11.2,0.0,,,209.9,,,,,,,697.0,0.4,
NSE:NURECA,Nureca Limited,Equity,NSE+BSE,543264,INE0DSF01015,BE,Healthcare,Medical Devices,Micro,351.0,,350.8,77.8,1.85,376.0,204.0,6.7,0.0,,,1.2,,,,,,,35517.0,20.2,
NSE:VIJIFIN,Viji Finance Limited,Equity,NSE+BSE,537820,INE159N01027,BE,Financial Services,Credit Services,Micro,350.0,,15.16,65.9,9.28,17.24,2.01,12.1,0.0,,,31.0,,,,,,,254611.0,3.5,
NSE:EMAMIREAL,Emami Realty Limited,Equity,NSE+BSE,533218,INE778K01012,EQ,Realty,Real Estate - Development,Micro,349.0,,67.02,,-1.18,115.3,48.2,41.9,0.0,,,,,,,,,,11827.0,3.9,
NSE:TRANSWORLD,TRANSWORLD SHIPPING LINES LIMITED,Equity,NSE+BSE,520151,INE757B01015,BE,Capital Goods,Marine Shipping,Micro,349.0,,159.0,,0.52,258.0,111.56,38.4,1.5,0.94,,44.8,,,,,,,7288.0,2.2,
NSE:AAREYDRUGS,Aarey Drugs & Pharmaceuticals Limited,Equity,NSE+BSE,524412,INE198H01019,EQ,Healthcare,Drug Manufacturers - Specialty & Generic,Micro,349.0,,104.5,81.0,1.98,107.85,50.31,3.1,0.0,,,40.4,,,,,,,150644.0,476.5,
NSE:IGCL,Indogulf Cropsciences Limited,Equity,NSE+BSE,544432,INE05J901018,EQ,Materials,Agricultural Inputs,Micro,347.0,,54.9,9.0,0.6,111.4,49.46,50.7,0.0,,,39.9,,,,,,,141580.0,125.8,
NSE:ORIENTPPR,Orient Paper & Industries Limited,Equity,NSE+BSE,502420,INE592A01026,EQ,Materials,Paper & Paper Products,Micro,347.0,,16.35,,0.24,27.59,13.25,40.7,0.0,,,19.9,,,,,,,278805.0,24.3,
NSE:PAKKA,PAKKA LIMITED,Equity,NSE+BSE,516030,INE551D01018,EQ,Materials,Paper & Paper Products,Micro,347.0,,72.75,50.2,0.71,159.9,69.1,54.5,0.0,,,99.4,,,,,,,156126.0,27.7,
NSE:DEVX,Dev Accelerator Limited,Equity,NSE+BSE,544513,INE0VOV01021,EQ,Realty,Real Estate Services,Micro,345.0,,36.5,29.0,2.13,54.0,29.95,32.4,0.0,,,199.5,,,,,,,109740.0,28.5,
NSE:GINNIFILA,Ginni Filaments Limited,Equity,NSE+BSE,590025,INE424C01010,BE,Consumer Discretionary,Textile Manufacturing,Micro,343.0,,40.1,9.7,1.44,57.85,31.5,30.7,0.0,,,17.4,,,,,,,61658.0,7.7,
NSE:KALYANIFRG,Kalyani Forge Limited,Equity,NSE+BSE,513509,INE314G01014,BE,Consumer Discretionary,Auto Parts,Micro,343.0,,942.0,27.7,3.59,1192.25,523.6,21.0,4.0,0.42,,110.5,,,,,,,9668.0,14.4,
NSE:RUBFILA,Rubfila International Limited,Equity,NSE+BSE,500367,INE642C01025,EQ,Materials,Specialty Chemicals,Micro,342.0,,63.0,13.3,1.08,86.0,57.31,26.7,2.0,3.16,8.4,0.3,,,,,,,38428.0,28.3,
NSE:ABMKNO,ABM Knowledgeware Limited,Equity,NSE+BSE,531161,INE850B01026,EQ,Information Technology,Software - Application,Micro,339.0,,169.47,40.2,1.15,200.0,161.55,15.3,1.25,0.74,,,,,,,,,1503.0,1.7,
NSE:TRACXN,Tracxn Technologies Limited,Equity,NSE+BSE,543638,INE0HMF01019,EQ,Information Technology,Software - Application,Micro,339.0,,31.66,,6.43,55.9,25.39,43.4,0.0,,,,,,,,,,156486.0,41.4,
NSE:AFIL,Akme Fintrade (India) Limited,Equity,NSE+BSE,544200,INE916Y01027,EQ,Financial Services,Credit Services,Micro,339.0,,7.94,7.9,0.8,11.1,3.92,28.5,0.0,,,118.8,,,,,,,622582.0,15.6,
NSE:TOLINS,Tolins Tyres Limited,Equity,NSE+BSE,544254,INE0RWQ01014,EQ,Consumer Discretionary,Auto Parts,Micro,337.0,,85.3,10.5,0.93,197.69,83.04,56.9,0.0,,,3.0,,,,,,,42924.0,40.4,
NSE:KESORAMIND,Kesoram Industries Limited,Equity,NSE+BSE,502937,INE087A01019,EQ,Materials,Building Materials,Micro,336.0,,10.8,,0.91,14.26,4.55,24.3,0.0,,,59.0,,,,,,,428847.0,63.9,
NSE:HARRMALAYA,Harrisons  Malayalam Limited,Equity,NSE+BSE,500467,INE544A01019,EQ,Fast Moving Consumer Goods,Farm Products,Micro,336.0,,182.3,12.4,1.88,237.9,153.66,23.4,0.0,,,62.1,,,,,,,16478.0,15.3,
NSE:INSPIRISYS,Inspirisys Solutions Limited,Equity,NSE+BSE,532774,INE020G01017,EQ,Information Technology,Information Technology Services,Micro,333.0,,83.99,9.0,3.32,133.9,69.92,37.3,0.0,,,82.3,,,,,,,4826.0,5.0,
NSE:KRITINUT,Kriti Nutrients Limited,Equity,NSE+BSE,533210,INE798K01010,EQ,Fast Moving Consumer Goods,Packaged Foods,Micro,332.0,,66.32,10.0,1.45,102.99,51.36,35.6,0.3,0.34,,4.0,,,,,,,18871.0,30.1,
NSE:SHEMAROO,Shemaroo Entertainment Limited,Equity,NSE+BSE,538685,INE363M01019,EQ,Media Entertainment & Telecom,Entertainment,Micro,331.0,,115.22,,1.17,143.0,73.0,19.4,0.0,,,112.9,,,,,,,10140.0,6.2,
NSE:PPAP,PPAP Automotive Limited,Equity,NSE+BSE,532934,INE095I01015,BE,Consumer Discretionary,Auto Parts,Micro,331.0,,233.9,7.1,0.97,379.5,176.0,38.4,2.5,1.09,,60.8,,,,,,,124256.0,15.4,
NSE:DCMSRIND,DCM Shriram Industries Limited,Equity,NSE+BSE,523369,INE843D01027,EQ,Fast Moving Consumer Goods,Confectioners,Micro,330.0,,37.89,24.0,0.9,180.0,31.9,79.0,0.4,1.06,,116.6,,,,,,,317866.0,70.6,
NSE:HCL-INSYS,HCL Infosystems Limited,Equity,NSE+BSE,500179,INE236A01020,EQ,Information Technology,Electronics & Computer Distribution,Micro,330.0,,10.02,,-1.11,16.5,9.01,39.3,0.0,,,,,,,,,,234035.0,31.4,
NSE:SWISSMLTRY,Swiss Military Consumer Goods Limited,Equity,NSE+BSE,523558,INE010C01025,BE,Consumer Discretionary,Apparel Manufacturing,Micro,330.0,,13.99,46.6,2.35,18.5,13.11,24.4,0.1,0.72,,11.6,,,,,,,151391.0,8.7,
NSE:CINELINE,Cineline India Limited,Equity,NSE+BSE,532807,INE704H01022,EQ,Media Entertainment & Telecom,Entertainment,Micro,328.0,,86.0,23.8,1.9,104.4,73.35,17.6,1.25,1.45,,77.9,,,,,,,33586.0,9.2,
NSE:DREAMFOLKS,Dreamfolks Services Limited,Equity,NSE+BSE,543591,INE0JS101016,EQ,Capital Goods,Airports & Air Services,Micro,328.0,,61.57,,1.04,160.0,56.0,61.5,0.0,,,3.9,,,,,,,53427.0,44.3,
NSE:OMFREIGHT,Om Freight Forwarders Limited,Equity,NSE+BSE,544564,INE1BZC01019,BE,Capital Goods,Integrated Freight & Logistics,Micro,327.0,,97.0,16.2,1.57,114.33,58.95,15.2,0.0,,,24.3,,,,,,,11948.0,25.8,
NSE:KOTYARK,Kotyark Industries Limited,Equity,NSE+BSE,544726,INE0J0B01017,EQ,Materials,Specialty Chemicals,Micro,325.0,,28.75,,1.8,45.5,17.38,36.8,0.45,1.61,,35.6,,,,,,,224168.0,56.4,
NSE:PKTEA,The Peria Karamalai Tea & Produce Company Limited,Equity,NSE,,INE431F01018,BE,Fast Moving Consumer Goods,Farm Products,Micro,325.0,,1050.0,,0.72,1169.0,605.0,10.2,0.75,0.07,,10.1,,,,,,,4239.0,11.0,
NSE:QUINT,Quint Digital Limited,Equity,NSE+BSE,539515,INE641R01017,BE,Media Entertainment & Telecom,Entertainment,Micro,325.0,,68.74,10.1,1.0,90.0,35.58,23.6,0.0,,,39.0,,,,,,,79647.0,25.5,
NSE:BELLACASA,Bella Casa Fashion & Retail Limited,Equity,NSE+BSE,539399,INE344T01014,EQ,Consumer Discretionary,Textile Manufacturing,Micro,325.0,,243.0,18.1,1.9,497.35,214.68,51.1,2.0,0.83,,47.1,,,,,,,13989.0,24.3,
NSE:CPEDU,Career Point Edutech Limited,Equity,NSE+BSE,544499,INE0P6P01016,EQ,Fast Moving Consumer Goods,Education & Training Services,Micro,324.0,,178.3,13.7,,338.75,141.0,47.4,5.0,2.84,,,,,,,,,12160.0,4.5,
NSE:VGL,VARVEE GLOBAL LIMITED,Equity,NSE+BSE,514274,INE273D01027,EQ,Consumer Discretionary,Textile Manufacturing,Micro,324.0,,62.95,,4.21,84.75,43.7,25.7,0.0,,,3.7,,,,,,,100397.0,42.3,
NSE:KRITI,Kriti Industries (India) Limited,Equity,NSE+BSE,526423,INE479D01038,EQ,Capital Goods,Building Products & Equipment,Micro,323.0,,61.25,,1.45,132.9,53.0,53.9,0.0,,,41.0,,,,,,,17439.0,4.7,
NSE:HILINFRA,Highway Infrastructure Limited,Equity,NSE+BSE,544477,INE00RL01028,EQ,Capital Goods,Infrastructure Operations,Micro,323.0,,45.0,12.1,1.33,86.35,40.1,47.9,0.0,,,45.4,,,,,,,87522.0,534.7,
NSE:TREJHARA,TREJHARA SOLUTIONS LIMITED,Equity,NSE+BSE,542233,INE00CA01015,EQ,Information Technology,Software - Application,Micro,321.0,,133.0,24.9,1.02,284.85,127.03,53.3,0.0,,,7.6,,,,,,,30301.0,38.9,
NSE:PONNIERODE,Ponni Sugars (Erode) Limited,Equity,NSE+BSE,532460,INE838E01017,EQ,Fast Moving Consumer Goods,Confectioners,Micro,319.0,,371.5,6.5,0.56,455.0,252.4,18.4,5.0,1.34,,,,,,,,,52217.0,145.3,
NSE:SHAH,Shah Metacorp Limited,Equity,NSE+BSE,533275,INE482J01021,EQ,Materials,Steel,Micro,317.0,,3.09,20.6,0.93,5.88,2.56,47.4,0.0,,,77.5,,,,,,,7668590.0,42.0,
NSE:GEEKAYWIRE,Geekay Wires Limited,Equity,NSE,,INE669X01032,EQ,Capital Goods,Electrical Equipment & Parts,Micro,316.0,,30.25,19.9,0.18,36.8,18.51,17.8,0.35,1.2,17.4,88.9,,,,,,,217137.0,62.2,
NSE:GULFPETRO,GP Petroleums Limited,Equity,NSE+BSE,532543,INE586G01017,BE,Oil Gas & Consumable Fuels,Oil & Gas Refining & Marketing,Micro,316.0,,62.0,7.8,0.89,71.4,23.25,13.2,0.5,0.8,,6.6,,,,,,,200899.0,86.9,
NSE:CLEDUCATE,CL Educate Limited,Equity,NSE+BSE,540403,INE201M01029,EQ,Fast Moving Consumer Goods,Education & Training Services,Micro,315.0,,57.96,,1.23,94.48,35.48,38.7,0.0,,,109.0,,,,,,,22111.0,6.6,
NSE:DAMODARIND,Damodar Industries Limited,Equity,NSE+BSE,521220,INE497D01022,BE,Consumer Discretionary,Textile Manufacturing,Micro,313.0,,26.89,10.9,0.42,37.2,20.0,27.7,0.0,,,113.3,,,,,,,4247.0,3.2,
NSE:UCAL,UCAL LIMITED,Equity,NSE+BSE,500464,INE139B01016,BE,Consumer Discretionary,Auto Parts,Micro,313.0,,141.4,,0.96,163.8,77.0,13.7,0.0,,,56.9,,,,,,,30518.0,28.2,
NSE:DIGISPICE,DiGiSPICE Technologies Limited,Equity,NSE+BSE,517214,INE927C01020,EQ,Financial Services,Financial Conglomerates,Micro,313.0,,14.99,16.1,1.57,28.98,14.4,48.3,0.0,,,35.4,,,,,,,87707.0,7.7,
NSE:HPAL,HP Adhesives Limited,Equity,NSE+BSE,543433,INE0GSL01024,EQ,Materials,Specialty Chemicals,Micro,312.0,,33.96,169.8,1.65,53.0,26.52,35.9,0.4,1.18,,2.3,,,,,,,84160.0,17.0,
NSE:AVG,AVG Logistics Limited,Equity,NSE+BSE,543910,INE680Z01018,BE,Capital Goods,Integrated Freight & Logistics,Micro,312.0,,166.9,9.5,0.93,264.43,116.66,36.9,1.2,0.72,,81.0,,,,,,,20658.0,8.7,
NSE:VERTOZ,Vertoz Limited,Equity,NSE,,INE188Y01031,EQ,Information Technology,Software - Infrastructure,Micro,311.0,,36.45,11.5,1.44,76.8,27.02,52.5,0.1,0.28,,38.6,,,,,,,43347.0,7.3,
NSE:DCMNVL,DCM Nouvelle Limited,Equity,NSE+BSE,542729,INE08KP01019,EQ,Consumer Discretionary,Textile Manufacturing,Micro,310.0,,166.01,10.6,0.94,198.58,95.6,16.4,0.0,,,98.4,,,,,,,16817.0,15.9,
NSE:ANNU,Annu Projects Limited,Equity,NSE+BSE,544893,INE103001017,EQ,Capital Goods,Infrastructure Operations,Micro,310.0,,47.37,9.4,1.46,75.6,46.55,37.3,0.0,,23.8,33.8,,,,,,,1229273.0,291.4,
NSE:KCPSUGIND,KCP Sugar and Industries Corporation Limited,Equity,NSE+BSE,533192,INE790B01024,BE,Fast Moving Consumer Goods,Confectioners,Micro,307.0,,26.88,8.0,0.66,36.47,21.45,26.3,0.1,0.37,,27.8,,,,,,,433144.0,36.2,
NSE:AKSHARCHEM,AksharChem India Limited,Equity,NSE+BSE,524598,INE542B01011,BE,Materials,Specialty Chemicals,Micro,305.0,,379.85,21.7,1.17,472.0,141.3,19.5,0.5,0.13,,41.5,,,,,,,11585.0,19.5,
NSE:DBEIL,Deepak Builders & Engineers India Limited,Equity,NSE+BSE,544276,INE0OPA01027,EQ,Capital Goods,Engineering & Construction,Micro,305.0,,6.54,,0.69,17.82,5.15,63.3,0.1,1.4,,39.8,,,,,,,245166.0,9.2,
NSE:SHANKARA,Shankara Building Products Limited,Equity,NSE+BSE,540425,INE274V01019,EQ,Consumer Discretionary,Home Improvement Retail,Micro,304.0,,125.46,61.2,0.68,169.24,98.25,25.9,3.0,2.61,0.9,42.9,,,,,,,168106.0,97.8,
NSE:MODIRUBBER,Modi Rubber Limited,Equity,NSE,,INE832A01018,EQ,Realty,Real Estate Services,Micro,304.0,,121.47,12147.0,0.45,167.5,98.41,27.5,0.0,,,3.4,,,,,,,3800.0,1.9,
NSE:RUCHIRA,Ruchira Papers Limited,Equity,NSE+BSE,532785,INE803H01014,EQ,Materials,Paper & Paper Products,Micro,304.0,,101.77,9.1,0.61,151.25,95.17,32.7,2.5,2.47,,37.0,,,,,,,44289.0,19.9,
NSE:SAYAJIIND,Sayaji Industries Limited,Equity,NSE+BSE,540728,INE327G01032,EQ,Fast Moving Consumer Goods,Farm Products,Micro,302.0,,119.5,4.1,3.09,125.95,106.5,5.1,0.0,,,236.5,,,,,,,1521.0,2.1,
NSE:APOLSINHOT,Apollo Sindoori Hotels Limited,Equity,NSE,,INE451F01024,EQ,Capital Goods,Specialty Business Services,Micro,301.0,,1156.0,36.0,1.91,1440.0,950.0,19.7,3.0,0.26,,57.8,,,,,,,2047.0,8.9,
NSE:ASHIMASYN,Ashima Limited,Equity,NSE+BSE,514286,INE440A01010,EQ,Realty,Real Estate - Development,Micro,297.0,,15.48,,1.07,23.5,11.5,34.1,0.0,,,59.3,,,,,,,194902.0,24.7,
NSE:LYKALABS,Lyka Labs Limited,Equity,NSE+BSE,500259,INE933A01014,BE,Healthcare,Biotechnology,Micro,295.0,,81.55,,3.15,100.94,44.1,19.2,0.0,,,53.8,,,,,,,17813.0,2.2,
NSE:MEGASTAR,Megastar Foods Limited,Equity,NSE+BSE,541352,INE00EM01016,EQ,Fast Moving Consumer Goods,Packaged Foods,Micro,294.0,,260.3,30.3,2.86,392.0,204.4,33.6,0.0,,,127.7,,,,,,,15127.0,15.9,
NSE:ATLANTAA,ATLANTAA LIMITED,Equity,NSE+BSE,532759,INE285H01022,EQ,Capital Goods,Infrastructure Operations,Micro,293.0,,35.99,,1.38,73.39,31.52,51.0,0.0,,,148.3,,,,,,,79627.0,162.3,
NSE:AMBALALSA,Ambalal Sarabhai Enterprises Limited,Equity,NSE+BSE,500009,INE432A01017,BE,Healthcare,Drug Manufacturers - Specialty & Generic,Micro,291.0,,37.93,21.4,1.84,49.98,30.15,24.1,0.0,,,35.7,,,,,,,166400.0,22.3,
NSE:AXITA,Axita Cotton Limited,Equity,NSE+BSE,542285,INE02EZ01022,EQ,Consumer Discretionary,Textile Manufacturing,Micro,291.0,,7.6,84.4,4.48,12.2,6.57,37.7,0.05,0.66,,,,,,,,,724206.0,89.9,
NSE:IITL,Industrial Investment Trust Limited,Equity,NSE+BSE,501295,INE886A01014,EQ,Financial Services,Credit Services,Micro,291.0,,139.0,,0.73,215.0,108.0,35.3,0.0,,,0.5,,,,,,,117626.0,121.5,
NSE:VARDMNPOLY,Vardhman Polytex Limited,Equity,NSE+BSE,514175,INE835A01029,EQ,Consumer Discretionary,Textile Manufacturing,Micro,289.0,,5.69,0.9,-1.27,9.49,5.1,40.0,0.0,,,,,,,,,,212177.0,7.8,
NSE:STARTECK,Starteck Finance Limited,Equity,NSE+BSE,512381,INE992I01013,EQ,Financial Services,Credit Services,Micro,288.0,,291.0,11.8,1.1,350.0,215.1,16.9,0.25,0.09,,133.5,,,,,,,6080.0,4.8,
NSE:AASTHA,Aastha Spintex Limited,Equity,NSE+BSE,544808,INE2FMX01012,EQ,Consumer Discretionary,Textile Manufacturing,Micro,286.0,,32.45,12.1,1.65,70.0,32.45,53.6,0.05,0.15,,66.5,,,,,,,5328403.0,190.5,
NSE:HALDER,Halder Venture Limited,Equity,NSE+BSE,539854,INE115S01010,EQ,Fast Moving Consumer Goods,Farm Products,Micro,284.0,,228.1,10.8,1.59,319.0,210.0,28.5,0.0,,,197.4,,,,,,,24101.0,4.4,
NSE:ANNAPURNA,Annapurna Swadisht Limited,Equity,NSE,,INE0MGM01017,EQ,Fast Moving Consumer Goods,Packaged Foods,Micro,283.0,,129.5,9.0,0.8,287.0,120.75,54.9,0.0,,,69.3,,,,,,,59077.0,52.1,
NSE:DYNPRO,Dynemic Products Limited,Equity,NSE+BSE,532707,INE256H01015,EQ,Materials,Specialty Chemicals,Micro,280.0,,225.0,13.8,1.14,357.8,190.8,37.1,1.5,0.67,,29.6,,,,,,,14985.0,8.0,
NSE:RHL,Robust Hotels Limited,Equity,NSE+BSE,543901,INE508K01013,EQ,Consumer Discretionary,Lodging,Micro,280.0,,162.0,10.5,0.38,273.9,160.3,40.9,0.0,,,20.4,,,,,,,8658.0,4.1,
NSE:SAPPL,Shree Ajit Pulp & Paper Limited,Equity,NSE+BSE,538795,INE185C01017,EQ,Materials,Paper & Paper Products,Micro,277.0,,311.6,6.7,1.0,314.9,265.3,1.0,0.0,,,92.2,,,,,,,1952.0,37.3,
NSE:APCL,Anjani Portland Cement Limited,Equity,NSE+BSE,518091,INE071F01012,EQ,Materials,Building Materials,Micro,276.0,,94.01,,0.76,148.78,92.0,36.8,0.0,,,62.3,,,,,,,7406.0,2.1,
NSE:SONAMLTD,SONAM LIMITED,Equity,NSE,,INE00LM01029,BE,Consumer Discretionary,"Furnishings, Fixtures & Appliances",Micro,276.0,,68.89,37.6,3.86,80.32,37.4,14.2,0.6,0.87,,29.7,,,,,,,124979.0,22.5,
NSE:SSDL,Saraswati Saree Depot Limited,Equity,NSE+BSE,544230,INE0PQ101010,EQ,Consumer Discretionary,Apparel Retail,Micro,275.0,,69.5,11.6,1.45,90.0,46.15,22.8,3.0,4.32,,0.3,,,,,,,102805.0,123.3,
NSE:TIGERLOGS,Tiger Logistics (India) Limited,Equity,NSE+BSE,536264,INE906O01029,EQ,Capital Goods,Integrated Freight & Logistics,Micro,273.0,,25.78,14.1,0.52,49.14,22.9,47.5,0.0,,,31.4,,,,,,,155821.0,23.0,
NSE:EXXARO,Exxaro Tiles Limited,Equity,NSE+BSE,543327,INE0GFE01026,EQ,Capital Goods,Building Products & Equipment,Micro,273.0,,6.1,67.8,1.03,10.33,5.99,40.9,0.0,,,33.3,,,,,,,534370.0,12.1,
NSE:SIKKO,Sikko Industries Limited,Equity,NSE,,INE112X01025,BE,Materials,Agricultural Inputs,Micro,271.0,,6.2,17.7,2.88,6.83,3.55,9.2,0.0,,,13.6,,,,,,,864465.0,28.6,
NSE:GENUSPAPER,Genus Paper & Boards Limited,Equity,NSE+BSE,538961,INE949P01018,EQ,Materials,Paper & Paper Products,Micro,271.0,,10.55,19.2,0.54,17.67,8.67,40.3,0.0,,,87.4,,,,,,,132245.0,4.6,
NSE:TERASOFT,Tera Software Limited,Equity,NSE+BSE,533982,INE482B01010,EQ,Information Technology,Information Technology Services,Micro,270.0,,215.84,10.9,1.85,598.0,194.11,63.9,1.2,0.58,,27.0,,,,,,,25742.0,152.5,
NSE:PRITIKAUTO,Pritika Auto Industries Limited,Equity,NSE+BSE,539359,INE583R01029,EQ,Capital Goods,Specialty Industrial Machinery,Micro,269.0,,16.15,12.4,1.08,20.99,10.41,23.1,0.0,,,70.8,,,,,,,196979.0,60.5,
NSE:PODDARMENT,Poddar Pigments Limited,Equity,NSE+BSE,524570,INE371C01013,EQ,Materials,Specialty Chemicals,Micro,269.0,,254.0,17.7,0.77,333.4,201.1,23.8,4.0,1.58,,1.7,,,,,,,13391.0,11.2,
NSE:MAHEPC,Mahindra EPC Irrigation Limited,Equity,NSE+BSE,523754,INE215D01010,EQ,Capital Goods,Farm & Heavy Construction Machinery,Micro,268.0,,95.8,28.0,1.45,153.78,91.91,37.7,0.0,,,24.5,,,,,,,30335.0,13.0,
NSE:MKEXIM,M.K. Exim (India) Limited,Equity,NSE+BSE,538890,INE227F01010,EQ,Fast Moving Consumer Goods,Household & Personal Products,Micro,267.0,,66.1,13.5,2.22,72.0,52.0,8.2,0.6,0.9,,1.5,,,,,,,19570.0,9.0,
NSE:ELGIRUBCO,Elgi Rubber Company Limited,Equity,NSE,,INE819L01012,EQ,Consumer Discretionary,Auto Parts,Micro,265.0,,53.0,,3.5,70.0,32.72,24.3,0.0,,,413.2,,,,,,,104065.0,17.3,
NSE:SUNDRMBRAK,Sundaram Brake Linings Limited,Equity,NSE+BSE,590072,INE073D01013,EQ,Consumer Discretionary,Auto Parts,Micro,264.0,,670.0,73.5,2.58,920.0,460.0,27.2,0.65,0.1,,44.9,,,,,,,1620.0,16.3,
NSE:NATHBIOGEN,Nath Bio-Genes (India) Limited,Equity,NSE+BSE,537291,INE448G01010,EQ,Materials,Agricultural Inputs,Micro,262.0,,137.8,5.7,0.45,204.0,126.15,32.5,2.0,1.45,,20.4,,,,,,,19313.0,13.2,
NSE:DJML,DJ Mediaprint & Logistics Limited,Equity,NSE+BSE,543193,INE0B1K01014,EQ,Capital Goods,Specialty Business Services,Micro,262.0,,73.0,22.5,2.78,124.8,52.0,41.5,0.15,0.21,,42.8,,,,,,,338832.0,55.5,
NSE:VETO,Veto Switchgears And Cables Limited,Equity,NSE+BSE,539331,INE918N01018,EQ,Capital Goods,Electrical Equipment & Parts,Micro,262.0,,137.25,9.6,0.91,155.9,82.32,12.0,1.0,0.73,,7.4,,,,,,,52013.0,130.1,
NSE:SOMATEX,Soma Textiles & Industries Limited,Equity,NSE+BSE,521034,INE314C01013,EQ,Consumer Discretionary,Textile Manufacturing,Micro,261.0,,76.95,28.3,1.52,161.25,68.35,52.3,0.5,0.66,,0.2,,,,,,,14979.0,6.6,
NSE:AARON,Aaron Industries Limited,Equity,NSE,,INE721Z01010,EQ,Capital Goods,Specialty Industrial Machinery,Micro,260.0,,124.0,38.2,5.34,228.0,106.8,45.6,0.5,0.41,,57.1,,,,,,,29470.0,9.3,
NSE:SAB,SAB Industries Limited,Equity,NSE,,INE137M01017,EQ,Capital Goods,Engineering & Construction,Micro,259.0,,170.0,,0.75,192.6,165.0,11.7,0.0,,,15.3,,,,,,,116.0,,
NSE:RPPINFRA,R.P.P. Infra Projects Limited,Equity,NSE+BSE,533284,INE324L01013,EQ,Capital Goods,Engineering & Construction,Micro,258.0,,52.03,,0.48,130.0,50.2,60.0,0.5,0.91,,19.7,,,,,,,185005.0,32.0,
NSE:RNBDENIMS,R&B Denims Limited,Equity,NSE+BSE,538119,INE012Q01039,BE,Consumer Discretionary,Textile Manufacturing,Micro,258.0,,9.05,18.5,1.22,67.67,7.72,86.6,0.0,,,29.3,,,,,,,246155.0,9.2,
NSE:CPCAP,CP Capital Limited,Equity,NSE+BSE,533260,INE521J01018,EQ,Financial Services,Credit Services,Micro,256.0,,140.8,5.7,0.45,160.5,73.51,12.3,0.0,,,13.5,,,,,,,39394.0,20.4,
NSE:NILAINFRA,Nila Infrastructures Limited,Equity,NSE+BSE,530377,INE937C01029,EQ,Realty,Real Estate - Development,Micro,256.0,,6.5,10.3,1.37,11.2,5.9,42.0,0.0,,,12.6,,,,,,,183348.0,10.5,
NSE:A2ZINFRA,A2Z Infra Engineering Limited,Equity,NSE+BSE,533292,INE619I01012,EQ,Capital Goods,Engineering & Construction,Micro,256.0,,14.4,68.6,5.14,19.39,12.0,25.7,0.0,,,301.8,,,,,,,358775.0,55.1,
NSE:KMSUGAR,K.M.Sugar Mills Limited,Equity,NSE+BSE,532673,INE157H01023,BE,Fast Moving Consumer Goods,Confectioners,Micro,255.0,,27.68,5.3,0.65,36.5,23.0,24.2,0.0,,,63.7,,,,,,,334419.0,66.0,
NSE:DPWIRES,D P Wires Limited,Equity,NSE+BSE,543962,INE864X01013,BE,Capital Goods,Metal Fabrication,Micro,254.0,,163.98,13.6,0.96,251.9,125.02,34.9,0.0,,,0.9,,,,,,,7090.0,8.0,
NSE:SETCO,Setco Automotive Limited,Equity,NSE+BSE,505075,INE878E01021,BE,Consumer Discretionary,Auto Parts,Micro,251.0,,18.75,,-0.35,28.62,11.56,34.5,26.0,143.41,,,,,,,,,76030.0,12.3,
NSE:GICL,Globe International Carriers Limited,Equity,NSE,,INE947T01022,BE,Capital Goods,Integrated Freight & Logistics,Micro,249.0,,22.25,37.7,3.17,165.25,15.61,86.5,0.0,,,46.4,,,,,,,224230.0,19.1,
NSE:PLAZACABLE,Plaza Wires Limited,Equity,NSE+BSE,544003,INE0INJ01017,EQ,Capital Goods,Electrical Equipment & Parts,Micro,249.0,,57.0,23.3,1.93,66.0,27.0,13.6,0.0,,,24.8,,,,,,,80683.0,33.7,
NSE:GLOBECIVIL,Globe Civil Projects Limited,Equity,NSE+BSE,544424,INE0V3U01015,EQ,Capital Goods,Engineering & Construction,Micro,248.0,,41.5,9.2,1.06,80.0,33.5,48.1,0.0,,,64.3,,,,,,,57402.0,4.0,
NSE:IVC,IL&FS Investment Managers Limited,Equity,NSE+BSE,511208,INE050B01023,EQ,Financial Services,Financial Conglomerates,Micro,248.0,,7.89,52.6,1.31,10.99,6.02,28.2,1.2,15.36,,,,,,,,,388989.0,27.4,
NSE:DSFCL,DCM Shriram Fine Chemicals Limited,Equity,NSE+BSE,544703,INE0OFM01015,BE,Materials,Specialty Chemicals,Micro,246.0,,28.24,,1.16,52.5,17.28,46.2,0.4,1.43,,6.0,,,,,,,55412.0,24.6,
NSE:SAHLIBHFI,Shalibhadra Finance Limited,Equity,NSE+BSE,511754,INE861D01011,EQ,Financial Services,Credit Services,Micro,246.0,,79.5,12.4,1.43,91.95,66.6,13.5,0.5,0.64,,32.6,,,,,,,55403.0,19.1,
NSE:BIMETAL,Bimetal Bearings Limited,Equity,NSE+BSE,505681,INE469A01019,EQ,Consumer Discretionary,Auto Parts,Micro,245.0,,640.0,21.4,1.07,750.75,470.9,14.8,13.5,2.11,,1.6,,,,,,,821.0,3.2,
NSE:SAKUMA,Sakuma Exports Limited,Equity,NSE+BSE,532713,INE190H01024,EQ,Fast Moving Consumer Goods,Farm Products,Micro,243.0,,1.55,22.1,0.32,3.1,1.1,50.0,0.0,,,1.2,,,,,,,901885.0,19.7,
NSE:SRD,Shankar Lal Rampal Dye-Chem Limited,Equity,NSE+BSE,542232,INE01NE01012,EQ,Materials,Specialty Chemicals,Micro,243.0,,38.03,13.2,1.98,75.79,36.0,49.8,0.05,0.13,,20.7,,,,,,,37677.0,1.2,
NSE:SHRADHA,Shradha Realty Limited,Equity,NSE,,INE715Y01031,EQ,Realty,Real Estate - Development,Micro,242.0,,29.89,7.9,0.81,51.81,26.34,42.3,0.6,2.01,,30.4,,,,,,,72100.0,1.9,
NSE:LOTUSEYE,Lotus Eye Hospital and Institute Limited,Equity,NSE+BSE,532998,INE947I01017,EQ,Healthcare,Medical Care Facilities,Micro,242.0,,116.2,1452.5,4.12,147.0,97.59,21.0,0.0,,,26.3,,,,,,,16737.0,6.8,
NSE:ARVEE,Arvee Laboratories (India) Limited,Equity,NSE,,INE006Z01016,EQ,Materials,Specialty Chemicals,Micro,241.0,,219.0,59.5,7.17,290.78,129.11,24.7,0.0,,,3.3,,,,,,,14606.0,16.6,
NSE:NDGL,Naga Dhunseri Group Limited,Equity,NSE,,INE756C01015,EQ,Financial Services,Capital Markets,Micro,241.0,,2411.0,,,4050.0,2100.0,40.5,2.5,0.1,,,,,,,,,327.0,4.4,
NSE:STARPAPER,Star Paper Mills Limited,Equity,NSE+BSE,516022,INE733A01018,EQ,Materials,Paper & Paper Products,Micro,241.0,,154.43,7.8,0.34,175.15,119.05,11.8,2.5,1.65,,0.6,,,,,,,18206.0,7.7,
NSE:GILLANDERS,Gillanders Arbuthnot & Company Limited,Equity,NSE+BSE,532716,INE047B01011,EQ,Fast Moving Consumer Goods,Farm Products,Micro,241.0,,113.0,13.8,0.93,129.4,76.0,12.7,0.0,,,57.6,,,,,,,9561.0,33.1,
NSE:COASTCORP,Coastal Corporation Limited,Equity,NSE+BSE,501831,INE377E01024,EQ,Fast Moving Consumer Goods,Packaged Foods,Micro,241.0,,36.0,7.4,0.85,66.7,34.25,46.0,0.28,0.78,,169.5,,,,,,,128745.0,21.3,
NSE:RCOM,Reliance Communications Limited,Equity,NSE+BSE,532712,INE330H01018,BE,Media Entertainment & Telecom,Telecom Services,Micro,241.0,,0.87,,-0.0,1.51,0.75,42.4,0.0,,,,,,,,,,2813213.0,22.5,
NSE:MARALOVER,Maral Overseas Limited,Equity,NSE+BSE,521018,INE882A01013,EQ,Consumer Discretionary,Textile Manufacturing,Micro,240.0,,57.8,11.0,2.16,68.89,34.11,16.1,0.0,,,364.7,,,,,,,24495.0,12.0,
NSE:JAYSREETEA,Jayshree Tea & Industries Limited,Equity,NSE+BSE,509715,INE364A01020,EQ,Fast Moving Consumer Goods,Farm Products,Micro,240.0,,83.12,,0.61,112.7,70.55,26.2,0.5,0.57,,105.9,,,,,,,80780.0,25.6,
NSE:RVTH,Revathi Equipment India Limited,Equity,NSE+BSE,544246,INE0DAB01012,EQ,Capital Goods,Farm & Heavy Construction Machinery,Micro,239.0,,779.0,15.6,1.7,1128.0,491.1,30.9,0.0,,,48.3,,,,,,,1715.0,335.0,
NSE:LANCORHOL,Lancor Holdings Limited,Equity,NSE+BSE,509048,INE572G01025,BE,Realty,Real Estate - Development,Micro,239.0,,32.5,4.1,1.0,41.75,18.12,22.2,0.2,0.63,,44.5,,,,,,,255683.0,27.0,
NSE:LEMERITE,Le Merite Exports Limited,Equity,NSE,,INE0G1L01025,EQ,Consumer Discretionary,Textile Manufacturing,Micro,238.0,,19.01,86.4,1.75,107.57,17.73,82.3,0.0,,,,,,,,,,402906.0,118.7,
NSE:CUBEXTUB,Cubex Tubings Limited,Equity,NSE+BSE,526027,INE144D01012,BE,Materials,Copper,Micro,238.0,,166.1,31.5,2.85,184.0,73.1,9.7,0.0,,,52.1,,,,,,,166691.0,201.8,
NSE:FCSSOFT,FCS Software Solutions Limited,Equity,NSE+BSE,532666,INE512B01022,EQ,Information Technology,Information Technology Services,Micro,238.0,,1.39,69.5,0.57,2.53,1.05,45.1,0.0,,,,,,,,,,1729579.0,22.1,
NSE:SHIVATEX,Shiva Texyarn Limited,Equity,NSE+BSE,511108,INE705C01020,EQ,Consumer Discretionary,Textile Manufacturing,Micro,237.0,,172.6,23.3,1.54,217.92,126.06,20.8,0.6,0.35,,50.4,,,,,,,7247.0,1.3,
NSE:CHEMBOND,Chembond Material Technologies Limited,Equity,NSE+BSE,530871,INE995D01025,EQ,Materials,Specialty Chemicals,Micro,237.0,,176.0,16.3,1.42,236.8,105.15,25.7,2.0,1.13,,2.5,,,,,,,14481.0,14.7,
NSE:DIAMINESQ,Diamines & Chemicals Limited,Equity,NSE+BSE,500120,INE591D01014,EQ,Materials,Chemicals,Micro,236.0,,235.0,,1.5,332.0,208.01,29.2,1.0,0.41,,5.2,,,,,,,9596.0,4.2,
NSE:EQUIPPP,Equippp Social Impact Technologies Limited,Equity,NSE+BSE,590057,INE217G01035,BE,Information Technology,Information Technology Services,Micro,236.0,,22.9,127.2,23.56,25.89,13.85,11.5,0.0,,,74.1,,,,,,,23837.0,0.5,
NSE:AHLEAST,Asian Hotels (East) Limited,Equity,NSE+BSE,533227,INE926K01017,EQ,Consumer Discretionary,Lodging,Micro,235.0,,136.0,3.4,1.28,175.3,127.25,22.4,1.0,0.72,,235.0,,,,,,,3185.0,0.2,
NSE:NIPPOBATRY,Indo-National Limited,Equity,NSE+BSE,504058,INE567A01028,EQ,Capital Goods,Electrical Equipment & Parts,Micro,235.0,,313.0,,0.78,469.0,257.0,33.3,3.75,1.19,,11.2,,,,,,,2223.0,3.7,
NSE:IWP,The Indian Wood Products Company Limited,Equity,NSE+BSE,540954,INE586E01020,EQ,Materials,Lumber & Wood Production,Micro,235.0,,36.8,40.0,0.63,42.4,32.8,13.2,0.0,,,18.6,,,,,,,54499.0,12.3,
NSE:SPENCERS,Spencer's Retail Limited,Equity,NSE+BSE,542337,INE020801028,EQ,Consumer Discretionary,Department Stores,Micro,234.0,,26.01,,-0.26,61.4,24.38,57.6,0.0,,,,,,,,,,42969.0,9.9,
NSE:VMSTMT,VMS TMT Limited,Equity,NSE+BSE,544521,INE0SJA01013,EQ,Materials,Steel,Micro,234.0,,47.16,11.4,1.03,82.0,33.5,42.5,0.0,,,101.2,,,,,,,64653.0,79.2,
NSE:RVHL,Ravinder Heights Limited,Equity,NSE+BSE,543251,INE09E501017,EQ,Realty,Real Estate - Development,Micro,234.0,,38.2,4.9,0.81,62.15,28.5,38.5,0.0,,,0.3,,,,,,,11902.0,3.8,
NSE:GENCON,Generic Engineering Construction and Projects Limited,Equity,NSE+BSE,539407,INE854S01022,EQ,Capital Goods,Engineering & Construction,Micro,233.0,,40.96,27.3,0.78,59.96,36.35,31.7,0.0,,2.9,21.9,,,,,,,327967.0,313.2,
NSE:IVP,IVP Limited,Equity,NSE+BSE,507580,INE043C01018,BE,Materials,Specialty Chemicals,Micro,232.0,,224.5,7.4,1.48,232.0,110.0,3.2,1.5,0.67,,41.6,,,,,,,26212.0,23.2,
NSE:NATIONSTD,National Standard (India) Limited,Equity,NSE+BSE,504882,INE166R01015,EQ,Realty,Real Estate - Development,Micro,232.0,,116.13,20.7,0.83,148.1,98.27,21.6,0.0,,,,,,,,,,63943.0,8.1,
NSE:BTTL,Bhilwara Technical Textiles Limited,Equity,NSE+BSE,533108,INE274K01012,BE,Consumer Discretionary,Textile Manufacturing,Micro,231.0,,39.5,,1.43,58.23,30.0,32.2,0.0,,,,,,,,,,15209.0,1.7,
NSE:WORTHPERI,Worth Peripherals Limited,Equity,NSE,,INE196Y01018,EQ,Consumer Discretionary,Packaging & Containers,Micro,230.0,,146.1,15.0,1.22,169.8,109.0,14.0,1.0,0.7,,20.3,,,,,,,18348.0,2.5,
NSE:GOLDTECH,AION-TECH SOLUTIONS LIMITED,Equity,NSE+BSE,531439,INE805A01014,BE,Information Technology,Information Technology Services,Micro,229.0,,43.79,,1.0,70.0,29.68,37.4,0.0,,,30.8,,,,,,,23623.0,0.7,
NSE:BI,Bilcare Limited,Equity,NSE+BSE,526853,INE986A01012,BE,Consumer Discretionary,Packaging & Containers,Micro,228.0,,96.7,20.2,1.16,113.0,85.0,14.4,0.0,,,836.8,,,,,,,93406.0,0.8,
NSE:GRAVISSHO,Graviss Hospitality Limited,Equity,NSE+BSE,509546,INE214F01026,BE,Consumer Discretionary,Lodging,Micro,226.0,,32.0,,1.17,49.9,27.9,35.9,0.0,,,4.9,,,,,,,52592.0,0.1,
NSE:CALSOFT,California Software Company Limited,Equity,NSE+BSE,532386,INE526B01014,BE,Information Technology,Software - Application,Micro,226.0,,36.5,15.4,5.47,43.13,10.9,15.4,0.0,,,3.9,,,,,,,226282.0,72.0,
NSE:SHIVAMAUTO,Shivam Autotech Limited,Equity,NSE+BSE,532776,INE637H01024,EQ,Consumer Discretionary,Auto Parts,Micro,226.0,,17.0,,-3.75,32.34,13.05,47.4,0.0,,,,,,,,,,54516.0,6.0,
NSE:SUMIT,Sumit Woods Limited,Equity,NSE,,INE748Z01013,EQ,Realty,Real Estate - Development,Micro,225.0,,47.0,37.0,1.34,104.0,31.74,54.8,0.2,0.42,,,,,,,,,40215.0,6.5,
NSE:VIKASLIFE,Vikas Lifecare Limited,Equity,NSE+BSE,542655,INE161L01027,EQ,Fast Moving Consumer Goods,Farm Products,Micro,225.0,,1.21,12.1,0.41,2.23,1.05,45.7,0.0,,3.4,19.1,,,,,,,2212134.0,33.6,
NSE:SILGO,Silgo Retail Limited,Equity,NSE,,INE01II01013,EQ,Consumer Discretionary,Luxury Goods,Micro,224.0,,70.0,29.5,1.34,86.2,61.0,18.8,0.0,,,14.6,,,,,,,145061.0,7.4,
NSE:UFO,UFO Moviez India Limited,Equity,NSE+BSE,539141,INE527H01019,EQ,Media Entertainment & Telecom,Entertainment,Micro,223.0,,57.44,9.3,0.69,92.97,53.75,38.2,0.0,,,28.8,,,,,,,35872.0,19.9,
NSE:COMPEAU,Competent Automobiles Company Limited,Equity,NSE+BSE,531041,INE823B01015,EQ,Consumer Discretionary,Auto & Truck Dealerships,Micro,223.0,,362.45,9.4,0.42,420.0,318.0,13.7,1.0,0.28,,108.8,,,,,,,1631.0,0.0,
NSE:BPL,BPL Limited,Equity,NSE+BSE,500074,INE110A01019,EQ,Information Technology,Consumer Electronics,Micro,223.0,,45.5,,0.94,82.7,37.61,45.0,0.0,,-3.9,84.5,,,,,,,66351.0,9.8,
NSE:MANAKALUCO,Manaksia Aluminium Company Limited,Equity,NSE+BSE,539045,INE859Q01017,EQ,Materials,Aluminum,Micro,220.0,,33.61,25.1,1.56,68.12,21.73,50.7,0.05,0.15,,169.4,,,,,,,120349.0,14.5,
NSE:SURANAT&P,Surana Telecom and Power Limited,Equity,NSE+BSE,517530,INE130B01031,EQ,Power,Utilities - Independent Power Producers,Micro,216.0,,15.9,7.3,1.34,24.12,15.5,34.1,0.0,,,34.4,,,,,,,62737.0,4.6,
NSE:SRGHFL,SRG Housing Finance Limited,Equity,NSE+BSE,534680,INE559N01010,EQ,Financial Services,Mortgage Finance,Micro,215.0,,137.0,6.3,0.72,335.0,118.6,59.1,0.0,,,292.4,,,,,,,18690.0,7.1,
NSE:PAVNAIND,Pavna Industries Limited,Equity,NSE+BSE,543915,INE07S101038,EQ,Consumer Discretionary,Auto Parts,Micro,214.0,,15.34,8.1,1.08,42.3,14.11,63.7,0.0,,,52.1,,,,,,,89698.0,4.5,
NSE:RMC,RMC Switchgears Limited,Equity,NSE+BSE,540358,INE655V01019,EQ,Capital Goods,Electrical Equipment & Parts,Micro,214.0,,202.0,10.5,1.63,530.0,194.1,61.9,0.0,,,80.6,,,,,,,72003.0,102.6,
NSE:KOTARISUG,Kothari Sugars And Chemicals Limited,Equity,NSE,,INE419A01022,BE,Fast Moving Consumer Goods,Confectioners,Micro,213.0,,25.7,38.9,0.72,39.94,22.5,35.7,0.0,,,23.8,,,,,,,177661.0,8.1,
NSE:SMARTLINK,Smartlink Holdings Limited,Equity,NSE+BSE,532419,INE178C01020,BE,Information Technology,Communication Equipment,Micro,212.0,,212.31,12.8,1.01,241.81,103.5,12.2,2.0,0.94,,1.2,,,,,,,7412.0,12.8,
NSE:TEAMGTY,Team India Guaranty Limited,Equity,NSE+BSE,511559,INE289C01025,EQ,Financial Services,Asset Management,Micro,211.0,,235.1,192.7,4.68,332.55,210.0,29.3,0.0,,,,,,,,,,3477.0,0.5,
NSE:TRF,TRF Limited,Equity,NSE+BSE,505854,INE391D01019,EQ,Capital Goods,Specialty Industrial Machinery,Micro,210.0,,191.22,,-0.59,387.8,191.19,50.7,0.0,,-5.3,153.7,,,,,,,23715.0,14.0,
NSE:ALANKIT,Alankit Limited,Equity,NSE+BSE,531082,INE914E01040,EQ,Information Technology,Information Technology Services,Micro,210.0,,7.73,11.0,0.65,13.12,6.8,41.1,0.0,,,6.4,,,,,,,110310.0,8.6,
NSE:SAKHTISUG,Sakthi Sugars Limited,Equity,NSE+BSE,507315,INE623A01011,EQ,Fast Moving Consumer Goods,Confectioners,Micro,210.0,,17.65,7.6,0.92,23.29,13.52,24.2,0.0,,,315.6,,,,,,,252482.0,15.4,
NSE:CCHHL,Country Club Hospitality & Holidays Limited,Equity,NSE+BSE,526550,INE652F01027,EQ,Consumer Discretionary,Lodging,Micro,209.0,,12.8,,0.7,18.0,10.03,28.9,0.0,,,7.9,,,,,,,21732.0,4.6,
NSE:VSTL,Vibhor Steel Tubes Limited,Equity,NSE+BSE,544124,INE0QTF01015,EQ,Materials,Steel,Micro,209.0,,110.25,27.6,1.06,158.8,100.8,30.6,0.0,,,97.9,,,,,,,11783.0,9.2,
NSE:UNITEDTEA,The United Nilgiri Tea Estates Company Limited,Equity,NSE,,INE458F01011,EQ,Fast Moving Consumer Goods,Farm Products,Micro,208.0,,417.0,10.3,0.86,590.0,405.2,29.3,3.2,0.77,,,,,,,,,2885.0,43.6,
NSE:KHADIM,Khadim India Limited,Equity,NSE+BSE,540775,INE834I01025,BE,Consumer Discretionary,Footwear & Accessories,Micro,208.0,,113.4,75.1,1.25,279.55,77.47,59.4,0.0,,,149.3,,,,,,,45466.0,13.5,
NSE:BALAJEE,Shree Tirupati Balajee Agro Trading Company Limited,Equity,NSE+BSE,544249,INE0S2G01011,EQ,Consumer Discretionary,Packaging & Containers,Micro,207.0,,25.37,22.5,0.68,54.48,21.1,53.4,0.0,,,66.5,,,,,,,34267.0,4.0,
NSE:ZEELEARN,Zee Learn Limited,Equity,NSE+BSE,533287,INE565L01011,EQ,Fast Moving Consumer Goods,Education & Training Services,Micro,207.0,,6.32,4.4,0.88,10.1,4.17,37.4,0.0,,,161.2,,,,,,,323786.0,15.8,
NSE:NITIRAJ,Nitiraj Engineers Limited,Equity,NSE,,INE439T01012,EQ,Information Technology,Scientific & Technical Instruments,Micro,207.0,,201.45,85.7,2.52,241.0,168.0,16.4,1.5,0.66,,0.0,,,,,,,4846.0,2.0,
NSE:RADIOCITY,Music Broadcast Limited,Equity,NSE+BSE,540366,INE919I01024,EQ,Media Entertainment & Telecom,Broadcasting,Micro,204.0,,5.8,,0.45,8.64,4.5,32.9,0.0,,,5.3,,,,,,,80878.0,4.5,
NSE:AARVI,Aarvi Encon Limited,Equity,NSE+BSE,544850,INE754X01016,EQ,Capital Goods,Staffing & Employment Services,Micro,204.0,,137.68,10.6,1.44,168.4,115.99,18.2,2.0,1.46,,18.8,,,,,,,37694.0,25.3,
NSE:SINTERCOM,Sintercom India Limited,Equity,NSE,,INE129Z01016,EQ,Consumer Discretionary,Auto Parts,Micro,204.0,,74.27,123.8,2.01,130.0,62.99,42.9,0.0,,,51.5,,,,,,,30449.0,1.5,
NSE:SICAGEN,Sicagen India Limited,Equity,NSE+BSE,533014,INE176J01011,EQ,Materials,Steel,Micro,203.0,,51.4,9.9,0.41,74.06,24.35,30.6,1.0,1.96,,32.1,,,,,,,70577.0,8.5,
NSE:TTL,T T Limited,Equity,NSE+BSE,514142,INE592B01024,EQ,Consumer Discretionary,Textile Manufacturing,Micro,203.0,,7.87,787.0,1.63,10.6,5.5,25.8,0.05,0.78,,63.7,,,,,,,279486.0,18.6,
NSE:ARCHIDPLY,Archidply Industries Limited,Equity,NSE+BSE,532994,INE877I01016,EQ,Materials,Lumber & Wood Production,Micro,203.0,,101.25,15.4,1.79,124.78,60.0,18.9,0.0,,,163.1,,,,,,,36150.0,28.4,
NSE:MAHESHWARI,Maheshwari Logistics Limited,Equity,NSE,,INE263W01010,EQ,Capital Goods,Integrated Freight & Logistics,Micro,203.0,,70.0,13.1,0.96,76.81,39.04,8.9,0.0,,,126.3,,,,,,,14648.0,7.9,
NSE:COMFINTE,Comfort Intech Limited,Equity,NSE+BSE,531216,INE819A01049,EQ,Capital Goods,Conglomerates,Micro,201.0,,6.28,,1.1,7.4,5.6,15.1,0.05,0.8,,10.4,,,,,,,361245.0,8.4,
NSE:RANASUG,Rana Sugars Limited,Equity,NSE+BSE,507490,INE625B01014,EQ,Fast Moving Consumer Goods,Confectioners,Micro,201.0,,13.09,36.4,0.35,16.45,10.21,20.4,0.0,,,53.6,,,,,,,540432.0,26.3,
NSE:NOVAAGRI,Nova Agritech Limited,Equity,NSE+BSE,544100,INE02H701025,EQ,Materials,Agricultural Inputs,Micro,200.0,,22.25,15.6,1.05,51.99,18.12,57.2,0.0,,,21.7,,,,,,,50362.0,14.4,
NSE:PIGL,Power & Instrumentation (Gujarat) Limited,Equity,NSE+BSE,543912,INE557Z01018,EQ,Capital Goods,Engineering & Construction,Micro,200.0,,94.55,11.7,1.31,184.8,88.05,48.8,0.2,0.2,,8.1,,,,,,,75612.0,38.1,
NSE:JMA,Jullundur Motor Agency (Delhi) Limited,Equity,NSE,,INE412C01023,EQ,Consumer Discretionary,Auto Parts,Micro,199.0,,87.2,6.2,0.73,103.7,70.25,15.9,2.0,2.28,,,,,,,,,16109.0,6.6,
NSE:MADHAVIPL,Madhav Infra Projects Limited,Equity,NSE+BSE,539894,INE631R01026,EQ,Capital Goods,Engineering & Construction,Micro,198.0,,7.34,7.6,0.82,8.47,6.93,13.3,0.0,,,68.7,,,,,,,133952.0,4.3,
NSE:NECLIFE,Nectar Lifesciences Limited,Equity,NSE+BSE,532649,INE023H01027,EQ,Healthcare,Drug Manufacturers - Specialty & Generic,Micro,198.0,,10.21,,0.35,22.4,9.3,54.4,0.0,,,,,,,,,,189076.0,14.6,
NSE:SIGIND,Signet Industries Limited,Equity,NSE+BSE,512131,INE529F01035,BE,Capital Goods,Conglomerates,Micro,198.0,,67.4,8.7,0.85,74.99,40.66,10.1,0.5,0.74,,185.8,,,,,,,50151.0,12.3,
NSE:AIRAN,Airan Limited,Equity,NSE+BSE,543811,INE645W01026,EQ,Information Technology,Information Technology Services,Micro,196.0,,15.69,12.7,1.46,26.24,12.63,40.2,0.0,,,0.6,,,,,,,81760.0,11.1,
NSE:AFFORDABLE,Affordable Robotic & Automation Limited,Equity,NSE+BSE,541402,INE692Z01013,EQ,Capital Goods,Specialty Industrial Machinery,Micro,196.0,,165.0,30.4,1.68,297.0,119.71,44.4,0.0,,,67.1,,,,,,,20106.0,25.3,
NSE:ABANSENT,Abans Enterprises Limited,Equity,NSE+BSE,512165,INE365O01028,EQ,Financial Services,Capital Markets,Micro,194.0,,27.78,6.1,0.9,32.79,25.65,15.3,0.0,,,74.5,,,,,,,8485.0,2.2,
NSE:RACE,Race Eco Chain Limited,Equity,NSE+BSE,537785,INE084Q01012,EQ,Capital Goods,Waste Management,Micro,194.0,,112.15,33.2,2.47,240.0,84.11,53.3,0.0,,,104.1,,,,,,,40507.0,112.6,
NSE:HINDADH,Hindustan Adhesives Limited,Equity,NSE+BSE,514428,INE074C01013,EQ,Materials,Specialty Chemicals,Micro,193.0,,377.0,8.1,1.77,402.65,342.0,6.4,0.0,,,112.5,,,,,,,11756.0,9.4,
NSE:NECCLTD,North Eastern Carrying Corporation Limited,Equity,NSE+BSE,534615,INE553C01016,BE,Capital Goods,Trucking,Micro,193.0,,18.47,23.7,0.71,24.01,10.55,23.1,0.0,,,54.8,,,,,,,81029.0,8.7,
NSE:WATERBASE,Waterbase Limited,Equity,NSE+BSE,523660,INE054C01015,EQ,Fast Moving Consumer Goods,Packaged Foods,Micro,190.0,,45.8,,,74.9,43.62,38.9,0.0,,,41.8,,,,,,,21911.0,9.9,
NSE:INTENTECH,Intense Technologies Limited,Equity,NSE+BSE,532326,INE781A01025,EQ,Information Technology,Software - Infrastructure,Micro,190.0,,81.56,,1.52,145.0,66.3,43.8,1.0,1.23,,0.1,,,,,,,31358.0,15.9,
NSE:ROSSELLIND,Rossell India Limited,Equity,NSE+BSE,533168,INE847C01020,EQ,Capital Goods,Conglomerates,Micro,190.0,,50.4,16.3,0.95,73.0,40.0,31.0,0.4,0.8,,32.4,,,,,,,85645.0,7.7,
NSE:TAINWALCHM,Tainwala Chemical and Plastic (I) Limited,Equity,NSE+BSE,507785,INE123C01018,EQ,Materials,Specialty Chemicals,Micro,189.0,,201.5,23.5,1.1,257.0,155.0,21.6,3.0,1.48,,,,,,,,,12516.0,5.6,
NSE:AUSOMENT,Ausom Enterprise Limited,Equity,NSE,,INE218C01016,EQ,Financial Services,Capital Markets,Micro,189.0,,139.0,7.6,1.17,178.0,93.0,21.9,1.0,0.72,,5.5,,,,,,,5717.0,2.3,
NSE:ASPINWALL,Aspinwall and Company Limited,Equity,NSE,,INE991I01015,EQ,Fast Moving Consumer Goods,Farm Products,Micro,188.0,,240.1,11.9,0.93,299.8,200.25,19.9,6.5,2.71,,39.6,,,,,,,3163.0,55.8,
NSE:DRCSYSTEMS,DRC Systems India Limited,Equity,NSE+BSE,543268,INE03RS01027,EQ,Information Technology,Information Technology Services,Micro,187.0,,13.0,8.9,1.66,21.34,11.5,39.1,0.0,,,0.4,,,,,,,56791.0,20.2,
NSE:MHLXMIRU,Mahalaxmi Rubtech Limited,Equity,NSE+BSE,514450,INE112D01035,BE,Consumer Discretionary,Textile Manufacturing,Micro,186.0,,175.0,8.0,2.05,244.65,105.53,28.5,0.0,,,12.8,,,,,,,19479.0,13.6,
NSE:RUDRA,Rudra Global Infra Products Limited,Equity,NSE+BSE,539226,INE027T01023,EQ,Materials,Steel,Micro,186.0,,18.53,14.0,1.39,29.7,14.63,37.6,0.0,,,97.1,,,,,,,154951.0,7.0,
NSE:TAKE,TAKE Limited,Equity,NSE+BSE,532890,INE142I01023,EQ,Healthcare,Health Information Services,Micro,185.0,,12.65,30.1,6.13,50.14,12.52,74.8,0.0,,,,,,,,,,573291.0,17.7,
NSE:SPCENET,Spacenet Enterprises India Limited,Equity,NSE,,INE970N01027,EQ,Financial Services,Capital Markets,Micro,185.0,,3.25,7.2,0.95,11.24,3.0,71.1,0.02,0.62,,13.7,,,,,,,726759.0,13.6,
NSE:GLOBALVECT,Global Vectra Helicorp Limited,Equity,NSE+BSE,532773,INE792H01019,EQ,Capital Goods,Airports & Air Services,Micro,185.0,,132.1,,-22.83,248.0,123.0,46.7,0.0,,,,,,,,,,12044.0,5.3,
NSE:ARCL,ARCL Organics Limited,Equity,NSE+BSE,543993,INE372M01010,EQ,Materials,Specialty Chemicals,Micro,184.0,,229.81,17.8,,280.7,216.89,18.1,0.0,,,,,,,,,,2339.0,16.6,
NSE:ZODIACLOTH,Zodiac Clothing Company Limited,Equity,NSE+BSE,521163,INE206B01013,EQ,Consumer Discretionary,Apparel Manufacturing,Micro,183.0,,66.7,,0.96,104.0,58.5,35.9,0.0,,,58.8,,,,,,,9696.0,1.2,
NSE:RRIL,RRIL Limited,Equity,NSE+BSE,531307,INE951M01037,EQ,Consumer Discretionary,Textile Manufacturing,Micro,183.0,,15.11,20.1,1.63,18.48,15.06,18.2,0.0,,,30.1,,,,,,,27670.0,1.8,
NSE:MEDICO,Medico Remedies Limited,Equity,NSE+BSE,540937,INE630Y01024,EQ,Healthcare,Drug Manufacturers - Specialty & Generic,Micro,183.0,,22.0,13.3,2.4,56.88,20.47,61.3,0.0,,,25.4,,,,,,,500880.0,78.6,
NSE:ASMS,Avio Smart Market Stack Limited,Equity,NSE+BSE,532694,INE855F01042,EQ,Information Technology,Information Technology Services,Micro,182.0,,5.99,28.5,5.22,16.7,5.1,64.1,0.0,,,25.6,,,,,,,180475.0,10.4,
NSE:AERONEU,Aeroflex Neu Limited,Equity,NSE+BSE,543743,INE035801013,EQ,Consumer Discretionary,Packaging & Containers,Micro,181.0,,70.25,250.9,1.74,105.5,63.21,33.4,0.0,,,23.0,,,,,,,52099.0,48.4,
NSE:ALPINETEX,Alpine Texworld Limited,Equity,NSE+BSE,544825,INE1JCQ01037,EQ,Consumer Discretionary,Textile Manufacturing,Micro,181.0,,47.26,8.4,1.7,105.0,45.5,55.0,0.0,,33.8,237.4,,,,,,,284946.0,67.4,
NSE:VIPCLOTHNG,VIP Clothing Limited,Equity,NSE+BSE,532613,INE450G01024,EQ,Consumer Discretionary,Apparel Manufacturing,Micro,180.0,,19.97,19.4,0.95,37.55,14.05,46.8,0.0,,,35.9,,,,,,,56458.0,6.8,
NSE:IPRINGLTD,IP Rings Limited,Equity,NSE,,INE558A01019,EQ,Consumer Discretionary,Auto Parts,Micro,180.0,,141.95,57.7,1.75,187.0,132.0,24.1,0.0,,,119.2,,,,,,,5429.0,0.1,
NSE:AGASTYAEN,Agastya Energy and Infrastructure Limited,Equity,NSE,,INE753W01010,BE,Materials,Chemicals,Micro,180.0,,69.55,,3.88,76.89,9.26,9.5,0.0,,,26.4,,,,,,,273062.0,82.6,
NSE:EMPOWER,Empower India Limited,Equity,NSE+BSE,504351,INE507F01023,EQ,Information Technology,Electronics & Computer Distribution,Micro,179.0,,1.54,9.6,0.55,2.56,1.54,39.8,0.0,,,11.2,,,,,,,11855463.0,55.2,
NSE:BASML,Bannari Amman Spinning Mills Limited,Equity,NSE+BSE,532674,INE186H01022,BE,Consumer Discretionary,Textile Manufacturing,Micro,179.0,,22.4,7.6,0.38,31.9,17.05,29.8,0.25,1.1,,83.8,,,,,,,58876.0,15.6,
NSE:ESSENTIA,Integra Essentia Limited,Equity,NSE+BSE,535958,INE418N01035,EQ,Fast Moving Consumer Goods,Food Distribution,Micro,176.0,,1.0,,0.75,2.08,1.0,51.9,0.0,,,25.7,,,,,,,3146385.0,11.8,
NSE:BCONCEPTS,Brand Concepts Limited,Equity,NSE+BSE,543442,INE977Y01011,EQ,Consumer Discretionary,Footwear & Accessories,Micro,175.0,,140.01,177.2,2.11,380.0,136.5,63.2,0.0,,,219.5,,,,,,,13339.0,11.0,
NSE:PILITA,PIL ITALICA LIFESTYLE LIMITED,Equity,NSE+BSE,500327,INE600A01035,EQ,Consumer Discretionary,"Furnishings, Fixtures & Appliances",Micro,175.0,,7.44,57.2,2.08,13.89,6.2,46.4,0.0,,,18.4,,,,,,,63303.0,1.4,
NSE:SHREYANIND,Shreyans Industries Limited,Equity,NSE+BSE,516016,INE231C01019,EQ,Materials,Paper & Paper Products,Micro,173.0,,125.01,,0.4,235.5,121.76,46.9,1.5,1.19,,14.4,,,,,,,7111.0,13.5,
NSE:SUPERHOUSE,Superhouse Limited,Equity,NSE+BSE,523283,INE712B01010,EQ,Consumer Discretionary,Footwear & Accessories,Micro,171.0,,155.0,20.8,0.36,189.0,128.55,18.0,0.8,0.52,,37.1,,,,,,,15415.0,10.8,
NSE:UMIYA-MRO,UMIYA BUILDCON LIMITED,Equity,NSE+BSE,532376,INE398B01018,EQ,Information Technology,Communication Equipment,Micro,171.0,,91.55,15.5,1.35,110.9,70.0,17.4,0.0,,,110.4,,,,,,,20165.0,18.5,
NSE:HINDCON,Hindcon Chemicals Limited,Equity,NSE,,INE642Y01029,EQ,Materials,Specialty Chemicals,Micro,170.0,,33.3,39.6,2.99,37.75,15.66,11.8,0.0,,,18.6,,,,,,,40256.0,24.8,
NSE:MURUDCERA,Murudeshwar Ceramics Limited,Equity,NSE+BSE,515037,INE692B01014,EQ,Capital Goods,Building Products & Equipment,Micro,170.0,,28.0,17.2,0.39,46.0,25.16,39.1,0.5,1.64,,37.5,,,,,,,18050.0,2.3,
NSE:NATCAPSUQ,Natural Capsules Limited,Equity,NSE+BSE,524654,INE936B01015,BE,Healthcare,Drug Manufacturers - Specialty & Generic,Micro,170.0,,163.0,,0.76,253.3,136.36,35.6,0.0,,,49.2,,,,,,,26920.0,5.1,
NSE:DELPHIFX,DELPHI WORLD MONEY LIMITED,Equity,NSE+BSE,533452,INE726L01027,BE,Financial Services,Capital Markets,Micro,169.0,,6.9,28.8,0.52,18.25,4.72,62.2,0.0,,1.6,134.6,,,,,,,176555.0,21.6,
NSE:BALPHARMA,Bal Pharma Limited,Equity,NSE+BSE,524824,INE083D01012,EQ,Healthcare,Drug Manufacturers - Specialty & Generic,Micro,169.0,,106.3,23.5,2.06,124.6,60.0,14.7,1.2,1.13,,193.9,,,,,,,76380.0,57.8,
NSE:SHAHALLOYS,Shah Alloys Limited,Equity,NSE+BSE,513436,INE640C01011,BE,Materials,Steel,Micro,169.0,,85.42,1.6,1.5,116.85,53.1,26.9,0.0,,,56.1,,,,,,,91950.0,19.0,
NSE:DTIL,Dhunseri Tea & Industries Limited,Equity,NSE+BSE,538902,INE341R01014,BE,Fast Moving Consumer Goods,Packaged Foods,Micro,168.0,,159.82,,0.32,193.79,102.0,17.5,2.0,1.26,,47.8,,,,,,,20484.0,21.0,
NSE:NIRAJ,Niraj Cement Structurals Limited,Equity,NSE+BSE,532986,INE368I01016,EQ,Capital Goods,Engineering & Construction,Micro,166.0,,27.8,7.0,0.62,47.35,20.15,41.3,0.0,,,28.6,,,,,,,36894.0,0.8,
NSE:KANCHI,Kanchi Karpooram Limited,Equity,NSE+BSE,538896,INE081G01019,EQ,Materials,Specialty Chemicals,Micro,165.0,,379.8,21.6,0.77,435.0,359.95,12.7,1.0,0.26,,0.2,,,,,,,2699.0,19.5,
NSE:ALPHAGEO,Alphageo (India) Limited,Equity,NSE+BSE,526397,INE137C01018,BE,Oil Gas & Consumable Fuels,Oil & Gas Equipment & Services,Micro,165.0,,259.3,,0.65,368.0,164.8,29.5,5.0,1.94,,,,,,,,,37037.0,16.0,
NSE:BAIDFIN,Baid Finserv Limited,Equity,NSE+BSE,511724,INE020D01022,EQ,Financial Services,Credit Services,Micro,165.0,,10.17,9.3,0.68,12.98,8.8,21.6,0.1,0.97,,122.6,,,,,,,96019.0,4.4,
NSE:EMMBI,Emmbi Industries Limited,Equity,NSE+BSE,533161,INE753K01015,BE,Consumer Discretionary,Packaging & Containers,Micro,164.0,,85.27,18.9,0.82,116.9,60.3,27.1,0.3,0.35,,88.7,,,,,,,8027.0,13.8,
NSE:ISFT,Intrasoft Technologies Limited,Equity,NSE+BSE,533181,INE566K01011,BE,Consumer Discretionary,Internet Retail,Micro,162.0,,99.1,11.8,0.61,114.95,54.05,13.8,0.0,,,6.5,,,,,,,85262.0,19.2,
NSE:METROGLOBL,Metroglobal Limited,Equity,NSE+BSE,500159,INE085D01033,EQ,Capital Goods,Conglomerates,Micro,162.0,,131.0,7.0,0.4,165.0,110.0,20.6,2.5,1.9,,0.8,,,,,,,5613.0,0.3,
NSE:AVANCE,Avance Technologies Limited,Equity,NSE+BSE,512149,INE758A01072,EQ,Information Technology,Information Technology Services,Micro,161.0,,0.81,11.6,0.43,0.94,0.77,13.8,0.0,,,41.6,,,,,,,5487439.0,34.0,
NSE:TRIGYN,Trigyn Technologies Limited,Equity,NSE+BSE,517562,INE948A01012,EQ,Information Technology,Information Technology Services,Micro,159.0,,51.7,15.8,0.2,86.0,37.55,39.9,0.0,,,1.3,,,,,,,48879.0,19.0,
NSE:MSL,Mangalam Seeds Limited,Equity,NSE+BSE,539275,INE829S01016,EQ,Materials,Agricultural Inputs,Micro,159.0,,144.99,19.1,1.74,160.0,120.0,9.4,0.0,,,54.7,,,,,,,379.0,0.7,
NSE:FILATFASH,Filatex Fashions Limited,Equity,NSE+BSE,532022,INE185E01021,EQ,Consumer Discretionary,Apparel Manufacturing,Micro,158.0,,0.19,,0.06,0.58,0.14,67.2,0.0,,,2.5,,,,,,,19920647.0,29.1,
NSE:BROOKS,Brooks Laboratories Limited,Equity,NSE+BSE,533543,INE650L01011,EQ,Healthcare,Drug Manufacturers - Specialty & Generic,Micro,158.0,,53.52,11.9,1.29,138.34,36.3,61.3,0.0,,,6.9,,,,,,,29885.0,18.6,
NSE:MODTHREAD,Modern Threads (India) Limited,Equity,NSE+BSE,500282,INE794W01014,EQ,Consumer Discretionary,Textile Manufacturing,Micro,157.0,,45.15,8.7,,65.65,35.61,31.2,0.0,,,,,,,,,,13385.0,1.2,
NSE:ATALREAL,Atal Realtech Limited,Equity,NSE+BSE,543911,INE0ALR01029,EQ,Capital Goods,Engineering & Construction,Micro,157.0,,12.7,12.6,0.85,36.7,11.7,65.4,0.0,,,4.4,,,,,,,10195004.0,269.7,
NSE:TEXMOPIPES,Texmo Pipes and Products Limited,Equity,NSE+BSE,533164,INE141K01013,EQ,Capital Goods,Building Products & Equipment,Micro,156.0,,53.59,10.3,0.58,64.5,33.0,16.9,0.0,,,23.8,,,,,,,158312.0,50.4,
NSE:ONELIFECAP,Onelife Capital Advisors Limited,Equity,NSE+BSE,533632,INE912L01015,BE,Financial Services,Capital Markets,Micro,155.0,,41.5,8.3,2.02,42.0,11.15,1.2,0.01,0.02,,42.4,,,,,,,63056.0,74.4,
NSE:SHBAJRG,Shri Bajrang Alliance Limited,Equity,NSE+BSE,526981,INE402H01015,EQ,Materials,Steel,Micro,155.0,,172.0,3.4,0.4,184.0,147.98,6.5,0.0,,,27.1,,,,,,,5282.0,74.5,
NSE:INDOUS,Indo Us Biotech Limited,Equity,NSE+BSE,541304,INE250Z01010,EQ,Materials,Agricultural Inputs,Micro,155.0,,77.48,13.6,1.68,159.0,70.0,51.3,0.0,,,40.0,,,,,,,19369.0,0.4,
NSE:BHARATGEAR,Bharat Gears Limited,Equity,NSE+BSE,505688,INE561C01019,BE,Consumer Discretionary,Auto Parts,Micro,154.0,,100.0,10.2,1.17,141.33,83.8,29.2,1.0,1.0,,55.6,,,,,,,18884.0,9.8,
NSE:PAR,Par Drugs And Chemicals Limited,Equity,NSE,,INE04LG01015,BE,Healthcare,Drug Manufacturers - Specialty & Generic,Micro,154.0,,125.0,11.7,1.38,180.0,78.05,30.6,0.0,,,,,,,,,,72993.0,9.3,
NSE:DOLLEX,Dollex Agrotech Limited,Equity,NSE+BSE,544908,INE0JHH01011,EQ,Fast Moving Consumer Goods,Confectioners,Micro,154.0,,38.49,19.5,1.98,42.95,26.0,10.4,0.0,,,126.9,,,,,,,76261.0,9.2,
NSE:AMJLAND,Amj Land Holdings Limited,Equity,NSE+BSE,500343,INE606A01024,EQ,Realty,Real Estate - Development,Micro,153.0,,37.24,10.5,0.72,57.39,30.3,35.1,0.2,0.54,,,,,,,,,11359.0,11.2,
NSE:BYKE,The Byke Hospitality Ltd,Equity,NSE+BSE,531373,INE319B01014,EQ,Consumer Discretionary,Lodging,Micro,151.0,,28.95,22.3,0.66,73.06,26.25,60.4,0.0,,,46.2,,,,,,,29978.0,6.8,
NSE:VIRINCHI,Virinchi Limited,Equity,NSE+BSE,532372,INE539B01017,EQ,Information Technology,Software - Application,Micro,151.0,,13.4,,0.29,29.47,13.0,54.5,0.0,,,56.7,,,,,,,57903.0,5.8,
NSE:AARTECH,Aartech Solonics Limited,Equity,NSE+BSE,542580,INE01C001026,BE,Capital Goods,Electrical Equipment & Parts,Micro,151.0,,47.64,30.9,4.88,64.75,33.51,26.4,0.13,0.26,,16.0,,,,,,,102447.0,27.8,
NSE:VIPULLTD,Vipul Limited,Equity,NSE+BSE,511726,INE946H01037,BE,Realty,Real Estate - Diversified,Micro,149.0,,10.6,,0.36,18.6,7.38,43.0,0.0,,-2.3,22.3,,,,,,,551780.0,9.2,
NSE:INDTERRAIN,Indian Terrain Fashions Limited,Equity,NSE+BSE,533329,INE611L01021,EQ,Consumer Discretionary,Apparel Retail,Micro,149.0,,29.5,368.8,0.8,42.62,24.56,30.8,0.0,,,55.3,,,,,,,38327.0,2.0,
NSE:MKPL,M K Proteins Limited,Equity,NSE+BSE,543919,INE964W01021,EQ,Fast Moving Consumer Goods,Packaged Foods,Micro,149.0,,3.95,30.4,1.96,7.49,3.56,47.3,0.0,,,48.7,,,,,,,118074.0,3.7,
NSE:LANDSMILL,Landsmill Green Limited,Equity,NSE+BSE,533090,INE688J01023,EQ,Capital Goods,Conglomerates,Micro,148.0,,1.05,52.5,0.72,1.68,0.52,37.5,0.0,,,0.4,,,,,,,3767538.0,329.8,
NSE:PML,Paul Merchants Limited,Equity,NSE+BSE,539113,INE291E01019,EQ,Financial Services,Capital Markets,Micro,148.0,,479.6,7.2,0.16,515.0,460.7,6.9,0.0,,,1.1,,,,,,,288.0,2.9,
NSE:RPPL,Rajshree Polypack Limited,Equity,NSE,,INE760W01023,BE,Consumer Discretionary,Packaging & Containers,Micro,148.0,,19.87,7.2,0.82,26.97,14.25,26.3,0.0,,,68.4,,,,,,,109537.0,25.0,
NSE:DGCONTENT,Digicontent Limited,Equity,NSE+BSE,542685,INE03JI01017,EQ,Media Entertainment & Telecom,Internet Content & Information,Micro,148.0,,25.59,128.0,4.16,39.57,21.61,35.3,0.0,,,265.6,,,,,,,30712.0,23.9,
NSE:SECMARK,SecMark Consultancy Limited,Equity,NSE,,INE0BTM01013,EQ,Capital Goods,Consulting Services,Micro,148.0,,135.0,43.4,6.02,179.5,95.05,24.8,0.0,,,54.9,,,,,,,5250.0,1.6,
NSE:MCL,M TEK COPPER LIMITED,Equity,NSE,,INE813V01022,EQ,Materials,Copper,Micro,148.0,,54.49,33.0,2.95,93.2,42.0,41.5,0.0,,,82.9,,,,,,,56028.0,50.7,
NSE:VASWANI,Vaswani Industries Limited,Equity,NSE+BSE,533576,INE590L01019,EQ,Materials,Steel,Micro,147.0,,44.47,,0.96,69.99,43.26,36.5,0.0,,,184.5,,,,,,,29564.0,1.3,
NSE:RELIABLE,Reliable Data Services Limited,Equity,NSE+BSE,544207,INE375Y01018,EQ,Information Technology,Information Technology Services,Micro,147.0,,141.96,19.3,2.05,175.0,104.74,18.9,0.05,0.04,,28.8,,,,,,,38727.0,18.4,
NSE:CENTEXT,Century Extrusions Limited,Equity,NSE+BSE,500083,INE281A01026,EQ,Materials,Aluminum,Micro,147.0,,18.38,13.1,1.77,34.75,15.67,47.1,0.0,,,82.3,,,,,,,351458.0,13.6,
NSE:SRTL,Shree Ram Twistex Limited,Equity,NSE+BSE,544716,INE19GK01015,EQ,Consumer Discretionary,Textile Manufacturing,Micro,147.0,,36.85,10.3,0.56,73.36,35.75,49.8,0.0,,,15.2,,,,,,,40234.0,8.6,
NSE:GVPTECH,GVP Infotech Limited,Equity,NSE,,INE382T01030,BE,Information Technology,Information Technology Services,Micro,146.0,,7.91,,1.62,11.19,5.22,29.3,0.2,2.58,,18.9,,,,,,,99105.0,1.6,
NSE:LAL,Lorenzini Apparels Limited,Equity,NSE+BSE,540952,INE740X01023,EQ,Consumer Discretionary,Apparel Manufacturing,Micro,146.0,,8.45,26.4,2.83,11.25,5.56,24.9,0.0,,,38.6,,,,,,,97819.0,4.2,
NSE:INCREDIBLE,INCREDIBLE INDUSTRIES LIMITED,Equity,NSE+BSE,538365,INE452L01012,EQ,Materials,Steel,Micro,146.0,,31.16,12.3,0.88,48.85,28.1,36.2,0.0,,,21.8,,,,,,,5991.0,1.8,
NSE:TARMAT,Tarmat Limited,Equity,NSE+BSE,532869,INE924H01018,EQ,Capital Goods,Engineering & Construction,Micro,145.0,,57.79,20.4,0.78,73.9,46.26,21.8,0.0,,,8.0,,,,,,,55650.0,25.5,
NSE:VIKASECO,Vikas EcoTech Limited,Equity,NSE+BSE,530961,INE806A01020,EQ,Materials,Specialty Chemicals,Micro,143.0,,1.03,103.0,0.22,2.04,0.99,49.5,0.0,,,7.1,,,,,,,1918751.0,15.9,
NSE:MITCON,MITCON Consultancy & Engineering Services Limited,Equity,NSE,,INE828O01033,EQ,Capital Goods,Engineering & Construction,Micro,143.0,,81.95,15.1,0.9,92.84,49.56,11.7,0.0,,6.0,57.0,,,,,,,11845.0,5.0,
NSE:BRIGHTBR,Bright Brothers Limited,Equity,NSE+BSE,526731,INE630D01010,EQ,Materials,Specialty Chemicals,Micro,142.0,,250.8,24.9,1.76,270.0,221.0,7.1,2.0,0.83,,135.2,,,,,,,2377.0,0.7,
NSE:KREBSBIO,Krebs Biochemicals and Industries Limited,Equity,NSE+BSE,524518,INE268B01013,EQ,Healthcare,Drug Manufacturers - Specialty & Generic,Micro,141.0,,65.6,,-0.87,76.85,38.33,14.6,0.0,,,,,,,,,,21483.0,411.4,
NSE:PRAENG,Prajay Engineers Syndicate Limited,Equity,NSE+BSE,531746,INE505C01016,EQ,Realty,Real Estate - Development,Micro,141.0,,20.1,,0.29,33.88,17.0,40.7,0.0,,,34.5,,,,,,,84021.0,16.0,
NSE:MAHAPEXLTD,Maha Rashtra Apex Corporation Limited,Equity,NSE+BSE,523384,INE843B01013,EQ,Financial Services,Credit Services,Micro,141.0,,50.1,,0.15,117.89,42.0,57.5,0.0,,,3.8,,,,,,,21387.0,5.9,
NSE:XELPMOC,Xelpmoc Design And Tech Limited,Equity,NSE+BSE,542367,INE01P501012,EQ,Information Technology,Information Technology Services,Micro,140.0,,94.5,,1.86,155.5,71.1,39.2,0.0,,,0.9,,,,,,,20556.0,223.8,
NSE:BRNL,Bharat Road Network Limited,Equity,NSE+BSE,540700,INE727S01012,EQ,Capital Goods,Infrastructure Operations,Micro,139.0,,16.56,,0.2,26.5,15.67,37.5,0.0,,,81.3,,,,,,,24458.0,3.4,
NSE:SALONA,Salona Cotspin Limited,Equity,NSE+BSE,590056,INE498E01010,EQ,Consumer Discretionary,Textile Manufacturing,Micro,137.0,,259.95,59.8,1.64,320.0,200.0,18.8,0.6,0.24,,226.4,,,,,,,1690.0,0.3,
NSE:INDOWIND,Indowind Energy Limited,Equity,NSE+BSE,532894,INE227G01018,EQ,Power,Utilities - Renewable,Micro,137.0,,8.54,,0.45,18.94,7.0,54.9,0.0,,,3.1,,,,,,,104680.0,10.0,
NSE:WIPL,The Western India Plywoods Limited,Equity,NSE,,INE215F01023,EQ,Materials,Lumber & Wood Production,Micro,137.0,,161.0,1006.2,3.99,193.2,133.1,16.7,1.0,0.62,,20.8,,,,,,,2331.0,1.5,
NSE:KAMOPAINTS,Kamdhenu Ventures Limited,Equity,NSE+BSE,543747,INE0BTI01037,EQ,Materials,Steel,Micro,136.0,,4.12,,0.72,8.89,3.6,53.7,0.0,,,19.1,,,,,,,261239.0,4.0,
NSE:KEYFINSERV,Keynote Financial Services Limited,Equity,NSE,,INE681C01015,EQ,Financial Services,Capital Markets,Micro,136.0,,244.0,23.9,0.94,382.1,220.0,36.1,1.0,0.41,,2.9,,,,,,,1164.0,2.4,
NSE:TIPSFILMS,Tips Films Limited,Equity,NSE+BSE,543614,INE0LQS01015,EQ,Media Entertainment & Telecom,Entertainment,Micro,136.0,,313.55,,4.54,479.25,276.75,34.6,0.0,,,630.1,,,,,,,19296.0,9.0,
NSE:DCM,DCM  Limited,Equity,NSE+BSE,502820,INE498A01018,EQ,Capital Goods,Metal Fabrication,Micro,135.0,,72.02,109.1,2.88,104.3,55.0,30.9,0.0,,,2.2,,,,,,,11999.0,1.4,
NSE:AIROLAM,Airo Lam limited,Equity,NSE,,INE801L01010,EQ,Consumer Discretionary,"Furnishings, Fixtures & Appliances",Micro,134.0,,89.5,25.6,1.71,117.5,78.0,23.8,0.0,,7.0,106.3,,,,,,,3686.0,24.2,
NSE:LAMBODHARA,Lambodhara Textiles Limited,Equity,NSE+BSE,590075,INE112F01022,EQ,Consumer Discretionary,Textile Manufacturing,Micro,133.0,,128.3,10.7,1.04,154.5,81.8,17.0,0.5,0.39,,30.3,,,,,,,54533.0,21.4,
NSE:KRITIKA,Kritika Wires Limited,Equity,NSE,,INE00Z501029,EQ,Materials,Steel,Micro,133.0,,4.98,20.8,1.32,9.55,4.5,47.9,0.0,,,54.5,,,,,,,136590.0,4.2,
NSE:BTML,Bodhi Tree Multimedia Limited,Equity,NSE+BSE,543767,INE0EEJ01023,EQ,Media Entertainment & Telecom,Entertainment,Micro,131.0,,7.2,20.0,1.4,10.12,5.06,28.9,0.0,,,41.6,,,,,,,853528.0,95.8,
NSE:HPIL,Hindprakash Industries Limited,Equity,NSE+BSE,543645,INE05X901010,EQ,Materials,Specialty Chemicals,Micro,131.0,,114.89,37.5,2.41,154.45,107.0,25.6,0.0,,,60.2,,,,,,,2550.0,0.2,
NSE:ISHANCH,Ishan Dyes and Chemicals Limited,Equity,NSE+BSE,531109,INE561M01018,EQ,Materials,Chemicals,Micro,129.0,,47.2,,0.87,83.37,41.71,43.4,0.0,,,63.5,,,,,,,58073.0,7.7,
NSE:SONAL,Sonal Mercantile Limited,Equity,NSE,,INE321M01017,EQ,Financial Services,Credit Services,Micro,129.0,,87.56,5.8,0.3,94.0,82.5,6.9,0.0,,,76.5,,,,,,,119.0,,
NSE:VITAL,Vital Chemtech Limited,Equity,NSE,,INE0L4K01016,EQ,Materials,Specialty Chemicals,Micro,128.0,,53.46,54.6,1.26,69.4,35.4,23.0,0.0,,,61.9,,,,,,,7179.0,1.0,
NSE:JOCIL,Jocil Limited,Equity,NSE,,INE839G01010,EQ,Materials,Specialty Chemicals,Micro,128.0,,144.51,15.6,0.6,175.12,91.25,17.5,3.5,2.41,,,,,,,,,5729.0,1.4,
NSE:CROWN,Crown Lifters Limited,Equity,NSE,,INE491V01019,EQ,Capital Goods,Rental & Leasing Services,Micro,128.0,,110.7,15.5,1.64,163.86,100.11,32.4,0.0,,,74.9,,,,,,,20155.0,16.7,
NSE:GSLSU,Global Surfaces Limited,Equity,NSE+BSE,543829,INE0JSX01015,EQ,Materials,Building Materials,Micro,127.0,,30.0,,0.47,139.67,23.06,78.5,0.0,,,78.9,,,,,,,144738.0,10.6,
NSE:MAGNUM,Magnum Ventures Limited,Equity,NSE+BSE,532896,INE387I01016,EQ,Materials,Paper & Paper Products,Micro,127.0,,18.63,,0.19,28.0,16.25,33.5,0.0,,-0.2,45.0,,,,,,,30906.0,0.3,
NSE:LAGNAM,Lagnam Spintex Limited,Equity,NSE,,INE548Z01017,EQ,Consumer Discretionary,Textile Manufacturing,Micro,127.0,,71.65,6.9,0.93,95.9,58.6,25.3,0.0,,,264.4,,,,,,,11458.0,1.0,
NSE:CORALFINAC,Coral India Finance & Housing Limited,Equity,NSE+BSE,531556,INE558D01021,EQ,Realty,Real Estate Services,Micro,127.0,,31.39,8.8,0.61,47.19,25.01,33.5,0.2,0.64,,,,,,,,,80481.0,4.3,
NSE:ALPA,Alpa Laboratories Limited,Equity,NSE+BSE,532878,INE385I01010,EQ,Healthcare,Drug Manufacturers - Specialty & Generic,Micro,125.0,,59.5,29.3,0.67,93.85,46.1,36.6,0.0,,,1.3,,,,,,,19031.0,2.7,
NSE:MUKTAARTS,Mukta Arts Limited,Equity,NSE+BSE,532357,INE374B01019,EQ,Media Entertainment & Telecom,Entertainment,Micro,123.0,,54.6,,-1.91,72.7,37.01,24.9,0.0,,,,,,,,,,3854.0,1.1,
NSE:SAMPANN,Sampann Utpadan India Limited,Equity,NSE+BSE,534598,INE735M01018,EQ,Materials,Specialty Chemicals,Micro,123.0,,24.09,17.7,2.47,43.44,23.07,44.5,0.0,,20.7,201.9,,,,,,,19214.0,2.6,
NSE:BALAXI,BALAXI PHARMACEUTICALS LIMITED,Equity,NSE,,INE618N01022,EQ,Healthcare,Drug Manufacturers - Specialty & Generic,Micro,123.0,,22.28,49.5,0.49,45.31,15.2,50.8,0.0,,0.6,23.1,,,,,,,37372.0,4.6,
NSE:STEELCITY,Steel City Securities Limited,Equity,NSE,,INE395H01011,EQ,Financial Services,Capital Markets,Micro,122.0,,80.79,7.2,0.88,103.79,71.26,22.2,4.0,4.99,,7.2,,,,,,,22264.0,5.3,
NSE:ANIKINDS,Anik Industries Limited,Equity,NSE+BSE,519383,INE087B01017,EQ,Fast Moving Consumer Goods,Food Distribution,Micro,122.0,,44.0,,0.3,83.4,32.5,47.2,0.0,,,7.6,,,,,,,8384.0,1.0,
NSE:HECPROJECT,HEC Infra Projects Limited,Equity,NSE,,INE558R01013,EQ,Capital Goods,Engineering & Construction,Micro,121.0,,111.8,9.6,1.84,160.5,92.1,30.3,0.0,,,67.5,,,,,,,25287.0,5.4,
NSE:SUPREME,Supreme Holdings & Hospitality (India) Limited,Equity,NSE+BSE,530677,INE822E01011,EQ,Realty,Real Estate - Development,Micro,121.0,,31.18,183.4,0.3,97.84,29.06,68.1,0.0,,,1.1,,,,,,,46812.0,2.7,
NSE:BSL,BSL Limited,Equity,NSE+BSE,514045,INE594B01012,EQ,Consumer Discretionary,Textile Manufacturing,Micro,121.0,,118.0,33.4,1.01,205.0,98.0,42.4,0.8,0.66,,366.3,,,,,,,4072.0,3.8,
NSE:TICL,Twamev Construction and Infrastructure Limited,Equity,NSE+BSE,532738,INE388G01026,BE,Capital Goods,Engineering & Construction,Micro,121.0,,7.79,16.9,0.37,33.99,5.33,77.1,0.0,,,113.7,,,,,,,399288.0,8.0,
NSE:SURANASOL,Surana Solar Limited,Equity,NSE+BSE,533298,INE272L01022,EQ,Information Technology,Solar,Micro,120.0,,24.3,18.7,2.09,34.51,18.31,29.6,0.0,,,,,,,,,,62093.0,7.5,
NSE:AAATECH,AAA Technologies Limited,Equity,NSE+BSE,543671,INE0D0U01013,EQ,Information Technology,Information Technology Services,Micro,120.0,,93.34,55.2,3.9,136.0,81.1,31.4,1.0,1.08,,,,,,,,,53846.0,19.2,
NSE:ROLLT,Rollatainers Limited,Equity,NSE+BSE,502448,INE927A01040,BE,Realty,Real Estate Services,Micro,119.0,,4.74,7.0,13.17,6.57,1.07,27.9,0.0,,,121.0,,,,,,,547676.0,13.6,
NSE:WHBRADY,WH Brady & Company Limited,Equity,NSE+BSE,501391,INE855A01019,EQ,Capital Goods,Industrial Distribution,Micro,119.0,,465.0,22.6,,589.9,415.0,21.2,0.0,,,7.6,,,,,,,98.0,1.0,
NSE:LATTEYS,Latteys Industries Limited,Equity,NSE,,INE262Z01023,EQ,Capital Goods,Specialty Industrial Machinery,Micro,119.0,,20.76,33.5,5.03,37.0,15.79,43.9,0.0,,,91.4,,,,,,,57176.0,12.6,
NSE:DEVIT,Dev Information Technology Limited,Equity,NSE+BSE,543462,INE060X01034,EQ,Information Technology,Information Technology Services,Micro,119.0,,20.9,1.6,1.09,44.44,20.49,53.0,0.1,0.48,,28.0,,,,,,,53314.0,18.0,
NSE:CHEMCRUX,Chemcrux Enterprises Limited,Equity,NSE+BSE,540395,INE298W01016,EQ,Materials,Specialty Chemicals,Micro,118.0,,79.49,28.4,1.53,89.29,76.3,11.0,1.0,1.28,,44.7,,,,,,,4519.0,2.8,
NSE:GFSTEELS,Grand Foundry Limited,Equity,NSE+BSE,513343,INE534A01028,BE,Materials,Steel,Micro,117.0,,38.29,47.9,-21.37,38.3,10.21,0.0,0.0,,,,,,,,,,9129.0,144.8,
NSE:URAVIDEF,Uravi Defence and Technology Limited,Equity,NSE,,INE568Z01015,BE,Consumer Discretionary,Auto Parts,Micro,117.0,,103.0,69.1,2.29,263.0,101.0,60.8,0.0,,,47.2,,,,,,,8834.0,0.4,
NSE:SADBHAV,Sadbhav Engineering Limited,Equity,NSE+BSE,532710,INE226H01026,EQ,Capital Goods,Engineering & Construction,Micro,117.0,,6.8,3.9,-1.05,14.7,6.05,53.7,0.0,,,,,,,,,,260148.0,30.4,
NSE:OBCL,OBCL Limited,Equity,NSE+BSE,541206,INE426Z01016,EQ,Capital Goods,Trucking,Micro,117.0,,55.6,,1.4,62.0,46.51,10.3,0.0,,,86.3,,,,,,,14177.0,2.4,
NSE:GATECH,GACM Technologies Limited,Equity,NSE+BSE,531723,INE224E01028,BE,Financial Services,Asset Management,Micro,116.0,,0.65,13.0,0.72,1.11,0.4,41.4,0.0,,,,,,,,,,22515607.0,120.2,
NSE:THAKDEV,Thakkers Developers Limited,Equity,NSE,,INE403F01017,EQ,Realty,Real Estate - Development,Micro,116.0,,128.74,8.4,0.7,160.0,115.1,19.5,0.0,,8.6,9.4,,,,,,,341.0,0.2,
NSE:RUCHINFRA,Ruchi Infrastructure Limited,Equity,NSE+BSE,509020,INE413B01023,EQ,Capital Goods,Specialty Business Services,Micro,115.0,,4.87,32.5,0.69,7.72,4.05,36.9,0.0,,,40.9,,,,,,,74530.0,5.6,
NSE:ASSAMENT,Assam Entrade Limited,Equity,NSE,,INE165G01010,EQ,Financial Services,Capital Markets,Micro,115.0,,799.0,61.0,1.71,857.75,705.0,6.8,0.0,,,2.9,,,,,,,10.0,0.0,
NSE:AKSHOPTFBR,Aksh Optifibre Limited,Equity,NSE+BSE,532351,INE523B01011,BE,Information Technology,Communication Equipment,Micro,115.0,,7.07,,-8.78,9.01,3.82,21.5,0.0,,,,,,,,,,302321.0,22.8,
NSE:CFEL,Confidence Futuristic Energetech Limited,Equity,NSE+BSE,539991,INE700F01024,BE,Power,Utilities - Regulated Gas,Micro,115.0,,45.94,16.0,0.82,52.8,28.16,13.0,0.25,0.55,,81.8,,,,,,,77883.0,6.2,
NSE:GANGESSECU,Ganges Securities Limited,Equity,NSE,,INE335W01016,EQ,Fast Moving Consumer Goods,Packaged Foods,Micro,114.0,,114.0,39.6,0.21,178.15,103.31,36.0,0.0,,,0.0,,,,,,,2171.0,1.2,
NSE:OSWALSEEDS,ShreeOswal Seeds And Chemicals Limited,Equity,NSE,,INE00IK01029,EQ,Materials,Agricultural Inputs,Micro,114.0,,12.42,9.3,2.23,20.28,9.66,38.8,0.0,,,121.2,,,,,,,218725.0,8.5,
NSE:LAHOTIOV,Lahoti Overseas Limited,Equity,NSE+BSE,531842,INE515C01023,EQ,Consumer Discretionary,Textile Manufacturing,Micro,114.0,,39.2,7.2,0.53,46.95,37.0,16.5,0.0,,,14.9,,,,,,,9849.0,0.8,
NSE:TOTAL,Total Transport Systems Limited,Equity,NSE,,INE336X01012,BE,Capital Goods,Integrated Freight & Logistics,Micro,113.0,,70.35,12.6,1.01,87.89,45.0,20.0,1.25,1.78,,44.1,,,,,,,21574.0,0.8,
NSE:INDIANCARD,Indian Card Clothing Company Limited,Equity,NSE,,INE061A01014,EQ,Consumer Discretionary,Textile Manufacturing,Micro,113.0,,189.8,18.8,0.33,278.25,153.0,31.8,0.0,,,0.9,,,,,,,4652.0,3.9,
NSE:VISHWARAJ,Vishwaraj Sugar Industries Limited,Equity,NSE+BSE,542852,INE430N01022,EQ,Fast Moving Consumer Goods,Confectioners,Micro,113.0,,5.18,,0.46,8.5,4.14,39.1,0.0,,-15.3,184.8,,,,,,,547559.0,8.1,
NSE:BCPL,BCPL Railway Infrastructure Limited,Equity,NSE+BSE,542057,INE00SW01015,EQ,Capital Goods,Infrastructure Operations,Micro,112.0,,67.0,13.6,1.15,92.0,60.0,27.2,1.0,1.49,,71.4,,,,,,,10802.0,8.2,
NSE:KOHINOOR,Kohinoor Foods Limited,Equity,NSE+BSE,512559,INE080B01012,EQ,Fast Moving Consumer Goods,Packaged Foods,Micro,111.0,,29.86,1.3,-1.18,38.47,19.2,22.4,0.0,,,,,,,,,,214854.0,50.8,
NSE:WEIZMANIND,Weizmann Limited,Equity,NSE+BSE,523011,INE080A01014,EQ,Consumer Discretionary,Textile Manufacturing,Micro,111.0,,71.45,18.0,1.68,114.5,65.21,37.6,0.5,0.7,,9.4,,,,,,,1428.0,0.7,
NSE:INDBANK,Indbank Merchant Banking Services Limited,Equity,NSE+BSE,511473,INE841B01017,EQ,Financial Services,Capital Markets,Micro,111.0,,25.1,15.3,1.14,47.15,24.21,46.8,0.0,,,,,,,,,,59635.0,2.9,
NSE:DBSTOCKBRO,DB (International) Stock Brokers Limited,Equity,NSE+BSE,530393,INE921B01025,BE,Financial Services,Capital Markets,Micro,110.0,,31.5,37.1,1.46,48.5,23.15,35.1,0.0,,,3.0,,,,,,,62697.0,0.3,
NSE:VGCL,Vibrant Global Capital Limited,Equity,NSE+BSE,538732,INE761Q01015,EQ,Financial Services,Capital Markets,Micro,110.0,,48.0,4.0,,62.95,45.0,23.7,4.0,8.35,,26.7,,,,,,,5986.0,0.9,
NSE:ZENITHEXPO,Zenith Exports Limited,Equity,NSE,,INE058B01018,EQ,Consumer Discretionary,Textile Manufacturing,Micro,110.0,,204.0,370.9,1.3,260.0,174.0,21.5,0.0,,,2.5,,,,,,,571.0,0.2,
NSE:VAISHALI,Vaishali Pharma Limited,Equity,NSE,,INE972X01022,EQ,Healthcare,Drug Manufacturers - Specialty & Generic,Micro,109.0,,8.38,,1.58,11.88,4.75,29.5,0.0,,,27.3,,,,,,,150739.0,19.0,
NSE:OPTIFIN,Optimus Finance Limited,Equity,NSE+BSE,531254,INE031G01022,EQ,Materials,Chemicals,Micro,109.0,,14.54,,1.62,17.0,11.41,14.5,0.0,,,35.1,,,,,,,158206.0,12.2,
NSE:MAKERSL,Makers Laboratories Limited,Equity,NSE+BSE,506919,INE987A01010,EQ,Healthcare,Drug Manufacturers - Specialty & Generic,Micro,108.0,,183.5,31.6,1.48,236.0,150.0,22.2,0.0,,,5.0,,,,,,,9198.0,9.0,
NSE:NORBTEAEXP,Norben Tea & Exports Limited,Equity,NSE+BSE,519528,INE369C01017,EQ,Fast Moving Consumer Goods,Farm Products,Micro,108.0,,69.5,,5.74,99.35,47.5,30.0,0.0,,,46.9,,,,,,,1926.0,6.1,
NSE:GTL,GTL Limited,Equity,NSE+BSE,500160,INE043A01012,EQ,Media Entertainment & Telecom,Telecom Services,Micro,107.0,,6.81,0.1,-0.02,9.69,4.91,29.7,0.0,,,,,,,,,,213872.0,8.2,
NSE:SHYAMCENT,Shyam Century Ferrous Limited,Equity,NSE+BSE,539252,INE979R01011,BE,Materials,Steel,Micro,106.0,,5.0,,0.62,7.18,3.68,30.4,0.0,,,0.6,,,,,,,69002.0,11.1,
NSE:SUPREMEENG,Supreme Engineering Limited,Equity,NSE,,INE319Z01021,BZ,Materials,Steel,Micro,106.0,,4.24,106.0,-5.31,4.24,0.68,0.0,0.0,,,,,,,,,,346568.0,10.4,
NSE:VLEGOV,VL E-Governance & IT Solutions Limited,Equity,NSE+BSE,543958,INE03HW01020,EQ,Information Technology,Information Technology Services,Micro,106.0,,9.73,,2.56,29.52,8.42,67.0,0.0,,,,,,,,,,84264.0,9.9,
NSE:COMPUSOFT,Compucom Software Limited,Equity,NSE+BSE,532339,INE453B01029,EQ,Fast Moving Consumer Goods,Education & Training Services,Micro,105.0,,13.22,36.7,0.72,20.5,12.0,35.5,0.25,1.92,,34.2,,,,,,,31766.0,1.9,
NSE:SURYALAXMI,Suryalakshmi Cotton Mills Limited,Equity,NSE+BSE,521200,INE713B01026,EQ,Consumer Discretionary,Textile Manufacturing,Micro,105.0,,55.76,26.2,0.38,67.7,43.0,17.6,0.0,,,111.0,,,,,,,5446.0,1.8,
NSE:REPL,Rudrabhishek Enterprises Limited,Equity,NSE,,INE364Z01019,EQ,Capital Goods,Consulting Services,Micro,105.0,,58.0,,0.75,154.49,56.0,62.5,0.0,,,20.1,,,,,,,4275.0,0.9,
NSE:SHEKHAWATI,Shekhawati Industries Limited,Equity,NSE+BSE,533301,INE268L01046,BE,Consumer Discretionary,Textile Manufacturing,Micro,104.0,,30.1,8.4,4.72,33.26,9.12,9.5,0.0,,,6.3,,,,,,,70565.0,43.6,
NSE:RTSPOWR,RTS Power Corporation Limited,Equity,NSE+BSE,531215,INE005C01017,EQ,Capital Goods,Electrical Equipment & Parts,Micro,104.0,,113.6,39.0,0.71,138.05,68.88,17.7,0.0,,,21.0,,,,,,,16696.0,30.2,
NSE:THACKER,Thacker & Company Limited,Equity,NSE+BSE,509945,INE077P01034,EQ,Financial Services,Asset Management,Micro,103.0,,945.0,5.4,0.59,1107.0,900.1,14.6,0.0,,,0.0,,,,,,,36.0,2.0,
NSE:SAMBHAAV,Sambhaav Media Limited,Equity,NSE+BSE,511630,INE699B01027,EQ,Media Entertainment & Telecom,Publishing,Micro,103.0,,5.4,,1.24,11.53,5.07,53.2,0.0,,,5.9,,,,,,,36599.0,4.0,
NSE:DEEP,Deep Polymers Limited,Equity,NSE+BSE,541778,INE00IY01012,BE,Materials,Specialty Chemicals,Micro,103.0,,42.8,14.3,0.99,49.17,34.2,13.0,0.0,,,28.6,,,,,,,34915.0,3.4,
NSE:LOVABLE,Lovable Lingerie Limited,Equity,NSE+BSE,533343,INE597L01014,EQ,Consumer Discretionary,Apparel Manufacturing,Micro,102.0,,68.98,12.9,0.56,101.95,55.0,32.3,0.0,,,1.5,,,,,,,14469.0,7.0,
NSE:GROBTEA,The Grob Tea Company Limited,Equity,NSE,,INE646C01018,EQ,Fast Moving Consumer Goods,Farm Products,Micro,102.0,,878.0,13.3,1.1,1225.0,805.0,28.3,2.0,0.23,,57.0,,,,,,,235.0,0.5,
NSE:JHS,JHS Svendgaard Laboratories Limited,Equity,NSE+BSE,532771,INE544H01014,EQ,Fast Moving Consumer Goods,Household & Personal Products,Micro,102.0,,11.65,,0.58,13.9,6.26,16.2,0.0,,,8.5,,,,,,,239390.0,513.8,
NSE:SMLT,Sarthak Metals Limited,Equity,NSE+BSE,540393,INE017W01010,EQ,Capital Goods,Metal Fabrication,Micro,102.0,,74.18,20.8,0.81,121.0,56.61,38.7,0.5,0.74,4.0,4.2,,,,,,,8230.0,81.8,
NSE:SOMICONVEY,Somi Conveyor Beltings Limited,Equity,NSE+BSE,533001,INE323J01019,EQ,Capital Goods,Specialty Industrial Machinery,Micro,102.0,,84.25,22.4,1.22,169.4,80.16,50.3,0.0,,,16.6,,,,,,,33853.0,11.8,
NSE:SIL,Standard Industries Limited,Equity,NSE+BSE,530017,INE173A01025,EQ,Consumer Discretionary,Textile Manufacturing,Micro,101.0,,15.74,1.6,0.88,22.3,11.7,29.4,0.5,3.16,,3.1,,,,,,,100703.0,7.1,
NSE:SHRIKRISH,Shri Krishna Devcon Limited,Equity,NSE+BSE,531080,INE997I01012,EQ,Realty,Real Estate - Development,Micro,101.0,,36.0,24.8,1.09,42.87,33.17,16.0,0.0,,,50.2,,,,,,,834.0,0.5,
NSE:AMARJOTHI,Amarjothi Spinning Mills Limited,Equity,NSE+BSE,521097,INE484D01012,EQ,Consumer Discretionary,Textile Manufacturing,Micro,101.0,,150.0,10.0,0.51,166.0,88.4,9.6,2.2,1.47,,28.0,,,,,,,1589.0,2.4,
NSE:USK,Udayshivakumar Infra Limited,Equity,NSE+BSE,543861,INE0N0Y01013,EQ,Capital Goods,Engineering & Construction,Micro,101.0,,18.3,8.6,0.59,31.3,17.77,41.5,0.0,,,45.0,,,,,,,19970.0,9.4,
NSE:FELDVR,Future Enterprises Limited,Equity,NSE+BSE,570002,IN9623B01058,BZ,Consumer Discretionary,Department Stores,Micro,101.0,,2.05,,0.04,3.74,1.9,45.2,0.0,,-238.3,,,,,,,,3957.0,0.3,
NSE:LOYALTEX,Loyal Textile Mills Limited,Equity,NSE+BSE,514036,INE970D01010,EQ,Consumer Discretionary,Textile Manufacturing,Micro,100.0,,207.0,,0.49,333.99,170.04,38.0,0.0,,,105.7,,,,,,,1709.0,0.3,
NSE:ARTNIRMAN,Art Nirman Limited,Equity,NSE,,INE738V01013,EQ,Realty,Real Estate - Development,Micro,100.0,,40.0,78.4,2.4,66.97,29.39,40.3,0.0,,,195.9,,,,,,,1406.0,0.0,
NSE:JETFREIGHT,Jet Freight Logistics Limited,Equity,NSE+BSE,543420,INE982V01025,EQ,Capital Goods,Integrated Freight & Logistics,Micro,99.0,,19.4,11.9,1.27,25.95,12.0,25.2,0.0,,,104.6,,,,,,,263247.0,46.4,
NSE:AMDIND,AMD Industries Limited,Equity,NSE+BSE,532828,INE005I01014,BE,Consumer Discretionary,Packaging & Containers,Micro,99.0,,51.9,30.4,0.65,74.39,33.77,30.2,0.0,,,51.2,,,,,,,73879.0,7.4,
NSE:NAVKARURB,Navkar Urbanstructure Limited,Equity,NSE+BSE,531494,INE268H01044,EQ,Materials,Building Materials,Micro,96.0,,0.86,28.7,1.4,2.58,0.7,66.7,0.01,0.59,,3.6,,,,,,,826332.0,7.6,
NSE:DIGJAMLMTD,Digjam Limited,Equity,NSE+BSE,539979,INE731U01028,BE,Consumer Discretionary,Textile Manufacturing,Micro,96.0,,47.95,24.8,21.95,73.19,36.03,34.5,0.0,,,1361.4,,,,,,,51859.0,3.0,
NSE:GLOBE,GLOBE ENTERPRISES (INDIA) LIMITED,Equity,NSE,,INE581X01021,EQ,Consumer Discretionary,Textile Manufacturing,Micro,95.0,,2.1,9.1,0.63,3.29,1.75,36.2,0.0,,,114.2,,,,,,,590265.0,9.6,
NSE:MOTOGENFIN,The Motor & General Finance Limited,Equity,NSE+BSE,501343,INE861B01023,EQ,Realty,Real Estate Services,Micro,95.0,,24.26,0.6,0.42,34.4,17.5,29.5,0.0,,,,,,,,,,29900.0,23.5,
NSE:BHANDARI,Bhandari Hosiery Exports Limited,Equity,NSE+BSE,512608,INE474E01029,EQ,Consumer Discretionary,Apparel Manufacturing,Micro,95.0,,2.86,9.9,0.49,5.13,2.0,44.2,0.01,0.35,,57.8,,,,,,,115463.0,2.6,
NSE:PACIFICI,Pacific Industries Limited,Equity,NSE+BSE,523483,INE883C01025,EQ,Materials,Building Materials,Micro,94.0,,135.99,34.0,0.21,160.0,129.0,15.0,0.0,,,13.4,,,,,,,1025.0,0.7,
NSE:NARMADA,Narmada Agrobase Limited,Equity,NSE+BSE,543643,INE117Z01029,EQ,Materials,Agricultural Inputs,Micro,94.0,,12.33,26.2,1.58,22.58,9.95,45.4,0.0,,,17.0,,,,,,,1755183.0,35.9,
NSE:SADBHIN,Sadbhav Infrastructure Project Limited,Equity,NSE+BSE,539346,INE764L01010,EQ,Capital Goods,Engineering & Construction,Micro,93.0,,2.65,53.0,-0.16,4.79,2.06,44.7,0.0,,,,,,,,,,146683.0,3.4,
NSE:PARSVNATH,Parsvnath Developers Limited,Equity,NSE+BSE,532780,INE561H01026,BE,Realty,Real Estate - Development,Micro,93.0,,2.13,,-0.04,18.75,1.35,88.6,0.0,,,,,,,,,,747453.0,0.3,
NSE:RAJSREESUG,Rajshree Sugars & Chemicals Limited,Equity,NSE+BSE,500354,INE562B01019,EQ,Fast Moving Consumer Goods,Confectioners,Micro,93.0,,28.12,,0.35,42.48,24.65,33.8,0.0,,,126.2,,,,,,,85029.0,23.2,
NSE:CRSL,Cressanda Railway Solutions Limited,Equity,NSE+BSE,512379,INE716D01033,BE,Information Technology,Information Technology Services,Micro,93.0,,2.19,,0.64,3.56,2.11,38.5,0.0,,,,,,,,,,910104.0,9.4,
NSE:BVCL,Barak Valley Cements Limited,Equity,NSE+BSE,532916,INE139I01011,EQ,Materials,Building Materials,Micro,92.0,,41.7,45.8,0.73,54.9,31.2,24.0,0.0,,,23.4,,,,,,,45158.0,7.8,
NSE:MUKESHB,Mukesh Babu Financial Services Limited,Equity,NSE,,INE596B01017,EQ,Financial Services,Capital Markets,Micro,90.0,,128.8,36.9,0.26,147.0,125.0,12.4,0.0,,,13.5,,,,,,,13990.0,0.9,
NSE:INVENTURE,Inventure Growth & Securities Limited,Equity,NSE+BSE,533506,INE878H01024,EQ,Financial Services,Capital Markets,Micro,90.0,,0.86,28.7,0.33,1.53,0.72,43.8,0.0,,,13.3,,,,,,,1014324.0,3.4,
NSE:BAGFILMS,B.A.G Films and Media Limited,Equity,NSE+BSE,532507,INE116D01028,EQ,Media Entertainment & Telecom,Broadcasting,Micro,90.0,,4.14,23.0,0.5,8.0,3.61,48.3,0.0,,,50.3,,,,,,,91082.0,1.1,
NSE:ABAN,Aban Offshore Limited,Equity,NSE+BSE,523204,INE421A01028,BE,Oil Gas & Consumable Fuels,Oil & Gas Drilling,Micro,90.0,,15.36,,-0.0,42.77,12.89,64.1,0.0,,,,,,,,,,43353.0,2.5,
NSE:PIONRINV,Pioneer Investcorp Limited,Equity,NSE,,INE746D01014,BE,Financial Services,Capital Markets,Micro,90.0,,73.0,6.3,0.52,88.99,72.5,18.0,0.0,,,61.4,,,,,,,1334.0,3.7,
NSE:ALKALI,Alkali Metals Limited,Equity,NSE+BSE,533029,INE773I01017,BE,Materials,Specialty Chemicals,Micro,89.0,,87.1,83.0,1.99,107.38,46.8,18.9,1.0,1.15,,40.8,,,,,,,35799.0,7.6,
NSE:BLBLIMITED,BLB Limited,Equity,NSE+BSE,532290,INE791A01024,EQ,Financial Services,Capital Markets,Micro,89.0,,16.76,3.2,0.68,22.47,12.0,25.4,0.0,,,1.7,,,,,,,122151.0,11.7,
NSE:BEARDSELL,Beardsell Limited,Equity,NSE,,INE520H01022,EQ,Capital Goods,Building Products & Equipment,Micro,87.0,,22.12,8.0,0.95,37.37,20.02,40.8,0.1,0.45,,24.2,,,,,,,20723.0,9.6,
NSE:SUPTANERY,Super Tannery Limited,Equity,NSE+BSE,523842,INE460D01038,BE,Consumer Discretionary,Footwear & Accessories,Micro,87.0,,8.06,12.6,0.8,16.21,7.15,50.3,0.05,0.62,,83.2,,,,,,,315294.0,12.8,
NSE:HILTON,Hilton Metal Forging Limited,Equity,NSE+BSE,532847,INE788H01017,EQ,Capital Goods,Metal Fabrication,Micro,87.0,,16.88,10.4,0.39,50.16,13.43,66.3,0.0,,,37.0,,,,,,,108283.0,24.2,
NSE:SHERVANI,Shervani Industrial Syndicate Limited,Equity,NSE,,INE011D01013,EQ,Realty,Real Estate - Development,Micro,86.0,,335.0,331.7,0.65,374.0,303.35,10.4,2.5,0.75,,54.3,,,,,,,400.0,,
NSE:RAJMET,Rajnandini Metal Limited,Equity,NSE,,INE00KV01022,EQ,Materials,Copper,Micro,86.0,,3.11,,1.56,5.28,2.72,41.1,0.0,,,23.7,,,,,,,361726.0,5.5,
NSE:TFL,Transwarranty Finance Limited,Equity,NSE+BSE,532812,INE804H01012,EQ,Financial Services,Mortgage Finance,Micro,85.0,,11.9,,2.32,18.5,10.21,35.7,0.0,,,107.0,,,,,,,9477.0,0.8,
NSE:RELCHEMQ,Reliance Chemotex Industries Limited,Equity,NSE+BSE,503162,INE750D01016,EQ,Consumer Discretionary,Textile Manufacturing,Micro,85.0,,113.04,15.4,0.6,163.0,105.01,30.7,0.5,0.44,,187.5,,,,,,,6294.0,1.8,
NSE:AAKASH,Aakash Exploration Services Limited,Equity,NSE,,INE087Z01024,EQ,Oil Gas & Consumable Fuels,Oil & Gas Equipment & Services,Micro,85.0,,8.39,,1.3,13.4,7.21,37.4,0.0,,,41.9,,,,,,,131598.0,10.2,
NSE:ADDIND,Addi Industries Limited,Equity,NSE+BSE,507852,INE757C01021,EQ,Consumer Discretionary,Textile Manufacturing,Micro,85.0,,78.5,35.0,1.02,94.6,71.05,17.0,0.0,,,,,,,,,,908.0,0.1,
NSE:PALASHSECU,Palash Securities Limited,Equity,NSE+BSE,540648,INE471W01019,EQ,Fast Moving Consumer Goods,Packaged Foods,Micro,85.0,,84.5,5.2,0.17,131.84,79.01,35.9,0.0,,,0.0,,,,,,,1924.0,1.1,
NSE:REGENCERAM,Regency Ceramics Limited,Equity,NSE+BSE,515018,INE277C01012,EQ,Capital Goods,Building Products & Equipment,Micro,85.0,,31.99,,-1.01,54.99,30.0,41.8,0.0,,,,,,,,,,16751.0,2.0,
NSE:SHILGRAVQ,Shilp Gravures Limited,Equity,NSE+BSE,513709,INE960A01017,EQ,Capital Goods,Specialty Industrial Machinery,Micro,85.0,,138.6,12.8,0.82,179.7,137.0,22.9,2.1,1.51,,0.3,,,,,,,8836.0,5.9,
NSE:PATINTLOG,Patel Integrated Logistics Limited,Equity,NSE+BSE,526381,INE529D01014,EQ,Capital Goods,Integrated Freight & Logistics,Micro,85.0,,13.21,8.8,0.74,16.25,8.01,18.7,0.2,1.51,,5.1,,,,,,,80510.0,14.0,
NSE:GOYALALUM,Goyal Aluminiums Limited,Equity,NSE+BSE,541152,INE705X01026,EQ,Materials,Aluminum,Micro,85.0,,5.93,24.7,3.37,11.37,5.3,47.8,0.0,,,42.4,,,,,,,66329.0,1.8,
NSE:LPDC,Landmark Property Development Company Limited,Equity,NSE+BSE,533012,INE197J01017,EQ,Realty,Real Estate Services,Micro,84.0,,6.28,10.0,1.94,9.46,5.23,33.6,0.0,,,,,,,,,,87664.0,0.8,
NSE:MINALIND,Minal Industries Limited,Equity,NSE+BSE,522235,INE097E01028,BE,Consumer Discretionary,Luxury Goods,Micro,83.0,,4.33,61.9,1.56,5.89,1.71,26.5,0.0,,,9.8,,,,,,,92374.0,0.0,
NSE:SPLIL,SPL Industries Limited,Equity,NSE+BSE,532651,INE978G01016,EQ,Consumer Discretionary,Apparel Manufacturing,Micro,83.0,,28.42,10.0,0.38,45.2,20.2,37.1,0.0,,,0.0,,,,,,,9828.0,1.1,
NSE:PRAXIS,Praxis Home Retail Limited,Equity,NSE+BSE,540901,INE546Y01022,EQ,Consumer Discretionary,Specialty Retail,Micro,81.0,,4.37,,-1.05,14.44,3.91,69.7,0.0,,,,,,,,,,136685.0,4.6,
NSE:KAKATCEM,Kakatiya Cement Sugar & Industries Limited,Equity,NSE,,INE437B01014,EQ,Materials,Building Materials,Micro,80.0,,103.0,,0.44,165.55,85.0,37.8,3.0,2.91,,10.7,,,,,,,2427.0,1.3,
NSE:TERAI,Terai Tea Company Limited,Equity,NSE+BSE,530533,INE390D01011,EQ,Fast Moving Consumer Goods,Farm Products,Micro,80.0,,116.75,7.1,0.49,140.0,103.0,16.6,0.0,,,23.2,,,,,,,332.0,,
NSE:CINEVISTA,Cinevista Limited,Equity,NSE+BSE,532324,INE039B01026,EQ,Media Entertainment & Telecom,Entertainment,Micro,79.0,,13.7,12.9,1.39,20.9,12.16,34.4,0.0,,,27.1,,,,,,,14442.0,0.9,
NSE:MOKSH,Moksh Ornaments Limited,Equity,NSE,,INE514Y01020,EQ,Consumer Discretionary,Luxury Goods,Micro,79.0,,9.4,7.5,0.61,16.65,8.11,43.5,0.0,,,19.1,,,,,,,121836.0,11.5,
NSE:ORIENTLTD,Orient Press Limited,Equity,NSE+BSE,526325,INE609C01024,BE,Consumer Discretionary,Packaging & Containers,Micro,78.0,,78.26,,1.21,102.3,53.72,23.5,0.0,,,90.4,,,,,,,16972.0,1.6,
NSE:RHFL,Reliance Home Finance Limited,Equity,NSE+BSE,540709,INE217K01011,BZ,Financial Services,Mortgage Finance,Micro,78.0,,1.6,,-2.08,4.25,1.53,62.4,0.0,,,,,,,,,,593456.0,6.6,
NSE:GRADIENTE,Gradiente Infotainment Limited,Equity,NSE,,INE361K01017,BE,Media Entertainment & Telecom,Entertainment,Micro,78.0,,2.36,,0.21,9.4,1.95,74.9,0.0,,1.0,3.3,,,,,,,1136889.0,24.3,
NSE:HISARMETAL,Hisar Metal Industries Limited,Equity,NSE+BSE,590018,INE598C01011,EQ,Materials,Steel,Micro,78.0,,144.1,16.3,1.18,192.4,124.99,25.1,1.0,0.68,,131.7,,,,,,,1898.0,7.1,
NSE:BANARBEADS,Banaras Beads Limited,Equity,NSE+BSE,526849,INE655B01011,EQ,Consumer Discretionary,Footwear & Accessories,Micro,77.0,,116.0,40.7,1.33,164.7,96.05,29.6,0.0,,,35.6,,,,,,,8698.0,2.0,
NSE:RSSOFTWARE,R. S. Software (India) Limited,Equity,NSE+BSE,517447,INE165B01029,EQ,Information Technology,Information Technology Services,Micro,77.0,,30.0,,3.57,75.25,21.93,60.1,0.0,,-82.7,62.4,,,,,,,25262.0,4.6,
NSE:ANMOL,Anmol India Limited,Equity,NSE+BSE,542437,INE02AR01019,BE,Oil Gas & Consumable Fuels,Thermal Coal,Micro,77.0,,13.5,6.7,0.65,18.55,8.4,27.2,0.0,,,165.9,,,,,,,145812.0,6.9,
NSE:DUCON,Ducon Infratechnologies Limited,Equity,NSE+BSE,534674,INE741L01018,EQ,Capital Goods,Specialty Industrial Machinery,Micro,76.0,,1.32,6.0,0.24,5.77,1.15,77.1,0.0,,,63.0,,,,,,,1887073.0,48.9,
NSE:FIBERWEB,Fiberweb (India) Limited,Equity,NSE+BSE,507910,INE296C01020,EQ,Consumer Discretionary,Textile Manufacturing,Micro,76.0,,26.55,14.7,0.41,46.5,25.07,42.9,0.0,,,6.4,,,,,,,24022.0,3.2,
NSE:ADROITINFO,Adroit Infotech Limited,Equity,NSE+BSE,532172,INE737B01033,BE,Information Technology,Information Technology Services,Micro,76.0,,13.94,17.6,0.97,15.84,7.55,12.0,0.0,,,34.1,,,,,,,87225.0,7.7,
NSE:CGVAK,CG Vak Software & Exports Limited,Equity,NSE+BSE,531489,INE084D01010,EQ,Information Technology,Software - Application,Micro,76.0,,149.6,8.8,0.81,163.7,136.62,8.6,1.0,0.68,,3.0,,,,,,,2660.0,2.6,
NSE:NIBL,NRB Industrial Bearings Limited,Equity,NSE+BSE,535458,INE047O01014,EQ,Capital Goods,Tools & Accessories,Micro,76.0,,31.3,,-0.64,40.8,25.3,23.3,0.0,,,,,,,,,,40056.0,3.3,
NSE:CTE,Cambridge Technology Enterprises Limited,Equity,NSE+BSE,532801,INE627H01017,BE,Information Technology,Information Technology Services,Micro,75.0,,38.9,11.0,0.95,59.93,20.51,35.1,0.0,,,100.6,,,,,,,20165.0,2.7,
NSE:UMAEXPORTS,Uma Exports Limited,Equity,NSE+BSE,543513,INE0GIU01018,BE,Fast Moving Consumer Goods,Farm Products,Micro,75.0,,22.05,1102.5,0.38,55.9,18.12,60.6,0.0,,,72.2,,,,,,,29749.0,10.9,
NSE:SEMAC,Semac Construction Limited,Equity,NSE+BSE,505368,INE617A01013,EQ,Capital Goods,Engineering & Construction,Micro,75.0,,242.0,11.2,0.96,519.25,205.0,53.4,0.0,,,32.3,,,,,,,722.0,4.0,
NSE:BANKA,Banka BioLoo Limited,Equity,NSE,,INE862Y01015,EQ,Capital Goods,Pollution & Treatment Controls,Micro,74.0,,67.91,219.1,1.9,96.58,41.0,29.7,0.0,,,95.8,,,,,,,3789.0,13.0,
NSE:CURAA,Cura Technologies Limited,Equity,NSE+BSE,532332,INE117B01020,BE,Information Technology,Software - Application,Micro,74.0,,74.8,,11.6,204.32,60.0,63.4,0.0,,,95.1,,,,,,,602.0,0.1,
NSE:KHAITANLTD,Khaitan (India) Limited,Equity,NSE,,INE731C01018,EQ,Capital Goods,Industrial Distribution,Micro,74.0,,147.99,10.1,2.1,178.0,85.0,16.9,0.0,,,16.2,,,,,,,6196.0,1.3,
NSE:ZENITHSTL,Zenith Steel Pipes & Industries Limited,Equity,NSE+BSE,531845,INE318D01020,EQ,Materials,Steel,Micro,72.0,,5.08,18.8,-0.28,10.33,4.41,50.8,0.0,,,,,,,,,,98408.0,2.9,
NSE:VINEETLAB,Vineet Laboratories Limited,Equity,NSE+BSE,543298,INE505Y01010,EQ,Materials,Chemicals,Micro,70.0,,36.2,36.2,2.37,49.99,27.96,27.6,0.0,,3.7,99.4,,,,,,,89770.0,18.2,
NSE:NGIL,Nakoda Group of Industries Limited,Equity,NSE+BSE,541418,INE236Y01012,EQ,Fast Moving Consumer Goods,Packaged Foods,Micro,70.0,,40.0,41.7,2.39,43.89,22.01,8.9,0.0,,,44.6,,,,,,,34743.0,31.8,
NSE:DIGIDRIVE,Digidrive Distributors Limited,Equity,NSE+BSE,544079,INE0PSC01024,EQ,Consumer Discretionary,Internet Retail,Micro,69.0,,17.98,12.0,0.26,31.5,16.1,42.9,0.0,,,0.3,,,,,,,18737.0,3.0,
NSE:HDIL,Housing Development and Infrastructure Limited,Equity,NSE+BSE,532873,INE191I01012,BZ,Realty,Real Estate - Diversified,Micro,69.0,,1.45,,-0.02,3.05,1.4,52.5,0.0,,,,,,,,,,144326.0,0.8,
NSE:ENERGYDEV,Energy Development Company Limited,Equity,NSE+BSE,532219,INE306C01019,EQ,Power,Utilities - Regulated Electric,Micro,69.0,,14.5,,17.6,29.69,13.15,51.2,0.0,,,,,,,,,,26991.0,1.6,
NSE:KSR,KSR Footwear Limited,Equity,NSE+BSE,544615,INE1SPP01016,BE,Consumer Discretionary,Footwear & Accessories,Micro,69.0,,37.5,,0.91,48.84,14.04,23.2,0.0,,,45.4,,,,,,,54541.0,6.0,
NSE:DHARAN,DHARAN INFRA-EPC LIMITED,Equity,NSE+BSE,541161,INE278R01034,BZ,Realty,Real Estate - Development,Micro,68.0,,0.13,13.0,0.07,0.59,0.11,78.0,0.0,,-3.8,7.2,,,,,,,12505420.0,9.8,
NSE:PARASPETRO,Paras Petrofils Limited,Equity,NSE+BSE,521246,INE162C01024,EQ,Consumer Discretionary,Textile Manufacturing,Micro,68.0,,2.03,,3.93,3.23,1.53,37.2,0.0,,,,,,,,,,229628.0,0.9,
NSE:TOKYOPLAST,Tokyo Plast International Limited,Equity,NSE+BSE,500418,INE932C01012,EQ,Consumer Discretionary,Packaging & Containers,Micro,67.0,,71.01,197.2,0.99,135.0,53.86,47.4,0.0,,,77.2,,,,,,,1380.0,0.9,
NSE:LCCINFOTEC,LCC Infotech Limited,Equity,NSE+BSE,532019,INE938A01021,BE,Fast Moving Consumer Goods,Education & Training Services,Micro,66.0,,3.9,,1.54,5.89,2.88,33.8,0.0,,,5.6,,,,,,,97412.0,0.7,
NSE:APOORVA,Apoorva Leasing Finance and Investment Company Limited,Equity,NSE+BSE,539545,INE217S01014,BE,Financial Services,Capital Markets,Micro,66.0,,33.0,220.0,0.47,35.58,24.04,7.3,0.0,,,0.0,,,,,,,503.0,0.1,
NSE:ODIGMA,Odigma Consultancy Solutions Limited,Equity,NSE+BSE,544301,INE054301028,EQ,Media Entertainment & Telecom,Advertising Agencies,Micro,66.0,,21.1,,1.28,43.93,20.0,52.0,0.0,,,,,,,,,,14920.0,2.5,
NSE:NOIDATOLL,Noida Toll Bridge Company Limited,Equity,NSE+BSE,532481,INE781B01015,EQ,Capital Goods,Infrastructure Operations,Micro,66.0,,3.56,2.3,-5.21,7.43,2.87,52.1,0.0,,,,,,,,,,101436.0,11.4,
NSE:BONLON,Bonlon Industries Limited,Equity,NSE+BSE,543211,INE0B9A01018,EQ,Materials,Other Industrial Metals & Mining,Micro,66.0,,39.99,111.1,0.66,57.0,34.51,29.8,0.0,,2.9,38.2,,,,,,,11167.0,2.6,
NSE:HBPOR,HB Portfolio Limited,Equity,NSE+BSE,532333,INE638B01025,EQ,Financial Services,Capital Markets,Micro,65.0,,60.29,17.4,0.25,65.0,48.6,7.2,1.25,2.09,,0.8,,,,,,,877.0,0.2,
NSE:NAGREEKEXP,Nagreeka Exports Limited,Equity,NSE+BSE,521109,INE123B01028,EQ,Consumer Discretionary,Textile Manufacturing,Micro,65.0,,20.86,20.5,0.4,35.9,17.5,41.9,0.0,,,108.5,,,,,,,65558.0,1.4,
NSE:ROML,Raj Oil Mills Limited,Equity,NSE,,INE294G01026,EQ,Fast Moving Consumer Goods,Packaged Foods,Micro,65.0,,43.39,14.9,30.22,62.0,35.11,30.0,0.0,,,1222.8,,,,,,,2823.0,0.6,
NSE:ATAM,Atam Valves Limited,Equity,NSE+BSE,543236,INE09KD01013,EQ,Capital Goods,Specialty Industrial Machinery,Micro,65.0,,56.9,36.0,1.71,111.0,48.5,48.7,0.35,0.63,,39.3,,,,,,,16278.0,3.2,
NSE:ANSALAPI,Ansal Properties & Infrastructure Limited,Equity,NSE+BSE,500013,INE436A01026,BZ,Realty,Real Estate - Development,Micro,64.0,,4.08,,-0.04,4.64,2.51,12.1,0.0,,,,,,,,,,26429.0,0.3,
NSE:TOUCHWOOD,Touchwood Entertainment Limited,Equity,NSE,,INE486Y01013,EQ,Media Entertainment & Telecom,Advertising Agencies,Micro,64.0,,57.4,15.7,1.4,113.0,57.0,49.2,0.0,,,7.9,,,,,,,1527.0,0.6,
NSE:AKI,AKI India Limited,Equity,NSE+BSE,542020,INE642Z01026,BE,Consumer Discretionary,Footwear & Accessories,Micro,63.0,,6.1,23.5,0.79,9.49,3.8,35.7,0.0,,,21.4,,,,,,,298525.0,11.4,
NSE:ACCURACY,Accuracy Shipping Limited,Equity,NSE+BSE,544598,INE648Z01023,BE,Capital Goods,Integrated Freight & Logistics,Micro,63.0,,4.19,16.1,0.49,7.1,3.4,41.0,0.0,,,124.6,,,,,,,54386.0,1.1,
NSE:CAPTRUST,Capital Trust Limited,Equity,NSE+BSE,511505,INE707C01018,BE,Financial Services,Credit Services,Micro,63.0,,18.5,,1.02,34.07,10.98,45.7,0.0,,,65.2,,,,,,,52797.0,6.7,
NSE:ANSALBU,Ansal Buildwell Limited,Equity,NSE,,INE030C01015,EQ,Realty,Real Estate - Development,Micro,63.0,,85.13,8.9,0.48,107.5,70.64,20.8,0.0,,,37.9,,,,,,,10485.0,0.5,
NSE:PRAKASHSTL,Prakash Steelage Limited,Equity,NSE+BSE,533239,INE696K01024,EQ,Materials,Steel,Micro,62.0,,3.57,89.2,6.96,6.57,3.46,45.7,0.0,,,4.7,,,,,,,106865.0,4.3,
NSE:IL&FSTRANS,IL&FS Transportation Networks Limited,Equity,NSE+BSE,533177,INE975G01012,BZ,Capital Goods,Infrastructure Operations,Micro,62.0,,1.87,,-0.0,3.25,1.75,42.5,0.0,,,385.7,,,,,,,47466.0,0.6,
NSE:PIONEEREMB,Pioneer Embroideries Limited,Equity,NSE+BSE,514300,INE156C01018,EQ,Consumer Discretionary,Textile Manufacturing,Micro,62.0,,20.15,,0.4,38.5,19.61,47.7,0.0,,,58.4,,,,,,,14602.0,4.7,
NSE:ODYCORP,Odyssey Corporation Limited,Equity,NSE+BSE,531996,INE839E01023,EQ,Financial Services,Capital Markets,Micro,62.0,,6.92,4.1,,8.48,6.11,18.4,0.05,0.72,,3.9,,,,,,,61447.0,0.2,
NSE:GATECHDVR,GACM Technologies Limited,Equity,NSE+BSE,570005,INE224E01036,BE,Financial Services,Asset Management,Micro,61.0,,0.47,9.4,0.52,0.67,0.36,29.9,0.0,,,,,,,,,,690311.0,1.3,
NSE:ICDSLTD,ICDS Limited,Equity,NSE+BSE,511194,INE613B01010,BE,Realty,Real Estate Services,Micro,61.0,,46.5,93.0,,77.69,36.4,40.1,0.0,,,,,,,,,,8802.0,0.9,
NSE:KSHITIJPOL,Kshitij Polyline Limited,Equity,NSE,,INE013801027,BE,Capital Goods,Business Equipment & Supplies,Micro,61.0,,3.94,17.1,1.31,7.2,1.88,45.3,0.0,,,29.8,,,,,,,2253898.0,5.9,
NSE:HRYNSHP,Hariyana Ship Breakers Limited,Equity,NSE+BSE,526931,INE400G01011,EQ,Capital Goods,Waste Management,Micro,60.0,,98.0,14.7,0.41,104.05,91.0,5.8,0.0,,,3.0,,,,,,,1034.0,0.6,
NSE:DELTAMAGNT,Delta Manufacturing Limited,Equity,NSE+BSE,504286,INE393A01011,EQ,Consumer Discretionary,Textile Manufacturing,Micro,60.0,,55.25,87.7,25.94,86.0,45.51,35.8,0.0,,,1732.8,,,,,,,9054.0,4.2,
NSE:ATLASCYCLE,Atlas Cycles (Haryana) Limited,Equity,NSE+BSE,505029,INE446A01025,EQ,Consumer Discretionary,Leisure,Micro,60.0,,92.0,,0.16,123.67,76.15,25.6,0.0,,,2.4,,,,,,,32934.0,9.4,
NSE:SGLRES,SGL Resources Limited,Equity,NSE+BSE,526544,INE967B01028,EQ,Information Technology,Software - Application,Micro,57.0,,2.27,,,2.65,2.22,14.3,0.0,,,43.5,,,,,,,54898.0,2.2,
NSE:SECURKLOUD,SECUREKLOUD TECHNOLOGIES LIMITED,Equity,NSE+BSE,512161,INE650K01021,EQ,Information Technology,Software - Application,Micro,57.0,,16.95,12.2,-1.1,34.18,15.6,50.4,0.0,,,,,,,,,,17847.0,0.8,
NSE:RAJTV,Raj Television Network Limited,Equity,NSE+BSE,532826,INE952H01027,BE,Media Entertainment & Telecom,Broadcasting,Micro,56.0,,10.84,,0.48,46.9,7.7,76.9,0.0,,,16.6,,,,,,,63105.0,4.6,
NSE:3PLAND,3P Land Holdings Limited,Equity,NSE+BSE,516092,INE105C01023,EQ,Realty,Real Estate Services,Micro,56.0,,31.1,24.7,,45.01,28.51,30.9,0.0,,,,,,,,,,5460.0,2.6,
NSE:MALUPAPER,Malu Paper Mills Limited,Equity,NSE+BSE,532728,INE383H01017,EQ,Materials,Paper & Paper Products,Micro,55.0,,31.5,,-2.13,44.11,27.0,28.6,0.0,,,,,,,,,,39119.0,2.3,
NSE:TPHQ,Teamo Productions HQ Limited,Equity,NSE+BSE,533048,INE065J01024,BE,Capital Goods,Engineering & Construction,Micro,55.0,,0.5,10.0,0.38,0.86,0.4,41.9,0.0,,,1.0,,,,,,,2696707.0,3.8,
NSE:FMNL,Future Market Networks Limited,Equity,NSE+BSE,533296,INE360L01017,EQ,Realty,Real Estate Services,Micro,55.0,,8.18,6.8,0.44,13.29,6.74,38.4,0.0,,,130.2,,,,,,,44153.0,4.4,
NSE:BALKRISHNA,Balkrishna Paper Mills Limited,Equity,NSE+BSE,539251,INE875R01011,EQ,Consumer Discretionary,Packaging & Containers,Micro,53.0,,16.4,,-0.3,25.33,12.0,35.3,0.0,,,,,,,,,,11868.0,1.2,
NSE:GENSOL,Gensol Engineering Limited,Equity,NSE+BSE,542851,INE06H201014,BZ,Information Technology,Solar,Micro,53.0,,13.68,0.6,0.09,39.44,13.68,65.3,0.0,,,228.1,,,,,,,62762.0,27.8,
NSE:AJOONI,Ajooni Biotech Limited,Equity,NSE,,INE820Y01021,EQ,Fast Moving Consumer Goods,Packaged Foods,Micro,53.0,,3.1,12.4,0.64,5.5,3.02,43.6,0.0,,4.4,29.4,,,,,,,358175.0,13.3,
NSE:LADDERUP,Ladderup Finance Limited,Equity,NSE+BSE,530577,INE519D01015,BE,Financial Services,Capital Markets,Micro,53.0,,50.0,9.3,,80.98,42.7,38.3,0.0,,,31.1,,,,,,,5680.0,0.4,
NSE:TNTELE,Tamilnadu Telecommunication Limited,Equity,NSE+BSE,523419,INE141D01018,EQ,Information Technology,Communication Equipment,Micro,53.0,,11.56,,-0.27,15.74,7.81,26.6,0.0,,,,,,,,,,38984.0,4.3,
NSE:RKEC,RKEC Projects Limited,Equity,NSE,,INE786W01010,BE,Capital Goods,Engineering & Construction,Micro,53.0,,21.94,2.6,0.27,71.95,17.4,69.5,0.0,,-32.3,171.9,,,,,,,57020.0,6.2,
NSE:AGRITECH,Agri-Tech (India) Limited,Equity,NSE+BSE,537292,INE449G01018,EQ,Fast Moving Consumer Goods,Farm Products,Micro,53.0,,89.0,,,187.19,89.0,52.5,0.0,,,,,,,,,,2624.0,4.2,
NSE:VEDAVAAG,VEDAVAAG Systems Limited,Equity,NSE+BSE,533056,INE359B01010,EQ,Information Technology,Information Technology Services,Micro,52.0,,22.25,12.6,,25.69,16.98,13.4,0.0,,,0.9,,,,,,,95526.0,10.1,
NSE:WEWIN,WE WIN LIMITED,Equity,NSE+BSE,543535,INE082W01014,EQ,Information Technology,Information Technology Services,Micro,52.0,,50.75,11.0,4.82,78.0,35.38,34.9,0.0,,,10.8,,,,,,,2739.0,4.1,
NSE:MANUGRAPH,Manugraph India Limited,Equity,NSE+BSE,505324,INE867A01022,BE,Capital Goods,Specialty Industrial Machinery,Micro,52.0,,16.46,9.0,0.86,24.26,9.65,32.2,0.0,,,5.2,,,,,,,73091.0,7.4,
NSE:TRU,TruCap Finance Limited,Equity,NSE+BSE,540268,INE615R01029,EQ,Financial Services,Credit Services,Micro,51.0,,4.25,,0.68,10.99,3.9,61.3,0.0,,,649.5,,,,,,,126327.0,2.6,
NSE:HYBRIDFIN,Hybrid Financial Services Limited,Equity,NSE+BSE,500262,INE965B01022,EQ,Financial Services,Capital Markets,Micro,51.0,,17.3,19.9,1.15,33.62,14.5,48.5,0.0,,,1.6,,,,,,,9517.0,16.7,
NSE:JAIPURKURT,Nandani Creation Limited,Equity,NSE,,INE696V01013,EQ,Consumer Discretionary,Apparel Manufacturing,Micro,51.0,,26.57,25.5,0.77,42.74,23.91,37.8,0.0,,,57.6,,,,,,,21864.0,2.7,
NSE:HGM,HandsOn Global Management (HGM) Limited,Equity,NSE+BSE,532761,INE596H01014,EQ,Information Technology,Information Technology Services,Micro,51.0,,40.1,,2.48,81.0,39.8,50.5,0.0,,,115.3,,,,,,,7688.0,2.6,
NSE:MOHITE,Mohite Industries Limited,Equity,NSE+BSE,532140,INE154B01023,EQ,Consumer Discretionary,Textile Manufacturing,Micro,51.0,,2.53,23.0,0.39,3.3,2.21,23.3,0.0,,,84.0,,,,,,,98304.0,1.6,
NSE:PALREDTEC,Palred Technologies Limited,Equity,NSE+BSE,532521,INE218G01033,EQ,Information Technology,Consumer Electronics,Micro,51.0,,41.67,,1.19,73.6,27.45,43.4,0.0,,,161.3,,,,,,,3931.0,2.9,
NSE:SHIVAMILLS,Shiva Mills Limited,Equity,NSE+BSE,540961,INE644Y01017,EQ,Consumer Discretionary,Textile Manufacturing,Micro,51.0,,58.56,15.1,0.55,74.0,43.01,20.9,0.0,,,,,,,,,,1616.0,0.8,
NSE:SUNDARAM,Sundaram Multi Pap Limited,Equity,NSE+BSE,533166,INE108E01023,EQ,Materials,Paper & Paper Products,Micro,51.0,,1.07,11.9,0.69,2.2,1.02,51.4,0.0,,,23.3,,,,,,,592821.0,9.3,
NSE:COUNCODOS,Country Condo's Limited,Equity,NSE+BSE,531624,INE695B01025,BE,Realty,Real Estate - Development,Micro,50.0,,6.44,80.5,2.25,7.85,3.71,18.0,0.0,,,,,,,,,,158599.0,2.3,
NSE:GANGAFORGE,Ganga Forging Limited,Equity,NSE,,INE691Z01023,EQ,Capital Goods,Metal Fabrication,Micro,50.0,,1.48,,0.8,4.15,1.35,64.3,0.0,,,70.6,,,,,,,5199732.0,42.7,
NSE:AHLADA,Ahlada Engineers Limited,Equity,NSE,,INE00PV01013,EQ,Capital Goods,Building Products & Equipment,Micro,48.0,,37.49,267.8,0.35,66.44,31.22,43.6,1.6,4.33,,27.9,,,,,,,15510.0,0.8,
NSE:BIOFILCHEM,Biofil Chemicals & Pharmaceuticals Limited,Equity,NSE+BSE,524396,INE829A01014,EQ,Healthcare,Drug Manufacturers - Specialty & Generic,Micro,47.0,,29.16,97.2,2.21,46.34,25.6,37.1,0.0,,,14.0,,,,,,,42049.0,4.7,
NSE:PHOENXINTL,Phoenix International Limited,Equity,NSE+BSE,526481,INE245B01011,EQ,Consumer Discretionary,Footwear & Accessories,Micro,47.0,,28.15,17.1,0.11,35.64,27.5,21.0,0.0,,,14.5,,,,,,,3549.0,0.6,
NSE:MANGALAM,Mangalam Drugs And Organics Limited,Equity,NSE+BSE,532637,INE584F01014,EQ,Healthcare,Drug Manufacturers - Specialty & Generic,Micro,47.0,,29.47,,0.45,73.5,22.8,59.9,0.0,,,109.4,,,,,,,50093.0,10.2,
NSE:VIVIMEDLAB,Vivimed Labs Limited,Equity,NSE+BSE,532660,INE526G01021,BE,Healthcare,Drug Manufacturers - Specialty & Generic,Micro,47.0,,5.71,,-0.99,29.4,4.75,80.6,0.0,,,,,,,,,,69423.0,1.3,
NSE:AGROPHOS,Agro Phos India Limited,Equity,NSE,,INE740V01019,EQ,Materials,Agricultural Inputs,Micro,47.0,,23.0,5.7,0.67,45.89,21.0,49.9,1.0,4.17,10.4,42.4,,,,,,,21150.0,3.0,
NSE:DANGEE,Dangee Dums Limited,Equity,NSE,,INE688Y01022,EQ,Consumer Discretionary,Restaurants,Micro,45.0,,2.93,,3.08,5.08,2.53,42.3,0.0,,,157.7,,,,,,,194474.0,4.7,
NSE:SUVIDHAA,Suvidhaa Infoserve Limited,Equity,NSE+BSE,543281,INE018401013,EQ,Information Technology,Information Technology Services,Micro,45.0,,2.11,,1.1,4.25,1.77,50.4,0.0,,-30.3,4.6,,,,,,,150726.0,2.0,
NSE:ORCHASP,Orchasp Limited,Equity,NSE+BSE,532271,INE215B01022,EQ,Information Technology,Software - Application,Micro,45.0,,1.29,64.5,0.39,4.16,1.22,69.0,0.0,,,6.0,,,,,,,360600.0,2.7,
NSE:PRITI,Priti International Limited,Equity,NSE,,INE974Z01015,EQ,Consumer Discretionary,"Furnishings, Fixtures & Appliances",Micro,44.0,,32.9,0.0,0.61,85.0,30.5,61.3,0.0,,,,,,,,,,6557.0,9.8,
NSE:DHATRE,Dhatre Udyog Limited,Equity,NSE+BSE,540080,INE715T01031,EQ,Materials,Steel,Micro,44.0,,4.03,,0.67,5.17,3.8,22.1,0.0,,,,,,,,,,47247.0,0.4,
NSE:PRUDMOULI,Prudential Sugar Corporation Limited,Equity,NSE+BSE,500342,INE024D01016,EQ,Fast Moving Consumer Goods,Confectioners,Micro,44.0,,13.7,7.2,,29.25,11.26,53.2,0.0,,,,,,,,,,12145.0,0.1,
NSE:MASKINVEST,Mask Investments Limited,Equity,NSE,,INE885F01015,EQ,Financial Services,Capital Markets,Micro,44.0,,143.41,551.6,0.73,246.09,114.94,41.7,0.0,,,1.2,,,,,,,202.0,0.1,
NSE:BANG,Bang Overseas Limited,Equity,NSE+BSE,532946,INE863I01016,EQ,Consumer Discretionary,Apparel Manufacturing,Micro,43.0,,31.69,9.3,0.46,62.07,25.84,48.9,0.0,,,44.2,,,,,,,72059.0,9.7,
NSE:ABMINTLLTD,ABM International Limited,Equity,NSE,,INE251C01025,BE,Materials,Specialty Chemicals,Micro,43.0,,45.2,,3.49,72.8,34.0,37.9,0.0,,,72.8,,,,,,,2694.0,0.1,
NSE:BLUECOAST,Blue Coast Hotels Limited,Equity,NSE,,INE472B01011,EQ,Consumer Discretionary,Lodging,Micro,43.0,,22.0,,-1.4,63.0,18.57,65.1,0.0,,,,,,,,,,1994.0,0.2,
NSE:VINNY,Vinny Overseas Limited,Equity,NSE+BSE,543670,INE01KI01027,EQ,Consumer Discretionary,Textile Manufacturing,Micro,42.0,,0.91,45.5,0.46,1.53,0.88,40.5,0.0,,,19.7,,,,,,,307328.0,1.2,
NSE:AKASH,Akash Infra-Projects Limited,Equity,NSE,,INE737W01013,EQ,Capital Goods,Engineering & Construction,Micro,42.0,,25.0,64.1,0.5,34.74,22.8,28.0,0.0,,,108.2,,,,,,,6419.0,0.3,
NSE:SUPERSPIN,Super Spinning Mills Limited,Equity,NSE+BSE,521180,INE662A01027,BE,Consumer Discretionary,Textile Manufacturing,Micro,42.0,,7.5,68.2,0.7,9.98,3.79,24.8,0.0,,,30.7,,,,,,,25971.0,6.6,
NSE:GOLDENTOBC,Golden Tobacco Limited,Equity,NSE+BSE,500151,INE973A01010,BZ,Fast Moving Consumer Goods,Tobacco,Micro,42.0,,23.7,14.0,-0.2,36.3,20.34,34.7,0.0,,,,,,,,,,2058.0,0.1,
NSE:SIEL,Superior Industrial Enterprises Limited,Equity,NSE+BSE,519234,INE843L01012,EQ,Consumer Discretionary,Packaging & Containers,Micro,42.0,,30.46,34.6,0.6,44.54,28.1,31.6,0.0,,,18.0,,,,,,,2081.0,0.1,
NSE:ARCHIES,Archies Limited,Equity,NSE+BSE,532212,INE731A01020,EQ,Consumer Discretionary,Specialty Retail,Micro,42.0,,12.4,,0.34,21.5,10.86,42.3,0.0,,,34.6,,,,,,,17683.0,2.3,
NSE:LEENEE,Lee & Nee Softwares Exports Limited,Equity,NSE+BSE,517415,INE791B01014,BE,Information Technology,Information Technology Services,Micro,42.0,,7.59,94.9,0.57,11.48,6.81,33.9,0.0,,,0.2,,,,,,,34390.0,0.2,
NSE:AMBICAAGAR,Ambica Agarbathies & Aroma industries Limited,Equity,NSE+BSE,532335,INE792B01012,EQ,Fast Moving Consumer Goods,Household & Personal Products,Micro,41.0,,23.9,12.0,0.55,29.68,20.0,19.5,0.0,,,85.0,,,,,,,20128.0,0.6,
NSE:HBSL,HB Stockholdings Limited,Equity,NSE+BSE,532216,INE550B01022,EQ,Financial Services,Capital Markets,Micro,41.0,,57.43,,0.52,108.8,42.63,47.2,1.0,2.02,,14.1,,,,,,,3535.0,2.5,
NSE:KARMAENG,Karma Energy Limited,Equity,NSE+BSE,533451,INE725L01011,EQ,Power,Utilities - Renewable,Micro,41.0,,35.65,46.9,1.01,66.25,34.38,46.2,0.0,,,3.7,,,,,,,8414.0,3.7,
NSE:HAVISHA,Sri Havisha Hospitality and Infrastructure Limited,Equity,NSE+BSE,531322,INE293B01029,EQ,Consumer Discretionary,Lodging,Micro,41.0,,1.35,,1.75,2.42,1.03,44.2,0.0,,,237.2,,,,,,,70759.0,1.2,
NSE:GAYAHWS,Gayatri Highways Limited,Equity,NSE+BSE,541546,INE287Z01012,EQ,Capital Goods,Infrastructure Operations,Micro,41.0,,1.71,,-0.06,4.76,1.71,64.1,0.0,,,,,,,,,,247647.0,2.9,
NSE:RKDL,Ravi Kumar Distilleries Limited,Equity,NSE+BSE,533294,INE722J01012,EQ,Fast Moving Consumer Goods,Beverages - Wineries & Distilleries,Micro,41.0,,17.27,215.9,1.02,27.89,16.3,38.1,0.0,,,109.2,,,,,,,11732.0,6.2,
NSE:21STCENMGM,21st Century Management Services Limited,Equity,NSE,,INE253B01015,EQ,Financial Services,Capital Markets,Micro,40.0,,38.0,,1.21,53.79,28.25,29.4,0.0,,,,,,,,,,6440.0,1.8,
NSE:CELEBRITY,Celebrity Fashions Limited,Equity,NSE+BSE,532695,INE185H01016,EQ,Consumer Discretionary,Apparel Manufacturing,Micro,40.0,,6.2,,3.37,11.68,5.65,46.9,0.0,,,605.2,,,,,,,21550.0,1.6,
NSE:SVPGLOB,SVP GLOBAL TEXTILES LIMITED,Equity,NSE+BSE,505590,INE308E01029,EQ,Consumer Discretionary,Textile Manufacturing,Micro,40.0,,3.13,0.9,-0.04,6.89,2.18,54.6,0.0,,,,,,,,,,35814.0,0.8,
NSE:PBMPOLY,PBM Polytex Limited,Equity,NSE+BSE,514087,INE501F01018,EQ,Consumer Discretionary,Textile Manufacturing,Micro,40.0,,58.66,21.8,0.36,72.2,56.2,18.8,0.0,,,1.0,,,,,,,612.0,0.4,
NSE:ADL,Archidply Decor Limited,Equity,NSE+BSE,543231,INE0CHO01012,EQ,Consumer Discretionary,"Furnishings, Fixtures & Appliances",Micro,40.0,,72.52,,0.7,109.9,50.26,34.0,0.0,,,37.4,,,,,,,1085.0,1.0,
NSE:LFIC,Lakshmi Finance & Industrial Corporation Limited,Equity,NSE,,INE850E01012,EQ,Financial Services,Asset Management,Micro,40.0,,134.0,,0.7,224.85,111.0,40.4,2.5,1.87,,,,,,,,,5464.0,0.5,
NSE:SAGARDEEP,Sagardeep Alloys Limited,Equity,NSE,,INE976T01013,EQ,Materials,Copper,Micro,40.0,,23.39,18.0,1.16,31.48,20.81,25.7,0.0,,,26.4,,,,,,,8083.0,2.5,
NSE:TOYAMSL,Toyam Sports Limited,Equity,NSE+BSE,538607,INE457P01020,EQ,Capital Goods,Conglomerates,Micro,40.0,,0.7,,,0.92,0.6,23.9,0.0,,,,,,,,,,1034690.0,2.9,
NSE:SEYAIND,Seya Industries Limited,Equity,NSE+BSE,524324,INE573R01012,BE,Materials,Specialty Chemicals,Micro,39.0,,13.19,,0.04,23.99,8.54,45.0,0.0,,,94.4,,,,,,,7112.0,0.4,
NSE:SHIVAAGRO,Shiva Global Agro Industries Limited,Equity,NSE+BSE,530433,INE960E01019,EQ,Materials,Agricultural Inputs,Micro,39.0,,39.4,,0.44,45.9,36.0,14.2,0.0,,,21.2,,,,,,,4474.0,3.5,
NSE:CYBERMEDIA,Cyber Media (India) Limited,Equity,NSE+BSE,532640,INE278G01037,BE,Media Entertainment & Telecom,Publishing,Micro,38.0,,18.23,7.9,-3.89,28.99,11.3,37.1,0.0,,,216.3,,,,,,,65100.0,2.1,
NSE:DHRUV,Dhruv Consultancy Services Limited,Equity,NSE+BSE,541302,INE506Z01015,EQ,Capital Goods,Engineering & Construction,Micro,38.0,,19.95,,0.56,56.99,19.46,65.0,0.0,,,38.9,,,,,,,6704.0,1.2,
NSE:VIVOBIOT,Vivo Bio Tech Limited,Equity,NSE+BSE,511509,INE380K01017,EQ,Healthcare,Biotechnology,Micro,38.0,,16.9,,0.37,20.44,15.51,17.3,0.0,,,72.3,,,,,,,19638.0,3.1,
NSE:GTECJAINX,G-TEC JAINX EDUCATION LIMITED,Equity,NSE,,INE586X01012,EQ,Fast Moving Consumer Goods,Education & Training Services,Micro,37.0,,35.88,,75.38,38.35,15.54,6.4,0.0,,,238.1,,,,,,,7626.0,3.2,
NSE:ASHOKAMET,Ashoka Metcast Limited,Equity,NSE+BSE,540923,INE760Y01011,EQ,Materials,Steel,Micro,36.0,,14.53,2.1,0.21,19.4,12.13,25.1,0.0,,,43.2,,,,,,,66096.0,6.8,
NSE:OSIAHYPER,Osia Hyper Retail Limited,Equity,NSE,,INE06IR01021,BE,Consumer Discretionary,Department Stores,Micro,36.0,,2.2,1.6,0.09,24.61,2.11,91.1,0.0,,,39.5,,,,,,,412903.0,5.7,
NSE:EASTSILK,Eastern Silk Industries Limited,Equity,NSE+BSE,590022,INE962C01035,BE,Consumer Discretionary,Textile Manufacturing,Micro,35.0,,70.12,,0.98,99.25,46.27,29.4,0.0,,,213.2,,,,,,,1328.0,3.1,
NSE:ORIENTALTL,Oriental Trimex Limited,Equity,NSE+BSE,532817,INE998H01012,EQ,Capital Goods,Building Products & Equipment,Micro,35.0,,4.81,17.2,0.22,10.84,4.4,55.6,0.0,,,2.9,,,,,,,77714.0,1.8,
NSE:SUMEDHA,Sumedha Fiscal Services Limited,Equity,NSE+BSE,530419,INE886B01012,EQ,Financial Services,Capital Markets,Micro,34.0,,43.05,12.2,0.53,48.1,36.6,10.5,0.0,,,,,,,,,,2916.0,2.1,
NSE:AKSHAR,Akshar Spintex Limited,Equity,NSE+BSE,541303,INE256Z01025,EQ,Consumer Discretionary,Textile Manufacturing,Micro,34.0,,0.43,,0.41,0.76,0.36,43.4,0.0,,,6.2,,,,,,,930276.0,2.9,
NSE:NKIND,NK Industries Limited,Equity,NSE+BSE,519494,INE542C01019,EQ,Fast Moving Consumer Goods,Household & Personal Products,Micro,34.0,,57.0,,-0.09,78.39,49.66,27.3,0.0,,,,,,,,,,6660.0,1.3,
NSE:AROGRANITE,Aro Granite Industries Limited,Equity,NSE+BSE,513729,INE210C01013,EQ,Capital Goods,Building Products & Equipment,Micro,34.0,,22.3,,0.2,39.99,18.67,44.2,0.0,,,87.2,,,,,,,7935.0,0.9,
NSE:NAGREEKCAP,Nagreeka Capital & Infrastructure Limited,Equity,NSE+BSE,532895,INE245I01016,EQ,Financial Services,Asset Management,Micro,33.0,,26.29,4.9,1.16,42.75,19.3,38.5,0.0,,,380.2,,,,,,,12984.0,2.4,
NSE:AGSTRA,AGS Transact Technologies Limited,Equity,NSE+BSE,543451,INE583L01014,BZ,Information Technology,Software - Infrastructure,Micro,33.0,,2.54,,0.06,5.44,1.85,53.3,0.0,,,200.0,,,,,,,143170.0,0.7,
NSE:GKB,GKB Ophthalmics Limited,Equity,NSE,,INE265D01015,EQ,Healthcare,Medical Instruments & Supplies,Micro,32.0,,64.33,10.0,0.61,88.4,60.3,27.2,0.0,,,21.2,,,,,,,4842.0,1.0,
NSE:MEDICAPQ,Medi Caps Limited,Equity,NSE+BSE,523144,INE442D01010,BE,Realty,Real Estate - Diversified,Micro,32.0,,26.0,,0.29,36.8,20.33,29.3,0.0,,,,,,,,,,25337.0,0.4,
NSE:SITINET,Siti Networks Limited,Equity,NSE+BSE,532795,INE965H01011,BZ,Media Entertainment & Telecom,Entertainment,Micro,32.0,,0.28,,-0.02,0.49,0.27,42.9,0.0,,,,,,,,,,526615.0,0.7,
NSE:MITTAL,Mittal Life Style Limited,Equity,NSE,,INE997Y01027,EQ,Consumer Discretionary,Textile Manufacturing,Micro,32.0,,0.71,14.2,0.49,1.59,0.68,55.3,0.0,,,29.5,,,,,,,1107144.0,7.4,
NSE:MOHITIND,Mohit Industries Limited,Equity,NSE+BSE,531453,INE954E01012,EQ,Consumer Discretionary,Textile Manufacturing,Micro,32.0,,22.89,,0.33,34.8,18.6,34.2,0.0,,,60.2,,,,,,,32025.0,2.4,
NSE:BOHRAIND,Bohra Industries Limited,Equity,NSE,,INE802W01023,EQ,Materials,Agricultural Inputs,Micro,31.0,,14.74,,0.42,23.44,11.6,37.1,0.0,,,1.6,,,,,,,19566.0,3.4,
NSE:MADHAV,Madhav Marbles and Granites Limited,Equity,NSE+BSE,515093,INE925C01016,EQ,Capital Goods,Building Products & Equipment,Micro,31.0,,34.49,,0.25,46.79,29.0,26.3,0.0,,,6.7,,,,,,,4283.0,0.8,
NSE:AKG,Akg Exim Limited,Equity,NSE,,INE00Y801016,EQ,Capital Goods,Industrial Distribution,Micro,31.0,,9.73,88.5,0.63,15.34,8.06,36.6,0.0,,,10.8,,,,,,,39823.0,0.8,
NSE:LIBAS,Libas Consumer Products Limited,Equity,NSE,,INE908V01012,EQ,Consumer Discretionary,Apparel Manufacturing,Micro,30.0,,11.37,8.7,0.37,13.45,9.02,15.5,0.0,,,16.9,,,,,,,69777.0,2.1,
NSE:EASTWEST,East West Freight Carriers Limited,Equity,NSE+BSE,540006,INE595R01023,EQ,Capital Goods,Integrated Freight & Logistics,Micro,30.0,,2.36,,0.5,2.68,2.05,11.9,0.0,,,110.9,,,,,,,52206.0,0.5,
NSE:PEARLPOLY,Pearl Polymers Limited,Equity,NSE+BSE,523260,INE844A01013,EQ,Consumer Discretionary,Packaging & Containers,Micro,29.0,,17.03,,0.99,31.39,12.75,45.7,0.0,,,,,,,,,,9181.0,0.9,
NSE:SIMBHALS,Simbhaoli Sugars Limited,Equity,NSE+BSE,539742,INE748T01016,BZ,Fast Moving Consumer Goods,Confectioners,Micro,29.0,,6.72,,-0.16,13.99,6.1,52.0,0.0,,,,,,,,,,14582.0,0.3,
NSE:KAUSHALYA,Kaushalya Infrastructure Development Corporation Limited,Equity,NSE+BSE,532925,INE234I01028,BE,Capital Goods,Engineering & Construction,Micro,29.0,,834.0,,0.37,1435.95,750.0,41.9,0.0,,-0.7,,,,,,,,1153.0,0.0,
NSE:RETAIL,JHS Svendgaard Retail Ventures Limited,Equity,NSE+BSE,544197,INE03DD01011,EQ,Fast Moving Consumer Goods,Grocery Stores,Micro,29.0,,34.93,,1.43,36.54,15.81,4.4,0.0,,,39.8,,,,,,,11998.0,12.4,
NSE:ANKITMETAL,Ankit Metal & Power Limited,Equity,NSE+BSE,532870,INE106I01010,BZ,Materials,Steel,Micro,29.0,,2.06,,-0.03,2.06,1.29,0.0,0.0,,,,,,,,,,29392.0,3.0,
NSE:KEEPLEARN,DSJ Keep Learning Limited,Equity,NSE+BSE,526677,INE055C01020,EQ,Fast Moving Consumer Goods,Education & Training Services,Micro,29.0,,1.84,,4.52,3.21,1.51,42.7,0.0,,,26.4,,,,,,,46782.0,0.3,
NSE:MADHUCON,Madhucon Projects Limited,Equity,NSE+BSE,531497,INE378D01032,EQ,Capital Goods,Engineering & Construction,Micro,29.0,,3.99,,-0.02,8.28,3.61,51.8,0.0,,,,,,,,,,25776.0,2.2,
NSE:KJMCFIN,KJMC Financial Services Limited,Equity,NSE+BSE,530235,INE533C01018,EQ,Financial Services,Capital Markets,Micro,28.0,,58.05,11.6,0.27,84.5,55.35,31.3,1.0,1.71,,13.0,,,,,,,2697.0,0.5,
NSE:SANWARIA,Sanwaria Consumer Limited,Equity,NSE+BSE,519260,INE890C01046,BZ,Fast Moving Consumer Goods,Farm Products,Micro,28.0,,0.2,,0.02,0.35,0.18,42.9,0.0,,,,,,,,,,620405.0,0.6,
NSE:DNAMEDIA,Diligent Media Corporation Limited,Equity,NSE+BSE,540789,INE016M01021,EQ,Media Entertainment & Telecom,Publishing,Micro,28.0,,2.42,,-0.11,5.09,2.17,52.5,0.0,,,,,,,,,,47892.0,0.5,
NSE:GSS,GSS Infotech Limited,Equity,NSE+BSE,532951,INE871H01011,EQ,Information Technology,Information Technology Services,Micro,27.0,,10.3,,0.09,27.5,8.68,62.5,0.0,,,48.0,,,,,,,45630.0,3.0,
NSE:TGBHOTELS,TGB Banquets And Hotels Limited,Equity,NSE+BSE,532845,INE797H01018,EQ,Consumer Discretionary,Lodging,Micro,27.0,,9.3,18.2,0.35,12.8,7.5,27.3,0.0,,,16.1,,,,,,,45456.0,0.3,
NSE:INFOMEDIA,Infomedia Press Limited,Equity,NSE+BSE,509069,INE669A01022,EQ,Financial Services,Shell Companies,Micro,27.0,,5.36,,-0.42,8.05,4.5,33.4,0.0,,,,,,,,,,14941.0,0.9,
NSE:KANANIIND,Kanani Industries Limited,Equity,NSE+BSE,506184,INE879E01037,EQ,Consumer Discretionary,Luxury Goods,Micro,27.0,,1.34,11.2,0.35,2.04,1.02,34.3,0.0,,,0.7,,,,,,,124182.0,1.1,
NSE:KHANDSE,Khandwala Securities Limited,Equity,NSE+BSE,531892,INE060B01014,EQ,Financial Services,Capital Markets,Micro,26.0,,16.81,,0.92,25.5,12.2,34.1,0.0,,,10.4,,,,,,,2830.0,0.9,
NSE:PNC,PNC Media and Entertainment Limited,Equity,NSE,,INE392B01011,EQ,Media Entertainment & Telecom,Entertainment,Micro,26.0,,18.0,,0.43,32.89,15.7,45.3,0.0,,,2.4,,,,,,,18800.0,2.9,
NSE:DSKULKARNI,DS Kulkarni Developers Limited,Equity,NSE,,INE891A01022,BE,Realty,Real Estate - Development,Micro,26.0,,26.07,,-0.2,26.07,8.6,0.0,0.0,,,,,,,,,,117.0,0.0,
NSE:VCL,Vaxtex Cotfab Limited,Equity,NSE,,INE098201036,BE,Consumer Discretionary,Textile Manufacturing,Micro,25.0,,1.37,4.7,1.14,2.66,0.87,48.5,0.0,,,23.4,,,,,,,824710.0,8.1,
NSE:TREEHOUSE,Tree House Education & Accessories Limited,Equity,NSE+BSE,533540,INE040M01013,EQ,Fast Moving Consumer Goods,Education & Training Services,Micro,24.0,,5.67,,0.2,11.0,5.46,48.5,0.0,,,3.3,,,,,,,22888.0,0.6,
NSE:KAMANWALA,Kamanwala Housing Construction Limited,Equity,NSE+BSE,511131,INE344D01018,EQ,Realty,Real Estate - Development,Micro,24.0,,17.14,,0.21,19.51,15.0,12.1,0.0,,,15.4,,,,,,,21030.0,0.3,
NSE:TARAPUR,Tarapur Transformers Limited,Equity,NSE+BSE,533203,INE747K01017,EQ,Capital Goods,Specialty Industrial Machinery,Micro,24.0,,12.21,,-12.87,39.99,10.8,69.5,0.0,,,,,,,,,,38204.0,1.3,
NSE:NEXTMEDIA,Next Mediaworks Limited,Equity,NSE+BSE,532416,INE747B01016,EQ,Media Entertainment & Telecom,Broadcasting,Micro,24.0,,3.63,,-0.68,8.48,3.16,57.2,0.0,,,,,,,,,,45944.0,1.0,
NSE:LAXMICOT,Laxmi Cotspin Limited,Equity,NSE,,INE801V01019,EQ,Consumer Discretionary,Textile Manufacturing,Micro,23.0,,13.44,,0.39,24.44,11.36,45.0,0.0,,,70.2,,,,,,,21575.0,0.6,
NSE:CRESTO,CRESTO TECHNO LIMITED,Equity,NSE,,INE203Y01012,BE,Media Entertainment & Telecom,Entertainment,Micro,23.0,,22.05,,1.97,28.45,14.35,22.5,0.0,,-20.3,,,,,,,,38112.0,4.1,
NSE:WILLAMAGOR,Williamson Magor & Company Limited,Equity,NSE+BSE,519224,INE210A01017,EQ,Financial Services,Credit Services,Micro,23.0,,21.19,,-0.1,36.9,20.53,42.6,0.0,,,,,,,,,,2879.0,2.2,
NSE:ASIANTNE,Asian Tea & Exports Limited,Equity,NSE+BSE,519532,INE822B01017,EQ,Fast Moving Consumer Goods,Food Distribution,Micro,22.0,,8.99,81.7,0.33,10.99,8.22,18.2,0.0,,,20.4,,,,,,,11703.0,0.3,
NSE:LEXUS,Lexus Granito (India) Limited,Equity,NSE,,INE500X01013,EQ,Capital Goods,Building Products & Equipment,Micro,22.0,,10.81,12.9,1.21,39.25,9.58,72.5,0.0,,,305.1,,,,,,,28996.0,18.0,
NSE:FLFL,Future Lifestyle Fashions Limited,Equity,NSE+BSE,536507,INE452O01016,BZ,Consumer Discretionary,Apparel Manufacturing,Micro,22.0,,1.11,,-0.01,1.92,1.05,42.2,0.0,,,,,,,,,,38174.0,0.3,
NSE:BURNPUR,Burnpur Cement Limited,Equity,NSE+BSE,532931,INE817H01022,BE,Materials,Building Materials,Micro,22.0,,12.8,,-0.04,33.0,11.13,61.2,0.0,,,,,,,,,,55577.0,3.2,
NSE:ARSHIYA,Arshiya Limited,Equity,NSE+BSE,506074,INE968D01022,BZ,Capital Goods,Integrated Freight & Logistics,Micro,21.0,,0.81,,-0.01,2.12,0.68,61.8,0.0,,,,,,,,,,212749.0,0.5,
NSE:MPDL,MPDL Limited,Equity,NSE,,INE493H01014,BE,Realty,Real Estate - Development,Micro,21.0,,27.89,,0.23,45.29,23.26,38.4,0.0,,,67.8,,,,,,,3701.0,0.2,
NSE:KRIDHANINF,Kridhan Infra Limited,Equity,NSE+BSE,533482,INE524L01026,EQ,Materials,Steel,Micro,21.0,,1.86,18.6,-0.07,4.78,1.79,61.1,0.0,,,,,,,,,,47766.0,2.0,
NSE:MFML,Mahalaxmi Fabric Mills Limited,Equity,NSE+BSE,544233,INE0US801024,EQ,Consumer Discretionary,Textile Manufacturing,Micro,20.0,,18.84,,0.2,31.3,16.75,39.8,0.0,,,79.1,,,,,,,4926.0,0.4,
NSE:FEL,Future Enterprises Limited,Equity,NSE+BSE,523574,INE623B01027,BZ,Consumer Discretionary,Department Stores,Micro,19.0,,0.39,,0.01,0.57,0.34,31.6,0.0,,-238.3,,,,,,,,178738.0,0.3,
NSE:TIJARIA,Tijaria Polypipes Limited,Equity,NSE+BSE,533629,INE440L01017,BE,Capital Goods,Building Products & Equipment,Micro,19.0,,6.45,,-0.55,9.8,3.55,34.2,0.0,,,,,,,,,,148097.0,1.2,
NSE:TCIFINANCE,TCI Finance Limited,Equity,NSE+BSE,501242,INE911B01018,EQ,Financial Services,Credit Services,Micro,19.0,,14.57,,-0.24,38.46,10.0,62.1,0.0,,,,,,,,,,18105.0,4.5,
NSE:NIRAJISPAT,Niraj Ispat Industries Limited,Equity,NSE,,INE326T01011,BE,Consumer Discretionary,Apparel Manufacturing,Micro,18.0,,300.0,11.7,,429.65,155.0,30.2,0.0,,,,,,,,,,266.0,0.0,
NSE:SHRENIK,Shrenik Limited,Equity,NSE,,INE632X01030,BZ,Materials,Paper & Paper Products,Micro,18.0,,0.29,4.8,-0.08,0.65,0.27,55.4,0.0,,,,,,,,,,398734.0,0.7,
NSE:ACEINTEG,Ace Integrated Solutions Limited,Equity,NSE,,INE543V01017,EQ,Capital Goods,Staffing & Employment Services,Micro,18.0,,17.3,,1.47,27.29,14.2,36.6,0.0,,,0.5,,,,,,,4531.0,0.2,
NSE:EUROTEXIND,Eurotex Industries and Exports Limited,Equity,NSE+BSE,521014,INE022C01012,EQ,Realty,Real Estate - Development,Micro,18.0,,15.73,,-0.51,23.8,11.07,33.9,0.0,,,,,,,,,,1729.0,4.8,
NSE:TECILCHEM,TECIL Chemicals and Hydro Power Limited,Equity,NSE+BSE,506680,INE014B01011,EQ,Financial Services,Shell Companies,Micro,18.0,,9.26,,,22.08,8.0,58.1,0.0,,,,,,,,,,27534.0,0.6,
NSE:STLSTRINF,Steel Strips Infrastructures Limited,Equity,NSE+BSE,513173,INE205F01016,EQ,Realty,Real Estate Services,Micro,18.0,,21.4,,0.28,27.9,14.59,23.3,0.0,,,23.6,,,,,,,11160.0,1.6,
NSE:RADAAN,Radaan Mediaworks India Limited,Equity,NSE+BSE,590070,INE874F01027,EQ,Media Entertainment & Telecom,Entertainment,Micro,16.0,,3.01,,-1.04,3.99,2.35,24.6,0.0,,,,,,,,,,50260.0,0.5,
NSE:GLFL,Gujarat Lease Financing Limited,Equity,NSE+BSE,500174,INE540A01017,EQ,Financial Services,Shell Companies,Micro,15.0,,5.49,549.0,-3.69,9.34,3.66,41.2,0.0,,,,,,,,,,5380.0,0.2,
NSE:HEADSUP,Heads UP Ventures Limited,Equity,NSE+BSE,540210,INE759V01019,EQ,Consumer Discretionary,Apparel Retail,Micro,14.0,,6.44,,0.93,12.95,5.69,50.3,0.0,,,,,,,,,,17888.0,0.3,
NSE:VIVIDHA,Visagar Polytex Limited,Equity,NSE+BSE,506146,INE370E01029,EQ,Consumer Discretionary,Textile Manufacturing,Micro,14.0,,0.49,49.0,-49.0,0.82,0.43,40.2,0.0,,,,,,,,,,242657.0,3.1,
NSE:KALYANI,Kalyani Commercials Limited,Equity,NSE,,INE610E01010,BE,Consumer Discretionary,Auto & Truck Dealerships,Micro,14.0,,144.99,5.9,,144.99,138.09,0.0,0.0,,,,,,,,,,3.0,,
NSE:SHYAMTEL,Shyam Telecom Limited,Equity,NSE+BSE,517411,INE635A01023,EQ,Information Technology,Communication Equipment,Micro,13.0,,10.99,,-0.39,25.42,7.07,56.8,0.0,,,,,,,,,,6710.0,0.4,
NSE:BILVYAPAR,BIL VYAPAR LIMITED,Equity,NSE+BSE,500059,INE071A01013,BE,Materials,Specialty Chemicals,Micro,13.0,,4.22,32.5,-0.07,13.8,3.8,69.4,0.0,,,,,,,,,,6579.0,0.2,
NSE:AURUS,AURUS GEM CORPORATION LIMITED,Equity,NSE+BSE,534532,INE142K01011,EQ,Consumer Discretionary,Luxury Goods,Micro,13.0,,4.44,7.3,0.71,6.95,4.1,36.1,0.0,,,79.0,,,,,,,22462.0,0.8,
NSE:MTEDUCARE,MT Educare Limited,Equity,NSE+BSE,534312,INE472M01018,BE,Fast Moving Consumer Goods,Education & Training Services,Micro,13.0,,1.74,,-2.44,2.53,1.17,31.2,0.0,,,,,,,,,,39796.0,0.8,
NSE:ASTRON,Astron Paper & Board Mill Limited,Equity,NSE+BSE,540824,INE646X01014,BZ,Materials,Paper & Paper Products,Micro,13.0,,2.83,,0.19,13.25,2.73,78.6,0.0,,-26.6,113.1,,,,,,,27807.0,0.9,
NSE:LAKPRE,Lakshmi Precision Screws Limited,Equity,NSE,,INE651C01018,BZ,Capital Goods,Tools & Accessories,Micro,12.0,,5.25,,0.22,6.67,4.1,21.3,0.0,,-86.2,,,,,,,,2202.0,0.0,
NSE:MEP,MEP Infrastructure Developers Limited,Equity,NSE+BSE,539126,INE776I01010,BZ,Capital Goods,Infrastructure Operations,Micro,12.0,,0.68,,-0.01,2.87,0.5,76.3,0.0,,,,,,,,,,119444.0,0.4,
NSE:UMESLTD,Usha Martin Education & Solutions Limited,Equity,NSE+BSE,532398,INE240C01028,EQ,Fast Moving Consumer Goods,Education & Training Services,Micro,12.0,,4.58,30.5,0.95,7.14,3.76,35.9,0.0,,,9.2,,,,,,,39400.0,0.3,
NSE:ORTINGLOBE,ORTIN GLOBAL LIMITED,Equity,NSE+BSE,539287,INE749B01020,EQ,Healthcare,Drug Manufacturers - Specialty & Generic,Micro,12.0,,14.59,,10.97,21.3,10.66,31.5,0.0,,,81.2,,,,,,,15742.0,0.2,
NSE:CREATIVEYE,Creative Eye Limited,Equity,NSE+BSE,532392,INE230B01021,EQ,Media Entertainment & Telecom,Entertainment,Micro,12.0,,6.15,,0.82,8.82,5.16,30.3,0.0,,,45.4,,,,,,,25292.0,1.0,
NSE:UNIINFO,Uniinfo Telecom Services Limited,Equity,NSE,,INE481Z01011,EQ,Media Entertainment & Telecom,Telecom Services,Micro,11.0,,10.54,,0.35,18.98,9.36,44.5,0.0,,,16.8,,,,,,,2644.0,0.5,
NSE:DCMFINSERV,DCM Financial Services Limited,Equity,NSE+BSE,511611,INE891B01012,EQ,Financial Services,Credit Services,Micro,11.0,,5.08,,-0.21,8.55,3.7,40.6,0.0,,,,,,,,,,12365.0,0.2,
NSE:GLOBALE,Globale Tessile Limited,Equity,NSE+BSE,544234,INE0URU01010,EQ,Consumer Discretionary,Textile Manufacturing,Micro,11.0,,10.56,,1.17,15.4,9.2,31.4,0.0,,,107.5,,,,,,,4370.0,0.2,
NSE:ARENTERP,Rajdarshan Industries Limited,Equity,NSE,,INE610C01014,EQ,Materials,Other Industrial Metals & Mining,Micro,11.0,,33.79,,0.51,60.79,27.6,44.4,0.0,,,,,,,,,,10466.0,0.0,
NSE:ANTGRAPHIC,Antarctica Limited,Equity,NSE,,INE414B01021,EQ,Consumer Discretionary,Packaging & Containers,Micro,11.0,,0.7,,0.68,1.17,0.64,40.2,0.0,,12.2,,,,,,,,204622.0,0.9,
NSE:TVVISION,TV Vision Limited,Equity,NSE+BSE,540083,INE871L01013,BE,Media Entertainment & Telecom,Broadcasting,Micro,10.0,,2.55,,-0.06,12.4,2.39,79.4,0.0,,,,,,,,,,45572.0,2.9,
NSE:FLEXITUFF,Flexituff Ventures International Limited,Equity,NSE+BSE,533638,INE060J01017,BE,Consumer Discretionary,Textile Manufacturing,Micro,10.0,,3.02,,-0.08,24.0,2.0,87.4,0.0,,,,,,,,,,63986.0,0.4,
NSE:AVROIND,AVRO INDIA LIMITED,Equity,NSE+BSE,543512,INE652Z01025,EQ,Consumer Discretionary,"Furnishings, Fixtures & Appliances",Micro,9.0,,6.73,,1.01,15.87,6.58,57.6,0.0,,,19.7,,,,,,,415636.0,3.2,
NSE:COMPINFO,Compuage Infocom Limited,Equity,NSE+BSE,532456,INE070C01037,BZ,Information Technology,Electronics & Computer Distribution,Micro,9.0,,1.08,,-0.03,2.37,0.91,54.4,0.0,,,292.8,,,,,,,17446.0,0.1,
NSE:PREMIER,Premier Limited,Equity,NSE+BSE,500540,INE342A01018,BE,Capital Goods,Specialty Industrial Machinery,Micro,8.0,,2.65,,-0.02,3.88,2.56,31.7,0.0,,,,,,,,,,11234.0,0.6,
NSE:SETUINFRA,Setubandhan Infrastructure Limited,Equity,NSE,,INE023M01027,BZ,Capital Goods,Engineering & Construction,Micro,7.0,,0.51,51.0,0.13,0.7,0.37,27.1,0.0,,0.2,158.5,,,,,,,56777.0,0.1,
NSE:SHANTI,Shanti Overseas (India) Limited,Equity,NSE,,INE933X01016,EQ,Fast Moving Consumer Goods,Farm Products,Micro,6.0,,5.52,,1.53,12.26,4.7,55.0,0.0,,,404.0,,,,,,,37920.0,1.7,
NSE:QUINTEGRA,Quintegra Solutions Limited,Equity,NSE+BSE,532866,INE033B01011,EQ,Information Technology,Information Technology Services,Micro,4.0,,1.34,,-0.28,2.05,1.1,34.6,0.0,,,,,,,,,,6040.0,0.0,
NSE:SGL,STL Global Limited,Equity,NSE+BSE,532730,INE353H01010,EQ,Consumer Discretionary,Textile Manufacturing,Micro,0.0,,8.5,,0.89,15.78,8.4,46.1,0.0,,,48.3,,,,,,,12261.0,1.2,
NSE:3BBLACKBIO,3B Blackbio Dx Limited,Equity,NSE+BSE,532067,INE994E01018,EQ,Healthcare,Biotechnology,,,,1663.0,25.1,4.28,1740.0,1099.5,4.4,5.0,0.3,,0.9,,,,,,,22904.0,466.4,
NSE:AARNAV,Aarnav Fashions Limited,Equity,NSE+BSE,539562,INE750R01016,BE,Unclassified,,,,,35.5,,0.76,37.6,21.0,5.6,0.0,,,55.5,,,,,,,73347.0,4.7,
NSE:ACGL,Automobile Corporation of Goa Limited,Equity,NSE+BSE,505036,INE451C01013,EQ,Consumer Discretionary,Auto Parts,,,,1620.0,17.0,3.2,1961.9,1605.0,17.4,45.0,2.77,,3.1,,,,,,,779.0,11.2,
NSE:ACSTECH,ACS Technologies Limited,Equity,NSE+BSE,530745,INE366C01021,BE,Information Technology,Information Technology Services,,,,77.85,40.8,3.42,84.38,48.42,7.7,0.0,,,34.7,,,,,,,283404.0,10.1,
NSE:ADVIKCA,Advik Capital Limited,Equity,NSE+BSE,539773,INE178T01024,EQ,Financial Services,Credit Services,,,,1.01,,0.43,1.26,0.86,19.8,0.0,,-14.3,100.8,,,,,,,366965.0,1.9,
NSE:ALFREDHE,Alfred Herbert India Limited,Equity,NSE+BSE,505216,INE782D01027,EQ,Capital Goods,Specialty Industrial Machinery,,,,2823.0,1.1,0.38,3151.0,2709.2,10.4,20.0,0.71,,0.0,,,,,,,49.0,,
NSE:ALUFLUOR,Alufluoride Limited,Equity,NSE+BSE,524634,INE058F01019,EQ,Materials,Chemicals,,,,632.85,20.0,3.94,649.0,430.0,2.5,4.0,0.63,,36.1,,,,,,,12600.0,177.1,
NSE:AMAL,Amal Limited,Equity,NSE+BSE,506597,INE841D01013,EQ,Materials,Chemicals,,,,705.0,29.4,7.24,822.0,636.05,14.2,1.5,0.21,,,,,,,,,11015.0,66.7,
NSE:ARCIL,Asset Reconstruction Company (India) Limited,Equity,NSE+BSE,544921,INE148G01016,EQ,Financial Services,Asset Management,,,,140.35,13.0,1.21,157.0,124.5,10.6,1.0,,11.2,,,,,,,,7067194.0,2347.4,
NSE:ARTEMISMED,Artemis Medicare Services Limited,Equity,NSE+BSE,542919,INE025R01021,EQ,Unclassified,,,,,336.0,146.7,5.69,378.8,203.35,11.3,0.0,,,27.8,,,,,,,733995.0,2697.9,
NSE:ASHIKAG,Ashika Global Securities Limited,Equity,NSE+BSE,543766,INE094B01013,BE,Financial Services,Credit Services,,,,391.5,,1.5,451.0,381.0,13.2,0.5,0.13,,22.6,,,,,,,34678.0,102.8,
NSE:AUGMONT,Augmont Enterprises Limited,Equity,NSE+BSE,544888,INE16W401027,EQ,Consumer Discretionary,Luxury Goods,,,,1195.2,46.5,11.01,1195.2,806.05,0.0,0.0,,,1.9,,,,,,,2277574.0,29546.7,
NSE:AUSTENG,Austin Engineering Company  Limited,Equity,NSE+BSE,522005,INE759F01012,EQ,Capital Goods,Tools & Accessories,,,,169.45,13.9,0.83,178.0,110.0,4.8,0.0,,,0.8,,,,,,,17242.0,57.4,
NSE:AXTEL,Axtel Industries Limited,Equity,NSE+BSE,523850,INE767C01012,EQ,Capital Goods,Specialty Industrial Machinery,,,,435.0,22.5,5.64,459.9,385.0,5.4,0.0,,,,,,,,,,6203.0,10.0,
NSE:BAJAJST,Bajaj Steel Industries Limited,Equity,NSE+BSE,507944,INE704G01024,EQ,Capital Goods,Specialty Industrial Machinery,,,,339.95,23.7,1.33,378.0,326.1,10.1,1.0,0.3,,14.7,,,,,,,8507.0,35.5,
NSE:BEEKAY,Beekay Steel Industries Limited,Equity,NSE+BSE,539018,INE213D01015,EQ,Materials,Steel,,,,436.0,19.3,0.77,480.0,390.2,9.2,1.0,0.23,,31.8,,,,,,,3476.0,16.7,
NSE:BHARATCOAL,Bharat Coking Coal Limited,Equity,NSE+BSE,544678,INE05XR01022,EQ,Oil Gas & Consumable Fuels,Coking Coal,,,,31.84,,2.57,45.09,29.74,29.4,0.0,,,38.8,,,,,,,6905429.0,1580.4,Y
NSE:BLACKROSE,Black Rose Inds. Limited,Equity,NSE+BSE,514183,INE761G01016,EQ,Materials,Specialty Chemicals,,,,111.5,19.8,3.35,121.0,102.8,7.9,1.25,1.13,,0.8,,,,,,,27045.0,65.0,
NSE:BLEL,Behari Lal Engineering Limited,Equity,NSE+BSE,544870,INE1EEM01017,EQ,Materials,Steel,,,,467.7,28.9,5.96,548.0,415.0,14.7,0.0,,,5.8,,,,,,,3967578.0,8859.0,
NSE:BLUECLOUDS,Blue Cloud Softech Solutions Limited,Equity,NSE+BSE,539607,INE373T01047,EQ,Information Technology,Information Technology Services,,,,19.88,19.3,1.63,23.99,18.85,17.1,0.0,,,29.1,,,,,,,5037883.0,482.1,
NSE:BNALTD,B & A Limited,Equity,NSE+BSE,508136,INE489D01011,BE,Fast Moving Consumer Goods,Packaged Foods,,,,351.8,149.1,0.8,415.7,347.2,15.4,0.0,,,68.1,,,,,,,565.0,,
NSE:BRAHMINFRA,Brahmaputra Infrastructure Limited,Equity,NSE+BSE,535693,INE320I01017,EQ,Capital Goods,Engineering & Construction,,,,151.19,7.2,1.27,184.0,142.01,17.8,0.0,,,40.9,,,,,,,19614.0,26.6,
NSE:CENTEXT-RE,Century Extrusions Limited-RE,Equity,NSE,,INE281A20018,BE,Unclassified,,,,,3.45,,,3.84,2.4,10.2,,,,,,,,,,,,10.7,
NSE:CMPDI,Central Mine Planning & Design Institute Limited,Equity,NSE+BSE,544739,INE05HV01027,EQ,Services,Other Industrial Metals & Mining,,,,205.14,22.4,6.42,283.69,150.16,27.7,1.06,0.52,,0.1,,,,,,,2132728.0,5466.3,Y
NSE:CMRGREEN,CMR Green Technologies Limited,Equity,NSE+BSE,544777,INE00WV01027,EQ,Materials,Aluminum,,,,223.4,22.9,3.19,268.96,205.25,16.9,0.0,,,82.7,,,,,,,750653.0,1025.2,
NSE:COCKERILL,John Cockerill India Limited,Equity,NSE+BSE,500147,INE515A01019,EQ,Capital Goods,Metal Fabrication,,,,7980.0,907.8,-41.19,10871.5,5015.25,26.6,7.0,0.09,8.0,,,,,,,,9843.0,274.8,
NSE:CORONA,CORONA Remedies Limited,Equity,NSE+BSE,544644,INE02ZQ01018,EQ,Healthcare,Drug Manufacturers - General,,,,2021.1,62.2,16.55,2292.4,1336.6,11.8,10.0,0.49,,22.1,,,,,,,40874.0,519.6,
NSE:CPL,Captain Polyplast Limited,Equity,NSE+BSE,536974,INE536P01021,EQ,Capital Goods,Farm & Heavy Construction Machinery,,,,62.6,13.3,1.95,75.74,59.98,17.3,0.0,,,46.6,,,,,,,78646.0,31.8,
NSE:CRAVATEX,Cravatex Limited,Equity,NSE+BSE,509472,INE145E01017,EQ,Consumer Discretionary,Leisure,,,,349.0,10.5,0.76,410.0,300.0,14.9,13.0,3.72,,1.5,,,,,,,1134.0,0.5,
NSE:DAICHI,Dai-Ichi Karkaria Limited,Equity,NSE+BSE,526821,INE928C01010,BE,Materials,Specialty Chemicals,,,,319.95,109.6,1.29,380.0,298.1,15.8,1.5,0.47,,7.0,,,,,,,4111.0,7.3,
NSE:DISAQ,Disa India Limited,Equity,NSE+BSE,500068,INE131C01011,EQ,Unclassified,,,,,11400.0,,5.43,12864.0,10851.0,11.4,200.0,,18.8,,,,,,,,399.0,33.7,
NSE:DRAGARWQ,Dr Agarwals Eye Hospital Limited,Equity,NSE+BSE,526783,INE934C01018,EQ,Healthcare,Medical Care Facilities,,,,5180.0,32.6,7.23,5500.0,5060.5,5.8,0.0,,,94.2,,,,,,,1761.0,115.2,
NSE:EBIX,EBIX Limited,Equity,NSE+BSE,531035,INE432F01032,BE,Information Technology,Software - Application,,,,17.0,,-0.19,22.83,16.03,25.5,0.0,,-1289.6,3291.0,,,,,,,62709.0,4.4,
NSE:EKI,EKI Energy Services Limited,Equity,NSE+BSE,543284,INE0CPR01018,BE,Capital Goods,Consulting Services,,,,99.0,,0.72,108.94,67.0,9.1,0.0,,,1.4,,,,,,,75397.0,39.1,
NSE:ELCIDIN,EL CID Investments Limited,Equity,NSE,,INE927X01018,EQ,Unclassified,,,,,102155.0,,0.24,137000.0,101110.0,25.4,0.0,,,,,,,,,,11.0,7.1,
NSE:ELITECON,Elitecon International Limited,Equity,NSE+BSE,539533,INE669R01026,EQ,Fast Moving Consumer Goods,Tobacco,,,,7.8,6.7,3.15,17.25,7.08,54.8,0.0,,,71.0,,,,,,,7083581.0,469.4,
NSE:EMPIND,Empire Industries Limited,Equity,NSE+BSE,509525,INE515H01014,EQ,Capital Goods,Conglomerates,,,,1059.0,11.3,1.81,1248.0,1002.1,15.1,0.0,,,48.9,,,,,,,4458.0,14.6,
NSE:ENKEIWHEL,Enkei Wheels (India) Limited,Equity,NSE+BSE,533477,INE130L01014,EQ,Consumer Discretionary,Auto Parts,,,,397.9,32.8,2.86,425.0,372.0,6.4,0.0,,9.1,123.0,,,,,,,2910.0,9.0,
NSE:GAJA,Gaja Alternative Asset Management Limited,Equity,NSE+BSE,544885,INE18UN01038,EQ,Financial Services,Asset Management,,,,135.5,24.0,2.52,191.65,133.0,29.3,0.75,0.55,,8.7,,,,,,,4784877.0,718.6,
NSE:GLASSWALL,Glass Wall Systems (India) Limited,Equity,NSE+BSE,544913,INE644Q01039,EQ,Capital Goods,Engineering & Construction,,,,267.0,,,317.9,185.2,16.0,,,38.6,,,,,,,,36535360.0,16633.2,
NSE:GSPLTRANS,GSPL Transmission Limited,Equity,NSE+BSE,544801,INE1TUG01013,BE,Oil Gas & Consumable Fuels,Oil & Gas Midstream,,,,137.18,,,159.6,137.18,14.0,0.0,,,,,,,,,,147509.0,53.0,
NSE:GUJRAFFIA,Gujarat Raffia Industries Limited,Equity,NSE,,INE610B01024,EQ,Unclassified,,,,,40.0,19.3,0.97,88.0,35.1,54.5,0.0,,,8.4,,,,,,,3434.0,0.5,
NSE:HALDYNGL,Haldyn Glass Limited,Equity,NSE+BSE,515147,INE506D01020,EQ,Consumer Discretionary,Packaging & Containers,,,,149.4,27.4,3.43,163.78,124.0,8.8,0.0,,,49.4,,,,,,,60743.0,124.0,
NSE:HAMPTON,Hampton Sky Realty Limited,Equity,NSE+BSE,526407,INE299D01022,EQ,Financial Services,Capital Markets,,,,8.09,,,9.65,7.02,16.2,0.0,,,28.0,,,,,,,96189.0,0.3,
NSE:HBESD,HB Estate Developers Limited,Equity,NSE+BSE,532334,INE640B01021,EQ,Consumer Discretionary,Lodging,,,,65.01,11.4,0.77,81.99,60.26,20.7,0.0,,,133.2,,,,,,,771.0,0.7,
NSE:HINDALUMI,Hind Aluminium Industries Limited,Equity,NSE+BSE,531979,INE227B01019,EQ,Materials,Aluminum,,,,89.71,15.2,0.62,107.5,86.3,16.5,0.0,,,8.6,,,,,,,3472.0,1.9,
NSE:INDPRUD,Industrial & Prudential Investment Company Limited,Equity,NSE+BSE,501298,INE620D01011,EQ,Financial Services,Asset Management,,,,6251.0,17.2,1.23,6494.0,6050.0,3.7,120.0,1.92,,,,,,,,,61.0,6.1,
NSE:INVPRECQ,Investment & Precision Castings Limited,Equity,NSE+BSE,504786,INE155E01016,BE,Materials,Steel,,,,1601.0,110.3,15.6,1602.0,1166.0,0.1,1.0,0.06,,69.8,,,,,,,4915.0,127.1,
NSE:ITL,ITL Industries Limited,Equity,NSE+BSE,522183,INE478D01014,EQ,Capital Goods,Specialty Industrial Machinery,,,,356.9,12.9,,378.95,311.1,5.8,1.25,0.36,,25.4,,,,,,,2345.0,14.2,
NSE:JENBURPH,Jenburkt Pharmaceuticals Limited,Equity,NSE+BSE,524731,INE354A01013,EQ,Healthcare,Drug Manufacturers - Specialty & Generic,,,,910.0,12.2,2.04,1073.9,910.0,15.3,20.7,2.26,,1.3,,,,,,,1603.0,30.1,
NSE:KAMAHOLD,Kama Holdings Limited,Equity,NSE+BSE,532468,INE411F01010,EQ,Capital Goods,Conglomerates,,,,2291.0,6.7,0.92,2474.8,2172.3,7.4,23.2,,,33.8,,,,,,,4532.0,46.8,
NSE:KANCOTEA,Kanco Tea & Industries Limited,Equity,NSE+BSE,541005,INE398L01017,EQ,Fast Moving Consumer Goods,Farm Products,,,,53.4,,0.49,58.7,46.2,9.0,0.0,,,95.5,,,,,,,414.0,0.1,
NSE:KANOHAR,Kanohar Electricals Limited,Equity,NSE+BSE,544911,INE877D01025,EQ,Capital Goods,Electrical Equipment & Parts,,,,914.0,,,937.7,685.1,2.5,,,42.1,10.5,,,,,,,8162971.0,44279.2,
NSE:KARAMTARA,Karamtara Engineering Limited,Equity,NSE+BSE,544917,INE590T01012,EQ,Information Technology,Solar,,,,409.5,57.6,9.81,429.35,320.0,4.6,0.0,,20.8,91.8,,,,,,,9509336.0,48661.3,
NSE:KIRANVYPAR,Kiran Vyapar Limited,Equity,NSE+BSE,537750,INE555P01013,EQ,Financial Services,Capital Markets,,,,179.0,372.9,0.21,221.78,169.82,19.3,1.0,0.56,,21.8,,,,,,,5731.0,2.4,
NSE:KLBRENG-B,Kilburn Engineering Limited,Equity,NSE+BSE,522101,INE338F01015,EQ,Capital Goods,Specialty Industrial Machinery,,,,520.0,30.6,4.14,535.0,346.0,2.8,3.0,0.57,,13.8,,,,,,,443547.0,1007.2,
NSE:KPL,Kwality Pharmaceuticals Limited,Equity,NSE+BSE,539997,INE552U01010,EQ,Healthcare,Drug Manufacturers - Specialty & Generic,,,,3600.0,46.1,11.27,3949.0,3137.0,8.8,0.0,,,39.6,,,,,,,46178.0,1482.8,
NSE:KUSUMGAR,Kusumgar Limited,Equity,NSE+BSE,544821,INE0ISX01025,EQ,Consumer Discretionary,Textile Manufacturing,,,,601.0,47.0,12.17,659.5,533.0,8.9,0.0,,,57.4,,,,,,,1062239.0,979.4,
NSE:LAKSHMIMIL,Lakshmi Mills Company Limited,Equity,NSE+BSE,502958,INE938C01019,EQ,Consumer Discretionary,Textile Manufacturing,,,,7839.0,56.7,0.77,8505.0,2405.0,7.8,10.0,0.13,,11.4,,,,,,,29.0,0.8,
NSE:LKPSEC,LKP Securities Limited,Equity,NSE+BSE,540192,INE341H01023,EQ,Financial Services,Capital Markets,,,,14.73,16.7,1.19,18.43,13.62,20.1,0.0,,,71.6,,,,,,,13216.0,2.0,
NSE:LUMINO,Lumino Industries Limited,Equity,NSE+BSE,544894,INE185Q01025,EQ,Capital Goods,Electrical Equipment & Parts,,,,96.39,17.3,3.22,122.0,94.5,21.0,0.0,,,55.0,,,,,,,29559162.0,11495.8,
NSE:MANIKA,Manika Plastech Limited,Equity,NSE+BSE,544929,INE0KWF01020,BE,Consumer Discretionary,Packaging & Containers,,,,42.1,21.9,,43.52,39.71,3.3,0.4,,16.4,64.2,,,,,,,1889413.0,167.1,
NSE:MCCHRLS-B,Mac Charles India Limited,Equity,NSE+BSE,507836,INE435D01014,EQ,Capital Goods,Conglomerates,,,,690.0,,-86.1,799.0,610.5,13.6,0.0,,,,,,,,,,1348.0,0.2,
NSE:MENNPIS,Menon Pistons Limited,Equity,NSE+BSE,531727,INE650G01029,BE,Consumer Discretionary,Auto Parts,,,,71.49,14.0,2.05,85.8,69.55,16.7,0.0,,,2.8,,,,,,,72946.0,10.5,
NSE:MERCANTILE,Mercantile Ventures Limited,Equity,NSE+BSE,538942,INE689O01013,EQ,Realty,Real Estate Services,,,,22.98,34.8,0.95,29.37,21.0,21.8,0.0,,,,,,,,,,90806.0,0.3,
NSE:MLKFOOD,Milkfood Limited,Equity,NSE+BSE,507621,INE588G01021,EQ,Fast Moving Consumer Goods,Packaged Foods,,,,84.99,4.8,0.92,93.0,71.02,8.6,0.0,,,49.2,,,,,,,7208.0,8.8,
NSE:MPIMANIPAL,Manipal Payment and Identity Solutions Limited,Equity,NSE+BSE,544916,INE241U01028,EQ,Information Technology,Software - Infrastructure,,,,404.0,37.0,,458.0,315.65,11.8,0.0,,,19.3,,,,,,,4031210.0,6596.1,
NSE:MYSORPETRO,Mysore Petro Chemicals Limited,Equity,NSE+BSE,506734,INE741A01011,BE,Materials,Chemicals,,,,118.5,7.2,0.35,182.03,111.0,34.9,2.0,1.68,,0.1,,,,,,,34322.0,5.1,
NSE:NEAGI,Neelamalai Agro Industries Limited,Equity,NSE+BSE,508670,INE605D01012,EQ,Fast Moving Consumer Goods,Farm Products,,,,3309.4,5.6,0.63,3600.0,3256.0,8.1,0.0,,,,,,,,,,28.0,0.3,
NSE:NTCIND,NTC Industries Limited,Equity,NSE+BSE,526723,INE920C01017,EQ,Fast Moving Consumer Goods,Tobacco,,,,130.37,9.5,0.9,147.0,126.3,11.3,0.0,,,36.5,,,,,,,2081.0,1.0,
NSE:OMPOWER,Om Power Transmission Limited,Equity,NSE+BSE,544750,INE25E901019,EQ,Capital Goods,Engineering & Construction,,,,158.0,12.8,2.97,206.0,153.5,23.3,0.0,,,34.8,,,,,,,110054.0,104.9,
NSE:PANCHMAHQ,Panchmahal Steel Limited,Equity,NSE+BSE,513511,INE798F01010,EQ,Materials,Steel,,,,287.5,136.9,,339.0,253.95,15.2,0.0,,,23.4,,,,,,,216.0,0.5,
NSE:PARNAXLAB,Parnax Lab Limited,Equity,NSE+BSE,506128,INE383L01019,EQ,Healthcare,Drug Manufacturers - Specialty & Generic,,,,115.0,14.8,1.38,149.5,104.0,23.1,0.0,,,86.9,,,,,,,6035.0,0.7,
NSE:PERMAGN,Permanent Magnets Limited,Equity,NSE+BSE,504132,INE418E01018,EQ,Capital Goods,Electrical Equipment & Parts,,,,866.0,58.8,4.73,929.0,784.05,6.8,2.2,0.26,,55.9,,,,,,,5227.0,25.8,
NSE:PERNIASPOP,Purple Style Labs Limited,Equity,NSE+BSE,544901,INE0I1B01016,EQ,Consumer Discretionary,Apparel Retail,,,,535.5,,-69.9,588.9,501.05,9.1,0.0,,,,,,,,,,733614.0,389.2,
NSE:POLYSPIN,Polyspin Exports Limited,Equity,NSE,,INE914G01029,EQ,Consumer Discretionary,Packaging & Containers,,,,29.5,5.2,0.42,36.49,27.53,19.2,0.0,,,101.8,,,,,,,1212.0,0.1,
NSE:PRADPME,Pradeep Metals Limited,Equity,NSE+BSE,513532,INE770A01010,BE,Capital Goods,Metal Fabrication,,,,446.0,23.3,4.69,543.9,440.0,18.0,2.5,0.56,,45.9,,,,,,,8943.0,62.9,
NSE:PRANAV,Pranav Constructions Limited,Equity,NSE+BSE,544909,INE0H4201019,EQ,Realty,Real Estate - Development,,,,96.89,15.3,,165.1,96.21,41.3,0.0,,,107.7,,,,,,,8362955.0,1268.2,
NSE:PREMCO,Premco Global Limited,Equity,NSE+BSE,530331,INE001E01012,EQ,Consumer Discretionary,Textile Manufacturing,,,,399.95,55.2,1.31,409.95,370.05,2.4,8.0,2.0,,17.8,,,,,,,659.0,0.7,
NSE:PRISMX,Prismx Global Ventures Limited,Equity,NSE+BSE,501314,INE286N01028,EQ,Financial Services,Capital Markets,,,,0.52,4.3,0.3,0.63,0.47,17.5,0.0,,,0.1,,,,,,,162400.0,0.7,
NSE:RAMBHAJO,Advit Jewels Limited,Equity,NSE+BSE,544803,INE1SJO01012,EQ,Consumer Discretionary,Luxury Goods,,,,291.0,36.4,9.85,308.4,161.6,5.6,0.0,,,78.8,,,,,,,1308256.0,2267.7,
NSE:RENTOMOJO,Rentomojo Limited,Equity,NSE+BSE,544915,INE08T701025,EQ,Capital Goods,Rental & Leasing Services,,,,527.25,52.6,,581.95,482.45,9.4,0.0,,43.5,78.8,,,,,,,10710845.0,14175.7,
NSE:RSDFIN,RSD Finance Limited,Equity,NSE+BSE,539875,INE616F01022,BE,Financial Services,Asset Management,,,,91.35,7.4,0.54,116.79,83.01,21.8,0.0,,,0.9,,,,,,,1432.0,0.3,
NSE:SAICAPI,Sai Capital Limited,Equity,NSE+BSE,531931,INE531X01018,EQ,Financial Services,Capital Markets,,,,155.0,3.5,0.12,170.05,133.5,8.9,0.0,,,3.9,,,,,,,500.0,0.2,
NSE:SAMBANDAM,Sambandam Spinning Mills Limited,Equity,NSE+BSE,521240,INE304D01012,EQ,Consumer Discretionary,Textile Manufacturing,,,,107.1,,0.57,161.9,80.05,33.8,0.0,,,172.9,,,,,,,5830.0,0.0,
NSE:SCANSTL,Scan Steels Limited,Equity,NSE+BSE,511672,INE099G01011,BE,Materials,Steel,,,,48.2,11.8,0.63,66.45,47.3,27.5,0.0,,,16.0,,,,,,,37140.0,5.1,
NSE:SHINDL,Sharat Industries Limited,Equity,NSE+BSE,519397,INE220Z01013,EQ,Fast Moving Consumer Goods,Farm Products,,,,159.98,37.6,2.81,175.0,154.0,8.6,0.0,,,83.9,,,,,,,213844.0,129.1,
NSE:SHRADDHA,Shraddha Prime Projects Limited,Equity,NSE+BSE,531771,INE311M01018,EQ,Realty,Real Estate - Development,,,,155.5,9.9,4.76,179.0,142.0,13.1,0.0,,,191.6,,,,,,,7651.0,39.0,
NSE:SIKA,Sika Interplant Systems Limited,Equity,NSE+BSE,523606,INE438E01032,EQ,Capital Goods,Aerospace & Defense,,,,1018.0,62.5,13.17,1111.0,962.5,8.4,3.5,0.34,23.1,2.1,,,,,,,50010.0,347.2,
NSE:SIMPLXREA,Simplex Realty Limited,Equity,NSE,,INE167H01014,EQ,Realty,Real Estate - Development,,,,123.5,,0.33,149.98,114.17,17.7,0.0,,,,,,,,,,141.0,0.4,
NSE:SINGERIND,Singer India Limited,Equity,NSE+BSE,505729,INE638A01035,EQ,Unclassified,,,,,74.0,,2.58,91.3,57.15,18.9,0.0,,,2.8,,,,,,,145996.0,59.9,
NSE:SRIKPRIND,Sri KPR Industries Limited,Equity,NSE+BSE,514442,INE009C01019,BE,Capital Goods,Building Products & Equipment,,,,27.49,8.2,0.43,36.8,19.4,25.3,1.0,3.64,5.3,0.9,,,,,,,31177.0,0.8,
NSE:STEAMHOUSE,Steamhouse India Limited,Equity,NSE+BSE,544914,INE0FRO01022,EQ,Power,Utilities - Regulated Gas,,,,107.0,76.4,,117.6,91.6,9.0,0.0,,25.3,194.1,,,,,,,16601357.0,4538.6,
NSE:SUNLOC,Sunil Healthcare Limited,Equity,NSE,,INE671C01016,EQ,Healthcare,Drug Manufacturers - Specialty & Generic,,,,70.1,20.2,1.03,82.0,67.5,14.5,0.0,,,80.1,,,,,,,469.0,1.0,
NSE:SUNRAKSHAK,Sunrakshakk Industries India Limited,Equity,NSE+BSE,539300,INE671K01027,EQ,Consumer Discretionary,Textile Manufacturing,,,,358.0,25.4,6.0,382.4,350.05,6.4,0.0,,,25.6,,,,,,,7836.0,18.8,
NSE:SUNSHIEL,Sunshield Chemicals Limited,Equity,NSE+BSE,530845,INE199E01014,EQ,Materials,Specialty Chemicals,,,,1065.0,24.6,3.71,1284.8,1025.7,17.1,0.0,,,,,,,,,,3234.0,33.3,
NSE:SURYALA,Suryalata Spinning Mills Limited,Equity,NSE+BSE,514138,INE132C01027,EQ,Consumer Discretionary,Textile Manufacturing,,,,377.5,4.5,0.54,424.95,371.05,11.2,0.0,,,28.6,,,,,,,881.0,3.2,
NSE:SVGLOBAL,S V Global Mill Limited,Equity,NSE+BSE,535621,INE159L01013,EQ,Realty,Real Estate Services,,,,135.0,,,177.5,114.3,23.9,0.0,,,,,,,,,,14818.0,0.4,
NSE:SWARNSAR,Swarnsarita Jewels India Limited,Equity,NSE+BSE,526365,INE967A01012,EQ,Consumer Discretionary,Luxury Goods,,,,39.09,4.8,,45.7,32.0,14.5,0.0,,,50.7,,,,,,,27203.0,2.8,
NSE:SYMBIOTEC,Symbiotec Pharmalab Limited,Equity,NSE+BSE,544889,INE899I01028,EQ,Healthcare,Drug Manufacturers - General,,,,1197.3,81.9,6.53,1246.0,934.2,3.9,0.0,,,34.0,,,,,,,3302737.0,44810.0,
NSE:TAMBOLIIN,Tamboli Industries Limited,Equity,NSE,,INE864J01012,BE,Capital Goods,Metal Fabrication,,,,290.0,27.1,2.35,318.85,238.0,9.0,0.0,,,2.0,,,,,,,10415.0,5.2,
NSE:TANAA,Taneja Aerospace & Aviation Limited,Equity,NSE+BSE,522229,INE692C01020,EQ,Capital Goods,Aerospace & Defense,,,,327.9,44.0,5.41,378.95,238.0,13.5,0.0,,,0.1,,,,,,,65998.0,149.8,
NSE:TCC,TCC Concept Limited,Equity,NSE+BSE,512038,INE887D01024,EQ,Unclassified,,,,,47.7,,0.69,105.28,39.37,54.7,0.0,,,17.7,,,,,,,2740368.0,360.2,
NSE:TEMPSENS,Tempsens Instruments (India) Limited,Equity,NSE+BSE,544886,INE1KZI01025,EQ,Information Technology,Scientific & Technical Instruments,,,,504.5,61.2,,634.85,500.0,20.5,0.0,,,14.8,,,,,,,5593424.0,7190.1,
NSE:TRANSCOR,Transcorp International Limited,Equity,NSE+BSE,532410,INE330E01023,EQ,Financial Services,Capital Markets,,,,24.18,8.1,1.06,29.0,21.0,16.6,0.8,3.31,,20.3,,,,,,,3889.0,1.1,
NSE:TRITONV,Triton Valves Limited,Equity,NSE+BSE,505978,INE440G01017,EQ,Consumer Discretionary,Auto Parts,,,,1076.0,30.3,4.3,1219.3,1020.0,11.8,2.5,0.23,,102.7,,,,,,,2755.0,16.2,
NSE:TURTLEMINT,Turtlemint Fintech Solutions Limited,Equity,NSE+BSE,544799,INE0OC301013,EQ,Financial Services,Insurance Brokers,,,,69.71,,1.23,160.0,69.25,56.4,0.0,,,6.1,,,,,,,2054077.0,1976.6,
NSE:UDAYJEW,Uday Jewellery Industries Limited,Equity,NSE+BSE,539518,INE551B01012,EQ,Consumer Discretionary,Luxury Goods,,,,160.0,14.7,,180.89,115.04,11.5,0.5,0.31,,78.1,,,,,,,65852.0,40.8,
NSE:UPHOT,U P Hotels Limited,Equity,NSE,,INE726E01014,EQ,Consumer Discretionary,Lodging,,,,1530.0,26.1,3.87,1550.0,1320.0,1.3,0.0,,,0.1,,,,,,,74.0,0.4,
NSE:VASUPRADA,Shri Vasuprada Plantations Limited,Equity,NSE,,INE574G01013,EQ,Fast Moving Consumer Goods,Farm Products,,,,95.4,,,111.38,93.1,14.3,0.0,,,51.0,,,,,,,298.0,4.2,
NSE:VEEGALAND,Veegaland Developers Limited,Equity,NSE+BSE,544923,INE1JTV01015,BE,Realty,Real Estate - Diversified,,,,141.6,25.9,,154.0,135.2,8.1,0.0,,16.0,32.1,,,,,,,947711.0,172.4,
NSE:VELJAN,Veljan Denison Limited,Equity,NSE+BSE,505232,INE232E01013,BE,Capital Goods,Specialty Industrial Machinery,,,,2296.1,39.5,4.12,2296.1,1750.3,0.0,0.0,,,0.4,,,,,,,763.0,60.3,
NSE:VIJSOLX,Vijay Solvex Limited,Equity,NSE+BSE,531069,INE362D01010,EQ,Fast Moving Consumer Goods,Packaged Foods,,,,623.3,8.4,0.57,719.9,610.0,13.4,0.0,,,18.5,,,,,,,388.0,6.8,
NSE:VIRTUALG,Virtual Global Education Limited,Equity,NSE+BSE,534741,INE247C01023,BE,Fast Moving Consumer Goods,Education & Training Services,,,,0.44,,0.31,0.6,0.42,26.7,0.0,,,2.4,,,,,,,537672.0,0.7,
NSE:VOITHPAPR,Voith Paper Fabrics India Limited,Equity,NSE+BSE,522122,INE285C01015,EQ,Materials,Paper & Paper Products,,,,1405.0,14.9,,1696.0,1400.0,17.2,10.0,0.71,,0.0,,,,,,,426.0,3.2,
NSE:WARDINMOBI,Wardwizard Innovations & Mobility Limited,Equity,NSE+BSE,538970,INE945P01024,EQ,Consumer Discretionary,Auto Manufacturers,,,,5.32,177.3,1.05,6.99,4.69,23.9,0.0,,,101.6,,,,,,,292709.0,13.6,
NSE:WELSPLSOL,Welspun Specialty Solutions Limited,Equity,NSE+BSE,500365,INE731F01037,EQ,Materials,Steel,,,,52.7,122.6,7.65,61.99,46.78,15.0,0.0,,,7.7,,,,,,,1204822.0,430.5,
NSE:WPIL,WPIL Limited,Equity,NSE+BSE,505872,INE765D01022,EQ,Capital Goods,Specialty Industrial Machinery,,,,427.0,24.6,2.62,468.0,416.0,8.8,2.0,0.46,,25.6,,,,,,,60618.0,123.4,
NSE:YOGI,Yogi Limited,Equity,NSE+BSE,511702,INE290E01011,EQ,Realty,Real Estate - Development,,,,158.0,56.4,4.91,180.0,130.01,12.2,0.25,0.16,,177.9,,,,,,,1197.0,3.8,
NSE:ZODIAC,Zodiac Energy Limited,Equity,NSE+BSE,543416,INE761Y01019,EQ,Unclassified,,,,,218.0,58.4,2.82,415.0,201.35,47.5,0.0,,,204.7,,,,,,,13763.0,17.5,
NSE:BAGMANE,Bagmane Prime Office REIT,REIT,NSE,,INE2OVN25015,EQ,Realty,,,,,106.73,,,,,,,,,,,,,,,,,465.4,Y
NSE:DUMMYHEG,Dummy HEG Ltd.,Equity,NSE,,DUM545A01024,EQ,Capital Goods,,,,,,,,,,,,,,,,,,,,,,,Y
BSE:ANDHRAPET,ANDHRA PETROCHEMICALS LTD.,Equity,BSE,500012,INE714B01016,X,Materials,Chemicals,Micro,334.0,,38.82,,0.63,58.45,29.39,33.6,0.0,,,16.3,,,,,,,126549.0,25.5,
BSE:UTIQUE,UTIQUE ENTERPRISES LIMITED,Equity,BSE,500014,INE096A01010,X,Unclassified,,,,,3.89,,,,,,,,,,,,,,,,,0.6,
BSE:ARUNAHTEL,ARUNA HOTELS LTD.,Equity,BSE,500016,INE957C01019,X,Unclassified,,,,,7.26,,,,,,,,,,,,,,,,,1.0,
BSE:ATVPR,ATV PROJECTS INDIA LTD.,Equity,BSE,500028,INE447A01015,X,Unclassified,,,,,22.4,,,,,,,,,,,,,,,,,1.6,
BSE:BHAGGAS,BHAGAWATI GAS LIMITED,Equity,BSE,500051,INE099C01010,XT,Unclassified,,,,,10.65,,,,,,,,,,,,,,,,,2.9,
BSE:BIHSPONG,BIHAR SPONGE IRON LTD.,Equity,BSE,500058,INE819C01011,X,Unclassified,,,,,12.2,,,,,,,,,,,,,,,,,2.5,
BSE:QUESTCAP,QUEST CAPITAL MARKETS LIMITED,Equity,BSE,500069,INE418C01012,X,Unclassified,,,,,230.25,,,,,,,,,,,,,,,,,5.0,
BSE:FGP,FGP LTD.,Equity,BSE,500142,INE512A01016,XT,Unclassified,,,,,8.32,,,,,,,,,,,,,,,,,0.1,
BSE:PHCAP,P H CAPITAL LIMITED,Equity,BSE,500143,INE160F01013,XT,Financial Services,Capital Markets,Micro,4404.0,,1334.6,,6.95,1348.0,97.82,1.0,0.0,,,,,,,,,,13431.0,79.2,
BSE:GOODRICKE,GOODRICKE GROUP LTD.,Equity,BSE,500166,INE300A01016,X,Fast Moving Consumer Goods,Farm Products,Micro,479.0,,218.1,7.6,1.58,249.95,142.05,12.7,2.0,0.92,,6.1,,,,,,,11722.0,17.6,
BSE:GTNINDS,GTN INDUSTRIES LTD.,Equity,BSE,500170,INE537A01013,X,Unclassified,,,,,22.94,,,,,,,,,,,,,,,,,1.4,
BSE:HARCR,HARIG CRANKSHAFTS LTD.,Equity,BSE,500178,INE905C01034,XT,Unclassified,,,,,41.13,,,,,,,,,,,,,,,,,0.0,
BSE:PRAGBOS,PRAG BOSIMI SYNTHETICS LTD.,Equity,BSE,500192,INE962B01011,X,Unclassified,,,,,1.6,,,,,,,,,,,,,,,,,2.7,
BSE:INDLEASE,INDIA LEASE DEVELOPMENT LTD.,Equity,BSE,500202,INE333C01013,X,Unclassified,,,,,7.32,,,,,,,,,,,,,,,,,0.0,
BSE:MARGOFIN,MARGO FINANCE LIMITED,Equity,BSE,500206,INE680B01019,X,Unclassified,,,,,63.06,,,,,,,,,,,,,,,,,0.4,
BSE:ITHL,INTERNATIONAL TRAVEL HOUSE LTD,Equity,BSE,500213,INE262B01016,X,Unclassified,,,,,282.95,,,,,,,,,,,,,,,,,3.7,
BSE:JASCH,JASCH INDUSTRIES LTD.,Equity,BSE,500220,INE711C01028,XT,Unclassified,,,,,286.6,,,,,,,,,,,,,,,,,0.5,
BSE:KANELIND,KANEL INDUSTRIES LIMITED,Equity,BSE,500236,INE252C01023,XT,Unclassified,,,,,75.61,,,,,,,,,,,,,,,,,1.5,
BSE:KGDENIM,KG DENIM LTD.,Equity,BSE,500239,INE104A01012,X,Unclassified,,,,,14.5,,,,,,,,,,,,,,,,,0.8,
BSE:KINETICENG,KINETIC ENGINEERING LTD.,Equity,BSE,500240,INE266B01017,XT,Consumer Discretionary,Auto Parts,Micro,770.0,,244.2,,4.05,365.0,175.1,33.1,0.0,,,43.3,,,,,,,26719.0,24.1,
BSE:ENVAIREL,ENVAIR ELECTRODYNE LTD.,Equity,BSE,500246,INE601C01013,XT,Unclassified,,,,,60.0,,,,,,,,,,,,,,,,,0.2,
BSE:BARODARY,BARODA RAYON CORPORATION LTD.,Equity,BSE,500270,INE461A01024,X,Unclassified,,,,,119.7,,,,,,,,,,,,,,,,,0.8,
BSE:MIDINDIA,MID INDIA INDUSTRIES LTD.,Equity,BSE,500277,INE401C01018,X,Unclassified,,,,,5.8,,,,,,,,,,,,,,,,,0.2,
BSE:SPICEJET,SPICEJET LTD.,Equity,BSE,500285,INE285B01017,B,Capital Goods,Airlines,Micro,1419.0,,9.3,,-0.47,40.59,8.0,77.1,0.0,,,,,,,,,,6451206.0,341.4,
BSE:NAPEROL,Naperol Investments Limited,Equity,BSE,500298,INE585A01020,X,Unclassified,,,,,620.75,,,,,,,,,,,,,,,,,2.5,
BSE:INDSUCR,INDIAN SUCROSE LTD.,Equity,BSE,500319,INE557C01017,X,Unclassified,,,,,71.15,,,,,,,,,,,,,,,,,1.5,
BSE:PANCM,PANYAM CEMENTS & MINERAL INDUS,Equity,BSE,500322,INE167E01037,XT,Unclassified,,,,,109.25,,,,,,,,,,,,,,,,,0.4,
BSE:PUNJCOMMU,PUNJAB COMMUNICATIONS LTD.,Equity,BSE,500346,INE609A01010,B,Unclassified,,,,,55.7,,,,,,,,,,,,,,,,,0.2,
BSE:RAMAPPR-B,RAMA PAPER MILLS LTD.,Equity,BSE,500357,INE425E01013,Z,Unclassified,,,,,17.43,,,,,,,,,,,,,,,,,1.3,
BSE:RAPICUT,RAPICUT CARBIDES LTD.,Equity,BSE,500360,INE350D01015,XT,Capital Goods,Metal Fabrication,Micro,149.0,,269.8,12.8,6.83,376.8,66.66,28.4,0.0,,,,,,,,,,12227.0,33.5,
BSE:SALORAINTL,SALORA INTERNATIONAL LTD.,Equity,BSE,500370,INE924A01013,X,Unclassified,,,,,25.69,,,,,,,,,,,,,,,,,0.0,
BSE:SAMTELIN,SAMTEL INDIA LTD.,Equity,BSE,500371,INE538C01017,XT,Unclassified,,,,,55.85,,,,,,,,,,,,,,,,,2.7,
BSE:SKPMIL,SHREE KRISHNA PAPER MILLS & IN,Equity,BSE,500388,INE970C01012,XT,Unclassified,,,,,94.15,,,,,,,,,,,,,,,,,1.5,
BSE:STEELCO,STEELCO GUJARAT LTD.,Equity,BSE,500399,INE629B01032,X,Materials,Steel,Micro,128.0,,202.75,,36.93,269.1,15.0,24.7,0.0,,,8347.0,,,,,,,12512.0,27.2,
BSE:TPINDIA,TPI INDIA LTD.,Equity,BSE,500421,INE578C01021,XT,Unclassified,,,,,18.14,,,,,,,,,,,,,,,,,3.5,
BSE:TRANSCHEM,TRANSCHEM LTD.,Equity,BSE,500422,INE019B01010,XT,Financial Services,Shell Companies,Micro,504.0,,415.15,125.6,6.03,433.0,58.0,4.1,0.0,,,,,,,,,,6094.0,19.5,
BSE:UTLINDS,UTL INDUSTRIES LIMITED,Equity,BSE,500426,INE184E01024,X,Unclassified,,,,,1.4,,,,,,,,,,,,,,,,,0.0,
BSE:HOCL,HINDUSTAN ORGANIC CHEMICALS LT,Equity,BSE,500449,INE048A01011,T,Materials,Chemicals,Micro,355.0,,52.84,,0.34,55.6,21.05,5.0,0.0,,,28.7,,,,,,,107015.0,214.8,
BSE:MPILCORPL,MPIL CORPORATION LTD.,Equity,BSE,500450,INE844C01027,XT,Unclassified,,,,,439.0,,,,,,,,,,,,,,,,,0.0,
BSE:TEAM24,TEAM24 CONSUMER PRODUCTS LIMIT,Equity,BSE,500458,INE601A01017,X,Unclassified,,,,,27.37,,,,,,,,,,,,,,,,,0.1,
BSE:HINDMOTORS,HINDUSTAN MOTORS LTD.,Equity,BSE,500500,INE253A01025,X,Consumer Discretionary,Auto Manufacturers,Micro,309.0,,14.81,44.9,8.58,35.83,14.57,58.7,0.0,,20.9,56.8,,,,,,,411668.0,36.0,
BSE:DSINVEST,DALAL STREET INVESTMENTS LTD.,Equity,BSE,501148,INE422D01012,XT,Unclassified,,,,,368.5,,,,,,,,,,,,,,,,,0.4,
BSE:KARTKIN,KARTIK INVESTMENTS TRUST LTD.,Equity,BSE,501151,INE524U01019,XT,Unclassified,,,,,7000.0,,,,,,,,,,,,,,,,,0.1,
BSE:LORDSMARK,Lords Mark Industries Limited,Equity,BSE,501261,INE567L01025,XT,Capital Goods,Specialty Business Services,Micro,3389.0,,79.43,35.1,3.21,12757.0,60.0,99.4,0.0,,15.5,33.9,,,,,,,1332065.0,1362.8,
BSE:ANTARIKSH,ANTARIKSH INDUSTRIES LIMITED,Equity,BSE,501270,INE825M01017,XT,Unclassified,,,,,19.27,,,,,,,,,,,,,,,,,0.0,
BSE:WALCHPF,WALCHAND PEOPLEFIRST LTD.,Equity,BSE,501370,INE695D01021,X,Unclassified,,,,,128.0,,,,,,,,,,,,,,,,,2.2,
BSE:BOMBCYC,BOMBAY CYCLE & MOTOR AGENCY LT,Equity,BSE,501430,INE691K01017,X,Unclassified,,,,,1520.0,,,,,,,,,,,,,,,,,2.1,
BSE:INDIANVSH,INDIANIVESH LTD.,Equity,BSE,501700,INE131H01028,X,Unclassified,,,,,6.72,,,,,,,,,,,,,,,,,0.0,
BSE:CHOWGULSTM,CHOWGULE STEAMSHIPS LTD.,Equity,BSE,501833,INE490A01015,X,Unclassified,,,,,20.29,,,,,,,,,,,,,,,,,0.6,
BSE:GARWAOFFS,GARWARE OFFSHORE SERVICES LIMI,Equity,BSE,501848,INE446C01013,X,Unclassified,,,,,40.16,,,,,,,,,,,,,,,,,8.6,
BSE:DHENUBUILD,DHENU BUILDCON INFRA LTD.,Equity,BSE,501945,INE758D01027,Z,Unclassified,,,,,5.66,,,,,,,,,,,,,,,,,3.2,
BSE:ASIIL,ASI INDUSTRIES LIMITED,Equity,BSE,502015,INE443A01030,X,Unclassified,,,,,22.67,,,,,,,,,,,,,,,,,1.4,
BSE:TRIVENIGQ,TRIVENI GLASS LTD.,Equity,BSE,502281,INE094C01011,XT,Unclassified,,,,,7.3,,,,,,,,,,,,,,,,,0.1,
BSE:CITADEL,CITADEL REALTY AND DEVELOPERS,Equity,BSE,502445,INE906D01014,X,Unclassified,,,,,33.11,,,,,,,,,,,,,,,,,1.8,
BSE:NATHIND,NATH INDUSTRIES LIMITED,Equity,BSE,502587,INE777A01023,X,Unclassified,,,,,50.0,,,,,,,,,,,,,,,,,2.4,
BSE:FORBESCO,FORBES & COMPANY LTD.,Equity,BSE,502865,INE518A01013,X,Consumer Discretionary,"Furnishings, Fixtures & Appliances",Micro,373.0,,289.35,30.3,1.85,462.75,242.2,37.5,0.0,,,3.0,,,,,,,7952.0,22.4,
BSE:HPCOTTON,H.P.COTTON TEXTILE MILLS LTD.,Equity,BSE,502873,INE950C01014,X,Unclassified,,,,,86.03,,,,,,,,,,,,,,,,,0.0,
BSE:UNITEDINT,UNITED INTERACTIVE LTD.,Equity,BSE,502893,INE706D01018,X,Unclassified,,,,,62.78,,,,,,,,,,,,,,,,,0.1,
BSE:JAMSHRI,JAMSHRI REALTY LIMITED,Equity,BSE,502901,INE462D01034,X,Unclassified,,,,,73.36,,,,,,,,,,,,,,,,,1.2,
BSE:KATRSPG,KATARE SPINNING MILLS LTD.,Equity,BSE,502933,INE498G01015,X,Unclassified,,,,,97.35,,,,,,,,,,,,,,,,,0.0,
BSE:PASUSPG,PASUPATI SPG.& WVG.MILLS LTD.,Equity,BSE,503092,INE909B01020,X,Unclassified,,,,,37.15,,,,,,,,,,,,,,,,,0.1,
BSE:RAJABAH,RAJA BAHADUR INTERNATIONAL LTD,Equity,BSE,503127,INE491N01016,X,Unclassified,,,,,4950.0,,,,,,,,,,,,,,,,,0.2,
BSE:VICTMILL,VICTORIA MILLS LTD.,Equity,BSE,503349,INE203D01016,XT,Unclassified,,,,,8245.0,,,,,,,,,,,,,,,,,2.2,
BSE:ZSVARAJT,SVARAJ TRADING & AGENCIES LTD.,Equity,BSE,503624,INE406N01014,X,Unclassified,,,,,6.97,,,,,,,,,,,,,,,,,0.1,
BSE:SALSAIN,SHREE SALASAR INVESTMENT LTD.,Equity,BSE,503635,INE315N01017,XT,Unclassified,,,,,365.0,,,,,,,,,,,,,,,,,0.1,
BSE:APOLLOIN,Apollo Ingredients Limited,Equity,BSE,503639,INE314N01028,XT,Unclassified,,,,,86.96,,,,,,,,,,,,,,,,,9.8,
BSE:ZODIACVEN,ZODIAC VENTURES LIMITED,Equity,BSE,503641,INE945J01027,X,Unclassified,,,,,1.54,,,,,,,,,,,,,,,,,1.3,
BSE:VEERENRGY,VEER ENERGY & INFRASTRUCTURE L,Equity,BSE,503657,INE255E01030,X,Unclassified,,,,,12.76,,,,,,,,,,,,,,,,,1.3,
BSE:SW1,SW INVESTMENTS LTD,Equity,BSE,503659,INE948K01011,XT,Unclassified,,,,,186.55,,,,,,,,,,,,,,,,,2.9,
BSE:TILAK,Tilak Ventures Limited,Equity,BSE,503663,INE026L01022,X,Financial Services,Asset Management,Micro,168.0,,1.26,25.2,0.41,3.59,0.79,64.9,0.0,,5.7,5.8,,,,,,,752862.0,10.0,
BSE:WAGEND,WAGEND INFRA VENTURE LIMITED,Equity,BSE,503675,INE786K01023,X,Unclassified,,,,,1.25,,,,,,,,,,,,,,,,,0.2,
BSE:MEDIAONE,MEDIAONE GLOBAL ENTERTAINMENT,Equity,BSE,503685,INE828I01019,Z,Unclassified,,,,,13.57,,,,,,,,,,,,,,,,,0.1,
BSE:MODWOOL,MODELLA WOOLLENS LTD.,Equity,BSE,503772,INE380D01012,X,Unclassified,,,,,60.02,,,,,,,,,,,,,,,,,0.0,
BSE:MODIPON,MODIPON LTD.,Equity,BSE,503776,INE170C01019,X,Unclassified,,,,,42.79,,,,,,,,,,,,,,,,,0.1,
BSE:SHRIDINE,SHRI DINESH MILLS LTD.,Equity,BSE,503804,INE204C01024,XT,Unclassified,,,,,368.0,,,,,,,,,,,,,,,,,0.2,
BSE:SWADPOL,SWADESHI POLYTEX LTD.,Equity,BSE,503816,INE243N01029,X,Unclassified,,,,,32.17,,,,,,,,,,,,,,,,,0.6,
BSE:SHRAJSYNQ,SHREE RAJASTHAN SYNTEX LTD.,Equity,BSE,503837,INE796C01011,X,Unclassified,,,,,10.02,,,,,,,,,,,,,,,,,0.2,
BSE:GEE,GEE LTD.,Equity,BSE,504028,INE064H01021,XT,Capital Goods,Metal Fabrication,Micro,652.0,,125.05,35.1,1.57,143.05,53.61,12.6,0.0,,,29.6,,,,,,,63227.0,137.5,
BSE:JYOTI,JYOTI LTD.,Equity,BSE,504076,INE511D01012,X,Capital Goods,Specialty Industrial Machinery,Micro,132.0,,57.67,7.7,-6.28,102.0,48.5,43.5,0.0,,,,,,,,,,38313.0,15.6,
BSE:JSLINDL,JSL INDUSTRIES LTD.,Equity,BSE,504080,INE581L01018,X,Unclassified,,,,,857.9,,,,,,,,,,,,,,,,,0.2,
BSE:KAYCEEI,KAYCEE INDUSTRIES LTD.,Equity,BSE,504084,INE813G01023,X,Unclassified,,,,,809.5,,,,,,,,,,,,,,,,,5.6,
BSE:PANAENERG,PANASONIC ENERGY INDIA COMPANY,Equity,BSE,504093,INE795A01017,X,Unclassified,,,,,239.4,,,,,,,,,,,,,,,,,6.7,
BSE:HIGHENE,HIGH ENERGY BATTERIES (INDIA),Equity,BSE,504176,INE783E01023,X,Capital Goods,Aerospace & Defense,Micro,513.0,,572.05,40.0,4.6,675.0,470.0,15.3,3.0,0.52,,10.4,,,,,,,11340.0,31.7,
BSE:STDBAT,STANDARD BATTERIES LTD.,Equity,BSE,504180,INE502C01039,X,Unclassified,,,,,41.82,,,,,,,,,,,,,,,,,1.0,
BSE:DLTNCBL,DELTON CABLES LTD.,Equity,BSE,504240,INE872E01016,XT,Capital Goods,Electrical Equipment & Parts,Micro,605.0,,690.65,31.5,1.76,780.0,336.0,11.5,2.0,0.29,,53.7,,,,,,,13669.0,30.6,
BSE:LAKSELEC,LAKSHMI ELECTRICAL CONTROL SYS,Equity,BSE,504258,INE284C01018,X,Unclassified,,,,,765.55,,,,,,,,,,,,,,,,,0.9,
BSE:MODULEX,MODULEX CONSTRUCTION TECHNOLOG,Equity,BSE,504273,INE064R01012,Z,Unclassified,,,,,15.56,,,,,,,,,,,,,,,,,4.3,
BSE:LONGSPUR,Longspur International Venture,Equity,BSE,504340,INE180M01033,X,Unclassified,,,,,8.22,,,,,,,,,,,,,,,,,0.9,
BSE:ZMULTIPU,MULTIPURPOSE TRADING & AGENCIE,Equity,BSE,504356,INE017P01014,X,Unclassified,,,,,8.16,,,,,,,,,,,,,,,,,0.0,
BSE:GRANDMA,GRANDMA TRADING & AGENCIES LTD,Equity,BSE,504369,INE927M01029,XT,Unclassified,,,,,0.51,,,,,,,,,,,,,,,,,0.0,
BSE:NYSSACORP,NYSSA CORPORATION LIMITED,Equity,BSE,504378,INE812K01027,X,Unclassified,,,,,1.99,,,,,,,,,,,,,,,,,0.4,
BSE:FLOMIC,FLOMIC GLOBAL LOGISTICS LIMITE,Equity,BSE,504380,INE952M01019,X,Unclassified,,,,,44.8,,,,,,,,,,,,,,,,,0.1,
BSE:KRISHNA,KRISHNA VENTURES LIMITED,Equity,BSE,504392,INE537L01010,XT,Unclassified,,,,,46.0,,,,,,,,,,,,,,,,,2.4,
BSE:GANHOLD,GANESH HOLDINGS LTD.,Equity,BSE,504397,INE932M01011,XT,Unclassified,,,,,100.05,,,,,,,,,,,,,,,,,0.2,
BSE:UNIABEXAL,UNI ABEX ALLOY PRODUCTS LTD.,Equity,BSE,504605,INE361D01012,X,Unclassified,,,,,4569.0,,,,,,,,,,,,,,,,,5.8,
BSE:BGWTATO,BHAGWATI AUTOCAST LTD.,Equity,BSE,504646,INE106G01014,XT,Materials,Steel,Micro,207.0,,719.95,14.3,3.52,784.0,456.25,8.2,3.5,0.49,24.7,15.4,,,,,,,2814.0,13.5,
BSE:BOMBWIR,BOMBAY WIRE ROPES LTD.,Equity,BSE,504648,INE089T01023,X,Unclassified,,,,,41.0,,,,,,,,,,,,,,,,,0.1,
BSE:INLCM,INDIAN LINK CHAIN MANUFACTURES,Equity,BSE,504746,INE359D01024,X,Materials,Steel,Micro,62.0,,230.1,,1.72,2640.75,230.1,91.3,0.0,,,0.8,,,,,,,3365.0,16.3,
BSE:INFORTEC,INFORMED TECHNOLOGIES INDIA LT,Equity,BSE,504810,INE123E01014,X,Unclassified,,,,,76.0,,,,,,,,,,,,,,,,,0.0,
BSE:KAIRA,KAIRA CAN CO.LTD.,Equity,BSE,504840,INE375D01012,X,Unclassified,,,,,1342.0,,,,,,,,,,,,,,,,,0.0,
BSE:RATHIST,RATHI STEEL & POWER LTD.,Equity,BSE,504903,INE336C01016,XT,Materials,Steel,Micro,177.0,,20.44,12.2,1.18,28.99,13.5,29.5,0.0,,,29.9,,,,,,,102696.0,27.3,
BSE:DUNCANENG,Duncan Engineering Limited,Equity,BSE,504908,INE340F01011,X,Unclassified,,,,,322.15,,,,,,,,,,,,,,,,,0.2,
BSE:STOVACQ,STOVEC INDUSTRIES LTD.,Equity,BSE,504959,INE755D01015,X,Unclassified,,,,,1602.0,,,,,,,,,,,,,,,,,6.1,
BSE:JAINEX,JAINEX AAMCOL LTD.,Equity,BSE,505212,INE280F01019,XT,Unclassified,,,,,180.3,,,,,,,,,,,,,,,,,0.2,
BSE:GGDPROP,G. G. Dandekar Properties Limi,Equity,BSE,505250,INE631D01026,X,Unclassified,,,,,84.36,,,,,,,,,,,,,,,,,0.2,
BSE:KPT,KPT INDUSTRIES LIMITED,Equity,BSE,505299,INE731D01024,X,Unclassified,,,,,484.0,,,,,,,,,,,,,,,,,3.2,
BSE:LAKSHMIEW,LAKSHMI ENGINEERING AND WAREHO,Equity,BSE,505302,INE718M01022,X,Unclassified,,,,,2418.0,,,,,,,,,,,,,,,,,0.4,
BSE:HARSHILAGR,HARSHIL AGROTECH LIMITED,Equity,BSE,505336,INE098E01026,XT,Unclassified,,,,,0.25,,,,,,,,,,,,,,,,,8.8,
BSE:MONOT,MONOTYPE INDIA LTD.,Equity,BSE,505343,INE811D01024,X,Unclassified,,,,,0.28,,,,,,,,,,,,,,,,,4.3,
BSE:INTEGRAEN,INTEGRA ENGINEERING INDIA LTD.,Equity,BSE,505358,INE984B01023,X,Capital Goods,Specialty Industrial Machinery,Micro,620.0,,180.25,41.8,5.58,270.0,118.0,33.2,0.0,,,19.6,,,,,,,14190.0,52.6,
BSE:PSITINFRA,PS IT INFRASTRUCTURE & SERVICE,Equity,BSE,505502,INE953M01033,XT,Unclassified,,,,,1.92,,,,,,,,,,,,,,,,,0.9,
BSE:GHVINFRA,GHV INFRA PROJECTS LIMITED,Equity,BSE,505504,INE809Q01020,T,Capital Goods,Engineering & Construction,Micro,2163.0,,263.75,38.9,14.75,368.5,173.3,28.4,0.0,,,146.4,,,,,,,34362.0,10.5,
BSE:SHYMINV,SHYAMKAMAL INVESTMENTS LTD.,Equity,BSE,505515,INE203N01015,X,Financial Services,Capital Markets,Micro,39.0,,14.71,49.3,2.06,16.65,9.57,11.7,0.3,2.04,,60.2,,,,,,,22171.0,11.2,
BSE:MAHACORP,MAHARASHTRA CORPORATION LTD.,Equity,BSE,505523,INE272E01027,X,Unclassified,,,,,0.28,,,,,,,,,,,,,,,,,3.5,
BSE:SKYLMILAR,SKYLINE MILLARS LTD.,Equity,BSE,505650,INE178E01026,X,Unclassified,,,,,9.4,,,,,,,,,,,,,,,,,0.3,
BSE:BRADYM,BRADY & MORRIS ENGINEERING CO.,Equity,BSE,505690,INE856A01017,X,Unclassified,,,,,642.8,,,,,,,,,,,,,,,,,3.7,
BSE:LATIMMETAL,La Tim Metal & Industries Limi,Equity,BSE,505693,INE501N01020,X,Unclassified,,,,,10.03,,,,,,,,,,,,,,,,,4.4,
BSE:HIMTEK,HIM TEKNOFORGE LIMITED,Equity,BSE,505712,INE705G01021,XT,Consumer Discretionary,Auto Parts,Micro,268.0,,253.4,18.2,1.01,299.9,177.0,15.5,0.8,0.32,,69.7,,,,,,,32289.0,52.4,
BSE:HERCULES,Hercules Investments Limited,Equity,BSE,505720,INE688E01024,X,Unclassified,,,,,108.15,,,,,,,,,,,,,,,,,4.8,
BSE:INTLCOMBQ,INTERNATIONAL COMBUSTION (INDI,Equity,BSE,505737,INE403C01014,X,Capital Goods,Specialty Industrial Machinery,Micro,102.0,,437.3,,0.78,850.0,346.0,48.6,4.0,0.81,,20.6,,,,,,,1939.0,10.2,
BSE:JOSTS,JOSTS ENGINEERING CO.LTD.,Equity,BSE,505750,INE636D01041,X,Capital Goods,Specialty Industrial Machinery,Micro,255.0,,215.6,6.8,1.52,357.5,188.1,39.7,1.25,0.58,,5.3,,,,,,,9116.0,17.7,
BSE:MPCOSEMB,MIPCO SEAMLESS RINGS (GUJARAT),Equity,BSE,505797,INE860N01012,X,Unclassified,,,,,40.19,,,,,,,,,,,,,,,,,6.5,
BSE:ROLCOEN,ROLCON ENGINEERING CO.LTD.,Equity,BSE,505807,INE775R01013,P,Unclassified,,,,,497.1,,,,,,,,,,,,,,,,,0.2,
BSE:SNL,SNL BEARINGS LTD.,Equity,BSE,505827,INE568F01017,X,Unclassified,,,,,441.85,,,,,,,,,,,,,,,,,5.9,
BSE:JAIPAN,JAIPAN INDUSTRIES LTD.,Equity,BSE,505840,INE058D01030,XT,Unclassified,,,,,43.13,,,,,,,,,,,,,,,,,5.2,
BSE:HINDHARD,HINDUSTAN HARDY LIMITED,Equity,BSE,505893,INE724D01011,X,Unclassified,,,,,766.2,,,,,,,,,,,,,,,,,5.8,
BSE:SUDAI,SUDAL INDUSTRIES LTD.,Equity,BSE,506003,INE618D01015,X,Unclassified,,,,,53.54,,,,,,,,,,,,,,,,,0.9,
BSE:VOLKAI,Kairosoft AI Solutions Limited,Equity,BSE,506122,INE820M01026,XT,Financial Services,Credit Services,Micro,22.0,,18.27,15.6,0.55,19.7,4.0,7.3,0.0,,,1.7,,,,,,,119813.0,26.2,
BSE:GOURMET,GOURMET GATEWAY INDIA LIMITED,Equity,BSE,506134,INE512D01028,XT,Unclassified,,,,,10.39,,,,,,,,,,,,,,,,,2.7,
BSE:APIS,APIS INDIA LTD.,Equity,BSE,506166,INE070K01014,X,Unclassified,,,,,50.9,,,,,,,,,,,,,,,,,1.1,
BSE:EMERGENT,EMERGENT INDUSTRIAL SOLUTIONS,Equity,BSE,506180,INE668L01013,XT,Unclassified,,,,,398.0,,,,,,,,,,,,,,,,,0.2,
BSE:GSLTD,GALAXY SUPERMARKET LIMITED,Equity,BSE,506186,INE403B01016,X,Unclassified,,,,,19.19,,,,,,,,,,,,,,,,,2.9,
BSE:STARSOURCE,STARSOURCE MULTITRADE LIMITED,Equity,BSE,506365,INE320M01019,X,Unclassified,,,,,79.0,,,,,,,,,,,,,,,,,0.2,
BSE:JAYCH,JAYSHREE CHEMICALS LTD.,Equity,BSE,506520,INE693E01016,X,Unclassified,,,,,6.42,,,,,,,,,,,,,,,,,1.8,
BSE:KELENRG,KELTECH ENERGIES LTD.,Equity,BSE,506528,INE881E01017,XT,Materials,Specialty Chemicals,Micro,1387.0,,13873.15,48.5,9.07,14800.0,2900.0,6.3,1.5,0.01,,47.9,,,,,,,1580.0,449.6,
BSE:MPAGI,M.P.AGRO INDUSTRIES LTD.,Equity,BSE,506543,INE468C01017,XT,Unclassified,,,,,10.23,,,,,,,,,,,,,,,,,0.0,
BSE:AGVENTURES,AG VENTURES LIMITED,Equity,BSE,506579,INE321D01016,X,Unclassified,,,,,127.2,,,128.0,121.3,0.6,,,,,,,,,,,,10.2,
BSE:POLYCHEM,POLYCHEM LTD.,Equity,BSE,506605,INE752B01024,X,Unclassified,,,,,1831.95,,,,,,,,,,,,,,,,,1.1,
BSE:ZR2,ZR2 BIOENERGY LIMITED,Equity,BSE,506640,INE218N01021,X,Unclassified,,,,,136.5,,,,,,,,,,,,,,,,,0.0,
BSE:TANFACIND,TANFAC INDUSTRIES LTD.,Equity,BSE,506854,INE639B01023,B,Materials,Specialty Chemicals,Micro,7050.0,,3259.05,96.2,17.43,3648.0,1632.6,10.7,4.5,0.14,,24.9,,,,,,,26307.0,273.5,
BSE:GUJPETR,GUJARAT PETROSYNTHESE LTD.,Equity,BSE,506858,INE636P01011,X,Unclassified,,,,,51.36,,,,,,,,,,,,,,,,,0.1,
BSE:SWADEIN,SWADESHI INDUSTRIES LEASING CO,Equity,BSE,506863,INE716M01034,X,Unclassified,,,,,76.08,,,,,,,,,,,,,,,,,5.8,
BSE:CONTCHM,CONTINENTAL CHEMICALS LTD.,Equity,BSE,506935,INE423K01015,X,Unclassified,,,,,55.12,,,,,,,,,,,,,,,,,0.0,
BSE:ADVPETR-B,ADVANCE PETROCHEMICALS LTD.,Equity,BSE,506947,INE334N01018,XT,Materials,Chemicals,Micro,78.0,,868.9,38.0,19.25,868.9,97.6,0.0,0.0,,,347.9,,,,,,,331.0,10.9,
BSE:APTPACK,APT PACKAGING LTD.,Equity,BSE,506979,INE046E01025,X,Unclassified,,,,,67.6,,,,,,,,,,,,,,,,,1.1,
BSE:BLUECHIPT,BLUE CHIP TEX INDUSTRIES LTD.,Equity,BSE,506981,INE472D01017,X,Unclassified,,,,,112.0,,,,,,,,,,,,,,,,,0.4,
BSE:JAGAJITIND,JAGATJIT INDUSTRIES LTD.,Equity,BSE,507155,INE574A01016,X,Fast Moving Consumer Goods,Beverages - Wineries & Distilleries,Micro,650.0,,138.85,55.8,10.31,214.0,116.0,35.1,0.0,,,576.7,,,,,,,23878.0,17.7,
BSE:KESARENT,KESAR ENTERPRISES LTD.,Equity,BSE,507180,INE133B01027,XT,Fast Moving Consumer Goods,Confectioners,Micro,128.0,,12.69,1.5,1.78,13.47,4.1,5.8,0.0,,-50.8,128.9,,,,,,,99861.0,18.5,
BSE:EMERALL,Emerald Leisures Limited,Equity,BSE,507265,INE044N01021,XT,Unclassified,,,,,290.0,,,,,,,,,,,,,,,,,1.5,
BSE:RAVALSUGAR,The Ravalgaon Sugar Farm Limit,Equity,BSE,507300,INE615A01025,X,Unclassified,,,,,891.0,,,,,,,,,,,,,,,,,2.3,
BSE:KFBL,KOTHARI FERMENTATION & BIOCHEM,Equity,BSE,507474,INE991B01010,X,Unclassified,,,,,39.96,,,,,,,,,,,,,,,,,3.1,
BSE:CAPRO,CAPROLACTAM CHEMICALS LTD.,Equity,BSE,507486,INE470N01010,X,Unclassified,,,,,47.76,,,,,,,,,,,,,,,,,0.0,
BSE:PICCASUG,PICCADILY SUGAR & ALLIED INDUS,Equity,BSE,507498,INE544C01023,X,Unclassified,,,,,34.85,,,,,,,,,,,,,,,,,1.7,
BSE:CJGEL,C.J.GELATINE PRODUCTS LTD.,Equity,BSE,507515,INE557D01015,X,Unclassified,,,,,24.65,,,,,,,,,,,,,,,,,0.2,
BSE:KLRFM,KOVILPATTI LAKSHMI ROLLER FLOU,Equity,BSE,507598,INE014E01015,X,Unclassified,,,,,78.97,,,,,,,,,,,,,,,,,4.1,
BSE:OLYOI,OLYMPIC OIL INDUSTRIES LTD.,Equity,BSE,507609,INE286E01019,X,Unclassified,,,,,30.8,,,,,,,,,,,,,,,,,0.0,
BSE:POLSON,POLSON LTD.,Equity,BSE,507645,INE339F01021,X,Unclassified,,,,,10601.7,,,,,,,,,,,,,,,,,0.1,
BSE:ORIBEVER,ORIENT BEVERAGES LTD.,Equity,BSE,507690,INE247F01018,X,Unclassified,,,,,161.85,,,,,,,,,,,,,,,,,3.8,
BSE:LIMECHM,LIME CHEMICALS LTD.,Equity,BSE,507759,INE891G01011,X,Unclassified,,,,,14.3,,,,,,,,,,,,,,,,,0.5,
BSE:NOL,NATIONAL OXYGEN LTD.,Equity,BSE,507813,INE296D01010,X,Unclassified,,,,,55.0,,,,,,,,,,,,,,,,,1.2,
BSE:WIREFABR,WIRES & FABRIKS (SA) LTD.,Equity,BSE,507817,INE469D01013,X,Unclassified,,,,,166.65,,,,,,,,,,,,,,,,,0.0,
BSE:ANSALHSG,ANSAL HOUSING LIMITED,Equity,BSE,507828,INE880B01015,X,Unclassified,,,,,4.95,,,,,,,,,,,,,,,,,2.4,
BSE:COMPUPN,COMPUTER POINT LTD.,Equity,BSE,507833,INE607B01012,X,Unclassified,,,,,3.26,,,,,,,,,,,,,,,,,0.5,
BSE:ASHNOOR,ASHNOOR TEXTILE MILLS LTD.,Equity,BSE,507872,INE372I01018,X,Unclassified,,,,,51.06,,,,,,,,,,,,,,,,,3.2,
BSE:KIDUJA,KIDUJA INDIA LTD.,Equity,BSE,507946,INE845A01028,X,Unclassified,,,,,19.21,,,,,,,,,,,,,,,,,1.4,
BSE:KEYCORP,KEY CORP LTD.,Equity,BSE,507948,INE130F01016,X,Unclassified,,,,,71.8,,,,,,,,,,,,,,,,,0.7,
BSE:GUJHOTE,GUJARAT HOTELS LTD.,Equity,BSE,507960,INE621C01011,X,Unclassified,,,,,181.0,,,,,,,,,,,,,,,,,2.5,
BSE:FYNX,FYNX CAPITAL LIMITED,Equity,BSE,507962,INE455H01021,XT,Unclassified,,,,,6.25,,,,,,,,,,,,,,,,,0.4,
BSE:RASRESOR,RAS RESORTS & APART HOTELS LTD,Equity,BSE,507966,INE651D01016,X,Unclassified,,,,,54.76,,,,,,,,,,,,,,,,,0.1,
BSE:JOLYPLS,JOLLY PLASTIC INDUSTRIES LTD.,Equity,BSE,507968,INE289M01016,X,Unclassified,,,,,43.61,,,,,,,,,,,,,,,,,0.0,
BSE:PARMCOS-B,PARAMOUNT COSMETICS (INDIA) LT,Equity,BSE,507970,INE143I01013,X,Unclassified,,,,,34.5,,,,,,,,,,,,,,,,,0.1,
BSE:JINDHOT,JINDAL HOTELS LTD.,Equity,BSE,507981,INE726D01016,X,Unclassified,,,,,61.0,,,,,,,,,,,,,,,,,0.5,
BSE:SIMMOND,SIMMONDS MARSHALL LTD.,Equity,BSE,507998,INE657D01021,X,Capital Goods,Tools & Accessories,Micro,260.0,,232.0,15.9,4.46,265.0,101.4,12.5,0.8,0.34,,114.9,,,,,,,14795.0,25.4,
BSE:WARRENTEA,WARREN TEA LTD.,Equity,BSE,508494,INE712A01012,X,Unclassified,,,,,43.61,,,,,,,,,,,,,,,,,0.8,
BSE:BESTEAST,BEST EASTERN HOTELS LTD.,Equity,BSE,508664,INE553F01035,XT,Unclassified,,,,,14.5,,,,,,,,,,,,,,,,,0.2,
BSE:NEWMKTAVE,NEW MARKETS AVENUE LIMITED,Equity,BSE,508867,INE800K01014,XT,Unclassified,,,,,97.21,,,,,,,,,,,,,,,,,0.2,
BSE:NITINCAST,Nitin Castings Limited,Equity,BSE,508875,INE861H01020,XT,Unclassified,,,,,473.0,,,,,,,,,,,,,,,,,0.1,
BSE:NEXOME,NEXOME CAPITAL MARKETS LIMITED,Equity,BSE,508905,INE641A01013,X,Unclassified,,,,,83.12,,,,,,,,,,,,,,,,,4.6,
BSE:IRONWOOD,IRONWOOD EDUCATION LIMITED,Equity,BSE,508918,INE791H01011,X,Unclassified,,,,,43.5,,,,,,,,,,,,,,,,,2.6,
BSE:PANCARBON,PANASONIC CARBON INDIA CO.LTD.,Equity,BSE,508941,INE013E01017,X,Information Technology,Electronic Components,Micro,191.0,,393.35,9.9,1.02,525.6,392.0,25.2,12.0,3.05,,,,,,,,,2134.0,10.4,
BSE:HBLEAS,HB LEASING & FINANCE CO.LTD.,Equity,BSE,508956,INE549B01016,X,Unclassified,,,,,10.29,,,,,,,,,,,,,,,,,0.6,
BSE:SHRICON,SHRICON INDUSTRIES LTD.,Equity,BSE,508961,INE753D01010,XT,Unclassified,,,,,209.9,,,,,,,,,,,,,,,,,0.2,
BSE:SULABEN,SULABH ENGINEERS & SERVICES LT,Equity,BSE,508969,INE673M01029,X,Unclassified,,,,,2.5,,,,,,,,,,,,,,,,,0.2,
BSE:FRONTCAP,FRONTIER CAPITAL LIMITED,Equity,BSE,508980,INE977E01013,XT,Unclassified,,,,,10.26,,,,,,,,,,,,,,,,,0.7,
BSE:THAKRAL,THAKRAL SERVICES (INDIA) LTD.,Equity,BSE,509015,INE190F01028,X,Unclassified,,,,,13.75,,,,,,,,,,,,,,,,,0.0,
BSE:GOLDLEG,GOLDEN LEGAND LEASING & FINANC,Equity,BSE,509024,INE088E01019,X,Unclassified,,,,,7.9,,,,,,,,,,,,,,,,,0.2,
BSE:VJTFEDU,VJTF EDUSERVICES LTD.,Equity,BSE,509026,INE117F01013,X,Unclassified,,,,,68.4,,,,,,,,,,,,,,,,,0.0,
BSE:VOLLF,VOLTAIRE LEASING & FINANCE LTD,Equity,BSE,509038,INE763D01019,XT,Unclassified,,,,,22.55,,,,,,,,,,,,,,,,,0.0,
BSE:NETLINK,NETLINK SOLUTIONS (INDIA) LTD.,Equity,BSE,509040,INE040F01033,X,Unclassified,,,,,185.0,,,,,,,,,,,,,,,,,2.5,
BSE:TRILIANCE,TRILIANCE POLYMERS LIMITED,Equity,BSE,509046,INE778N01016,X,Unclassified,,,,,45.0,,,,,,,,,,,,,,,,,0.2,
BSE:INDINFO,INDIAN INFOTECH & SOFTWARE LTD,Equity,BSE,509051,INE300B01022,X,Unclassified,,,,,0.54,,,,,,,,,,,,,,,,,7.7,
BSE:BANASFN,BANAS FINANCE LTD.,Equity,BSE,509053,INE521L01030,X,Unclassified,,,,,6.84,,,,,,,,,,,,,,,,,1.0,
BSE:HATHWAYB,HATHWAY BHAWANI CABLETEL & DAT,Equity,BSE,509073,INE525B01016,X,Unclassified,,,,,11.5,,,,,,,,,,,,,,,,,0.0,
BSE:PHOTON,PHOTON CAPITAL ADVISORS LTD.,Equity,BSE,509084,INE107J01016,XT,Unclassified,,,,,388.05,,,,,,,,,,,,,,,,,0.0,
BSE:INDAG,INDAG RUBBER LTD.,Equity,BSE,509162,INE802D01023,XT,Consumer Discretionary,Auto Parts,Micro,279.0,,105.45,20.1,1.21,146.75,77.36,28.1,2.4,2.28,,7.7,,,,,,,9892.0,16.7,
BSE:MMRUBBR-B,MM RUBBER COMPANY LTD.,Equity,BSE,509196,INE159E01026,X,Unclassified,,,,,58.76,,,,,,,,,,,,,,,,,0.2,
BSE:SEL,SANATHNAGAR ENTERPRISES LIMITE,Equity,BSE,509423,INE367E01033,X,Unclassified,,,,,33.47,,,,,,,,,,,,,,,,,0.0,
BSE:BHAGWOX,BHAGWATI OXYGEN LTD.,Equity,BSE,509449,INE026I01010,X,Unclassified,,,,,38.89,,,,,,,,,,,,,,,,,0.4,
BSE:BOMOXY-B1,BOMBAY OXYGEN INVESTMENTS LIMI,Equity,BSE,509470,INE01TL01014,X,Unclassified,,,,,17902.0,,,,,,,,,,,,,,,,,1.6,
BSE:CAPRIHANS,CAPRIHANS INDIA LTD.,Equity,BSE,509486,INE479A01018,XT,Unclassified,,,,,111.35,,,,,,,,,,,,,,,,,0.1,
BSE:GARWAMAR,GARWARE MARINE INDUSTRIES LTD.,Equity,BSE,509563,INE925D01014,X,Unclassified,,,,,18.99,,,,,,,,,,,,,,,,,1.1,
BSE:HARDCAS,HARDCASTLE & WAUD MFG.CO.LTD.,Equity,BSE,509597,INE722D01015,X,Unclassified,,,,,841.9,,,,,,,,,,,,,,,,,0.1,
BSE:MODRNSH,MODERN SHARES & STOCKBROKERS L,Equity,BSE,509760,INE370A01019,XT,Unclassified,,,,,32.3,,,,,,,,,,,,,,,,,0.4,
BSE:MAPROIN,MAPRO INDUSTRIES LTD.,Equity,BSE,509762,INE848M01019,XT,Unclassified,,,,,67.68,,,,,,,,,,,,,,,,,0.0,
BSE:PREMSYN,PREMIER SYNTHETICS LTD.,Equity,BSE,509835,INE940N01012,X,Unclassified,,,,,15.85,,,,,,,,,,,,,,,,,0.1,
BSE:RJSHAH,R.J.SHAH & CO.LTD.,Equity,BSE,509845,INE712Z01019,P,Unclassified,,,,,490.0,,,,,,,,,,,,,,,,,0.5,
BSE:HINDMILL,HINDOOSTAN MILLS LTD.,Equity,BSE,509895,INE832D01020,X,Unclassified,,,,,156.85,,,,,,,,,,,,,,,,,0.2,
BSE:TRADWIN,TRADE WINGS LTD.,Equity,BSE,509953,INE961E01017,XT,Unclassified,,,,,460.0,,,,,,,,,,,,,,,,,0.1,
BSE:SWASTIVI,SWASTI VINAYAKA SYNTHETICS LTD,Equity,BSE,510245,INE804A01025,X,Unclassified,,,,,3.68,,,,,,,,,,,,,,,,,1.2,
BSE:MSLGLOBAL,MSL GLOBAL LIMITED,Equity,BSE,511000,INE856D01011,X,Unclassified,,,,,18.17,,,,,,,,,,,,,,,,,0.0,
BSE:YAMNINV,YAMINI INVESTMENTS COMPANY LTD,Equity,BSE,511012,INE457N01025,XT,Unclassified,,,,,0.57,,,,,,,,,,,,,,,,,3.0,
BSE:PREMCAP,PREMIER CAPITAL SERVICES LTD.,Equity,BSE,511016,INE946K01023,XT,Unclassified,,,,,7.19,,,,,,,,,,,,,,,,,0.1,
BSE:ZMILGFIN,MILGREY FINANCE & INVESTMENT L,Equity,BSE,511018,INE679T01013,X,Unclassified,,,,,45.2,,,,,,,,,,,,,,,,,5.7,
BSE:SAKTHIFIN,SAKTHI FINANCE LTD.,Equity,BSE,511066,INE302E01014,X,Unclassified,,,,,24.72,,,,,,,,,,,,,,,,,1.8,
BSE:JMDVL,JMD Ventures Limited,Equity,BSE,511092,INE047E01031,XT,Unclassified,,,,,6.95,,,,,,,,,,,,,,,,,0.8,
BSE:VBDESAI,V.B.DESAI FINANCIAL SERVICES L,Equity,BSE,511110,INE848D01018,X,Unclassified,,,,,17.4,,,,,,,,,,,,,,,,,0.1,
BSE:QUADRANT,QUADRANT TELEVENTURES LIMITED,Equity,BSE,511116,INE527B01020,XT,Unclassified,,,,,0.85,,,,,,,,,,,,,,,,,0.5,
BSE:1STCUS,FIRST CUSTODIAN FUND (INDIA) L,Equity,BSE,511122,INE609B01018,X,Unclassified,,,,,64.95,,,,,,,,,,,,,,,,,0.0,
BSE:AXISOL,AXIS SOLUTIONS LIMITED,Equity,BSE,511144,INE520G01024,XT,Capital Goods,Specialty Industrial Machinery,Micro,3025.0,,640.1,100.0,20.9,667.75,35.98,4.1,0.6,0.09,,57.5,,,,,,,7447.0,56.8,
BSE:WSFX,WSFX Global Pay Limited,Equity,BSE,511147,INE549D01012,X,Unclassified,,,,,61.2,,,,,,,,,,,,,,,,,5.0,
BSE:ANJANIFOODS,Anjani Foods Limited,Equity,BSE,511153,INE096I01021,XT,Unclassified,,,,,16.51,,,,,,,,,,,,,,,,,0.2,
BSE:RKDAGRRTL,RKD AGRI AND RETAIL LIMITED,Equity,BSE,511169,INE552N01023,X,Unclassified,,,,,5.64,,,,,,,,,,,,,,,,,0.0,
BSE:MILLENNIUM,Millennium Online Solutions (I,Equity,BSE,511187,INE570N01025,X,Unclassified,,,,,1.52,,,,,,,,,,,,,,,,,0.3,
BSE:BOMTALKIES,BOMBAY TALKIES LIMITED,Equity,BSE,511246,INE910D01024,X,Unclassified,,,,,3.26,,,,,,,,,,,,,,,,,0.0,
BSE:ICONIKSPEV,ICONIK SPORTS AND EVENTS LIMIT,Equity,BSE,511260,INE088P01015,X,Unclassified,,,,,31.98,,,,,,,,,,,,,,,,,2.5,
BSE:INDCEMCAP,INDIA CEMENTS CAPITAL LTD.,Equity,BSE,511355,INE429D01017,XT,Unclassified,,,,,26.55,,,,,,,,,,,,,,,,,3.1,
BSE:ADMANUM,AD-MANUM FINANCE LTD.,Equity,BSE,511359,INE556D01017,X,Unclassified,,,,,51.99,,,,,,,,,,,,,,,,,0.6,
BSE:MEHIF,MEHTA INTEGRATED FINANCE LTD.,Equity,BSE,511377,INE240B01012,X,Unclassified,,,,,29.4,,,,,,,,,,,,,,,,,0.0,
BSE:INTRGLB,INTER GLOBE FINANCE LTD.,Equity,BSE,511391,INE661M01016,X,Unclassified,,,,,62.14,,,,,,,,,,,,,,,,,0.7,
BSE:SHRISTI,SHRISTI INFRASTRUCTURE DEVELOP,Equity,BSE,511411,INE472C01027,X,Unclassified,,,,,32.56,,,,,,,,,,,,,,,,,0.8,
BSE:GUJCRED,GUJARAT CREDIT CORPORATION LTD,Equity,BSE,511441,INE034B01019,X,Unclassified,,,,,21.0,,,,,,,,,,,,,,,,,0.0,
BSE:SYLPH,Sylph Industries Limited,Equity,BSE,511447,INE706F01021,X,Information Technology,Information Technology Services,Micro,26.0,,0.21,0.1,0.27,0.97,0.19,78.4,0.0,,,7.8,,,,,,,9893092.0,10.7,
BSE:DHARFIN,DHARANI FINANCE LTD.,Equity,BSE,511451,INE899D01011,XT,Unclassified,,,,,12.2,,,,,,,,,,,,,,,,,0.0,
BSE:ALEXANDER,Alexander Stamps And Coin Limi,Equity,BSE,511463,INE191N01012,X,Unclassified,,,,,8.0,,,,,,,,,,,,,,,,,0.9,
BSE:SHRYDUS,SHRYDUS INDUSTRIES LIMITED,Equity,BSE,511493,INE488C01015,XT,Unclassified,,,,,3.85,,,,,,,,,,,,,,,,,0.1,
BSE:BHARAT,Bharat Bhushan Finance & Commo,Equity,BSE,511501,INE900A01013,X,Unclassified,,,,,22.4,,,,,,,,,,,,,,,,,0.4,
BSE:USHAKIRA,USHAKIRAN FINANCE LTD.,Equity,BSE,511507,INE697C01011,X,Unclassified,,,,,26.77,,,,,,,,,,,,,,,,,0.3,
BSE:VEERHEALTH,VEERHEALTH CARE LIMITED,Equity,BSE,511523,INE882C01035,XT,Healthcare,Drug Manufacturers - Specialty & Generic,Micro,100.0,,49.88,69.2,4.27,52.0,16.7,4.1,0.0,,,20.0,,,,,,,116538.0,48.7,
BSE:PANINDIAC,PAN INDIA CORPORATION LTD.,Equity,BSE,511525,INE376A01032,X,Unclassified,,,,,1.44,,,,,,,,,,,,,,,,,3.3,
BSE:SAHARAHOUS,SAHARA HOUSINGFINA CORPORATION,Equity,BSE,511533,INE135C01012,X,Unclassified,,,,,37.35,,,,,,,,,,,,,,,,,1.5,
BSE:NDASEC,NDA SECURITIES LTD.,Equity,BSE,511535,INE026C01013,X,Unclassified,,,,,23.0,,,,,,,,,,,,,,,,,0.1,
BSE:GSBFIN,GSB FINANCE LTD.,Equity,BSE,511543,INE777C01011,XT,Unclassified,,,,,45.9,,,,,,,,,,,,,,,,,0.5,
BSE:MORARKFI,MORARKA FINANCE LTD.,Equity,BSE,511549,INE367A01015,X,Unclassified,,,,,61.58,,,,,,,,,,,,,,,,,0.1,
BSE:PROFINC,PRO FIN CAPITAL SERVICES LTD.,Equity,BSE,511557,INE732K01027,Z,Financial Services,Capital Markets,Micro,158.0,,2.66,,2.33,7.64,2.25,65.2,0.0,,,413.4,,,,,,,1086837.0,22.9,
BSE:CRESCENTIS,Crescentis Capital Limited,Equity,BSE,511571,INE754C01010,X,Unclassified,,,,,97.45,,,,,,,,,,,,,,,,,5.7,
BSE:MANTRA,Mantra Capital Limited,Equity,BSE,511577,INE304E01010,X,Unclassified,,,,,17.44,,,,,,,,,,,,,,,,,0.6,
BSE:LIBORDFIN,LIBORD FINANCE LTD,Equity,BSE,511593,INE212B01011,X,Unclassified,,,,,14.95,,,,,,,,,,,,,,,,,0.0,
BSE:YASHMGM,YASH MANAGEMENT & SATELLITE LT,Equity,BSE,511601,INE216B01012,X,Unclassified,,,,,10.14,,,,,,,,,,,,,,,,,0.2,
BSE:ISLCONSUL,ISL CONSULTING LTD.,Equity,BSE,511609,INE569B01022,X,Unclassified,,,,,11.94,,,,,,,,,,,,,,,,,0.0,
BSE:RRFIN,RR FINANCIAL CONSULTANTS LTD.,Equity,BSE,511626,INE229D01011,XT,Unclassified,,,,,62.0,,,,,,,,,,,,,,,,,0.1,
BSE:OMEGAIN,OMEGA INTERACTIVE TECHNOLOGIES,Equity,BSE,511644,INE113B01037,X,Unclassified,,,,,17.76,,,,,,,,,,,,,,,,,8.5,
BSE:SUGALDAM,SUGAL & DAMANI SHARE BROKERS L,Equity,BSE,511654,INE309D01011,X,Unclassified,,,,,67.45,,,,,,,,,,,,,,,,,0.1,
BSE:NETTLINX,NETTLINX LTD.,Equity,BSE,511658,INE027D01019,X,Unclassified,,,,,13.72,,,,,,,,,,,,,,,,,3.3,
BSE:BGIL,BGIL FILMS & TECHNOLOGIES LTD.,Equity,BSE,511664,INE443D01018,X,Unclassified,,,,,6.88,,,,,,,,,,,,,,,,,0.9,
BSE:AJCON,AJCON GLOBAL SERVICES LTD.,Equity,BSE,511692,INE759C01027,X,Unclassified,,,,,5.64,,,,,,,,,,,,,,,,,0.2,
BSE:CHRTEDCA,CHARTERED CAPITAL & INVESTMENT,Equity,BSE,511696,INE953B01010,X,Unclassified,,,,,250.0,,,,,,,,,,,,,,,,,0.2,
BSE:STANCAP,STANDARD CAPITAL MARKETS LTD.,Equity,BSE,511700,INE625D01028,X,Financial Services,Credit Services,Micro,76.0,,0.31,31.0,0.18,0.67,0.29,53.7,0.0,,,501.4,,,,,,,13128147.0,21.7,
BSE:CUBIFIN,CUBICAL FINANCIAL SERVICES LTD,Equity,BSE,511710,INE717D01023,XT,Unclassified,,,,,5.81,,,,,,,,,,,,,,,,,3.3,
BSE:RELICTEC,RELIC TECHNOLOGIES LTD.,Equity,BSE,511712,INE452B01013,X,Unclassified,,,,,71.99,,,,,,,,,,,,,,,,,0.1,
BSE:INVIGO,Invigorated Business Consultin,Equity,BSE,511716,INE359A01012,XT,Unclassified,,,,,8.55,,,,,,,,,,,,,,,,,0.8,
BSE:KZLFIN,K.Z.LEASING & FINANCE LTD.,Equity,BSE,511728,INE006C01015,X,Unclassified,,,,,15.5,,,,,,,,,,,,,,,,,0.2,
BSE:PASUFIN,PASUPATI FINCAP LTD.,Equity,BSE,511734,INE527C01010,XT,Unclassified,,,,,26.81,,,,,,,,,,,,,,,,,7.0,
BSE:MEHSECU,MEHTA SECURITIES LTD.,Equity,BSE,511738,INE241B01010,X,Unclassified,,,,,21.0,,,,,,,,,,,,,,,,,0.1,
BSE:RFL,RUPAREL FOOD PRODUCTS LIMITED,Equity,BSE,511740,INE239B01014,X,Unclassified,,,,,77.33,,,,,,,,,,,,,,,,,1.4,
BSE:ABIRAFN,ABIRAMI FINANCIAL SERVICES (IN,Equity,BSE,511756,INE195I01013,Z,Unclassified,,,,,34.5,,,,,,,,,,,,,,,,,0.0,
BSE:AASTAFIN,Aastamangalam Finance Limited,Equity,BSE,511764,INE819K01014,X,Unclassified,,,,,28.79,,,,,,,,,,,,,,,,,0.0,
BSE:SOBME,SOBHAGYA MERCHANTILE LTD.,Equity,BSE,512014,INE754D01018,X,Unclassified,,,,,1312.25,,,,,,,,,,,,,,,,,3.7,
BSE:TTGIL,TOMORROW TECHNOLOGIES GLOBAL I,Equity,BSE,512018,INE135H01029,X,Unclassified,,,,,7.83,,,,,,,,,,,,,,,,,1.3,
BSE:ASGARD,ASGARD ALCOBEV LIMITED,Equity,BSE,512025,INE767M01029,X,Fast Moving Consumer Goods,Beverages - Brewers,Micro,1059.0,,33.64,136.0,15.98,63.0,27.21,46.6,0.0,,,146.1,,,,,,,61791.0,15.5,
BSE:ROYALIND,ROYAL INDIA CORPORATION LIMITE,Equity,BSE,512047,INE510H01015,X,Unclassified,,,,,5.05,,,,,,,,,,,,,,,,,3.7,
BSE:DHANSAFAL,DHANSAFAL FINSERVE LIMITED,Equity,BSE,512048,INE195E01020,X,Unclassified,,,,,2.44,,,,,,,,,,,,,,,,,1.0,
BSE:TANDHANIN,TANDHAN INDUSTRIES LIMITED,Equity,BSE,512062,INE896J01014,XT,Unclassified,,,,,145.0,,,,,,,,,,,,,,,,,2.2,
BSE:VISVEN,VISHVPRABHA VENTURES LIMITED,Equity,BSE,512064,INE762D01011,X,Unclassified,,,,,37.27,,,,,,,,,,,,,,,,,0.0,
BSE:MRUTR,MRUGESH TRADING LTD.,Equity,BSE,512065,INE738D01029,XT,Unclassified,,,,,75.81,,,,,,,,,,,,,,,,,0.5,
BSE:CRANESSOFT,CRANES SOFTWARE INTERNATIONAL,Equity,BSE,512093,INE234B01023,Z,Information Technology,Software - Application,Micro,126.0,,6.55,,-0.1,7.08,3.04,7.5,0.0,,,,,,,,,,460598.0,111.4,
BSE:SAICOM,SAIANAND COMMERCIAL LIMITED,Equity,BSE,512097,INE092G01024,X,Unclassified,,,,,0.2,,,,,,,,,,,,,,,,,0.3,
BSE:EY,EYANTRA VENTURES LIMITED,Equity,BSE,512099,INE750G01019,XT,Unclassified,,,,,514.0,,,,,,,,,,,,,,,,,0.1,
BSE:NIDHGRN,NIDHI GRANITES LTD.,Equity,BSE,512103,INE276H01013,X,Unclassified,,,,,244.85,,,,,,,,,,,,,,,,,9.1,
BSE:AVIVA,AVIVA INDUSTRIES LTD.,Equity,BSE,512109,INE461H01011,X,Unclassified,,,,,64.19,,,,,,,,,,,,,,,,,0.0,
BSE:ROSEMER,ROSE MERC.LTD.,Equity,BSE,512115,INE649C01012,X,Unclassified,,,,,34.99,,,,,,,,,,,,,,,,,1.3,
BSE:CAPRICORN,CAPRICORN SYSTEMS GLOBAL SOLUT,Equity,BSE,512169,INE968E01012,XT,Information Technology,Software - Application,Micro,87.0,,31.26,130.2,3.18,32.51,9.41,3.8,0.0,,,,,,,,,,278212.0,35.2,
BSE:VAMA,VAMA INDUSTRIES LTD.,Equity,BSE,512175,INE685D01022,X,Unclassified,,,,,3.1,,,,,,,,,,,,,,,,,0.8,
BSE:SILVERO,SILVER OAK COMMERCIAL LTD.,Equity,BSE,512197,INE798C01017,Z,Unclassified,,,,,5.93,,,,,,,,,,,,,,,,,0.0,
BSE:PRISMMEDI,PRISM MEDICO AND PHARMACY LTD.,Equity,BSE,512217,INE730E01016,X,Unclassified,,,,,29.0,,,,,,,,,,,,,,,,,3.8,
BSE:VERITAS,VERITAS (INDIA) LTD.,Equity,BSE,512229,INE379J01029,XT,Unclassified,,,,,148.15,,,,,,,,,,,,,,,,,5.0,
BSE:ASHCAP,ASHIRWAD CAPITAL LTD.,Equity,BSE,512247,INE894A01026,X,Unclassified,,,,,2.51,,,,,,,,,,,,,,,,,1.3,
BSE:SVARTCORP,SWASTI VINAYAKA ART AND HERITA,Equity,BSE,512257,INE895A01023,X,Unclassified,,,,,3.24,,,,,,,,,,,,,,,,,0.4,
BSE:AUTOINT,AUTORIDERS INTERNATIONAL LTD.,Equity,BSE,512277,INE340U01010,X,Unclassified,,,,,250.0,,,,,,,,,,,,,,,,,2.7,
BSE:CHMBBRW,CHAMBAL BREWERIES & DISTILLERI,Equity,BSE,512301,INE417N01011,XT,Unclassified,,,,,39.32,,,,,,,,,,,,,,,,,2.8,
BSE:ARAVALIS,ARAVALI SECURITIES & FINANCE L,Equity,BSE,512344,INE068C01015,X,Unclassified,,,,,4.85,,,,,,,,,,,,,,,,,0.0,
BSE:LEXGLOBAL,LEXORA GLOBAL LIMITED,Equity,BSE,512345,INE745A01012,XT,Unclassified,,,,,101.95,,,,,,,,,,,,,,,,,1.0,
BSE:SWORDEDGE,SWORD-EDGE COMMERCIALS LIMITED,Equity,BSE,512359,INE093G01022,X,Unclassified,,,,,0.29,,,,,,,,,,,,,,,,,2.9,
BSE:CUPIDALBV,CUPID BREWERIES AND DISTILLERI,Equity,BSE,512361,INE108G01010,X,Fast Moving Consumer Goods,Beverages - Brewers,Micro,216.0,,23.65,,0.31,109.9,19.0,78.5,0.0,,,4.2,,,,,,,88547.0,11.5,
BSE:MAGANTR,MAGNANIMOUS TRADE & FINANCE LT,Equity,BSE,512377,INE664N01018,XT,Unclassified,,,,,0.26,,,,,,,,,,,,,,,,,0.0,
BSE:SERA,SERA INVESTMENTS & FINANCE IND,Equity,BSE,512399,INE017I01027,X,Financial Services,Credit Services,Micro,78.0,,58.64,3.8,1.36,61.9,31.31,5.3,0.1,0.17,,0.4,,,,,,,106542.0,126.4,
BSE:MERCTRD,MERCURY TRADE LINKS LTD.,Equity,BSE,512415,INE319T01016,X,Unclassified,,,,,3.61,,,,,,,,,,,,,,,,,1.3,
BSE:APOLLOFI,APOLLO FINVEST (INDIA) LTD.,Equity,BSE,512437,INE412D01013,XT,Unclassified,,,,,515.0,,,,,,,,,,,,,,,,,4.6,
BSE:ENBETRD,Enbee Trade &amp; Finance Ltd,Equity,BSE,512441,INE993I01029,X,Financial Services,Credit Services,Micro,18.0,,0.26,1.1,0.16,0.51,0.23,49.0,0.02,8.33,,59.0,,,,,,,8010477.0,15.5,
BSE:GANONPRO,Ganon Products Limited,Equity,BSE,512443,INE162L01017,X,Unclassified,,,,,6.39,,,,,,,,,,,,,,,,,9.4,
BSE:BETXIND,BETEX INDIA LTD.,Equity,BSE,512477,INE765L01017,X,Unclassified,,,,,500.0,,,,,,,,,,,,,,,,,0.3,
BSE:DHANCOT,DHANLAXMI COTEX LTD.,Equity,BSE,512485,INE977F01010,XT,Unclassified,,,,,128.3,,,,,,,,,,,,,,,,,0.0,
BSE:OASISEC,OASIS SECURITIES LTD.,Equity,BSE,512489,INE876A01023,XT,Unclassified,,,,,13.94,,,,,,,,,,,,,,,,,2.3,
BSE:GARNETINT,GARNET INTERNATIONAL LTD.,Equity,BSE,512493,INE590B01010,X,Unclassified,,,,,49.87,,,,,,,,,,,,,,,,,1.3,
BSE:SHALPRO,SHALIMAR PRODUCTIONS LTD.,Equity,BSE,512499,INE435E01020,XT,Unclassified,,,,,0.24,,,,,,,,,,,,,,,,,2.0,
BSE:SUPER,SUPER SALES INDIA LTD.,Equity,BSE,512527,INE091C01017,XT,Unclassified,,,,,1078.15,,,,,,,,,,,,,,,,,1.4,
BSE:ZODJRDMKJ,ZODIAC-JRD-MKJ LTD.,Equity,BSE,512587,INE077B01018,X,Unclassified,,,,,32.19,,,,,,,,,,,,,,,,,0.9,
BSE:SITAENT,SITA ENTERPRISES LTD.,Equity,BSE,512589,INE579D01019,X,Unclassified,,,,,139.95,,,,,,,,,,,,,,,,,6.7,
BSE:PULSRIN,PULSAR INTERNATIONAL LTD.,Equity,BSE,512591,INE183U01022,X,Unclassified,,,,,0.39,,,,,,,,,,,,,,,,,9.3,
BSE:ASTALLTD,ASTAL LABORATORIES LIMITED,Equity,BSE,512600,INE307N01014,X,Unclassified,,,,,69.54,,,,,,,,,,,,,,,,,1.9,
BSE:RLF,RLF LTD.,Equity,BSE,512618,INE629C01014,X,Unclassified,,,,,9.49,,,,,,,,,,,,,,,,,0.0,
BSE:REGENTRP,Regent Enterprises Limited,Equity,BSE,512624,INE769D01016,X,Unclassified,,,,,5.19,,,,,,,,,,,,,,,,,1.4,
BSE:SAVERA,SAVERA INDUSTRIES LTD.,Equity,BSE,512634,INE104E01014,X,Unclassified,,,,,160.1,,,,,,,,,,,,,,,,,8.2,
BSE:CHROME,Chrome Silicon Limited,Equity,BSE,513005,INE114E01013,X,Unclassified,,,,,39.73,,,,,,,,,,,,,,,,,0.0,
BSE:REMIEDEL,REMI EDELSTAHL TUBULARS LIMITE,Equity,BSE,513043,INE158G01015,X,Materials,Steel,Micro,286.0,,210.15,91.4,3.87,272.5,118.4,22.9,0.0,,,75.7,,,,,,,5431.0,11.1,
BSE:GSAUTO,G.S.AUTO INTERNATIONAL LTD.,Equity,BSE,513059,INE736H01024,XT,Unclassified,,,,,17.9,,,,,,,,,,,,,,,,,1.7,
BSE:TRANSFRE,TRANS-FREIGHT CONTAINERS LTD.,Equity,BSE,513063,INE360D01014,X,Unclassified,,,,,17.98,,,,,,,,,,,,,,,,,0.7,
BSE:AMFORG,AMFORGE INDUSTRIES LTD.,Equity,BSE,513117,INE991A01020,X,Unclassified,,,,,5.88,,,,,,,,,,,,,,,,,0.0,
BSE:JAYUSH,JAY USHIN LTD.,Equity,BSE,513252,INE289D01015,X,Unclassified,,,,,775.6,,,,,,,,,,,,,,,,,8.8,
BSE:IMEC,IMEC SERVICES LIMITED,Equity,BSE,513295,INE611C01020,X,Unclassified,,,,,88.39,,,,,,,,,,,,,,,,,0.9,
BSE:MDRNSTL,MODERN STEELS LTD.,Equity,BSE,513303,INE001F01019,X,Unclassified,,,,,14.14,,,,,,,,,,,,,,,,,0.5,
BSE:BELDING,BELDING INDIA LIMITED,Equity,BSE,513307,INE363L01045,B,Materials,Aluminum,Micro,1314.0,,898.25,,1.25,2400.0,841.7,62.6,0.0,,,3.7,,,,,,,41728.0,773.6,
BSE:GUJTLRM,GUJARAT TOOLROOM LTD.,Equity,BSE,513337,INE145J01032,B,Unclassified,,,,,0.41,,,,,,,,,,,,,,,,,9.7,
BSE:COCHINM,COCHIN MINERALS & RUTILE LTD.,Equity,BSE,513353,INE105D01013,X,Materials,Other Industrial Metals & Mining,Micro,233.0,,293.4,10.8,1.35,330.0,197.1,11.1,8.0,2.73,,3.6,,,,,,,12164.0,10.9,
BSE:INDIAHOMES,India Homes Limited,Equity,BSE,513361,INE072A01029,X,Materials,Steel,Micro,1059.0,,26.61,44.4,23.7,31.89,9.04,16.6,0.0,,,350.1,,,,,,,903034.0,148.0,
BSE:KVFORGE,KRISHANVEER FORGE LIMITED,Equity,BSE,513369,INE013J01016,XT,Unclassified,,,,,135.5,,,,,,,,,,,,,,,,,0.7,
BSE:VALLABHSQ,VALLABH STEELS LTD.,Equity,BSE,513397,INE457E01016,XT,Unclassified,,,,,8.6,,,,,,,,,,,,,,,,,0.0,
BSE:SMFIL,SMITHS & FOUNDERS (INDIA) LIMI,Equity,BSE,513418,INE728B01032,XT,Unclassified,,,,,8.91,,,,,,,,,,,,,,,,,2.6,
BSE:MAITRI,Maitri Enterprises Limited,Equity,BSE,513430,INE501L01024,X,Unclassified,,,,,37.5,,,,,,,,,,,,,,,,,0.0,
BSE:KANSHST,KANISHK STEEL INDUSTRIES LTD.,Equity,BSE,513456,INE791E01018,X,Unclassified,,,,,42.66,,,,,,,,,,,,,,,,,0.3,
BSE:MAHALXSE,MAHALAXMI SEAMLESS LTD.,Equity,BSE,513460,INE257F01017,Z,Unclassified,,,,,9.95,,,,,,,,,,,,,,,,,0.2,
BSE:SIMPLEXCAS,SIMPLEX CASTINGS LTD.,Equity,BSE,513472,INE658D01029,X,Capital Goods,Metal Fabrication,Micro,530.0,,129.2,22.7,4.29,146.5,77.78,11.8,0.0,,,44.2,,,,,,,307950.0,296.4,
BSE:SSWRL,SHREE STEEL WIRE ROPES LTD.,Equity,BSE,513488,INE387D01025,XT,Unclassified,,,,,23.5,,,,,,,,,,,,,,,,,0.1,
BSE:SIZEMASTER,SIZEMASTERS TECHNOLOGY LIMITED,Equity,BSE,513496,INE235U01012,XT,Unclassified,,,,,418.6,,,,,,,,,,,,,,,,,8.6,
BSE:SOUTHMG,SOUTHERN MAGNESIUM & CHEMICALS,Equity,BSE,513498,INE308N01012,X,Unclassified,,,,,77.19,,,,,,,,,,,,,,,,,0.2,
BSE:BAROEXT,BARODA EXTRUSION LTD.,Equity,BSE,513502,INE927K01023,X,Materials,Copper,Micro,176.0,,9.18,20.1,6.38,13.93,6.72,34.1,0.0,,,22.4,,,,,,,184818.0,22.3,
BSE:GUJCONT,GUJARAT CONTAINERS LTD.,Equity,BSE,513507,INE276I01011,P,Unclassified,,,,,171.2,,,,,,,,,,,,,,,,,3.4,
BSE:ADITYA,ADITYA ISPAT LTD.,Equity,BSE,513513,INE570B01012,X,Unclassified,,,,,8.1,,,,,,,,,,,,,,,,,0.1,
BSE:GLITTEKG,GLITTEK GRANITES LTD.,Equity,BSE,513528,INE741B01027,XT,Unclassified,,,,,79.87,,,,,,,,,,,,,,,,,8.6,
BSE:MSCTC,MARDIA SAMYOUNG CAPILLARY TUBE,Equity,BSE,513544,INE277E01026,XT,Unclassified,,,,,50.94,,,,,,,,,,,,,,,,,0.0,
BSE:SHRDAIS,SHARDA ISPAT LTD.,Equity,BSE,513548,INE385M01012,X,Unclassified,,,,,163.0,,,,,,,,,,,,,,,,,0.0,
BSE:NOVIS,NOVA IRON & STEEL LTD.,Equity,BSE,513566,INE608C01026,XT,Unclassified,,,,,12.75,,,,,,,,,,,,,,,,,0.3,
BSE:STERPOW,STERLING POWERGENSYS LTD,Equity,BSE,513575,INE067E01013,X,Unclassified,,,,,22.82,,,,,,,,,,,,,,,,,0.8,
BSE:TULSYAN,TULSYAN NEC LTD.,Equity,BSE,513629,INE463D01016,X,Unclassified,,,,,28.63,,,,,,,,,,,,,,,,,0.5,
BSE:AXELPOLY,AXEL POLYMERS LTD.,Equity,BSE,513642,INE197C01012,X,Unclassified,,,,,43.69,,,,,,,,,,,,,,,,,0.3,
BSE:SPECTRA,SPECTRA INDUSTRIES LTD.,Equity,BSE,513687,INE848B01012,Z,Unclassified,,,,,3.92,,,,,,,,,,,,,,,,,0.0,
BSE:KAJARIR,KIC METALIKS LTD.,Equity,BSE,513693,INE434C01027,X,Unclassified,,,,,29.14,,,,,,,,,,,,,,,,,0.5,
BSE:SOLIDSTON,SOLID STONE COMPANY LTD.,Equity,BSE,513699,INE584G01012,X,Unclassified,,,,,26.0,,,,,,,,,,,,,,,,,0.1,
BSE:WHITEORG,White Organic Agro Limited,Equity,BSE,513713,INE146C01019,X,Unclassified,,,,,3.49,,,,,,,,,,,,,,,,,5.6,
BSE:MFSINTRCRP,MFS INTERCORP LTD.,Equity,BSE,513721,INE614F01019,X,Unclassified,,,,,12.69,,,,,,,,,,,,,,,,,0.1,
BSE:RUDRAECO,RUDRA ECOVATION LIMITED,Equity,BSE,514010,INE723D01021,XT,Unclassified,,,,,22.35,,,,,,,,,,,,,,,,,9.1,
BSE:RAJKSYN,RAJKAMAL SYNTHETICS LTD.,Equity,BSE,514028,INE376L01013,X,Unclassified,,,,,20.98,,,,,,,,,,,,,,,,,0.0,
BSE:DEEPAKSP,DEEPAK SPINNERS LTD.,Equity,BSE,514030,INE272C01013,X,Unclassified,,,,,147.4,,,,,,,,,,,,,,,,,5.9,
BSE:NEWTRAC,NEWTRAC FOODS & BEVERAGES LIMI,Equity,BSE,514060,INE229N01010,XT,Unclassified,,,,,4.54,,,,,,,,,,,,,,,,,2.2,
BSE:ADINATH,ADINATH TEXTILES LTD.,Equity,BSE,514113,INE207C01019,X,Unclassified,,,,,22.5,,,,,,,,,,,,,,,,,0.0,
BSE:INDIANACRY,INDIAN ACRYLICS LTD.,Equity,BSE,514165,INE862B01013,X,Unclassified,,,,,5.65,,,,,,,,,,,,,,,,,1.8,
BSE:CEETAIN,CEETA INDUSTRIES LTD.,Equity,BSE,514171,INE760J01012,X,Unclassified,,,,,37.8,,,,,,,,,,,,,,,,,0.0,
BSE:IMPERA,IMPERA WORLDWIDE LIMITED,Equity,BSE,514177,INE351D01013,XT,Unclassified,,,,,68.5,,,,,,,,,,,,,,,,,0.0,
BSE:STCORP,S&T CORPORATION LTD.,Equity,BSE,514197,INE110Q01023,X,Unclassified,,,,,3.91,,,,,,,,,,,,,,,,,0.1,
BSE:RAMGOPOLY,RAMGOPAL POLYTEX LTD.,Equity,BSE,514223,INE410D01017,XT,Unclassified,,,,,29.99,,,,,,,,,,,,,,,,,0.1,
BSE:MKVENTURES,MKVENTURES CAPITAL LIMITED,Equity,BSE,514238,INE874A01010,X,Unclassified,,,,,1044.8,,,,,,,,,,,,,,,,,6.7,
BSE:KUSHIND,Kush Industries Limited,Equity,BSE,514240,INE979D01011,X,Unclassified,,,,,5.91,,,,,,,,,,,,,,,,,0.2,
BSE:SRECR,SREECHEM RESINS LTD.,Equity,BSE,514248,INE377C01010,P,Unclassified,,,,,27.67,,,,,,,,,,,,,,,,,0.0,
BSE:SURBHIN,SURBHI INDUSTRIES LTD.,Equity,BSE,514260,INE899E01019,XT,Unclassified,,,,,90.0,,,,,,,,,,,,,,,,,1.1,
BSE:SEASONST,SEASONS TEXTILES LTD.,Equity,BSE,514264,INE707B01010,X,Unclassified,,,,,17.49,,,,,,,,,,,,,,,,,0.0,
BSE:ZENIFIB,ZENITH FIBRES LTD.,Equity,BSE,514266,INE106C01013,X,Unclassified,,,,,63.47,,,,,,,,,,,,,,,,,8.6,
BSE:BHILSPIN,BHILWARA SPINNERS LTD.,Equity,BSE,514272,INE436C01014,X,Unclassified,,,,,124.3,,,,,,,,,,,,,,,,,1.4,
BSE:SANTETX,SANRHEA TECHNICAL TEXTILES LTD,Equity,BSE,514280,INE589J01015,X,Unclassified,,,,,149.55,,,,,,,,,,,,,,,,,2.5,
BSE:VIPPYSP,VIPPY SPINPRO LTD.,Equity,BSE,514302,INE660D01017,X,Unclassified,,,,,181.7,,,,,,,,,,,,,,,,,1.1,
BSE:JAIHIND,JAIHIND INDUSTRIES LIMITED,Equity,BSE,514312,INE156E01014,X,Unclassified,,,,,46.75,,,,,,,,,,,,,,,,,1.4,
BSE:RAGHUSYN,RAGHUVIR SYNTHETICS LTD.,Equity,BSE,514316,INE969C01022,X,Unclassified,,,,,78.35,,,,,,,,,,,,,,,,,6.0,
BSE:JATTAINDUS,JATTASHANKAR INDUSTIES LTD.,Equity,BSE,514318,INE722N01014,X,Unclassified,,,,,594.45,,,,,,,,,,,,,,,,,0.9,
BSE:OMNITEX,OMNITEX INDUSTRIES (INDIA) LTD,Equity,BSE,514324,INE814D01010,X,Unclassified,,,,,744.7,,,,,,,,,,,,,,,,,8.9,
BSE:PATSPINLTD,PATSPIN INDIA LTD.,Equity,BSE,514326,INE790C01014,X,Unclassified,,,,,6.06,,,,,,,,,,,,,,,,,0.5,
BSE:NEOINFRA,NEO INFRACON LTD.,Equity,BSE,514332,INE216I01017,X,Unclassified,,,,,42.75,,,,,,,,,,,,,,,,,0.1,
BSE:CCME,CCME GLOBAL LIMITED,Equity,BSE,514336,INE194N01016,XT,Unclassified,,,,,41.51,,,,,,,,,,,,,,,,,0.0,
BSE:EVERFIN,EVERLON FINANCIALS LIMITED,Equity,BSE,514358,INE339D01034,X,Unclassified,,,,,109.1,,,,,,,,,,,,,,,,,0.0,
BSE:KRRAIL,K&R RAIL ENGINEERING LIMITED,Equity,BSE,514360,INE078T01026,X,Capital Goods,Railroads,Micro,74.0,,17.7,,1.25,47.99,16.85,63.1,0.0,,-20.4,,,,,,,,74825.0,11.3,
BSE:YARNSYN,YARN SYNDICATE LTD.,Equity,BSE,514378,INE564C01013,X,Unclassified,,,,,12.94,,,,,,,,,,,,,,,,,0.2,
BSE:GUJCOTEX,GUJARAT COTEX LTD.,Equity,BSE,514386,INE004C01028,X,Consumer Discretionary,Textile Manufacturing,Micro,23.0,,2.43,,0.52,13.07,2.34,81.4,0.0,,,6.4,,,,,,,1103815.0,48.6,
BSE:GARWSYN,GARWARE SYNTHETICS LTD.,Equity,BSE,514400,INE340D01016,X,Unclassified,,,,,19.02,,,,,,,,,,,,,,,,,0.3,
BSE:ECOHOTELS,ECO HOTELS AND RESORTS LIMITED,Equity,BSE,514402,INE638N01012,X,Unclassified,,,,,10.72,,,,,,,,,,,,,,,,,0.6,
BSE:OXFORDIN,OXFORD INDUSTRIES LTD.,Equity,BSE,514414,INE114D01015,XT,Unclassified,,,,,12.47,,,,,,,,,,,,,,,,,0.0,
BSE:BPAGRI,Blue Pearl Agriventures Limite,Equity,BSE,514440,INE439N01031,B,Unclassified,,,,,7.02,,,,,,,,,,,,,,,,,6.2,
BSE:SOUTLAT,SOUTHERN LATEX LTD.,Equity,BSE,514454,INE410M01018,XT,Unclassified,,,,,30.0,,,,,,,,,,,,,,,,,0.0,
BSE:WINSOMTX,WINSOME TEXTILE INDUSTRIES LTD,Equity,BSE,514470,INE837B01031,X,Consumer Discretionary,Textile Manufacturing,Micro,156.0,,78.1,33.4,0.42,105.4,58.01,25.9,0.0,,,85.7,,,,,,,14725.0,53.5,
BSE:MODINSU,MODERN INSULATORS LTD.,Equity,BSE,515008,INE219W01012,T,Information Technology,Electronic Components,Micro,2013.0,,423.4,21.4,3.71,579.0,122.25,26.9,0.0,,,12.5,,,,,,,43543.0,90.5,
BSE:MADHUDIN,MADHUSUDAN INDUSTRIES LTD.,Equity,BSE,515059,INE469C01023,X,Unclassified,,,,,33.11,,,,,,,,,,,,,,,,,0.2,
BSE:RESTILE,RESTILE CERAMICS LTD.,Equity,BSE,515085,INE298E01022,X,Unclassified,,,,,7.53,,,,,,,,,,,,,,,,,6.7,
BSE:DUROPLY,DUROPLY INDUSTRIES LIMITED,Equity,BSE,516003,INE932D01010,X,Unclassified,,,,,97.1,,,,,,,,,,,,,,,,,2.5,
BSE:AGIOPAPER,AGIO PAPER & INDUSTRIES LTD.,Equity,BSE,516020,INE112C01011,X,Unclassified,,,,,3.7,,,,,,,,,,,,,,,,,0.0,
BSE:TAHMARENT,TAHMAR ENTERPRISES LIMITED,Equity,BSE,516032,INE385D01029,X,Unclassified,,,,,4.06,,,,,,,,,,,,,,,,,3.3,
BSE:KSSMART,KS Smart Technologies Limited,Equity,BSE,516038,INE737E01011,B,Unclassified,,,,,90.0,,,,,,,,,,,,,,,,,6.1,
BSE:NATPLY,NATIONAL PLYWOOD INDUSTRIES LT,Equity,BSE,516062,INE497C01016,Z,Unclassified,,,,,2.63,,,,,,,,,,,,,,,,,0.0,
BSE:JUMBO,JUMBO BAG LTD.,Equity,BSE,516078,INE699D01015,XT,Consumer Discretionary,Packaging & Containers,Micro,75.0,,92.6,6.6,1.66,105.0,49.06,11.8,0.0,,,86.5,,,,,,,10818.0,10.1,
BSE:SANPA,SANGAL PAPERS LTD.,Equity,BSE,516096,INE384D01022,X,Unclassified,,,,,192.0,,,,,,,,,,,,,,,,,2.4,
BSE:VENTURA,VENTURA TEXTILES LTD.,Equity,BSE,516098,INE810C01044,X,Unclassified,,,,,8.06,,,,,,,,,,,,,,,,,0.0,
BSE:SHKARTP,SHREE KARTHIK PAPERS LTD.,Equity,BSE,516106,INE538D01015,X,Unclassified,,,,,7.65,,,,,,,,,,,,,,,,,0.2,
BSE:STHINPA,SOUTH INDIA PAPER MILLS LTD.,Equity,BSE,516108,INE088G01014,X,Materials,Paper & Paper Products,Micro,221.0,,118.0,15.0,0.99,136.0,65.1,13.2,0.0,,,70.1,,,,,,,15641.0,10.3,
BSE:FAMILYCARE,FAMILY CARE HOSPITALS LIMITED,Equity,BSE,516110,INE146N01016,X,Unclassified,,,,,1.76,,,,,,,,,,,,,,,,,1.9,
BSE:JETKINGQ,JETKING INFOTRAIN LTD.,Equity,BSE,517063,INE919C01019,X,Unclassified,,,,,120.1,,,,,,,,,,,,,,,,,8.2,
BSE:APLAB,APLAB LTD.,Equity,BSE,517096,INE273A01015,X,Unclassified,,,,,71.81,,,,,,,,,,,,,,,,,1.7,
BSE:PCS,PCS TECHNOLOGY LTD.,Equity,BSE,517119,INE834B01012,X,Unclassified,,,,,22.43,,,,,,,,,,,,,,,,,1.2,
BSE:EDVENSWA,Edvenswa Enterprises Limited,Equity,BSE,517170,INE125G01014,X,Unclassified,,,,,21.97,,,,,,,,,,,,,,,,,1.8,
BSE:PERVASIVE,Pervasive Commodities Limited,Equity,BSE,517172,INE443P01038,XT,Unclassified,,,,,12.1,,,,,,,,,,,,,,,,,0.0,
BSE:SWITCHTE,SWITCHING TECHNOLOGIES GUNTHER,Equity,BSE,517201,INE311D01017,XT,Capital Goods,Electrical Equipment & Parts,Micro,40.0,,165.0,6.2,-6.88,166.65,40.0,1.0,0.0,,,,,,,,,,5801.0,11.2,
BSE:AURIQUE,AURIQUE LIMITED,Equity,BSE,517230,INE766A01026,XT,Unclassified,,,,,39.16,,,,,,,,,,,,,,,,,0.0,
BSE:CALCOM,CALCOM VISION LTD.,Equity,BSE,517236,INE216C01010,X,Unclassified,,,,,64.0,,,,,,,,,,,,,,,,,1.9,
BSE:DYNAVSN,DYNAVISION LTD.,Equity,BSE,517238,INE083E01010,X,Unclassified,,,,,239.6,,,,,,,,,,,,,,,,,0.3,
BSE:BCCFUBA,BCC FUBA INDIA LTD.,Equity,BSE,517246,INE788D01016,XT,Information Technology,Electronic Components,Micro,632.0,,317.55,71.4,15.0,319.5,102.0,0.6,0.0,,,39.9,,,,,,,39036.0,162.8,
BSE:PRECISIO,PRECISION ELECTRONICS LTD.,Equity,BSE,517258,INE143C01024,XT,Unclassified,,,,,191.0,,,,,,,,,,,,,,,,,0.4,
BSE:FINELINE,FINE-LINE CIRCUITS LTD.,Equity,BSE,517264,INE087E01011,X,Unclassified,,,,,62.69,,,,,,,,,,,,,,,,,0.8,
BSE:RNITAI,RNIT AI SOLUTIONS LIMITED,Equity,BSE,517286,INE335Q01026,XT,Consumer Discretionary,"Furnishings, Fixtures & Appliances",Micro,949.0,,111.95,70.0,2.52,130.2,37.0,14.0,0.0,,11.4,12.6,,,,,,,153124.0,208.1,
BSE:GUJARATPOLY,Gujarat Poly Electronics Limit,Equity,BSE,517288,INE541F01022,X,Unclassified,,,,,56.94,,,,,,,,,,,,,,,,,0.4,
BSE:MAGNUS,MAGNUS STEEL AND INFRA LIMITED,Equity,BSE,517320,INE898E01011,XT,Unclassified,,,,,31.81,,,,,,,,,,,,,,,,,2.4,
BSE:MODMA,MODERN MALLEABLES LTD.,Equity,BSE,517336,INE834C01028,P,Unclassified,,,,,34.0,,,,,,,,,,,,,,,,,0.2,
BSE:ACIIN,ACI INFOCOM LTD.,Equity,BSE,517356,INE167B01025,XT,Unclassified,,,,,2.52,,,,,,,,,,,,,,,,,4.7,
BSE:SBECSYS,SBEC SYSTEMS (INDIA) LTD.,Equity,BSE,517360,INE689V01018,X,Unclassified,,,,,19.0,,,,,,,,,,,,,,,,,0.1,
BSE:INCAP,INCAP LTD.,Equity,BSE,517370,INE437C01012,X,Unclassified,,,,,78.5,,,,,,,,,,,,,,,,,0.2,
BSE:GUJINTRX,GUJARAT INTRUX LTD.,Equity,BSE,517372,INE877E01015,X,Unclassified,,,,,426.2,,,,,,,,,,,,,,,,,8.0,
BSE:REGANTO,REGANTO ENTERPRISES LIMITED,Equity,BSE,517393,INE043B01028,Z,Unclassified,,,,,3.57,,,,,,,,,,,,,,,,,5.6,
BSE:PANELEC,PAN ELECTRONICS INDIA LTD.,Equity,BSE,517397,INE648E01010,X,Unclassified,,,,,25.26,,,,,,,,,,,,,,,,,0.0,
BSE:VXLINSTR,VXL INSTRUMENTS LTD.,Equity,BSE,517399,INE756A01019,XT,Unclassified,,,,,5.47,,,,,,,,,,,,,,,,,2.1,
BSE:PATELSAI,PATELS AIRTEMP (INDIA) LTD.,Equity,BSE,517417,INE082C01024,XT,Capital Goods,Specialty Industrial Machinery,Micro,202.0,,367.6,29.5,1.22,437.15,180.1,15.9,3.0,0.82,,53.1,,,,,,,14882.0,29.2,
BSE:ATHENAGLO,Athena Global Technologies Lim,Equity,BSE,517429,INE576B01019,X,Unclassified,,,,,55.0,,,,,,,,,,,,,,,,,0.0,
BSE:NARMP,NARMADA MACPLAST DRIP IRRIGATI,Equity,BSE,517431,INE060D01028,X,Capital Goods,Farm & Heavy Construction Machinery,Micro,82.0,,22.55,126.3,8.76,34.55,14.56,34.7,0.02,0.09,,0.5,,,,,,,65354.0,18.4,
BSE:DUTRON,DUTRON POLYMERS LTD.,Equity,BSE,517437,INE940C01015,X,Unclassified,,,,,103.0,,,,,,,,,,,,,,,,,0.0,
BSE:MAGNAELQ,MAGNA ELECTRO CASTINGS LTD.,Equity,BSE,517449,INE437D01010,X,Capital Goods,Metal Fabrication,Micro,550.0,,1300.35,35.5,3.79,1600.0,706.0,18.7,5.0,0.38,,10.3,,,,,,,2606.0,35.6,
BSE:ELNET,ELNET TECHNOLOGIES LTD.,Equity,BSE,517477,INE033C01019,X,Unclassified,,,,,298.0,,,,,,,,,,,,,,,,,7.3,
BSE:ACCEL,ACCEL LIMITED,Equity,BSE,517494,INE258C01038,X,Unclassified,,,,,12.0,,,,,,,,,,,,,,,,,0.4,
BSE:DHINDIA,D&H INDIA LTD,Equity,BSE,517514,INE589D01018,X,Unclassified,,,,,200.1,,,,,,,,,,,,,,,,,9.7,
BSE:ALFATRAN,ALFA TRANSFORMERS LTD.,Equity,BSE,517546,INE209C01015,X,Unclassified,,,,,37.95,,,,,,,,,,,,,,,,,3.8,
BSE:NHCFOODS,NHC FOODS LTD.,Equity,BSE,517554,INE141C01036,XT,Fast Moving Consumer Goods,Packaged Foods,Micro,168.0,,1.78,4.8,0.58,2.84,0.62,37.3,0.0,,,28.8,,,,,,,10144171.0,226.0,
BSE:KEERTHI,KEERTHI INDUSTRIES LTD.,Equity,BSE,518011,INE145L01012,X,Unclassified,,,,,40.4,,,,,,,,,,,,,,,,,1.0,
BSE:SRICC,Sri Chakra Cement Limited,Equity,BSE,518053,INE827D01020,X,Unclassified,,,,,32.82,,,,,,,,,,,,,,,,,0.2,
BSE:SURAJ,SURAJ PRODUCTS LTD.,Equity,BSE,518075,INE069E01019,X,Materials,Steel,Micro,283.0,,248.0,13.6,1.7,444.7,156.2,44.2,2.25,0.91,,4.0,,,,,,,3324.0,16.3,
BSE:PRSNTIN,PRASHANT INDIA LTD.,Equity,BSE,519014,INE100E01012,X,Unclassified,,,,,15.0,,,,,,,,,,,,,,,,,0.0,
BSE:SHAHFOOD,SHAH FOODS LTD.,Equity,BSE,519031,INE455D01012,XT,Unclassified,,,,,328.7,,,,,,,,,,,,,,,,,1.4,
BSE:RITESHIN,RITESH INTERNATIONAL LTD.,Equity,BSE,519097,INE534D01014,XT,Unclassified,,,,,86.35,,,,,,,,,,,,,,,,,5.3,
BSE:RGRL,Retro Green Revolution Limited,Equity,BSE,519191,INE601N01010,Z,Unclassified,,,,,1.24,,,,,,,,,,,,,,,,,0.2,
BSE:WILLIMFI,WILLIAMSON FINANCIAL SERVICES,Equity,BSE,519214,INE188E01017,X,Unclassified,,,,,4.05,,,,,,,,,,,,,,,,,0.0,
BSE:AJANTSOY,AJANTA SOYA LTD.,Equity,BSE,519216,INE601B01023,X,Fast Moving Consumer Goods,Packaged Foods,Micro,175.0,,21.46,12.2,1.03,37.69,16.0,43.1,0.0,,,4.9,,,,,,,41895.0,13.4,
BSE:KISAAN,KISAAN PARIVAR INDUSTRIES LIMI,Equity,BSE,519230,INE102C01020,X,Unclassified,,,,,9.77,,,,,,,,,,,,,,,,,0.3,
BSE:SPTRSHI,SAPTARISHI AGRO INDUSTRIES LTD,Equity,BSE,519238,INE233P01017,XT,Unclassified,,,,,30.2,,,,,,,,,,,,,,,,,0.8,
BSE:FRESITA,FRESITA PROTEINS LIMITED,Equity,BSE,519242,INE995U01011,XT,Unclassified,,,,,142.3,,,157.2,142.3,9.5,,,,,,,,,,,,36.2,
BSE:PRIMAGR,PRIMA AGRO LTD.,Equity,BSE,519262,INE297D01018,X,Unclassified,,,,,15.6,,,,,,,,,,,,,,,,,0.0,
BSE:MODAIRY,MODERN DAIRIES LTD.,Equity,BSE,519287,INE617B01011,XT,Fast Moving Consumer Goods,Packaged Foods,Micro,173.0,,53.96,28.3,2.88,54.48,26.56,1.0,0.0,,,20.9,,,,,,,40071.0,61.1,
BSE:BAMBINO,BAMBINO AGRO INDUSTRIES LTD.,Equity,BSE,519295,INE921D01013,X,Unclassified,,,,,248.9,,,,,,,,,,,,,,,,,5.6,
BSE:PRIMIND,PRIME INDUSTRIES LTD.,Equity,BSE,519299,INE543F01028,XT,Realty,Real Estate Services,Micro,220.0,,92.65,21.9,3.05,92.65,22.1,0.0,0.0,,,101.5,,,,,,,93757.0,537.2,
BSE:VIKASWSP,VIKAS WSP LTD.,Equity,BSE,519307,INE706A01022,Z,Unclassified,,,,,0.81,,,,,,,,,,,,,,,,,2.2,
BSE:VSFPROJ,VSF PROJECTS LTD.,Equity,BSE,519331,INE923K01014,X,Unclassified,,,,,33.27,,,,,,,,,,,,,,,,,1.4,
BSE:POONADAL,POONA DAL & OIL INDUSTRIES LTD,Equity,BSE,519359,INE809E01018,X,Unclassified,,,,,58.0,,,,,,,,,,,,,,,,,0.2,
BSE:TRANSFD,TRANSGLOBE FOODS LTD.,Equity,BSE,519367,INE213P01027,X,Unclassified,,,,,425.0,,,,,,,,,,,,,,,,,0.2,
BSE:VIRATCRA,VIRAT CRANE INDUSTRIES LTD.,Equity,BSE,519457,INE295C01014,X,Unclassified,,,,,34.99,,,,,,,,,,,,,,,,,0.7,
BSE:IBINFO,IB INFOTECH ENTERPRISES LTD.,Equity,BSE,519463,INE678B01039,X,Unclassified,,,,,31.75,,,,,,,,,,,,,,,,,0.6,
BSE:AMBARPIL,Ambar Protein Industries Limit,Equity,BSE,519471,INE072V01017,XT,Unclassified,,,,,195.0,,,,,,,,,,,,,,,,,0.1,
BSE:CIANAGRO,CIAN Agro Ind & Infra Ltd,Equity,BSE,519477,INE052V01019,B,Fast Moving Consumer Goods,Packaged Foods,Micro,2843.0,,1015.75,8.9,1.32,3633.15,643.6,72.0,0.0,,,53.8,,,,,,,49813.0,999.0,
BSE:OMEAG,OMEGA AG-SEEDS (PUNJAB) LTD.,Equity,BSE,519479,INE112B01013,X,Unclassified,,,,,9.04,,,,,,,,,,,,,,,,,0.0,
BSE:TAIIND,TAI INDUSTRIES LTD.,Equity,BSE,519483,INE358D01018,X,Unclassified,,,,,25.67,,,,,,,,,,,,,,,,,0.3,
BSE:BKV,BKV INDUSTRIES LTD.,Equity,BSE,519500,INE356C01022,X,Unclassified,,,,,8.57,,,,,,,,,,,,,,,,,0.1,
BSE:NCCBLUE,NCC BLUE WATER PRODUCTS LTD.,Equity,BSE,519506,INE630N01019,P,Unclassified,,,,,26.0,,,,,,,,,,,,,,,,,0.5,
BSE:SIMRAN,SIMRAN FARMS LTD.,Equity,BSE,519566,INE354D01017,X,Unclassified,,,,,171.1,,,,,,,,,,,,,,,,,3.7,
BSE:HINDUST,HINDUSTAN AGRIGENETICS LTD.,Equity,BSE,519574,INE092301014,X,Unclassified,,,,,37.3,,,,,,,,,,,,,,,,,0.7,
BSE:SURFI,SURYO FOODS & INDUSTRIES LTD.,Equity,BSE,519604,INE565E01016,X,Unclassified,,,,,19.09,,,,,,,,,,,,,,,,,0.1,
BSE:INTEGFD,INTEGRATED PROTEINS LTD.,Equity,BSE,519606,INE177M01021,XT,Unclassified,,,,,12.94,,,,,,,,,,,,,,,,,3.0,
BSE:LAKESHORE,LAKE SHORE REALTY LIMITED,Equity,BSE,519612,INE734D01010,X,Unclassified,,,,,62.38,,,,,,,,,,,,,,,,,0.1,
BSE:SAMKRG,SAMKRG PISTONS & RINGS LTD.,Equity,BSE,520075,INE706B01012,X,Unclassified,,,,,110.95,,,,,,,,,,,,,,,,,1.4,
BSE:ARCEEIN,ARCEE INDUSTRIES LTD.,Equity,BSE,520121,INE276D01012,X,Unclassified,,,,,13.34,,,,,,,,,,,,,,,,,0.3,
BSE:ABCINDQ,ABC INDIA LTD.,Equity,BSE,520123,INE125D01011,X,Unclassified,,,,,62.0,,,,,,,,,,,,,,,,,0.2,
BSE:BALTE,BALURGHAT TECHNOLOGIES LTD.,Equity,BSE,520127,INE654B01014,X,Unclassified,,,,,15.47,,,,,,,,,,,,,,,,,8.2,
BSE:COARO,COASTAL ROADWAYS LTD.,Equity,BSE,520131,INE229E01019,P,Unclassified,,,,,21.8,,,,,,,,,,,,,,,,,0.0,
BSE:SIBARAUT,SIBAR AUTO PARTS LTD.,Equity,BSE,520141,INE441C01014,X,Unclassified,,,,,7.76,,,,,,,,,,,,,,,,,0.0,
BSE:STARLOG,Starlog Enterprises Limited,Equity,BSE,520155,INE580C01019,X,Unclassified,,,,,37.86,,,,,,,,,,,,,,,,,0.3,
BSE:TITANIN,TITAN INTECH LIMITED,Equity,BSE,521005,INE807M01031,X,Information Technology,Information Technology Services,Micro,90.0,,0.95,,0.3,3.95,0.63,75.9,0.0,,,4.3,,,,,,,4282136.0,39.3,
BSE:SOURCEIND,SOURCE INDUSTRIES (INDIA) LTD.,Equity,BSE,521036,INE695C01015,XT,Unclassified,,,,,69.99,,,,,,,,,,,,,,,,,0.1,
BSE:ADVLIFE,ADVANCE LIFESTYLES LTD.,Equity,BSE,521048,INE900E01015,X,Unclassified,,,,,26.75,,,,,,,,,,,,,,,,,0.0,
BSE:KAKTEX,KAKATIYA TEXTILES LTD.,Equity,BSE,521054,INE092E01011,X,Unclassified,,,,,7.94,,,,,,,,,,,,,,,,,0.0,
BSE:OCTAVE,PERFECT-OCTAVE MEDIA PROJECTS,Equity,BSE,521062,INE814L01013,X,Unclassified,,,,,3.71,,,,,,,,,,,,,,,,,0.0,
BSE:HISARSP,HISAR SPINNING MILLS LTD.,Equity,BSE,521068,INE689E01014,P,Unclassified,,,,,54.5,,,,,,,,,,,,,,,,,0.4,
BSE:PASARI,PASARI SPINNING MILLS LTD.,Equity,BSE,521080,INE604F01010,X,Unclassified,,,,,6.7,,,,,,,,,,,,,,,,,0.0,
BSE:OLYMPTX,OLYMPIA INDUSTRIES LTD.,Equity,BSE,521105,INE482O01021,X,Unclassified,,,,,23.05,,,,,,,,,,,,,,,,,1.2,
BSE:SUDTIND-B,SUDITI INDUSTRIES LTD.,Equity,BSE,521113,INE691D01012,X,Consumer Discretionary,Textile Manufacturing,Micro,364.0,,66.86,36.7,7.08,108.0,52.0,38.1,0.0,,,11.2,,,,,,,15690.0,10.8,
BSE:SBFL,Shree Bhavya Fabrics Limited,Equity,BSE,521131,INE363D01018,X,Unclassified,,,,,21.9,,,,,,,,,,,,,,,,,0.0,
BSE:EUREKAI,EUREKA INDUSTRIES LTD.,Equity,BSE,521137,INE958A01011,XT,Unclassified,,,,,6.46,,,,,,,,,,,,,,,,,1.3,
BSE:ADITYASP,ADITYA SPINNERS LTD.,Equity,BSE,521141,INE122D01026,X,Unclassified,,,,,14.2,,,,,,,,,,,,,,,,,0.0,
BSE:PRIMEURB,PRIME URBAN DEVELOPMENT INDIA,Equity,BSE,521149,INE419E01024,X,Unclassified,,,,,8.13,,,,,,,,,,,,,,,,,0.1,
BSE:MAXGROW,MAXGROW INDIA LIMITED,Equity,BSE,521167,INE485D01043,XT,Capital Goods,Staffing & Employment Services,Micro,668.0,,167.15,1.1,0.52,196.45,17.91,14.9,0.0,,,0.1,,,,,,,33233.0,10.1,
BSE:SRMCL,SRI RAMAKRISHNA MILLS (COIMBAT,Equity,BSE,521178,INE306D01017,X,Unclassified,,,,,62.02,,,,,,,,,,,,,,,,,2.2,
BSE:SAMTEX,SAMTEX FASHIONS LTD.,Equity,BSE,521206,INE931D01020,X,Unclassified,,,,,1.32,,,,,,,,,,,,,,,,,0.4,
BSE:CITYMAN,CITYMAN LTD.,Equity,BSE,521210,INE117C01010,X,Unclassified,,,,,14.25,,,,,,,,,,,,,,,,,0.0,
BSE:DHANROTO,DHANALAXMI ROTO SPINNERS LTD.,Equity,BSE,521216,INE220C01012,X,Unclassified,,,,,70.71,,,,,,,,,,,,,,,,,0.8,
BSE:SANBLUE,SANBLUE CORPORATION LTD.,Equity,BSE,521222,INE602D01027,X,Unclassified,,,,,28.1,,,,,,,,,,,,,,,,,0.0,
BSE:UNIROYAL,UNIROYAL INDUSTRIES LTD.,Equity,BSE,521226,INE980D01019,X,Unclassified,,,,,23.88,,,,,,,,,,,,,,,,,0.0,
BSE:TATIAGLOB,TATIA GLOBAL VENNTURE LTD.,Equity,BSE,521228,INE083G01031,X,Unclassified,,,,,2.07,,,,,,,,,,,,,,,,,0.5,
BSE:SRINACHA,SRI NACHAMMAI COTTON MILLS LTD,Equity,BSE,521234,INE443E01016,X,Unclassified,,,,,26.4,,,,,,,,,,,,,,,,,0.0,
BSE:BGDL,BHARAT GLOBAL DEVELOPERS LIMIT,Equity,BSE,521238,INE893C01032,B,Information Technology,Information Technology Services,Micro,1101.0,,108.7,,5.71,250.9,78.2,56.7,0.0,,,42.8,,,,,,,81152.0,40.4,
BSE:MKPMOB,MKP Mobility Limited,Equity,BSE,521244,INE676G01024,XT,Unclassified,,,,,238.0,,,,,,,,,,,,,,,,,4.1,
BSE:CRANEX,CRANEX LTD.,Equity,BSE,522001,INE608B01010,XT,Unclassified,,,,,79.01,,,,,,,,,,,,,,,,,1.0,
BSE:FLUIDOM,FLUIDOMAT LTD.,Equity,BSE,522017,INE459C01016,X,Capital Goods,Tools & Accessories,Micro,355.0,,720.75,19.0,3.68,1064.4,550.0,32.3,7.5,1.04,,,,,,,,,3823.0,31.2,
BSE:EMAINDIA,EMA INDIA LTD.,Equity,BSE,522027,INE279D01016,X,Unclassified,,,,,589.55,,,,,,,,,,,,,,,,,0.5,
BSE:MIVENMACH,MIVEN MACHINE TOOLS LTD.,Equity,BSE,522036,INE338P01014,X,Unclassified,,,,,77.0,,,,,,,,,,,,,,,,,0.0,
BSE:UVDRHOR,UNITED VAN DER HORST LTD.,Equity,BSE,522091,INE890G01047,X,Unclassified,,,,,35.36,,,,,,,,,,,,,,,,,1.1,
BSE:ARTSON,ARTSON LIMITED,Equity,BSE,522134,INE133D01023,X,Unclassified,,,,,156.4,,,,,,,,,,,,,,,,,7.7,
BSE:ADTYFRG,ADITYA FORGE LTD.,Equity,BSE,522150,INE281H01013,XT,Unclassified,,,,,34.6,,,34.6,32.96,0.0,,,,,,,,,,,,11.1,
BSE:SOLIMAC,SOLITAIRE MACHINE TOOLS LTD.,Equity,BSE,522152,INE410A01013,X,Unclassified,,,,,90.0,,,,,,,,,,,,,,,,,1.8,
BSE:INDSILHYD,INDSIL HYDRO POWER AND MANGANE,Equity,BSE,522165,INE867D01018,X,Unclassified,,,,,38.01,,,,,,,,,,,,,,,,,3.6,
BSE:YOGISUNG,YOGI SUNG-WON (INDIA) LTD.,Equity,BSE,522209,INE429B01011,X,Unclassified,,,,,6.27,,,,,,,,,,,,,,,,,0.4,
BSE:CONART,CONART ENGINEERS LTD.,Equity,BSE,522231,INE714D01020,X,Capital Goods,Engineering & Construction,Micro,53.0,,85.83,14.4,1.53,119.0,60.0,27.9,0.0,,,,,,,,,,10687.0,15.3,
BSE:SHIVAGR,SHIVAGRICO IMPLEMENTS LTD.,Equity,BSE,522237,INE092H01014,X,Unclassified,,,,,19.8,,,,,,,,,,,,,,,,,0.0,
BSE:CENLUB,CENLUB INDUSTRIES LTD.,Equity,BSE,522251,INE627F01011,X,Unclassified,,,,,169.0,,,,,,,,,,,,,,,,,6.0,
BSE:VJLAXMIE,VEEJAY LAKSHMI ENGINEERING WOR,Equity,BSE,522267,INE466D01019,X,Unclassified,,,,,38.75,,,,,,,,,,,,,,,,,0.4,
BSE:AHMDSTE,AHMEDABAD STEELCRAFT LTD.,Equity,BSE,522273,INE868C01018,X,Unclassified,,,,,158.4,,,,,,,,,,,,,,,,,0.6,
BSE:NMSGLOBAL,NMS GLOBAL LIMITED,Equity,BSE,522289,INE169F01014,X,Unclassified,,,,,37.94,,,,,,,,,,,,,,,,,2.3,
BSE:CANDOUR,CANDOUR TECHTEX LIMITED,Equity,BSE,522292,INE713D01055,XT,Unclassified,,,,,69.48,,,,,,,,,,,,,,,,,0.1,
BSE:TIGLOB,T & I GLOBAL LTD.,Equity,BSE,522294,INE811B01010,X,Capital Goods,Specialty Industrial Machinery,Micro,106.0,,208.55,17.0,1.02,212.0,142.3,1.6,0.0,,,,,,,,,,1267.0,40.8,
BSE:BEMHY,BEMCO HYDRAULICS LTD.,Equity,BSE,522650,INE142E01022,X,Unclassified,,,,,100.6,,,,,,,,,,,,,,,,,7.9,
BSE:BNRSEC,B.N.RATHI SECURITIES LTD.,Equity,BSE,523019,INE710D01028,X,Unclassified,,,,,16.65,,,,,,,,,,,,,,,,,2.1,
BSE:RISHITECH,RISHI TECHTEX LTD.,Equity,BSE,523021,INE989D01010,X,Unclassified,,,,,44.9,,,,,,,,,,,,,,,,,0.3,
BSE:ZBINTXPP,BINAYAK TEX PROCESSORS LTD.,Equity,BSE,523054,INE626H01019,XT,Unclassified,,,,,1613.9,,,,,,,,,,,,,,,,,0.0,
BSE:COSMOFE,COSMO FERRITES LTD.,Equity,BSE,523100,INE124B01018,X,Unclassified,,,,,170.2,,,,,,,,,,,,,,,,,2.9,
BSE:CROPSTER,CROPSTER AGRO LIMITED,Equity,BSE,523105,INE293E01031,XT,Fast Moving Consumer Goods,Food Distribution,Micro,214.0,,2.55,15.0,1.88,23.97,2.24,89.4,0.0,,,,,,,,,,14236424.0,55.8,
BSE:THRIVE,THRIVE FUTURE HABITATS LIMITED,Equity,BSE,523120,INE628D01014,XT,Unclassified,,,,,86.0,,,,,,,,,,,,,,,,,0.2,
BSE:FOSECOC,FOSECO CRUCIBLE INDIA LIMITED,Equity,BSE,523160,INE599F01020,X,Capital Goods,Specialty Industrial Machinery,Micro,1095.0,,1954.8,47.2,7.81,2115.0,1155.0,7.6,12.5,0.64,,0.9,,,,,,,4609.0,85.2,
BSE:SRMENERGY,SRM ENERGY LTD.,Equity,BSE,523222,INE173J01018,XT,Unclassified,,,,,26.2,,,,,,,,,,,,,,,,,2.7,
BSE:CONTPTR,CONTINENTAL PETROLEUMS LTD.,Equity,BSE,523232,INE369D01023,X,Unclassified,,,,,68.4,,,,,,,,,,,,,,,,,2.8,
BSE:NBFOOT,NB FOOTWEAR LTD.,Equity,BSE,523242,INE006F01018,P,Unclassified,,,,,3.6,,,,,,,,,,,,,,,,,0.0,
BSE:MACPLASQ,MACHINO PLASTICS LTD.,Equity,BSE,523248,INE082B01018,X,Unclassified,,,,,280.55,,,,,,,,,,,,,,,,,1.0,
BSE:GVFILM,GV FILMS LTD.,Equity,BSE,523277,INE395B01048,X,Unclassified,,,,,0.4,,,,,,,,,,,,,,,,,4.9,
BSE:RAMAVISION,RAMA VISION LTD.,Equity,BSE,523289,INE763B01013,X,Unclassified,,,,,172.55,,,,,,,,,,,,,,,,,4.1,
BSE:SHRIGANG,SHRI GANG INDUSTRIES AND ALLIE,Equity,BSE,523309,INE241V01018,X,Fast Moving Consumer Goods,Beverages - Wineries & Distilleries,Micro,105.0,,49.65,5.5,1.98,103.8,49.0,52.2,0.0,,,96.7,,,,,,,17920.0,16.6,
BSE:MINID,MINI DIAMONDS (INDIA) LTD.,Equity,BSE,523373,INE281E01028,X,Consumer Discretionary,Luxury Goods,Micro,95.0,,4.03,,1.51,19.23,3.99,79.0,0.0,,,5.2,,,,,,,341820.0,12.7,
BSE:HOM,HOMRE LIMITED,Equity,BSE,523387,INE982C01033,X,Unclassified,,,,,1.66,,,,,,,,,,,,,,,,,1.0,
BSE:ADCINDIA,ADC INDIA COMMUNICATIONS LIMIT,Equity,BSE,523411,INE833A01016,XT,Information Technology,Communication Equipment,Micro,1031.0,,2241.45,45.8,11.89,2678.35,1150.25,16.3,25.0,1.12,,,,,,,,,1362.0,42.9,
BSE:SUNRAJDI,SUNRAJ DIAMOND EXPORTS LTD.,Equity,BSE,523425,INE459D01014,X,Unclassified,,,,,12.44,,,,,,,,,,,,,,,,,0.0,
BSE:INDBNK,IND BANK HOUSING LTD.,Equity,BSE,523465,INE969D01012,B,Unclassified,,,,,54.0,,,,,,,,,,,,,,,,,0.3,
BSE:JAIMATAG,JAI MATA GLASS LTD.,Equity,BSE,523467,INE250C01027,XT,Unclassified,,,,,2.9,,,,,,,,,,,,,,,,,0.2,
BSE:CMMHOSP,CHENNAI MEENAKSHI MULTISPECIAL,Equity,BSE,523489,INE889F01017,X,Unclassified,,,,,36.61,,,,,,,,,,,,,,,,,0.0,
BSE:UNIOFFICE,UNIVERSAL OFFICE AUTOMATION LT,Equity,BSE,523519,INE951C01012,X,Unclassified,,,,,7.22,,,,,,,,,,,,,,,,,0.2,
BSE:APMIN,APM INDUSTRIES LTD.,Equity,BSE,523537,INE170D01025,X,Unclassified,,,,,57.49,,,,,,,,,,,,,,,,,0.6,
BSE:KRYPTONQ,KRYPTON INDUSTRIES LTD.,Equity,BSE,523550,INE951B01014,X,Unclassified,,,,,32.4,,,,,,,,,,,,,,,,,0.5,
BSE:MARBU,MARTIN BURN LTD.,Equity,BSE,523566,INE199D01016,X,Unclassified,,,,,43.01,,,,,,,,,,,,,,,,,0.0,
BSE:INDTONER,INDIAN TONERS & DEVELOPERS LTD,Equity,BSE,523586,INE826B01026,X,Unclassified,,,,,46.48,,,,,,,,,,,,,,,,,2.3,
BSE:PHRMASI,PHAARMASIA LTD.,Equity,BSE,523620,INE486I01016,X,Unclassified,,,,,92.4,,,,,,,,,,,,,,,,,0.3,
BSE:YASHINNO,YASH INNOVENTURES LIMITED,Equity,BSE,523650,INE823D01011,X,Unclassified,,,,,40.0,,,,,,,,,,,,,,,,,5.9,
BSE:FLEXFO,FLEX FOODS LTD.,Equity,BSE,523672,INE954B01018,X,Unclassified,,,,,50.43,,,,,,,,,,,,,,,,,3.8,
BSE:GOLKUNDIA,GOLKUNDA DIAMONDS & JEWELLERY,Equity,BSE,523676,INE798D01015,X,Unclassified,,,,,306.85,,,,,,,,,,,,,,,,,9.1,
BSE:FORTISMLR,FORTIS MALAR HOSPITALS LIMITED,Equity,BSE,523696,INE842B01015,X,Unclassified,,,,,41.29,,,,,,,,,,,,,,,,,1.9,
BSE:SVAMSOF,SVAM SOFTWARE LTD.,Equity,BSE,523722,INE119B01018,XT,Unclassified,,,,,7.85,,,,,,,,,,,,,,,,,1.8,
BSE:ECOBOAR,ECOBOARD INDUSTRIES LTD.,Equity,BSE,523732,INE866A01016,X,Unclassified,,,,,58.91,,,,,,,,,,,,,,,,,6.3,
BSE:TIHIL,TRANS INDIA HOUSE IMPEX LIMITE,Equity,BSE,523752,INE502D01011,X,Unclassified,,,,,2.8,,,,,,,,,,,,,,,,,1.6,
BSE:MITSHI,Mitshi India Limited,Equity,BSE,523782,INE844D01017,X,Unclassified,,,,,13.98,,,,,,,,,,,,,,,,,1.5,
BSE:SHUKJEW,SHUKRA JEWELLERS LTD.,Equity,BSE,523790,INE344E01016,P,Unclassified,,,,,9.0,,,,,,,,,,,,,,,,,0.0,
BSE:SOVERDIA,SOVEREIGN DIAMONDS LTD.,Equity,BSE,523826,INE959D01013,X,Unclassified,,,,,28.0,,,,,,,,,,,,,,,,,0.4,
BSE:MUKATPIP,MUKAT PIPES LTD.,Equity,BSE,523832,INE862C01029,X,Unclassified,,,,,14.0,,,,,,,,,,,,,,,,,0.0,
BSE:INNOVTEC,INNOVATIVE TECH PACK LTD.,Equity,BSE,523840,INE965C01038,X,Unclassified,,,,,14.14,,,,,,,,,,,,,,,,,0.6,
BSE:CONSTRONIC,CONSTRONICS INFRA LIMITED,Equity,BSE,523844,INE537B01011,X,Unclassified,,,,,47.0,,,,,,,,,,,,,,,,,0.1,
BSE:EASTINDIA,East India Drums and Barrels M,Equity,BSE,523874,INE191C01023,XT,Unclassified,,,,,94.88,,,,,,,,,,,,,,,,,9.6,
BSE:MEGAMONT,MEGAMONT LIMITED,Equity,BSE,523888,INE317D01014,X,Materials,Steel,Micro,649.0,,194.6,54.9,11.12,214.2,40.62,9.2,0.0,,,141.1,,,,,,,2082.0,13.8,
BSE:PATIDAR,PATIDAR BUILDCON LIMITED,Equity,BSE,524031,INE637N01014,X,Unclassified,,,,,5.37,,,,,,,,,,,,,,,,,0.0,
BSE:VENLONENT,VENLON ENTERPRISES LTD.,Equity,BSE,524038,INE204D01022,X,Unclassified,,,,,4.0,,,,,,,,,,,,,,,,,0.1,
BSE:PANIDPR,PANTHER INDUSTRIAL PRODUCTS LT,Equity,BSE,524055,INE181D01014,X,Unclassified,,,,,87.4,,,,,,,,,,,,,,,,,0.1,
BSE:HARLETH,HARYANA LEATHER CHEMICALS LTD.,Equity,BSE,524080,INE681F01018,X,Unclassified,,,,,56.8,,,,,,,,,,,,,,,,,0.1,
BSE:PCCOSMA,PEE CEE COSMA SOPE LTD.,Equity,BSE,524136,INE417E01010,XT,Unclassified,,,,,474.2,,,,,,,,,,,,,,,,,1.0,
BSE:TCMLMTD,TCM LTD.,Equity,BSE,524156,INE034F01010,X,Unclassified,,,,,48.0,,,,,,,,,,,,,,,,,0.9,
BSE:KESARPE,KESAR PETROPRODUCTS LTD.,Equity,BSE,524174,INE133C01033,X,Materials,Chemicals,Micro,133.0,,11.51,31.4,0.78,32.44,11.23,64.5,0.0,,,48.3,,,,,,,107408.0,10.3,
BSE:LACTOSE,LACTOSE (INDIA) LTD.,Equity,BSE,524202,INE058I01013,X,Unclassified,,,,,105.4,,,,,,,,,,,,,,,,,3.4,
BSE:TEEAI,TEESTA AGRO INDUSTRIES LTD.,Equity,BSE,524204,INE757D01011,X,Unclassified,,,,,115.05,,,,,,,,,,,,,,,,,0.3,
BSE:PNTKYOR,PENTOKEY ORGANY (INDIA) LTD.,Equity,BSE,524210,INE702E01015,X,Unclassified,,,,,33.0,,,,,,,,,,,,,,,,,0.0,
BSE:RESONANCE,RESONANCE SPECIALTIES LTD.,Equity,BSE,524218,INE486D01017,XT,Materials,Chemicals,Micro,228.0,,197.05,15.7,3.12,201.3,77.0,2.1,1.0,0.51,,3.1,,,,,,,20122.0,44.9,
BSE:GUJINJEC,GUJARAT INJECT (KERALA) LTD.,Equity,BSE,524238,INE659F01022,XT,Healthcare,Biotechnology,Micro,134.0,,9.18,43.7,11.33,14.3,1.95,35.8,0.0,,,,,,,,,,701973.0,12.3,
BSE:AIMCOPEST,AIMCO PESTICIDES LTD.,Equity,BSE,524288,INE008B01013,X,Unclassified,,,,,43.24,,,,,,,,,,,,,,,,,0.4,
BSE:GUJTERC,GUJARAT TERCE LABORATORIES LTD,Equity,BSE,524314,INE499G01013,X,Unclassified,,,,,35.16,,,,,,,,,,,,,,,,,1.3,
BSE:KABRADG,KABRA DRUGS LTD.,Equity,BSE,524322,INE323K01017,X,Healthcare,Drug Manufacturers - Specialty & Generic,Micro,44.0,,18.71,5.5,1.49,35.52,15.5,47.3,0.0,,,1.9,,,,,,,89376.0,25.6,
BSE:SHHARICH,SHREE HARI CHEMICALS EXPORT LT,Equity,BSE,524336,INE065E01017,XT,Materials,Specialty Chemicals,Micro,204.0,,322.95,16.3,4.03,352.05,87.65,8.3,0.0,,,75.0,,,,,,,16975.0,25.2,
BSE:ISHITADR,ISHITA DRUGS & INDUSTRIES LTD.,Equity,BSE,524400,INE806D01016,X,Healthcare,Drug Manufacturers - Specialty & Generic,Micro,23.0,,76.2,32.3,1.98,90.85,66.0,16.1,0.0,,,0.7,,,,,,,1676.0,12.1,
BSE:NORRIS,NORRIS MEDICINES LTD.,Equity,BSE,524414,INE744C01029,X,Unclassified,,,,,16.3,,,,,,,,,,,,,,,,,0.1,
BSE:ASINPET,ASIAN PETROPRODUCTS & EXPORTS,Equity,BSE,524434,INE810M01019,X,Unclassified,,,,,9.3,,,,,,,,,,,,,,,,,4.2,
BSE:CAMEXLTD,CAMEX LTD.,Equity,BSE,524440,INE198C01010,X,Unclassified,,,,,57.1,,,,,,,,,,,,,,,,,1.9,
BSE:EVEXIA,EVEXIA LIFECARE LIMITED,Equity,BSE,524444,INE313M01030,X,Healthcare,Medical Distribution,Micro,377.0,,2.01,201.0,0.82,2.15,0.47,6.5,0.0,,0.3,,,,,,,,13984094.0,393.2,
BSE:INDOEURO,INDO EURO INDCHEM LTD.,Equity,BSE,524458,INE319N01019,X,Unclassified,,,,,8.1,,,,,,,,,,,,,,,,,0.0,
BSE:RIDDHI,RIDDHI SIDDHI GLUCO BIOLS LTD.,Equity,BSE,524480,INE249D01019,X,Unclassified,,,,,710.9,,,,,,,,,,,,,,,,,9.6,
BSE:SVCIND,SVC INDUSTRIES LIMITED,Equity,BSE,524488,INE038B01010,X,Unclassified,,,,,2.88,,,,,,,,,,,,,,,,,7.4,
BSE:RAAJMEDI,RAAJ MEDISAFE INDIA LTD.,Equity,BSE,524502,INE548H01015,XT,Unclassified,,,,,98.46,,,,,,,,,,,,,,,,,0.6,
BSE:CORALAB,CORAL LABORATORIES LTD.,Equity,BSE,524506,INE683E01017,XT,Unclassified,,,,,548.6,,,,,,,,,,,,,,,,,4.8,
BSE:TULASEEBIOE,TULASEE BIO-ETHANOL LTD.,Equity,BSE,524514,INE276N01011,ZP,Unclassified,,,,,33.0,,,,,,,,,,,,,,,,,0.0,
BSE:BACPHAR,BACIL PHARMA LTD.,Equity,BSE,524516,INE711D01018,XT,Unclassified,,,,,27.28,,,,,,,,,,,,,,,,,6.1,
BSE:LAFFANSQ,LAFFANS PETROCHEMICALS LTD.,Equity,BSE,524522,INE919B01011,X,Unclassified,,,,,29.29,,,,,,,,,,,,,,,,,0.2,
BSE:BHASKAGR,BHASKAR AGROCHEMICALS LTD.,Equity,BSE,524534,INE972C01018,X,Unclassified,,,,,105.2,,,,,,,,,,,,,,,,,0.7,
BSE:SHARMEH,SHARMA EAST INDIA HOSPITALS &,Equity,BSE,524548,INE465H01012,X,Unclassified,,,,,87.95,,,,,,,,,,,,,,,,,0.1,
BSE:GAYATRIBI,GAYATRI BIOORGANICS LTD.,Equity,BSE,524564,INE052E01015,XT,Unclassified,,,,,7.9,,,,,,,,,,,,,,,,,0.0,
BSE:PHARMAID,PHARMAIDS PHARMACEUTICALS LTD.,Equity,BSE,524572,INE117D01018,X,Unclassified,,,,,30.15,,,,,,,,,,,,,,,,,0.8,
BSE:VIVIDIND,VIVID GLOBAL INDUSTRIES LTD.,Equity,BSE,524576,INE737C01023,X,Unclassified,,,,,18.75,,,,,,,,,,,,,,,,,0.4,
BSE:TIRUSTA,TIRUPATI STARCH & CHEMICALS LT,Equity,BSE,524582,INE314D01011,X,Unclassified,,,,,120.75,,,,,,,,,,,,,,,,,0.4,
BSE:JAYSYNTH,JAYSYNTH ORGOCHEM LIMITED,Equity,BSE,524592,INE263B01022,XT,Unclassified,,,,,16.25,,,,,,,,,,,,,,,,,4.8,
BSE:AEONXDIGI,Aeonx Digital Technology Limit,Equity,BSE,524594,INE994D01010,X,Unclassified,,,,,107.6,,,,,,,,,,,,,,,,,0.4,
BSE:BANDARAM,BANDARAM PHARMA PACKTECH LIMIT,Equity,BSE,524602,INE875N01036,X,Unclassified,,,,,20.29,,,,,,,,,,,,,,,,,0.7,
BSE:BERLDRG,BERYL DRUGS LTD.,Equity,BSE,524606,INE415H01017,X,Unclassified,,,,,25.29,,,,,,,,,,,,,,,,,1.0,
BSE:INDXTRA,IEL LIMITED,Equity,BSE,524614,INE056E01024,X,Unclassified,,,,,5.35,,,,,,,,,,,,,,,,,1.6,
BSE:ISTRNETWK,ISTREET NETWORK LIMITED,Equity,BSE,524622,INE532B01020,X,Consumer Discretionary,Internet Retail,Micro,341.0,,44.64,,6.64,72.15,26.06,38.1,0.2,0.44,,1.2,,,,,,,31994.0,16.0,
BSE:GAGAN,GAGAN GASES LTD.,Equity,BSE,524624,INE076D01016,X,Unclassified,,,,,18.83,,,,,,,,,,,,,,,,,0.2,
BSE:PARKERAC,PARKER AGROCHEM EXPORTS LTD.,Equity,BSE,524628,INE750B01010,X,Unclassified,,,,,20.2,,,,,,,,,,,,,,,,,0.0,
BSE:OXYGENTAPH,OXYGENTA PHARMACEUTICAL LIMITE,Equity,BSE,524636,INE102E01018,XT,Unclassified,,,,,48.0,,,,,,,,,,,,,,,,,2.2,
BSE:ARCHITORG,ARCHIT ORGANOSYS LTD.,Equity,BSE,524640,INE078I01011,XT,Unclassified,,,,,61.82,,,,,,,,,,,,,,,,,7.0,
BSE:WELCURE,WELCURE DRUGS & PHARMACEUTICAL,Equity,BSE,524661,INE331C01025,X,Healthcare,Medical Distribution,Micro,27.0,,0.21,,0.28,0.81,0.19,74.1,0.0,,-5.5,,,,,,,,5780565.0,15.0,
BSE:BIBCL,BHARAT IMMUNOLOGICALS & BIOLOG,Equity,BSE,524663,INE994B01014,B,Healthcare,Biotechnology,Micro,35.0,,8.18,,0.45,22.61,8.16,63.8,0.0,,-21.0,94.5,,,,,,,40852.0,38.1,
BSE:KABSON,KABSONS INDUSTRIES LTD.,Equity,BSE,524675,INE645C01010,X,Unclassified,,,,,19.45,,,,,,,,,,,,,,,,,0.0,
BSE:BASANTGL,BASANT AGRO TECH (INDIA) LTD.,Equity,BSE,524687,INE473E01021,X,Unclassified,,,,,10.93,,,,,,,,,,,,,,,,,3.2,
BSE:SANDUPHQ,SANDU PHARMACEUTICALS LTD.,Equity,BSE,524703,INE751D01014,X,Unclassified,,,,,36.53,,,,,,,,,,,,,,,,,0.2,
BSE:VISTAPH,VISTA PHARMACEUTICALS LTD.,Equity,BSE,524711,INE427C01021,X,Unclassified,,,,,6.21,,,,,,,,,,,,,,,,,0.3,
BSE:TITANBIO,TITAN BIOTECH LTD.,Equity,BSE,524717,INE150C01029,B,Healthcare,Biotechnology,Micro,1622.0,,391.5,250.0,8.93,555.65,171.4,29.5,0.5,0.13,,3.1,,,,,,,22932.0,66.7,
BSE:ARVAYA,Arvaya Healthcare Limited,Equity,BSE,524723,INE491D01017,XT,Unclassified,,,,,120.0,,,,,,,,,,,,,,,,,0.0,
BSE:SDL,Span Divergent Limited,Equity,BSE,524727,INE004E01016,X,Unclassified,,,,,22.95,,,,,,,,,,,,,,,,,0.0,
BSE:LINKPH,LINK PHARMA CHEM LTD.,Equity,BSE,524748,INE302F01011,X,Unclassified,,,,,26.24,,,,,,,,,,,,,,,,,0.3,
BSE:DECIPHER,DECIPHER LABS LIMITED,Equity,BSE,524752,INE643N01012,X,Unclassified,,,,,6.0,,,,,,,,,,,,,,,,,0.0,
BSE:EMMESSA,EMMESSAR BIOTECH & NUTRITION L,Equity,BSE,524768,INE634B01016,X,Unclassified,,,,,22.99,,,,,,,,,,,,,,,,,0.5,
BSE:EVERESTO,EVEREST ORGANICS LTD.,Equity,BSE,524790,INE334C01029,X,Unclassified,,,,,219.8,,,,,,,,,,,,,,,,,1.5,
BSE:PHYTO,PHYTO CHEM (INDIA) LTD.,Equity,BSE,524808,INE037C01010,X,Unclassified,,,,,17.05,,,,,,,,,,,,,,,,,0.1,
BSE:DYNAMIND,DYNAMIC INDUSTRIES LTD.,Equity,BSE,524818,INE457C01010,X,Unclassified,,,,,121.15,,,,,,,,,,,,,,,,,1.9,
BSE:BDH,BDH INDUSTRIES LTD.,Equity,BSE,524828,INE278D01018,X,Unclassified,,,,,482.2,,,,,,,,,,,,,,,,,3.0,
BSE:JAUSPOL,JAUSS POLYMERS LTD.,Equity,BSE,526001,INE593O01017,X,Unclassified,,,,,27.89,,,,,,,,,,,,,,,,,3.3,
BSE:GLOBUSCON,GLOBUS CONSTRUCTORS & DEVELOPE,Equity,BSE,526025,INE064L01015,X,Unclassified,,,,,16.19,,,,,,,,,,,,,,,,,1.8,
BSE:POLYCHMP,POLYMECHPLAST MACHINES LTD.,Equity,BSE,526043,INE809B01014,X,Unclassified,,,,,47.02,,,,,,,,,,,,,,,,,0.5,
BSE:STELLANT,STELLANT SECURITIES (INDIA) LT,Equity,BSE,526071,INE395F01023,XT,Unclassified,,,,,941.75,,,,,,,,,,,,,,,,,9.1,
BSE:GALXBRG,GALAXY BEARINGS LTD.,Equity,BSE,526073,INE020S01012,XT,Capital Goods,Metal Fabrication,Micro,308.0,,968.0,83.1,2.8,1096.4,412.2,11.7,0.0,,,16.5,,,,,,,1867.0,12.0,
BSE:VINRKLB,REKVINA LABORATORIES LTD.,Equity,BSE,526075,INE092O01028,XT,Unclassified,,,,,49.86,,,,,,,,,,,,,,,,,1.1,
BSE:SCAGRO,SC Agrotech Limited,Equity,BSE,526081,INE895E01017,XT,Materials,Agricultural Inputs,Micro,279.0,,36.69,22.0,2.35,43.8,14.82,16.2,0.0,,,8.6,,,,,,,14094.0,18.9,
BSE:RALEGRA,RAVILEELA GRANITES LTD.,Equity,BSE,526095,INE427E01027,X,Unclassified,,,,,58.99,,,,,,,,,,,,,,,,,0.1,
BSE:UNRYLMA,UNIROYAL MARINE EXPORTS LTD.,Equity,BSE,526113,INE602H01010,XT,Unclassified,,,,,15.58,,,,,,,,,,,,,,,,,0.0,
BSE:KARANWO,KARAN WOO-SIN LTD.,Equity,BSE,526115,INE327D01013,X,Unclassified,,,,,7.1,,,,,,,,,,,,,,,,,0.1,
BSE:SUPERTEX,SUPERTEX INDUSTRIES LTD.,Equity,BSE,526133,INE881B01054,X,Unclassified,,,,,5.89,,,,,,,,,,,,,,,,,0.0,
BSE:SHETR,SHETRON LTD.,Equity,BSE,526137,INE278C01010,X,Unclassified,,,,,99.4,,,,,,,,,,,,,,,,,1.0,
BSE:TRABI,TRANSGENE BIOTEK LTD.,Equity,BSE,526139,INE773D01018,X,Unclassified,,,,,2.4,,,,,,,,,,,,,,,,,1.5,
BSE:MPL,MPL PLASTICS LTD.,Equity,BSE,526143,INE343A01016,X,Unclassified,,,,,6.6,,,,,,,,,,,,,,,,,0.1,
BSE:NIKHILAD,NIKHIL ADHESIVES LTD.,Equity,BSE,526159,INE926C01022,X,Materials,Specialty Chemicals,Micro,373.0,,81.25,19.3,2.56,122.0,56.78,33.4,0.22,0.27,,46.5,,,,,,,12416.0,12.6,
BSE:SPENTA,SPENTA INTERNATIONAL LTD.,Equity,BSE,526161,INE175C01018,XT,Unclassified,,,,,135.8,,,,,,,,,,,,,,,,,0.0,
BSE:MULTIBASE,MULTIBASE INDIA LTD.,Equity,BSE,526169,INE678F01014,X,Unclassified,,,,,168.95,,,,,,,,,,,,,,,,,7.0,
BSE:LUDLOWJUT,LUDLOW JUTE & SPECIALITIES LTD,Equity,BSE,526179,INE983C01015,X,Consumer Discretionary,Textile Manufacturing,Micro,351.0,,329.8,19.4,1.89,424.35,162.0,22.3,0.0,,,114.7,,,,,,,3578.0,11.4,
BSE:ASHRAM,ASHRAM ONLINE.COM LTD.,Equity,BSE,526187,INE293C01019,X,Unclassified,,,,,5.39,,,,,,,,,,,,,,,,,0.6,
BSE:ROYALCU,ROYAL CUSHION VINYL PRODUCTS L,Equity,BSE,526193,INE618A01011,X,Unclassified,,,,,12.75,,,,,,,,,,,,,,,,,0.2,
BSE:SURJIND,SURAJ INDUSTRIES LTD.,Equity,BSE,526211,INE170U01011,X,Unclassified,,,,,55.18,,,,,,,,,,,,,,,,,0.4,
BSE:STDSFAC,STANDARD SURFACTANTS LTD.,Equity,BSE,526231,INE307D01015,XT,Materials,Specialty Chemicals,Micro,184.0,,222.25,,,245.6,44.1,9.5,0.0,,,,,,,,,,12885.0,133.4,
BSE:MORGAN,MORGAN VENTURES LTD.,Equity,BSE,526237,INE902C01015,X,Unclassified,,,,,42.83,,,,,,,,,,,,,,,,,0.3,
BSE:AMRAPLIN,AMRAPALI INDUSTRIES LTD.,Equity,BSE,526241,INE762C01021,XT,Unclassified,,,,,34.3,,,,,,,,,,,,,,,,,0.8,
BSE:MIDEASTP,MID EAST PORTFOLIO MANAGEMENT,Equity,BSE,526251,INE033E01015,X,Unclassified,,,,,33.95,,,,,,,,,,,,,,,,,0.1,
BSE:CRSTCHM,CRESTCHEM LTD.,Equity,BSE,526269,INE293N01016,X,Unclassified,,,,,138.85,,,,,,,,,,,,,,,,,3.4,
BSE:DIVSHKT,DIVYASHAKTI LIMITED,Equity,BSE,526315,INE410G01010,XT,Unclassified,,,,,67.99,,,,,,,,,,,,,,,,,2.6,
BSE:ADVMULT,ADVANCE MULTITECH LTD.,Equity,BSE,526331,INE875S01019,XT,Unclassified,,,,,139.1,,,,,,,,,,,,,,,,,0.1,
BSE:SHREYASI,SHREYAS INTERMEDIATES LTD.,Equity,BSE,526335,INE115F01017,X,Unclassified,,,,,7.6,,,,,,,,,,,,,,,,,3.8,
BSE:PANJON,PANJON LTD.,Equity,BSE,526345,INE744D01019,X,Unclassified,,,,,21.77,,,,,,,,,,,,,,,,,0.6,
BSE:DUROPACK,DUROPACK LTD.,Equity,BSE,526355,INE138B01018,X,Unclassified,,,,,57.0,,,,,,,,,,,,,,,,,0.3,
BSE:CINDHO,CINDRELLA HOTELS LTD.,Equity,BSE,526373,INE908C01012,X,Unclassified,,,,,46.14,,,,,,,,,,,,,,,,,0.0,
BSE:KKALPANAIND,KKALPANA INDUSTRIES (INDIA) LT,Equity,BSE,526409,INE301C01028,X,Unclassified,,,,,6.56,,,,,,,,,,,,,,,,,6.7,
BSE:OKPLA,OK PLAY INDIA LTD.,Equity,BSE,526415,INE870B01024,X,Unclassified,,,,,3.14,,,,,,,,,,,,,,,,,5.4,
BSE:ASMTEC,ASM TECHNOLOGIES LTD.,Equity,BSE,526433,INE867C01010,B,Information Technology,Information Technology Services,Micro,9634.0,,6603.65,111.8,31.38,7248.0,2099.9,8.9,25.5,0.39,,41.6,,,,,,,32780.0,1447.0,
BSE:PERFEPA,PERFECTPAC LTD.,Equity,BSE,526435,INE759I01024,X,Unclassified,,,,,79.75,,,,,,,,,,,,,,,,,0.3,
BSE:AMBIT,AMBITIOUS PLASTOMAC COMPANY LT,Equity,BSE,526439,INE267C01013,X,Unclassified,,,,,8.35,,,,,,,,,,,,,,,,,0.1,
BSE:VISIONCINE,VISION CINEMAS LTD.,Equity,BSE,526441,INE515B01025,X,Unclassified,,,,,1.1,,,,,,,,,,,,,,,,,0.1,
BSE:AEIM,Artificial Electronics Intelli,Equity,BSE,526443,INE072B01027,X,Information Technology,Software - Application,Micro,159.0,,57.56,3.4,1.29,195.0,57.56,70.5,0.0,,,89.9,,,,,,,54057.0,35.6,
BSE:INDRANIB,INDRAYANI BIOTECH LTD.,Equity,BSE,526445,INE007C01021,XT,Unclassified,,,,,9.63,,,,,,,,,,,,,,,,,4.0,
BSE:EUROLED,EURO LEDER FASHION LTD.,Equity,BSE,526468,INE940E01011,XT,Unclassified,,,,,24.5,,,,,,,,,,,,,,,,,0.6,
BSE:WINSOMBR,WINSOME BREWERIES LTD.,Equity,BSE,526471,INE391C01011,X,Unclassified,,,,,18.84,,,,,,,,,,,,,,,,,1.3,
BSE:ELEFLOR,ELEGANT FLORICULTURE & AGROTEC,Equity,BSE,526473,INE152E01013,X,Unclassified,,,,,4.8,,,,,,,,,,,,,,,,,0.3,
BSE:SKYIND,SKY INDUSTRIES LTD.,Equity,BSE,526479,INE765B01018,X,Unclassified,,,,,94.09,,,,,,,,,,,,,,,,,1.4,
BSE:BHUDEVI,BHUDEVI INFRA PROJECTS LIMITED,Equity,BSE,526488,INE432N01010,X,Unclassified,,,,,71.71,,,,,,,,,,,,,,,,,1.8,
BSE:PRATIK,PRATIK PANELS LTD.,Equity,BSE,526490,INE206C01029,X,Unclassified,,,,,3.8,,,,,,,,,,,,,,,,,2.2,
BSE:RISHIROOP,Rishiroop Limited,Equity,BSE,526492,INE582D01013,X,Materials,Specialty Chemicals,Micro,110.0,,119.5,10.2,1.34,146.6,71.5,18.5,1.5,1.26,,0.1,,,,,,,6746.0,15.7,
BSE:PROMACT,Promact Plastics Limited,Equity,BSE,526494,INE818D01011,XT,Unclassified,,,,,16.8,,,,,,,,,,,,,,,,,0.6,
BSE:SHAHISHIP,Shahi Shipping Limited,Equity,BSE,526508,INE825D01016,X,Unclassified,,,,,11.6,,,,,,,,,,,,,,,,,0.5,
BSE:ALPINEHOU,ALPINE HOUSING DEVELOPMENT COR,Equity,BSE,526519,INE840D01015,XT,Unclassified,,,,,95.75,,,,,,,,,,,,,,,,,0.8,
BSE:WWALUM,WORLDWIDE ALUMINIUM LIMITED,Equity,BSE,526525,INE550D01010,X,Unclassified,,,,,19.0,,,,,,,,,,,,,,,,,0.1,
BSE:IIRM,IIRM HOLDINGS INDIA LIMITED,Equity,BSE,526530,INE670C01026,XT,Financial Services,Insurance Brokers,Micro,823.0,,118.0,32.7,5.13,151.85,68.0,22.3,0.0,,,60.4,,,,,,,24890.0,26.5,
BSE:SFPIL,SQUARE FOUR PROJECTS INDIA LIM,Equity,BSE,526532,INE716K01020,X,Unclassified,,,,,8.1,,,,,,,,,,,,,,,,,0.0,
BSE:CHOKSILA,CHOKSI LABORATORIES LTD.,Equity,BSE,526546,INE493D01013,XT,Unclassified,,,,,181.2,,,,,,,,,,,,,,,,,2.9,
BSE:REMAGNET,MIDWEST ENERGY LIMITED,Equity,BSE,526570,INE519N01022,B,Capital Goods,Electrical Equipment & Parts,Micro,4903.0,,378.0,,1.07,590.0,198.9,35.9,0.0,,,75.7,,,,,,,47676.0,168.6,
BSE:ENTRINT,ENTERPRISE INTERNATIONAL LTD.,Equity,BSE,526574,INE439G01019,X,Unclassified,,,,,24.0,,,,,,,,,,,,,,,,,0.0,
BSE:LIPPISYS,LIPPI SYSTEMS LTD.,Equity,BSE,526604,INE845B01018,XT,Unclassified,,,,,214.1,,,,,,,,,,,,,,,,,6.6,
BSE:EXPOEAPL,EXPO ENGINEERING AND PROJECTS,Equity,BSE,526614,INE561D01025,XT,Unclassified,,,,,91.4,,,,,,,,,,,,,,,,,2.2,
BSE:NATPLAS,NATIONAL PLASTIC INDUSTRIES LT,Equity,BSE,526616,INE233D01013,X,Unclassified,,,,,39.0,,,,,,,,,,,,,,,,,0.3,
BSE:MFLINDIA,MFL INDIA LTD.,Equity,BSE,526622,INE244C01020,X,Unclassified,,,,,0.43,,,,,,,,,,,,,,,,,1.3,
BSE:TEXELIN,TEXEL INDUSTRIES LTD.,Equity,BSE,526638,INE594V01028,X,Unclassified,,,,,64.28,,,,,,,,,,,,,,,,,4.5,
BSE:RAYALEMA,ROYALE MANOR HOTELS & INDUSTRI,Equity,BSE,526640,INE008C01011,X,Unclassified,,,,,26.11,,,,,,,,,,,,,,,,,0.6,
BSE:TIRTPLS,TIRTH PLASTIC LTD.,Equity,BSE,526675,INE008N01018,X,Unclassified,,,,,29.36,,,,,,,,,,,,,,,,,4.6,
BSE:ECOPLAST,ECOPLAST LTD.,Equity,BSE,526703,INE423D01010,X,Unclassified,,,,,470.1,,,,,,,,,,,,,,,,,2.7,
BSE:ELEMARB,ELEGANT MARBLES & GRANI INDUST,Equity,BSE,526705,INE095B01010,X,Unclassified,,,,,172.05,,,,,,,,,,,,,,,,,0.0,
BSE:BITS,BITS LTD.,Equity,BSE,526709,INE839A01021,X,Unclassified,,,,,6.6,,,,,,,,,,,,,,,,,3.6,
BSE:ADARSHPL,ADARSH PLANT PROTECT LTD.,Equity,BSE,526711,INE627D01016,X,Unclassified,,,,,25.63,,,,,,,,,,,,,,,,,0.3,
BSE:HPBL,HCP PLASTENE BULKPACK LIMITED,Equity,BSE,526717,INE136C01044,XT,Consumer Discretionary,Packaging & Containers,Micro,367.0,,343.25,10.7,4.4,405.0,140.1,15.2,2.0,0.58,,229.2,,,,,,,16502.0,28.7,
BSE:GARNET,GARNET CONSTRUCTION LTD.,Equity,BSE,526727,INE797D01017,X,Unclassified,,,,,46.87,,,,,,,,,,,,,,,,,0.2,
BSE:SHAWGELTIN,NARMADA GELATINES LTD.,Equity,BSE,526739,INE869A01010,X,Materials,Specialty Chemicals,Micro,265.0,,438.55,8.3,1.83,545.0,327.3,19.5,11.0,2.51,,5.4,,,,,,,5776.0,11.9,
BSE:PGFOILQ,PG FOILS LTD.,Equity,BSE,526747,INE078D01012,X,Consumer Discretionary,Packaging & Containers,Micro,236.0,,199.5,,0.71,294.0,165.5,32.1,0.0,,,42.9,,,,,,,20583.0,20.3,
BSE:VELHO,VELAN HOTELS LTD.,Equity,BSE,526755,INE548D01014,X,Unclassified,,,,,6.92,,,,,,,,,,,,,,,,,1.3,
BSE:HOWARHO,HOWARD HOTELS LTD.,Equity,BSE,526761,INE931B01016,X,Unclassified,,,,,17.9,,,,,,,,,,,,,,,,,0.4,
BSE:VALIANT,VALIANT COMMUNICATIONS LTD.,Equity,BSE,526775,INE760B01019,B,Information Technology,Communication Equipment,Micro,1982.0,,1686.35,71.8,20.11,1891.35,620.55,10.8,1.5,0.09,,2.6,,,,,,,21277.0,485.3,
BSE:MHSGRMS,MAHASAGAR TRAVELS LTD.,Equity,BSE,526795,INE007G01014,ZP,Unclassified,,,,,5.99,,,,,,,,,,,,,,,,,0.1,
BSE:RAGHUNAT,RAGHUNATH INTERNATIONAL LTD.,Equity,BSE,526813,INE753B01014,X,Unclassified,,,,,10.95,,,,,,,,,,,,,,,,,0.0,
BSE:SPICEISLIN,SPICE ISLANDS INDUSTRIES LIMIT,Equity,BSE,526827,INE882D01025,X,Fast Moving Consumer Goods,Beverages - Non-Alcoholic,Micro,310.0,,99.55,38.4,22.13,110.0,14.2,9.5,0.12,0.12,,4.2,,,,,,,51284.0,39.7,
BSE:SIPL,SHELTER INFRA PROJECTS LTD.,Equity,BSE,526839,INE413C01013,X,Unclassified,,,,,14.86,,,,,,,,,,,,,,,,,0.0,
BSE:SHAKTIPR,SHAKTI PRESS LTD.,Equity,BSE,526841,INE794C01016,X,Capital Goods,Specialty Business Services,Micro,5.0,,9.07,2.8,0.14,36.83,8.52,75.4,0.0,,,53.0,,,,,,,376048.0,16.9,
BSE:ASHSI,ASHIRWAD STEELS & INDUSTRIES L,Equity,BSE,526847,INE338C01012,X,Unclassified,,,,,22.99,,,,,,,,,,,,,,,,,0.0,
BSE:AREXMIS,AREX INDUSTRIES LTD.,Equity,BSE,526851,INE480H01011,X,Unclassified,,,,,128.0,,,,,,,,,,,,,,,,,0.3,
BSE:ISFL,ISF LIMITED,Equity,BSE,526859,INE973B01026,X,Unclassified,,,,,0.74,,,,,,,,,,,,,,,,,0.8,
BSE:RISHILASE,RISHI LASER LTD.,Equity,BSE,526861,INE988D01012,X,Capital Goods,Metal Fabrication,Micro,147.0,,145.35,56.8,1.34,158.0,90.0,8.0,0.0,,,47.7,,,,,,,10454.0,15.6,
BSE:JAINCO,JAINCO PROJECTS (INDIA) LTD.,Equity,BSE,526865,INE966C01010,X,Unclassified,,,,,4.4,,,,,,,,,,,,,,,,,0.0,
BSE:KUMPFIN,KUMBHAT FINANCIAL SERVICES LTD,Equity,BSE,526869,INE795E01019,X,Unclassified,,,,,22.55,,,,,,,,,,,,,,,,,0.0,
BSE:INTECCAP,INTEC CAPITAL LTD.,Equity,BSE,526871,INE017E01018,X,Unclassified,,,,,14.7,,,,,,,,,,,,,,,,,0.0,
BSE:RAJSEC,RAJASTHAN SECURITIES LIMITED,Equity,BSE,526873,INE184D01026,X,Unclassified,,,,,59.2,,,,,,,,,,,,,,,,,0.7,
BSE:SIDDHEGA,SIDDHESWARI GARMENTS LTD.,Equity,BSE,526877,INE797C01019,XT,Unclassified,,,,,22.5,,,,,,,,,,,,,,,,,0.0,
BSE:MKTCREAT,MARKET CREATORS LTD.,Equity,BSE,526891,INE944C01017,X,Unclassified,,,,,15.8,,,,,,,,,,,,,,,,,0.0,
BSE:HFIL,HIMALAYA FOOD INTERNATIONAL LI,Equity,BSE,526899,INE552B01010,X,Unclassified,,,,,7.9,,,,,,,,,,,,,,,,,1.6,
BSE:SONALAD,SONAL ADHESIVES LTD.,Equity,BSE,526901,INE344I01017,X,Unclassified,,,,,48.7,,,,,,,,,,,,,,,,,0.1,
BSE:PADMAIND,Padmanabh Industries Ltd,Equity,BSE,526905,INE743D01011,X,Unclassified,,,,,7.7,,,,,,,,,,,,,,,,,0.1,
BSE:KALIND,Kalind Limited,Equity,BSE,526935,INE377D01026,B,Financial Services,Capital Markets,Micro,388.0,,4.24,,1.43,14.13,3.8,70.0,0.01,0.15,,4.6,,,,,,,6769453.0,301.4,
BSE:TYROON,TYROON TEA CO.LTD.,Equity,BSE,526945,INE945B01016,X,Unclassified,,,,,76.6,,,,,,,,,,,,,,,,,0.3,
BSE:LASTMILE,LAST MILE ENTERPRISES LIMITED,Equity,BSE,526961,INE404B01022,X,Unclassified,,,,,5.37,,,,,,,,,,,,,,,,,7.5,
BSE:GUJCRAFT,GUJARAT CRAFT INDUSTRIES LTD.,Equity,BSE,526965,INE372D01019,X,Unclassified,,,,,90.97,,,,,,,,,,,,,,,,,1.9,
BSE:HEERAISP,HEERA ISPAT LTD.,Equity,BSE,526967,INE025D01013,X,Unclassified,,,,,6.3,,,,,,,,,,,,,,,,,0.1,
BSE:DHOOTIN,DHOOT INDUSTRIAL FINANCE LTD.,Equity,BSE,526971,INE313G01016,XT,Unclassified,,,,,244.6,,,,,,,,,,,,,,,,,5.6,
BSE:SHREEPAC,SHREE PACETRONIX LTD.,Equity,BSE,527005,INE847D01010,X,Healthcare,Medical Instruments & Supplies,Micro,69.0,,185.0,21.6,3.71,283.15,90.0,34.7,0.0,,,14.8,,,,,,,4604.0,10.5,
BSE:SAMYAKINT,SAMYAK INTERNATIONAL LTD.,Equity,BSE,530025,INE607G01011,X,Unclassified,,,,,21.65,,,,,,,,,,,,,,,,,1.5,
BSE:AADIIND,AADI INDUSTRIES LTD.,Equity,BSE,530027,INE563D01013,X,Unclassified,,,,,7.17,,,,,,,,,,,,,,,,,0.2,
BSE:SPARKLEGR,SPARKLE GOLD ROCK LIMITED,Equity,BSE,530037,INE618F01010,X,Unclassified,,,,,65.94,,,,,,,,,,,,,,,,,3.4,
BSE:ACKNIT,ACKNIT INDUSTRIES LTD.,Equity,BSE,530043,INE326C01017,X,Unclassified,,,,,304.95,,,,,,,,,,,,,,,,,2.9,
BSE:TITANSEC,TITAN SECURITIES LTD.,Equity,BSE,530045,INE090D01017,X,Unclassified,,,,,38.47,,,,,,,,,,,,,,,,,0.5,
BSE:REALECO,REAL ECO-ENERGY LIMITED,Equity,BSE,530053,INE055E01034,X,Unclassified,,,,,4.5,,,,,,,,,,,,,,,,,0.3,
BSE:VIVANZA,Vivanza Biosciences Limited,Equity,BSE,530057,INE984E01035,X,Unclassified,,,,,1.7,,,,,,,,,,,,,,,,,0.4,
BSE:YASHRAJC,YASHRAJ CONTAINEURS LTD.,Equity,BSE,530063,INE095C01018,XT,Unclassified,,,,,4.11,,,,,,,,,,,,,,,,,0.1,
BSE:LORDSHOTL,LORDS ISHWAR HOTELS LIMITED,Equity,BSE,530065,INE689J01013,X,Unclassified,,,,,14.47,,,,,,,,,,,,,,,,,0.1,
BSE:PURETROP,PURETROP FRUITS LIMITED,Equity,BSE,530077,INE795D01011,X,Unclassified,,,,,182.0,,,,,,,,,,,,,,,,,6.5,
BSE:ANUPAM,ANUPAM FINSERV LIMITED,Equity,BSE,530109,INE069B01023,X,Unclassified,,,,,1.63,,,,,,,,,,,,,,,,,6.3,
BSE:RAJPACK,RAJ PACKAGING INDUSTRIES LTD.,Equity,BSE,530111,INE639C01013,X,Unclassified,,,,,33.64,,,,,,,,,,,,,,,,,0.3,
BSE:NATRAJPR,NATRAJ PROTEINS LTD.,Equity,BSE,530119,INE444D01016,X,Unclassified,,,,,38.3,,,,,,,,,,,,,,,,,0.0,
BSE:SAMRATPH,SAMRAT PHARMACHEM LTD.,Equity,BSE,530125,INE103E01016,X,Materials,Chemicals,Micro,72.0,,232.85,,1.05,319.9,190.0,27.2,1.0,0.44,,15.7,,,,,,,1466.0,11.3,
BSE:NPRFIN,NPR FINANCE LTD.,Equity,BSE,530127,INE446D01011,XT,Unclassified,,,,,23.8,,,,,,,,,,,,,,,,,0.8,
BSE:AMCOIND,AMCO INDIA LTD.,Equity,BSE,530133,INE924B01011,X,Unclassified,,,,,66.58,,,,,,,,,,,,,,,,,0.4,
BSE:KREONFIN,KREON FINNANCIAL SERVICES LTD.,Equity,BSE,530139,INE302C01018,XT,Unclassified,,,,,84.99,,,,,,,,,,,,,,,,,1.5,
BSE:GYANDEV,GYAN DEVELOPERS & BUILDERS LTD,Equity,BSE,530141,INE487G01018,X,Unclassified,,,,,53.5,,,,,,,,,,,,,,,,,0.1,
BSE:KISAN,KISAN MOULDINGS LTD.,Equity,BSE,530145,INE017C01012,XT,Unclassified,,,,,21.6,,,,,,,,,,,,,,,,,7.9,
BSE:KERALAYUR,KERALA AYURVEDA LTD.,Equity,BSE,530163,INE817B01025,X,Healthcare,Drug Manufacturers - Specialty & Generic,Micro,186.0,,146.95,,17.14,484.9,141.0,69.7,0.0,,,580.8,,,,,,,23959.0,23.7,
BSE:MONGIPA,MOONGIPA CAPITAL FINANCE LTD.,Equity,BSE,530167,INE153K01018,XT,Unclassified,,,,,19.5,,,,,,,,,,,,,,,,,0.0,
BSE:MOHITPPR,MOHIT PAPER MILLS LTD.,Equity,BSE,530169,INE388C01017,X,Unclassified,,,,,26.04,,,,,,,,,,,,,,,,,0.2,
BSE:DAULAT,DAULAT SECURITIES LTD.,Equity,BSE,530171,INE108C01019,X,Unclassified,,,,,30.48,,,,,,,,,,,,,,,,,0.4,
BSE:ODYSSEY,ODYSSEY TECHNOLOGIES LTD.,Equity,BSE,530175,INE213B01019,X,Unclassified,,,,,39.44,,,,,,,,,,,,,,,,,1.4,
BSE:VKGLOBAL,VK Global Industries Limited,Equity,BSE,530177,INE758B01013,XT,Unclassified,,,,,34.0,,,,,,,,,,,,,,,,,0.4,
BSE:RSCINT,RSC INTERNATIONAL LTD.,Equity,BSE,530179,INE015F01019,XT,Consumer Discretionary,Textile Manufacturing,Micro,60.0,,104.0,,,108.2,22.42,3.9,0.0,,,,,,,,,,11011.0,38.7,
BSE:SURATRAML,Surat Trade and Mercantile Lim,Equity,BSE,530185,INE936A01025,X,Unclassified,,,,,4.54,,,,,,,,,,,,,,,,,3.3,
BSE:ATHARVENT,ATHARV ENTERPRISES LTD.,Equity,BSE,530187,INE354E01031,XT,Unclassified,,,,,4.86,,,,,,,,,,,,,,,,,1.0,
BSE:FUNDVISER,FUNDVISER CAPITAL (INDIA) LIMI,Equity,BSE,530197,INE365H01014,X,Unclassified,,,,,435.2,,,,,,,,,,,,,,,,,1.1,
BSE:KALLAM,KALLAM TEXTILES LTD,Equity,BSE,530201,INE629F01025,XT,Unclassified,,,,,2.01,,,,,,,,,,,,,,,,,0.3,
BSE:BRAWN,BRAWN BIOTECH LTD.,Equity,BSE,530207,INE899B01015,X,Unclassified,,,,,24.6,,,,,,,,,,,,,,,,,0.5,
BSE:FORINTL,FORTUNE INTERNATIONAL LTD.,Equity,BSE,530213,INE501D01013,X,Unclassified,,,,,78.5,,,,,,,,,,,,,,,,,0.1,
BSE:KINGSINFR,KINGS INFRA VENTURES LIMITED,Equity,BSE,530215,INE050N01010,X,Fast Moving Consumer Goods,Farm Products,Micro,174.0,,71.0,11.8,2.01,169.9,68.16,58.2,0.0,,,90.6,,,,,,,21556.0,101.4,
BSE:SWOJAS,SWOJAS FOODS LIMITED,Equity,BSE,530217,INE295B01016,X,Unclassified,,,,,7.03,,,,,,,,,,,,,,,,,0.3,
BSE:SUBSM,SUBHASH SILK MILLS LTD.,Equity,BSE,530231,INE690D01014,X,Unclassified,,,,,49.0,,,,,,,,,,,,,,,,,0.0,
BSE:AUROLAB,AURO LABORATORIES LTD.,Equity,BSE,530233,INE292C01011,X,Unclassified,,,,,243.8,,,,,,,,,,,,,,,,,0.3,
BSE:BRIDGESE,BRIDGE SECURITIES LTD.,Equity,BSE,530249,INE958C01025,X,Fast Moving Consumer Goods,Food Distribution,Micro,31.0,,7.94,33.8,4.71,20.9,7.57,62.0,0.0,,,0.8,,,,,,,684481.0,37.5,
BSE:RISAINTL,RISA INTERNATIONAL LTD.,Equity,BSE,530251,INE001O01029,X,Unclassified,,,,,0.44,,,,,,,,,,,,,,,,,0.5,
BSE:RAJTUBE,RAJASTHAN TUBE MANUFACTURING C,Equity,BSE,530253,INE497E01020,X,Unclassified,,,,,8.61,,,,,,,,,,,,,,,,,1.5,
BSE:KAYPOWR,KAY POWER AND PAPER LTD.,Equity,BSE,530255,INE961B01013,X,Unclassified,,,,,9.76,,,,,,,,,,,,,,,,,1.1,
BSE:INTSTOIL,INTER STATE OIL CARRIER LTD.,Equity,BSE,530259,INE003B01014,XT,Unclassified,,,,,51.5,,,,,,,,,,,,,,,,,0.2,
BSE:GLOBALCA,GLOBAL CAPITAL MARKETS LTD.,Equity,BSE,530263,INE062C01042,X,Unclassified,,,,,0.46,,,,,,,,,,,,,,,,,0.3,
BSE:SAINIK,SAINIK FINANCE & INDUSTRIES LT,Equity,BSE,530265,INE584B01013,X,Unclassified,,,,,38.79,,,,,,,,,,,,,,,,,1.4,
BSE:ARIGATO,ARIGATO UNIVERSE LIMITED,Equity,BSE,530267,INE021N01011,X,Unclassified,,,,,35.08,,,,,,,,,,,,,,,,,0.1,
BSE:RICHUNV,RICH UNIVERSE NETWORK LTD.,Equity,BSE,530271,INE652D01014,X,Unclassified,,,,,10.3,,,,,,,,,,,,,,,,,0.0,
BSE:QUANTDIA,QUANTUM DIGITAL VISION (INDIA),Equity,BSE,530281,INE373C01019,XT,Unclassified,,,,,42.97,,,,,,,,,,,,,,,,,0.1,
BSE:SPCAPIT,SP CAPITAL FINANCING LTD.,Equity,BSE,530289,INE102F01015,X,Unclassified,,,,,54.47,,,,,,,,,,,,,,,,,2.1,
BSE:PAOS,PAOS INDUSTRIES LIMITED,Equity,BSE,530291,INE791C01012,XT,Unclassified,,,,,50.0,,,,,,,,,,,,,,,,,0.1,
BSE:SHRAJOI,SHRI RAJIVLOCHAN OIL EXTRACTIO,Equity,BSE,530295,INE418K01015,X,Unclassified,,,,,25.41,,,,,,,,,,,,,,,,,0.1,
BSE:CHANDRAP,CHANDRA PRABHU INTERNATIONAL L,Equity,BSE,530309,INE368D01025,X,Unclassified,,,,,10.26,,,,,,,,,,,,,,,,,3.6,
BSE:KIMIABL,KIMIA BIOSCIENCES LIMITED,Equity,BSE,530313,INE285U01025,X,Unclassified,,,,,31.0,,,,,,,,,,,,,,,,,1.9,
BSE:HINDTIN,HINDUSTAN TIN WORKS LTD.,Equity,BSE,530315,INE428D01019,X,Unclassified,,,,,110.1,,,,,,,,,,,,,,,,,2.6,
BSE:GODAVARI,GODAVARI DRUGS LTD.,Equity,BSE,530317,INE362C01012,X,Healthcare,Drug Manufacturers - Specialty & Generic,Micro,130.0,,118.05,,1.18,135.25,69.7,12.7,0.0,,,100.7,,,,,,,7462.0,22.1,
BSE:KBSINDIA,KBS INDIA LIMITED,Equity,BSE,530357,INE883D01023,X,Unclassified,,,,,1.28,,,,,,,,,,,,,,,,,2.5,
BSE:PRABHHANS,PRABHHANS INDUSTRIES LIMITED,Equity,BSE,530361,INE428P01013,XT,Unclassified,,,,,56.66,,,,,,,,,,,,,,,,,2.5,
BSE:VAMSHIRU,VAMSHI RUBBER LTD.,Equity,BSE,530369,INE380C01014,X,Unclassified,,,,,39.0,,,,,,,,,,,,,,,,,0.3,
BSE:VINYOFL,VINYOFLEX LTD.,Equity,BSE,530401,INE526H01011,X,Unclassified,,,,,51.55,,,,,,,,,,,,,,,,,0.4,
BSE:JINDCAP,JINDAL CAPITAL LTD.,Equity,BSE,530405,INE356F01017,X,Unclassified,,,,,33.27,,,,,,,,,,,,,,,,,0.2,
BSE:EPIC,EPIC ENERGY LTD.,Equity,BSE,530407,INE932F01015,X,Unclassified,,,,,32.39,,,,,,,,,,,,,,,,,1.9,
BSE:KUWERIN,KUWER INDUSTRIES LTD.,Equity,BSE,530421,INE430F01010,X,Unclassified,,,,,9.92,,,,,,,,,,,,,,,,,1.9,
BSE:CHOKSI,CHOKSI ASIA LIMITED,Equity,BSE,530427,INE865B01016,X,Unclassified,,,,,205.05,,,,,,,,,,,,,,,,,7.4,
BSE:ASHISHPO,ASHISH POLYPLAST LTD.,Equity,BSE,530429,INE831C01016,X,Unclassified,,,,,28.0,,,,,,,,,,,,,,,,,0.5,
BSE:SIDDHA,SIDDHA VENTURES LTD.,Equity,BSE,530439,INE140C01012,X,Unclassified,,,,,4.39,,,,,,,,,,,,,,,,,0.1,
BSE:KIRANSY-B,KIRAN SYNTEX LTD.,Equity,BSE,530443,INE293D01017,X,Unclassified,,,,,14.8,,,,,,,,,,,,,,,,,0.0,
BSE:SUMERUIND,SUMERU INDUSTRIES LTD.,Equity,BSE,530445,INE764B01029,X,Unclassified,,,,,1.34,,,,,,,,,,,,,,,,,0.1,
BSE:RUNGTAIR,RUNGTA IRRIGATION LTD.,Equity,BSE,530449,INE347C01013,X,Unclassified,,,,,49.89,,,,,,,,,,,,,,,,,0.1,
BSE:GTTDATA,GTT DATA SOLUTIONS LIMITED,Equity,BSE,530457,INE959B01017,X,Information Technology,Information Technology Services,Micro,143.0,,34.26,,1.85,101.8,32.5,66.3,0.0,,,46.3,,,,,,,30488.0,15.9,
BSE:VALSONQ,VALSON INDUSTRIES LTD.,Equity,BSE,530459,INE808A01018,XT,Unclassified,,,,,42.0,,,,,,,,,,,,,,,,,0.0,
BSE:SABOOSOD,SABOO SODIUM CHLORO LTD.,Equity,BSE,530461,INE440C01016,X,Unclassified,,,,,11.61,,,,,,,,,,,,,,,,,0.6,
BSE:VIKRAMTH,VIKRAM THERMO (INDIA) LTD.,Equity,BSE,530477,INE337E01010,X,Healthcare,Drug Manufacturers - Specialty & Generic,Micro,1273.0,,405.9,29.0,8.12,445.0,133.2,8.8,1.25,0.31,,3.0,,,,,,,26010.0,118.9,
BSE:STRATMONT,STRATMONT INDUSTRIES LIMITED,Equity,BSE,530495,INE473C01025,X,Unclassified,,,,,56.05,,,,,,,,,,,,,,,,,0.7,
BSE:RRETAIL,RAJNISH RETAIL LIMITED,Equity,BSE,530525,INE786J01033,XT,Unclassified,,,,,2.08,,,,,,,,,,,,,,,,,1.0,
BSE:COSCO,COSCO (INDIA) LTD.,Equity,BSE,530545,INE949B01018,X,Unclassified,,,,,178.95,,,,,,,,,,,,,,,,,1.4,
BSE:NCLRESE,NCL RESEARCH & FINANCIAL SERVI,Equity,BSE,530557,INE132F01038,XT,Financial Services,Credit Services,Micro,77.0,,0.72,,0.73,0.87,0.39,17.2,0.0,,,,,,,,,,5240842.0,32.0,
BSE:EXPLICITFIN,EXPLICIT FINANCE LTD.,Equity,BSE,530571,INE335G01019,X,Unclassified,,,,,7.72,,,,,,,,,,,,,,,,,0.0,
BSE:EKAMLEA,EKAM LEASING & FINANCE CO.LTD.,Equity,BSE,530581,INE906L01025,XT,Unclassified,,,,,6.5,,,,,,,,,,,,,,,,,0.0,
BSE:SWASTIKA,SWASTIKA INVESTMART LIMITED,Equity,BSE,530585,INE691C01022,XT,Financial Services,Capital Markets,Micro,293.0,,146.0,21.8,2.16,195.0,43.65,25.1,0.6,0.41,,10.6,,,,,,,94237.0,21.5,
BSE:PRIMAPLA,PRIMA PLASTICS LTD.,Equity,BSE,530589,INE573B01016,X,Consumer Discretionary,"Furnishings, Fixtures & Appliances",Micro,153.0,,137.8,7.2,0.82,156.95,88.0,12.2,2.0,1.45,,14.4,,,,,,,7993.0,21.4,
BSE:TELECANOR,TELECANOR GLOBAL LTD.,Equity,BSE,530595,INE381G01013,XT,Unclassified,,,,,15.07,,,,,,,,,,,,,,,,,1.5,
BSE:GARGFUR,GARG FURNACE LTD.,Equity,BSE,530615,INE194E01015,XT,Materials,Steel,Micro,115.0,,230.15,14.0,1.58,255.5,108.65,9.9,0.0,,,13.4,,,,,,,17482.0,44.3,
BSE:SAMPRE,SAMPRE NUTRITIONS LTD.,Equity,BSE,530617,INE375C01022,X,Fast Moving Consumer Goods,Confectioners,Micro,55.0,,5.86,4.0,0.46,42.32,4.51,86.2,0.0,,,16.7,,,,,,,276138.0,10.6,
BSE:AAIL,Akar Auto Industries Limited,Equity,BSE,530621,INE864E01021,XT,Unclassified,,,,,85.46,,,,,,,,,,,,,,,,,1.3,
BSE:VIPULORG,Vipul Organics Limited,Equity,BSE,530627,INE834D01018,X,Materials,Specialty Chemicals,Micro,500.0,,259.75,60.9,4.02,309.0,156.8,15.9,0.8,0.31,,45.2,,,,,,,8841.0,22.7,
BSE:GOYALASS,GOYAL ASSOCIATES LTD.,Equity,BSE,530663,INE912B01032,X,Unclassified,,,,,1.02,,,,,,,,,,,,,,,,,0.6,
BSE:ZENITHHE,ZENITH HEALTH CARE LTD.,Equity,BSE,530665,INE812B01026,X,Unclassified,,,,,3.15,,,,,,,,,,,,,,,,,1.3,
BSE:YORKEXP,YORK EXPORTS LTD.,Equity,BSE,530675,INE057Q01018,X,Unclassified,,,,,60.46,,,,,,,,,,,,,,,,,0.1,
BSE:KROWNIQ,KROWNIQ LIMITED,Equity,BSE,530689,INE624M01014,X,Unclassified,,,,,49.29,,,,,,,,,,,,,,,,,7.7,
BSE:PRIMEPRO,PRIME PROPERTY DEVELOPMENT COR,Equity,BSE,530695,INE233C01023,X,Unclassified,,,,,25.88,,,,,,,,,,,,,,,,,1.4,
BSE:ZENLABS,Zenlabs Ethica Limited,Equity,BSE,530697,INE546F01013,X,Unclassified,,,,,28.1,,,,,,,,,,,,,,,,,0.3,
BSE:ANIRIT,ANIRIT VENTURES LIMITED,Equity,BSE,530705,INE161F01011,X,Unclassified,,,,,38.1,,,,,,,,,,,,,,,,,0.1,
BSE:GOWRALE,GOWRA LEASING & FINANCE LTD.,Equity,BSE,530709,INE225G01012,X,Unclassified,,,,,91.0,,,,,,,,,,,,,,,,,0.0,
BSE:JAGANLAM,JAGAN LAMPS LTD.,Equity,BSE,530711,INE144C01014,X,Unclassified,,,,,56.9,,,,,,,,,,,,,,,,,0.2,
BSE:ASITCFIN,ASIT C.MEHTA FINANCIAL SERVICE,Equity,BSE,530723,INE041B01014,X,Unclassified,,,,,108.0,,,,,,,,,,,,,,,,,0.3,
BSE:OVOBELE,OVOBEL FOODS LTD.,Equity,BSE,530741,INE812S01012,XT,Fast Moving Consumer Goods,Packaged Foods,Micro,247.0,,260.0,6.7,2.24,284.5,105.6,8.6,0.0,,,25.9,,,,,,,10883.0,15.8,
BSE:CHALLANI,CHALLANI CAPITAL LIMITED,Equity,BSE,530747,INE807A01010,X,Unclassified,,,,,17.33,,,,,,,,,,,,,,,,,0.3,
BSE:CORNE,CORAL NEWSPRINTS LTD.,Equity,BSE,530755,INE715D01019,X,Unclassified,,,,,9.2,,,,,,,,,,,,,,,,,0.0,
BSE:MIDAAS,MIDAAS FASHIONS LIMITED,Equity,BSE,530757,INE0OUS01011,XT,Unclassified,,,,,132.0,,,,,,,,,,,,,,,,,0.2,
BSE:DYNAMICP,DYNAMIC PORTFOLIO MANAGEMENT &,Equity,BSE,530779,INE118C01018,XT,Unclassified,,,,,17.87,,,,,,,,,,,,,,,,,0.1,
BSE:INLANPR,INLAND PRINTERS LTD.,Equity,BSE,530787,INE055O01033,XT,Unclassified,,,,,66.43,,,,,,,,,,,,,,,,,2.3,
BSE:CEEJAY,CEEJAY FINANCE LTD.,Equity,BSE,530789,INE358C01010,X,Unclassified,,,,,152.6,,,,,,,,,,,,,,,,,0.0,
BSE:SUNCITYSY,SUNCITY SYNTHETICS LTD.,Equity,BSE,530795,INE584D01019,XT,Unclassified,,,,,12.0,,,,,,,,,,,,,,,,,0.0,
BSE:ANNAINFRA,ANNA INFRASTRUCTURES LTD.,Equity,BSE,530799,INE336D01014,X,Unclassified,,,,,23.42,,,,,,,,,,,,,,,,,0.0,
BSE:OIVL,ONESOURCE INDUSTRIES AND VENTU,Equity,BSE,530805,INE125F01032,X,Fast Moving Consumer Goods,Farm Products,Micro,12.0,,3.88,,1.52,14.92,3.5,74.0,0.0,,,68.0,,,,,,,125949.0,16.9,
BSE:BNRUDY,BNR UDYOG LTD.,Equity,BSE,530809,INE355C01016,X,Unclassified,,,,,37.59,,,,,,,,,,,,,,,,,0.0,
BSE:SSPDL,SSPDL LTD.,Equity,BSE,530821,INE838C01011,X,Unclassified,,,,,13.17,,,,,,,,,,,,,,,,,0.4,
BSE:DAIKAFFI,DAIKAFFIL CHEMICALS INDIA LTD.,Equity,BSE,530825,INE789B01018,XT,Unclassified,,,,,48.51,,,,,,,,,,,,,,,,,0.1,
BSE:CILSEC,CIL SECURITIES LIMITED,Equity,BSE,530829,INE830A01012,X,Unclassified,,,,,36.14,,,,,,,,,,,,,,,,,0.7,
BSE:CLIOINFO,CLIO INFOTECH LTD.,Equity,BSE,530839,INE011B01017,XT,Unclassified,,,,,13.46,,,,,,,,,,,,,,,,,3.2,
BSE:HIPOLIN,HIPOLIN LTD.,Equity,BSE,530853,INE963A01011,XT,Unclassified,,,,,84.16,,,,,,,,,,,,,,,,,0.1,
BSE:GDLLEAS,GDL LEASING & FINANCE LTD.,Equity,BSE,530855,INE545E01018,X,Unclassified,,,,,68.0,,,,,,,,,,,,,,,,,1.6,
BSE:ABVL,Arunjyoti Bio Ventures Limited,Equity,BSE,530881,INE485K01022,X,Unclassified,,,,,4.04,,,,,,,,,,,,,,,,,4.1,
BSE:SUCROSA,SUPER CROP SAFE LTD.,Equity,BSE,530883,INE366G01022,XT,Unclassified,,,,,13.36,,,,,,,,,,,,,,,,,9.2,
BSE:AUDROC,AUDROC Limited,Equity,BSE,530889,INE061B01038,XT,Unclassified,,,,,22.64,,,,,,,,,,,,,,,,,0.0,
BSE:NGIND,N.G.INDUSTRIES LTD.,Equity,BSE,530897,INE825C01018,X,Unclassified,,,,,109.9,,,,,,,,,,,,,,,,,0.1,
BSE:SICAPIT,SI CAPITAL & FINANCIAL SERVICE,Equity,BSE,530907,INE417F01017,XT,Unclassified,,,,,11.65,,,,,,,,,,,,,,,,,2.1,
BSE:RAMSONS,RAMSONS PROJECTS LTD.,Equity,BSE,530925,INE609D01014,X,Unclassified,,,,,80.0,,,,,,,,,,,,,,,,,0.2,
BSE:RAMINFO,RAMINFO LIMITED,Equity,BSE,530951,INE357B01022,X,Unclassified,,,,,44.94,,,,,,,,,,,,,,,,,0.2,
BSE:SUNILAGR,SUNIL AGRO FOODS LTD.,Equity,BSE,530953,INE224D01012,X,Unclassified,,,,,74.1,,,,,,,,,,,,,,,,,2.2,
BSE:DIANATEA,DIANA TEA CO.LTD.,Equity,BSE,530959,INE012E01035,X,Unclassified,,,,,27.05,,,,,,,,,,,,,,,,,6.6,
BSE:ALFAICA,ALFA ICA (INDIA) LTD.,Equity,BSE,530973,INE042C01010,X,Unclassified,,,,,75.3,,,,,,,,,,,,,,,,,0.0,
BSE:SKCIL,Shri Keshav Cements and Infra,Equity,BSE,530977,INE260E01014,X,Unclassified,,,,,98.5,,,,,,,,,,,,,,,,,0.3,
BSE:INDIAHOME,INDIA HOME LOAN LTD.,Equity,BSE,530979,INE274E01015,X,Unclassified,,,,,31.54,,,,,,,,,,,,,,,,,0.1,
BSE:ROOPAIND,ROOPA INDUSTRIES LTD.,Equity,BSE,530991,INE443C01010,X,Unclassified,,,,,46.9,,,,,,,,,,,,,,,,,1.7,
BSE:SARTHAKGL,SARTHAK GLOBAL LTD.,Equity,BSE,530993,INE075H01019,XT,Unclassified,,,,,41.0,,,,,,,,,,,,,,,,,0.1,
BSE:UNIQUEO,UNIQUE ORGANICS LTD.,Equity,BSE,530997,INE333E01019,X,Unclassified,,,,,84.98,,,,,,,,,,,,,,,,,1.2,
BSE:SWRNASE,SWARNA SECURITIES LTD.,Equity,BSE,531003,INE595G01018,X,Unclassified,,,,,87.76,,,,,,,,,,,,,,,,,0.0,
BSE:VENMAX,VENMAX DRUGS AND PHARMACEUTICA,Equity,BSE,531015,INE154G01022,X,Unclassified,,,,,14.5,,,,,,,,,,,,,,,,,0.2,
BSE:ARISE,ARIHANTS SECURITIES LTD.,Equity,BSE,531017,INE190D01015,X,Unclassified,,,,,21.31,,,,,,,,,,,,,,,,,0.3,
BSE:VISAGAR,VISAGAR FINANCIAL SERVICES LTD,Equity,BSE,531025,INE309H01038,X,Unclassified,,,,,0.29,,,,,,,,,,,,,,,,,4.1,
BSE:REGAL,REGAL ENTERTAINMENT & CONSULTA,Equity,BSE,531033,INE101E01010,X,Unclassified,,,,,15.82,,,,,,,,,,,,,,,,,0.0,
BSE:SWADHATURE,Swadha Nature Limited,Equity,BSE,531039,INE0P4R01017,X,Unclassified,,,,,7.87,,,,,,,,,,,,,,,,,0.0,
BSE:ZDHJERK,DHANVANTRI JEEVAN REKHA LTD.,Equity,BSE,531043,INE239F01015,X,Unclassified,,,,,22.55,,,,,,,,,,,,,,,,,0.0,
BSE:NEELKAN,NEELKANTH ROCKMINERALS LTD.,Equity,BSE,531049,INE741D01015,Z,Unclassified,,,,,68.53,,,,,,,,,,,,,,,,,0.8,
BSE:CONTILI,CONTIL INDIA LTD.,Equity,BSE,531067,INE080G01029,X,Unclassified,,,,,19.0,,,,,,,,,,,,,,,,,0.1,
BSE:NIHARINF,NIHAR INFO GLOBAL LTD.,Equity,BSE,531083,INE876E01033,X,Unclassified,,,,,4.45,,,,,,,,,,,,,,,,,0.1,
BSE:UNITDCR,UNITED CREDIT LTD.,Equity,BSE,531091,INE858C01027,X,Unclassified,,,,,22.0,,,,,,,,,,,,,,,,,0.1,
BSE:CENTUPLE,CENTUPLE GLOBAL LIMITED,Equity,BSE,531099,INE396H01019,XT,Unclassified,,,,,31.88,,,,,,,,,,,,,,,,,1.1,
BSE:CEENIK,CEENIK EXPORTS (INDIA) LTD.,Equity,BSE,531119,INE418D01010,XT,Unclassified,,,,,218.9,,,,,,,,,,,,,,,,,1.0,
BSE:KATIPATANG,KATI PATANG LIFESTYLE LIMITED,Equity,BSE,531126,INE237C01016,X,Unclassified,,,,,12.49,,,,,,,,,,,,,,,,,4.1,
BSE:MENAMANI,MENA MANI INDUSTRIES LIMITED,Equity,BSE,531127,INE148B01033,XT,Unclassified,,,,,14.05,,,,,,,,,,,,,,,,,2.9,
BSE:INANI,INANI MARBLES & INDUSTRIES LTD,Equity,BSE,531129,INE635D01027,X,Unclassified,,,,,11.93,,,,,,,,,,,,,,,,,9.9,
BSE:GEMSI,GEMSTONE INVESTMENTS LTD.,Equity,BSE,531137,INE503D01027,X,Unclassified,,,,,1.29,,,,,,,,,,,,,,,,,1.0,
BSE:ELFORGE,EL FORGE LTD.,Equity,BSE,531144,INE158F01017,X,Capital Goods,Metal Fabrication,Micro,50.0,,24.36,15.3,1.82,29.42,12.1,17.2,0.0,,9.4,17.2,,,,,,,49470.0,18.8,
BSE:DILIGENT,DILIGENT INDUSTRIES LTD.,Equity,BSE,531153,INE650C01036,X,Unclassified,,,,,2.09,,,,,,,,,,,,,,,,,0.8,
BSE:EPSOMPRO,EPSOM PROPERTIES LTD.,Equity,BSE,531155,INE601F01016,X,Unclassified,,,,,8.5,,,,,,,,,,,,,,,,,0.0,
BSE:ALFAVIO,ALFAVISION OVERSEAS (INDIA) LT,Equity,BSE,531156,INE883B01027,XT,Unclassified,,,,,12.82,,,,,,,,,,,,,,,,,1.5,
BSE:ORGCOAT,ORGANIC COATINGS LTD.,Equity,BSE,531157,INE412E01011,X,Unclassified,,,,,19.54,,,,,,,,,,,,,,,,,3.1,
BSE:CATVISION,CATVISION  LIMITED,Equity,BSE,531158,INE660B01011,X,Unclassified,,,,,19.52,,,,,,,,,,,,,,,,,0.6,
BSE:KEMISTAR,KEMISTAR CORPORATION LIMITED,Equity,BSE,531163,INE971L01029,X,Unclassified,,,,,49.4,,,,,,,,,,,,,,,,,0.0,
BSE:ASSOCER,ASSOCIATED CERAMICS LTD.,Equity,BSE,531168,INE771E01010,X,Unclassified,,,,,146.3,,,,,,,,,,,,,,,,,0.1,
BSE:SKPSEC,SKP SECURITIES LTD.,Equity,BSE,531169,INE709B01016,X,Unclassified,,,,,94.39,,,,,,,,,,,,,,,,,0.4,
BSE:SYSCHEM,SYSCHEM (INDIA) LTD.,Equity,BSE,531173,INE121D01036,X,Unclassified,,,,,34.8,,,,,,,,,,,,,,,,,7.6,
BSE:MEFCOMCAP,MEFCOM CAPITAL MARKETS LTD.,Equity,BSE,531176,INE186C01023,X,Unclassified,,,,,11.26,,,,,,,,,,,,,,,,,2.0,
BSE:HEMANG,HEMANG RESOURCES LIMITED,Equity,BSE,531178,INE930A01010,X,Unclassified,,,,,9.35,,,,,,,,,,,,,,,,,0.0,
BSE:FILTRON,FILTRON ENGINEERS LTD.,Equity,BSE,531191,INE589N01017,X,Unclassified,,,,,71.97,,,,,,,,,,,,,,,,,0.0,
BSE:GLANCE,GLANCE FINANCE LTD.,Equity,BSE,531199,INE580D01017,X,Unclassified,,,,,191.0,,,,,,,,,,,,,,,,,0.1,
BSE:SPRIGHT,SPRIGHT AGRO LIMITED,Equity,BSE,531205,INE179O01031,X,Materials,Agricultural Inputs,Micro,40.0,,0.37,,-0.24,1.18,0.32,68.6,0.02,5.88,,6.5,,,,,,,5267661.0,38.8,
BSE:COLINZ,COLINZ LABORATORIES LTD.,Equity,BSE,531210,INE923C01011,XT,Unclassified,,,,,73.5,,,,,,,,,,,,,,,,,2.0,
BSE:NLFL,NALIN LEASE FINANCE LTD.,Equity,BSE,531212,INE606C01012,X,Unclassified,,,,,38.4,,,,,,,,,,,,,,,,,0.0,
BSE:SHYAMACOMP,Shyama Computronics and Servic,Equity,BSE,531219,INE861E01019,P,Unclassified,,,,,3.57,,,,,,,,,,,,,,,,,0.1,
BSE:MAYURFL,MAYUR FLOORINGS LTD.,Equity,BSE,531221,INE262W01012,X,Unclassified,,,,,17.87,,,,,,,,,,,,,,,,,0.0,
BSE:ANJANI,ANJANI SYNTHETICS LTD.,Equity,BSE,531223,INE364D01032,X,Unclassified,,,,,27.53,,,,,,,,,,,,,,,,,1.2,
BSE:RANDER,RANDER CORPORATION LTD.,Equity,BSE,531228,INE821D01031,XT,Unclassified,,,,,12.9,,,,,,,,,,,,,,,,,0.0,
BSE:RASIELEC,RASI ELECTRODES LTD.,Equity,BSE,531233,INE822D01021,X,Unclassified,,,,,13.18,,,,,,,,,,,,,,,,,2.0,
BSE:SCOOBEEDAY,SCOOBEE DAY GARMENTS (INDIA) L,Equity,BSE,531234,INE962E01015,X,Unclassified,,,,,66.65,,,,,,,,,,,,,,,,,0.6,
BSE:CITIPOR,CITIPORT FINANCIAL SERVICES LT,Equity,BSE,531235,INE494D01011,X,Unclassified,,,,,38.85,,,,,,,,,,,,,,,,,0.0,
BSE:DHRUVCA,DHRUVA CAPITAL SERVICES LTD.,Equity,BSE,531237,INE972E01014,X,Unclassified,,,,,77.74,,,,,,,,,,,,,,,,,0.9,
BSE:PRIMAIN,PRIMA INDUSTRIES LTD.,Equity,BSE,531246,INE723N01012,X,Unclassified,,,,,16.31,,,,,,,,,,,,,,,,,0.2,
BSE:INDGELA,INDIA GELATINE & CHEMICALS LTD,Equity,BSE,531253,INE342D01012,X,Materials,Specialty Chemicals,Micro,262.0,,369.4,10.1,1.36,418.0,295.0,11.6,6.0,1.62,,2.1,,,,,,,1905.0,11.8,
BSE:PARAGONF,PARAGON FINANCE LTD.,Equity,BSE,531255,INE015E01012,X,Unclassified,,,,,54.7,,,,,,,,,,,,,,,,,0.0,
BSE:VELLORA,VELLORA IMPACT LIMITED,Equity,BSE,531257,INE530D01012,X,Unclassified,,,,,14.37,,,,,,,,,,,,,,,,,1.7,
BSE:ESHAMEDIA,ESHA MEDIA RESEARCH LIMITED,Equity,BSE,531259,INE328F01016,XT,Unclassified,,,,,38.19,,,,,,,,,,,,,,,,,0.0,
BSE:B2BSOFT,B2B SOFTWARE TECHNOLOGIES LTD.,Equity,BSE,531268,INE151B01011,X,Unclassified,,,,,22.64,,,,,,,,,,,,,,,,,2.5,
BSE:NIKKIGL,NIKKI GLOBAL FINANCE LTD.,Equity,BSE,531272,INE526C01012,X,Unclassified,,,,,19.95,,,,,,,,,,,,,,,,,0.2,
BSE:RADHEDE,RADHE DEVELOPERS (INDIA) LTD.,Equity,BSE,531273,INE986B01044,X,Unclassified,,,,,1.35,,,,,,,,,,,,,,,,,2.3,
BSE:KINETRU,KINETIC TRUST LTD.,Equity,BSE,531274,INE674M01019,XT,Unclassified,,,,,51.15,,,,,,,,,,,,,,,,,0.0,
BSE:ELIXIR,Elixir Capital Limited,Equity,BSE,531278,INE785D01012,X,Unclassified,,,,,98.0,,,,,,,,,,,,,,,,,0.3,
BSE:TRISHAKT,Trishakti Industries Limited,Equity,BSE,531279,INE238C01022,XT,Oil Gas & Consumable Fuels,Oil & Gas Equipment & Services,Micro,426.0,,251.55,38.2,9.32,284.9,114.9,11.7,0.2,0.08,,190.5,,,,,,,48508.0,41.9,
BSE:PANKAJPO,PANKAJ POLYMERS LTD.,Equity,BSE,531280,INE698B01011,XT,Unclassified,,,,,126.55,,,,,,,,,,,,,,,,,2.9,
BSE:MARBLE,MARBLE CITY INDIA LIMITED,Equity,BSE,531281,INE807H01023,XT,Unclassified,,,,,166.0,,,,,,,,,,,,,,,,,4.2,
BSE:ADHHATA,ADHATA GLOBAL LIMITED,Equity,BSE,531286,INE586D01014,X,Unclassified,,,,,20.53,,,,,,,,,,,,,,,,,0.0,
BSE:NATPLASTI,NATIONAL PLASTIC TECHNOLOGIES,Equity,BSE,531287,INE896D01017,X,Unclassified,,,,,213.0,,,,,,,,,,,,,,,,,1.4,
BSE:LEADFIN,LEAD FINANCIAL SERVICES LTD.,Equity,BSE,531288,INE531D01010,X,Unclassified,,,,,17.0,,,,,,,,,,,,,,,,,0.0,
BSE:NATFIT,NATIONAL FITTINGS LIMITED,Equity,BSE,531289,INE643C01015,XT,Capital Goods,Building Products & Equipment,Micro,283.0,,311.6,27.2,3.18,330.0,133.6,5.6,1.0,0.32,,17.6,,,,,,,27849.0,74.5,
BSE:ARTEFACT,ARTEFACT PROJECTS LTD.,Equity,BSE,531297,INE885B01014,X,Unclassified,,,,,52.8,,,,,,,,,,,,,,,,,1.1,
BSE:TUSALDAH,TUSALDAH LIMITED,Equity,BSE,531301,INE319M01011,X,Unclassified,,,,,174.15,,,,,,,,,,,,,,,,,0.3,
BSE:NUTECGLOB,NUTECH GLOBAL LTD.,Equity,BSE,531304,INE960H01012,X,Unclassified,,,,,27.8,,,,,,,,,,,,,,,,,0.4,
BSE:DHPIND,DHP INDIA LTD.,Equity,BSE,531306,INE590D01016,X,Unclassified,,,,,504.8,,,,,,,,,,,,,,,,,1.0,
BSE:AVAILFC,AVAILABLE FINANCE LTD.,Equity,BSE,531310,INE325G01010,X,Unclassified,,,,,134.1,,,,,,,,,,,,,,,,,6.2,
BSE:INTCAPL,INTEGRA CAPITAL LIMITED,Equity,BSE,531314,INE366H01012,X,Unclassified,,,,,12.65,,,,,,,,,,,,,,,,,0.0,
BSE:MGIL,MARUTI GLOBAL INDUSTRIES LIMIT,Equity,BSE,531319,INE368C01019,X,Unclassified,,,,,41.89,,,,,,,,,,,,,,,,,1.3,
BSE:JAYIND,JAYATMA INDUSTRIES LIMITED,Equity,BSE,531323,INE250D01017,X,Unclassified,,,,,12.35,,,,,,,,,,,,,,,,,0.0,
BSE:ROSELABS,ROSELABS FINANCE LTD.,Equity,BSE,531324,INE475C01012,X,Unclassified,,,,,21.09,,,,,,,,,,,,,,,,,0.1,
BSE:KRETTOSYS,KRETTO SYSCON LIMITED,Equity,BSE,531328,INE128R01023,X,Unclassified,,,,,0.44,,,,,,,,,,,,,,,,,8.9,
BSE:VIKALPS,VIKALP SECURITIES LTD.,Equity,BSE,531334,INE186E01011,X,Unclassified,,,,,22.15,,,,,,,,,,,,,,,,,0.0,
BSE:BERVINL,BERVIN INVESTMENT & LEASING LT,Equity,BSE,531340,INE348I01018,X,Unclassified,,,,,49.1,,,,,,,,,,,,,,,,,0.0,
BSE:EASTRED,EASTERN TREADS LTD.,Equity,BSE,531346,INE500D01015,X,Unclassified,,,,,29.58,,,,,,,,,,,,,,,,,0.7,
BSE:PEETISEC,PEETI SECURITIES LTD.,Equity,BSE,531352,INE328D01011,X,Unclassified,,,,,20.37,,,,,,,,,,,,,,,,,0.0,
BSE:SRAMSET,SHRIRAM ASSET MANAGEMENT CO.LT,Equity,BSE,531359,INE777G01012,X,Unclassified,,,,,257.25,,,,,,,,,,,,,,,,,0.6,
BSE:GOLECHA,GOLECHHA GLOBAL FINANCE LTD.,Equity,BSE,531360,INE427D01011,X,Unclassified,,,,,25.01,,,,,,,,,,,,,,,,,0.0,
BSE:EKANSH,Ekansh Concepts Limited,Equity,BSE,531364,INE005E01013,X,Unclassified,,,,,201.35,,,,,,,,,,,,,,,,,2.3,
BSE:SPAR,SPARC ELECTREX LIMITED,Equity,BSE,531370,INE960B01015,X,Unclassified,,,,,4.39,,,,,,,,,,,,,,,,,1.5,
BSE:CSURGSU,CENTENIAL SURGICAL SUTURE LTD.,Equity,BSE,531380,INE405H01018,X,Unclassified,,,,,102.0,,,,,,,,,,,,,,,,,0.0,
BSE:HASTIFIN,HASTI FINANCE LTD.,Equity,BSE,531387,INE671D01014,XT,Unclassified,,,,,8.1,,,,,,,,,,,,,,,,,0.0,
BSE:UPSURGE,UPSURGE INVESTMENT & FINANCE L,Equity,BSE,531390,INE890B01014,X,Financial Services,Capital Markets,Micro,135.0,,61.57,12.4,1.16,94.8,54.59,35.1,0.5,0.81,,3.9,,,,,,,29483.0,38.3,
BSE:PADAMCO,PADAM COTTON YARNS LTD.,Equity,BSE,531395,INE448D01025,XT,Unclassified,,,,,0.92,,,,,,,,,,,,,,,,,2.2,
BSE:WOMENNET,WOMEN NETWORKS LTD.,Equity,BSE,531396,INE905B01010,X,Unclassified,,,,,6.82,,,,,,,,,,,,,,,,,0.0,
BSE:POLYCON,POLYCON INTERNATIONAL LTD.,Equity,BSE,531397,INE262C01014,XT,Unclassified,,,,,26.32,,,,,,,,,,,,,,,,,0.0,
BSE:SOURCENTRL,SOURCE NATURAL FOODS & HERBAL,Equity,BSE,531398,INE679C01027,X,Unclassified,,,,,107.4,,,,,,,,,,,,,,,,,1.4,
BSE:GGAUTO,G.G.AUTOMOTIVE GEARS LTD.,Equity,BSE,531399,INE493B01017,X,Consumer Discretionary,Auto Parts,Micro,209.0,,209.3,21.7,,323.0,125.3,35.2,0.0,,,,,,,,,,12619.0,33.2,
BSE:LWSKNIT,LWS KNITWEAR LTD.,Equity,BSE,531402,INE281M01013,X,Unclassified,,,,,15.34,,,,,,,,,,,,,,,,,7.8,
BSE:ANSINDUS,ANS INDUSTRIES LTD,Equity,BSE,531406,INE234J01018,XT,Unclassified,,,,,20.0,,,,,,,,,,,,,,,,,0.4,
BSE:TUNITEX,TUNI TEXTILE MILLS LTD.,Equity,BSE,531411,INE560D01027,XT,Consumer Discretionary,Textile Manufacturing,Micro,34.0,,2.14,35.7,1.89,2.14,0.83,0.0,0.0,,,196.7,,,,,,,1356055.0,116.3,
BSE:RADIXIND,RADIX INDUSTRIES (INDIA) LIMIT,Equity,BSE,531412,INE576N01014,X,Unclassified,,,,,128.5,,,,,,,,,,,,,,,,,0.0,
BSE:NARPROP,NARENDRA PROPERTIES LTD.,Equity,BSE,531416,INE603F01012,X,Unclassified,,,,,32.85,,,,,,,,,,,,,,,,,0.3,
BSE:MEGACOR,MEGA CORPORATION LTD.,Equity,BSE,531417,INE804B01023,X,Unclassified,,,,,2.35,,,,,,,,,,,,,,,,,1.0,
BSE:BMBMUMG,BMB MUSIC & MAGNETICS LTD.,Equity,BSE,531420,INE644K01016,XT,Unclassified,,,,,5.86,,,,,,,,,,,,,,,,,0.1,
BSE:SUNGOLD,SUNGOLD CAPITAL LTD.,Equity,BSE,531433,INE271D01013,X,Unclassified,,,,,2.85,,,,,,,,,,,,,,,,,0.0,
BSE:SAFFRON,SAFFRON INDUSTRIES LIMITED,Equity,BSE,531436,INE474D01013,X,Unclassified,,,,,23.12,,,,,,,,,,,,,,,,,0.3,
BSE:PWASML,Prakash Woollen & Synthetic Mi,Equity,BSE,531437,INE523I01016,X,Unclassified,,,,,21.83,,,,,,,,,,,,,,,,,0.4,
BSE:LYONSCO,LYONS CORPORATE MARKET LTD.,Equity,BSE,531441,INE100F01019,X,Unclassified,,,,,20.33,,,,,,,,,,,,,,,,,0.0,
BSE:POLYLINK,POLYLINK POLYMERS (INDIA) LTD.,Equity,BSE,531454,INE323D01020,X,Unclassified,,,,,21.56,,,,,,,,,,,,,,,,,2.7,
BSE:MINAXI,MINAXI TEXTILES LTD.,Equity,BSE,531456,INE952C01028,X,Unclassified,,,,,1.29,,,,,,,,,,,,,,,,,0.1,
BSE:BOSTON,BOSTON COMMERCE LIMITED,Equity,BSE,531458,INE109B01019,XT,Unclassified,,,,,10.12,,,,,,,,,,,,,,,,,2.2,
BSE:CONTICON,CONTINENTAL CONTROLS LTD.,Equity,BSE,531460,INE545B01022,XT,Unclassified,,,,,16.5,,,,,,,,,,,,,,,,,0.0,
BSE:NOUVEAU,NOUVEAU GLOBAL VENTURES LTD.,Equity,BSE,531465,INE317B01042,XT,Unclassified,,,,,0.32,,,,,,,,,,,,,,,,,0.2,
BSE:DUKEOFS,DUKE OFFSHORE LTD.,Equity,BSE,531471,INE397G01019,XT,Unclassified,,,,,89.22,,,,,,,,,,,,,,,,,5.5,
BSE:CYBELEIND,CYBELE INDUSTRIES LTD.,Equity,BSE,531472,INE183D01010,X,Unclassified,,,,,36.04,,,,,,,,,,,,,,,,,1.8,
BSE:FILME,FILMCITY MEDIA LTD.,Equity,BSE,531486,INE600B01033,XT,Unclassified,,,,,1.53,,,,,,,,,,,,,,,,,0.3,
BSE:ESARIND,ESAAR (INDIA) LTD.,Equity,BSE,531502,INE404L01039,X,Financial Services,Capital Markets,Micro,88.0,,10.99,0.9,0.57,16.07,7.66,31.6,0.0,,,118.5,,,,,,,214251.0,65.0,
BSE:MARIS,MARIS SPINNERS LTD.,Equity,BSE,531503,INE866D01010,X,Unclassified,,,,,37.5,,,,,,,,,,,,,,,,,0.8,
BSE:SKRABUL,SHUKRA BULLIONS LTD.,Equity,BSE,531506,INE561E01015,X,Unclassified,,,,,31.24,,,,,,,,,,,,,,,,,0.9,
BSE:ORIENTTR,ORIENT TRADELINK LTD.,Equity,BSE,531512,INE681D01039,X,Unclassified,,,,,4.01,,,,,,,,,,,,,,,,,5.6,
BSE:MAHANIN,MAHAN INDUSTRIES LTD.,Equity,BSE,531515,INE735D01041,XT,Unclassified,,,,,27.88,,,,,,,,,,,,,,,,,0.4,
BSE:VIKASPROP,VIKAS PROPPANT & GRANITE LTD.,Equity,BSE,531518,INE767B01022,Z,Unclassified,,,,,0.26,,,,,,,,,,,,,,,,,0.6,
BSE:ACESOFT,ACE SOFTWARE EXPORTS LTD.,Equity,BSE,531525,INE849B01010,XT,Information Technology,Software - Application,Micro,455.0,,192.05,64.9,2.8,378.8,106.0,49.3,0.0,,,11.6,,,,,,,60694.0,57.9,
BSE:SOFTRAKV,SOFTRAK VENTURE INVESTMENT LTD,Equity,BSE,531529,INE562E01021,XT,Unclassified,,,,,1.59,,,,,,,,,,,,,,,,,0.3,
BSE:BETALA,BETALA GLOBAL SECURITIES LTD.,Equity,BSE,531530,INE658E01027,X,Unclassified,,,,,27.26,,,,,,,,,,,,,,,,,0.3,
BSE:ACCEDERE,ACCEDERE LIMITED,Equity,BSE,531533,INE578B01015,X,Unclassified,,,,,44.47,,,,,,,,,,,,,,,,,0.7,
BSE:MIZVEN,MIZZEN VENTURES LIMITED,Equity,BSE,531537,INE681K01026,XT,Unclassified,,,,,33.3,,,,,,,,,,,,,,,,,1.7,
BSE:RISHDIGA,RISHABH DIGHA STEEL & ALLIED P,Equity,BSE,531539,INE864D01015,X,Unclassified,,,,,43.79,,,,,,,,,,,,,,,,,2.9,
BSE:MAINFRA,MARUTI INFRASTRUCTURE LTD.,Equity,BSE,531540,INE392G01028,X,Unclassified,,,,,11.22,,,,,,,,,,,,,,,,,1.1,
BSE:KOBO,KOBO BIOTECH LIMITED,Equity,BSE,531541,INE881A01015,Z,Unclassified,,,,,3.62,,,,,,,,,,,,,,,,,1.1,
BSE:JHACC,JHAVERI CREDITS & CAPITAL LTD.,Equity,BSE,531550,INE865D01012,X,Unclassified,,,,,197.5,,,,,,,,,,,,,,,,,1.6,
BSE:RAGHUTOB,RAGHUNATH TOBACCO CO.LTD.,Equity,BSE,531552,INE754B01012,X,Unclassified,,,,,13.8,,,,,,,,,,,,,,,,,0.5,
BSE:DRL,DISHA RESOURCES LIMITED,Equity,BSE,531553,INE193D01019,XT,Unclassified,,,,,34.89,,,,,,,,,,,,,,,,,0.0,
BSE:AMITSEC,AMIT SECURITIES LTD.,Equity,BSE,531557,INE137E01014,X,Unclassified,,,,,35.14,,,,,,,,,,,,,,,,,0.5,
BSE:SANJIVIN,SANJIVANI PARANTERAL LTD.,Equity,BSE,531569,INE860D01013,X,Healthcare,Drug Manufacturers - Specialty & Generic,Micro,203.0,,165.1,27.2,3.83,244.0,126.0,32.3,0.5,0.28,,28.1,,,,,,,16974.0,10.6,
BSE:RANJITSE,RANJIT SECURITIES LTD.,Equity,BSE,531572,INE863D01017,XT,Unclassified,,,,,59.35,,,,,,,,,,,,,,,,,0.0,
BSE:VASINFRA,VAS INFRASTRUCTURE LTD.,Equity,BSE,531574,INE192C01013,XT,Unclassified,,,,,6.87,,,,,,,,,,,,,,,,,0.0,
BSE:BERYLSE,BERYL SECURITIES LTD.,Equity,BSE,531582,INE508J01015,X,Unclassified,,,,,31.97,,,,,,,,,,,,,,,,,0.0,
BSE:RAP,RAP CORP LIMITED,Equity,BSE,531583,INE483D01014,X,Unclassified,,,,,30.06,,,,,,,,,,,,,,,,,0.7,
BSE:DEVINE,DEVINE IMPEX LTD.,Equity,BSE,531585,INE455C01014,X,Unclassified,,,,,8.1,,,,,,,,,,,,,,,,,0.0,
BSE:BAMPSL,BAMPSL SECURITIES LTD.,Equity,BSE,531591,INE802A01037,X,Unclassified,,,,,17.79,,,,,,,,,,,,,,,,,0.5,
BSE:GENPHARMA,GENPHARMASEC LIMITED,Equity,BSE,531592,INE861N01036,X,Unclassified,,,,,1.07,,,,,,,,,,,,,,,,,3.2,
BSE:INCON,INCON ENGINEERS LTD.,Equity,BSE,531594,INE507D01010,XT,Unclassified,,,,,21.01,,,,,,,,,,,,,,,,,0.2,
BSE:GORANIN,GORANI INDUSTRIES LTD.,Equity,BSE,531608,INE792J01015,X,Unclassified,,,,,41.02,,,,,,,,,,,,,,,,,0.0,
BSE:KGPETRO,KG PETROCHEM LTD.,Equity,BSE,531609,INE902G01016,X,Unclassified,,,,,177.65,,,,,,,,,,,,,,,,,0.1,
BSE:MAL,Meyer Apparel Limited,Equity,BSE,531613,INE100C01024,XT,Unclassified,,,,,1.83,,,,,,,,,,,,,,,,,0.0,
BSE:OROSMITHS,OROSIL SMITHS INDIA LTD.,Equity,BSE,531626,INE628B01034,X,Unclassified,,,,,6.64,,,,,,,,,,,,,,,,,1.3,
BSE:TEJASSVI,TEJASSVI AAHARAM LIMITED,Equity,BSE,531628,INE173E01019,XT,Unclassified,,,,,65.0,,,,,,,,,,,,,,,,,2.1,
BSE:SILVOAK,SILVER OAK (INDIA) LTD.,Equity,BSE,531635,INE870J01019,X,Unclassified,,,,,76.0,,,,,,,,,,,,,,,,,0.3,
BSE:TOKYOFIN,TOKYO FINANCE LTD.,Equity,BSE,531644,INE546D01018,X,Unclassified,,,,,18.94,,,,,,,,,,,,,,,,,0.1,
BSE:NATGENI,NATIONAL GENERAL INDUSTRIES LT,Equity,BSE,531651,INE654H01011,X,Unclassified,,,,,54.0,,,,,,,,,,,,,,,,,0.0,
BSE:UVS,UVS HOSPITALITY AND SERVICES L,Equity,BSE,531652,INE528C01018,X,Unclassified,,,,,76.88,,,,,,,,,,,,,,,,,2.6,
BSE:ABATEAS,ABATE AS INDUSTRIES LIMITED,Equity,BSE,531658,INE454E01013,X,Unclassified,,,,,7.98,,,,,,,,,,,,,,,,,5.1,
BSE:HITTCO,HITTCO TOOLS LTD.,Equity,BSE,531661,INE863C01019,XT,Unclassified,,,,,12.68,,,,,,,,,,,,,,,,,1.2,
BSE:YUVRAAJHPL,YUVRAAJ HYGIENE PRODUCTS LTD.,Equity,BSE,531663,INE139D01020,X,Fast Moving Consumer Goods,Household & Personal Products,Micro,82.0,,9.0,18.0,17.75,17.02,3.75,47.1,0.0,,,272.6,,,,,,,136656.0,25.9,
BSE:RRMETAL,RR METALMAKERS INDIA LIMITED,Equity,BSE,531667,INE117K01013,XT,Unclassified,,,,,43.24,,,,,,,,,,,,,,,,,2.3,
BSE:VISIONCO,VISION CORPORATION LTD.,Equity,BSE,531668,INE661D01015,XT,Unclassified,,,,,2.2,,,,,,,,,,,,,,,,,0.1,
BSE:KARNAWATI,Karnawati Innovation Limited,Equity,BSE,531671,INE214D01021,X,Unclassified,,,,,1.15,,,,,,,,,,,,,,,,,0.8,
BSE:ANKIN,ANKA INDIA LTD.,Equity,BSE,531673,INE067C01025,X,Unclassified,,,,,18.19,,,,,,,,,,,,,,,,,1.1,
BSE:EMROCK,EMROCK CORPORATION LIMITED,Equity,BSE,531676,INE554H01021,XT,Unclassified,,,,,250.1,,,,,,,,,,,,,,,,,1.0,
BSE:MAYUR,MAYUR LEATHER PRODUCTS LTD.,Equity,BSE,531680,INE799E01011,XT,Unclassified,,,,,39.97,,,,,,,,,,,,,,,,,0.9,
BSE:AMERISE,AMERISE BIOSCIENCES LIMITED,Equity,BSE,531681,INE673C01020,XT,Unclassified,,,,,0.78,,,,,,,,,,,,,,,,,0.1,
BSE:PRITHVIEXCH,Prithvi Exchange (India) Limit,Equity,BSE,531688,INE621B01021,X,Unclassified,,,,,106.65,,,,,,,,,,,,,,,,,1.6,
BSE:KHYATI,KHYATI MULTIMEDIA-ENTERTAINMEN,Equity,BSE,531692,INE593B01030,X,Unclassified,,,,,2.99,,,,,,,,,,,,,,,,,0.0,
BSE:RAINBOWF,RAINBOW FOUNDATIONS LTD.,Equity,BSE,531694,INE230F01014,X,Unclassified,,,,,29.16,,,,,,,,,,,,,,,,,1.4,
BSE:TRICOMFRU,TRICOM FRUIT PRODUCTS LIMITED,Equity,BSE,531716,INE843F01014,XT,Unclassified,,,,,1.25,,,,,,,,,,,,,,,,,0.1,
BSE:PANCHSHEEL,PANCHSHEEL ORGANICS LTD.,Equity,BSE,531726,INE316G01019,X,Unclassified,,,,,102.85,,,,,,,,,,,,,,,,,5.1,
BSE:GREENCREST,GREENCREST FINANCIAL SERVICES,Equity,BSE,531737,INE414C01045,X,Unclassified,,,,,0.6,,,,,,,,,,,,,,,,,0.6,
BSE:GENNEX,GENNEX LABORATORIES LTD.,Equity,BSE,531739,INE509C01026,X,Healthcare,Drug Manufacturers - Specialty & Generic,Micro,238.0,,9.8,11.7,1.07,17.25,7.05,43.2,0.0,,,34.1,,,,,,,664584.0,24.8,
BSE:GINISILK,GINI SILK MILLS LTD.,Equity,BSE,531744,INE548B01018,X,Unclassified,,,,,57.0,,,,,,,,,,,,,,,,,0.4,
BSE:BIOGEN,BIOGEN PHARMACHEM INDUSTRIES L,Equity,BSE,531752,INE703D01023,X,Financial Services,Capital Markets,Micro,28.0,,0.27,,0.27,0.77,0.25,64.9,0.0,,,,,,,,,,5020157.0,13.2,
BSE:GKCONS,G.K.CONSULTANTS LTD.,Equity,BSE,531758,INE131D01019,X,Unclassified,,,,,11.35,,,,,,,,,,,,,,,,,0.1,
BSE:UNJHAFOR,UNJHA FORMULATIONS LTD.,Equity,BSE,531762,INE576D01015,XT,Unclassified,,,,,33.0,,,,,,,,,,,,,,,,,1.3,
BSE:PFLINFOTC,PFL INFOTECH LTD.,Equity,BSE,531769,INE600F01018,X,Unclassified,,,,,4.49,,,,,,,,,,,,,,,,,0.0,
BSE:KACHCHH,KACHCHH MINERALS LTD.,Equity,BSE,531778,INE059E01010,X,Unclassified,,,,,25.76,,,,,,,,,,,,,,,,,0.2,
BSE:KACL,KAISER CORPORATION LIMITED,Equity,BSE,531780,INE229G01022,X,Unclassified,,,,,5.66,,,,,,,,,,,,,,,,,1.5,
BSE:KCLINFRA,KCL Infra Projects Limited,Equity,BSE,531784,INE469F01026,X,Unclassified,,,,,1.21,,,,,,,,,,,,,,,,,1.8,
BSE:PRERINFRA,PRERNA INFRABUILD LTD.,Equity,BSE,531802,INE426H01014,X,Unclassified,,,,,24.52,,,,,,,,,,,,,,,,,2.6,
BSE:METALCO,METAL COATINGS (INDIA) LTD.,Equity,BSE,531810,INE161E01014,X,Unclassified,,,,,52.57,,,,,,,,,,,,,,,,,0.0,
BSE:SGNTE,SGN TELECOMS LTD.,Equity,BSE,531812,INE266C01023,X,Unclassified,,,,,0.55,,,,,,,,,,,,,,,,,0.0,
BSE:GANGAPA,GANGA PAPERS INDIA LTD.,Equity,BSE,531813,INE278O01015,XT,Unclassified,,,,,85.09,,,,,,,,,,,,,,,,,0.0,
BSE:TIRSARJ,TIRUPATI SARJAN LTD.,Equity,BSE,531814,INE297J01023,X,Unclassified,,,,,7.6,,,,,,,,,,,,,,,,,0.1,
BSE:MUNOTHFI,MUNOTH FINANCIAL SERVICES LTD.,Equity,BSE,531821,INE348D01019,XT,Unclassified,,,,,62.15,,,,,,,,,,,,,,,,,0.0,
BSE:RODIUM,RODIUM REALTY LIMITED,Equity,BSE,531822,INE513E01024,X,Unclassified,,,,,139.9,,,,,,,,,,,,,,,,,0.1,
BSE:NAGTECH,NAGARJUNA AGRI TECH LTD.,Equity,BSE,531832,INE793H01017,X,Unclassified,,,,,36.99,,,,,,,,,,,,,,,,,1.9,
BSE:NATHUEC,NATURA HUE CHEM LTD.,Equity,BSE,531834,INE487B01019,XT,Unclassified,,,,,37.22,,,,,,,,,,,,,,,,,0.7,
BSE:IECEDU,IEC EDUCATION LTD.,Equity,BSE,531840,INE172B01017,X,Unclassified,,,,,24.83,,,,,,,,,,,,,,,,,1.5,
BSE:INDUSFINL,Indus Finance Limited,Equity,BSE,531841,INE935D01013,XT,Unclassified,,,,,328.15,,,,,,,,,,,,,,,,,6.4,
BSE:TRINITYLEA,TRINITY LEAGUE INDIA LTD.,Equity,BSE,531846,INE884X01011,X,Unclassified,,,,,10.02,,,,,,,,,,,,,,,,,0.0,
BSE:JOINDRE,JOINDRE CAPITAL SERVICES LTD.,Equity,BSE,531861,INE024B01010,X,Unclassified,,,,,47.45,,,,,,,,,,,,,,,,,0.2,
BSE:BHARATAGRI,BHARAT AGRI FERT & REALTY LTD.,Equity,BSE,531862,INE842D01029,X,Unclassified,,,,,21.91,,,,,,,,,,,,,,,,,1.1,
BSE:UNITINT,UNITECH INTERNATIONAL LTD.,Equity,BSE,531867,INE929K01011,Z,Unclassified,,,,,2.96,,,,,,,,,,,,,,,,,0.1,
BSE:SACHEMT,SACHETA METALS LTD.,Equity,BSE,531869,INE433G01020,X,Unclassified,,,,,3.68,,,,,,,,,,,,,,,,,1.2,
BSE:ANJANIFIN,ANJANI FINANCE LTD.,Equity,BSE,531878,INE283D01018,X,Unclassified,,,,,8.1,,,,,,,,,,,,,,,,,0.0,
BSE:REXNORD,REXNORD ELECTRONICS & CONTROLS,Equity,BSE,531888,INE687C01012,X,Unclassified,,,,,94.53,,,,,,,,,,,,,,,,,2.6,
BSE:NWIL,NURTURE WELL INDUSTRIES LIMITE,Equity,BSE,531889,INE882B01037,X,Fast Moving Consumer Goods,Packaged Foods,Micro,466.0,,20.03,8.4,0.76,46.0,18.28,56.5,0.0,,,8.2,,,,,,,303122.0,52.9,
BSE:SAWACA,SAWACA ENTERPRISES LIMITED,Equity,BSE,531893,INE248B01023,X,Unclassified,,,,,0.28,,,,,,,,,,,,,,,,,1.9,
BSE:CCLINTER,CCL INTERNATIONAL LTD.,Equity,BSE,531900,INE778E01031,X,Unclassified,,,,,22.0,,,,,,,,,,,,,,,,,0.8,
BSE:GALLOPENT,GALLOPS ENTERPRISE LTD.,Equity,BSE,531902,INE755J01012,XT,Unclassified,,,,,39.99,,,,,,,,,,,,,,,,,0.0,
BSE:CROISSANCE,CROISSANCE LIMITED,Equity,BSE,531909,INE587J01027,XT,Unclassified,,,,,1.04,,,,,,,,,,,,,,,,,0.9,
BSE:JOJO,JOJO LIMITED,Equity,BSE,531910,INE312M01024,XT,Unclassified,,,,,225.2,,,,,,,,,,,,,,,,,7.3,
BSE:GALAGEX,GALAXY AGRICO EXPORTS LTD.,Equity,BSE,531911,INE803L01016,XT,Unclassified,,,,,88.17,,,,,,,,,,,,,,,,,0.2,
BSE:CASTORA,CASTORA AGRI COMMODITIES LIMIT,Equity,BSE,531913,INE641H01018,X,Unclassified,,,,,11.87,,,,,,,,,,,,,,,,,1.4,
BSE:HINDAPL,HINDUSTAN APPLIANCES LTD.,Equity,BSE,531918,INE02XD01011,X,Unclassified,,,,,77.88,,,,,,,,,,,,,,,,,0.1,
BSE:DHAMPURE,DHAMPURE SPECIALITY SUGARS LTD,Equity,BSE,531923,INE956B01013,X,Unclassified,,,,,144.45,,,,,,,,,,,,,,,,,6.8,
BSE:SHAQUAK,SHANTANU SHEOREY AQUAKULT LTD.,Equity,BSE,531925,INE545N01019,X,Unclassified,,,,,1.16,,,,,,,,,,,,,,,,,0.0,
BSE:GOLCA,GOLDEN CARPETS LTD.,Equity,BSE,531928,INE595D01015,X,Unclassified,,,,,10.25,,,,,,,,,,,,,,,,,0.0,
BSE:INNOCORP,INNOCORP LTD.,Equity,BSE,531929,INE214B01017,X,Unclassified,,,,,4.01,,,,,,,,,,,,,,,,,0.0,
BSE:SARTHAKIND,SARTHAK INDUSTRIES LTD.,Equity,BSE,531930,INE074H01012,X,Unclassified,,,,,25.0,,,,,,,,,,,,,,,,,0.5,
BSE:LEXORAA,LEXORAA INDUSTRIES LIMITED,Equity,BSE,531944,INE185D01015,X,Unclassified,,,,,16.06,,,,,,,,,,,,,,,,,0.0,
BSE:VERTEX,VERTEX SECURITIES LTD.,Equity,BSE,531950,INE316D01024,X,Unclassified,,,,,3.09,,,,,,,,,,,,,,,,,0.2,
BSE:RIBATEX,RIBA TEXTILES LTD.,Equity,BSE,531952,INE811H01017,XT,Unclassified,,,,,65.8,,,,,,,,,,,,,,,,,1.1,
BSE:NEWINFRA,NEWTIME INFRASTRUCTURE LIMITED,Equity,BSE,531959,INE997D01021,X,Unclassified,,,,,1.83,,,,,,,,,,,,,,,,,1.4,
BSE:SHREMETAL,SHREE METALLOYS LTD.,Equity,BSE,531962,INE914B01012,X,Unclassified,,,,,36.12,,,,,,,,,,,,,,,,,0.6,
BSE:CHLOGIST,CHARTERED LOGISTICS LTD.,Equity,BSE,531977,INE558F01026,XT,Capital Goods,Trucking,Micro,102.0,,8.03,,1.53,11.45,4.8,29.9,0.0,,,32.9,,,,,,,476800.0,11.9,
BSE:SPECFOOD,SPECTRUM FOODS LTD.,Equity,BSE,531982,INE547C01018,XT,Unclassified,,,,,18.2,,,,,,,,,,,,,,,,,1.3,
BSE:DECPO,DECCAN POLYPACKS LTD.,Equity,BSE,531989,INE132E01015,X,Unclassified,,,,,22.5,,,,,,,,,,,,,,,,,0.0,
BSE:AMRAAGRI,AMRAWORLD AGRICO LTD.,Equity,BSE,531991,INE735C01027,X,Unclassified,,,,,0.52,,,,,,,,,,,,,,,,,0.3,
BSE:AUTOPINS,AUTO PINS (INDIA) LTD.,Equity,BSE,531994,INE706C01028,XT,Unclassified,,,,,162.15,,,,,,,,,,,,,,,,,0.0,
BSE:IKOMA,IKOMA TECHNOLOGIES LIMITED,Equity,BSE,531997,INE164D01010,XT,Unclassified,,,,,52.25,,,,,,,,,,,,,,,,,2.8,
BSE:INDCTST,INDUCTO STEEL LTD.,Equity,BSE,532001,INE146H01018,X,Unclassified,,,,,62.5,,,,,,,,,,,,,,,,,0.2,
BSE:SAMINDUS,SAM INDUSTRIES LTD.,Equity,BSE,532005,INE653D01012,X,Unclassified,,,,,37.5,,,,,,,,,,,,,,,,,0.0,
BSE:SHVFL,SHREEVATSAA FINANCE & LEASING,Equity,BSE,532007,INE981C01019,X,Unclassified,,,,,27.75,,,,,,,,,,,,,,,,,0.0,
BSE:POOJAENT,VASHU BHAGNANI INDUSTRIES LIMI,Equity,BSE,532011,INE147C01017,X,Unclassified,,,,,65.69,,,,,,,,,,,,,,,,,1.2,
BSE:GRAVITY,GRAVITY (INDIA) LTD.,Equity,BSE,532015,INE995A01013,X,Unclassified,,,,,13.71,,,,,,,,,,,,,,,,,7.5,
BSE:ESPIRE,ESPIRE HOSPITALITY LIMITED,Equity,BSE,532016,INE176O01011,X,Unclassified,,,,,148.0,,,,,,,,,,,,,,,,,1.5,
BSE:ZENOTECH,ZENOTECH LABORATORIES LTD.,Equity,BSE,532039,INE486F01012,X,Unclassified,,,,,41.99,,,,,,,,,,,,,,,,,3.4,
BSE:HINDBIO,HINDUSTAN BIO SCIENCES LTD.,Equity,BSE,532041,INE597C01021,XT,Unclassified,,,,,7.35,,,,,,,,,,,,,,,,,0.9,
BSE:FRONTCORP,FRONTLINE CORPORATION LTD.,Equity,BSE,532042,INE092D01013,X,Unclassified,,,,,35.48,,,,,,,,,,,,,,,,,0.0,
BSE:WALLFORT,WALLFORT FINANCIAL SERVICES LT,Equity,BSE,532053,INE121B01014,X,Unclassified,,,,,76.15,,,,,,,,,,,,,,,,,0.0,
BSE:TRUSTEDGE,Trustedge Capital Limited,Equity,BSE,532056,INE398H01015,X,Unclassified,,,,,134.5,,,,,,,,,,,,,,,,,0.0,
BSE:ABHICAP,ABHINAV CAPITAL SERVICES LTD.,Equity,BSE,532057,INE516F01016,XT,Unclassified,,,,,144.0,,,,,,,,,,,,,,,,,0.1,
BSE:GUJJUBHAI,GUJJUBHAI INDUSTRIES LIMITED,Equity,BSE,532070,INE311N01016,X,Fast Moving Consumer Goods,Food Distribution,Micro,247.0,,117.9,47.5,6.09,271.0,97.05,56.5,0.0,,,15.9,,,,,,,92292.0,14.9,
BSE:ATVOENT,Atvo Enterprises Limited,Equity,BSE,532090,INE219M01021,X,Consumer Discretionary,Apparel Manufacturing,Micro,410.0,,38.28,1914.0,34.55,45.89,12.0,16.6,0.0,,,,,,,,,,57851.0,18.0,
BSE:EPUJA,EPUJA SPIRITECH LIMITED,Equity,BSE,532092,INE807D01030,X,Unclassified,,,,,1.01,,,,,,,,,,,,,,,,,0.4,
BSE:INDOCITY,INDO-CITY INFOTECH LTD.,Equity,BSE,532100,INE456B01014,X,Unclassified,,,,,12.45,,,,,,,,,,,,,,,,,0.2,
BSE:SBECSUG,SBEC SUGAR LTD.,Equity,BSE,532102,INE948G01019,X,Unclassified,,,,,70.0,,,,,,,,,,,,,,,,,0.8,
BSE:BRIJLEAS,BRIJLAXMI LEASING & FINANCE LT,Equity,BSE,532113,INE957E01031,X,Unclassified,,,,,10.2,,,,,,,,,,,,,,,,,0.2,
BSE:BSELALGO,BSEL ALGO LIMITED,Equity,BSE,532123,INE395A01016,X,Unclassified,,,,,3.53,,,,,,,,,,,,,,,,,3.9,
BSE:RELIABVEN,RELIABLE VENTURES INDIA LTD.,Equity,BSE,532124,INE419H01019,XT,Unclassified,,,,,29.85,,,,,,,,,,,,,,,,,0.1,
BSE:HOTLSILV,H.S.INDIA LTD.,Equity,BSE,532145,INE731B01010,X,Unclassified,,,,,11.1,,,,,,,,,,,,,,,,,0.0,
BSE:JOHNPHARMA,JOHNSON PHARMACARE LIMITED,Equity,BSE,532154,INE560F01022,X,Unclassified,,,,,0.42,,,,,,,,,,,,,,,,,3.4,
BSE:TRESCON,TRESCON LIMITED,Equity,BSE,532159,INE088D01011,X,Unclassified,,,,,6.96,,,,,,,,,,,,,,,,,0.9,
BSE:GUJSTATFIN,GUJARAT STATE FINANCIAL CORPOR,Equity,BSE,532160,INE944A01011,B,Unclassified,,,,,9.39,,,,,,,,,,,,,,,,,0.3,
BSE:OMKARPH,OMKAR PHARMACHEM LTD.,Equity,BSE,532167,INE501C01015,XT,Unclassified,,,,,9.73,,,,,,,,,,,,,,,,,0.0,
BSE:GAYATRI,GAYATRI SUGARS LTD.,Equity,BSE,532183,INE622E01023,X,Unclassified,,,,,7.34,,,,,,,,,,,,,,,,,3.9,
BSE:CMXLTD,CMX HOLDINGS LIMITED,Equity,BSE,532217,INE027F01014,XT,Unclassified,,,,,18.99,,,,,,,,,,,,,,,,,0.0,
BSE:BENGALT,BENGAL TEA & FABRICS LTD.,Equity,BSE,532230,INE665D01016,X,Unclassified,,,,,137.0,,,,,,,,,,,,,,,,,1.6,
BSE:TCIIND,TCI INDUSTRIES LTD.,Equity,BSE,532262,INE920B01019,X,Unclassified,,,,,1210.0,,,,,,,,,,,,,,,,,0.1,
BSE:LANDMARC,LANDMARC LEISURE CORPORATION L,Equity,BSE,532275,INE394C01023,X,Unclassified,,,,,2.0,,,,,,,,,,,,,,,,,2.6,
BSE:TCFCFINQ,TCFC FINANCE LTD.,Equity,BSE,532284,INE389D01013,X,Unclassified,,,,,24.0,,,,,,,,,,,,,,,,,0.1,
BSE:INTEGHIT,INTEGRATED HITECH LTD.,Equity,BSE,532303,INE934A01012,X,Unclassified,,,,,3.0,,,,,,,,,,,,,,,,,0.0,
BSE:KJMCCORP,KJMC CORPORATE ADVISORS (INDIA,Equity,BSE,532304,INE602C01011,X,Unclassified,,,,,53.92,,,,,,,,,,,,,,,,,0.4,
BSE:GROARC,GROARC INDUSTRIES INDIA LIMITE,Equity,BSE,532315,INE042B01012,X,Unclassified,,,,,6.13,,,,,,,,,,,,,,,,,0.1,
BSE:VAARAD,VAARAD VENTURES LTD,Equity,BSE,532320,INE418B01048,X,Unclassified,,,,,8.98,,,,,,,,,,,,,,,,,0.1,
BSE:DANLAW,DANLAW TECHNOLOGIES INDIA LTD.,Equity,BSE,532329,INE310B01013,XT,Consumer Discretionary,Auto Parts,Micro,731.0,,1499.95,28.7,7.33,1839.0,428.0,18.4,0.0,,,29.9,,,,,,,5726.0,54.9,
BSE:OMNIAX,OMNI AXS SOFTWARE LTD.,Equity,BSE,532340,INE369B01019,X,Unclassified,,,,,3.1,,,,,,,,,,,,,,,,,0.0,
BSE:MADALA,MADALA HOLDINGS LIMITED,Equity,BSE,532344,INE002B01016,X,Unclassified,,,,,165.4,,,,,,,,,,,,,,,,,0.3,
BSE:PADMALAYAT,PADMALAYA TELEFILMS LTD.,Equity,BSE,532350,INE243B01016,Z,Unclassified,,,,,3.9,,,,,,,,,,,,,,,,,0.0,
BSE:VIRGOGLOB,Virgo Global Limited,Equity,BSE,532354,INE400B01020,XT,Unclassified,,,,,2.95,,,,,,,,,,,,,,,,,0.5,
BSE:PICTUREHS,PICTUREHOUSE MEDIA LTD.,Equity,BSE,532355,INE448B01029,X,Unclassified,,,,,7.88,,,,,,,,,,,,,,,,,0.0,
BSE:HITKITGLO,HIT KIT GLOBAL SOLUTIONS LTD.,Equity,BSE,532359,INE309B01023,X,Unclassified,,,,,2.38,,,,,,,,,,,,,,,,,0.9,
BSE:NAGPI,NAGPUR POWER & INDUSTRIES LTD.,Equity,BSE,532362,INE099E01016,X,Capital Goods,Electrical Equipment & Parts,Micro,219.0,,167.4,,2.64,214.9,80.16,22.1,0.0,,,25.1,,,,,,,6779.0,39.6,
BSE:WEPSOLN,WEP SOLUTIONS LTD.,Equity,BSE,532373,INE434B01029,X,Unclassified,,,,,33.57,,,,,,,,,,,,,,,,,0.5,
BSE:UNIVARTS,UNIVERSAL ARTS LTD.,Equity,BSE,532378,INE464B01018,X,Unclassified,,,,,5.4,,,,,,,,,,,,,,,,,0.0,
BSE:FIRSTFIN,FIRST FINTEC LIMITED,Equity,BSE,532379,INE683B01047,XT,Unclassified,,,,,13.49,,,,,,,,,,,,,,,,,6.4,
BSE:BABA,BABA ARTS LTD.,Equity,BSE,532380,INE893A01036,X,Unclassified,,,,,15.09,,,,,,,,,,,,,,,,,3.9,
BSE:TYCHE,TYCHE INDUSTRIES LTD.,Equity,BSE,532384,INE443B01012,X,Unclassified,,,,,104.95,,,,,,,,,,,,,,,,,1.1,
BSE:KONNDOR,KONNDOR INDUSTRIES LIMITED,Equity,BSE,532397,INE971A01014,XT,Unclassified,,,,,18.35,,,,,,,,,,,,,,,,,0.1,
BSE:USGTECH,USG TECH SOLUTIONS LTD.,Equity,BSE,532402,INE718B01017,X,Unclassified,,,,,8.14,,,,,,,,,,,,,,,,,0.8,
BSE:7TEC,SAVEN TECHNOLOGIES LTD.,Equity,BSE,532404,INE856B01023,X,Unclassified,,,,,33.69,,,,,,,,,,,,,,,,,0.6,
BSE:GENUSPRIME,GENUS PRIME INFRA LIMITED,Equity,BSE,532425,INE256D01014,XT,Unclassified,,,,,26.44,,,,,,,,,,,,,,,,,5.2,
BSE:SANINFRA,SANMIT INFRA LIMITED,Equity,BSE,532435,INE799C01049,X,Unclassified,,,,,48.45,,,,,,,,,,,,,,,,,1.5,
BSE:TSPIRITUAL,T.SPIRITUAL WORLD LTD.,Equity,BSE,532444,INE541C01037,X,Unclassified,,,,,1.89,,,,,,,,,,,,,,,,,0.1,
BSE:SHALIWIR,SHALIMAR WIRES INDUSTRIES LTD.,Equity,BSE,532455,INE655D01025,X,Unclassified,,,,,21.34,,,,,,,,,,,,,,,,,0.4,
BSE:BEEYU,BEEYU OVERSEAS LTD.,Equity,BSE,532645,INE052B01011,X,Unclassified,,,,,2.6,,,,,,,,,,,,,,,,,0.0,
BSE:FACORALL,FACOR ALLOYS LTD.,Equity,BSE,532656,INE828G01013,X,Unclassified,,,,,3.03,,,,,,,,,,,,,,,,,2.5,
BSE:PBAINFRA,PBA INFRASTRUCTURE LTD.,Equity,BSE,532676,INE160H01019,X,Unclassified,,,,,6.41,,,,,,,,,,,,,,,,,4.1,
BSE:CELLA,CELLA SPACE LIMITED,Equity,BSE,532701,INE266H01014,Z,Unclassified,,,,,39.82,,,,,,,,,,,,,,,,,4.0,
BSE:GTNTEX,GTN TEXTILES LTD.,Equity,BSE,532744,INE302H01017,X,Unclassified,,,,,8.68,,,,,,,,,,,,,,,,,0.0,
BSE:AICHAMP,AI CHAMPDANY INDUSTRIES LTD.,Equity,BSE,532806,INE768E01024,X,Unclassified,,,,,18.5,,,,,,,,,,,,,,,,,0.3,
BSE:ELAND,E-Land Apparel Limited,Equity,BSE,532820,INE311H01018,X,Unclassified,,,,,10.49,,,,,,,,,,,,,,,,,0.2,
BSE:JAGJANANI,JAGJANANI TEXTILES LTD.,Equity,BSE,532825,INE702H01018,XT,Unclassified,,,,,6.33,,,,,,,,,,,,,,,,,0.2,
BSE:LEHAR,LEHAR FOOTWEARS LIMITED,Equity,BSE,532829,INE976H01018,X,Consumer Discretionary,Footwear & Accessories,Micro,350.0,,198.05,21.1,2.65,285.0,160.0,30.5,0.5,0.25,,43.7,,,,,,,17439.0,19.7,
BSE:HARYNACAP,HARYANA CAPFIN LTD.,Equity,BSE,532855,INE928H01019,X,Unclassified,,,,,140.4,,,,,,,,,,,,,,,,,0.9,
BSE:PARLEIND,PARLE INDUSTRIES LIMITED,Equity,BSE,532911,INE272G01014,X,Unclassified,,,,,5.62,,,,,,,,,,,,,,,,,6.0,
BSE:RATHIBAR,RATHI BARS LTD.,Equity,BSE,532918,INE575I01016,X,Unclassified,,,,,15.75,,,,,,,,,,,,,,,,,0.4,
BSE:PORWAL,PORWAL AUTO COMPONENTS LTD.,Equity,BSE,532933,INE386I01018,X,Consumer Discretionary,Auto Parts,Micro,86.0,,57.92,7.8,1.13,70.88,42.3,18.3,0.0,,15.6,10.7,,,,,,,18381.0,10.7,
BSE:GOKAKTEX,GOKAK TEXTILES LTD.,Equity,BSE,532957,INE642I01014,X,Unclassified,,,,,57.71,,,,,,,,,,,,,,,,,0.0,
BSE:TELOGICA,TELOGICA LIMITED,Equity,BSE,532975,INE778I01024,XT,Unclassified,,,,,8.1,,,,,,,,,,,,,,,,,1.0,
BSE:CHLLTD,CHL LTD.,Equity,BSE,532992,INE790D01020,X,Unclassified,,,,,28.25,,,,,,,,,,,,,,,,,0.1,
BSE:BIRLACOT,BIRLA COTSYN (INDIA) LTD.,Equity,BSE,533006,INE655I01032,XT,Unclassified,,,,,13.99,,,,,,,,,,,,,,,,,5.0,
BSE:LGBFORGE,LGB FORGE LTD.,Equity,BSE,533007,INE201J01017,XT,Capital Goods,Metal Fabrication,Micro,113.0,,4.76,15.8,6.94,11.79,4.71,59.6,0.0,,,169.7,,,,,,,132904.0,14.5,
BSE:SIMPLXPAP,SIMPLEX PAPERS LTD.,Equity,BSE,533019,INE456H01029,X,Unclassified,,,,,1225.0,,,,,,,,,,,,,,,,,0.0,
BSE:PEIL,PREMIER ENERGY AND INFRASTRUCT,Equity,BSE,533100,INE429K01012,X,Unclassified,,,,,7.48,,,,,,,,,,,,,,,,,0.7,
BSE:SURYAAMBA,SURYAAMBA SPINNING MILLS LTD.,Equity,BSE,533101,INE360J01011,X,Unclassified,,,,,114.95,,,,,,,,,,,,,,,,,0.4,
BSE:SPSL,SHREE PRECOATED STEELS LTD.,Equity,BSE,533110,INE318K01025,X,Unclassified,,,,,11.52,,,,,,,,,,,,,,,,,0.0,
BSE:YUNIKM,Yunik Managing Advisors Limite,Equity,BSE,533149,INE143K01019,X,Unclassified,,,,,5.4,,,,,,,,,,,,,,,,,2.4,
BSE:COROENGG,COROMANDEL ENGINEERING COMPANY,Equity,BSE,533167,INE312J01012,X,Unclassified,,,,,52.0,,,,,,,,,,,,,,,,,4.1,
BSE:SATCH,SATCHMO HOLDINGS LIMITED,Equity,BSE,533202,INE639K01016,X,Unclassified,,,,,3.26,,,,,,,,,,,,,,,,,7.1,
BSE:SEATV,SEA TV NETWORK LTD.,Equity,BSE,533268,INE351L01016,X,Unclassified,,,,,2.9,,,,,,,,,,,,,,,,,0.0,
BSE:RDBIPL,RDB INFRASTRUCTURE AND POWER L,Equity,BSE,533285,INE245L01028,X,Realty,Real Estate Services,Micro,331.0,,14.78,21.1,1.04,91.89,13.2,83.9,0.0,,,21.3,,,,,,,201059.0,26.7,
BSE:KTIL,KESAR TERMINALS & INFRASTRUCTU,Equity,BSE,533289,INE096L01025,X,Unclassified,,,,,58.0,,,,,,,,,,,,,,,,,5.9,
BSE:INOVSYNTH,INNOVASSYNTH TECHNOLOGIES (IND,Equity,BSE,533315,INE690J01011,XT,Materials,Specialty Chemicals,Micro,1461.0,,157.35,,12.6,157.35,50.1,0.0,0.0,,,119.2,,,,,,,30789.0,174.6,
BSE:MON100,MOTILAL OSWAL MOST SHARES NASD,Equity,BSE,533385,INF247L01AP3,B,Unclassified,,,,,322.06,,,325.66,318.95,1.1,,,,,,,,,,,,193.7,
BSE:TRUEGREEN,TRUE GREEN BIO ENERGY LIMITED,Equity,BSE,533407,INE672K01025,T,Unclassified,,,,,182.0,,,,,,,,,,,,,,,,,8.5,
BSE:VMS,VMS INDUSTRIES LTD.,Equity,BSE,533427,INE932K01015,X,Capital Goods,Waste Management,Micro,45.0,,18.3,30.0,0.46,35.25,17.0,48.1,0.0,,,30.3,,,,,,,31846.0,22.5,
BSE:LESHAIND,LESHA INDUSTRIES LTD.,Equity,BSE,533602,INE050L01048,X,Unclassified,,,,,0.81,,,,,,,,,,,,,,,,,0.4,
BSE:RDBRL,RDB RASAYANS LTD.,Equity,BSE,533608,INE123M01017,X,Unclassified,,,,,159.75,,,,,,,,,,,,,,,,,1.9,
BSE:FERVENTSYN,FERVENT SYNERGIES LTD.,Equity,BSE,533896,INE258M01011,X,Unclassified,,,,,14.66,,,,,,,,,,,,,,,,,0.1,
BSE:PMCFIN,PMC FINCORP LIMITED,Equity,BSE,534060,INE793G01035,X,Financial Services,Credit Services,Micro,136.0,,1.91,23.9,0.42,2.27,1.44,15.9,0.01,0.58,,,,,,,,,610564.0,11.2,
BSE:FUTSOL,FUTURISTIC SOLUTIONS LTD.,Equity,BSE,534063,INE241F01011,X,Unclassified,,,,,45.85,,,,,,,,,,,,,,,,,0.0,
BSE:AIML,ALLIANCE INTEGRATED METALIKS L,Equity,BSE,534064,INE123D01024,XT,Unclassified,,,,,3.03,,,,,,,,,,,,,,,,,2.1,
BSE:OLPCL,OLYMPIC CARDS LTD.,Equity,BSE,534190,INE550L01013,X,Unclassified,,,,,2.9,,,,,,,,,,,,,,,,,0.0,
BSE:MAXHEIGHTS,Max heights Infrastucture Ltd,Equity,BSE,534338,INE393F01010,X,Unclassified,,,,,10.4,,,,,,,,,,,,,,,,,0.5,
BSE:LOOKS,LOOKS HEALTH SERVICES LIMITED,Equity,BSE,534422,INE204N01013,X,Unclassified,,,,,9.67,,,,,,,,,,,,,,,,,0.9,
BSE:META,STRING METAVERSE LIMITED,Equity,BSE,534535,INE958L01034,T,Information Technology,Information Technology Services,Micro,902.0,,7.31,8.5,3.2,26.54,4.9,72.5,0.0,,,1.8,,,,,,,1970522.0,64.4,
BSE:AMTL,ADVANCE METERING TECHNOLOGY LT,Equity,BSE,534612,INE436N01029,X,Unclassified,,,,,16.29,,,,,,,,,,,,,,,,,0.3,
BSE:JUPITERIN,JUPITER INFOMEDIA LTD.,Equity,BSE,534623,INE524N01014,X,Unclassified,,,,,36.92,,,,,,,,,,,,,,,,,6.9,
BSE:COMCL,COMFORT COMMOTRADE LTD.,Equity,BSE,534691,INE456N01019,X,Unclassified,,,,,13.4,,,,,,,,,,,,,,,,,0.2,
BSE:CASPIAN,CASPIAN CORPORATE SERVICES LIM,Equity,BSE,534732,INE176N01039,X,Unclassified,,,,,33.86,,,,,,,,,,,,,,,,,1.1,
BSE:AERPACE,Aerpace Industries Limited,Equity,BSE,534733,INE175N01023,XT,Materials,Steel,Micro,592.0,,38.45,,14.25,42.44,16.7,9.4,0.0,,,101.1,,,,,,,486632.0,35.9,
BSE:TRIOMERC,TRIO MERCANTILE & TRADING LTD.,Equity,BSE,534755,INE234G01022,XT,Unclassified,,,,,2.27,,,,,,,,,,,,,,,,,1.4,
BSE:JUJHARLOGI,JUJHAR LOGISTICS  LIMITED,Equity,BSE,534796,INE198N01017,X,Unclassified,,,,,213.75,,,,,,,,,,,,,,,,,0.5,
BSE:MUKTA,Mukta Agriculture Limited,Equity,BSE,535204,INE160O01031,XT,Unclassified,,,,,4.94,,,,,,,,,,,,,,,,,0.8,
BSE:MYSTICELE,Mystic Electronics Limited,Equity,BSE,535205,INE159O01033,X,Unclassified,,,,,4.11,,,,,,,,,,,,,,,,,0.9,
BSE:COMFINCAP,COMFORT FINCAP LTD.,Equity,BSE,535267,INE274M01026,X,Unclassified,,,,,7.53,,,,,,,,,,,,,,,,,1.5,
BSE:SBISENSEX,SBI MUTUAL FUND - SBI ETF SENS,Equity,BSE,535276,INF200K01VT2,B,,,,,,801.29,,,960.74,790.0,16.6,0.0,,,,,,,,,,19805.0,351.1,
BSE:LAKHOTIA,LAKHOTIA POLYESTERS (INDIA) LT,Equity,BSE,535387,INE191O01010,X,Unclassified,,,,,53.0,,,,,,,,,,,,,,,,,0.6,
BSE:GCMSECU,GCM SECURITIES LTD,Equity,BSE,535431,INE168O01026,B,Unclassified,,,,,0.65,,,,,,,,,,,,,,,,,0.6,
BSE:PRIMECAPM,PRIME CAPITAL MARKET LTD.,Equity,BSE,535514,INE748D01010,XT,Unclassified,,,,,5.6,,,,,,,,,,,,,,,,,0.0,
BSE:KIFS,KIFS FINANCIAL SERVICES LTD.,Equity,BSE,535566,INE902D01013,X,Unclassified,,,,,111.9,,,,,,,,,,,,,,,,,0.1,
BSE:OONE,OBJECTONE INFORMATION SYSTEMS,Equity,BSE,535657,INE860E01011,X,Unclassified,,,,,7.79,,,,,,,,,,,,,,,,,0.0,
BSE:IFINSEC,INDIA FINSEC LTD.,Equity,BSE,535667,INE474O01010,X,Financial Services,Credit Services,Micro,690.0,,250.0,29.7,3.67,284.95,140.1,12.3,0.0,,,219.7,,,,,,,675.0,10.8,
BSE:AMPVOLTS,AMPVOLTS LIMITED,Equity,BSE,535719,INE989J01017,X,Unclassified,,,,,24.83,,,,,,,,,,,,,,,,,8.3,
BSE:KHOOBSURAT,KHOOBSURAT LTD,Equity,BSE,535730,INE731G01027,X,Unclassified,,,,,0.44,,,,,,,,,,,,,,,,,2.6,
BSE:MMLF,MONEY MASTERS LEASING & FINANC,Equity,BSE,535910,INE340O01021,B,Unclassified,,,,,0.61,,,,,,,,,,,,,,,,,0.0,
BSE:ALSL,ALACRITY SECURITIES LTD,Equity,BSE,535916,INE030P01017,B,Unclassified,,,,,47.2,,,,,,,,,,,,,,,,,8.0,
BSE:GCMCOMM,GCM COMMODITY & DERIVATIVES LT,Equity (SME),BSE,535917,INE200P01016,M,Unclassified,,,,,5.03,,,,,,,,,,,,,,,,,0.6,
BSE:JULIEN,JULIEN AGRO INFRATECH LIMITED,Equity,BSE,536073,INE890N01027,X,Unclassified,,,,,1.14,,,,,,,,,,,,,,,,,0.9,
BSE:JKAGRI,JK AGRI GENETICS LTD,Equity,BSE,536493,INE690O01011,X,Unclassified,,,,,291.95,,,,,,,,,,,,,,,,,0.4,
BSE:NOVELIX,NOVELIX PHARMACEUTICALS LIMITE,Equity,BSE,536565,INE314I01036,X,Unclassified,,,,,70.0,,,,,,,,,,,,,,,,,0.2,
BSE:PVVINFRA,PVV Infra Limited,Equity,BSE,536659,INE428B01021,X,Materials,Steel,Micro,46.0,,2.16,13.5,0.43,5.66,2.11,61.8,0.0,,,14.9,,,,,,,1264616.0,25.5,
BSE:VCU,VCU DATA MANAGEMENT LTD,Equity,BSE,536672,INE962O01014,X,Unclassified,,,,,6.74,,,,,,,,,,,,,,,,,1.0,
BSE:INDRENEW,IND Renewable Energy Ltd,Equity,BSE,536709,INE138O01029,Z,Unclassified,,,,,13.91,,,,,,,,,,,,,,,,,1.5,
BSE:ACFSL,AMRAPALI CAPITAL AND FINANCE S,Equity (SME),BSE,536737,INE218P01018,MT,Unclassified,,,,,83.3,,,,,,,,,,,,,,,,,4.3,
BSE:YURANUS,YURANUS INFRASTRUCTURE LTD,Equity,BSE,536846,INE156M01017,XT,Unclassified,,,,,103.99,,,,,,,,,,,,,,,,,0.0,
BSE:MOM100,MOTILAL OSWAL MUTUAL FUND - MO,Equity,BSE,536960,INF247L01023,B,Unclassified,,,,,63.6,,,64.23,62.67,1.0,,,,,,,,,,,,96.8,
BSE:NIFTYIETF,ICICI Prudential Nifty ETF,Equity,BSE,537007,INF109K012R6,B,Unclassified,,,,,254.77,,,263.78,252.27,3.4,,,,,,,,,,,,215.7,
BSE:ARNOLD,ARNOLD HOLDINGS LTD,Equity,BSE,537069,INE185K01036,XT,Unclassified,,,,,17.74,,,,,,,,,,,,,,,,,2.4,
BSE:JTLDEFENCE,JTL DEFENCE LIMITED,Equity,BSE,537254,INE140B01048,XT,Materials,Copper,Micro,751.0,,713.9,,5.1,924.0,55.58,22.7,0.0,,,30.5,,,,,,,4265.0,41.9,
BSE:CHEMTECH,CHEMTECH INDUSTRIAL VALVES LTD,Equity,BSE,537326,INE212P01011,X,Unclassified,,,,,55.79,,,,,,,,,,,,,,,,,8.6,
BSE:KETOMOTORS,Keto Motors Limited,Equity,BSE,537392,INE392H01026,XT,Unclassified,,,,,249.0,,,,,,,,,,,,,,,,,5.0,
BSE:NIF100BEES,NIPPON INDIA ETF NIFTY 100,Equity,BSE,537483,INF204K014N5,B,Unclassified,,,,,253.33,,,275.0,247.4,7.9,,,,,,,,,,,,13.7,
BSE:DENISCHEM,DENIS CHEM LAB LTD,Equity,BSE,537536,INE051G01012,X,Unclassified,,,,,67.41,,,,,,,,,,,,,,,,,2.0,
BSE:LAXMIPATI,LAXMIPATI ENGINEERING WORKS LI,Equity (SME),BSE,537669,INE920P01019,MT,Unclassified,,,,,428.45,,,,,,,,,,,,,,,,,4.3,
BSE:LADDU,LADDU GOPAL ONLINE SERVICES LI,Equity,BSE,537707,INE546I01025,X,Unclassified,,,,,0.45,,,,,,,,,,,,,,,,,1.6,
BSE:NIFTY1,KOTAK MAHINDRA MUTUAL FUND - K,Equity,BSE,537708,INF174K014P6,B,Unclassified,,,,,249.95,,,251.73,247.71,0.7,,,,,,,,,,,,10.2,
BSE:HANSUGAR,SHREE HANUMAN SUGAR & INDUSTRI,Equity,BSE,537709,INE101H01013,XT,Unclassified,,,,,3.77,,,,,,,,,,,,,,,,,0.5,
BSE:BCP,B.C. POWER CONTROLS LTD,Equity,BSE,537766,INE905P01028,X,Unclassified,,,,,1.69,,,,,,,,,,,,,,,,,4.0,
BSE:MANGIND,MANGALAM INDUSTRIAL FINANCE LT,Equity,BSE,537800,INE717C01025,X,Financial Services,Credit Services,Micro,74.0,,0.53,,1.24,2.08,0.5,74.5,0.0,,,,,,,,,,4000871.0,35.1,
BSE:HBGHOTELS,HBG HOTELS LIMITED,Equity,BSE,537839,INE977M01024,X,Unclassified,,,,,68.78,,,,,,,,,,,,,,,,,5.4,
BSE:INFRONICS,INFRONICS SYSTEMS LTD,Equity,BSE,537985,INE463B01036,X,Unclassified,,,,,20.3,,,,,,,,,,,,,,,,,1.4,
BSE:CPSEETF,CPSE ETF,Equity,BSE,538057,INF457M01133,B,Unclassified,,,,,89.71,,,90.64,11.54,1.0,,,,,,,,,,,5091152.0,60.4,
BSE:HARIAAPL,HARIA APPARELS LTD,Equity,BSE,538081,INE493N01012,X,Unclassified,,,,,4.82,,,,,,,,,,,,,,,,,0.0,
BSE:SHARPINV,SHARP INVESTMENTS LTD,Equity,BSE,538212,INE909D01026,XT,Unclassified,,,,,0.32,,,,,,,,,,,,,,,,,0.3,
BSE:RESPONSINF,RESPONSE INFORMATICS LTD,Equity,BSE,538273,INE401B01010,X,Unclassified,,,,,19.66,,,,,,,,,,,,,,,,,0.0,
BSE:AFEL,A.F. ENTERPRISES LTD,Equity,BSE,538351,INE663P01015,Z,Unclassified,,,,,1.76,,,,,,,,,,,,,,,,,0.1,
BSE:WESTLEIRES,WEST LEISURE RESORTS LTD,Equity,BSE,538382,INE266P01017,X,Unclassified,,,,,68.0,,,,,,,,,,,,,,,,,0.0,
BSE:NAM,NAM SECURITIES LTD,Equity,BSE,538395,INE792G01011,XT,Unclassified,,,,,83.0,,,,,,,,,,,,,,,,,0.0,
BSE:METSL,MAESTROS ELECTRONICS & TELECOM,Equity,BSE,538401,INE318N01011,X,Healthcare,Medical Devices,Micro,132.0,,121.45,17.9,3.14,170.75,80.55,28.9,0.0,,,3.8,,,,,,,27647.0,96.2,
BSE:JACKSON,JACKSON INVESTMENTS LTD,Equity,BSE,538422,INE508N01025,X,Unclassified,,,,,0.36,,,,,,,,,,,,,,,,,1.1,
BSE:WORTH,WORTH INVESTMENT & TRADING CO,Equity,BSE,538451,INE114O01020,X,Financial Services,Capital Markets,Micro,103.0,,2.78,25.3,2.32,24.16,2.17,88.5,0.0,,,664.0,,,,,,,1920263.0,11.6,
BSE:TPROJECT,THIRANI PROJECTS LTD,Equity,BSE,538464,INE901C01017,X,Unclassified,,,,,3.16,,,,,,,,,,,,,,,,,0.1,
BSE:CTL,CAPITAL TRADE LINKS LTD,Equity,BSE,538476,INE172D01021,XT,Unclassified,,,,,27.51,,,,,,,,,,,,,,,,,3.4,
BSE:TARINI,TARINI INTERNATIONAL LTD,Equity (SME),BSE,538496,INE849M01017,M,Unclassified,,,,,6.7,,,,,,,,,,,,,,,,,0.9,
BSE:SBL,SHIVAMSHREE BUSINESSES LIMITED,Equity,BSE,538520,INE857P01021,X,Unclassified,,,,,1.95,,,,,,,,,,,,,,,,,0.4,
BSE:YAANENT,YAAN ENTERPRISES LIMITED,Equity,BSE,538521,INE969E01010,XT,Unclassified,,,,,164.05,,,,,,,,,,,,,,,,,3.5,
BSE:ANVRDHI,ANNVRRIDHHI VENTURES LIMITED,Equity,BSE,538539,INE075K01013,X,Unclassified,,,,,11.02,,,,,,,,,,,,,,,,,1.6,
BSE:RAAMA,RAAMA FINANCE LIMITED,Equity,BSE,538540,INE516P01015,X,Financial Services,Credit Services,Micro,111.0,,13.55,34.9,3.81,20.86,4.41,35.0,0.0,,,10.3,,,,,,,100567.0,26.1,
BSE:GOLDCOINHF,GOLD COIN HEALTH FOODS LTD,Equity,BSE,538542,INE634J01027,X,Unclassified,,,,,32.79,,,,,,,,,,,,,,,,,0.1,
BSE:BRPL,BANSAL ROOFING PRODUCTS LTD,Equity,BSE,538546,INE319Q01012,B,Capital Goods,Building Products & Equipment,Micro,224.0,,168.45,20.0,5.3,174.0,98.1,3.2,2.0,1.19,,7.0,,,,,,,17698.0,17.3,
BSE:ARMAN,ARMAN HOLDINGS LTD,Equity,BSE,538556,INE510P01018,X,Materials,Other Precious Metals & Mining,Micro,70.0,,134.15,36.9,9.52,135.0,81.11,0.6,0.0,,,,,,,,,,21874.0,41.9,
BSE:SMTEL,SMT ENGINEERING LIMITED,Equity,BSE,538563,INE673E01018,X,Unclassified,,,,,330.15,,,,,,,,,,,,,,,,,0.3,
BSE:JAMESWARREN,JAMES WARREN TEA LTD,Equity,BSE,538564,INE718P01017,X,Unclassified,,,,,252.2,,,,,,,,,,,,,,,,,0.2,
BSE:VISTARAMAR,Vistar Amar Limited,Equity,BSE,538565,INE878P01019,X,Fast Moving Consumer Goods,Packaged Foods,Micro,101.0,,174.35,8.1,2.22,254.9,91.15,31.6,0.0,,,0.6,,,,,,,7171.0,17.9,
BSE:FRUTION,FRUITION VENTURE LTD,Equity,BSE,538568,INE836C01015,XT,Unclassified,,,,,29.88,,,,,,,,,,,,,,,,,0.0,
BSE:TRIVENIENT,TRIVENI ENTERPRISES LTD,Equity,BSE,538569,INE916P01025,X,Unclassified,,,,,0.95,,,,,,,,,,,,,,,,,0.1,
BSE:CEMAINFRA,CEMANTIC INFRA-TECH LIMITED,Equity,BSE,538596,INE222B01028,X,Unclassified,,,,,5.0,,,,,,,,,,,,,,,,,0.0,
BSE:TTIENT,TTI ENTERPRISE LTD,Equity,BSE,538597,INE404F01031,X,Unclassified,,,,,7.1,,,,,,,,,,,,,,,,,0.4,
BSE:GAJANANSEC,GAJANAN SECURITIES SERVICES LT,Equity,BSE,538609,INE868G01019,X,Unclassified,,,,,51.9,,,,,,,,,,,,,,,,,0.3,
BSE:UNISON,UNISON METALS LTD,Equity,BSE,538610,INE099D01026,XT,Unclassified,,,,,0.82,,,,,,,,,,,,,,,,,3.8,
BSE:RTFL,Real Touch Finance Limited,Equity,BSE,538611,INE840I01014,Z,Unclassified,,,,,35.0,,,,,,,,,,,,,,,,,0.4,
BSE:VRL,VASUNDHARA RASAYANS LTD,Equity,BSE,538634,INE406F01010,X,Unclassified,,,,,144.4,,,,,,,,,,,,,,,,,1.8,
BSE:QGO,QGO FINANCE LIMITED,Equity,BSE,538646,INE837C01013,X,Unclassified,,,,,39.9,,,,,,,,,,,,,,,,,0.0,
BSE:PURSHOTTAM,PURSHOTTAM INVESTOFIN LTD,Equity,BSE,538647,INE729C01020,X,Unclassified,,,,,33.27,,,,,,,,,,,,,,,,,0.1,
BSE:CITYONLINE,City Online Services Limited,Equity,BSE,538674,INE158C01014,Z,Unclassified,,,,,7.35,,,,,,,,,,,,,,,,,0.0,
BSE:ULTRACAB,Ultracab (India) Limited,Equity,BSE,538706,INE010R01023,X,Capital Goods,Electrical Equipment & Parts,Micro,97.0,,7.82,19.8,1.03,10.99,5.25,28.8,0.0,,,47.8,,,,,,,351451.0,18.5,
BSE:ETIL,Econo Trade (India) Limited,Equity,BSE,538708,INE937K01014,X,Unclassified,,,,,6.35,,,,,,,,,,,,,,,,,0.4,
BSE:ATISHAY,Atishay Limited,Equity,BSE,538713,INE011R01013,X,Unclassified,,,,,141.8,,,,,,,,,,,,,,,,,1.1,
BSE:SANGAMFIN,Sangam Finserv Limited,Equity,BSE,538714,INE475D01010,X,Unclassified,,,,,37.86,,,,,,,,,,,,,,,,,0.2,
BSE:ARYACAPM,Aryaman Capital Markets Limite,Equity,BSE,538716,INE229R01011,B,Unclassified,,,,,419.0,,,,,,,,,,,,,,,,,0.0,
BSE:PANABYTE,PANABYTE TECHNOLOGIES LIMITED,Equity,BSE,538742,INE516E01019,XT,Unclassified,,,,,17.99,,,,,,,,,,,,,,,,,0.5,
BSE:MUDUNURU,Mudunuru Limited,Equity,BSE,538743,INE491C01027,XT,Unclassified,,,,,6.57,,,,,,,,,,,,,,,,,0.0,
BSE:CRANEINFRA,Crane Infrastructure Limited,Equity,BSE,538770,INE176L01017,X,Unclassified,,,,,11.5,,,,,,,,,,,,,,,,,0.0,
BSE:NIYOGIN,Niyogin Fintech Limited,Equity,BSE,538772,INE480D01010,X,Financial Services,Credit Services,Micro,539.0,,48.44,,1.76,72.87,30.2,33.5,0.0,,,67.8,,,,,,,97345.0,62.4,
BSE:KALYANCAP,Kalyan Capitals Limited,Equity,BSE,538778,INE149Q01021,X,Unclassified,,,,,6.49,,,,,,,,,,,,,,,,,1.3,
BSE:CITIZEN,Citizen Solar Limited,Equity,BSE,538786,INE473L01018,X,Unclassified,,,,,160.8,,,,,,,,,,,,,,,,,1.2,
BSE:GBFL,Goenka Business & Finance Limi,Equity,BSE,538787,INE997C01015,X,Unclassified,,,,,14.47,,,,,,,,,,,,,,,,,5.2,
BSE:GILADAFINS,Gilada Finance & Investments L,Equity,BSE,538788,INE918C01029,X,Unclassified,,,,,12.2,,,,,,,,,,,,,,,,,1.3,
BSE:AANCHALISP,Aanchal Ispat Limited,Equity,BSE,538812,INE322R01022,XT,Unclassified,,,,,62.21,,,,,,,,,,,,,,,,,2.2,
BSE:CAPPIPES,Captain Pipes Limited,Equity,BSE,538817,INE513R01026,B,Unclassified,,,,,7.77,,,,,,,,,,,,,,,,,4.1,
BSE:KAIZENAGRO,KAIZEN AGRO INFRABUILD LIMITED,Equity,BSE,538833,INE891N01017,XT,Unclassified,,,,,9.26,,,,,,,,,,,,,,,,,0.0,
BSE:JMJFIN,JMJ Fintech Limited,Equity,BSE,538834,INE242Q01016,X,Unclassified,,,,,9.31,,,,,,,,,,,,,,,,,0.5,
BSE:JSTL,Jeevan Scientific Technology L,Equity,BSE,538837,INE237B01018,X,Healthcare,Biotechnology,Micro,169.0,,84.71,44.1,2.06,93.9,35.0,9.8,0.0,,,29.2,,,,,,,22759.0,56.0,
BSE:ICL,Indo Cotspin Limited,Equity,BSE,538838,INE407P01017,X,Unclassified,,,,,31.5,,,,,,,,,,,,,,,,,0.0,
BSE:SCC,Scintilla Commercial & Credit,Equity,BSE,538857,INE892C01018,X,Unclassified,,,,,8.4,,,,,,,,,,,,,,,,,0.4,
BSE:PANAFIC,PANAFIC INDUSTRIALS LTD,Equity,BSE,538860,INE655P01029,XT,Financial Services,Credit Services,Micro,112.0,,2.28,,2.49,2.81,0.6,18.9,0.0,,,88.2,,,,,,,771777.0,12.1,
BSE:MYMONEY,My Money Securities Ltd.,Equity,BSE,538862,INE232L01018,X,Unclassified,,,,,34.51,,,,,,,,,,,,,,,,,5.8,
BSE:CSL,Continental Securities Limited,Equity,BSE,538868,INE183Q01020,XT,Financial Services,Credit Services,Micro,70.0,,21.97,28.2,,24.85,10.86,11.6,0.05,0.23,,,,,,,,,215590.0,34.0,
BSE:NEXUSSURGL,NEXUS SURGICAL AND MEDICARE LI,Equity,BSE,538874,INE370Q01015,XT,Unclassified,,,,,31.49,,,,,,,,,,,,,,,,,3.9,
BSE:GALADAFIN,Galada Finance Limited,Equity,BSE,538881,INE243E01010,X,Unclassified,,,,,29.5,,,,,,,,,,,,,,,,,0.0,
BSE:EMERALD,Emerald Finance Limited,Equity,BSE,538882,INE030Q01015,X,Financial Services,Credit Services,Micro,204.0,,58.72,12.6,2.11,97.0,45.23,39.5,0.1,0.17,,17.3,,,,,,,51627.0,27.6,
BSE:OCTAL,Octal Credit Capital Ltd.,Equity,BSE,538894,INE513C01010,X,Unclassified,,,,,17.16,,,,,,,,,,,,,,,,,0.0,
BSE:MIHIKA,Mihika Industries Ltd.,Equity,BSE,538895,INE779Q01017,XT,Unclassified,,,,,11.45,,,,,,,,,,,,,,,,,0.1,
BSE:SHRINIWAS,Shri Niwas Leasing and Finance,Equity,BSE,538897,INE201F01015,XT,Unclassified,,,,,18.23,,,,,,,,,,,,,,,,,0.6,
BSE:VANICOM,Vani Commercials Limited,Equity,BSE,538918,INE661Q01017,X,Unclassified,,,,,8.59,,,,,,,,,,,,,,,,,0.0,
BSE:COSYN,COSYN Limited,Equity,BSE,538922,INE029B01019,X,Unclassified,,,,,21.5,,,,,,,,,,,,,,,,,0.1,
BSE:SOFCOM,SOFCOM SYSTEMS LIMITED,Equity,BSE,538923,INE499Q01012,XT,Information Technology,Information Technology Services,Micro,46.0,,18.88,86.5,0.49,63.98,15.35,70.5,0.0,,,1.1,,,,,,,70352.0,22.2,
BSE:NAPL,Naturite Agro Products Limited,Equity,BSE,538926,INE223R01022,X,Fast Moving Consumer Goods,Packaged Foods,Micro,83.0,,77.9,,4.18,154.85,60.5,49.7,0.0,,,90.0,,,,,,,71804.0,62.6,
BSE:KARNAVATI,Karnavati Finance Limited,Equity,BSE,538928,INE554R01020,X,Unclassified,,,,,1.39,,,,,,,,,,,,,,,,,0.5,
BSE:ABHIFIN,Abhishek Finlease limited,Equity,BSE,538935,INE723C01015,X,Unclassified,,,,,73.5,,,,,,,,,,,,,,,,,0.1,
BSE:ALFL,Abhinav Leasing & Finance Limi,Equity,BSE,538952,INE211D01027,X,Unclassified,,,,,1.1,,,,,,,,,,,,,,,,,0.0,
BSE:MERCURYLAB,Mercury Laboratories Limited,Equity,BSE,538964,INE947G01011,X,Unclassified,,,,,748.0,,,,,,,,,,,,,,,,,0.0,
BSE:CONCORD,Concord Drugs Limited,Equity,BSE,538965,INE858L01010,X,Unclassified,,,,,75.7,,,,,,,,,,,,,,,,,2.5,
BSE:SHREESEC,Shree Securities Ltd.,Equity,BSE,538975,INE397C01026,Z,Unclassified,,,,,0.19,,,,,,,,,,,,,,,,,0.1,
BSE:TALBROSENG,TALBROS ENGINEERING LIMITED,Equity,BSE,538987,INE717E01013,X,Consumer Discretionary,Auto Parts,Micro,334.0,,654.35,11.2,1.83,766.0,560.5,14.6,3.0,0.46,,81.0,,,,,,,2416.0,34.0,
BSE:SAPL,Sar  Auto Products Limited,Equity,BSE,538992,INE002E01010,XT,Consumer Discretionary,Auto Parts,Micro,3883.0,,8149.1,4999.4,215.94,8999.8,1840.95,9.5,0.0,,,144.0,,,,,,,410.0,18.9,
BSE:CHENFERRO,CHENNAI FERROUS INDUSTRIES LIM,Equity,BSE,539011,INE777O01016,X,Unclassified,,,,,70.0,,,,,,,,,,,,,,,,,0.8,
BSE:MEGRISOFT,Megri Soft Limited,Equity,BSE,539012,INE756R01013,X,Unclassified,,,,,76.88,,,,,,,,,,,,,,,,,0.7,
BSE:GITARENEW,GITA RENEWABLE ENERGY LIMITED,Equity,BSE,539013,INE776O01018,X,Unclassified,,,,,63.21,,,,,,,,,,,,,,,,,0.3,
BSE:KALPACOMME,Kalpa Commercial Limited,Equity,BSE,539014,INE059Q01014,X,Unclassified,,,,,8.99,,,,,,,,,,,,,,,,,0.0,
BSE:NEIL,Neil Industries Ltd.,Equity,BSE,539016,INE396C01010,X,Unclassified,,,,,6.39,,,,,,,,,,,,,,,,,0.0,
BSE:STARHFL,STAR HOUSING FINANCE LIMITED,Equity,BSE,539017,INE526R01028,X,Unclassified,,,,,4.09,,,,,,,,,,,,,,,,,2.2,
BSE:FRASER,Fraser And Company Limited,Equity,BSE,539032,INE184Q01010,X,Unclassified,,,,,8.76,,,,,,,,,,,,,,,,,0.8,
BSE:TIRUPATIIN,TIRUPATI INNOVAR LIMITED,Equity,BSE,539040,INE812Q01016,X,Unclassified,,,,,6.41,,,,,,,,,,,,,,,,,4.0,
BSE:GANVERSE,GANESHA ECOVERSE LIMITED,Equity (SME),BSE,539041,INE369Q01017,M,Unclassified,,,,,23.01,,,,,,,,,,,,,,,,,0.9,
BSE:RAJPUTANA,Rajputana Investment and Finan,Equity,BSE,539090,INE751R01014,X,Unclassified,,,,,30.56,,,,,,,,,,,,,,,,,1.9,
BSE:CCDL,Consecutive Commodities Limite,Equity,BSE,539091,INE187R01029,XT,Financial Services,Asset Management,Micro,60.0,,0.94,4.9,0.82,1.39,0.68,32.4,0.0,,,0.3,,,,,,,3647596.0,25.9,
BSE:URSUGAR,UR SUGAR INDUSTRIES LIMITED,Equity,BSE,539097,INE904R01027,T,Unclassified,,,,,2.91,,,,,,,,,,,,,,,,,0.3,
BSE:FILTRA,Filtra Consultants and Enginee,Equity (SME),BSE,539098,INE541R01019,M,Unclassified,,,,,64.79,,,,,,,,,,,,,,,,,2.5,
BSE:ATHCON,Athena Constructions Limited,Equity (SME),BSE,539099,INE291R01011,M,Unclassified,,,,,3.67,,,,,,,,,,,,,,,,,0.2,
BSE:NORTHLINK,Northlink Fiscal And Capital S,Equity,BSE,539110,INE736P01019,Z,Unclassified,,,,,35.0,,,,,,,,,,,,,,,,,0.0,
BSE:SHESHAINDS,SHESHADRI INDUSTRIES LIMITED,Equity,BSE,539111,INE193R01019,X,Unclassified,,,,,15.4,,,,,,,,,,,,,,,,,0.0,
BSE:ALANSCOTT,ALAN SCOTT ENTERPRISES LIMITED,Equity,BSE,539115,INE273F01022,XT,Unclassified,,,,,310.0,,,,,,,,,,,,,,,,,0.3,
BSE:SUJALA,Sujala Trading & Holding Ltd.,Equity,BSE,539117,INE029H01016,X,Unclassified,,,,,12.31,,,,,,,,,,,,,,,,,4.7,
BSE:GRAMEVA,GRAMEVA LIMITED,Equity,BSE,539120,INE578R01011,XT,Unclassified,,,,,79.7,,,,,,,,,,,,,,,,,0.0,
BSE:PALCO,Palco Metals Limited,Equity,BSE,539121,INE239L01013,X,Materials,Aluminum,Micro,74.0,,183.45,9.7,4.08,193.2,88.85,5.0,0.0,,,151.9,,,,,,,2284.0,20.9,
BSE:BODHTREE,Bodhtree Consulting Limited,Equity,BSE,539122,INE104F01029,X,Unclassified,,,,,12.67,,,,,,,,,,,,,,,,,0.6,
BSE:VBIND,V B INDUSTRIES LIMITED,Equity,BSE,539123,INE334E01017,X,Unclassified,,,,,8.9,,,,,,,,,,,,,,,,,0.6,
BSE:SARVOTTAM,Survottam Finvest Ltd.,Equity,BSE,539124,INE822Q01015,X,Unclassified,,,,,18.0,,,,,,,,,,,,,,,,,0.0,
BSE:WARDWIZFBL,Wardwizard Foods and Beverages,Equity,BSE,539132,INE761D01021,X,Unclassified,,,,,8.29,,,,,,,,,,,,,,,,,6.2,
BSE:PANTH,PANTH INFINITY LIMITED,Equity,BSE,539143,INE945O01019,X,Unclassified,,,,,10.52,,,,,,,,,,,,,,,,,4.2,
BSE:ICSL,Integrated Capital Services Lt,Equity,BSE,539149,INE682B01023,X,Unclassified,,,,,3.9,,,,,,,,,,,,,,,,,0.1,
BSE:HELPAGE,Helpage Finlease Ltd.,Equity,BSE,539174,INE738P01015,X,Unclassified,,,,,22.67,,,,,,,,,,,,,,,,,0.0,
BSE:HAWAENG,Hawa Engineers ltd.,Equity,BSE,539176,INE230I01018,X,Unclassified,,,,,83.45,,,,,,,,,,,,,,,,,2.1,
BSE:ADHBHUTIN,Adhbhut Infrastructure Ltd.,Equity,BSE,539189,INE578L01014,X,Unclassified,,,,,12.97,,,,,,,,,,,,,,,,,0.1,
BSE:DFL,Decillion Finance Ltd.,Equity,BSE,539190,INE848N01017,X,Unclassified,,,,,41.21,,,,,,,,,,,,,,,,,0.1,
BSE:AEL,Amba Enterprises Ltd.,Equity,BSE,539196,INE829P01020,X,Unclassified,,,,,118.85,,,,,,,,,,,,,,,,,8.3,
BSE:NOBPOL,NOBLE POLYMERS LIMITED,Equity,BSE,539200,INE203Q01026,XT,Unclassified,,,,,17.6,,,,,,,,,,,,,,,,,3.1,
BSE:GVBL,GENOMIC VALLEY BIOTECH LIMITED,Equity,BSE,539206,INE574D01010,X,Unclassified,,,,,28.88,,,,,,,,,,,,,,,,,0.0,
BSE:GARMNTMNTR,GARMENT MANTRA LIFESTYLE LIMIT,Equity,BSE,539216,INE653S01028,X,Consumer Discretionary,Apparel Manufacturing,Micro,66.0,,1.1,11.1,0.61,2.29,0.99,52.0,0.0,,7.4,26.8,,,,,,,550528.0,12.2,
BSE:SRESTHA,Srestha Finvest Limited,Equity,BSE,539217,INE606K01049,X,Unclassified,,,,,0.24,,,,,,,,,,,,,,,,,7.0,
BSE:SAUMYA,Saumya Consultants Ltd.,Equity,BSE,539218,INE563C01015,X,Unclassified,,,,,119.7,,,,,,,,,,,,,,,,,0.1,
BSE:MUL,MAURIA UDYOG LIMITED,Equity,BSE,539219,INE150D01027,X,Unclassified,,,,,6.99,,,,,,,,,,,,,,,,,1.2,
BSE:MISHKA,Mishka Exim Limited,Equity,BSE,539220,INE540S01019,X,Unclassified,,,,,43.01,,,,,,,,,,,,,,,,,0.3,
BSE:GROWINGTON,GROWINGTON VENTURES INDIA LIMI,Equity,BSE,539222,INE451S01027,B,Fast Moving Consumer Goods,Food Distribution,Micro,50.0,,0.78,11.1,0.69,1.68,0.59,53.6,0.0,,,10.9,,,,,,,4788295.0,52.1,
BSE:HCKKVENTURE,HCKK Ventures Limited,Equity,BSE,539224,INE345Q01017,XT,Unclassified,,,,,32.97,,,,,,,,,,,,,,,,,1.7,
BSE:LOYAL,Loyal Equipments Limited,Equity,BSE,539227,INE876S01017,X,Capital Goods,Specialty Industrial Machinery,Micro,146.0,,135.5,20.6,2.59,225.0,120.0,39.8,1.0,0.74,,39.1,,,,,,,4633.0,13.1,
BSE:GGPL,Gala Global Products Limited,Equity,BSE,539228,INE480S01026,Z,Unclassified,,,,,1.24,,,,,,,,,,,,,,,,,1.5,
BSE:CHEMIESYNT,Chemiesynth (Vapi) Limited,Equity,BSE,539230,INE829R01018,XT,Unclassified,,,,,103.64,,,,,,,,,,,,,,,,,0.0,
BSE:STARDELTA,STAR DELTA TRANSFORMERS LIMITE,Equity,BSE,539255,INE541K01014,X,Unclassified,,,,,433.25,,,,,,,,,,,,,,,,,4.2,
BSE:AMRAFIN,Amrapali Fincap Limited,Equity (SME),BSE,539265,INE990S01016,MT,Unclassified,,,,,40.46,,,,,,,,,,,,,,,,,0.5,
BSE:SAMSRITA,SAMSRITA LABS LIMITED,Equity,BSE,539267,INE579N01018,X,Unclassified,,,,,11.76,,,,,,,,,,,,,,,,,0.2,
BSE:SYMBIOX,Symbiox Investment & Trading C,Equity,BSE,539278,INE653R01012,X,Unclassified,,,,,1.52,,,,,,,,,,,,,,,,,0.2,
BSE:THINKINK,THINKINK PICTUREZ LIMITED,Equity,BSE,539310,INE365S01045,X,Unclassified,,,,,0.19,,,,,,,,,,,,,,,,,0.8,
BSE:UNIAUTO,Universal Autofoundry Limited,Equity,BSE,539314,INE203T01012,B,Consumer Discretionary,Auto Parts,Micro,61.0,,48.91,,0.87,69.69,41.9,29.8,0.0,,-7.7,114.5,,,,,,,11344.0,11.2,
BSE:WAAREE,WAAREE TECHNOLOGIES LIMITED,Equity (SME),BSE,539337,INE725P01012,M,Unclassified,,,,,199.8,,,,,,,,,,,,,,,,,9.6,
BSE:SALAUTO,SAL AUTOMOTIVE LIMITED,Equity,BSE,539353,INE724G01014,X,Unclassified,,,,,191.05,,,,,,,,,,,,,,,,,0.8,
BSE:MAHAVEER,Mahaveer Infoway Limited,Equity,BSE,539383,INE019D01016,Z,Unclassified,,,,,11.2,,,,,,,,,,,,,,,,,0.0,
BSE:ACME,Acme Resources Limited,Equity,BSE,539391,INE636B01011,Z,Unclassified,,,,,28.57,,,,,,,,,,,,,,,,,0.0,
BSE:VISHALBL,Vishal Bearings Limited,Equity,BSE,539398,INE060T01024,B,Unclassified,,,,,54.58,,,,,,,,,,,,,,,,,2.2,
BSE:NAKSH,Naksh Precious Metals Limited,Equity,BSE,539402,INE256S01012,Z,Unclassified,,,,,3.42,,,,,,,,,,,,,,,,,0.1,
BSE:DITCO,Decorous Investment and Tradin,Equity,BSE,539405,INE183R01010,X,Unclassified,,,,,12.13,,,,,,,,,,,,,,,,,0.4,
BSE:SWAGTAM,Swagatam Trading & Services Li,Equity,BSE,539406,INE150R01019,X,Unclassified,,,,,75.99,,,,,,,,,,,,,,,,,0.2,
BSE:KUBERJI,Kuber Udyog Limited,Equity,BSE,539408,INE594R01018,XT,Financial Services,Credit Services,Micro,24.0,,69.27,38.9,5.65,69.27,10.51,0.0,0.0,,,21.7,,,,,,,33357.0,19.9,
BSE:TEJNAKSH,Tejnaksh Healthcare Limited,Equity,BSE,539428,INE030T01027,X,Unclassified,,,,,12.54,,,,,,,,,,,,,,,,,1.2,
BSE:RFSL,Richfield Financial Services L,Equity,BSE,539435,INE201C01012,X,Unclassified,,,,,18.69,,,,,,,,,,,,,,,,,0.5,
BSE:IGCIL,IGC Industries Limited,Equity,BSE,539449,INE099S01016,X,Unclassified,,,,,1.84,,,,,,,,,,,,,,,,,2.6,
BSE:ECOFINITY,ECOFINITY ATOMIX LIMITED,Equity,BSE,539455,INE360S01012,X,Unclassified,,,,,69.82,,,,,,,,,,,,,,,,,5.1,
BSE:SHREEGANES,Shree Ganesh Biotech (India) L,Equity,BSE,539470,INE051N01026,X,Unclassified,,,,,0.47,,,,,,,,,,,,,,,,,1.4,
BSE:GTV,GTV Engineering Limited,Equity,BSE,539479,INE910R01024,X,Capital Goods,Metal Fabrication,Micro,345.0,,67.97,19.6,5.25,83.9,41.55,19.0,0.2,0.32,,12.0,,,,,,,60958.0,122.5,
BSE:LICNETFN50,LIC MF EXHGE TRADED FUND-NIFTY,Equity,BSE,539480,INF767K01OS7,B,Unclassified,,,,,253.74,,,,,,,,,,,,,,,,,0.0,
BSE:GEETANJ,Geetanjali Credit And Capital,Equity,BSE,539486,INE263R01010,X,Unclassified,,,,,9.83,,,,,,,,,,,,,,,,,0.0,
BSE:LICNETFSEN,LIC MF EXCHNG TRADED FUND-SENS,Equity,BSE,539487,INF767K01OT5,B,Unclassified,,,,,814.82,,,,,,,,,,,,,,,,,0.4,
BSE:GARBIFIN,Garbi Finvest Limited,Equity,BSE,539492,INE721C01019,X,Unclassified,,,,,8.89,,,,,,,,,,,,,,,,,0.0,
BSE:SMARTFIN,Smart Finsec Limited,Equity,BSE,539494,INE766D01020,X,Unclassified,,,,,8.06,,,,,,,,,,,,,,,,,0.2,
BSE:RAJKOTINV,Rajkot Investment Trust Limite,Equity,BSE,539495,INE176R01014,X,Unclassified,,,,,48.0,,,,,,,,,,,,,,,,,0.0,
BSE:ADCON,Adcon Capital Services Limited,Equity,BSE,539506,INE805Q01028,X,Unclassified,,,,,0.52,,,,,,,,,,,,,,,,,0.8,
BSE:TAVEXIA,TAVEXIA LIFECARE LIMITED,Equity,BSE,539519,INE280E01038,XT,Fast Moving Consumer Goods,Household & Personal Products,Micro,45.0,,1.18,,0.97,1.24,0.49,4.8,0.0,,,8.1,,,,,,,1077838.0,11.8,
BSE:GROVY,Grovy India Limited,Equity,BSE,539522,INE343C01012,XT,Unclassified,,,,,64.0,,,,,,,,,,,,,,,,,0.4,
BSE:SCTL,Suncare Traders Limited,Equity,BSE,539526,INE452S01025,X,Unclassified,,,,,0.42,,,,,,,,,,,,,,,,,0.9,
BSE:CREATIVE,Creative Castings Limited,Equity,BSE,539527,INE146E01015,X,Unclassified,,,,,618.15,,,,,,,,,,,,,,,,,6.3,
BSE:AAYUSH,AAYUSH WELLNESS LIMITED,Equity,BSE,539528,INE430R01023,X,Unclassified,,,,,23.76,,,,,,,,,,,,,,,,,8.7,
BSE:AGRIBIO,AGRIBIO SPIRITS LIMITED,Equity,BSE,539546,INE679E01015,X,Consumer Discretionary,Textile Manufacturing,Micro,336.0,,310.15,107.3,,343.0,201.3,9.6,0.3,0.1,,,,,,,,,12596.0,32.9,
BSE:DHVIJAFIN,DHVIJA FINANCE LIMITED,Equity,BSE,539552,INE108T01021,X,Unclassified,,,,,10.93,,,,,,,,,,,,,,,,,1.2,
BSE:DEEPAI,Deep Health AI India Limited,Equity,BSE,539559,INE005G01026,XT,Unclassified,,,,,1.62,,,,,,,,,,,,,,,,,6.9,
BSE:SUPHA,SUPHA PHARMACHEM LIMITED,Equity,BSE,539561,INE549S01036,Z,Unclassified,,,,,0.26,,,,,,,,,,,,,,,,,2.3,
BSE:SHIVA,Shivansh Finserv Limited,Equity,BSE,539593,INE728Q01014,XT,Unclassified,,,,,10.64,,,,,,,,,,,,,,,,,0.9,
BSE:MISHTANN,Mishtann Foods Limited,Equity,BSE,539594,INE094S01041,X,Fast Moving Consumer Goods,Farm Products,Micro,332.0,,3.07,1.8,0.25,5.7,2.97,46.1,0.0,,,4.8,,,,,,,918636.0,27.8,
BSE:DELTA,Delta Industrial Resources Lim,Equity,BSE,539596,INE681Q01015,X,Unclassified,,,,,10.3,,,,,,,,,,,,,,,,,0.1,
BSE:AMPL,AMPL Capital Limited,Equity,BSE,539598,INE727C01024,X,Financial Services,Credit Services,Micro,213.0,,34.38,7.7,1.41,42.4,24.36,18.9,0.0,,,75.6,,,,,,,82960.0,31.5,
BSE:KEIL,KANORIA ENERGY & INFRASTRUCTUR,Equity,BSE,539620,INE534E01020,X,Unclassified,,,,,17.36,,,,,,,,,,,,,,,,,0.3,
BSE:BCLENTERPR,BCL Enterprises Limited,Equity,BSE,539621,INE368E01023,XT,Unclassified,,,,,0.47,,,,,,,,,,,,,,,,,0.1,
BSE:KAMATS,VIKRAM KAMATS HOSPITALITY LIMI,Equity,BSE,539659,INE564S01019,B,Unclassified,,,,,30.04,,,,,,,,,,,,,,,,,0.6,
BSE:ACEMEN,ACE MEN ENGG WORKS LIMITED,Equity,BSE,539661,INE023R01018,X,Materials,Other Industrial Metals & Mining,Micro,147.0,,113.75,517.0,1.09,127.95,85.75,11.1,0.0,,,18.9,,,,,,,28289.0,115.3,
BSE:BFLAFL,BFL Asset Finvest Limited,Equity,BSE,539662,INE948Q01018,X,Unclassified,,,,,6.2,,,,,,,,,,,,,,,,,0.1,
BSE:RGF,RGF Capital Markets Limited,Equity,BSE,539669,INE684D01025,X,Unclassified,,,,,2.1,,,,,,,,,,,,,,,,,2.1,
BSE:RCL,Radhagobind Commercial Limited,Equity,BSE,539673,INE792P01020,Z,Unclassified,,,,,1.73,,,,,,,,,,,,,,,,,0.3,
BSE:KAPILRAJ,Kapil Raj Finance Ltd.,Equity,BSE,539679,INE332Q01023,XT,Financial Services,Credit Services,Micro,34.0,,3.09,51.2,2.4,4.19,1.15,26.3,0.0,,,0.3,,,,,,,2094596.0,80.6,
BSE:MOBAVENUE,Mobavenue AI Tech Limited,Equity,BSE,539682,INE622Q01027,X,Fast Moving Consumer Goods,Education & Training Services,Micro,2248.0,,289.55,63.2,24.83,343.8,196.9,15.8,0.2,0.07,57.7,14.2,,,,,,,47586.0,63.8,
BSE:IFINSER,INTERACTIVE FINANCIAL SERVICES,Equity,BSE,539692,INE064T01018,X,Unclassified,,,,,11.73,,,,,,,,,,,,,,,,,0.8,
BSE:HILIKS,HILIKS TECHNOLOGIES LIMITED,Equity,BSE,539697,INE966Q01010,XT,Capital Goods,Staffing & Employment Services,Micro,80.0,,61.1,39.4,2.48,89.6,38.63,31.8,0.0,,,,,,,,,,14467.0,21.0,
BSE:HYPERSOFT,HYPERSOFT TECHNOLOGIES LIMITED,Equity,BSE,539724,INE039D01014,XT,Unclassified,,,,,196.1,,,,,,,,,,,,,,,,,6.3,
BSE:RELICAB,Relicab Cable Manufacturing Li,Equity,BSE,539760,INE773T01014,B,Unclassified,,,,,34.89,,,,,,,,,,,,,,,,,0.6,
BSE:VKAL,Vantage Knowledge Academy Limi,Equity,BSE,539761,INE427T01025,X,Unclassified,,,,,0.72,,,,,,,,,,,,,,,,,5.2,
BSE:MEAPL,MODERN ENGINEERING AND PROJECT,Equity,BSE,539762,INE250S01015,X,Capital Goods,Engineering & Construction,Micro,34.0,,22.15,4.7,0.53,47.95,21.9,53.8,0.0,,,55.3,,,,,,,32282.0,24.0,
BSE:MNIL,Mega Nirman & Industries Limit,Equity,BSE,539767,INE216Q01010,XT,Consumer Discretionary,Luxury Goods,Micro,156.0,,60.73,82.1,,61.0,20.01,0.4,0.0,,,,,,,,,,22511.0,92.9,
BSE:DARJEELING,DARJEELING INDUSTRIIES LIMITED,Equity,BSE,539770,INE830S01014,X,Unclassified,,,,,25.99,,,,,,,,,,,,,,,,,0.4,
BSE:LICNFNHGP,LIC MF EXHNGE TRADED FUND NIFT,Equity,BSE,539784,INF767K01PC8,B,Unclassified,,,,,263.42,,,,,,,,,,,,,,,,,0.5,
BSE:UMIYA,Umiya Tubes Limited,Equity,BSE,539798,INE173U01015,X,Unclassified,,,,,25.68,,,,,,,,,,,,,,,,,4.5,
BSE:CHDCHEM,CHD Chemicals Limited,Equity,BSE,539800,INE043U01010,X,Unclassified,,,,,6.5,,,,,,,,,,,,,,,,,0.6,
BSE:LELAVOIR,LE LAVOIR LIMITED,Equity,BSE,539814,INE204S01012,X,Unclassified,,,,,70.83,,,,,,,,,,,,,,,,,1.0,
BSE:BALGOPAL,Balgopal Commercial limited,Equity,BSE,539834,INE119R01014,X,Financial Services,Capital Markets,Micro,372.0,,160.05,,,272.95,130.0,41.4,0.0,,,,,,,,,,5237.0,10.9,
BSE:SUPERIOR,Superior Finlease Limited,Equity,BSE,539835,INE574R01028,X,Unclassified,,,,,1.62,,,,,,,,,,,,,,,,,0.3,
BSE:DARSHANORNA,Darshan Orna Limited,Equity,BSE,539884,INE671T01028,X,Unclassified,,,,,2.07,,,,,,,,,,,,,,,,,0.7,
BSE:SPICELOUNG,SPICE LOUNGE FOOD WORKS LIMITE,Equity,BSE,539895,INE631E01024,B,Information Technology,Software - Application,Micro,1945.0,,27.9,121.3,16.08,72.2,16.21,61.4,0.0,,,95.8,,,,,,,390307.0,16.6,
BSE:DIDL,DALMIA INDUSTRIAL DEVELOPMENT,Equity,BSE,539900,INE642P01019,X,Unclassified,,,,,8.73,,,,,,,,,,,,,,,,,0.1,
BSE:SNIM,Svarnim Trade Udyog Limited,Equity,BSE,539911,INE730R01042,X,Unclassified,,,,,11.6,,,,,,,,,,,,,,,,,0.1,
BSE:RGIL,Rotographics (India) Limited,Equity,BSE,539922,INE364S01022,XT,Unclassified,,,,,44.59,,,,,,,,,,,,,,,,,0.1,
BSE:LIKHAMI,LIKHAMI CONSULTING LIMITED,Equity,BSE,539927,INE920T01011,X,Unclassified,,,,,312.2,,,,,,,,,,,,,,,,,0.0,
BSE:MIL,Medico Intercontinental Limite,Equity,BSE,539938,INE858Q01019,X,Unclassified,,,,,23.79,,,,,,,,,,,,,,,,,0.2,
BSE:YASHCHEM,Yash Chemex Limited,Equity,BSE,539939,INE571U01010,X,Unclassified,,,,,52.4,,,,,,,,,,,,,,,,,3.6,
BSE:BAZELINTER,Bazel International Limited,Equity,BSE,539946,INE217E01014,XT,Unclassified,,,,,20.5,,,,,,,,,,,,,,,,,0.1,
BSE:JLL,JINDAL LEASEFIN LIMITED,Equity,BSE,539947,INE919T01013,XT,Unclassified,,,,,61.71,,,,,,,,,,,,,,,,,0.1,
BSE:ZEAL,Zeal Aqua Limited,Equity,BSE,539963,INE819S01025,X,Unclassified,,,,,10.33,,,,,,,,,,,,,,,,,3.9,
BSE:HIIL,HINDUSTHAN INSULATORS and INDU,Equity,BSE,539984,INE799B01025,XT,Unclassified,,,,,516.25,,,,,,,,,,,,,,,,,0.5,
BSE:TITAANIUM,Titaanium Ten Enterprise Limit,Equity (SME),BSE,539985,INE120V01014,M,Unclassified,,,,,18.5,,,,,,,,,,,,,,,,,4.4,
BSE:COLORCHIPS,COLORCHIPS NEW MEDIA LIMITED,Equity,BSE,540023,INE621I01042,X,Unclassified,,,,,10.65,,,,,,,,,,,,,,,,,0.3,
BSE:LAHL,Ladam Affortable Housing Limit,Equity,BSE,540026,INE213U01019,X,Unclassified,,,,,6.36,,,,,,,,,,,,,,,,,0.1,
BSE:GOLDENCREST,Golden Crest Education & Servi,Equity,BSE,540062,INE222U01010,X,Unclassified,,,,,324.8,,,,,,,,,,,,,,,,,0.0,
BSE:AMS,AMS POLYMERS LIMITED,Equity,BSE,540066,INE345U01019,XT,Unclassified,,,,,48.0,,,,,,,,,,,,,,,,,0.2,
BSE:SHIVAEXPO,Shiva Granito Export Limited,Equity (SME),BSE,540072,INE191V01015,MT,Materials,Building Materials,Micro,14.0,,10.5,,0.58,14.55,7.01,27.8,0.0,,-0.2,17.2,,,,,,,11406.0,21.3,
BSE:MITSU,Mitsu Chem Plast Limited,Equity,BSE,540078,INE317V01016,X,Materials,Specialty Chemicals,Micro,242.0,,178.2,10.5,2.15,201.05,80.3,11.4,0.2,0.11,,56.8,,,,,,,29033.0,31.4,
BSE:SPRAYKING,Sprayking Limited,Equity,BSE,540079,INE537U01037,B,Unclassified,,,,,1.2,,,,,,,,,,,,,,,,,1.3,
BSE:RSTL,Riddhi Steel and Tube Limited,Equity (SME),BSE,540082,INE367U01013,MT,Unclassified,,,,,262.35,,,,,,,,,,,,,,,,,5.9,
BSE:GAMCO,GAMCO LIMITED,Equity,BSE,540097,INE890S01026,X,Financial Services,Capital Markets,Micro,253.0,,46.75,,1.52,56.49,32.65,17.2,0.1,0.21,,172.2,,,,,,,48201.0,10.2,
BSE:SIIL,Sabrimala Industries India Lim,Equity,BSE,540132,INE400R01018,XT,Unclassified,,,,,18.0,,,,,,,,,,,,,,,,,2.2,
BSE:ARCFIN,ARC Finance Limited,Equity,BSE,540135,INE202R01026,X,Financial Services,Credit Services,Micro,40.0,,0.46,46.0,0.41,0.84,0.44,45.2,0.0,,,14.2,,,,,,,1789980.0,13.0,
BSE:SAGARSOFT,Sagarsoft (India) Limited,Equity,BSE,540143,INE184B01012,X,Unclassified,,,,,91.8,,,,,,,,,,,,,,,,,1.9,
BSE:ACML,ADITYA CONSUMER MARKETING LIMI,Equity (SME),BSE,540146,INE427V01013,M,Unclassified,,,,,34.99,,,,,,,,,,,,,,,,,0.3,
BSE:SHASHIJIT,Shashijit Infraprojects Limite,Equity,BSE,540147,INE700V01021,X,Unclassified,,,,,2.22,,,,,,,,,,,,,,,,,1.6,
BSE:SUPRAPFSL,Supra Pacific Financial Servic,Equity,BSE,540168,INE268T01015,X,Unclassified,,,,,33.57,,,,,,,,,,,,,,,,,8.2,
BSE:SOUTHERNIN,SOUTHERN INFOCONSULTANTS LIMIT,Equity,BSE,540174,INE298B01010,X,Unclassified,,,,,20.66,,,,,,,,,,,,,,,,,0.1,
BSE:REGENCY,REGENCY FINCORP LIMITED,Equity,BSE,540175,INE964R01013,X,Financial Services,Credit Services,Micro,401.0,,50.07,27.6,2.5,53.29,22.71,6.0,0.0,,,97.0,,,,,,,144092.0,109.5,
BSE:SALEM,Salem Erode Investments Ltd.,Equity,BSE,540181,INE894E01028,X,Unclassified,,,,,24.5,,,,,,,,,,,,,,,,,0.3,
BSE:UPROTECH,Unipro Technologies Limited,Equity,BSE,540189,INE448F01012,XT,Unclassified,,,,,10.4,,,,,,,,,,,,,,,,,0.1,
BSE:FRANKLININD,Franklin Industries Limited,Equity,BSE,540190,INE789R01022,X,Unclassified,,,,,0.31,,,,,,,,,,,,,,,,,7.4,
BSE:OSIAJEE,OSIAJEE TEXFAB LIMITED,Equity,BSE,540198,INE186R01013,X,Unclassified,,,,,227.0,,,,,,,,,,,,,,,,,3.3,
BSE:CMBL,Corporate Merchant Bankers Lim,Equity,BSE,540199,INE850R01014,X,Unclassified,,,,,48.96,,,,,,,,,,,,,,,,,0.0,
BSE:EIKO,EIKO LIFESCIENCES LIMITED,Equity,BSE,540204,INE666Q01016,X,Materials,Specialty Chemicals,Micro,73.0,,48.67,15.0,1.03,64.44,43.0,24.5,0.0,,,6.8,,,,,,,12199.0,34.4,
BSE:NEWLIGHT,NEW LIGHT INDUSTRIES LIMITED,Equity,BSE,540243,INE835U01027,XT,Unclassified,,,,,1.3,,,,,,,,,,,,,,,,,0.6,
BSE:VSL,Viram Suvarn Limited,Equity,BSE,540252,INE607V01028,B,Consumer Discretionary,Luxury Goods,Micro,109.0,,9.66,15.8,1.76,12.99,6.82,25.6,0.0,,,0.0,,,,,,,281885.0,29.2,
BSE:MTPL,MARG TECHNO PROJECTS LIMITED,Equity,BSE,540254,INE245H01018,XT,Unclassified,,,,,7.89,,,,,,,,,,,,,,,,,8.4,
BSE:SHANGAR,SHANGAR DECOR LIMITED,Equity,BSE,540259,INE118R01032,X,Unclassified,,,,,0.22,,,,,,,,,,,,,,,,,3.1,
BSE:GLCL,Globe Commercials Limited,Equity,BSE,540266,INE804Q01013,X,Unclassified,,,,,19.05,,,,,,,,,,,,,,,,,5.3,
BSE:FLORACORP,Flora Corporation Limited,Equity,BSE,540267,INE318U01016,X,Unclassified,,,,,6.02,,,,,,,,,,,,,,,,,0.3,
BSE:SKL,SUPER FINE KNITTERS LIMITED,Equity (SME),BSE,540269,INE459U01018,MT,Consumer Discretionary,Textile Manufacturing,Micro,20.0,,15.75,21.3,0.78,15.75,6.85,0.0,0.0,,3.7,42.4,,,,,,,17031.0,14.0,
BSE:CFL,Classic Filaments Limited,Equity,BSE,540310,INE181U01018,XT,Unclassified,,,,,93.3,,,,,,,,,,,,,,,,,5.4,
BSE:TANVI,Tanvi Foods (India) Limited,Equity (SME),BSE,540332,INE978V01015,M,Unclassified,,,,,42.4,,,,,,,,,,,,,,,,,0.4,
BSE:LLFICL,LEADING LEASING FINANCE AND IN,Equity,BSE,540360,INE715Q01029,T,Unclassified,,,,,0.99,,,,,,,,,,,,,,,,,4.9,
BSE:DANUBE,DANUBE INDUSTRIES LIMITED,Equity,BSE,540361,INE575D01041,X,Unclassified,,,,,4.89,,,,,,,,,,,,,,,,,4.7,
BSE:IFL,IFL ENTERPRISES LIMITED,Equity,BSE,540377,INE714U01024,B,Unclassified,,,,,0.31,,,,,,,,,,,,,,,,,3.9,
BSE:ONTIC,Ontic Finserve Limited,Equity,BSE,540386,INE989S01042,XT,Unclassified,,,,,1.34,,,,,,,,,,,,,,,,,0.1,
BSE:MAXIMUS,Maximus International Limited,Equity,BSE,540401,INE544W01021,X,Unclassified,,,,,14.88,,,,,,,,,,,,,,,,,6.5,
BSE:PRIMEFRESH,PRIME FRESH LIMITED,Equity,BSE,540404,INE442V01012,B,Fast Moving Consumer Goods,Food Distribution,Micro,218.0,,156.7,15.1,2.39,302.4,149.4,48.2,0.0,,,9.6,,,,,,,12694.0,30.5,
BSE:OCEANIC,Oceanic Foods Limited,Equity,BSE,540405,INE711V01010,X,Unclassified,,,,,49.9,,,,,,,,,,,,,,,,,5.4,
BSE:ESCORP,Escorp Asset Management Limite,Equity,BSE,540455,INE953W01016,B,Unclassified,,,,,110.0,,,,,,,,,,,,,,,,,7.2,
BSE:PARMSILK,PARMESHWARI SILK MILLS LIMITED,Equity,BSE,540467,INE808R01012,XT,Unclassified,,,,,346.0,,,,,,,,,,,,,,,,,0.0,
BSE:CLFL,Classic Leasing & Finance Ltd.,Equity,BSE,540481,INE949C01016,X,Unclassified,,,,,53.75,,,,,,,,,,,,,,,,,0.1,
BSE:STARLENT,STARLINEPS ENTERPRISES LIMITED,Equity,BSE,540492,INE594W01042,B,Consumer Discretionary,Luxury Goods,Micro,345.0,,7.87,,2.06,14.49,1.9,45.7,0.0,,,2.4,,,,,,,483979.0,16.8,
BSE:KANUNGO,KANUNGO FINANCIERS LIMITED,Equity,BSE,540515,INE453S01015,XT,Unclassified,,,,,14.6,,,,,,,,,,,,,,,,,0.0,
BSE:MEERA,Meera Industries Limited,Equity,BSE,540519,INE343X01026,B,Unclassified,,,,,28.13,,,,,,,,,,,,,,,,,0.4,
BSE:GKL,GURU KRUPA GEMS AND JEWELLERY,Equity,BSE,540545,INE986W01016,XT,Unclassified,,,,,37.64,,,,,,,,,,,,,,,,,7.1,
BSE:VARIMAN,VARIMAN GLOBAL ENTERPRISES LIM,Equity,BSE,540570,INE717F01028,X,Unclassified,,,,,4.84,,,,,,,,,,,,,,,,,2.6,
BSE:RIDDHICORP,Riddhi Corporate Services Limi,Equity,BSE,540590,INE325X01015,X,Unclassified,,,,,54.49,,,,,,,,,,,,,,,,,0.5,
BSE:CONTAINER,Containerway International Lim,Equity,BSE,540597,INE319U01022,X,Unclassified,,,,,16.81,,,,,,,,,,,,,,,,,0.4,
BSE:7NR,7NR Retail Limited,Equity,BSE,540615,INE413X01035,XT,Unclassified,,,,,6.7,,,,,,,,,,,,,,,,,1.2,
BSE:GSTL,GlobalSpace Technologies Limit,Equity,BSE,540654,INE632W01016,X,Unclassified,,,,,29.95,,,,,,,,,,,,,,,,,5.7,
BSE:SMRUTHIORG,Smruthi Organics Limited,Equity,BSE,540686,INE172E01011,X,Healthcare,Drug Manufacturers - Specialty & Generic,Micro,177.0,,154.6,23.9,2.41,175.3,95.0,11.8,1.5,0.97,,11.7,,,,,,,9344.0,16.0,
BSE:SHISHIND,Shish Industries Limited,Equity,BSE,540693,INE145Y01023,X,Consumer Discretionary,Packaging & Containers,Micro,546.0,,12.86,184.7,3.07,19.14,7.1,32.8,0.0,,,27.2,,,,,,,1198967.0,43.3,
BSE:ANG,ANG Lifesciences India Limited,Equity,BSE,540694,INE236W01016,T,Unclassified,,,,,40.18,,,,,,,,,,,,,,,,,1.7,
BSE:KCDGROUP,KCD INDUSTRIES INDIA LIMITED,Equity,BSE,540696,INE185U01035,XT,Unclassified,,,,,3.5,,,,,,,,,,,,,,,,,0.1,
BSE:PROCLB,PRO CLB GLOBAL LIMITED,Equity,BSE,540703,INE438C01010,XT,Consumer Discretionary,Travel Services,Micro,26.0,,50.2,23.8,2.31,51.0,23.23,1.6,0.0,,,,,,,,,,22931.0,32.5,
BSE:PQIF,Polo Queen Industrial and Fint,Equity,BSE,540717,INE689M01025,X,Unclassified,,,,,7.81,,,,,,,,,,,,,,,,,4.0,
BSE:AAYUSHBULL,AAYUSH ART AND BULLION LIMITED,Equity (SME),BSE,540718,INE777X01017,M,Consumer Discretionary,Luxury Goods,Micro,1947.0,,1271.55,244.1,32.03,1350.0,979.15,5.8,0.0,,13.9,0.0,,,,,,,86162.0,798.2,
BSE:TTFL,Trident Texofab Limited,Equity,BSE,540726,INE071Y01013,X,Unclassified,,,,,20.6,,,,,,,,,,,,,,,,,3.3,
BSE:POOJA,Poojawestern Metaliks Limited,Equity,BSE,540727,INE973X01012,B,Unclassified,,,,,15.88,,,,,,,,,,,,,,,,,0.2,
BSE:VANTABIO,Vanta Bioscience Limited,Equity (SME),BSE,540729,INE695X01011,M,Unclassified,,,,,21.49,,,,,,,,,,,,,,,,,0.5,
BSE:MEHAI,Mehai Technology  Limited,Equity,BSE,540730,INE062Y01020,X,Unclassified,,,,,1.14,,,,,,,,,,,,,,,,,3.5,
BSE:STL,Shreeji Translogistics Limited,Equity,BSE,540738,INE402Y01028,B,Unclassified,,,,,8.92,,,,,,,,,,,,,,,,,2.9,
BSE:KAARYAFSL,Kaarya Facilities and Services,Equity (SME),BSE,540756,INE282Y01016,M,Unclassified,,,,,10.5,,,,,,,,,,,,,,,,,0.6,
BSE:SBRANDS,Sanghvi Brands Limited,Equity (SME),BSE,540782,INE204Y01010,M,Unclassified,,,,,12.34,,,,,,,,,,,,,,,,,0.1,
BSE:SHARIKA,SHARIKA ENTERPRISES LIMITED,Equity,BSE,540786,INE669Y01022,B,Capital Goods,Engineering & Construction,Micro,129.0,,23.21,,7.54,23.21,8.26,0.0,0.0,,,216.0,,,,,,,59956.0,18.6,
BSE:ASPIRA,Aspira Pathlab & Diagnostics L,Equity,BSE,540788,INE500C01017,XT,Unclassified,,,,,131.25,,,,,,,,,,,,,,,,,0.6,
BSE:RATNABHUMI,Ratnabhumi Developers Limited,Equity,BSE,540796,INE821Y01011,B,Unclassified,,,,,175.15,,,,,,,,,,,,,,,,,0.0,
BSE:MRCAGRO,MRC AGROTECH LIMITED,Equity,BSE,540809,INE333Y01017,B,Fast Moving Consumer Goods,Farm Products,Micro,107.0,,34.49,64.7,2.01,54.5,25.24,36.7,0.0,,,18.2,,,,,,,103258.0,26.8,
BSE:DML,Diggi Multitrade Limited,Equity (SME),BSE,540811,INE158R01012,M,Unclassified,,,,,12.45,,,,,,,,,,,,,,,,,8.1,
BSE:CRYSTAL,CRYSTAL BUSINESS SYSTEM LIMITE,Equity,BSE,540821,INE994R01028,X,Unclassified,,,,,1.94,,,,,,,,,,,,,,,,,0.8,
BSE:CHANDRIMA,Chandrima Mercantiles limited,Equity,BSE,540829,INE371F01024,XT,Unclassified,,,,,11.53,,,,,,,,,,,,,,,,,0.6,
BSE:JFL,Jhandewalas Foods Limited,Equity (SME),BSE,540850,INE841Y01019,M,Unclassified,,,,,20.81,,,,,,,,,,,,,,,,,1.7,
BSE:7SEASL,7SEAS ENTERTAINMENT LIMITED,Equity,BSE,540874,INE454F01010,X,Media Entertainment & Telecom,Electronic Gaming & Multimedia,Micro,229.0,,100.08,97.1,7.92,112.89,63.0,11.3,0.0,,,0.4,,,,,,,30965.0,90.5,
BSE:TIRUFOAM,TIRUPATI FOAM LIMITED,Equity,BSE,540904,INE115G01015,XT,Unclassified,,,,,69.79,,,,,,,,,,,,,,,,,0.9,
BSE:SRUSTEELS,SRU Steels Limited,Equity,BSE,540914,INE425C01017,X,Unclassified,,,,,1.39,,,,,,,,,,,,,,,,,0.3,
BSE:GGL,Gautam Gems Limited,Equity,BSE,540936,INE063Z01017,X,Unclassified,,,,,3.0,,,,,,,,,,,,,,,,,0.3,
BSE:KENVI,Kenvi Jewels Limited,Equity,BSE,540953,INE923Y01023,B,Unclassified,,,,,1.96,,,,,,,,,,,,,,,,,1.5,
BSE:TDSL,Tasty Dairy Specialities Limit,Equity,BSE,540955,INE773Y01014,Z,Unclassified,,,,,3.8,,,,,,,,,,,,,,,,,0.1,
BSE:BHATIA,Bhatia Communications & Retail,Equity,BSE,540956,INE341Z01025,X,Information Technology,Electronics & Computer Distribution,Micro,518.0,,36.81,24.5,3.9,41.99,17.99,12.3,0.04,0.11,,7.6,,,,,,,164169.0,37.1,
BSE:YSL,The Yamuna Syndicate Ltd,Equity,BSE,540980,INE868X01014,X,Unclassified,,,,,25963.0,,,,,,,,,,,,,,,,,5.6,
BSE:INFLAME,Inflame Appliances Limited,Equity (SME),BSE,541083,INE464Z01017,M,Consumer Discretionary,"Furnishings, Fixtures & Appliances",Micro,172.0,,229.45,29.4,2.78,358.95,201.2,36.1,0.0,,10.0,84.7,,,,,,,8920.0,12.6,
BSE:ACTIVE,Active Clothing Co  Limited,Equity,BSE,541144,INE380Z01015,B,Unclassified,,,,,98.0,,,,,,,,,,,,,,,,,3.1,
BSE:BENARA,Benara Bearings and Pistons Li,Equity (SME),BSE,541178,INE495Z01011,MT,Unclassified,,,,,8.53,,,,,,,,,,,,,,,,,0.3,
BSE:TRL,Taylormade Renewables Limited,Equity,BSE,541228,INE459Z01017,T,Unclassified,,,,,55.22,,,,,,,,,,,,,,,,,5.2,
BSE:MILEFUR,Milestone Furniture Limited,Equity (SME),BSE,541337,INE424Z01011,MT,Unclassified,,,,,25.32,,,,,,,,,,,,,,,,,1.5,
BSE:UHZAVERI,U. H. ZAVERI LIMITED,Equity,BSE,541338,INE556Z01010,B,Unclassified,,,,,5.92,,,,,,,,,,,,,,,,,1.5,
BSE:PARVATI,Parvati Sweetners and Power Lt,Equity,BSE,541347,INE295Z01015,XT,Unclassified,,,,,6.91,,,,,,,,,,,,,,,,,1.9,
BSE:INNOVATORS,Innovators Facade Systems Limi,Equity (SME),BSE,541353,INE870Z01015,M,Unclassified,,,,,111.85,,,,,,,,,,,,,,,,,7.2,
BSE:UCIL,UNIFINZ CAPITAL INDIA LIMITED,Equity,BSE,541358,INE926R01012,XT,Unclassified,,,,,102.85,,,,,,,,,,,,,,,,,2.0,
BSE:PALMJEWELS,Palm Jewels Limited,Equity,BSE,541444,INE838Z01012,X,Consumer Discretionary,Luxury Goods,Micro,21.0,,20.55,21.0,1.28,25.0,14.12,17.8,0.0,,,15.6,,,,,,,6314.0,44.8,
BSE:WAA,Waa Solar Limited,Equity (SME),BSE,541445,INE799N01012,M,Unclassified,,,,,43.7,,,,,,,,,,,,,,,,,7.4,
BSE:RAJNISH,Rajnish Wellness Limited,Equity,BSE,541601,INE685Z01033,B,Fast Moving Consumer Goods,Household & Personal Products,Micro,38.0,,0.36,,0.37,0.94,0.36,61.7,0.0,,,0.2,,,,,,,3003311.0,16.6,
BSE:GUJWIND,Gujarat Winding Systems Limite,Equity,BSE,541627,INE173V01013,XT,Unclassified,,,,,10.39,,,,,,,,,,,,,,,,,0.0,
BSE:RAWEDGE,Raw Edge Industrial Solutions,Equity,BSE,541634,INE960Z01014,B,Unclassified,,,,,14.95,,,,,,,,,,,,,,,,,0.1,
BSE:SUPERSHAKT,Supershakti Metaliks Limited,Equity (SME),BSE,541701,INE00SY01011,M,Unclassified,,,,,251.0,,,,,,,,,,,,,,,,,0.8,
BSE:ASHNI,Ashnisha Industries Limited,Equity,BSE,541702,INE694W01024,XT,Unclassified,,,,,2.43,,,,,,,,,,,,,,,,,9.3,
BSE:VIVANTA,Vivanta Industries Limited,Equity,BSE,541735,INE299W01022,X,Unclassified,,,,,1.7,,,,,,,,,,,,,,,,,1.7,
BSE:FRATELLI,Fratelli Vineyards Limited,Equity,BSE,541741,INE401Z01019,XT,Fast Moving Consumer Goods,Beverages - Wineries & Distilleries,Micro,530.0,,121.95,,3.88,151.0,61.9,19.2,0.0,,,101.2,,,,,,,27451.0,10.7,
BSE:AMINTAN,AMIN TANNERY LIMITED,Equity,BSE,541771,INE572Z01017,XT,Unclassified,,,,,1.9,,,,,,,,,,,,,,,,,0.1,
BSE:ASRL,Add-Shop E-Retail Limited,Equity,BSE,541865,INE01B501018,X,Unclassified,,,,,5.67,,,,,,,,,,,,,,,,,0.6,
BSE:SPACEINCUBA,Space Incubatrics Technologies,Equity,BSE,541890,INE797Z01028,XT,Unclassified,,,,,0.18,,,,,,,,,,,,,,,,,0.1,
BSE:MACH,Mac Hotels Limited,Equity (SME),BSE,541973,INE004Z01011,M,Unclassified,,,,,57.0,,,,,,,,,,,,,,,,,2.7,
BSE:A1L,A-1 LIMITED,Equity,BSE,542012,INE911Z01025,T,Materials,Chemicals,Micro,263.0,,5.71,30.1,5.12,482.05,4.53,98.8,0.05,0.88,,77.1,,,,,,,3752533.0,40.7,
BSE:DOLFIN,Dolfin Rubbers Limited,Equity,BSE,542013,INE666Y01010,B,Unclassified,,,,,173.0,,,,,,,,,,,,,,,,,0.2,
BSE:SHUBHAM,Shubham Polyspin Limited,Equity,BSE,542019,INE01J501010,X,Unclassified,,,,,32.58,,,,,,,,,,,,,,,,,7.2,
BSE:SUNRETAIL,Sun Retail Limited,Equity (SME),BSE,542025,INE206Z01020,MT,Unclassified,,,,,0.43,,,,,,,,,,,,,,,,,1.4,
BSE:SMGOLD,S. M. Gold Limited,Equity,BSE,542034,INE00Q901014,B,Unclassified,,,,,12.82,,,,,,,,,,,,,,,,,2.0,
BSE:VIVIDM,VIVID MERCANTILE LIMITED,Equity,BSE,542046,INE647Z01025,B,Capital Goods,Specialty Business Services,Micro,60.0,,5.94,5.9,1.1,8.9,3.98,33.3,0.0,,,0.1,,,,,,,232766.0,24.0,
BSE:PHOSPHATE,The Phosphate Company Limited,Equity,BSE,542123,INE398C01016,X,Unclassified,,,,,144.0,,,,,,,,,,,,,,,,,0.4,
BSE:NIFTYETF,Mirae Asset Mutual Fund,Equity,BSE,542131,INF769K01EG9,B,Unclassified,,,,,244.63,,,248.46,242.49,1.5,,,,,,,,,,,,49.0,
BSE:SKIFL,Shree Krishna Infrastructure L,Equity (SME),BSE,542146,INE951Z01013,M,Unclassified,,,,,8.2,,,,,,,,,,,,,,,,,0.2,
BSE:DGL,Diksha Greens Limited,Equity (SME),BSE,542155,INE01GR01018,MT,Unclassified,,,,,1.04,,,,,,,,,,,,,,,,,0.1,
BSE:ARYAN,Aryan Share & Stock Brokers Lt,Equity,BSE,542176,INE016X01010,X,Unclassified,,,,,20.8,,,,,,,,,,,,,,,,,0.0,
BSE:NIVAKA,NIVAKA FASHIONS LIMITED,Equity,BSE,542206,INE139E01028,XT,Unclassified,,,,,0.78,,,,,,,,,,,,,,,,,0.0,
BSE:DECCAN,Deccan Health Care Limited,Equity,BSE,542248,INE452W01019,B,Unclassified,,,,,11.7,,,,,,,,,,,,,,,,,1.1,
BSE:HIKLASS,Hi-Klass Trading and Investmen,Equity,BSE,542332,INE302R01024,XT,Financial Services,Asset Management,Micro,272.0,,90.0,42.9,4.15,108.35,15.48,16.9,0.0,,,1.0,,,,,,,12639.0,13.8,
BSE:SPACAPS,SPA Capital Services Limited,Equity,BSE,542376,INE726X01014,XT,Unclassified,,,,,215.0,,,,,,,,,,,,,,,,,0.0,
BSE:JONJUA,Jonjua Overseas Limited,Equity (SME),BSE,542446,INE793Z01027,M,Unclassified,,,,,3.01,,,,,,,,,,,,,,,,,2.2,
BSE:KRANTI,Kranti Industries Limited,Equity,BSE,542459,INE911T01010,B,Unclassified,,,,,47.04,,,,,,,,,,,,,,,,,2.2,
BSE:AIHL,AMBASSADOR INTRA HOLDINGS LIMI,Equity,BSE,542524,INE342U01016,X,Unclassified,,,,,28.19,,,,,,,,,,,,,,,,,0.1,
BSE:AGOL,Ashapuri Gold Ornament Limited,Equity,BSE,542579,INE05FR01029,B,Consumer Discretionary,Luxury Goods,Micro,145.0,,4.34,6.3,0.87,6.55,3.13,33.7,0.0,,,,,,,,,,558419.0,20.0,
BSE:CHANDNIMACH,Chandni Machines Limited,Equity,BSE,542627,INE01GZ01011,XT,Capital Goods,Industrial Distribution,Micro,68.0,,99.36,,1.68,127.74,33.08,22.2,0.0,,,6.5,,,,,,,15317.0,55.5,
BSE:NSL,Northern Spirits Limited,Equity,BSE,542628,INE01BL01012,B,Fast Moving Consumer Goods,Beverages - Wineries & Distilleries,Micro,202.0,,125.0,7.0,1.38,192.85,96.6,35.2,0.35,0.28,,140.1,,,,,,,12555.0,20.4,
BSE:VRFILMS,V R FILMS & STUDIOS LIMITED,Equity,BSE,542654,INE06LG01010,B,Unclassified,,,,,11.5,,,,,,,,,,,,,,,,,0.0,
BSE:GKP,G. K. P. Printing & Packaging,Equity,BSE,542666,INE05QJ01015,B,Unclassified,,,,,6.32,,,,,,,,,,,,,,,,,1.5,
BSE:EVANS,EVANS ELECTRIC LIMITED,Equity (SME),BSE,542668,INE06TD01010,M,Unclassified,,,,,84.5,,,,,,,,,,,,,,,,,3.4,
BSE:BMW,BMW INDUSTRIES LIMITED,Equity,BSE,542669,INE374E01021,X,Materials,Steel,Micro,1202.0,,53.12,14.1,1.5,65.19,26.06,18.5,0.43,0.81,,45.8,,,,,,,213750.0,68.9,
BSE:MAHESH,Mahesh Developers Limited,Equity,BSE,542677,INE01MO01013,X,Unclassified,,,,,15.8,,,,,,,,,,,,,,,,,0.0,
BSE:CHCL,Cian Healthcare Limited,Equity (SME),BSE,542678,INE05BN01027,MT,Unclassified,,,,,24.48,,,,,,,,,,,,,,,,,0.1,
BSE:DEL,Dhanashree Electronics Limited,Equity,BSE,542679,INE413F01016,X,Unclassified,,,,,124.95,,,,,,,,,,,,,,,,,0.0,
BSE:HARISH,Harish Textile Engineers Limit,Equity,BSE,542682,INE01K301012,X,Unclassified,,,,,65.99,,,,,,,,,,,,,,,,,0.4,
BSE:ARL,Anand Rayons Limited,Equity,BSE,542721,INE02GA01012,T,Unclassified,,,,,35.1,,,,,,,,,,,,,,,,,5.9,
BSE:CPML,CITY PULSE MULTIVENTURES LIMIT,Equity (SME),BSE,542727,INE056001014,M,Media Entertainment & Telecom,Entertainment,Micro,103.0,,96.18,49.3,1.09,3289.95,65.15,97.1,0.0,,2.0,4.6,,,,,,,22362.0,148.5,
BSE:ALPHALOGIC,Alphalogic Techsys Limited,Equity,BSE,542770,INE08E401029,B,Unclassified,,,,,39.55,,,,,,,,,,,,,,,,,2.0,
BSE:MISQUITA,Misquita Engineering Limited,Equity (SME),BSE,542801,INE957W01025,M,Unclassified,,,,,54.02,,,,,,,,,,,,,,,,,0.5,
BSE:GALACTICO,Galactico Corporate Services L,Equity,BSE,542802,INE906Y01028,B,Unclassified,,,,,1.92,,,,,,,,,,,,,,,,,0.7,
BSE:VEL,Vaxfab Enterprises Limited,Equity,BSE,542803,INE560T01015,X,Unclassified,,,,,65.8,,,,,,,,,,,,,,,,,5.7,
BSE:GOBLIN,GOBLIN INDIA LIMITED,Equity (SME),BSE,542850,INE492Z01018,MT,Unclassified,,,,,12.24,,,,,,,,,,,,,,,,,0.2,
BSE:SHAHLON,Shahlon Silk Industries Limite,Equity,BSE,542862,INE052001026,X,Unclassified,,,,,23.17,,,,,,,,,,,,,,,,,1.0,
BSE:ANUROOP,Anuroop Packaging Limited,Equity,BSE,542865,INE490Z01012,B,Unclassified,,,,,9.76,,,,,,,,,,,,,,,,,0.6,
BSE:VALENCIA,Valencia Nutrition Limited,Equity (SME),BSE,542910,INE08RT01016,MS,Unclassified,,,,,58.0,,,,,,,,,,,,,,,,,1.7,
BSE:GIANLIFE,Gian Life Care Limited,Equity,BSE,542918,INE063601012,Z,Unclassified,,,,,4.61,,,,,,,,,,,,,,,,,0.2,
BSE:NEXT50,Mirae Asset Mutual Fund,Equity,BSE,542922,INF769K01FN2,B,Unclassified,,,,,712.96,,,721.01,705.0,1.1,,,,,,,,,,,,38.5,
BSE:OCTAVIUSPL,Octavius Plantations Limited,Equity,BSE,542938,INE117S01016,X,Unclassified,,,,,43.0,,,,,,,,,,,,,,,,,0.0,
BSE:ROJL,RO Jewels Limited,Equity,BSE,543171,INE0BDU01028,B,Unclassified,,,,,1.35,,,,,,,,,,,,,,,,,0.5,
BSE:COSPOWER,Cospower Engineering Limited,Equity (SME),BSE,543172,INE0CQB01010,MT,Capital Goods,Electrical Equipment & Parts,Micro,587.0,,3195.0,41.7,12.42,3199.95,670.0,0.2,1.0,0.03,39.8,58.6,,,,,,,945.0,16.0,
BSE:NATURAL,Natural Biocon (India) Limited,Equity,BSE,543207,INE06MM01016,X,Unclassified,,,,,2.57,,,,,,,,,,,,,,,,,3.3,
BSE:REGIS,REGIS INDUSTRIES LIMITED,Equity,BSE,543208,INE745R01024,X,Unclassified,,,,,2.07,,,,,,,,,,,,,,,,,0.4,
BSE:BILLWIN,Billwin Industries Limited,Equity (SME),BSE,543209,INE0CRS01012,MT,Unclassified,,,,,44.23,,,,,,,,,,,,,,,,,2.7,
BSE:SAMRATFORG,Samrat Forgings Limited,Equity,BSE,543229,INE412J01010,X,Unclassified,,,,,224.95,,,,,,,,,,,,,,,,,0.1,
BSE:VGIL,Veer Global Infraconstruction,Equity,BSE,543241,INE244W01010,B,Unclassified,,,,,145.0,,,,,,,,,,,,,,,,,0.1,
BSE:ESG,Mirae Asset Mutual Fund,Equity,BSE,543246,INF769K01GS9,B,Unclassified,,,,,38.55,,,,,,,,,,,,,,,,,0.2,
BSE:INFRABEES,Nippon India Mutual Fund,Equity,BSE,543255,INF732E01268,B,Unclassified,,,,,896.72,,,,,,,,,,,,,,,,,6.4,
BSE:RFLL,RITA FINANCE AND LEASING LIMIT,Equity,BSE,543256,INE018S01016,X,Unclassified,,,,,13.96,,,,,,,,,,,,,,,,,0.4,
BSE:MRP,MRP Agro Limited,Equity (SME),BSE,543262,INE0D7801012,M,Unclassified,,,,,89.6,,,,,,,,,,,,,,,,,2.7,
BSE:RCAN,Rajeshwari Cans Limited,Equity (SME),BSE,543285,INE0CQ101015,M,Unclassified,,,,,15.7,,,,,,,,,,,,,,,,,0.2,
BSE:MAFANG,Mirae Asset Mutual Fund,Equity,BSE,543291,INF769K01HF4,B,Unclassified,,,,,248.02,,,248.5,234.8,0.2,,,,,,,,,,,,144.4,
BSE:ADESHWAR,Adeshwar Meditex Limited,Equity (SME),BSE,543309,INE0H8J01015,M,Unclassified,,,,,16.25,,,,,,,,,,,,,,,,,2.0,
BSE:TIMESGREEN,Times Green Energy (India) Lim,Equity (SME),BSE,543310,INE0B6101012,MT,Unclassified,,,,,78.5,,,,,,,,,,,,,,,,,3.1,
BSE:BFSI,Mirae Asset Mutual Fund,Equity,BSE,543323,INF769K01HI8,B,Unclassified,,,,,25.53,,,,,,,,,,,,,,,,,1.9,
BSE:SHARPLINE,SHARPLINE BROADCAST LIMITED,Equity,BSE,543341,INE647W01014,X,Unclassified,,,,,8.82,,,,,,,,,,,,,,,,,0.2,
BSE:AASHKA,Aashka Hospitals Limited,Equity (SME),BSE,543346,INE0EAX01014,M,Unclassified,,,,,105.5,,,,,,,,,,,,,,,,,4.2,
BSE:ITAXIS,Axis Mutual Fund,Equity,BSE,543347,INF846K01Y96,B,Unclassified,,,,,308.15,,,,,,,,,,,,,,,,,0.5,
BSE:HEALTHAXIS,Axis Mutual Fund,Equity,BSE,543348,INF846K01Z12,B,Unclassified,,,,,162.29,,,,,,,,,,,,,,,,,1.7,
BSE:NBL,Naapbooks Limited,Equity (SME),BSE,543351,INE0GOA01018,MS,Unclassified,,,,,150.1,,,,,,,,,,,,,,,,,1.8,
BSE:CONSUMAXIS,Axis Mutual Fund,Equity,BSE,543357,INF846K016C7,B,Unclassified,,,,,111.18,,,,,,,,,,,,,,,,,0.5,
BSE:PREVEST,Prevest Denpro Limited,Equity (SME),BSE,543363,INE0GAO01018,M,Healthcare,Medical Instruments & Supplies,Micro,453.0,,377.05,20.8,3.63,559.9,318.15,32.7,1.0,0.27,,,,,,,,,14503.0,18.2,
BSE:MASPTOP50,Mirae Asset Mutual Fund,Equity,BSE,543365,INF769K01HP3,B,Unclassified,,,,,101.21,,,102.16,99.5,0.9,,,,,,,,,,,,37.0,
BSE:SBLI,SBL Infratech Limited,Equity (SME),BSE,543366,INE0DLM01024,M,Unclassified,,,,,42.5,,,,,,,,,,,,,,,,,1.0,
BSE:SVRL,Shri Venkatesh Refineries Limi,Equity,BSE,543373,INE0HLJ01013,T,Fast Moving Consumer Goods,Packaged Foods,Micro,1507.0,,679.0,39.5,11.47,681.5,207.0,0.4,1.0,0.15,33.7,238.4,,,,,,,17561.0,151.5,
BSE:SAMOR,Samor Reality Limited,Equity,BSE,543376,INE0GD201014,B,Unclassified,,,,,92.63,,,,,,,,,,,,,,,,,1.0,
BSE:ADISHAKTI,Adishakti Loha and Ispat Limit,Equity (SME),BSE,543377,INE0CWK01019,M,Unclassified,,,,,6.25,,,,,,,,,,,,,,,,,0.6,
BSE:CWD,CWD Limited,Equity (SME),BSE,543378,INE0H8H01019,MS,Information Technology,Electronic Components,Micro,632.0,,270.0,59.9,5.31,425.0,254.0,36.5,0.0,,12.5,71.0,,,,,,,25257.0,67.9,
BSE:SGFRL,Suyog Gurbaxani Funicular Rope,Equity (SME),BSE,543391,INE07GA01011,M,Unclassified,,,,,80.0,,,,,,,,,,,,,,,,,1.8,
BSE:OMNIPOTENT,Omnipotent Industries Limited,Equity (SME),BSE,543400,INE0JFE01012,M,Unclassified,,,,,3.39,,,,,,,,,,,,,,,,,3.5,
BSE:DMR,DMR ENGINEERING LIMITED,Equity (SME),BSE,543410,INE07L501010,M,Unclassified,,,,,27.57,,,,,,,,,,,,,,,,,2.2,
BSE:MAHKTECH,Mirae Asset Mutual Fund,Equity,BSE,543414,INF769K01HS7,B,Unclassified,,,,,21.6,,,22.1,21.56,2.3,,,,,,,,,,,,12.3,
BSE:MONQ50,Motilal Oswal Mutual Fund,Equity,BSE,543437,INF247L01AU3,B,Unclassified,,,,,193.51,,,202.12,191.38,4.3,,,,,,,,,,,,81.6,
BSE:MAKEINDIA,Mirae Asset Mutual Fund,Equity,BSE,543454,INF769K01IB1,B,Unclassified,,,,,154.78,,,,,,,,,,,,,,,,,2.5,
BSE:QRIL,Quality RO Industries Limited,Equity (SME),BSE,543460,INE0KAF01018,M,Unclassified,,,,,27.5,,,,,,,,,,,,,,,,,0.3,
BSE:SSTL,Safa Systems & Technologies Li,Equity (SME),BSE,543461,INE0JNA01014,M,Unclassified,,,,,21.33,,,,,,,,,,,,,,,,,3.1,
BSE:SPITZE,Maruti Interior Products Limit,Equity (SME),BSE,543464,INE0JSJ01014,M,Unclassified,,,,,39.0,,,,,,,,,,,,,,,,,4.3,
BSE:MOMOMENTUM,Motilal Oswal Mutual Fund,Equity,BSE,543465,INF247L01BK2,B,Unclassified,,,,,59.5,,,,,,,,,,,,,,,,,4.0,
BSE:EKENNIS,Ekennis Software Service Limit,Equity (SME),BSE,543475,INE0KCM01010,M,Unclassified,,,,,37.5,,,,,,,,,,,,,,,,,0.6,
BSE:MIDCAPETF,Mirae Asset Mutual Fund,Equity,BSE,543481,INF769K01IC9,B,Unclassified,,,,,22.16,,,22.97,21.86,3.5,,,,,,,,,,,,135.9,
BSE:BCCL,Bhatia Colour Chem Limited,Equity (SME),BSE,543497,INE0KQ001017,M,Materials,Specialty Chemicals,Micro,34.0,,23.96,8.1,0.32,430.0,22.31,94.4,0.0,,4.5,1.6,,,,,,,22637.0,13.5,
BSE:ACHYUT,Achyut Healthcare Limited,Equity,BSE,543499,INE0K1401020,B,Unclassified,,,,,5.91,,,,,,,,,,,,,,,,,5.8,
BSE:EVOQ,Evoq Remedies Limited,Equity (SME),BSE,543500,INE0JVD01011,MT,Unclassified,,,,,1.52,,,,,,,,,,,,,,,,,0.2,
BSE:MOLOWVOL,Motilal Oswal Mutual Fund,Equity,BSE,543501,INF247L01BL0,B,Unclassified,,,,,33.9,,,,,,,,,,,,,,,,,0.1,
BSE:SEML,Sunrise Efficient Marketing Li,Equity (SME),BSE,543515,INE0KPY01017,M,Unclassified,,,,,29.81,,,,,,,,,,,,,,,,,7.8,
BSE:DHYAANITR,DHYAANI TRADEVENTTURES LIMITED,Equity (SME),BSE,543516,INE0K5F01014,MT,Materials,Agricultural Inputs,Micro,15.0,,9.0,225.0,0.44,11.49,4.26,21.7,0.0,,0.2,2.9,,,,,,,136281.0,24.9,
BSE:EIGHTY,Eighty Jewellers Limited,Equity (SME),BSE,543518,INE0KSN01014,M,Consumer Discretionary,Luxury Goods,Micro,48.0,,43.62,4.9,1.3,49.9,22.2,12.6,0.2,0.46,30.5,81.5,,,,,,,3984.0,19.1,
BSE:SFSL,Shashwat Furnishing Solutions,Equity (SME),BSE,543519,INE0JMN01019,M,Consumer Discretionary,"Furnishings, Fixtures & Appliances",Micro,13.0,,63.0,,3.95,143.46,59.25,56.1,0.0,,-9.9,43.6,,,,,,,4119.0,23.2,
BSE:GLHRL,Global Longlife Hospital and R,Equity (SME),BSE,543520,INE0J2K01014,MT,Unclassified,,,,,12.15,,,,,,,,,,,,,,,,,6.4,
BSE:TIERRA,Tierra Agrotech Limited,Equity,BSE,543531,INE05CY01014,X,Unclassified,,,,,39.69,,,,,,,,,,,,,,,,,2.3,
BSE:PGCRL,Pearl Green Clubs and Resorts,Equity (SME),BSE,543540,INE0GTX01019,M,Unclassified,,,,,111.4,,,,,,,,,,,,,,,,,1.3,
BSE:KESAR,KESAR INDIA LIMITED,Equity (SME),BSE,543542,INE0L1C01019,M,Realty,Real Estate - Development,Micro,3691.0,,1134.35,73.5,12.29,1341.0,705.0,15.4,0.0,,,17.8,,,,,,,68650.0,300.5,
BSE:JAYANT,JAYANT INFRATECH LIMITED,Equity (SME),BSE,543544,INE0KR801019,M,Capital Goods,Railroads,Micro,108.0,,103.95,12.8,1.8,110.74,43.97,6.1,0.0,,15.4,55.2,,,,,,,16054.0,224.5,
BSE:HEALTHYLIFE,HEALTHY LIFE AGRITEC LIMITED,Equity (SME),BSE,543546,INE0L3501015,M,Unclassified,,,,,6.15,,,,,,,,,,,,,,,,,7.7,
BSE:MOHEALTH,Motilal Oswal Mutual Fund,Equity,BSE,543563,INF247L01BB1,B,Unclassified,,,,,50.9,,,52.17,49.8,2.4,,,,,,,,,,,,16.1,
BSE:MOVALUE,Motilal Oswal Mutual Fund,Equity,BSE,543576,INF247L01BE5,B,Unclassified,,,,,108.73,,,111.27,105.37,2.3,,,,,,,,,,,,10.2,
BSE:MOQUALITY,Motilal Oswal Mutual Fund,Equity,BSE,543577,INF247L01BH8,B,Unclassified,,,,,187.02,,,,,,,,,,,,,,,,,1.2,
BSE:OLATECH,Olatech Solutions Limited,Equity (SME),BSE,543578,INE0M3901015,M,Unclassified,,,,,62.0,,,,,,,,,,,,,,,,,1.1,
BSE:DPL,DIPNA PHARMACHEM LIMITED,Equity (SME),BSE,543594,INE0MC401013,M,Unclassified,,,,,4.15,,,,,,,,,,,,,,,,,6.9,
BSE:EPBIO,EP BIOCOMPOSITES LIMITED,Equity (SME),BSE,543595,INE0D2I01014,M,Unclassified,,,,,90.02,,,,,,,,,,,,,,,,,1.4,
BSE:CONTAINE,CONTAINE TECHNOLOGIES LIMITED,Equity (SME),BSE,543606,INE0M8901010,M,Unclassified,,,,,14.59,,,,,,,,,,,,,,,,,0.1,
BSE:MAFIA,MAFIA TRENDS LIMITED,Equity (SME),BSE,543613,INE0KQQ01011,M,Unclassified,,,,,5.72,,,,,,,,,,,,,,,,,0.7,
BSE:SRSOLTD,SILICON RENTAL SOLUTIONS LIMIT,Equity (SME),BSE,543615,INE0MNV01014,M,Unclassified,,,,,70.25,,,,,,,,,,,,,,,,,6.9,
BSE:TLL,Trident Lifeline Limited,Equity (SME),BSE,543616,INE0MKA01014,M,Healthcare,Pharmaceutical Retailers,Micro,447.0,,376.35,20.9,4.44,421.0,229.95,10.6,0.0,,,67.6,,,,,,,46612.0,153.8,
BSE:CNCRD,Concord Control Systems Limite,Equity (SME),BSE,543619,INE0N0J01014,M,Capital Goods,Railroads,Micro,2384.0,,2280.7,54.7,11.39,3069.85,1645.0,25.7,0.0,,26.0,25.5,,,,,,,6791.0,100.8,
BSE:PACE,PACE E-COMMERCE VENTURES LIMIT,Equity (SME),BSE,543637,INE0N1L01018,M,Unclassified,,,,,15.65,,,,,,,,,,,,,,,,,2.2,
BSE:TECHNOPACK,Technopack Polymers Limited,Equity (SME),BSE,543656,INE0MXP01015,M,Unclassified,,,,,12.2,,,,,,,,,,,,,,,,,1.0,
BSE:AMBOAGRI,AMBO AGRITEC LIMITED,Equity (SME),BSE,543678,INE0N6V01016,M,Unclassified,,,,,9.64,,,,,,,,,,,,,,,,,0.7,
BSE:GARGI,PNGS GARGI FASHION JEWELLERY L,Equity (SME),BSE,543709,INE0NT601018,M,Consumer Discretionary,Luxury Goods,Micro,637.0,,589.7,20.5,4.49,1197.0,532.15,50.7,0.0,,,8.2,,,,,,,16593.0,77.5,
BSE:DRONACHRYA,Droneacharya Aerial Innovation,Equity (SME),BSE,543713,INE0MQD01015,M,Unclassified,,,,,31.75,,,,,,,,,,,,,,,,,5.4,
BSE:AVEER,Aveer Foods Limited,Equity,BSE,543737,INE09BN01011,X,Fast Moving Consumer Goods,Packaged Foods,Micro,272.0,,607.5,,,773.3,475.5,21.4,0.25,0.04,,,,,,,,,556.0,11.9,
BSE:SVS,SVS VENTURES LIMITED,Equity (SME),BSE,543745,INE0MID01012,M,Unclassified,,,,,5.55,,,,,,,,,,,,,,,,,1.8,
BSE:LOGICA,LOGICA INFOWAY LIMITED,Equity (SME),BSE,543746,INE0BSU01018,M,Consumer Discretionary,Specialty Retail,Micro,299.0,,167.8,21.1,2.93,243.55,139.0,31.1,0.0,,14.9,183.0,,,,,,,17062.0,33.0,
BSE:TRANSVOY,TRANSVOY LOGISTICS INDIA LIMIT,Equity (SME),BSE,543754,INE0MPU01011,M,Unclassified,,,,,88.0,,,,,,,,,,,,,,,,,1.4,
BSE:EARTH,Earthstahl & Alloys Limited,Equity (SME),BSE,543765,INE0O4V01010,M,Unclassified,,,,,11.93,,,,,,,,,,,,,,,,,0.7,
BSE:INDONG,INDONG TEA COMPANY LIMITED,Equity (SME),BSE,543769,INE0KN201016,MT,Unclassified,,,,,5.93,,,,,,,,,,,,,,,,,0.9,
BSE:SEALMATIC,Sealmatic India Limited,Equity (SME),BSE,543782,INE0O4601016,M,Capital Goods,Metal Fabrication,Micro,434.0,,400.0,42.0,3.9,463.95,313.0,13.8,1.1,0.28,9.0,4.6,,,,,,,5508.0,33.0,
BSE:ROBU,Macfos Limited,Equity (SME),BSE,543787,INE0OLH01013,M,Information Technology,Electronic Components,Micro,1088.0,,1049.65,41.0,11.34,1315.0,636.36,20.2,0.0,,,37.6,,,,,,,5540.0,67.1,
BSE:PATRON,Patron Exim Limited,Equity (SME),BSE,543798,INE0NPA01011,M,Unclassified,,,,,1.89,,,,,,,,,,,,,,,,,0.2,
BSE:SVJ,S. V. J. Enterprises Limited,Equity (SME),BSE,543799,INE0JZS01010,M,Materials,Paper & Paper Products,Micro,92.0,,166.0,126.2,5.58,583.55,163.5,71.6,0.0,,4.5,8.5,,,,,,,2301.0,11.2,
BSE:RESGEN,RESGEN LIMITED,Equity (SME),BSE,543805,INE0NYN01016,M,Capital Goods,Waste Management,Micro,93.0,,43.74,9.2,1.06,88.0,41.0,50.3,0.0,,16.3,2.1,,,,,,,17690.0,12.9,
BSE:ITCONS,ITCONS E-Solutions Limited,Equity (SME),BSE,543806,INE0O6A01019,M,Capital Goods,Staffing & Employment Services,Micro,231.0,,262.35,31.9,3.83,620.0,230.5,57.7,0.15,0.06,10.8,5.7,,,,,,,34920.0,30.2,
BSE:SUDARSHAN,SUDARSHAN PHARMA INDUSTRIES LI,Equity (SME),BSE,543828,INE00TV01023,M,Unclassified,,,,,37.24,,,,,,,,,,,,,,,,,7.4,
BSE:LABELKRAFT,LABELKRAFT TECHNOLOGIES LIMITE,Equity (SME),BSE,543830,INE0NLJ01011,M,Unclassified,,,,,66.0,,,,,,,,,,,,,,,,,1.3,
BSE:BRIGHT,Bright Outdoor Media Limited,Equity (SME),BSE,543831,INE0OMI01019,M,Media Entertainment & Telecom,Advertising Agencies,Micro,764.0,,349.9,28.6,4.47,450.0,310.05,22.2,0.5,0.14,13.8,,,,,,,,17812.0,17.1,
BSE:DEVLAB,Dev Labtech Venture Limited,Equity (SME),BSE,543848,INE0NIJ01025,M,Unclassified,,,,,18.76,,,,,,,,,,,,,,,,,0.8,
BSE:SENSEXAXIS,AXIS BSE SENSEX ETF,Equity,BSE,543853,INF846K010Q0,B,Unclassified,,,,,74.27,,,,,,,,,,,,,,,,,0.5,
BSE:JAFINANCE,J.A. Finance Limited,Equity,BSE,543860,INE825B01010,XT,Unclassified,,,,,158.5,,,,,,,,,,,,,,,,,5.8,
BSE:MAIDEN,Maiden Forgings Limited,Equity (SME),BSE,543874,INE0O1T01010,M,Unclassified,,,,,99.5,,,,,,,,,,,,,,,,,10.0,
BSE:EXHICON,Exhicon Events Media Solutions,Equity (SME),BSE,543895,INE0O8901016,M,Media Entertainment & Telecom,Advertising Agencies,Micro,760.0,,514.85,20.7,3.81,595.0,390.0,13.5,0.15,0.03,27.0,9.0,,,,,,,30210.0,417.9,
BSE:SANCODE,Sancode Technologies Limited,Equity (SME),BSE,543897,INE0P7001013,MT,Unclassified,,,,,833.4,,,,,,,,,,,,,,,,,4.2,
BSE:RETINA,Retina Paints Limited,Equity (SME),BSE,543902,INE0NTC01019,M,Unclassified,,,,,32.0,,,,,,,,,,,,,,,,,8.5,
BSE:SWATIPRO,Swati Projects Limited,Equity,BSE,543914,INE210F01016,XT,Financial Services,Credit Services,Micro,41.0,,40.41,4.4,,73.23,24.6,44.8,0.0,,,,,,,,,,49610.0,10.8,
BSE:HSIL,Hemant Surgical Industries Lim,Equity (SME),BSE,543916,INE0GYI01028,MT,Healthcare,Medical Devices,Micro,891.0,,610.5,41.0,5.81,629.75,215.0,3.1,0.0,,18.1,36.1,,,,,,,33009.0,86.2,
BSE:CFF,CFF FLUID CONTROL LIMITED,Equity,BSE,543920,INE0NJ001013,B,Capital Goods,Aerospace & Defense,Micro,2221.0,,1058.9,55.6,8.34,1148.0,445.0,7.8,1.5,0.14,18.9,7.4,,,,,,,40647.0,468.1,
BSE:COMRADE,Comrade Appliances Limited,Equity (SME),BSE,543921,INE0NXA01015,MT,Unclassified,,,,,28.8,,,,,,,,,,,,,,,,,1.4,
BSE:SONALIS,Sonalis Consumer Products Limi,Equity (SME),BSE,543924,INE0N5O01013,M,Unclassified,,,,,37.29,,,,,,,,,,,,,,,,,0.7,
BSE:BIZOTIC,Bizotic Commercial Limited,Equity (SME),BSE,543926,INE0OJ401014,M,Consumer Discretionary,Apparel Manufacturing,Micro,740.0,,124.7,40.1,6.16,175.5,73.33,28.9,0.0,,20.7,7.0,,,,,,,70781.0,80.6,
BSE:ASIAN,Asian Warehousing Limited,Equity,BSE,543927,INE04Z101016,X,Unclassified,,,,,33.85,,,,,,,,,,,,,,,,,0.3,
BSE:COSMICCRF,Cosmic CRF Limited,Equity (SME),BSE,543928,INE0ORA01015,M,Capital Goods,Railroads,Micro,1212.0,,1269.85,23.2,2.63,1519.95,550.0,16.5,0.0,,11.5,28.6,,,,,,,8884.0,272.6,
BSE:VEEFIN,VEEFIN SOLUTIONS LIMITED,Equity (SME),BSE,543931,INE0Q0M01015,M,Information Technology,Software - Infrastructure,Micro,627.0,,247.05,27.8,1.03,403.0,211.05,38.7,0.0,,,14.1,,,,,,,42478.0,48.8,
BSE:MACIND,Machhar Industries Limited,Equity,BSE,543934,INE01BT01015,XT,Unclassified,,,,,386.9,,,,,,,,,,,,,,,,,0.5,
BSE:ALPHAIND,ALPHALOGIC INDUSTRIES LIMITED,Equity (SME),BSE,543937,INE0NZF01019,M,Unclassified,,,,,138.0,,,,,,,,,,,,,,,,,3.3,
BSE:KAKA,Kaka Industries Limited,Equity (SME),BSE,543939,INE0P3N01018,M,Consumer Discretionary,"Furnishings, Fixtures & Appliances",Micro,298.0,,216.5,15.9,3.58,268.8,139.0,19.5,0.0,,25.5,124.7,,,,,,,15031.0,41.6,
BSE:AHASOLAR,AHASOLAR TECHNOLOGIES LIMITED,Equity (SME),BSE,543941,INE0NEV01011,M,Unclassified,,,,,64.36,,,,,,,,,,,,,,,,,1.0,
BSE:ASARFI,ASARFI HOSPITAL LIMITED,Equity (SME),BSE,543943,INE0DN001027,M,Healthcare,Medical Care Facilities,Micro,348.0,,177.0,19.6,3.42,256.95,125.0,31.1,0.0,,19.1,53.8,,,,,,,42079.0,39.4,
BSE:BANKETF,Mirae Asset Mutual Fund,Equity,BSE,543944,INF769K01KR3,B,Unclassified,,,,,555.2,,,561.16,551.33,1.1,,,,,,,,,,,,10.8,
BSE:KHAZANCHI,Khazanchi Jewellers Limited,Equity (SME),BSE,543953,INE0OWC01011,M,Consumer Discretionary,Luxury Goods,Micro,1757.0,,710.6,17.3,5.5,812.5,588.0,12.5,0.5,0.07,32.5,34.5,,,,,,,30113.0,178.6,
BSE:SHELTER,SHELTER PHARMA LIMITED,Equity (SME),BSE,543963,INE013V01011,M,Healthcare,Drug Manufacturers - Specialty & Generic,Micro,61.0,,36.25,7.0,0.75,46.51,23.0,22.1,0.35,1.02,15.1,1.0,,,,,,,27714.0,54.3,
BSE:BONDADA,Bondada Engineering Limited,Equity (SME),BSE,543971,INE0Q8P01029,M,Capital Goods,Engineering & Construction,Micro,3015.0,,269.5,13.8,4.34,503.0,216.0,46.4,0.28,0.1,34.9,39.9,,,,,,,140774.0,365.1,
BSE:SHRAAITECH,Shradha AI Technologies Limite,Equity,BSE,543976,INE489B01031,X,Unclassified,,,,,19.96,,,,,,,,,,,,,,,,,3.5,
BSE:QUESTFLOW,QUEST FLOW CONTROLS LIMITED,Equity (SME),BSE,543982,INE0OYE01013,M,Unclassified,,,,,146.5,,,,,,,,,,,,,,,,,6.6,
BSE:TECHKGREEN,TECHKNOWGREEN SOLUTIONS LIMITE,Equity (SME),BSE,543991,INE0P4P01011,M,Unclassified,,,,,130.2,,,,,,,,,,,,,,,,,7.9,
BSE:ORGANICREC,ORGANIC RECYCLING SYSTEMS LIMI,Equity (SME),BSE,543997,INE0MIO01019,M,Capital Goods,Waste Management,Micro,312.0,,201.2,12.4,1.41,213.0,137.33,5.5,0.0,,20.3,37.2,,,,,,,82926.0,189.7,
BSE:SENSEXETF,Mirae Asset Mutual Fund,Equity,BSE,543999,INF769K01KT9,B,Unclassified,,,,,74.44,,,,,,,,,,,,,,,,,4.3,
BSE:CCAL,CITY CROPS AGRO LIMITED,Equity (SME),BSE,544000,INE0M7501019,MT,Unclassified,,,,,50.6,,,,,,,,,,,,,,,,,3.0,
BSE:SUNITATOOL,Sunita Tools Limited,Equity (SME),BSE,544001,INE0Q1S01010,MT,Capital Goods,Specialty Industrial Machinery,Micro,703.0,,1107.05,111.1,10.0,1222.0,553.0,9.4,0.0,,10.5,61.2,,,,,,,13435.0,157.9,
BSE:VIVAA,Vivaa Tradecom Limited,Equity (SME),BSE,544002,INE0PA601017,MT,Unclassified,,,,,138.0,,,,,,,,,,,,,,,,,2.8,
BSE:ITETF,Mirae Asset Mutual Fund,Equity,BSE,544006,INF769K01KV5,B,Unclassified,,,,,29.98,,,30.0,29.42,0.1,,,,,,,,,,,,10.8,
BSE:ALPHAETF,Mirae Asset Mutual Fund,Equity,BSE,544007,INF769K01KU7,B,Unclassified,,,,,25.0,,,25.39,24.65,1.5,,,,,,,,,,,,31.2,
BSE:VPL,Vrundavan Plantation Limited,Equity (SME),BSE,544011,INE0Q6901013,M,Unclassified,,,,,38.0,,,,,,,,,,,,,,,,,0.9,
BSE:KKSHL,KK Shah Hospitals Limited,Equity (SME),BSE,544013,INE0OH401016,M,Unclassified,,,,,45.0,,,,,,,,,,,,,,,,,1.4,
BSE:MISHDESIGN,Mish Designs Limited,Equity (SME),BSE,544015,INE0QI101019,M,Unclassified,,,,,36.94,,,,,,,,,,,,,,,,,0.9,
BSE:KALYANI,Kalyani Cast-Tech Limited,Equity (SME),BSE,544023,INE0N6U01018,MT,Capital Goods,Metal Fabrication,Micro,923.0,,1223.1,51.6,10.81,1404.05,438.65,12.9,0.0,,22.6,0.7,,,,,,,13904.0,172.1,
BSE:SPL,Swashthik Plascon Limited,Equity (SME),BSE,544035,INE0RDR01012,M,Unclassified,,,,,19.8,,,,,,,,,,,,,,,,,0.9,
BSE:DEEPAKCHEM,DEEPAK CHEMTEX LIMITED,Equity (SME),BSE,544036,INE0RDM01013,M,Unclassified,,,,,78.5,,,,,,,,,,,,,,,,,3.1,
BSE:AMIC,Amic Forging Limited,Equity (SME),BSE,544037,INE0P9J01013,M,Capital Goods,Metal Fabrication,Micro,3275.0,,2498.4,96.1,12.75,2520.0,1065.0,0.9,0.0,,16.8,2.6,,,,,,,63079.0,1787.7,
BSE:SIYARAM,Siyaram Recycling Industries L,Equity (SME),BSE,544047,INE0QSK01017,M,Unclassified,,,,,34.04,,,,,,,,,,,,,,,,,9.3,
BSE:BENCHMARK,Benchmark Computer Solutions L,Equity (SME),BSE,544052,INE0Q2Z01013,M,Unclassified,,,,,44.0,,,,,,,,,,,,,,,,,5.3,
BSE:SHANTIDENM,SHANTI SPINTEX LIMITED,Equity (SME),BSE,544059,INE0QZQ01019,M,Unclassified,,,,,31.51,,,,,,,,,,,,,,,,,4.4,
BSE:MCPL,Manoj Ceramic Limited,Equity (SME),BSE,544073,INE0A6N01026,M,Unclassified,,,,,72.0,,,,,,,,,,,,,,,,,1.5,
BSE:SBVCL,Shri Balaji Valve Components L,Equity (SME),BSE,544074,INE0RNZ01014,MT,Unclassified,,,,,129.0,,,,,,,,,,,,,,,,,7.0,
BSE:SHREE,Shree Marutinandan Tubes Limit,Equity (SME),BSE,544083,INE0QIS01011,M,Unclassified,,,,,44.85,,,,,,,,,,,,,,,,,0.9,
BSE:SHPLPUNE,Sayaji Hotels (Pune) Limited,Equity,BSE,544090,INE07G501017,X,Unclassified,,,,,847.85,,,,,,,,,,,,,,,,,0.3,
BSE:QLL,Qualitek Labs Limited,Equity (SME),BSE,544091,INE0Q1R01012,MT,Healthcare,Diagnostics & Research,Micro,675.0,,579.0,46.3,4.43,650.0,258.55,10.9,0.0,,11.9,61.4,,,,,,,14926.0,89.5,
BSE:NIFTYBETF,Bajaj Finserv Mutual Fund,Equity,BSE,544092,INF0QA701722,B,Unclassified,,,,,235.66,,,,,,,,,,,,,,,,,3.3,
BSE:BANKBETF,Bajaj Finserv Mutual Fund,Equity,BSE,544093,INF0QA701714,B,Unclassified,,,,,55.05,,,,,,,,,,,,,,,,,0.0,
BSE:BRISK,Brisk Technovision Limited,Equity (SME),BSE,544101,INE0Q6L01014,MT,Unclassified,,,,,73.9,,,,,,,,,,,,,,,,,1.2,
BSE:HARSHDEEP,HARSHDEEP HORTICO LIMITED,Equity (SME),BSE,544105,INE0OLZ01015,M,Unclassified,,,,,88.0,,,,,,,,,,,,,,,,,1.3,
BSE:MCFL,Mayank Cattle Food Limited,Equity (SME),BSE,544106,INE0R5Z01015,MT,Unclassified,,,,,100.0,,,,,,,,,,,,,,,,,3.6,
BSE:GPSL,Gabriel Pet Straps Limited,Equity (SME),BSE,544108,INE0QZF01012,M,Capital Goods,Tools & Accessories,Micro,58.0,,77.0,14.9,0.52,365.0,52.5,78.9,0.0,,4.8,5.0,,,,,,,5914.0,14.3,
BSE:JGTL,JASCH GAUGING TECHNOLOGIES LIM,Equity,BSE,544112,INE0QXV01014,X,Unclassified,,,,,554.5,,,,,,,,,,,,,,,,,5.6,
BSE:RUDRAGAS,Rudra Gas Enterprise Limited,Equity (SME),BSE,544121,INE0OYK01010,M,Unclassified,,,,,73.88,,,,,,,,,,,,,,,,,6.4,
BSE:LICNMID100,LIC Mutual Fund,Equity,BSE,544123,INF767K01RN1,B,Unclassified,,,,,59.1,,,,,,,,,,,,,,,,,0.9,
BSE:SMALLCAP,Mirae Asset Mutual Fund,Equity,BSE,544130,INF769K01LC3,B,Unclassified,,,,,47.43,,,47.82,46.75,0.8,,,,,,,,,,,,26.7,
BSE:KOURA,KOURA FINE DIAMOND JEWELRY LIM,Equity (SME),BSE,544139,INE0M8R01011,MT,Unclassified,,,,,52.8,,,,,,,,,,,,,,,,,3.1,
BSE:PESB,Pune E - Stock Broking Limited,Equity (SME),BSE,544141,INE510U01018,M,Financial Services,Capital Markets,Micro,448.0,,255.0,22.2,2.29,333.95,185.0,23.6,1.0,0.39,12.0,28.9,,,,,,,20625.0,59.5,
BSE:ROYAL,Royal Sense Limited,Equity (SME),BSE,544143,INE0QQG01019,M,Unclassified,,,,,88.0,,,,,,,,,,,,,,,,,0.4,
BSE:KPGEL,KP GREEN ENGINEERING LIMITED,Equity (SME),BSE,544150,INE0QVH01025,M,Capital Goods,Metal Fabrication,Micro,1414.0,,282.8,10.4,3.09,626.65,246.05,54.9,0.6,0.21,34.7,76.4,,,,,,,89785.0,169.4,
BSE:CHATHA,CHATHA FOODS LIMITED,Equity (SME),BSE,544151,INE0AH901011,MT,Unclassified,,,,,102.15,,,,,,,,,,,,,,,,,9.5,
BSE:GCONNECT,Gconnect Logitech and Supply C,Equity (SME),BSE,544156,INE0QHY01011,MT,Unclassified,,,,,11.0,,,,,,,,,,,,,,,,,0.5,
BSE:JAYKAILASH,Jay Kailash Namkeen Limited,Equity (SME),BSE,544160,INE0MSS01019,MT,Fast Moving Consumer Goods,Packaged Foods,Micro,28.0,,55.75,23.1,1.41,75.65,10.73,26.3,0.0,,6.3,76.8,,,,,,,70247.0,44.8,
BSE:GVL,Greenhitech Ventures Limited,Equity (SME),BSE,544163,INE0S0701019,M,Unclassified,,,,,39.93,,,,,,,,,,,,,,,,,0.8,
BSE:FAALCON,Faalcon Concepts Limited,Equity (SME),BSE,544164,INE0Q9W01015,MT,Unclassified,,,,,37.22,,,,,,,,,,,,,,,,,0.7,
BSE:SHIVAM,SHIVAM CHEMICALS LIMITED,Equity (SME),BSE,544165,INE0SGR01013,M,Materials,Chemicals,Micro,241.0,,140.0,39.0,5.8,143.2,59.5,2.2,0.0,,16.1,53.1,,,,,,,13809.0,29.3,
BSE:EMMFORCE,EMMFORCE AUTOTECH LIMITED,Equity (SME),BSE,544166,INE0SDC01012,MT,Consumer Discretionary,Auto Parts,Micro,374.0,,182.65,45.4,4.08,203.9,105.0,10.4,0.0,,9.6,48.3,,,,,,,18114.0,70.4,
BSE:VARYAA,VARYAA CREATIONS LIMITED,Equity (SME),BSE,544168,INE0R6801013,M,Unclassified,,,,,26.0,,,,,,,,,,,,,,,,,0.3,
BSE:AMKAY,Amkay Products Limited,Equity (SME),BSE,544169,INE0QSB01016,M,Healthcare,Medical Instruments & Supplies,Micro,64.0,,72.4,27.6,2.42,81.99,39.22,11.7,0.0,,9.2,14.9,,,,,,,7468.0,12.8,
BSE:DKUAL,Dolphin Kitchen Utensils and A,Equity (SME),BSE,544170,INE0QXT01018,M,Unclassified,,,,,7.44,,,,,,,,,,,,,,,,,3.1,
BSE:STAL,Storage Technologies and Autom,Equity (SME),BSE,544171,INE0RGM01016,MT,Unclassified,,,,,33.97,,,,,,,,,,,,,,,,,1.0,
BSE:FTL,Finelistings Technologies Limi,Equity (SME),BSE,544173,INE0QOQ01013,MT,Unclassified,,,,,16.98,,,,,,,,,,,,,,,,,1.2,
BSE:TGIF,TGIF AGRIBUSINESS LIMITED,Equity (SME),BSE,544175,INE0SMU01015,M,Unclassified,,,,,106.0,,,,,,,,,,,,,,,,,1.3,
BSE:AZTEC,Aztec Fluids & Machinery Limit,Equity (SME),BSE,544177,INE0SCB01016,M,Unclassified,,,,,95.79,,,,,,,,,,,,,,,,,1.0,
BSE:MIDSMALL,Mirae Asset Mutual Fund,Equity,BSE,544180,INF769K01LJ8,B,Unclassified,,,,,49.37,,,49.95,48.85,1.2,,,,,,,,,,,,16.7,
BSE:ASSOCIATED,Associated Coaters Limited,Equity (SME),BSE,544183,INE0RIQ01013,M,Unclassified,,,,,109.95,,,,,,,,,,,,,,,,,2.7,
BSE:ADTECH,ADTECH SYSTEMS LIMITED,Equity,BSE,544185,INE257C01014,X,Unclassified,,,,,39.85,,,,,,,,,,,,,,,,,1.7,
BSE:TOTEM,Forbes Precision Tools and Mac,Equity,BSE,544186,INE0TT901016,X,Capital Goods,Tools & Accessories,Micro,757.0,,145.65,22.3,4.49,203.0,103.15,28.3,10.0,6.87,,9.9,,,,,,,38988.0,48.1,
BSE:MAGENTA,Magenta Lifecare Limited,Equity (SME),BSE,544188,INE0QZ901011,M,Unclassified,,,,,7.89,,,,,,,,,,,,,,,,,2.1,
BSE:SATTRIX,SATTRIX INFORMATION SECURITY L,Equity (SME),BSE,544189,INE0QUV01010,M,Unclassified,,,,,304.35,,,,,,,,,,,,,,,,,9.3,
BSE:3CIT,3C IT Solutions and Telecoms (,Equity (SME),BSE,544190,INE0R7D01018,M,Unclassified,,,,,16.0,,,,,,,,,,,,,,,,,0.6,
BSE:PURPLEFIN,Purple Finance Limited,Equity,BSE,544191,INE0CYK01015,X,Financial Services,Credit Services,Micro,532.0,,68.18,,3.09,78.5,34.0,13.1,0.0,,,82.6,,,,,,,89004.0,31.7,
BSE:MID150CASE,Zerodha Mutual Fund,Equity,BSE,544193,INF0R8F01059,B,,,,,,10.89,,,12.15,9.65,10.4,0.0,,,,,,,,,,99563.0,34.7,
BSE:TOP100CASE,Zerodha Mutual Fund,Equity,BSE,544194,INF0R8F01067,B,Unclassified,,,,,9.91,,,,,,,,,,,,,,,,,9.2,
BSE:COTFAB,United Cotfab Limited,Equity (SME),BSE,544195,INE0S0I01011,M,Unclassified,,,,,14.19,,,,,,,,,,,,,,,,,0.3,
BSE:BBNPNBETF,BARODA BNP PARIBAS MUTUAL FUND,Equity,BSE,544196,INF251K01TL6,B,Unclassified,,,,,55.65,,,,,,,,,,,,,,,,,0.0,
BSE:GEMENVIRO,GEM Enviro Management Limited,Equity (SME),BSE,544199,INE0RUJ01013,M,Unclassified,,,,,35.99,,,,,,,,,,,,,,,,,4.0,
BSE:DFPL,DINDIGUL FARM PRODUCT LIMITED,Equity (SME),BSE,544201,INE0S6R01027,MT,Fast Moving Consumer Goods,Packaged Foods,Micro,72.0,,29.67,19.4,1.86,29.8,9.91,0.4,0.0,,10.0,47.1,,,,,,,46349.0,15.4,
BSE:NPL,National Peroxide Limited,Equity,BSE,544205,INE0PO601011,XT,Materials,Specialty Chemicals,Micro,346.0,,602.8,59.4,0.96,701.5,350.0,14.1,7.0,1.16,,3.5,,,,,,,1288.0,17.5,
BSE:EVINDIA,Mirae Asset Mutual Fund,Equity,BSE,544212,INF769K01LQ3,B,Unclassified,,,,,30.03,,,30.81,29.67,2.5,,,,,,,,,,,,18.8,
BSE:ACLD,AELEA COMMODITIES LIMITED,Equity (SME),BSE,544213,INE0T3401029,M,Fast Moving Consumer Goods,Packaged Foods,Micro,299.0,,145.45,14.0,2.38,230.0,106.0,36.8,0.0,,18.7,88.7,,,,,,,24496.0,101.7,
BSE:THREEMPAPE,THREE M PAPER BOARDS LIMITED,Equity (SME),BSE,544214,INE0UK501010,M,Unclassified,,,,,23.0,,,,,,,,,,,,,,,,,0.5,
BSE:VVIPIL,VVIP Infratech Limited,Equity (SME),BSE,544219,INE0MNP01016,M,Capital Goods,Engineering & Construction,Micro,357.0,,142.9,11.9,1.56,165.95,92.05,13.9,0.0,,17.8,73.4,,,,,,,14878.0,19.7,
BSE:CTLLAB,Clinitech Laboratory Limited,Equity (SME),BSE,544220,INE0QMR01015,M,Unclassified,,,,,33.65,,,,,,,,,,,,,,,,,0.4,
BSE:KIZI,Kizi Apparels Limited,Equity (SME),BSE,544221,INE0RMR01013,MT,Unclassified,,,,,17.0,,,,,,,,,,,,,,,,,0.5,
BSE:AFCOM,Afcom Holdings Limited,Equity (SME),BSE,544224,INE0OXY01013,M,Capital Goods,Airlines,Micro,4224.0,,1481.3,27.1,5.91,1711.0,637.85,13.4,0.0,,29.9,54.5,,,,,,,94177.0,904.8,
BSE:MULTICAP,Mirae Asset Mutual Fund,Equity,BSE,544241,INF769K01LX9,B,Unclassified,,,,,15.77,,,,,,,,,,,,,,,,,9.0,
BSE:TRAVELS,Travels & rentals Limited,Equity (SME),BSE,544242,INE0SG001011,M,Unclassified,,,,,9.0,,,,,,,,,,,,,,,,,1.6,
BSE:MACHLTD,MACH TRAVEL SOLUTIONS LIMITED,Equity (SME),BSE,544248,INE0UYT01018,M,Capital Goods,Specialty Business Services,Micro,410.0,,193.65,19.3,3.38,213.0,90.0,9.1,0.5,0.26,,4.6,,,,,,,19059.0,42.5,
BSE:SSL,Share Samadhan Limited,Equity (SME),BSE,544251,INE0LY301010,MT,Unclassified,,,,,41.0,,,,,,,,,,,,,,,,,1.3,
BSE:PFL,POPULAR FOUNDATIONS LIMITED,Equity (SME),BSE,544259,INE0PZB01013,M,Unclassified,,,,,28.8,,,,,,,,,,,,,,,,,0.9,
BSE:BANKPSU,Mirae Asset Mutual Fund,Equity,BSE,544266,INF769K01LZ4,B,Unclassified,,,,,80.19,,,,,,,,,,,,,,,,,1.0,
BSE:SUBAM,SUBAM PAPERS LIMITED,Equity (SME),BSE,544267,INE0U6201010,M,Materials,Paper & Paper Products,Micro,618.0,,219.75,,1.34,246.0,126.85,10.7,0.0,,,41.5,,,,,,,12825.0,179.4,
BSE:METAL,Mirae Asset Mutual Fund,Equity,BSE,544268,INF769K01LY7,B,Unclassified,,,,,12.6,,,13.18,12.4,4.4,,,,,,,,,,,,29.0,
BSE:SHIVTEXCHEM,SHIV TEXCHEM LIMITED,Equity (SME),BSE,544272,INE0YRO01015,M,Unclassified,,,,,116.15,,,,,,,,,,,,,,,,,7.4,
BSE:RAJESH,RAJESH POWER SERVICES LIMITED,Equity (SME),BSE,544291,INE0VN801010,M,Capital Goods,Engineering & Construction,Micro,1316.0,,733.5,9.2,3.24,1624.95,705.0,54.9,1.0,0.14,42.7,31.3,,,,,,,29504.0,76.7,
BSE:NISUS,NISUS FINANCE SERVICES CO LIMI,Equity (SME),BSE,544296,INE0DQN01013,M,Unclassified,,,,,160.5,,,,,,,,,,,,,,,,,9.6,
BSE:TTC,TOSS THE COIN LIMITED,Equity (SME),BSE,544303,INE0XAY01012,M,Unclassified,,,,,163.0,,,,,,,,,,,,,,,,,3.5,
BSE:JUNGLECAMP,JUNGLE CAMPS INDIA LIMITED,Equity (SME),BSE,544304,INE0WCH01015,M,Unclassified,,,,,41.4,,,,,,,,,,,,,,,,,5.3,
BSE:HILLTONE,Hilltone Software and Gases Lt,Equity,BSE,544308,INE168C01013,X,Unclassified,,,,,38.5,,,,,,,,,,,,,,,,,0.2,
BSE:YASHHV,Yash Highvoltage Limited,Equity (SME),BSE,544310,INE00GK01023,M,Capital Goods,Electrical Equipment & Parts,Micro,3122.0,,1105.75,84.3,16.92,1158.95,366.0,4.6,1.4,0.13,22.5,20.4,,,,,,,91207.0,1404.9,
BSE:HAMPS,HAMPS BIO LIMITED,Equity (SME),BSE,544312,INE0QBD01018,M,Unclassified,,,,,25.44,,,,,,,,,,,,,,,,,3.0,
BSE:NACDAC,NACDAC Infrastructure Limited,Equity (SME),BSE,544313,INE0LB101011,M,Unclassified,,,,,22.5,,,,,,,,,,,,,,,,,1.8,
BSE:CONSUMER,Mirae Asset Mutual Fund,Equity,BSE,544323,INF769K01NS5,B,Unclassified,,,,,11.09,,,,,,,,,,,,,,,,,4.8,
BSE:CITICHEM,Citichem India Limited,Equity (SME),BSE,544324,INE0A8401016,M,Unclassified,,,,,16.0,,,,,,,,,,,,,,,,,1.3,
BSE:ECAPINSURE,Edelweiss Mutual Fund,Equity,BSE,544326,INF754K01TX4,B,Unclassified,,,,,23.36,,,,,,,,,,,,,,,,,1.1,
BSE:TECHNICHEM,TECHNICHEM ORGANICS LIMITED,Equity (SME),BSE,544327,INE0ZHT01012,MT,Unclassified,,,,,54.87,,,,,,,,,,,,,,,,,2.2,
BSE:VANDU,LEO DRYFRUITS & SPICES TRADING,Equity (SME),BSE,544329,INE0RH001011,M,Fast Moving Consumer Goods,Farm Products,Micro,107.0,,59.91,10.1,1.44,75.5,40.0,20.6,0.5,0.83,15.3,49.8,,,,,,,61333.0,88.7,
BSE:PARMESHWAR,PARMESHWAR METAL LIMITED,Equity (SME),BSE,544330,INE0QQJ01021,MT,Capital Goods,Electrical Equipment & Parts,Micro,467.0,,305.0,14.4,4.57,344.4,65.1,11.4,1.25,0.41,37.6,22.9,,,,,,,24890.0,57.9,
BSE:DAVIN,Davin Sons Retail Limited,Equity (SME),BSE,544331,INE0Q2L01013,M,Unclassified,,,,,14.85,,,,,,,,,,,,,,,,,6.2,
BSE:FABCLEAN,Fabtech Cleanrooms Limited,Equity (SME),BSE,544332,INE0HSD01011,M,Capital Goods,Building Products & Equipment,Micro,609.0,,494.0,38.5,5.87,575.0,203.25,14.1,4.0,1.33,17.0,17.8,,,,,,,12355.0,48.4,
BSE:INDOBELL,Indobell Insulations Limited,Equity (SME),BSE,544334,INE0FK501019,MT,Unclassified,,,,,57.8,,,,,,,,,,,,,,,,,4.3,
BSE:BRGIL,B.R.GOYAL INFRASTRUCTURE LIMIT,Equity (SME),BSE,544335,INE00ST01011,MT,Capital Goods,Engineering & Construction,Micro,442.0,,185.6,7.8,1.62,203.0,89.06,8.6,0.25,0.13,17.9,27.9,,,,,,,58714.0,34.0,
BSE:RIKHAV,Rikhav Securities Limited,Equity (SME),BSE,544340,INE0CFH01028,M,Financial Services,Capital Markets,Micro,200.0,,51.73,10.6,0.82,77.5,34.0,33.3,0.0,,8.0,3.5,,,,,,,31619.0,61.0,
BSE:LGLL,LANDMARK GLOBAL LEARNING LIMIT,Equity (SME),BSE,544341,INE12QA01010,M,Unclassified,,,,,11.0,,,,,,,,,,,,,,,,,0.3,
BSE:CNINFOTECH,CAPITALNUMBERS INFOTECH  LIMIT,Equity (SME),BSE,544343,INE0WXM01011,M,Unclassified,,,,,76.58,,,,,,,,,,,,,,,,,6.1,
BSE:CLN,CLN ENERGY LIMITED,Equity (SME),BSE,544347,INE0WDX01010,MT,Unclassified,,,,,493.25,,,,,,,,,,,,,,,,,9.5,
BSE:GBLOGISTIC,GB Logistics Commerce Limited,Equity (SME),BSE,544348,INE0RWU01016,M,Unclassified,,,,,24.18,,,,,,,,,,,,,,,,,2.0,
BSE:HMEML,H.M. ELECTRO MECH LIMITED,Equity (SME),BSE,544349,INE0DZD01015,M,Unclassified,,,,,48.25,,,,,,,,,,,,,,,,,1.5,
BSE:MALPANI,MALPANI PIPES AND FITTINGS LIM,Equity (SME),BSE,544351,INE0YON01014,M,Unclassified,,,,,64.5,,,,,,,,,,,,,,,,,1.0,
BSE:AMWILL,Amwill Health Care Limited,Equity (SME),BSE,544353,INE0U2L01017,M,Unclassified,,,,,43.0,,,,,,,,,,,,,,,,,4.1,
BSE:SOLARIUM,SOLARIUM GREEN ENERGY LIMITED,Equity (SME),BSE,544354,INE0W0H01017,M,Information Technology,Solar,Micro,257.0,,121.25,12.6,1.58,374.0,115.75,67.6,0.0,,13.5,96.4,,,,,,,15423.0,33.6,
BSE:COVANCE,COVANCE SOFTSOL LIMITED,Equity,BSE,544361,INE0R8101016,X,Unclassified,,,,,156.4,,,,,,,,,,,,,,,,,2.0,
BSE:SHANMUGA,SHANMUGA HOSPITAL LIMITED,Equity (SME),BSE,544365,INE0TD301017,M,Healthcare,Medical Care Facilities,Micro,61.0,,44.6,14.3,1.43,56.76,34.0,21.4,0.0,,,15.9,,,,,,,12875.0,14.6,
BSE:SWASTH,Swasth Foodtech India Limited,Equity (SME),BSE,544368,INE0TIR01017,M,Unclassified,,,,,16.1,,,,,,,,,,,,,,,,,0.4,
BSE:BEEZAASAN,Beezaasan Explotech Limited,Equity (SME),BSE,544369,INE13VU01016,MT,Materials,Specialty Chemicals,Micro,1099.0,,725.05,71.4,7.07,725.05,177.05,0.0,0.0,,10.6,23.8,,,,,,,15800.0,87.0,
BSE:VIKRAMAR,VIKRAM AROMA LIMITED,Equity,BSE,544371,INE0NR501012,XT,Unclassified,,,,,129.1,,,,,,,,,,,,,,,,,3.8,
BSE:NAPSGLOBAL,NAPS Global India Limited,Equity (SME),BSE,544373,INE0VNH01014,MT,Unclassified,,,,,65.1,,,,,,,,,,,,,,,,,5.2,
BSE:SELECTIPO,Mirae Asset Mutual Fund,Equity,BSE,544376,INF769K01ON4,B,Unclassified,,,,,45.6,,,,,,,,,,,,,,,,,0.7,
BSE:EQUAL200,Mirae Asset Mutual Fund,Equity,BSE,544377,INF769K01OA1,B,Unclassified,,,,,12.98,,,,,,,,,,,,,,,,,0.5,
BSE:PSPL,PDP Shipping & Projects Limite,Equity (SME),BSE,544378,INE0ABU01016,M,Unclassified,,,,,52.01,,,,,,,,,,,,,,,,,0.5,
BSE:SUPERIRON,Super Iron Foundry Limited,Equity (SME),BSE,544381,INE16IQ01014,M,Unclassified,,,,,37.3,,,,,,,,,,,,,,,,,5.7,
BSE:PPARIVAH,PARADEEP PARIVAHAN LIMITED,Equity (SME),BSE,544383,INE0SMW01011,MT,Capital Goods,Integrated Freight & Logistics,Micro,354.0,,302.95,14.8,3.02,312.0,129.55,2.9,0.0,,23.1,42.4,,,,,,,21828.0,75.1,
BSE:DESCO,Desco Infratech Limited,Equity (SME),BSE,544387,INE0TGG01014,M,Capital Goods,Engineering & Construction,Micro,137.0,,175.4,8.4,1.93,293.65,122.0,40.3,0.0,,25.2,21.8,,,,,,,20468.0,22.5,
BSE:IDENTIXWEB,Identixweb Limited,Equity (SME),BSE,544388,INE0PA401012,M,Unclassified,,,,,65.0,,,,,,,,,,,,,,,,,1.3,
BSE:RETAGGIO,Retaggio Industries Limited,Equity (SME),BSE,544391,INE0KWJ01014,M,Unclassified,,,,,48.45,,,,,,,,,,,,,,,,,2.9,
BSE:SPINAROO,SPINAROO COMMERCIAL LIMITED,Equity (SME),BSE,544392,INE10XX01012,M,Unclassified,,,,,39.0,,,,,,,,,,,,,,,,,0.8,
BSE:INFONATIVE,INFONATIVE SOLUTIONS LIMITED,Equity (SME),BSE,544393,INE12IB01015,MT,Unclassified,,,,,36.1,,,,,,,,,,,,,,,,,2.3,
BSE:KENRIK,Kenrik Industries Limited,Equity (SME),BSE,544398,INE0AOG01018,MT,Unclassified,,,,,13.66,,,,,,,,,,,,,,,,,2.5,
BSE:SRIGEE,SRIGEE DLM LIMITED,Equity (SME),BSE,544399,INE0RJ901010,M,Fast Moving Consumer Goods,Household & Personal Products,Micro,46.0,,79.45,6.7,1.1,151.5,56.75,47.6,0.0,,22.4,19.7,,,,,,,11850.0,12.7,
BSE:MANOJJEWEL,Manoj Jewellers Limited,Equity (SME),BSE,544400,INE0MV001018,M,Consumer Discretionary,Luxury Goods,Micro,32.0,,27.53,3.4,0.64,59.52,21.58,53.7,0.0,,33.8,44.5,,,,,,,30574.0,11.2,
BSE:EQUAL50,Mirae Asset Mutual Fund,Equity,BSE,544401,INF769K01OO2,B,Unclassified,,,,,307.32,,,,,,,,,,,,,,,,,1.9,
BSE:UNIFIED,UNIFIED DATA TECH SOLUTIONS LI,Equity (SME),BSE,544406,INE1ABX01018,M,Information Technology,Information Technology Services,Micro,1005.0,,496.9,24.7,7.25,535.0,284.0,7.1,11.0,2.21,34.5,,,,,,,,58209.0,659.9,
BSE:ASTONEALAB,ASTONEA LABS LIMITED,Equity (SME),BSE,544409,INE0TG901011,M,Unclassified,,,,,345.0,,,,,,,,,,,,,,,,,3.4,
BSE:3BFILMS,3B FILMS LIMITED,Equity (SME),BSE,544412,INE0TE101010,M,Unclassified,,,,,13.05,,,,,,,,,,,,,,,,,1.2,
BSE:ABRFL,Abram Food Limited,Equity (SME),BSE,544422,INE0ZDY01011,M,Unclassified,,,,,35.49,,,,,,,,,,,,,,,,,1.7,
BSE:AJCJEWEL,AJC Jewel Manufacturers Limite,Equity (SME),BSE,544425,INE0XRR01010,MT,Consumer Discretionary,Luxury Goods,Micro,263.0,,432.6,31.3,7.26,432.6,71.15,0.0,0.0,,,122.5,,,,,,,13668.0,36.2,
BSE:ICON,Icon Facilitators Limited,Equity (SME),BSE,544426,INE0Y0E01012,M,Unclassified,,,,,63.25,,,,,,,,,,,,,,,,,1.5,
BSE:SEVL,SUPERTECH EV LIMITED,Equity (SME),BSE,544428,INE0SC101013,M,Unclassified,,,,,34.11,,,,,,,,,,,,,,,,,2.7,
BSE:ACEALPHA,Ace Alpha Tech Limited,Equity (SME),BSE,544431,INE0S9X01011,M,Unclassified,,,,,144.0,,,,,,,,,,,,,,,,,7.2,
BSE:VALINDIA,Valencia India Limited,Equity (SME),BSE,544433,INE130701019,M,Unclassified,,,,,17.28,,,,,,,,,,,,,,,,,2.4,
BSE:NEETUYOSHI,Neetu Yoshi Limited,Equity (SME),BSE,544434,INE0UZO01024,MT,Capital Goods,Railroads,Micro,920.0,,238.85,34.4,6.7,258.0,71.3,7.4,0.0,,27.5,2.8,,,,,,,99365.0,208.2,
BSE:ADCOUNTY,ADCOUNTY MEDIA INDIA LIMITED,Equity (SME),BSE,544435,INE0W1601012,M,Media Entertainment & Telecom,Advertising Agencies,Micro,173.0,,76.64,8.1,1.62,239.0,73.0,67.9,0.0,,,2.5,,,,,,,38095.0,44.7,
BSE:VANDAN,VANDAN FOODS LIMITED,Equity (SME),BSE,544436,INE0RDJ01019,M,Unclassified,,,,,23.5,,,,,,,,,,,,,,,,,0.8,
BSE:MARCLOIRE,MARC LOIRE FASHIONS LIMITED,Equity (SME),BSE,544437,INE0TBQ01014,M,Unclassified,,,,,39.9,,,,,,,,,,,,,,,,,0.5,
BSE:INTERNET,Mirae Asset Mutual Fund,Equity,BSE,544438,INF769K01PB6,B,,,,,,13.22,,,15.15,10.71,12.7,0.0,,,,,,,,,,29486.0,11.1,
BSE:CRYOGENIC,CRYOGENIC OGS LIMITED,Equity (SME),BSE,544440,INE0TL001013,MT,Oil Gas & Consumable Fuels,Oil & Gas Equipment & Services,Micro,633.0,,443.0,57.5,11.58,443.15,151.0,0.0,0.0,,24.4,15.1,,,,,,,17109.0,224.7,
BSE:METAINFO,META INFOTECH LIMITED,Equity (SME),BSE,544441,INE162901016,M,Information Technology,Software - Infrastructure,Micro,150.0,,79.5,13.5,2.05,157.75,53.17,49.6,0.0,,18.5,11.6,,,,,,,23860.0,12.0,
BSE:CHEMKART,Chemkart India Limited,Equity (SME),BSE,544442,INE0VWL01017,M,Materials,Chemicals,Micro,292.0,,241.4,14.0,2.25,250.0,87.0,3.4,0.0,,21.5,3.8,,,,,,,14657.0,43.5,
BSE:GLEN,Glen Industries Limited,Equity (SME),BSE,544444,INE0UMC01019,MT,Consumer Discretionary,Packaging & Containers,Micro,289.0,,120.0,17.5,2.2,134.0,58.0,10.4,0.0,,16.7,86.5,,,,,,,54857.0,133.3,
BSE:APL,ASSTON PHARMACEUTICALS LIMITED,Equity (SME),BSE,544445,INE0SJX01015,MT,Unclassified,,,,,97.4,,,,,,,,,,,,,,,,,2.9,
BSE:MONIKA,MONIKA ALCOBEV LIMITED,Equity (SME),BSE,544451,INE0LCG01010,M,Fast Moving Consumer Goods,Beverages - Wineries & Distilleries,Micro,255.0,,121.35,7.4,1.04,311.0,108.0,61.0,1.0,0.82,18.9,86.2,,,,,,,20612.0,44.8,
BSE:SWASTIKAAL,Swastika Castal Limited,Equity (SME),BSE,544452,INE0PTF01017,MT,Materials,Aluminum,Micro,88.0,,108.3,26.9,3.42,144.25,39.0,24.9,0.0,,18.0,40.3,,,,,,,17218.0,15.4,
BSE:MSECL,Monarch Surveyors and Engineer,Equity (SME),BSE,544453,INE0V0L01028,M,Capital Goods,Engineering & Construction,Micro,346.0,,244.2,9.3,1.5,331.05,165.0,26.2,1.6,0.66,21.9,5.4,,,,,,,20552.0,13.1,
BSE:SHREEREF,SHREE REFRIGERATIONS LIMITED,Equity (SME),BSE,544458,INE0FMZ01045,M,Capital Goods,Specialty Industrial Machinery,Micro,1409.0,,394.7,61.6,6.5,438.95,161.0,10.1,0.0,,13.0,17.4,,,,,,,277875.0,506.5,
BSE:PATELCHEM,PATEL CHEM SPECIALITIES LIMITE,Equity (SME),BSE,544460,INE161701011,MT,Materials,Chemicals,Micro,300.0,,120.55,23.9,3.01,120.55,56.1,0.0,0.0,,18.6,18.4,,,,,,,30775.0,139.2,
BSE:REPONO,REPONO LIMITED,Equity (SME),BSE,544463,INE15WN01014,M,Capital Goods,Specialty Business Services,Micro,80.0,,78.0,11.0,1.78,107.0,43.06,27.1,0.0,,22.4,20.5,,,,,,,22723.0,31.9,
BSE:UML,Umiya Mobile Limited,Equity (SME),BSE,544464,INE1P1A01018,MT,Consumer Discretionary,Specialty Retail,Micro,121.0,,85.22,12.0,2.5,121.0,41.75,29.6,0.0,,29.3,13.1,,,,,,,42031.0,26.4,
BSE:NSDL,National Securities Depository,Equity,BSE,544467,INE301O01023,A,Financial Services,Financial Data & Stock Exchanges,Small,15055.0,,752.75,38.8,6.35,1219.0,747.1,38.2,4.0,0.53,,0.7,,,,,,,440134.0,3638.6,
BSE:TAKYON,TAKYON NETWORKS LIMITED,Equity (SME),BSE,544471,INE14OX01013,M,Unclassified,,,,,16.0,,,,,,,,,,,,,,,,,1.3,
BSE:MEHUL,MEHUL COLOURS LIMITED,Equity (SME),BSE,544472,INE1KH601014,M,Materials,Specialty Chemicals,Micro,50.0,,47.3,8.6,1.21,92.5,46.05,48.9,0.0,,17.9,4.8,,,,,,,2742.0,13.7,
BSE:GROWWPOWER,Groww Mutual Fund,Equity,BSE,544473,INF666M01LM6,B,Unclassified,,,,,10.8,,,11.06,10.64,2.4,,,,,,,,,,,,11.1,
BSE:ESSEX,ESSEX MARINE LIMITED,Equity (SME),BSE,544475,INE1IBY01019,M,Unclassified,,,,,42.5,,,,,,,,,,,,,,,,,1.7,
BSE:STARIMAGIN,STAR IMAGING AND PATH LAB LIMI,Equity (SME),BSE,544482,INE0YG001013,M,Unclassified,,,,,74.51,,,,,,,,,,,,,,,,,4.5,
BSE:ICODEX,ICODEX PUBLISHING SOLUTIONS LI,Equity (SME),BSE,544483,INE111601014,M,Unclassified,,,,,36.5,,,,,,,,,,,,,,,,,1.7,
BSE:GLOBTIER,Globtier Infotech limited,Equity (SME),BSE,544494,INE12P601017,M,Unclassified,,,,,15.4,,,,,,,,,,,,,,,,,0.5,
BSE:NISMGMT,NIS MANAGEMENT LIMITED,Equity (SME),BSE,544495,INE0M3X01010,M,Unclassified,,,,,40.0,,,,,,,,,,,,,,,,,1.0,
BSE:OVAL,OVAL PROJECTS ENGINEERING LIMI,Equity (SME),BSE,544498,INE0RTI01017,M,Unclassified,,,,,47.5,,,,,,,,,,,,,,,,,2.3,
BSE:ABRIL,ABRIL PAPER TECH LIMITED,Equity (SME),BSE,544500,INE15MX01014,M,Unclassified,,,,,30.49,,,,,,,,,,,,,,,,,1.8,
BSE:SUGSLLOYD,SUGS LLOYD LIMITED,Equity (SME),BSE,544501,INE0XX801016,MT,Capital Goods,Engineering & Construction,Micro,664.0,,282.5,21.7,4.75,296.8,82.5,4.8,0.0,,,49.3,,,,,,,74031.0,98.2,
BSE:RACHIT,Rachit Prints Limited,Equity (SME),BSE,544503,INE0ZN101029,M,Consumer Discretionary,Textile Manufacturing,Micro,91.0,,185.0,17.3,2.62,222.1,91.1,16.7,0.0,,19.4,31.2,,,,,,,4380.0,20.2,
BSE:GOELCONS,GOEL CONSTRUCTION COMPANY LIMI,Equity (SME),BSE,544504,INE0ZOM01013,M,Capital Goods,Engineering & Construction,Micro,614.0,,425.0,12.1,2.42,505.5,249.25,15.9,0.0,,24.0,3.1,,,,,,,8298.0,18.6,
BSE:AUSTERE,AUSTERE SYSTEMS LIMITED,Equity (SME),BSE,544505,INE104201012,M,Unclassified,,,,,40.0,,,,,,,,,,,,,,,,,2.5,
BSE:SHARVAYA,SHARVAYA METALS LIMITED,Equity (SME),BSE,544506,INE0UJF01018,M,Materials,Aluminum,Micro,143.0,,142.9,10.9,1.85,209.0,78.0,31.6,0.0,,23.3,15.7,,,,,,,19743.0,25.5,
BSE:SML100CASE,Zerodha Mutual Fund,Equity,BSE,544507,INF0R8F01141,B,Unclassified,,,,,10.89,,,11.02,10.71,1.2,,,,,,,,,,,,23.0,
BSE:VASHISHTHA,VASHISHTHA LUXURY FASHION LIMI,Equity (SME),BSE,544508,INE0WRP01016,M,Unclassified,,,,,62.06,,,,,,,,,,,,,,,,,9.0,
BSE:NCML,NILACHAL CARBO METALICKS LIMIT,Equity (SME),BSE,544510,INE346R01013,M,Materials,Coking Coal,Micro,299.0,,120.0,28.4,2.74,148.7,71.05,19.3,0.0,,11.2,35.3,,,,,,,17853.0,13.4,
BSE:KARBON,Karbonsteel Engineering Limite,Equity (SME),BSE,544511,INE0V8A01016,M,Capital Goods,Metal Fabrication,Micro,161.0,,114.6,13.9,1.4,199.4,92.6,42.5,0.0,,12.0,115.6,,,,,,,17812.0,27.9,
BSE:AIRFLOA,AIRFLOA RAIL TECHNOLOGY LIMITE,Equity (SME),BSE,544516,INE0XBS01012,M,Capital Goods,Railroads,Micro,1247.0,,522.45,27.9,5.21,593.85,246.0,12.0,0.0,,22.3,28.5,,,,,,,128396.0,1207.8,
BSE:LTELEVATOR,L. T. ELEVATOR LIMITED,Equity (SME),BSE,544518,INE0TJ801010,MT,Capital Goods,Specialty Industrial Machinery,Micro,684.0,,321.8,35.5,6.67,380.4,130.0,15.4,0.0,,24.7,21.1,,,,,,,45987.0,113.5,
BSE:SAMPAT,SAMPAT ALUMINIUM LIMITED,Equity (SME),BSE,544520,INE10XS01012,MT,Unclassified,,,,,31.1,,,,,,,,,,,,,,,,,4.8,
BSE:JDCABLES,JD CABLES LIMITED,Equity (SME),BSE,544524,INE14VP01014,M,Capital Goods,Electrical Equipment & Parts,Micro,414.0,,183.65,13.1,2.83,254.35,130.0,27.8,0.0,,36.0,38.7,,,,,,,59500.0,85.5,
BSE:APPL,Aptus Pharma Limited,Equity (SME),BSE,544529,INE15XJ01010,MT,Healthcare,Medical Distribution,Micro,619.0,,360.8,116.4,26.5,370.5,33.2,2.6,0.0,,30.5,30.8,,,,,,,15250.0,128.0,
BSE:TRUECOLORS,TRUE COLORS LIMITED,Equity (SME),BSE,544531,INE1LDV01015,M,Capital Goods,Industrial Distribution,Micro,361.0,,146.35,10.3,1.71,271.95,125.0,46.2,0.0,,25.7,24.6,,,,,,,27609.0,18.4,
BSE:BHARATROHAN,BHARATROHAN AIRBORNE INNOVATIO,Equity (SME),BSE,544535,INE0QMV01017,M,Unclassified,,,,,122.0,,,,,,,,,,,,,,,,,7.8,
BSE:PRARUH,PRARUH TECHNOLOGIES LIMITED,Equity (SME),BSE,544538,INE0TI501017,MT,Information Technology,Information Technology Services,Micro,251.0,,180.0,23.1,3.8,189.0,45.0,4.8,0.0,,28.2,,,,,,,,50380.0,128.2,
BSE:SOLVEX,Solvex Edibles Limited,Equity (SME),BSE,544539,INE1IIQ01028,MT,Unclassified,,,,,18.18,,,,,,,,,,,,,,,,,0.9,
BSE:SYSTEMATIC,SYSTEMATIC INDUSTRIES LIMITED,Equity (SME),BSE,544541,INE1KLZ01011,M,Materials,Steel,Micro,628.0,,285.55,26.2,3.11,298.95,125.0,4.5,0.0,,14.9,4.9,,,,,,,52600.0,416.2,
BSE:JUSTO,Justo Realfintech Limited,Equity (SME),BSE,544542,INE0W5Q01017,M,Realty,Real Estate Services,Micro,141.0,,76.22,6.4,1.12,136.8,72.0,44.3,0.0,,21.5,12.1,,,,,,,10619.0,57.0,
BSE:TELGE,TELGE PROJECTS LIMITED,Equity (SME),BSE,544544,INE0SRP01014,MT,Capital Goods,Engineering & Construction,Micro,250.0,,255.0,32.9,5.63,283.95,77.05,10.2,0.0,,,17.0,,,,,,,19912.0,79.2,
BSE:CHTR,Chatterbox Technologies Limite,Equity (SME),BSE,544546,INE1B4801017,M,Unclassified,,,,,33.01,,,,,,,,,,,,,,,,,6.7,
BSE:GPAPL,GUJARAT PEANUT AND AGRI PRODUC,Equity (SME),BSE,544548,INE0SIK01014,M,Fast Moving Consumer Goods,Farm Products,Micro,77.0,,75.0,8.9,1.52,99.54,61.1,24.7,0.0,,21.2,78.7,,,,,,,12900.0,77.5,
BSE:MPKSTEELS,M P K STEELS (I) LIMITED,Equity (SME),BSE,544553,INE1PJP01015,M,Unclassified,,,,,112.0,,,,,,,,,,,,,,,,,0.9,
BSE:KVSCASTING,KVS Castings Limited,Equity (SME),BSE,544554,INE163701019,MT,Consumer Discretionary,Auto Parts,Micro,159.0,,84.97,19.6,2.44,96.0,48.01,11.5,0.0,,14.2,37.8,,,,,,,71365.0,16.4,
BSE:AMEENJI,AMEENJI RUBBER LIMITED,Equity (SME),BSE,544555,INE14QA01016,MT,Capital Goods,Railroads,Micro,309.0,,272.1,48.7,5.66,274.15,96.05,0.7,0.0,,16.6,100.5,,,,,,,16552.0,58.5,
BSE:DHILLON,Dhillon Freight Carrier Limite,Equity (SME),BSE,544556,INE0SPJ01011,M,Capital Goods,Trucking,Micro,13.0,,31.73,7.7,0.88,57.6,27.0,44.9,0.0,,13.8,45.5,,,,,,,3860.0,12.7,
BSE:SODHACAP,SODHANI CAPITAL LIMITED,Equity (SME),BSE,544560,INE0QU501030,M,Unclassified,,,,,70.5,,,,,,,,,,,,,,,,,9.9,
BSE:CHIRAHARIT,Chiraharit Limited,Equity (SME),BSE,544561,INE12P101018,M,Unclassified,,,,,11.0,,,,,,,,,,,,,,,,,2.7,
BSE:ZELIO,Zelio E Mobility Limited,Equity (SME),BSE,544563,INE1B3501014,MT,Consumer Discretionary,Auto Manufacturers,Micro,2234.0,,1056.05,69.9,20.03,1099.5,154.9,4.0,0.0,,41.1,17.8,,,,,,,20309.0,126.7,
BSE:SUNSKY,Sunsky Logistics Limited,Equity (SME),BSE,544566,INE10CM01027,M,Unclassified,,,,,42.63,,,,,,,,,,,,,,,,,6.2,
BSE:INFINITY,Infinity Infoway Limited,Equity (SME),BSE,544567,INE16XA01017,M,Unclassified,,,,,546.9,,,,,,,,,,,,,,,,,4.3,
BSE:ZAPPFRESH,DSM Fresh Foods Limited,Equity (SME),BSE,544568,INE0SUM01015,M,Fast Moving Consumer Goods,Food Distribution,Micro,135.0,,60.52,8.1,1.16,208.0,47.1,70.9,0.0,,17.4,55.6,,,,,,,68718.0,20.7,
BSE:MITTALSTL,Mittal Sections Limited,Equity (SME),BSE,544575,INE833Q01012,M,Unclassified,,,,,25.56,,,,,,,,,,,,,,,,,0.5,
BSE:SHLOKKA,SHLOKKA DYES LIMITED,Equity (SME),BSE,544582,INE1EUB01016,M,Unclassified,,,,,29.1,,,,,,,,,,,,,,,,,6.5,
BSE:SKM,SK Minerals & Additives Limite,Equity (SME),BSE,544584,INE13YH01017,MT,Materials,Specialty Chemicals,Micro,572.0,,467.5,28.3,6.94,507.0,102.05,7.8,0.0,,,124.5,,,,,,,17682.0,18.8,
BSE:SIHORA,SIHORA INDUSTRIES LIMITED,Equity (SME),BSE,544585,INE0SFA01011,M,Unclassified,,,,,60.0,,,,,,,,,,,,,,,,,2.4,
BSE:NIFTYCASE,Zerodha Mutual Fund,Equity,BSE,544586,INF0R8F01166,B,,,,,,9.04,,,11.18,8.95,19.1,0.0,,,,,,,,,,46883.0,28.7,
BSE:TRADEUNO,GAME CHANGERS TEXFAB LIMITED,Equity (SME),BSE,544594,INE1GUJ01014,M,Unclassified,,,,,97.95,,,,,,,,,,,,,,,,,8.1,
BSE:SAFECURE,Safecure Services Limited,Equity (SME),BSE,544596,INE0SVZ01015,M,Unclassified,,,,,24.88,,,,,,,,,,,,,,,,,0.9,
BSE:ENERGY,Mirae Asset Mutual Fund,Equity,BSE,544604,INF769K01PR2,B,Unclassified,,,,,36.79,,,,,,,,,,,,,,,,,3.0,
BSE:SMALL250,Mirae Asset Mutual Fund,Equity,BSE,544605,INF769K01PQ4,B,,,,,,17.67,,,17.89,15.13,1.2,0.0,,,,,,,,,,23978.0,23.1,
BSE:SHTL,SHINING TOOLS LIMITED,Equity (SME),BSE,544607,INE0D8001018,MT,Capital Goods,Tools & Accessories,Micro,93.0,,164.0,19.9,3.36,177.56,38.43,7.6,0.0,,23.0,24.3,,,,,,,15047.0,30.8,
BSE:WORKMATES,WORKMATES CORE2CLOUD SOLUTION,Equity (SME),BSE,544610,INE1I1301016,M,Information Technology,Information Technology Services,Micro,480.0,,371.45,25.8,5.11,514.0,264.0,27.7,4.0,1.08,28.6,,,,,,,,26784.0,113.3,
BSE:MAHALIFE,MAHAMAYA LIFESCIENCES LIMITED,Equity (SME),BSE,544611,INE0U9D01019,M,Materials,Agricultural Inputs,Micro,414.0,,176.1,21.2,3.4,205.05,111.0,14.1,0.0,,19.3,74.4,,,,,,,48918.0,21.6,
BSE:GALLARD,Gallard Steel Limited,Equity (SME),BSE,544616,INE0BUQ01012,M,Capital Goods,Railroads,Micro,156.0,,164.1,14.2,2.66,245.95,110.0,33.3,0.0,,24.0,36.0,,,,,,,11875.0,93.2,
BSE:ESENSEX,Edelweiss Mutual Fund,Equity,BSE,544618,INF754K01VY8,B,Unclassified,,,,,74.03,,,,,,,,,,,,,,,,,0.0,
BSE:MNFL,Mother Nutri Foods Limited,Equity (SME),BSE,544623,INE0UH001016,M,Fast Moving Consumer Goods,Packaged Foods,Micro,191.0,,152.1,13.7,2.57,186.0,118.4,18.2,0.0,,25.6,62.9,,,,,,,4190.0,98.0,
BSE:KKSILK,K K SILK MILLS LIMITED,Equity (SME),BSE,544624,INE0EOJ01014,M,Unclassified,,,,,9.21,,,,,,,,,,,,,,,,,0.8,
BSE:LOGICIEL,Logiciel Solutions Limited,Equity (SME),BSE,544625,INE1BA901016,M,Unclassified,,,,,29.0,,,,,,,,,,,,,,,,,1.2,
BSE:EXATO,EXATO TECHNOLOGIES LIMITED,Equity (SME),BSE,544626,INE1E4401010,MT,Information Technology,Information Technology Services,Micro,634.0,,625.65,33.5,7.18,785.95,266.0,20.4,0.0,,,23.8,,,,,,,44242.0,59.5,
BSE:PURPLEWAVE,PURPLE WAVE INFOCOM LIMITED,Equity (SME),BSE,544627,INE0VDK01019,MT,Unclassified,,,,,342.35,,,,,,,,,,,,,,,,,6.7,
BSE:ASTRONMULT,Astron Multigrain Limited,Equity (SME),BSE,544628,INE0RUY01012,M,Unclassified,,,,,14.32,,,,,,,,,,,,,,,,,3.4,
BSE:RAVEL,Ravelcare Limited,Equity (SME),BSE,544629,INE0W4D01018,M,Unclassified,,,,,101.0,,,,,,,,,,,,,,,,,1.0,
BSE:LUXURY,Luxury Time Limited,Equity (SME),BSE,544635,INE1CJB01013,M,Consumer Discretionary,Luxury Goods,Micro,60.0,,72.62,9.3,1.64,168.0,52.5,56.8,0.0,,20.1,5.4,,,,,,,11174.0,13.9,
BSE:WOSAL,Western Overseas Study Abroad,Equity (SME),BSE,544636,INE1MF401019,M,Unclassified,,,,,18.45,,,,,,,,,,,,,,,,,3.2,
BSE:METHODHUB,Methodhub Software Limited,Equity (SME),BSE,544637,INE0QZR01017,M,Information Technology,Information Technology Services,Micro,129.0,,68.49,3.3,0.84,171.95,58.8,60.2,0.0,,37.9,69.9,,,,,,,42028.0,33.4,
BSE:RDEL,Riddhi Display Equipments Limi,Equity (SME),BSE,544640,INE1DKT01011,M,Unclassified,,,,,28.5,,,,,,,,,,,,,,,,,0.3,
BSE:KVTOYS,K. V. TOYS INDIA LIMITED,Equity (SME),BSE,544641,INE1IE301018,M,Consumer Discretionary,Leisure,Micro,168.0,,266.95,15.6,3.06,363.9,180.0,26.6,0.0,,27.4,,,,,,,,11334.0,15.9,
BSE:SHIPWAVES,Shipwaves Online Limited,Equity (SME),BSE,544646,INE0O9L01010,M,Unclassified,,,,,3.35,,,,,,,,,,,,,,,,,2.4,
BSE:HRS,HRS ALUGLAZE LIMITED,Equity (SME),BSE,544656,INE1E1V01017,M,Materials,Aluminum,Micro,505.0,,262.0,39.8,6.7,292.6,126.0,10.5,0.0,,21.4,52.3,,,,,,,33637.0,22.3,
BSE:PAJSON,Pajson Agro India Limited,Equity (SME),BSE,544657,INE14LM01012,M,Fast Moving Consumer Goods,Packaged Foods,Micro,510.0,,214.0,16.7,3.75,255.0,120.05,16.1,0.0,,27.5,25.2,,,,,,,9619.0,11.5,
BSE:TOP20,Mirae Asset Mutual Fund,Equity,BSE,544660,INF769K01PZ5,B,Unclassified,,,,,8.31,,,,,,,,,,,,,,,,,0.4,
BSE:DIVIDEND,Mirae Asset Mutual Fund,Equity,BSE,544661,INF769K01PY8,B,Unclassified,,,,,33.67,,,,,,,,,,,,,,,,,1.1,
BSE:SIMANDHAR,SIMANDHAR IMPEX LIMITED,Equity,BSE,544662,INE0VI201010,X,Unclassified,,,,,141.95,,,,,,,,,,,,,,,,,0.0,
BSE:NEPLOG,NEPTUNE LOGITEK LIMITED,Equity (SME),BSE,544663,INE1NQ501012,M,Unclassified,,,,,34.0,,,,,,,,,,,,,,,,,0.7,
BSE:GLOBALLOG,Global Ocean Logistics India L,Equity (SME),BSE,544665,INE1ITY01011,M,Unclassified,,,,,99.47,,,,,,,,,,,,,,,,,7.8,
BSE:DACHEPALLI,Dachepalli Publishers Limited,Equity (SME),BSE,544667,INE1F9M01018,M,Media Entertainment & Telecom,Publishing,Micro,151.0,,100.58,8.8,1.75,105.0,48.1,4.2,0.0,,,49.5,,,,,,,22895.0,14.0,
BSE:NANTA,NANTA TECH LIMITED,Equity (SME),BSE,544668,INE0YJA01011,M,Information Technology,Information Technology Services,Micro,171.0,,333.05,16.5,3.42,651.4,234.0,48.9,0.0,,25.5,8.6,,,,,,,26962.0,132.3,
BSE:ADMACH,ADMACH SYSTEMS LIMITED,Equity (SME),BSE,544669,INE0XLO01010,MT,Capital Goods,Specialty Industrial Machinery,Micro,339.0,,499.85,27.2,4.81,524.75,179.0,4.7,0.0,,21.6,,,,,,,,8671.0,42.8,
BSE:BAIKAKAJI,BAI-KAKAJI POLYMERS LIMITED,Equity (SME),BSE,544670,INE1IJQ01026,MT,Consumer Discretionary,Packaging & Containers,Micro,616.0,,289.0,18.4,3.51,328.9,143.1,12.1,0.0,,23.5,37.4,,,,,,,68484.0,75.4,
BSE:ATIL,APOLLO TECHNO INDUSTRIES LIMIT,Equity (SME),BSE,544671,INE0X4A01013,M,Unclassified,,,,,88.0,,,,,,,,,,,,,,,,,9.7,
BSE:MDRC,MODERN DIAGNOSTIC & RESEARCH C,Equity (SME),BSE,544673,INE1HK501016,M,Healthcare,Diagnostics & Research,Micro,109.0,,71.9,20.7,1.85,100.0,45.0,28.1,0.0,,13.2,128.1,,,,,,,24101.0,15.9,
BSE:GTIL,Gabion Technologies India Limi,Equity (SME),BSE,544675,INE1H1501013,MT,Capital Goods,Building Products & Equipment,Micro,175.0,,129.7,21.6,3.09,149.9,43.52,13.5,0.0,,20.5,209.5,,,,,,,79975.0,73.2,
BSE:YAJUR,YAJUR FIBRES LIMITED,Equity (SME),BSE,544676,INE0CNJ01010,MT,Unclassified,,,,,36.0,,,,,,,,,,,,,,,,,0.9,
BSE:NARMADESH,Narmadesh Brass Industries Lim,Equity (SME),BSE,544680,INE0S1B01014,M,Unclassified,,,,,300.6,,,,,,,,,,,,,,,,,0.7,
BSE:INDOSMC,INDO SMC Limited,Equity (SME),BSE,544681,INE0WKY01013,M,Capital Goods,Electrical Equipment & Parts,Micro,1163.0,,505.2,28.1,7.55,533.8,134.0,5.4,0.0,,33.9,30.5,,,,,,,59125.0,299.4,
BSE:GRERENEW,GRE Renew Enertech Limited,Equity (SME),BSE,544682,INE0U8P01015,M,Information Technology,Solar,Micro,333.0,,233.0,19.3,3.13,245.0,77.5,4.9,0.0,,24.5,2.3,,,,,,,35009.0,145.5,
BSE:ARITAS,Aritas Vinyl Limited,Equity (SME),BSE,544683,INE1D8001016,M,Unclassified,,,,,13.45,,,,,,,,,,,,,,,,,2.8,
BSE:DIGILOGIC,DIGILOGIC SYSTEMS LIMITED,Equity (SME),BSE,544684,INE1OOT01028,MT,Capital Goods,Aerospace & Defense,Micro,589.0,,203.45,45.6,5.45,214.8,72.95,5.3,0.0,,14.8,,,,,,,,73687.0,205.7,
BSE:SHAYONAENG,SHAYONA ENGINEERING LIMITED,Equity (SME),BSE,544686,INE0UCL01011,M,Unclassified,,,,,133.35,,,,,,,,,,,,,,,,,6.8,
BSE:HANNAH,Hannah Joseph Hospital Limited,Equity (SME),BSE,544687,INE0JVH01012,M,Healthcare,Medical Care Facilities,Micro,28.0,,101.8,16.3,2.4,128.8,55.99,21.0,2.0,1.96,15.0,27.6,,,,,,,18218.0,49.2,
BSE:KASTURI,KASTURI METAL COMPOSITE LIMITE,Equity (SME),BSE,544688,INE0T1301023,M,Materials,Steel,Micro,69.0,,66.0,13.6,1.85,73.8,44.2,10.6,0.0,,15.9,41.3,,,,,,,17460.0,17.3,
BSE:KANISHK,KANISHK ALUMINIUM INDIA LIMITE,Equity (SME),BSE,544693,INE163401016,M,Unclassified,,,,,25.89,,,,,,,,,,,,,,,,,0.8,
BSE:MSAFE,Msafe Equipments Limited,Equity (SME),BSE,544695,INE2B5L01011,MT,Materials,Aluminum,Micro,540.0,,264.8,21.9,4.68,328.8,102.0,19.5,0.0,,,39.4,,,,,,,42206.0,277.7,
BSE:PANHR,PAN HR SOLUTION LIMITED,Equity (SME),BSE,544698,INE1N9E01015,M,Unclassified,,,,,43.55,,,,,,,,,,,,,,,,,0.7,
BSE:HEALTHCARE,Mirae Asset Mutual Fund,Equity,BSE,544701,INF769K01QA6,B,Unclassified,,,,,21.08,,,21.16,20.81,0.4,,,,,,,,,,,,10.3,
BSE:INFRA,Mirae Asset Mutual Fund,Equity,BSE,544704,INF769K01QB4,B,Unclassified,,,,,11.38,,,,,,,,,,,,,,,,,0.5,
BSE:DEFENCE,Mirae Asset Mutual Fund,Equity,BSE,544705,INF769K01QC2,B,Unclassified,,,,,76.27,,,,,,,,,,,,,,,,,5.4,
BSE:FIL,Fractal Industries Limited,Equity (SME),BSE,544707,INE1W3Q01011,M,Consumer Discretionary,Apparel Manufacturing,Micro,168.0,,213.5,9.5,2.28,230.0,178.0,7.2,0.0,,28.9,15.6,,,,,,,10600.0,242.4,
BSE:YASHHTEJ,Yashhtej Industries (India) Li,Equity (SME),BSE,544708,INE1O6P01016,M,Unclassified,,,,,52.7,,,,,,,,,,,,,,,,,5.1,
BSE:ACCORDTS,ACCORD TRANSFORMER & SWITCHGEA,Equity (SME),BSE,544710,INE132201018,M,Capital Goods,Electrical Equipment & Parts,Micro,170.0,,80.52,28.4,3.47,96.99,45.0,17.0,0.0,,12.8,18.1,,,,,,,113523.0,232.6,
BSE:KIAASA,KIAASA RETAIL LIMITED,Equity (SME),BSE,544711,INE1C3F01018,M,Unclassified,,,,,29.0,,,,,,,,,,,,,,,,,5.2,
BSE:GROWWHOSPI,Groww Mutual Fund,Equity,BSE,544721,INF666M01OD9,B,Unclassified,,,,,47.93,,,48.4,46.66,1.0,,,,,,,,,,,,46.9,
BSE:ELFIN,Elfin Agro India Limited,Equity (SME),BSE,544724,INE1FEW01013,M,Fast Moving Consumer Goods,Packaged Foods,Micro,167.0,,86.92,21.4,3.83,106.0,47.3,18.0,0.0,,20.1,10.0,,,,,,,12984.0,53.5,
BSE:NOVUS,Novus Loyalty Limited,Equity (SME),BSE,544735,INE1TFS01019,M,Information Technology,Software - Application,Micro,339.0,,218.75,28.9,5.51,237.75,126.95,8.0,0.0,,25.1,,,,,,,,81406.0,398.0,
BSE:VALUE,Mirae Asset Mutual Fund,Equity,BSE,544737,INF769K01QV2,B,Unclassified,,,,,15.14,,,,,,,,,,,,,,,,,0.8,
BSE:SPML,SPECIALITY MEDICINES LIMITED,Equity (SME),BSE,544738,INE0R0M01014,M,Healthcare,Drug Manufacturers - Specialty & Generic,Micro,137.0,,156.5,10.5,1.93,381.2,121.1,58.9,0.0,,25.6,13.2,,,,,,,7750.0,11.0,
BSE:TIPCO,Tipco Engineering India Limite,Equity (SME),BSE,544740,INE1U6D01014,MT,Unclassified,,,,,315.95,,,327.9,315.95,3.6,,,,,,,,,,,,579.8,
BSE:HIGHNESS,Highness Microelectronics Limi,Equity (SME),BSE,544741,INE1KI801019,MT,Information Technology,Electronic Components,Micro,130.0,,251.95,51.5,4.79,251.95,107.5,0.0,0.0,,24.8,29.2,,,,,,,17343.0,96.7,
BSE:SCDL,SAFETY CONTROLS & DEVICES LIMI,Equity (SME),BSE,544746,INE0UMH01018,M,Capital Goods,Engineering & Construction,Micro,140.0,,71.37,15.6,1.66,107.98,54.25,33.9,0.0,,29.0,69.8,,,,,,,58895.0,33.5,
BSE:EMIAC,EMIAC TECHNOLOGIES LIMITED,Equity (SME),BSE,544747,INE1OSW01015,M,Unclassified,,,,,88.9,,,,,,,,,,,,,,,,,6.3,
BSE:MTL,MEHUL TELECOM LIMITED,Equity (SME),BSE,544751,INE1K0V01011,M,Information Technology,Consumer Electronics,Micro,140.0,,133.05,23.1,3.75,139.9,76.0,4.9,0.0,,44.9,12.8,,,,,,,25657.0,87.7,
BSE:RECODE,RECODE STUDIOS LIMITED,Equity (SME),BSE,544755,INE2B6701015,MT,Fast Moving Consumer Goods,Household & Personal Products,Micro,479.0,,450.0,42.7,18.32,469.6,171.0,4.2,0.25,0.06,78.2,31.0,,,,,,,47606.0,101.9,
BSE:GLPL,GOLDLINE PHARMACEUTICAL LIMITE,Equity (SME),BSE,544759,INE1CLW01015,M,Healthcare,Drug Manufacturers - Specialty & Generic,Micro,30.0,,30.97,10.5,1.72,60.0,28.5,48.4,0.0,,33.6,64.3,,,,,,,51796.0,11.9,
BSE:ENEXT50,Edelweiss Mutual Fund,Equity,BSE,544761,INF754K01XF3,B,Unclassified,,,,,68.9,,,,,,,,,,,,,,,,,0.4,
BSE:VPAL,Vegorama Punjabi Angithi Limit,Equity (SME),BSE,544765,INE1L3801017,MT,Consumer Discretionary,Restaurants,Micro,395.0,,238.0,48.1,11.37,260.45,116.95,8.6,0.0,,59.1,17.0,,,,,,,40400.0,49.4,
BSE:MSCI360,360 ONE Mutual Fund,Equity,BSE,544766,INF579M01BP5,B,Unclassified,,,,,9.89,,,,,,,,,,,,,,,,,0.4,
BSE:AFLTD,Autofurnish Limited,Equity (SME),BSE,544767,INE18HI01019,MT,Consumer Discretionary,Auto Parts,Micro,139.0,,102.8,38.2,5.58,104.7,40.85,1.8,0.0,,22.0,69.7,,,,,,,28476.0,21.1,
BSE:MANIVENI,M.R.MANIVENI FOODS LIMITED,Equity (SME),BSE,544768,INE0YD301010,M,Unclassified,,,,,25.0,,,,,,,,,,,,,,,,,3.1,
BSE:HARIKANTA,HARIKANTA OVERSEAS LIMITED,Equity (SME),BSE,544769,INE1UYW01010,M,Unclassified,,,,,59.9,,,,,,,,,,,,,,,,,5.0,
BSE:YAASHVI,YAASHVI JEWELLERS LIMITED,Equity (SME),BSE,544770,INE1T6L01010,M,Consumer Discretionary,Luxury Goods,Micro,138.0,,77.38,7.6,2.21,104.8,63.0,26.2,0.0,,53.5,154.2,,,,,,,80875.0,32.5,
BSE:RFIL,Rajnandini Fashion India Limit,Equity (SME),BSE,544771,INE1GM501015,M,Unclassified,,,,,25.11,,,,,,,,,,,,,,,,,7.2,
BSE:AUREATE,AUREATE TRADDE LIMITED,Equity (SME),BSE,544772,INE1KVL01010,M,Materials,Specialty Chemicals,Micro,62.0,,49.55,11.9,2.4,70.0,26.29,29.2,0.0,,33.8,185.4,,,,,,,55746.0,38.0,
BSE:MRTX,Merritronix Limited,Equity (SME),BSE,544773,INE1RQS01010,M,Information Technology,Electronic Components,Micro,752.0,,432.15,46.7,10.35,506.0,283.1,14.6,0.0,,46.0,81.3,,,,,,,155063.0,1079.2,
BSE:SMR,SMR Jewels Limited,Equity (SME),BSE,544774,INE11XK01017,M,Unclassified,,,,,93.05,,,,,,,,,,,,,,,,,8.5,
BSE:VAHH,Vahh Chemicals Limited,Equity (SME),BSE,544778,INE0H3U01013,M,Unclassified,,,,,48.0,,,,,,,,,,,,,,,,,1.0,
BSE:UHMVL,UHM Vacation Limited,Equity (SME),BSE,544779,INE0YZ901011,M,Unclassified,,,,,35.11,,,,,,,,,,,,,,,,,2.0,
BSE:SELECTRIC,Schneider Electric President S,Equity,BSE,544786,INE155D01018,B,Information Technology,Computer Hardware,Micro,2498.0,,2052.25,,6.25,2578.15,1622.0,20.4,0.0,,,,,,,,,,12890.0,177.3,
BSE:SUSAN,Susan Electricals India Limite,Equity (SME),BSE,544793,INE2L0V01019,MT,Capital Goods,Electrical Equipment & Parts,Micro,628.0,,309.95,25.0,12.52,366.55,180.6,15.4,0.0,,,173.4,,,,,,,219531.0,403.2,
BSE:HORIZON,HORIZON RECLAIM (INDIA) LIMITE,Equity (SME),BSE,544794,INE1SEO01013,M,Materials,Specialty Chemicals,Micro,265.0,,136.0,25.2,7.8,164.6,103.0,17.4,0.0,,53.6,144.0,,,,,,,94228.0,47.7,
BSE:LIOTECH,LIOTECH INDUSTRIES LIMITED,Equity (SME),BSE,544796,INE0TKX01011,M,Capital Goods,Building Products & Equipment,Micro,47.0,,119.95,11.2,2.15,257.0,83.53,53.3,0.0,,46.5,33.8,,,,,,,15746.0,22.9,
BSE:LESL,LEAPFROG ENGINEERING SERVICES,Equity (SME),BSE,544797,INE0X6O01027,M,Unclassified,,,,,21.4,,,,,,,,,,,,,,,,,6.4,
BSE:ANUBHAV,ANUBHAV PLAST LIMITED,Equity (SME),BSE,544800,INE1O7201010,M,Unclassified,,,,,47.8,,,,,,,,,,,,,,,,,0.8,
BSE:RIYAASAT,Riyaasat Lifestyle Limited,Equity (SME),BSE,544804,INE0KYI01012,M,Consumer Discretionary,Apparel Manufacturing,Micro,109.0,,101.0,22.3,4.36,110.7,53.0,8.8,0.0,,33.1,,,,,,,,9168.0,25.8,
BSE:JIVIAL,Jivial Industries Limited,Equity (SME),BSE,544805,INE0V3T01017,M,Unclassified,,,,,77.74,,,,,,,,,,,,,,,,,0.9,
BSE:CRAZY,CRAZY SNACKS LIMITED,Equity (SME),BSE,544807,INE0RBX01014,M,Unclassified,,,,,54.0,,,,,,,,,,,,,,,,,1.6,
BSE:ADON,ADON AGRO COMMODITIES LIMITED,Equity (SME),BSE,544809,INE1SME01017,M,Fast Moving Consumer Goods,Packaged Foods,Micro,207.0,,89.81,8.9,3.92,113.2,75.25,20.7,0.0,,91.7,,,,,,,,228603.0,64.0,
BSE:SILL,Sampark India Logistics Limite,Equity (SME),BSE,544810,INE147701010,M,Capital Goods,Integrated Freight & Logistics,Micro,136.0,,110.5,15.5,2.1,120.99,74.0,8.7,0.0,,24.9,80.9,,,,,,,56800.0,76.3,
BSE:KRATIKAL,KRATIKAL TECH LIMITED,Equity (SME),BSE,544811,INE1L0M01019,M,Unclassified,,,,,173.0,,,,,,,,,,,,,,,,,5.1,
BSE:ATHARVA,Atharva Poly-Plast Limited,Equity (SME),BSE,544812,INE226801012,MT,Materials,Specialty Chemicals,Micro,213.0,,126.6,32.9,7.98,128.05,69.0,1.1,0.0,,39.6,,,,,,,,132096.0,86.6,
BSE:SEEMAX,Seemax Resources Limited,Equity (SME),BSE,544813,INE1EVO01017,M,Unclassified,,,,,62.31,,,,,,,,,,,,,,,,,2.5,
BSE:DEVSON,DEVSON CATALYST LIMITED,Equity (SME),BSE,544823,INE2KRP01017,MT,Materials,Specialty Chemicals,Micro,467.0,,337.5,37.4,10.53,363.35,186.35,7.1,0.0,,46.0,7.5,,,,,,,151309.0,161.4,
BSE:MILLWORKS,MILLWORKS TECHNOLOGIES LIMITED,Equity (SME),BSE,544826,INE1SRC01010,M,Capital Goods,Metal Fabrication,Micro,1991.0,,1135.5,53.8,17.46,1306.0,628.9,13.1,0.0,,68.2,,,,,,,,196976.0,1790.9,
BSE:BANK10BETF,Bajaj Finserv Mutual Fund,Equity,BSE,544827,INF0QA701CI0,B,Unclassified,,,,,19.97,,,20.16,19.85,0.9,,,,,,,,,,,,167.4,
BSE:MOMMIDCAP,Mirae Asset Mutual Fund,Equity,BSE,544830,INF769K01RC0,B,Unclassified,,,,,12.31,,,12.7,12.19,3.1,,,,,,,,,,,,38.9,
BSE:MEEIND,MEENAKSHI INDIA LIMITED,Equity,BSE,544831,INE208H01016,B,Consumer Discretionary,Textile Manufacturing,Micro,396.0,,363.85,37.8,,445.9,281.99,18.4,0.0,,,,,,,,,,9392.0,31.9,
BSE:SOTEFIN,Sotefin Bharat Limited,Equity (SME),BSE,544832,INE12Z301012,M,Capital Goods,Specialty Industrial Machinery,Micro,473.0,,258.95,27.2,4.15,314.0,197.1,17.5,0.0,,24.7,36.4,,,,,,,115668.0,100.2,
BSE:GULFLLOYDS,GULF LLOYDS (INDIA) LIMITED,Equity (SME),BSE,544834,INE1WDC01012,M,Unclassified,,,,,30.06,,,,,,,,,,,,,,,,,3.7,
BSE:MALA,Shree Balaji (Mala) Textiles L,Equity (SME),BSE,544835,INE1N3Y01016,M,Unclassified,,,,,49.99,,,,,,,,,,,,,,,,,1.0,
BSE:SSPRL,SILVERSTORM PARKS AND RESORTS,Equity (SME),BSE,544840,INE1EJ401023,M,Unclassified,,,,,129.0,,,,,,,,,,,,,,,,,2.6,
BSE:ADVANCETL,ADVANCE TECHNOFORGE LIMITED,Equity (SME),BSE,544843,INE13ZJ01010,M,Capital Goods,Metal Fabrication,Micro,66.0,,72.91,16.2,3.46,94.0,56.32,22.4,0.0,,34.8,174.5,,,,,,,58269.0,13.0,
BSE:PPEL,POOJAA PRECISION ENGG. LIMITED,Equity (SME),BSE,544844,INE288301026,M,Consumer Discretionary,Auto Parts,Micro,1562.0,,783.35,50.5,8.61,859.95,447.0,8.9,0.0,,30.9,30.9,,,,,,,231257.0,645.5,
BSE:ELMDIV,Edelweiss Mutual Fund,Equity,BSE,544846,INF754K01XI7,B,Unclassified,,,,,34.13,,,,,,,,,,,,,,,,,0.1,
BSE:HRHYGIENE,H. R. HYGIENE PRODUCTS LIMITED,Equity (SME),BSE,544848,INE17DP01015,M,Unclassified,,,,,63.0,,,,,,,,,,,,,,,,,6.2,
BSE:EBANK10,Edelweiss Mutual Fund,Equity,BSE,544849,INF754K01XH9,B,Unclassified,,,,,16.0,,,,,,,,,,,,,,,,,0.1,
BSE:ONEINDIG,Oneindig Technologies Limited,Equity (SME),BSE,544852,INE0UR501013,M,Power,Utilities - Renewable,Micro,142.0,,130.15,34.2,5.04,157.9,120.0,17.6,0.0,,34.3,,,,,,,,66390.0,72.4,
BSE:DHAVAL,Dhaval Packaging Limited,Equity (SME),BSE,544854,INE1HX301016,M,Consumer Discretionary,Packaging & Containers,Micro,163.0,,118.7,20.3,3.86,139.0,106.0,14.6,0.0,,31.6,78.5,,,,,,,120570.0,56.6,
BSE:PRIMAINNO,Prima Innovation Limited,Equity,BSE,544855,INE13LA01027,X,Unclassified,,,,,26.98,,,,,,,,,,,,,,,,,1.2,
BSE:KLASSROOM,FUSION KLASSROOM EDUTECH LIMIT,Equity (SME),BSE,544856,INE1LMA01010,M,Unclassified,,,,,165.0,,,,,,,,,,,,,,,,,9.5,
BSE:AEGEUS,AEGEUS TECHNOLOGIES LIMITED,Equity (SME),BSE,544858,INE0WR901013,M,Capital Goods,Specialty Industrial Machinery,Micro,105.0,,125.2,26.1,4.97,173.75,111.0,27.9,0.0,,30.0,54.0,,,,,,,154248.0,60.1,
BSE:GVELECTRIC,G V ELECTRICALS LTD,Equity (SME),BSE,544859,INE1ZGR01024,M,Power,Utilities - Regulated Electric,Micro,146.0,,129.2,14.0,3.18,165.9,122.0,22.1,0.0,,36.8,48.9,,,,,,,131194.0,127.1,
BSE:LAPL,LAPL AUTOMOTIVE LIMITED,Equity (SME),BSE,544863,INE0X9I01023,M,Consumer Discretionary,Auto Parts,Micro,127.0,,101.65,14.8,,139.0,98.0,26.9,0.0,,41.2,86.2,,,,,,,156377.0,22.1,
BSE:SHAMFOAM,Sham Foam Limited,Equity (SME),BSE,544869,INE0Z9N01013,M,Consumer Discretionary,"Furnishings, Fixtures & Appliances",Micro,94.0,,80.05,10.8,3.23,109.0,52.3,26.6,0.0,,51.5,18.9,,,,,,,122937.0,61.1,
BSE:QTFOODS,Q&T FOODS LIMITED,Equity (SME),BSE,544872,INE13G401012,M,Unclassified,,,,,34.0,,,,,,,,,,,,,,,,,9.4,
BSE:NIFTYJBLK,Jio BlackRock Mutual Fund,Equity,BSE,544873,INF22M001184,B,Unclassified,,,,,11.56,,,,,,,,,,,,,,,,,3.5,
BSE:LARGEMID50,Mirae Asset Mutual Fund,Equity,BSE,544874,INF769K01RK3,B,Unclassified,,,,,34.03,,,,,,,,,,,,,,,,,4.0,
BSE:ENS,ENS Enterprises Limited,Equity (SME),BSE,544876,INE23ER01017,M,Information Technology,Information Technology Services,Micro,138.0,,101.2,16.4,5.48,110.64,95.76,8.5,0.0,,59.0,21.5,,,,,,,134689.0,27.9,
BSE:TECHNOCRAT,Technocrats Plasma Systems Lim,Equity (SME),BSE,544877,INE19QK01022,MT,Capital Goods,Specialty Industrial Machinery,Micro,723.0,,409.0,48.3,13.64,455.0,218.5,10.1,0.0,,59.9,53.2,,,,,,,286206.0,204.1,
BSE:MOPSHOP,MOPSHOP DISTRIBUTION LIMITED,Equity (SME),BSE,544883,INE2F5H01015,M,Fast Moving Consumer Goods,Household & Personal Products,Micro,26.0,,36.39,7.5,1.71,137.0,36.39,73.4,0.0,,,,,,,,,,53115.0,44.2,
BSE:DHANWEL,Dhanwel Hybrid Seeds Limited,Equity (SME),BSE,544884,INE0VWO01011,M,Unclassified,,,,,45.5,,,,,,,,,,,,,,,,,9.3,
BSE:KWICK,KWICK FORENSIC SOLUTIONS LIMIT,Equity (SME),BSE,544895,INE1SFA01019,M,Information Technology,Scientific & Technical Instruments,Micro,388.0,,178.8,28.8,7.38,212.66,134.15,15.9,0.0,,39.0,,,,,,,,606080.0,1355.8,
BSE:PALUCK,Paluck Technologies Limited,Equity (SME),BSE,544897,INE0LHB01010,M,Consumer Discretionary,Auto Parts,Micro,93.0,,44.7,6.6,1.35,49.99,42.0,10.6,0.0,,36.2,,,,,,,,358894.0,32.2,
BSE:CSML,COMPLETE SPORTS AND MANAGEMENT,Equity (SME),BSE,544900,INE2K6801014,M,Consumer Discretionary,Leisure,Micro,417.0,,203.0,22.9,7.13,220.0,135.0,7.7,0.0,,54.0,21.0,,,,,,,266263.0,36.6,
BSE:PHYCHEM,Phychem Technologies Limited,Equity (SME),BSE,544902,INE24YP01017,M,Unclassified,,,,,48.0,,,,,,,,,,,,,,,,,1.9,
BSE:FLYHI,FLY-HI MARITIME TRAVELS LIMITE,Equity (SME),BSE,544904,INE2J7801015,M,,,,,,39.37,,,81.6,35.15,51.8,0.0,,61.3,90.0,,,,,,,111670.0,37.0,
BSE:FARMPEACE,Farm Peace Limited,Equity (SME),BSE,544905,INE0W2E01010,M,,,,,,41.38,,,117.7,41.38,64.8,0.0,,19.0,,,,,,,,488941.0,70.2,
BSE:FINANCE,Seksaria Finance Limited,Equity,BSE,544907,INE0IBX01013,XT,Unclassified,,,,,50.3,,,,,,,,,,,,,,,,,0.0,
BSE:APANA,Apana Logistics Limited,Equity (SME),BSE,544910,INE1ET101019,M,Unclassified,,,,,26.22,,,,,,,,,,,,,,,,,2.6,
BSE:INFRAX,INFRAX RENEWABLE LIMITED,Equity (SME),BSE,544919,INE1YC401018,M,Capital Goods,Specialty Industrial Machinery,Micro,163.0,,114.5,16.0,,136.1,99.0,15.9,0.0,,115.5,,,,,,,,420109.0,85.4,
BSE:AMTECH,Amtech Esters Limited,Equity (SME),BSE,544920,INE0RMA01019,M,Materials,Specialty Chemicals,Micro,105.0,,120.6,24.9,4.32,123.7,95.0,2.5,0.0,,24.2,33.9,,,,,,,302836.0,199.0,
BSE:OMG,OM GALAXY LIMITED,Equity (SME),BSE,544922,INE2D0Q01027,MT,Materials,Building Materials,Micro,303.0,,89.44,19.0,2.46,92.0,85.75,2.8,0.0,,22.2,45.4,,,,,,,314560.0,21.3,
BSE:RAKSAN,Raksan Transformers Limited,Equity (SME),BSE,544924,INE1S7M01017,MT,Capital Goods,Electrical Equipment & Parts,Micro,572.0,,273.2,17.0,5.82,286.65,260.0,4.7,0.0,,54.6,,,,,,,,460160.0,193.7,
BSE:SPEEDEX,MAHARAJA & SPEEDEX INDIA LIMIT,Equity (SME),BSE,544925,INE0SVD01012,MT,Consumer Discretionary,"Furnishings, Fixtures & Appliances",Micro,425.0,,257.6,28.7,,274.0,236.95,6.0,0.0,,72.4,,,,,,,,470760.0,272.0,
BSE:CENTURYOOH,Century Business Media Limited,Equity (SME),BSE,544928,INE16VF01010,MT,Media Entertainment & Telecom,Advertising Agencies,Micro,61.0,,69.7,10.9,3.59,77.0,66.74,9.5,0.0,,36.4,,,,,,,,166044.0,32.4,
BSE:INJECTO,INJECTO POLYMERS LIMITED,Equity (SME),BSE,544930,INE1JJF01019,MT,Materials,Chemicals,Micro,204.0,,97.25,12.7,,100.25,88.35,3.0,0.0,,28.9,,,,,,,,207466.0,39.0,
BSE:QAL,Quanto Agroworld Limited,Equity (SME),BSE,544932,INE0OAB01019,MT,Fast Moving Consumer Goods,Farm Products,,,,64.9,17.5,2.46,66.99,57.45,3.1,0.0,,28.1,16.1,,,,,,,216000.0,67.3,
BSE:SHAKTIPOLY,SHAKTI POLYTARP LIMITED,Equity (SME),BSE,544933,INE05UY01016,MT,Materials,Specialty Chemicals,Micro,91.0,,53.3,9.1,2.4,61.4,53.3,13.2,0.0,,44.0,,,,,,,,381250.0,17.2,
BSE:NSE,National Stock Exchange of Ind,Equity,BSE,544937,INE721I01024,A,Financial Services,Financial Data & Stock Exchanges,Large,430972.0,,1741.3,41.2,,1878.0,1735.1,7.3,25.0,,23.0,1.0,,,,,,,12505916.0,55670.7,
BSE:VIVEKANAND,VIVEKANAND COTSPIN LIMITED,Equity (SME),BSE,544939,INE1JJP01018,MT,,,,,,43.15,,,43.15,37.0,0.0,,,16.0,325.5,,,,,,,553000.0,60.7,
BSE:ROBOKIDZ,ROBOKIDZ EDUVENTURES LIMITED,Equity (SME),BSE,544940,INE1W8R01018,MT,,,,,,221.1,,,228.8,106.0,3.4,,,55.9,,,,,,,,363200.0,593.7,
BSE:FXML,FX Multitech Limited,Equity (SME),BSE,544941,INE1D0M01019,MT,,,,,,120.6,,,129.2,116.0,6.7,,,35.5,81.9,,,,,,,554800.0,199.4,
BSE:HNIL,HIMALAYA NUTRAVEDICS INDIA LIM,Equity (SME),BSE,544943,INE1OTR01013,MT,,,,,,122.6,,,123.9,106.0,1.0,,,63.9,31.3,,,,,,,280800.0,256.7,
BSE:ANAND,Anand Seamless Limited,Equity (SME),BSE,544944,INE0XDX01018,MT,,,,,,72.0,,,75.0,72.0,4.0,,,32.1,143.5,,,,,,,353066.0,58.8,
BSE:LIQVD,LIQVD DIGITAL INDIA LIMITED,Equity (SME),BSE,544946,INE0CJT01025,MT,Unclassified,,,,,48.5,,,,,,,,,,,,,,,,,1.9,
BSE:SKOFFSET,S.K. OFFSET LIMITED,Equity (SME),BSE,544947,INE2MKZ01017,MT,,,,,,120.05,,,129.0,120.05,6.9,,,26.2,,,,,,,,340000.0,22.3,
BSE:UNITEC,UNITEC FIBRES LIMITED,Equity (SME),BSE,544948,INE0WOK01014,MT,,,,,,95.13,,,95.13,86.03,0.0,,,12.4,118.8,,,,,,,486933.0,292.1,
BSE:ROOPA,Roopa Screen Limited,Equity (SME),BSE,544954,INE2BTZ01011,MT,Unclassified,,,,,115.52,,,127.68,115.52,9.5,,,,,,,,,,,,2067.7,
BSE:PESHWA,Peshwa Wheat Limited,Equity (SME),BSE,544955,INE0SR101016,MT,,,,,,95.05,,,101.0,95.05,5.9,,,56.3,58.4,,,,,,,150000.0,449.9,
BSE:SENSEXIETF,ICICI Prudential BSE Sensex ET,Equity,BSE,555555,INF346A01034,B,Unclassified,,,,,828.84,,,836.81,821.41,1.0,,,,,,,,,,,,19.5,
BSE:JUNIORBEES,NIPPON INDIA ETF JUNIOR BEES,Equity,BSE,590104,INF732E01045,B,Unclassified,,,,,748.34,,,756.57,190.0,1.1,,,,,,,,,,,68184.0,214.1,
BSE:SHARIABEES,NIPPON INDIA ETF SHARIAH BEES,Equity,BSE,590109,INF732E01128,B,Unclassified,,,,,425.63,,,427.19,186.9,0.4,,,,,,,,,,,99.0,14.8,
BSE:QNIFTY,Quantum Nifty 50 ETF,Equity,BSE,590110,INF082J01499,B,Unclassified,,,,,247.77,,,,,,,,,,,,,,,,,4.5,
BSE:MOM50,MOTILAL OSWAL MUTUAL FUND,Equity,BSE,590115,INF247L01536,B,Unclassified,,,,,234.25,,,,,,,,,,,,,,,,,1.0,
BSE:MOSMALL250,Motilal Oswal Mutual Fund-Perm,Equity,BSE,590148,INF247L01CH6,B,Unclassified,,,,,17.71,,,17.94,17.38,1.3,,,,,,,,,,,,44.3,
BSE:MOCAPITAL,Motilal Oswal Mutual Fund-Perm,Equity,BSE,590149,INF247L01EV3,B,Unclassified,,,,,50.73,,,,,,,,,,,,,,,,,9.6,
BSE:MOREALTY,Motilal Oswal Mutual Fund-Perm,Equity,BSE,590150,INF247L01CI4,B,Unclassified,,,,,84.45,,,84.93,82.69,0.6,,,,,,,,,,,,33.9,
BSE:MOMENTUM50,Motilal Oswal Mutual Fund-Perm,Equity,BSE,590151,INF247L01DK8,B,Unclassified,,,,,52.3,,,52.78,51.4,0.9,,,,,,,,,,,,57.1,
BSE:MODEFENCE,Motilal Oswal Mutual Fund-Perm,Equity,BSE,590152,INF247L01DJ0,B,Unclassified,,,,,100.79,,,102.89,98.89,2.0,,,,,,,,,,,,173.6,
BSE:MONIFTY500,Motilal Oswal Mutual Fund-Perm,Equity,BSE,590153,INF247L01BU1,B,Unclassified,,,,,22.52,,,22.78,22.2,1.1,,,,,,,,,,,,93.1,
BSE:GROWWDEFNC,GROWW MUTUAL FUND  PERMITTED,Equity,BSE,590157,INF666M01IO8,B,Unclassified,,,,,91.9,,,100.96,87.31,9.0,,,,,,,,,,,13890.0,10.0,
BSE:GROWWRAIL,GROWW MUTUAL FUND  PERMITTED,Equity,BSE,590158,INF666M01JJ6,B,Unclassified,,,,,26.14,,,32.18,25.82,18.8,,,,,,,,,,,27503.0,28.8,
BSE:NETF,Tata Mutual Fund - Permitted,Equity,BSE,590160,INF277K015R5,B,Unclassified,,,,,248.4,,,,,,,,,,,,,,,,,1.4,
BSE:APLABPP,Aplab Ltd.,Equity,BSE,890217,IN9273A01047,X,Unclassified,,,,,47.12,,,,,,,,,,,,,,,,,0.2,
BSE:SURAJINDPP,Suraj Industries Limited.,Equity,BSE,890226,IN9170U01035,X,Unclassified,,,,,24.6,,,,,,,,,,,,,,,,,0.0,
BSE:ATLPP,Allcargo Terminals Limited,Equity,BSE,890228,IN90NN701011,B,Unclassified,,,,,8.86,,,,,,,,,,,,,,,,,0.0,
BSE:ANIRITPP,ANIRIT VENTURES LIMITED,Equity,BSE,890231,IN9161F01019,X,Unclassified,,,,,17.1,,,,,,,,,,,,,,,,,0.1,
BSE:VERTEXPP,Vertex Securities Ltd.,Equity,BSE,890234,IN9316D01014,X,Unclassified,,,,,0.82,,,,,,,,,,,,,,,,,4.5,
BSE:GSAILPP,G.S. Auto International Ltd.,Equity,BSE,890238,IN9736H01014,XT,Unclassified,,,,,11.99,,,,,,,,,,,,,,,,,0.0,
BSE:ASCOTTPP,ALAN SCOTT ENTERPRISES LIMITED,Equity,BSE,890239,IN9273F01038,XT,Unclassified,,,,,245.0,,,,,,,,,,,,,,,,,0.3,
BSE:JAYKAYPP,Jaykay Enterprises Limited,Equity,BSE,890240,IN9903A01015,B,Unclassified,,,,,155.05,,,,,,,,,,,,,,,,,4.2,
NSE:NIFTYBEES,NIPINDETFNIFTYBEES,ETF,NSE,,INF204KB14I2,EQ,ETF · Equity,Nifty 50,Large,,,257.25,19.616566,,302.25,251.7,14.9,,,,,,-8.6,15.8,,12.6,-15.2,6083266.0,42689.67,
NSE:JUNIORBEES,NIP IND ETF JUNIOR BEES,ETF,NSE,,INF732E01045,EQ,ETF · Equity,Nippon India ETF Nifty Next 50 Junior BeES,,,,750.0,19.037825,,823.97,632.34,9.0,,,,,,2.2,53.0,,16.6,-25.9,359788.0,5667.14,
NSE:LIQUIDBEES,NIPINDETFLIQUIDBEES,ETF,NSE,,INF732E01037,EQ,ETF · Debt,Government Securities,,,,1000.01,,,1029.99,969.99,2.9,,,,,,-0.0,9.8,,1.1,-0.0,3467688.0,35315.81,
NSE:BANKBEES,NIPINDETFBANKBEES,ETF,NSE,,INF204KB15I9,EQ,ETF · Equity,Nifty Bank,Large,,,565.7,13.600093,,638.99,515.98,11.5,,,,,,-1.1,20.6,,15.7,-18.1,665205.0,4861.94,
NSE:GOLDBEES,NIPINDETFGOLDBEES,ETF,NSE,,INF204KB17I5,EQ,ETF · Commodity,Gold,,,,121.4,,,148.14,95.55,18.1,,,,,,24.4,143.4,,18.4,-24.4,23315062.0,20854.28,
NSE:GOLDBETA,UTIAMC -UTIGOLDBETA,ETF,NSE,,INF789F1AUX7,EQ,ETF · Commodity,Gold,,,,123.45,,,149.35,95.85,17.3,,,,,,28.7,144.5,,17.8,-23.4,586810.0,1068.45,
NSE:GOLD1,KotakMutualFund-Gold,ETF,NSE,,INF174KA1HJ8,EQ,ETF · Commodity,Gold,,,,122.6,,,158.0,96.1,22.4,,,,,,28.7,142.3,,18.5,-24.1,2243067.0,2529.21,
NSE:PSUBNKBEES,NIPINDETFPSUBANKBEES,ETF,NSE,,INF204KB16I7,EQ,ETF · Equity,Nifty PSU Bank,Large,,,89.3,7.2226152,,110.4,82.8,19.1,,,,,,6.2,59.0,,26.5,-30.1,2055671.0,1031.59,
NSE:PSUBANK,KotakMahindraMutualFun,ETF,NSE,,INF174KA1A86,EQ,ETF · Equity,Nifty PSU Bank,Large,,,79.99,7.2185903,,1010.0,78.79,92.1,,,,,,-89.4,-84.1,,48.8,-91.9,436227.0,208.32,
NSE:QGOLDHALF,Quantum Gold ETF,ETF,NSE,,INF082J01408,EQ,ETF · Commodity,Gold,,,,121.45,,,149.69,95.51,18.9,,,,,,24.5,145.1,,2199.6,-24.5,190405.0,377.12,
NSE:QNIFTY,QuantumNiftyETF,ETF,NSE,,INF082J01499,EQ,ETF · Equity,Nifty 50,Large,,,248.0,19.574503,,2911.9,243.2,91.5,,,,,,-90.9,-88.5,,42.8,-91.5,3567.0,26.85,
NSE:SHARIABEES,NIPINDETFSHARIAHBEES,ETF,NSE,,INF732E01128,EQ,ETF · Equity,Shariah,,,,426.0,20.599287,,534.61,417.0,20.3,,,,,,-13.0,-5.9,,14.3,-29.8,8607.0,69.11,
NSE:SETFGOLD,SBI-ETFGold,ETF,NSE,,INF200KA16D8,EQ,ETF · Commodity,Gold,,,,125.3,,,153.95,98.5,18.6,,,,,,24.4,144.6,,4459.7,-24.8,4644063.0,7665.26,
NSE:NIFTY1,KotakNiftyETF,ETF,NSE,,INF174K014P6,EQ,ETF · Equity,Nifty 50,Large,,,249.6,19.550095,,295.8,244.8,15.6,,,,,,-8.6,15.9,,12.7,-15.2,203534.0,1228.56,
NSE:HNGSNGBEES,NIPINDETFHANGSENGBEES,ETF,NSE,,INF204KB19I1,EQ,ETF · Global Indices,Hang Seng Index,,,,455.3,11.609533,,579.92,443.42,21.5,,,,,,-14.4,69.0,,26.5,-23.9,93528.0,432.5,
NSE:IVZINGOLD,InvescoIndiaGoldETF,ETF,NSE,,INF205KA1BP1,EQ,ETF · Commodity,Gold,,,,128.2,,,15599.8,119.6,99.2,,,,,,-98.8,-97.5,,50.0,-99.2,57215.0,105.17,
NSE:MOM50,MotilalOswalM50ETF,ETF,NSE,,INF247L01536,EQ,ETF · Equity,Nifty 50,Large,,,254.9,,,279.33,221.55,8.7,,,,,,-9.4,19.8,,14.5,-15.4,13144.0,47.41,
NSE:HDFCGOLD,HDFCGoldETF,ETF,NSE,,INF179KC1981,EQ,ETF · Commodity,Gold,,,,125.55,,,152.3,95.68,17.6,,,,,,28.5,141.5,,21.2,-24.8,3557335.0,4288.22,
NSE:GOLDIETF,ICICIPrudGoldETF,ETF,NSE,,INF109KC1NT3,EQ,ETF · Commodity,Gold,,,,125.89,,,158.0,95.53,20.3,,,,,,28.6,,,22.9,-26.0,5799404.0,7333.85,
NSE:INFRABEES,NIPINDETFINFRABEES,ETF,NSE,,INF732E01268,EQ,ETF · Equity,Nifty Infra,,,,905.35,22.149628,,1018.3,871.35,11.1,,,,,,-4.2,37.3,,16.2,-20.6,8685.0,117.61,
NSE:GOLDAXIS,AXISAMC-GOLDAXIS,ETF,NSE,,INF846K01W80,EQ,ETF · Commodity,Gold,,,,122.15,,,150.0,96.0,18.6,,,,,,23.2,144.5,,20.1,-26.0,2116530.0,1359.76,
NSE:MOM100,MotilalOsMidcap100ETF,ETF,NSE,,INF247L01023,EQ,ETF · Equity,Nifty Midcap 100,Mid,,,63.89,26.634392,,70.32,56.15,9.1,,,,,,3.7,47.4,,17.6,-20.9,332652.0,526.51,
NSE:MON100,MotilalOsNASDAQ100ETF,ETF,NSE,,INF247L01AP3,EQ,ETF · Global Indices,Nasdaq100,,,,322.0,28.341976,,354.9,213.01,9.3,,,,,,40.0,157.9,,22.5,-26.0,557600.0,2875.31,
NSE:BSLGOLDETF,ABSLGoldETF-GO,ETF,NSE,,INF209KB18D3,EQ,ETF · Commodity,Gold,,,,129.36,,,155.99,100.87,17.1,,,,,,29.2,144.3,,48.6,-23.4,670388.0,673.04,
NSE:IVZINNIFTY,InvescoMF-NiftyETF,ETF,NSE,,INF205KA1CC7,EQ,ETF · Equity,Nifty 50,Large,,,258.5,19.646023,,3150.0,255.15,91.8,,,,,,-90.8,-88.4,,44.3,-91.4,1284.0,3.54,
NSE:BSLNIFTY,ABSLNiftyETF-GO,ETF,NSE,,INF209KB19D1,EQ,ETF · Equity,Nifty 50,Large,,,26.46,19.569767,,33.0,25.7,19.8,,,,,,-8.3,16.0,,407.7,-15.4,1117739.0,957.7,
NSE:LICMFGOLD,LICMF LICGoldETF,ETF,NSE,,INF767K01SM1,EQ,ETF · Commodity,Gold,,,,132.2,,,16200.0,117.85,99.2,,,,,,-98.7,-97.6,,49.3,-99.2,114207.0,325.37,
NSE:NIFTYIETF,ICICIPruNiftyETF,ETF,NSE,,INF109K012R6,EQ,ETF · Equity,Nifty 50,Large,,,256.0,19.621534,,304.14,250.4,15.8,,,,,,,,,,,673188.0,4305.83,
NSE:NIF100BEES,NIPINDETFNIFTY100,ETF,NSE,,INF204K014N5,EQ,ETF · Equity,Nifty 100 TRI,Large,,,262.0,20.3195,,288.39,240.0,9.2,,,,,,,,,,,49489.0,346.21,
NSE:NIF100IETF,ICICIPruNifty100ETF,ETF,NSE,,INF109KC16V9,EQ,ETF · Equity,Nifty 100,Large,,,26.58,19.623142,,30.88,23.0,13.9,,,,,,-7.2,-88.0,,43.5,-90.0,99071.0,65.23,
NSE:CPSEETF,CPSEETF,ETF,NSE,,INF457M01133,EQ,ETF · Equity,CPSE ETF,,,,90.1,11.630167,,112.0,86.7,19.6,,,,,,-3.2,72.2,,20.0,-27.9,884360.0,724.07,
NSE:CONSUMBEES,NIPINDETFCONSUMPTION,ETF,NSE,,INF204KA1LD7,EQ,ETF · Equity,Nifty India Consumption TRI,,,,123.22,,,144.38,114.0,14.7,,,,,,-11.4,32.8,,13.3,-21.9,95604.0,198.86,
NSE:DIVOPPBEES,NIPINDETFDIVOPP,ETF,NSE,,INF204KA1MS3,EQ,ETF · Equity,Nifty Dividend Opportunities 50 TRI,,,,72.69,,,87.09,71.03,16.5,,,,,,-7.7,28.3,,14.7,-20.2,48489.0,50.47,
NSE:SENSEXIETF,ICICIPruSensexETF,ETF,NSE,,INF346A01034,EQ,ETF · Equity,SENSEX,,,,830.98,,,999.84,731.0,16.9,,,,,,-11.1,,,12.7,-16.1,20852.0,240.5,
NSE:BANKNIFTY1,KOTAKMAMC-KOTAKBKETF,ETF,NSE,,INF174KA1ZB7,EQ,ETF · Equity,Nifty Bank,Large,,,56.5,13.41356,,652.87,51.71,91.3,,,,,,-90.1,-87.9,,43.8,-91.8,1262385.0,163.34,
NSE:LICNETFGSC,LICNAMC-LICNMFET,ETF,NSE,,INF767K01MV5,EQ,ETF · Debt,Nifty 8-13 Yr Gsec,,,,28.99,,,30.53,27.8,5.0,,,,,,2.2,20.8,,9.8,-2.9,37589.0,40.55,
NSE:SETFNIFBK,SBI-ETFNiftyBank,ETF,NSE,,INF200KA1580,EQ,ETF · Equity,Nifty Bank,Large,,,562.0,13.621607,,646.11,465.64,13.0,,,,,,-1.1,20.4,,15.8,-18.2,66042.0,213.02,
NSE:SETFNN50,SBI-ETFNiftyNext50,ETF,NSE,,INF200KA1598,EQ,ETF · Equity,Nifty Next 50,,,,741.0,19.065699,,840.0,636.01,11.8,,,,,,2.4,53.7,,16.6,-25.9,31784.0,420.48,
NSE:NV20BEES,NIPINDETFETFNV20,ETF,NSE,,INF204KB18I3,EQ,ETF · Equity,Nifty50 Value20 TRI,,,,136.5,14.646506,,160.0,129.62,14.7,,,,,,-10.6,38.1,,41.0,-37.3,34963.0,48.14,
NSE:SETFNIF50,SBI-ETFNifty50,ETF,NSE,,INF200KA1FS1,EQ,ETF · Equity,Nifty 50,Large,,,243.5,19.627384,,287.33,237.9,15.3,,,,,,-8.7,15.7,,12.7,-15.2,842504.0,4661.64,
NSE:NIFTYBETA,UTIAMC-NIFTYBETA,ETF,NSE,,INF789F1AZC0,EQ,ETF · Equity,Nifty 50,Large,,,251.99,,,296.0,244.9,14.9,,,,,,,,,13.2,-14.9,116848.0,382.16,
NSE:SENSEXBETA,UTIAMC-SENSEXBETA,ETF,NSE,,INF789FB1X58,EQ,ETF · Equity,SENSEX,,,,794.0,,,952.91,785.0,16.7,,,,,,,,,15.4,-15.9,6103.0,36.31,
NSE:LICNETFN50,LICNAMC-LICNFENGP,ETF,NSE,,INF767K01OS7,EQ,ETF · Equity,Nifty 50,Large,,,253.45,19.616095,,295.0,248.17,14.1,,,,,,-8.3,16.1,,15.7,-19.4,803.0,0.8,
NSE:LICNETFSEN,LICNAMC-LICNFESGP,ETF,NSE,,INF767K01OT5,EQ,ETF · Equity,SENSEX,,,,827.0,19.74302,,974.02,803.0,15.1,,,,,,-9.0,11.9,,19.8,-16.5,54.0,0.15,
NSE:NV20,KOTAKMAMC-KTKNV20ETF,ETF,NSE,,INF174KA1ZE1,EQ,ETF · Equity,Nifty50 Value 20,,,,11105.25,11926.271,,11177.45,12.62,0.6,,,,,,-91.0,-88.9,,43.0,-92.2,96393.0,14.17,
NSE:HDFCNIFTY,HDFCAMC-HDFCNIFTY,ETF,NSE,,INF179KC1965,EQ,ETF · Equity,Nifty 50,Large,,,254.23,,,301.88,247.56,15.8,,,,,,-9.2,19.8,,12.1,-15.3,293844.0,866.83,
NSE:HDFCSENSEX,HDFCAMC-HDFCSENSEX,ETF,NSE,,INF179KC1HX2,EQ,ETF · Equity,SENSEX,,,,82.0,,,98.48,78.44,16.7,,,,,,-11.0,13.3,,13.1,-16.0,55314.0,133.22,
NSE:LICNFNHGP,LICNAMC-LICNFNHGP,ETF,NSE,,INF767K01PC8,EQ,ETF · Equity,Nifty 100,Large,,,263.69,19.753014,,296.41,248.02,11.0,,,,,,-5.0,23.5,,18.1,-16.5,464.0,2.67,
NSE:SETF10GILT,SBIAMC-SETF10GILT,ETF,NSE,,INF200KA1JT1,EQ,ETF · Debt,Nifty 10 yr Benchmark G-Sec Index,,,,261.0,,,272.31,250.95,4.2,,,,,,1.2,19.5,,5.6,-3.0,4652.0,5.86,
NSE:NV20IETF,ICICIPruNV20ETF,ETF,NSE,,INF109KC11V0,EQ,ETF · Equity,Nifty50 Value 20,,,,12.88,,,16.0,12.5,19.5,,,,,,-11.9,13.4,,12.9,-21.5,508134.0,105.17,
NSE:MIDSELIETF,ICICIPruMidcapSelETF,ETF,NSE,,INF109KC10W0,EQ,ETF · Equity,S&P BSE Midcap Select Index,Mid,,,18.33,,,20.39,14.55,10.1,,,,,,5.2,54.3,,17.4,-22.2,273901.0,76.74,
NSE:LTGILTBEES,NIPINDETFLONGTERMGILT,ETF,NSE,,INF204KB1882,EQ,ETF · Debt,NIFTY 8-13 yr G-Sec Index,,,,29.5,,,30.61,28.29,3.6,,,,,,2.0,21.0,,4.7,-2.5,1436097.0,495.79,
NSE:IDFNIFTYET,BANDHANAMC-IDFNIFTYET,ETF,NSE,,INF194KA1U07,EQ,ETF · Equity,Nifty 50,Large,,,250.79,19.720072,,340.8,244.32,26.4,,,,,,-8.7,14.2,,19.5,-27.6,1490.0,13.92,
NSE:NIFTYAXIS,AXISAMC-NIFTYAXIS,ETF,NSE,,INF846K01W98,EQ,ETF · Equity,Nifty 50,Large,,,251.25,19.720554,,296.38,244.0,15.2,,,,,,-8.4,15.8,,12.7,-15.5,71186.0,709.07,
NSE:LOWVOLIETF,ICICIPruNiftyLowvol30,ETF,NSE,,INF109KC19U5,EQ,ETF · Equity,Nifty 100 Low Volatility 30 Index,Large,,,20.42,,,26.81,19.84,23.8,,,,,,-8.0,26.9,,11.8,-18.3,2282049.0,131.04,
NSE:NEXT50BETA,UTIAMC -NEXT50BETA,ETF,NSE,,INF789F1AUW9,EQ,ETF · Equity,Nifty Next 50,,,,74.99,,,82.51,64.34,9.1,,,,,,,,,18.6,-14.5,234403.0,94.22,
NSE:ICICIB22,ICICIPRAMC-BHARATIWIN,ETF,NSE,,INF109KB15Y7,EQ,ETF · Equity,S&P BSE BHARAT 22 index,,,,109.54,11.734948,,131.0,107.59,16.4,,,,,,-0.8,44.7,,16.7,-21.8,449349.0,360.5,
NSE:LIQUIDETF,DSPAMC-LIQUIDETF,ETF,NSE,,INF740KA1EU7,EQ,ETF · Debt,Nifty1D rate index,,,,1000.0,,,1025.0,995.0,2.4,,,,,,2.1,13.9,,1.4,-0.0,247965.0,1971.8,
NSE:BSE500IETF,ICICIPRAMC-ICICI500,ETF,NSE,,INF109KC1V59,EQ,ETF · Equity,S&P BSE 500 index,,,,37.01,,,42.05,34.5,12.0,,,,,,-5.1,,,13.8,-19.4,182208.0,225.38,
NSE:NEXT50IETF,ICICIPRAMC-ICICINXT50,ETF,NSE,,INF109KC1NS5,EQ,ETF · Equity,Nifty Next 50,,,,73.48,,,80.38,62.6,8.6,,,,,,0.9,,,17.1,-25.7,801349.0,975.22,
NSE:LIQUIDIETF,ICICIPRAMC-ICICILIQ,ETF,NSE,,INF109KC1KT9,EQ,ETF · Debt,S&P BSE Liquid Rate Index,,,,999.99,,,1041.19,955.0,4.0,,,,,,0.0,,,0.3,-0.3,505993.0,1876.32,
NSE:NIFTYETF,MIRAEAMC-MAN50ETF,ETF,NSE,,INF769K01EG9,EQ,ETF · Equity,Nifty 50,Large,,,244.52,19.54706,,289.05,239.81,15.4,,,,,,-8.7,20.6,,14.5,-15.4,314245.0,1078.26,
NSE:SBIETFQLTY,SBIAMC-SBIETFQLTY,ETF,NSE,,INF200KA1WX6,EQ,ETF · Equity,Nifty 200 Quality 30 Index,,,,210.0,25.794,,247.28,194.0,15.1,,,,,,-5.2,19.1,,13.8,-22.6,4755.0,5.5,
NSE:ABSLNN50ET,BIRLASLAMC-ABSLNN50ET,ETF,NSE,,INF209KB16D7,EQ,ETF · Equity,Nifty Next 50,,,,73.03,19.143015,,80.33,63.02,9.1,,,,,,2.6,54.0,,402.9,-26.1,20753.0,16.53,
NSE:NETF,TATAAML-NETF,ETF,NSE,,INF277K015R5,EQ,ETF · Equity,Tata Nifty 50 Exchange Traded Fund,Large,,,249.4,19.91208,,292.9,240.66,14.9,,,,,,-8.8,16.5,,16.1,-15.3,2509.0,6.62,
NSE:MID150BEES,NIPINDETFMIDCAP150,ETF,NSE,,INF204KB1V68,EQ,ETF · Equity,Nifty Midcap 150 TRI,Mid,,,224.9,25.820496,,247.15,190.43,9.0,,,,,,,,,,,765517.0,3500.04,
NSE:SNXT50BETA,UTIAMC-SNXT50BETA,ETF,NSE,,INF789F1AUU3,EQ,ETF · Equity,BSE Sensex Next 50,Large,,,89.7,,,99.0,77.11,9.4,,,,,,,,,17.7,-16.5,2440.0,0.81,
NSE:BANKIETF,ICICIPRAMC-IPRU5008,ETF,NSE,,INF109KC15I8,EQ,ETF · Equity,Nifty Bank,Large,,,57.05,13.83817,,63.9,51.17,10.7,,,,,,0.7,,,23.8,-17.8,641613.0,142.5,
NSE:PVTBANIETF,ICICIPRAMC-ICICIBANKP,ETF,NSE,,INF109KC18U7,EQ,ETF · Equity,Nifty Private Bank Index,Large,,,27.47,,,30.32,24.18,9.4,,,,,,0.6,17.4,,16.6,-17.2,3456550.0,1021.53,
NSE:NPBET,TATAAML-NPBET,ETF,NSE,,INF277K010X4,EQ,ETF · Equity,Nifty Private Bank Index,Large,,,277.6,17.770893,,307.0,246.26,9.6,,,,,,0.1,14.6,,18.7,-17.7,5734.0,6.46,
NSE:ABSLBANETF,BIRLASLAMC-ABSLBANETF,ETF,NSE,,INF209KB17D5,EQ,ETF · Equity,Nifty Bank,Large,,,56.0,13.615772,,64.94,50.97,13.8,,,,,,0.6,21.9,,43.8,-18.2,110813.0,7.32,
NSE:EBBETF0430,EDELAMC-EBBETF0430,ETF,NSE,,INF754K01KO2,EQ,ETF · Debt,Nifty BHARAT Bond,,,,1605.0,,,1646.18,1510.35,2.5,,,,,,4.2,23.0,,3.1,-2.1,13830.0,123.89,
NSE:MIDCAPIETF,ICICIPRAMC-ICICIM150,ETF,NSE,,INF109KC11W8,EQ,ETF · Equity,Nifty Midcap 150,Mid,,,22.6,,,24.88,19.89,9.2,,,,,,1.0,46.8,,16.5,-21.0,1101229.0,353.94,
NSE:NEXT50,MIRAEAMC-MANXT50,ETF,NSE,,INF769K01FN2,EQ,ETF · Equity,Nifty Next 50,,,,714.04,,,785.96,617.0,9.2,,,,,,1.0,57.2,,18.3,-26.5,36554.0,600.5,
NSE:ITBEES,NIPINDETFIT,ETF,NSE,,INF204KB15V2,EQ,ETF · Equity,Nifty IT TRI,,,,31.55,17.76747,,44.27,28.55,28.7,,,,,,-15.6,-9.6,,21.3,-42.1,14488715.0,2997.29,
NSE:EBBETF0431,EDELAMC-EBBETF0431,ETF,NSE,,INF754K01LE1,EQ,ETF · Debt,Nifty BHARAT Bond,,,,1431.6,,,1469.0,1372.83,2.5,,,,,,4.0,23.5,,3.1,-1.7,6865.0,256.78,
NSE:ALPL30IETF,ICICIPRAMC-ICICIALPLV,ETF,NSE,,INF109KC17V7,EQ,ETF · Equity,Nifty Alpha Low-Volatility 30 Index,,,,26.01,,,29.17,24.35,10.8,,,,,,-5.5,30.4,,13.3,-25.1,555728.0,130.61,
NSE:ITIETF,ICICIPRAMC-ICICITECH,ETF,NSE,,INF109KC16I6,EQ,ETF · Equity,Nifty IT Index,,,,31.1,,,44.3,28.54,29.8,,,,,,-18.6,,,22.2,-42.0,1088651.0,218.72,
NSE:HDFCNIFBAN,HDFCAMC-HDFCNIFBAN,ETF,NSE,,INF179KC1HY0,EQ,ETF · Equity,Nifty Bank,Large,,,56.39,13.65033,,65.54,51.2,14.0,,,,,,0.6,,,15.6,-18.2,240280.0,33.91,
NSE:BANKBETA,UTIAMC-BANKBETA,ETF,NSE,,INF789F1AUV1,EQ,ETF · Equity,Nifty Bank,Large,,,56.05,,,73.7,51.3,23.9,,,,,,,,,20.0,-17.8,375769.0,37.25,
NSE:SBIETFIT,SBIAMC-SBIETFIT,ETF,NSE,,INF200KA1S14,EQ,ETF · Equity,Nifty IT Index,,,,313.65,17.696793,,439.27,285.0,28.6,,,,,,-15.3,-9.5,,21.5,-41.9,16187.0,23.16,
NSE:SBIETFPB,SBIAMC-SBIETFPB,ETF,NSE,,INF200KA1S22,EQ,ETF · Equity,Nifty Private Bank Index,Large,,,279.98,17.93354,,304.58,244.18,8.1,,,,,,1.4,16.3,,16.3,-17.2,65065.0,7.82,
NSE:BNKETFAXIS,AXISAMC-BNKETFAXIS,ETF,NSE,,INF846K01X63,EQ,ETF · Equity,Nifty Bank,Large,,,580.0,13.861304,,647.82,512.51,10.5,,,,,,0.2,22.2,,16.4,-18.3,10140.0,30.16,
NSE:ESG,MIRAEAMC-MAESGETF,ETF,NSE,,INF769K01GS9,EQ,ETF · Equity,NIFTY100 ESG SECTOR LEADERS,,,,38.5,,,45.06,37.52,14.6,,,,,,-10.2,21.1,,13.6,-16.4,30069.0,5.3,
NSE:MOGSEC,MOTILALAMC-G5,ETF,NSE,,INF247L01AK4,EQ,ETF · Debt,Nifty 5 yr Benchmark G-Sec Index,,,,65.18,,,67.45,61.41,3.4,,,,,,4.7,,,8.5,-3.4,85274.0,897.35,
NSE:IT,KOTAKMAMC-KOTAKIT,ETF,NSE,,INF174KA1GC5,EQ,ETF · Equity,NIFTY IT Index,,,,31.06,17.672556,,44.49,28.54,30.2,,,,,,-15.5,-9.2,,21.2,-41.7,540130.0,122.1,
NSE:ITAXIS,AXISAMC-ITAXIS,ETF,NSE,,INF846K01Y96,EQ,ETF · Equity,NIFTY IT Index,,,,309.0,17.544498,,439.67,282.0,29.7,,,,,,-15.7,-10.1,,22.7,-42.2,50189.0,9.78,
NSE:GILT5YBEES,RELCAPAMC-NETFGILT5Y,ETF,NSE,,INF204KC1030,EQ,ETF · Debt,Nifty 5 yr Benchmark G-Sec Index,,,,65.78,,,69.0,61.45,4.7,,,,,,4.0,23.7,,3.1,-1.6,253023.0,228.33,
NSE:MAFANG,MIRAEAMC-MAFANG,ETF,NSE,,INF769K01HF4,EQ,ETF · Global Indices,NYSE FANG+ Total Return Index,,,,248.38,32.74408,,258.47,149.74,3.9,,,,,,46.7,286.3,,27.0,-30.3,442069.0,2162.49,
NSE:HEALTHAXIS,AXISAMC-HEALTHAXIS,ETF,NSE,,INF846K01Z12,EQ,ETF · Equity,Nifty Healthcare Index,,,,164.19,39.271305,,190.0,135.2,13.6,,,,,,12.6,65.7,,16.2,-15.3,7119.0,25.19,
NSE:HEALTHIETF,ICICIPRAMC-ICICIPHARM,ETF,NSE,,INF109KC1Q72,EQ,ETF · Equity,Nifty Healthcare Index,,,,165.0,,,175.45,138.65,6.0,,,,,,10.2,,,14.8,-15.4,114040.0,434.03,
NSE:PHARMABEES,NIPPONAMC-NETFPHARMA,ETF,NSE,,INF204KC1089,EQ,ETF · Equity,Nifty Pharma TRI,,,,27.29,,,28.58,21.69,4.5,,,,,,19.3,77.8,,14.9,-16.9,4693435.0,1796.32,
NSE:SBIETFCON,SBIAMC-SBIETFCON,ETF,NSE,,INF200KA1X17,EQ,ETF · Equity,Nifty India Consumption Index,,,,117.0,33.524345,,133.97,100.0,12.7,,,,,,-10.0,29.8,,14.1,-22.1,7118.0,5.12,
NSE:BFSI,MIRAEAMC-MAFSETF,ETF,NSE,,INF769K01HI8,EQ,ETF · Equity,Nifty Financial Services Index,,,,25.59,,,29.94,24.03,14.5,,,,,,-6.5,27.1,,16.1,-17.3,395144.0,107.73,
NSE:FMCGIETF,ICICIPRAMC-ICICIFMCG,ETF,NSE,,INF109KC19V3,EQ,ETF · Equity,Nifty FMCG Index,,,,47.16,,,61.19,46.62,22.9,,,,,,-20.4,-10.9,,13.4,-32.4,1492263.0,1926.24,
NSE:CONSUMAXIS,AXISAMC-CONSUMAXIS,ETF,NSE,,INF846K016C7,EQ,ETF · Equity,NIFTY India Consumption Index,,,,112.0,32.337605,,131.85,105.63,15.1,,,,,,-9.9,29.1,,18.2,-22.2,2921.0,5.55,
NSE:MASPTOP50,MIRAEAMC-MASPTOP50,ETF,NSE,,INF769K01HP3,EQ,ETF · Global Indices,S&P 500 Top 50 Total Return Index,,,,102.0,32.9458,,148.9,65.0,31.5,,,,,,48.7,206.0,,26.2,-29.9,680324.0,539.72,
NSE:BSLSENETFG,BIRLASLAMC-BSLSENETFG,ETF,NSE,,INF209KB10E8,EQ,ETF · Equity,BSE SENSEX Index,,,,72.96,19.528147,,87.82,70.32,16.9,,,,,,-9.4,,,14.3,-15.8,5175.0,2.68,
NSE:HEALTHY,BIRLASLAMC-HEALTHY,ETF,NSE,,INF209KB10C2,EQ,ETF · Equity,Nifty Healthcare TRI,,,,16.68,38.818943,,17.79,13.58,6.2,,,,,,12.0,66.9,,14.3,-15.5,469504.0,173.46,
NSE:CONSUMIETF,ICICIPRAMC-ICICICONSU,ETF,NSE,,INF109KC1V42,EQ,ETF · Equity,Nifty India Consumption Index,,,,117.79,33.604206,,141.27,94.65,16.6,,,,,,-9.2,,,14.0,-18.3,26947.0,38.15,
NSE:TECH,BIRLASLAMC-TECH,ETF,NSE,,INF209KB11D8,EQ,ETF · Equity,Nifty IT TRI Index,,,,30.97,17.866016,,49.41,28.0,37.3,,,,,,-14.0,,,23.6,-33.4,158764.0,3.82,
NSE:EQUAL50ADD,DSPAMC-DSPNEWETF,ETF,NSE,,INF740KA1QK2,EQ,ETF · Equity,NIFTY 50 Equal Weight Index,,,,322.88,21.737679,,361.0,304.78,10.6,,,,,,-2.3,,,14.3,-12.4,24106.0,133.82,
NSE:MAHKTECH,MIRAEAMC-MAHKTECH,ETF,NSE,,INF769K01HS7,EQ,ETF · Global Indices,Hang Seng TECH Total Return Index,,,,21.61,17.712185,,35.59,21.0,39.3,,,,,,-25.6,46.1,,35.3,-37.5,691903.0,134.46,
NSE:BBETF0432,EDELAMC-BBETF0432,ETF,NSE,,INF754K01OB1,EQ,ETF · Debt,Nifty BHARAT Bond Index - April 2032,,,,1333.47,,,1378.0,1291.01,3.2,,,,,,3.5,23.1,,3.3,-2.1,6985.0,13.4,
NSE:ALPHA,KOTAKMAMC-KOTAKALPHA,ETF,NSE,,INF174KA1IA5,EQ,ETF · Equity,NIFTY Alpha 50 Index,,,,51.26,20.505009,,55.59,42.0,7.8,,,,,,8.3,47.3,,20.3,-31.7,1040662.0,1420.09,
NSE:MONQ50,MOTILALAMC-MONQ50,ETF,NSE,,INF247L01AU3,EQ,ETF · Global Indices,Nasdaq Q-50 Total Return Index,,,,193.75,29.384104,,471.99,92.01,59.0,,,,,,109.2,262.2,,35.4,-52.5,539783.0,1434.22,
NSE:NIFTYADD,DSPAMC - DSPNIFTY,ETF,NSE,,INF740KA1CL0,EQ,ETF · Equity,Nifty 50 Index,Large,,,236.74,,,300.0,232.64,21.1,,,,,,-9.3,19.7,,18.1,-15.3,12731.0,55.5,
NSE:MIDQ50ADD,DSPAMC-DSPQ50ETF,ETF,NSE,,INF740KA1ZF3,EQ,ETF · Equity,Nifty Midcap 150 Quality 50 Index,Mid,,,24.2,29.858835,,256.7,23.07,90.6,,,,,,-90.4,,,73.9,-90.9,44010.0,13.98,
NSE:AUTOIETF,ICICIPRAMC-ICICIAUTO,ETF,NSE,,INF109KC10V2,EQ,ETF · Equity,Nifty Auto Index,,,,26.9,26.98719,,31.46,24.2,14.5,,,,,,-2.4,,,20.0,-17.7,752347.0,773.99,
NSE:AUTOBEES,NIPPONAMC-NETFAUTO,ETF,NSE,,INF204KC1337,EQ,ETF · Equity,Nifty Auto TRI,,,,265.0,26.659752,,310.45,242.5,14.6,,,,,,-4.3,62.3,,18.9,-28.3,232615.0,1846.49,
NSE:SILVERIETF,ICICIPRAMC-ICICISILVE,ETF,NSE,,INF109KC1Y56,EQ,ETF · Commodity,Domestic Price of Silver,,,,217.9,,,373.5,138.51,41.7,,,,,,51.1,,,47.3,-45.4,3048145.0,3819.87,
NSE:MAKEINDIA,MIRAEAMC-MAMFGETF,ETF,NSE,,INF769K01IB1,EQ,ETF · Equity,Nifty India Manufacturing Total Return Index,,,,154.87,,,173.11,140.12,10.5,,,,,,1.3,55.9,,16.0,-23.0,43961.0,67.96,
NSE:SILVER,BIRLASLAMC-SILVER,ETF,NSE,,INF209KB19F6,EQ,ETF · Commodity,Physical price of Silver,,,,218.05,,,371.89,136.33,41.4,,,,,,49.3,203.3,,34.1,-45.1,930544.0,1591.16,
NSE:MIDCAP,KOTAKMAMC-KOTAKMID50,ETF,NSE,,INF174KA1ZC5,EQ,ETF · Equity,Nifty Midcap 50 Index,Mid,,,17.1,30.199953,,175.8942,15.01,90.3,,,,,,-89.2,-85.3,,46.7,-91.3,433053.0,175.05,
NSE:SILVERBEES,NIPPONAMC-SILVERBEES,ETF,NSE,,INF204KC1402,EQ,ETF · Commodity,Domestic price of Silver- based on LBMA Silver daily spot fixing price,,,,208.79,,,360.0,132.99,42.0,,,,,,49.2,201.3,,34.2,-45.0,21733820.0,30495.51,
NSE:MOMOMENTUM,MOTILALAMC-MOMOMENTUM,ETF,NSE,,INF247L01BK2,EQ,ETF · Equity,Nifty 200 Momentum 30 Total Return Index,,,,60.19,23.661026,,66.28,54.32,9.2,,,,,,-2.2,,,18.1,-16.1,64692.0,43.66,
NSE:GSEC5IETF,ICICIPRAMC-ICICI5GSEC,ETF,NSE,,INF109KC14A8,EQ,ETF · Debt,Nifty 5 yr Benchmark G-Sec Index,,,,65.7,,,69.14,63.16,5.0,,,,,,4.0,,,6.5,-3.1,15247.0,12.2,
NSE:MIDCAPETF,MIRAEAMC-MAM150ETF,ETF,NSE,,INF769K01IC9,EQ,ETF · Equity,Mirae Asset Mutual Fund - Mirae Asset Nifty Midcap 150 ETF,Mid,,,22.18,,,24.57,19.6,9.7,,,,,,1.0,,,16.8,-20.8,2794188.0,1157.59,
NSE:LOWVOL1,KOTAKMAMC-KOTAKLOVOL,ETF,NSE,,INF174KA1IY5,EQ,ETF · Equity,Kotak Nifty 100 Low Vol 30 ETF,Large,,,20.6,25.342272,,22.9,18.77,10.0,,,,,,-5.7,26.4,,23.2,-18.3,662097.0,263.01,
NSE:MOLOWVOL,MOTILALAMC-MOLOWVOL,ETF,NSE,,INF247L01BL0,EQ,ETF · Equity,Nifty Midcap 100 TRI,Mid,,,33.9,25.238565,,43.07,33.28,21.3,,,,,,-8.9,17.3,,41.8,-18.2,175446.0,38.24,
NSE:TNIDETF,TATAAML-TNIDETF,ETF,NSE,,INF277KA1364,EQ,ETF · Equity,Nifty India Digital Index,,,,81.5,21.495026,,103.26,74.5,21.1,,,,,,-10.4,21.0,,17.8,-27.8,108312.0,104.1,
NSE:MOHEALTH,MOTILALAMC-MOHEALTH,ETF,NSE,,INF247L01BB1,EQ,ETF · Equity,Motilal Oswal S&P BSE Healthcare ETF,,,,50.99,39.377277,,53.89,40.79,5.4,,,,,,16.2,76.2,,18.4,-17.4,67947.0,51.07,
NSE:CONS,KOTAKMAMC-KOTAKCONS,ETF,NSE,,INF174KA1ZF8,EQ,ETF · Equity,Kotak Nifty India Consumption ETF,,,,11.5,33.047966,,131.21,10.2,91.2,,,,,,-90.9,-87.1,,47.9,-92.3,90646.0,10.01,
NSE:MOM30IETF,ICICIPRAMC-ICICIMOM30,ETF,NSE,,INF109KC17C7,EQ,ETF · Equity,ICICI Prudential Nifty 200 Momentum 30 ETF,,,,30.0,,,32.9,26.0,8.8,,,,,,-4.0,,,18.6,-31.8,1063722.0,299.96,
NSE:HDFCNEXT50,HDFCAMC-HDFCNEXT50,ETF,NSE,,INF179KC1HS2,EQ,ETF · Equity,HDFC NIFTY NEXT 50 ETF,,,,70.8,19.12745,,78.07,59.99,9.3,,,,,,2.8,-84.9,,48.8,-90.6,361503.0,161.8,
NSE:HDFCNIF100,HDFCAMC-HDFCNIF100,ETF,NSE,,INF179KC1HR4,EQ,ETF · Equity,HDFC NIFTY 100 ETF,,,,24.24,19.3171,,28.57,23.31,15.2,,,,,,-4.9,-87.7,,48.0,-90.6,63109.0,49.32,
NSE:MNC,KOTAKMAMC-KOTAKMNC,ETF,NSE,,INF174KA1JF2,EQ,ETF · Equity,Kotak Nifty MNC ETF,,,,31.13,35.30208,,35.65,27.83,12.7,,,,,,1.2,37.2,,16.5,-23.6,76567.0,42.8,
NSE:MOMENTUM,BIRLASLAMC-MOMENTUM,ETF,NSE,,INF209KB14K7,EQ,ETF · Equity,Aditya Birla Sun Life Nifty 200 Momentum 30 ETF,,,,30.41,23.82688,,33.0,27.05,7.8,,,,,,-1.7,27.3,,19.5,-30.8,83122.0,22.3,
NSE:NIFTYQLITY,BIRLASLAMC-NIFTYQLITY,ETF,NSE,,INF209KB15K4,EQ,ETF · Equity,Aditya Birla Sun Life Nifty 200 Quality 30 ETF,,,,19.85,25.486311,,23.03,18.95,13.8,,,,,,-6.8,18.2,,16.8,-22.4,51944.0,8.65,
NSE:INFRAIETF,ICICIPRAMC-ICICIINFRA,ETF,NSE,,INF109KC16E5,EQ,ETF · Equity,ICICI Prudential Nifty Infrastructure ETF,,,,90.38,,,101.0,86.8,10.5,,,,,,-5.2,,,15.3,-20.3,415435.0,132.18,
NSE:SILVERADD,DSPAMC-DSPSILVETF,ETF,NSE,,INF740KA1ZQ0,EQ,ETF · Commodity,DSP Silver ETF,,,,21.04,,,39.0,13.359,46.1,,,,,,60.9,196.9,,36.0,-45.4,3506475.0,248.03,
NSE:MOQUALITY,MOTILALAMC-MOQUALITY,ETF,NSE,,INF247L01BH8,EQ,ETF · Equity,Motilal Oswal S&P BSE Quality ETF,,,,191.0,26.901627,,225.6,176.15,15.3,,,,,,-1.8,33.3,,19.8,-24.8,18798.0,16.85,
NSE:MOVALUE,MOTILALAMC-MOVALUE,ETF,NSE,,INF247L01BE5,EQ,ETF · Equity,Motilal Oswal S&P BSE Enhanced Value ETF,,,,107.99,8.014795,,128.77,103.53,16.1,,,,,,4.9,66.5,,26.3,-21.7,73506.0,84.78,
NSE:HDFCSILVER,HDFCAMC-HDFCSILVER,ETF,NSE,,INF179KC1DI2,EQ,ETF · Commodity,HDFC Silver ETF,,,,208.72,,,359.0,132.72,41.9,,,,,,49.1,,,53.1,-46.0,3008650.0,4486.57,
NSE:SILVERAXIS,AXISAMC-SILVERAXIS,ETF,NSE,,INF846K011K1,EQ,ETF · Commodity,Axis Silver ETF,,,,217.22,,,390.01,137.56,44.3,,,,,,49.6,202.5,,35.7,-46.2,495214.0,584.89,
NSE:HDFCVALUE,HDFCAMC-HDFCVALUE,ETF,NSE,,INF179KC1DK8,EQ,ETF · Equity,HDFC NIFTY50 Value 20 ETF,,,,119.5,14.23961,,147.05,117.0,18.7,,,,,,-10.1,,,12.4,-16.2,7368.0,19.86,
NSE:HDFCGROWTH,HDFCAMC-HDFCGROWTH,ETF,NSE,,INF179KC1DJ0,EQ,ETF · Equity,HDFC NIFTY Growth Sectors 15 ETF,,,,111.98,25.272198,,133.3,107.86,16.0,,,,,,-8.9,,,14.0,-18.1,30356.0,15.55,
NSE:HDFCQUAL,HDFCAMC-HDFCQUAL,ETF,NSE,,INF179KC1DL6,EQ,ETF · Equity,HDFC NIFTY100 Quality 30 ETF,,,,54.95,25.03544,,61.87,51.91,11.2,,,,,,-4.7,,,13.3,-15.3,16433.0,5.71,
NSE:HDFCLOWVOL,HDFCAMC-HDFCLOWVOL,ETF,NSE,,INF179KC1HU8,EQ,ETF · Equity,HDFC NIFTY100 Low Volatility 30 ETF,,,,19.16,24.025587,,22.28,18.35,14.0,,,,,,-6.4,,,55.4,-91.1,14962.0,0.77,
NSE:HDFCMOMENT,HDFCAMC-HDFCMOMENT,ETF,NSE,,INF179KC1HV6,EQ,ETF · Equity,HDFC NIFTY200 Momentum 30 ETF,,,,31.4,24.734312,,33.23,27.13,5.5,,,,,,-0.3,,,56.3,-90.5,172645.0,148.39,
NSE:HDFCNIFIT,HDFCAMC-HDFCNIFIT,ETF,NSE,,INF179KC1IA8,EQ,ETF · Equity,HDFC NIFTY IT ETF,,,,30.21,17.892746,,42.3,27.32,28.6,,,,,,-15.5,-91.0,,51.2,-92.7,265100.0,72.88,
NSE:HDFCPVTBAN,HDFCAMC-HDFCPVTBAN,ETF,NSE,,INF179KC1HZ7,EQ,ETF · Equity,HDFC NIFTY Private Bank ETF,Large,,,27.0,17.536968,,30.17,24.31,10.5,,,,,,1.4,-88.4,,49.2,-91.0,340360.0,377.78,
NSE:FINIETF,ICICIPRAMC-ICICIFIN,ETF,NSE,,INF109KC17L8,EQ,ETF · Equity,ICICI Prudential Nifty Financial Services Ex-Bank ETF,Large,,,30.18,20.730175,,34.56,27.4,12.7,,,,,,2.3,,,20.6,-16.7,396160.0,143.45,
NSE:SILVER1,KOTAKMAMC-KOTAKSILVE,ETF,NSE,,INF174KA1ZD3,EQ,ETF · Commodity,Kotak Silver ETF,,,,21.19,,,388.0,17.77,94.5,,,,,,-77.8,-69.7,,65.8,-94.6,8232270.0,2210.36,
NSE:GSEC10IETF,ICICIPRAMC-ICICI10GS,ETF,NSE,,INF109KC18O0,EQ,ETF · Debt,ICICI Prudential Nifty 10 yr Benchmark G-Sec ETF,,,,258.19,,,269.59,252.23,4.2,,,,,,0.5,,,6.8,-3.4,4388.0,22.89,
NSE:EBBETF0433,EDELAMC-EBBETF0433,ETF,NSE,,INF754K01QX0,EQ,ETF · Debt,BHARAT Bond ETF-April 2033,,,,1302.0,,,1350.32,1243.25,3.6,,,,,,3.8,,,3.7,-2.7,5111.0,26.8,
NSE:COMMOIETF,ICICIPRAMC-ICICICOMMO,ETF,NSE,,INF109KC19O8,EQ,ETF · Equity,ICICI Prudential Nifty Commodities ETF,,,,96.0,,,110.56,90.5,13.2,,,,,,2.6,,,17.1,-22.3,67352.0,68.9,
NSE:BANKADD,DSPAMC-DSPBANK,ETF,NSE,,INF740KA1RX3,EQ,ETF · Equity,DSP Nifty Bank ETF,Large,,,55.1,,,62.9,51.01,12.4,,,,,,-0.9,24.5,,15.9,-18.3,42947.0,16.59,
NSE:LIQUID1,KOTAKMAMC-KOTAKLIQ,ETF,NSE,,INF174KA1LV5,EQ,ETF · Debt,Kotak Nifty 1D Rate Liquid ETF,,,,1125.41,,,1147.32,1067.98,1.9,,,,,,5.2,12.5,,0.3,-0.0,925240.0,19795.71,
NSE:HDFCSML250,HDFCAMC-HDFCSML250,ETF,NSE,,INF179KC1FB2,EQ,ETF · Equity,HDFC NIFTY Smallcap 250 ETF,Small,,,178.45,24.99925,,189.83,142.7,6.0,,,,,,5.6,42.6,,17.3,-25.9,1534955.0,3764.29,
NSE:HDFCMID150,HDFCAMC-HDFCMID150,ETF,NSE,,INF179KC1HT0,EQ,ETF · Equity,HDFC NIFTY Midcap 150 ETF,Mid,,,22.1,26.040562,,25.2,19.42,12.3,,,,,,3.4,,,16.0,-13.9,511990.0,255.68,
NSE:HDFCBSE500,HDFCAMC-HDFCBSE500,ETF,NSE,,INF179KC1EZ4,EQ,ETF · Equity,HDFC S&P BSE 500 ETF,,,,35.6,21.224371,,40.0,32.65,11.0,,,,,,-3.3,26.1,,21.8,-24.7,1322453.0,157.07,
NSE:GOLDETF,MIRAEAMC-MAGOLDETF,ETF,NSE,,INF769K01JP9,EQ,ETF · Commodity,Mirae Asset Gold ETF,,,,143.0,,,173.5,111.4,17.6,,,,,,29.4,141.3,,20.8,-23.8,1350322.0,1622.22,
NSE:ABSLLIQUID,BIRLASLAMC-ABSLLIQUID,ETF,NSE,,INF209KB18T9,EQ,ETF · Debt,Aditya Birla Sun Life CRISIL Overnight Fund AI ETF,,,,1000.0,,,1044.99,975.0,4.3,,,,,,3.2,12.3,,1.1,-0.0,5471.0,65.29,
NSE:PSUBNKIETF,ICICIPRAMC-PSUBANKICI,ETF,NSE,,INF109KC10S8,EQ,ETF · Equity,ICICI Prudential Nifty PSU Bank ETF,Large,,,81.95,,,104.0,75.59,21.2,,,,,,7.3,76.5,,24.8,-30.2,247721.0,69.83,
NSE:SENSEXAXIS,AXISAMC-SENSEXAXIS,ETF,NSE,,INF846K010Q0,EQ,ETF · Equity,AXIS S&P BSE SENSEX ETF,,,,74.58,,,91.35,73.43,18.4,,,,,,-9.4,13.9,,15.3,-17.3,6225.0,27.8,
NSE:LOWVOL,MIRAEAMC-MANV30F,ETF,NSE,,INF769K01JU9,EQ,ETF · Equity,Mirae Asset Nifty 100 Low Volatility 30 ETF,Large,,,191.71,24.008114,,219.1,183.58,12.5,,,,,,-6.4,24.9,,12.7,-18.1,4724.0,1.4,
NSE:GSEC10YEAR,MIRAEAMC-MAGS813ETF,ETF,NSE,,INF769K01KF8,EQ,ETF · Debt,Mirae Asset Nifty 8-13 yr G-Sec ETF,,,,29.9,,,31.33,28.39,4.6,,,,,,1.8,21.1,,12.6,-9.0,4810.0,0.11,
NSE:SILVERBETA,UTIAMC-SILVERBETA,ETF,NSE,,INF789F1AYK6,EQ,ETF · Commodity,UTI Silver Exchange Traded Fund (UTI Silver ETF),,,,211.06,,,379.66,134.16,44.4,,,,,,60.3,181.8,,38.8,-45.7,572218.0,931.51,
NSE:GOLDADD,DSPAMC - DSPGOLD,ETF,NSE,,INF740KA1ZP2,EQ,ETF · Commodity,DSP Gold ETF,,,,14.32,,,18.1,11.232,20.9,,,,,,28.5,142.0,,23.5,-25.5,7081397.0,614.81,
NSE:SILVERAG,MIRAEAMC-MASILVER,ETF,NSE,,INF769K01KG6,EQ,ETF · Commodity,Mirae Asset Silver ETF,,,,212.75,,,380.0,134.03,44.0,,,,,,60.9,185.3,,39.4,-45.3,259119.0,296.04,
NSE:ITADD,DSPAMC - DSPIT,ETF,NSE,,INF740KA1SX1,EQ,ETF · Equity,DSP Nifty IT ETF,,,,29.55,,,41.92,27.17,29.5,,,,,,-18.2,-5.0,,23.7,-41.8,108252.0,6.3,
NSE:BANKETF,MIRAEAMC-BANKETF,ETF,NSE,,INF769K01KR3,EQ,ETF · Equity,Mirae Asset Nifty Bank ETF,Large,,,556.12,13.549042,,628.27,507.01,11.5,,,,,,0.7,21.9,,15.7,-18.3,26747.0,377.95,
NSE:LIQUID,MIRAEAMC-LIQUID,ETF,NSE,,INF769K01KS1,EQ,ETF · Debt,Mirae Asset Nifty 1D Rate Liquid ETF,,,,999.99,,,1024.98,974.99,2.4,,,,,,4.0,16.6,,1.5,-0.0,325992.0,5243.97,
NSE:PVTBANKADD,DSPAMC-DSPPVBKETF,ETF,NSE,,INF740KA1TA7,EQ,ETF · Equity,DSP Nifty Private Bank ETF,Large,,,27.01,,,31.88,24.02,15.3,,,,,,0.2,16.1,,17.1,-17.0,1105879.0,5.32,
NSE:PSUBANKADD,DSPAMC-DSPPSBKETF,ETF,NSE,,INF740KA1SY9,EQ,ETF · Equity,DSP Nifty PSU Bank ETF,Large,,,81.4,,,99.88,75.27,18.5,,,,,,7.4,77.6,,27.7,-29.7,64211.0,25.96,
NSE:SENSEXADD,DSPAMC-DSPSENXETF,ETF,NSE,,INF740KA1SZ6,EQ,ETF · Equity,DSP S&P BSE Sensex ETF,Large,,,74.51,,,88.2,73.27,15.5,,,,,,-9.8,15.8,,16.3,-16.0,2963.0,4.43,
NSE:QUAL30IETF,ICICIPRAMC-ICICIQTY30,ETF,NSE,,INF109KC18V5,EQ,ETF · Equity,ICICI Prudential Nifty 200 Quality 30 ETF,,,,19.98,,,23.0,18.0,13.1,,,,,,-8.4,22.0,,14.3,-22.8,115296.0,38.73,
NSE:HDFCLIQUID,HDFCAMC-HDFCLIQUID,ETF,NSE,,INF179KC1JG3,EQ,ETF · Debt,HDFC Nifty 1D Rate Liquid ETF,,,,1080.63,,,1083.65,1009.91,0.3,,,,,,8.5,,,2.7,-0.0,34322.0,616.31,
NSE:MIDCAPBETA,UTIAMC-MIDCAPBETA,ETF,NSE,,INF789F1AYX9,EQ,ETF · Equity,UTI Nifty Midcap 150 Exchange Traded Fund (ETF),Mid,,,222.0,,,240.0,192.5,7.5,,,,,,,,,17.5,-13.9,3929.0,6.13,
NSE:SENSEXETF,MIRAEAMC-SENSEXETF,ETF,NSE,,INF769K01KT9,EQ,ETF · Equity,Mirae Asset S&P BSE Sensex ETF,Large,,,74.3,19.41847,,88.7,73.33,16.2,,,,,,-10.1,,,18.0,-17.8,29507.0,57.18,
NSE:MONIFTY500,MOTILALAMC-MONIFTY500,ETF,NSE,,INF247L01BU1,EQ,ETF · Equity,Motilal Oswal Nifty 500 ETF,Large,,,22.73,21.342281,,28.28,20.75,19.6,,,,,,-4.1,,,13.4,-18.6,664027.0,299.58,
NSE:ITETF,MIRAEAMC-ITETF,ETF,NSE,,INF769K01KV5,EQ,ETF · Equity,Mirae Asset Nifty IT ETF,,,,30.07,17.93494,,42.02,27.22,28.4,,,,,,-14.6,,,23.7,-33.9,447578.0,243.14,
NSE:ALPHAETF,MIRAEAMC-ALPHAETF,ETF,NSE,,INF769K01KU7,EQ,ETF · Equity,Mirae Asset Nifty 200 Alpha 30 ETF,,,,25.02,19.621445,,27.61,21.8,9.4,,,,,,3.4,,,18.8,-15.4,521998.0,250.22,
NSE:LIQUIDSBI,SBIAMC-LIQUIDSBI,ETF,NSE,,INF200KA13Z8,EQ,ETF · Debt,SBI NIFTY 1D Rate ETF,,,,1000.01,,,1010.02,970.23,1.0,,,,,,3.5,,,1.2,-0.0,7591.0,116.0,
NSE:EGOLD,EDELAMC-EGOLD,ETF,NSE,,INF754K01SE6,EQ,ETF · Commodity,Edelweiss Gold ETF,,,,146.85,,,184.95,112.1,20.6,,,,,,24.3,,,21.1,-24.0,157575.0,77.36,
NSE:ESILVER,EDELAMC-Esilver,ETF,NSE,,INF754K01SF3,EQ,ETF · Commodity,Edelweiss Silver ETF,,,,218.23,,,375.0,139.33,41.8,,,,,,49.5,,,39.2,-44.5,185203.0,1075.06,
NSE:BBNPPGOLD,BARODABNP-BBNPPGOLD,ETF,NSE,,INF251K01SU9,EQ,ETF · Commodity,Baroda BNP Paribas Gold ETF,,,,142.2,,,184.05,110.25,22.7,,,,,,28.9,,,30.3,-26.3,15729.0,14.56,
NSE:TATSILV,TATAAML-TATSILV,ETF,NSE,,INF277KA1984,EQ,ETF · Commodity,Tata Silver Exchange Traded Fund,,,,21.21,,,35.1,9.53,39.6,,,,,,122.5,,,53.9,-43.5,44177650.0,9946.42,
NSE:TATAGOLD,TATAAML-TATAGOLD,ETF,NSE,,INF277KA1976,EQ,ETF · Commodity,Tata Gold Exchange Traded Fund,,,,14.28,,,17.7,10.33,19.3,,,,,,24.9,,,22.4,-24.7,45674088.0,5748.05,
NSE:LIQUIDCASE,ZERODHAAMC-LIQUIDCASE,ETF,NSE,,INF0R8F01034,EQ,ETF · Debt,Zerodha Nifty 1D Rate Liquid ETF,,,,116.22,,,116.22,107.56,0.0,,,,,,5.0,,,0.3,-0.0,17692449.0,31818.44,
NSE:NIFTYBETF,BFAM-NIFTYBETF,ETF,NSE,,INF0QA701722,EQ,ETF · Equity,Bajaj Finserv Nifty 50 ETF,Large,,,230.89,19.450333,,279.99,227.01,17.5,,,,,,-8.3,,,13.2,-14.8,57986.0,18.61,
NSE:BANKBETF,BFAM-BANKBETF,ETF,NSE,,INF0QA701714,EQ,ETF · Equity,Bajaj Finserv Nifty Bank ETF,Large,,,56.0,13.697177,,63.9,50.71,12.4,,,,,,-1.1,,,18.4,-18.0,88065.0,8.71,
NSE:ITBETA,UTIAMC -ITBETA,ETF,NSE,,INF789F1AZD8,EQ,ETF · Equity,UTI Nifty IT ETF,,,,297.81,17.715998,,409.94,270.68,27.4,,,,,,-15.1,,,23.1,-41.9,8119.0,2.08,
NSE:GILT10BETA,UTIAMC-GILT10BETA,ETF,NSE,,INF789F1AZF3,EQ,ETF · Debt,UTI Nifty 10 yr Benchmark G-Sec ETF,,,,26.0,,,27.6,25.1,5.8,,,,,,0.3,,,21.0,-17.1,16919.0,0.04,
NSE:GILT5BETA,UTIAMC-GILT5BETA,ETF,NSE,,INF789F1AZE6,EQ,ETF · Debt,UTI Nifty 5 yr Benchmark G-Sec ETF,,,,66.51,,,69.0,62.7,3.6,,,,,,6.3,,,17.4,-17.7,9671.0,1.68,
NSE:HEALTHADD,DSPAMC-HEALTHADD,ETF,NSE,,INF740KA1ZG1,EQ,ETF · Equity,DSP Nifty Healthcare ETF,,,,16.3,39.143547,,165.86,15.7,90.2,,,,,,-88.6,,,73.5,-90.1,63559.0,8.78,
NSE:HDFCPSUBK,HDFCAMCHDFCPSUBK,ETF,NSE,,INF179KC1HW4,EQ,ETF · Equity,HDFC NIFTY PSU BANK ETF,,,,81.0,7.316033,,101.25,75.42,20.0,,,,,,10.1,,,24.2,-29.3,371818.0,17.25,
NSE:LICNMID100,LICNAMC-LICNMID100,ETF,NSE,,INF767K01RN1,EQ,ETF · Equity,LIC MF Nifty Midcap 100 ETF,Mid,,,58.8,26.675674,,66.4,52.3,11.4,,,,,,2.6,,,20.5,-21.4,14753.0,9.33,
NSE:SMALLCAP,MIRAEAMC-SMALLCAP,ETF,NSE,,INF769K01LC3,EQ,ETF · Equity,Mirae Asset Nifty Smallcap 250 Momentum Quality 100 ETF,Small,,,47.43,23.161646,,54.5,37.34,13.0,,,,,,6.3,,,19.8,-30.6,1938918.0,887.26,
NSE:GOLDCASE,ZERODHAAMC-GOLDCASE,ETF,NSE,,INF0R8F01042,EQ,ETF · Commodity,Zerodha Gold ETF,,,,23.13,,,27.94,17.9,17.2,,,,,,27.3,,,22.9,-24.3,10505015.0,2369.99,
NSE:MOREALTY,MOTILALAMC-MOREALTY,ETF,NSE,,INF247L01CI4,EQ,ETF · Equity,Motilal Oswal Nifty Realty ETF,,,,84.75,35.40243,,99.49,64.0,14.8,,,,,,-3.9,,,26.8,-43.6,923635.0,474.73,
NSE:MOSMALL250,MOTILALAMC-MOSMALL250,ETF,NSE,,INF247L01CH6,EQ,ETF · Equity,Motilal Oswal Nifty Smallcap 250 ETF,Small,,,17.79,25.00977,,19.38,14.22,8.2,,,,,,4.8,,,18.5,-26.1,1750909.0,432.39,
NSE:LIQUIDADD,DSPAMC-LIQUIDADD,ETF,NSE,,INF740KA1UM0,EQ,ETF · Debt,DSP S&P BSE Liquid Rate ETF,,,,1147.56,,,1175.19,1093.01,2.4,,,,,,5.0,,,0.2,-0.0,505836.0,7875.39,
NSE:ABSLPSE,BIRLASLAMC-ABSLPSE,ETF,NSE,,INF209KB19Z4,EQ,ETF · Equity,Aditya Birla Sun Life Nifty PSE ETF,,,,9.66,10.776493,,11.6,9.21,16.7,,,,,,-3.7,,,20.2,-29.7,156072.0,16.83,
NSE:MIDSMALL,MIRAEAMC-MIDSMALL,ETF,NSE,,INF769K01LJ8,EQ,ETF · Equity,Mirae Asset Nifty MidSmallcap400 Momentum Quality 100 ETF,Small,,,49.43,26.748177,,53.07,42.41,6.9,,,,,,4.7,,,18.8,-25.6,320849.0,298.18,
NSE:LIQUIDBETF,BFAM-LIQUIDBETF,ETF,NSE,,INF0QA701854,EQ,ETF · Debt,Bajaj Finserv Nifty 1D Rate Liquid ETF - Growth,,,,1101.47,,,1116.24,1009.94,1.3,,,,,,4.9,,,0.2,-0.0,288195.0,5307.18,
NSE:TOP100CASE,ZERODHAAMC-TOP100CASE,ETF,NSE,,INF0R8F01067,EQ,ETF · Equity,Zerodha Nifty 100 ETF,Large,,,9.96,19.532421,,11.57,9.48,13.9,,,,,,-6.9,,,13.0,-17.7,817333.0,161.68,
NSE:MID150CASE,ZERODHAAMC-MID150CASE,ETF,NSE,,INF0R8F01059,EQ,ETF · Equity,Zerodha Nifty Midcap 150 ETF,Mid,,,10.96,25.75982,,13.0,9.63,15.7,,,,,,3.0,,,16.0,-20.8,1246131.0,330.55,
NSE:BBNPNBETF,BARODABNP - BBNPNBETF,ETF,NSE,,INF251K01TL6,EQ,ETF · Equity,Baroda BNP Paribas NIFTY Bank ETF,Large,,,54.95,13.536416,,62.77,50.03,12.5,,,,,,0.7,,,22.6,-19.4,1236.0,0.32,
NSE:SBISILVER,SBIAMC - SBISILVER,ETF,NSE,,INF200KB1217,EQ,ETF · Commodity,SBI SILVER ETF,,,,217.0,,,362.0,136.05,40.1,,,,,,49.5,,,44.1,-45.2,1053374.0,1531.98,
NSE:LIQUIDSHRI,SHRIRAM - LIQUIDSHRI,ETF,NSE,,INF680P01422,EQ,ETF · Debt,SHRIRAM NIFTY 1D RATE LIQUID ETF,,,,1124.13,,,1124.13,1073.3016,0.0,,,,,,4.8,,,0.2,-0.0,9849.0,424.2,
NSE:ABGSEC,BIRLASLAMC - ABGSEC,ETF,NSE,,INF209KC1134,EQ,ETF · Debt,Aditya Birla Sun Life CRISIL Broad Based Gilt ETF,,,,113.58,,,118.0,109.5,3.7,,,,,,2.4,,,7.6,-3.1,858.0,,
NSE:EVINDIA,MIRAEAMC - EVINDIA,ETF,NSE,,INF769K01LQ3,EQ,ETF · Equity,Nifty EV and New Age Automotive Total Return Index,,,,30.05,25.438484,,35.04,26.2,14.2,,,,,,-3.2,,,17.8,-31.0,301066.0,115.15,
NSE:SBINEQWETF,SBIAMC - SBINEQWETF,ETF,NSE,,INF200KB1282,EQ,ETF · Equity,Nifty50 Equal Weight,,,,31.96,22.122156,,36.4,29.64,12.2,,,,,,-1.3,,,15.8,-12.3,61831.0,23.24,
NSE:OILIETF,ICICIPRAMC - OILIETF,ETF,NSE,,INF109KC18W3,EQ,ETF · Equity,Nifty Oil & Gas Index,,,,10.75,10.957348,,14.0,9.8,23.2,,,,,,-5.3,,,16.8,-29.2,2061332.0,134.07,
NSE:GROWWEV,GROWWAMC - GROWWEV,ETF,NSE,,INF666M01IH2,EQ,ETF · Equity,Nifty EV and New Age Automotive Index,,,,30.06,25.547092,,34.64,26.2,13.2,,,,,,-3.3,,,18.3,-31.3,358132.0,146.81,
NSE:GSEC10ABSL,BIRLASLAMC - GSEC10ABSL,ETF,NSE,,INF209KC1142,EQ,ETF · Debt,CRISIL 10 Year Gilt ETF,,,,111.79,,,119.99,108.01,6.8,,,,,,1.8,,,8.6,-4.0,466.0,0.0,
NSE:METALIETF,ICICIPRAMC - METALIETF,ETF,NSE,,INF109KC19W1,EQ,ETF · Equity,Nifty Metal Index,,,,12.62,16.679647,,14.17,10.0,10.9,,,,,,24.2,,,22.6,-23.2,8096130.0,1494.29,
NSE:MODEFENCE,MOTILALAMC - MODEFENCE,ETF,NSE,,INF247L01DJ0,EQ,ETF · Equity,Nifty India Defence Total Return Index,,,,101.34,45.819077,,112.0,77.8,9.5,,,,,,14.8,,,27.5,-27.8,1493293.0,1439.84,
NSE:MULTICAP,MIRAEAMC - MULTICAP,ETF,NSE,,INF769K01LX9,EQ,ETF · Equity,Nifty500 Multicap 50:25:25 Index,,,,15.79,21.956705,,17.5,14.2,9.8,,,,,,-1.7,,,15.3,-20.0,248141.0,42.71,
NSE:TOP10ADD,DSPAMC - TOP10ADD,ETF,NSE,,INF740KA1UR9,EQ,ETF · Equity,Nifty Top 10 Equal Weight Index,Large,,,82.0,17.843502,,103.04,81.53,20.4,,,,,,-12.8,,,12.9,-19.7,362249.0,1493.77,
NSE:EBANKNIFTY,EDELAMC - EBANKNIFTY,ETF,NSE,,INF754K01TE4,EQ,ETF · Equity,Edelweiss Nifty Bank ETF,Large,,,55.24,13.655918,,69.39,50.05,20.4,,,,,,-0.8,,,15.9,-18.5,2054.0,1.21,
NSE:GROWWLIQID,GROWWAMC - GROWWLIQID,ETF,NSE,,INF666M01IP5,EQ,ETF · Debt,Nifty 1D Rate Index,,,,111.02,,,112.71,105.55,1.5,,,,,,4.7,,,0.2,0.0,302202.0,357.4,
NSE:MOMENTUM50,MOTILALAMC - MOMENTUM50,ETF,NSE,,INF247L01DK8,EQ,ETF · Equity,Nifty 500 Momentum 50 Total Return Index,Large,,,52.45,26.601076,,55.97,44.96,6.3,,,,,,2.4,,,20.3,-31.6,610529.0,1608.86,
NSE:BANKPSU,MIRAEAMC - BANKPSU,ETF,NSE,,INF769K01LZ4,EQ,ETF · Equity,Nifty PSU Bank Total Return Index,Large,,,80.28,7.2417536,,99.52,75.22,19.3,,,,,,6.3,,,23.7,-21.2,33148.0,8.48,
NSE:METAL,MIRAEAMC - METAL,ETF,NSE,,INF769K01LY7,EQ,ETF · Equity,Nifty Metal Total Return Index,,,,12.6,16.615818,,14.18,8.7,11.1,,,,,,24.2,,,23.8,-20.8,2320788.0,516.38,
NSE:GROWWDEFNC,GROWWAMC - GROWWDEFNC,ETF,NSE,,INF666M01IO8,EQ,ETF · Equity,Nifty India Defence Index- Total Return Index,,,,92.59,45.86462,,102.07,71.78,9.3,,,,,,15.0,,,28.0,-26.9,247555.0,278.59,
NSE:VAL30IETF,ICICIPRAMC - VAL30IETF,ETF,NSE,,INF109KC16X5,EQ,ETF · Equity,Nifty200 Value 30 Index,,,,14.43,8.93044,,17.7,13.48,18.5,,,,,,6.2,,,17.9,-18.3,275341.0,68.28,
NSE:GROWWGOLD,GROWWAMC - GROWWGOLD,ETF,NSE,,INF666M01OE7,EQ,ETF · Commodity,Commodity,,,,14.34,,,179.96,12.71,92.0,,,,,,-87.6,,,70.1,-92.5,2210820.0,272.23,
NSE:EMULTIMQ,EDELAMC - EMULTIMQ,ETF,NSE,,INF754K01TF1,EQ,ETF · Equity,Nifty500 Multicap Momentum Quality 50 Total Return Index,,,,40.2,27.442389,,43.54,36.25,7.7,,,,,,-1.7,,,17.4,-26.6,33530.0,13.24,
NSE:LIQUIDPLUS,MIRAEAMC - LIQUIDPLUS,ETF,NSE,,INF769K01MY5,EQ,ETF · Debt,Nifty 1D Rate Index,,,,1105.96,,,1127.08,1053.3038,1.9,,,,,,5.0,,,0.2,-0.0,561649.0,4390.53,
NSE:CONSUMER,MIRAEAMC - CONSUMER,ETF,NSE,,INF769K01NS5,EQ,ETF · Equity,Nifty India New AgeConsumption,,,,11.09,31.858011,,12.74,9.69,13.0,,,,,,-7.8,,,18.4,-21.9,415645.0,34.56,
NSE:ECAPINSURE,EDELAMC - ECAPINSURE,ETF,NSE,,INF754K01TX4,EQ,ETF · Equity,BSE Capital Markets & Insurance Total Return Index,,,,22.55,33.15279,,25.88,20.5,12.9,,,,,,-0.4,,,20.4,-17.5,62106.0,20.4,
NSE:NEXT30ADD,DSPAMC - NEXT30ADD,ETF,NSE,,INF740KA1VE5,EQ,ETF · Equity,BSE SENSEX Next 30 Index,,,,40.17,22.931828,,46.7,36.98,14.0,,,,,,2.1,,,15.3,-11.2,16171.0,241.63,
NSE:GROWWRAIL,GROWWAMC - GROWWRAIL,ETF,NSE,,INF666M01JJ6,EQ,ETF · Equity,Nifty India Railways PSU Index,,,,26.34,19.628157,,36.75,25.8,28.3,,,,,,-25.1,,,23.2,-35.2,715680.0,241.87,
NSE:UNIONGOLD,UNIONAMC - UNIONGOLD,ETF,NSE,,INF582M01KS4,EQ,ETF · Commodity,Commodity Gold,,,,143.8,,,158.95,141.6,9.5,,,,,,,,,,,24051.0,2.01,
NSE:MSCIINDIA,KOTAKMAMC - MSCIINDIA,ETF,NSE,,INF174KA1VD2,EQ,ETF · Equity,MSCI India Index,,,,27.9,21.032347,,32.14,26.5,13.2,,,,,,-4.8,,,17.1,-13.7,57584.0,20.67,
NSE:GROWWN200,GROWWAMC - GROWWN200,ETF,NSE,,INF666M01JV1,EQ,ETF · Equity,Nifty 200 Index- Total Return Index,,,,10.69,20.691069,,12.0,9.91,10.9,,,,,,-4.3,,,15.0,-14.6,84796.0,5.01,
NSE:NIFTY100EW,KOTAKMAMC - NIFTY100EW,ETF,NSE,,INF174KA1UW4,EQ,ETF · Equity,Nifty 100 Equal Weight Index,Large,,,34.7,20.65235,,36.78,32.59,5.7,,,,,,,,,,,105848.0,39.12,
NSE:AONETOTAL,AONEAMC - AONETOTAL,ETF,NSE,,INF1J2R01015,EQ,ETF · Equity,Nifty Total Market Index,,,,11.38,21.441668,,12.51,9.6,9.0,,,,,,-3.4,,,13.6,-14.2,213938.0,37.92,
NSE:MOCAPITAL,MOTILALAMC - MOCAPITAL,ETF,NSE,,INF247L01EV3,EQ,ETF · Equity,Nifty Capital Market Total Return Index,,,,51.45,39.867237,,57.25,50.01,10.1,,,,,,,,,18.3,-10.7,1114065.0,583.7,
NSE:GOLD360,360ONEAMC - GOLD360,ETF,NSE,,INF579M01BB5,EQ,ETF · Commodity,Commodity-Gold,,,,143.5,,,158.2,137.15,9.3,,,,,,,,,,,27534.0,7.3,
NSE:SELECTIPO,MIRAEAMC - SELECTIPO,ETF,NSE,,INF769K01ON4,EQ,ETF · Equity,BSE Select IPO Index,,,,45.61,36.64911,,49.95,38.1193,8.7,,,,,,-4.9,,,17.9,-24.6,68480.0,118.69,
NSE:EQUAL200,MIRAEAMC - EQUAL200,ETF,NSE,,INF769K01OA1,EQ,ETF · Equity,BSE 200 Equal Weight,,,,12.98,22.01844,,14.6,11.8225,11.1,,,,,,0.7,,,15.1,-13.6,41182.0,5.82,
NSE:CASHIETF,ICICIPRAMC - CASHIETF,ETF,NSE,,INF109K1A021,EQ,ETF · Debt,BSE Liquid Rate Index,,,,1082.29,,,1083.33,1078.61,0.1,,,,,,,,,,,272392.0,1599.01,
NSE:VALUEAXIS,AXISAMC-VALUEAXIS,ETF,NSE,,INF846KA1119,EQ,ETF · Equity,Nifty500 Value 50 TRI,,,,31.23,9.77827,,34.05,30.5,8.3,,,,,,,,,,,82718.0,50.11,
NSE:SILVERCASE,ZERODHAAMC - SILVERCASE,ETF,NSE,,INF0R8F01091,EQ,ETF · Commodity,Commodity-Silver,,,,22.12,,,38.01,14.4518,41.8,,,,,,51.1,,,49.4,-46.1,8039855.0,821.46,
NSE:SBIBPB,SBIAMC - SBIBPB,ETF,NSE,,INF200KB1712,EQ,ETF · Equity,BSE PSU Bank Index TRI,Large,,,46.1,7.002702,,51.74,45.77,10.9,,,,,,,,,,,254683.0,15.41,
NSE:MID150,KOTAKMAMC - MID150,ETF,NSE,,INF174KA1VW2,EQ,ETF · Equity,Nifty Midcap 150 Index,Mid,,,22.21,25.983324,,24.43,21.7,9.1,,,,,,,,,,,101971.0,29.75,
NSE:AONELIQUID,AONEAMC - AONELIQUID,ETF,NSE,,INF1J2R01056,EQ,ETF · Debt,Nifty 1D Rate Index,,,,1079.59,,,1094.59,997.56,1.4,,,,,,5.0,,,0.2,0.0,20705.0,176.4,
NSE:SILVER360,360ONEAMC - SILVER360,ETF,NSE,,INF579M01BC3,EQ,ETF · Commodity,Commodity-Silver,,,,214.4,,,240.0,214.4,10.7,,,,,,,,,,,19396.0,22.36,
NSE:EVIETF,ICICIPRAMC - EVIETF,ETF,NSE,,INF109K1A153,EQ,ETF · Equity,Nifty EV & New Age Automotive ETF,,,,30.45,25.821136,,36.0,29.65,15.4,,,,,,,,,,,226891.0,52.23,
NSE:GROWWMOM50,GROWWAMC - GROWWMOM50,ETF,NSE,,INF666M01KJ4,EQ,ETF · Equity,Nifty 500 Momentum 50 Index- Total Return Index,Large,,,10.57,26.52175,,11.55,9.12,8.5,,,,,,3.7,,,17.5,-17.0,260237.0,27.31,
NSE:MON50EQUAL,MOTILALAMC - MON50EQUAL,ETF,NSE,,INF247L01FC0,EQ,ETF · Equity,Nifty 50 Equal Weight Total Return Index,Large,,,32.49,22.556448,,36.0,29.7875,9.7,,,,,,-2.6,,,13.7,-12.4,17987.0,6.34,
NSE:MONEXT50,MOTILALAMC - MONEXT50,ETF,NSE,,INF247L01FD8,EQ,ETF · Equity,Nifty Next 50 Total Return Index,,,,71.05,19.586618,,75.89,60.0917,6.4,,,,,,1.5,,,16.4,-14.4,34290.0,23.08,
NSE:EQUAL50,MIRAEAMC - EQUAL50,ETF,NSE,,INF769K01OO2,EQ,ETF · Equity,Nifty50 Equal Weight,,,,309.18,21.474333,,342.88,297.7005,9.8,,,,,,-2.5,,,12.3,-12.4,9299.0,60.59,
NSE:MOINFRA,MOTILALAMC - MOINFRA,ETF,NSE,,INF247L01FL1,EQ,ETF · Equity,BSE India Infrastructure Total Return Index,,,,57.7,13.617438,,64.9221,54.8265,11.1,,,,,,-8.5,,,16.2,-14.1,5087.0,3.9,
NSE:GROWWSLVR,GROWWAMC - GROWWSLVR,ETF,NSE,,INF666M01OF4,EQ,ETF · Commodity,Commodity-Silver,,,,21.41,,,367.4977,19.23,94.2,,,,,,-84.9,,,92.4,-94.6,1896212.0,184.78,
NSE:AONENIFTY,AONEAMC - AONENIFTY,ETF,NSE,,INF1J2R01064,EQ,ETF · Equity,Nifty 50 Index,Large,,,9.31,19.571587,,12.0,9.0,22.4,,,,,,-7.9,,,11.6,-14.9,175729.0,33.1,
NSE:MOMGF,MOTILALAMC - MOMGF,ETF,NSE,,INF247L01FK3,EQ,ETF · Equity,Nifty India Manufacturing Total Return Index,,,,155.5,26.460659,,171.26,139.7763,9.2,,,,,,1.9,,,14.8,-12.1,1862.0,5.65,
NSE:MOPSE,MOTILALAMC - MOPSE,ETF,NSE,,INF247L01FO5,EQ,ETF · Equity,Nifty PSE Total Return Index,,,,94.8,10.717858,,109.3108,93.5,13.3,,,,,,-4.2,,,15.6,-13.3,2865.0,1.26,
NSE:MOTOUR,MOTILALAMC - MOTOUR,ETF,NSE,,INF247L01FP2,EQ,ETF · Equity,Nifty India Tourism Total Return Index,,,,77.5,41.903446,,90.01,64.0,13.9,,,,,,-14.0,,,20.2,-31.4,35814.0,18.82,
NSE:SNXT30BEES,NIPPONAMC - SNXT30BEES,ETF,NSE,,INF204KC1EZ3,EQ,ETF · Equity,BSE Sensex Next 30 Index,Large,,,40.59,23.254549,,44.56,39.48,8.9,,,,,,,,,,,19549.0,5.21,
NSE:GROWWLOVOL,GROWWAMC - GROWWLOVOL,ETF,NSE,,INF666M01LB9,EQ,ETF · Equity,Nifty 500 Low Volatility 50 Index   TRI,Large,,,10.12,21.17308,,11.0,9.39,8.0,,,,,,-4.1,,,11.6,-12.3,15782.0,1.8,
NSE:TOP15IETF,ICICIPRAMC - TOP15IETF,ETF,NSE,,INF109K1A344,EQ,ETF · Equity,Nifty Top 15 Equal Weight Index,,,,9.3,18.84251,,11.1344,9.03,16.5,,,,,,-13.5,,,13.2,-18.0,146651.0,42.68,
NSE:MOMIDMTM,MOTILALAMC - MOMIDMTM,ETF,NSE,,INF247L01FQ0,EQ,ETF · Equity,Nifty Midcap 150 Momentum 50 Total Return Index,Mid,,,63.0,24.813337,,70.0,54.78,10.0,,,,,,2.9,,,18.2,-14.6,85420.0,84.68,
NSE:GROWWNET,GROWWAMC - GROWWNET,ETF,NSE,,INF666M01LI4,EQ,ETF · Equity,Index,,,,10.0,43.514587,,11.57,7.93,13.6,,,,,,-4.8,,,22.3,-28.4,686164.0,75.76,
NSE:INTERNET,MIRAEAMC - INTERNET,ETF,NSE,,INF769K01PB6,EQ,ETF · Equity,Equity Index,,,,13.25,42.72044,,15.8,10.7641,16.1,,,,,,-5.1,,,21.7,-28.3,242921.0,45.98,
NSE:MOALPHA50,MOTILALAMC - MOALPHA50,ETF,NSE,,INF247L01FR8,EQ,ETF · Equity,Nifty Alpha 50 Total Return Index,,,,53.17,20.374762,,62.0,44.2589,14.2,,,,,,4.6,,,18.9,-15.3,15336.0,4.42,
NSE:QUALITY30,KOTAKMAMC - QUALITY30,ETF,NSE,,INF174KA1WT6,EQ,ETF · Equity,Nifty200 Quality 30 Index,,,,19.8,26.085823,,21.89,19.0,9.5,,,,,,,,,,,10250.0,8.91,
NSE:GROWWNIFTY,GROWWAMC - GROWWNIFTY,ETF,NSE,,INF666M01LL8,EQ,ETF · Equity,Nifty 50 Index - TRI,Large,,,9.16,19.691202,,11.88,8.93,22.9,,,,,,,,,14.2,-13.5,734285.0,139.23,
NSE:LIQGRWBEES,NIPPONAMC - LIQGRWBEES,ETF,NSE,,INF204KC1FU1,EQ,ETF · Debt,Liquid ,,,,1058.05,,,1063.44,1048.98,0.5,,,,,,,,,,,97789.0,564.01,
NSE:MOGOLD,MOTILALAMC - MOGOLD,ETF,NSE,,INF247L01FY4,EQ,ETF · Commodity,Domestic Price of Physical Gold,,,,145.25,,,161.0,143.65,9.8,,,,,,,,,,,42095.0,69.82,
NSE:GROWWPOWER,GROWWAMC - GROWWPOWER,ETF,NSE,,INF666M01LM6,EQ,ETF · Equity,BSE Power Index - TRI,,,,10.99,21.96169,,13.2,8.87,16.7,,,,,,,,,20.6,-15.4,2614434.0,326.55,
NSE:SBILIQETF,SBIAMC - SBILIQETF,ETF,NSE,,INF200KB1969,EQ,ETF · Debt,Nifty 1D Rate Index ,,,,1058.59,,,1058.59,1049.61,0.0,,,,,,,,,,,130078.0,1563.08,
NSE:MOSILVER,MOTILALAMC - MOSILVER,ETF,NSE,,INF247L01FZ1,EQ,ETF · Commodity,Domestic Price of Physical Silver,,,,216.07,,,241.84,215.36,10.7,,,,,,,,,,,52804.0,92.0,
NSE:LTGILTCASE,ZERODHAAMC - LTGILTCASE,ETF,NSE,,INF0R8F01133,EQ,ETF · Debt,Nifty 8-13 Yr G-Sec Index,,,,30.11,,,31.31,29.4,3.8,,,,,,,,,,,155655.0,60.85,
NSE:GROWWNXT50,GROWWAMC - GROWWNXT50,ETF,NSE,,INF666M01LZ8,EQ,ETF · Equity,Index,,,,70.97,19.391544,,76.79,60.01,7.6,,,,,,4.6,,,17.0,-14.6,8442.0,9.25,
NSE:MANUFGBEES,NIPPONAMC - MANUFGBEES,ETF,NSE,,INF204KC1GH6,EQ,ETF · Equity,Nifty India Manufacturing TRI,,,,154.6,26.254622,,170.0,151.0,9.1,,,,,,,,,,,11085.0,61.79,
NSE:ELM250,EDELAMC - ELM250,ETF,NSE,,INF754K01VV4,EQ,ETF · Equity,Nifty LargeMidcap 250 TRI,Mid,,,15.84,22.687323,,17.58,15.42,9.9,,,,,,,,,,,180886.0,30.15,
NSE:AONEGOLD,AONEAMC - AONEGOLD,ETF,NSE,,INF1J2R01114,EQ,ETF · Commodity,Domestic price of Gold,,,,13.72,,,16.2674,10.927,15.7,,,,,,28.6,,,27.1,-22.0,494232.0,44.64,
NSE:SML100CASE,ZERODHAAMC - SML100CASE,ETF,NSE,,INF0R8F01141,EQ,ETF · Equity,Nifty Smallcap 100 Index,Small,,,10.92,25.038038,,11.77,8.5447,7.2,,,,,,9.6,,,18.0,-18.1,1670010.0,385.16,
NSE:GROWWRLTY,GROWWAMC - GROWWRLTY,ETF,NSE,,INF666M01MN2,EQ,ETF · Equity,Index,,,,9.4,35.455772,,10.77,7.17,12.7,,,,,,,,,26.8,-29.1,393075.0,26.08,
NSE:ELIQUID,EDELAMC - ELIQUID,ETF,NSE,,INF754K01VW2,EQ,ETF · Debt,Nifty 1D Rate Index (Debt Index),,,,1050.38,,,1051.22,1001.5579,0.1,,,,,,,,,0.2,-0.0,34461.0,454.73,
NSE:FLEXIADD,DSPAMC - FLEXIADD,ETF,NSE,,INF740KA1WU9,EQ,ETF · Equity,Nifty500 Flexicap Quality 30 TRI,,,,9.38,28.813513,,10.6,9.25,11.5,,,,,,,,,,,137917.0,18.76,
NSE:MONIFTY100,MOTILALAMC - MONIFTY100,ETF,NSE,,INF247L01GG9,EQ,ETF · Equity,Nifty 100 Total Return Index,Large,,,24.99,20.462112,,26.9763,22.9268,7.4,,,,,,,,,14.2,-15.0,46380.0,7.07,
NSE:MOENERGY,MOTILALAMC - MOENERGY,ETF,NSE,,INF247L01GH7,EQ,ETF · Equity,Nifty Energy Index,,,,37.0,14.178386,,43.0,33.107,14.0,,,,,,,,,16.7,-12.0,180388.0,23.47,
NSE:MOMENTUM30,KOTAKMAMC - MOMENTUM30,ETF,NSE,,INF174KA1XS6,EQ,ETF · Equity,Nifty 200 Momentum 30 Index,,,,30.0,23.836931,,31.8,28.9,5.7,,,,,,,,,,,105454.0,18.63,
NSE:NIFTYCASE,ZERODHAAMC - NIFTYCASE,ETF,NSE,,INF0R8F01166,EQ,ETF · Equity,Nifty Index 50 Index,,,,9.07,19.477732,,11.61,8.94,21.9,,,,,,,,,,,926068.0,323.13,
NSE:GROWWSC250,GROWWAMC - GROWWSC250,ETF,NSE,,INF666M01MO0,EQ,ETF · Equity,Nifty Smallcap 250 Index - TRI,Small,,,10.25,25.032505,,10.97,8.0,6.6,,,,,,,,,18.2,-18.9,162066.0,14.59,
NSE:CHOICEGOLD,ChoiceAMC - CHOICEGOLD,ETF,NSE,,INF2KCX01012,EQ,ETF · Commodity,Gold,,,,145.66,,,160.64,143.1,9.3,,,,,,,,,,,11040.0,141.51,
NSE:ENERGY,MIRAEAMC - ENERGY,ETF,NSE,,INF769K01PR2,EQ,ETF · Equity,Nifty Energy,,,,36.74,14.116546,,42.82,29.0,14.2,,,,,,,,,16.4,-12.0,383802.0,101.11,
NSE:SMALL250,MIRAEAMC - SMALL250,ETF,NSE,,INF769K01PQ4,EQ,ETF · Equity,Nifty Smallcap 250,Small,,,17.61,24.798473,,18.98,17.4,7.2,,,,,,,,,,,396985.0,146.74,
NSE:GROWWMC150,GROWWAMC - GROWWMC150,ETF,NSE,,INF666M01MV5,EQ,ETF · Equity,Nifty Midcap 150 Index - TRI,Mid,,,221.8,26.197847,,245.0,193.6,9.5,,,,,,,,,19.2,-13.6,1441.0,11.02,
NSE:CHEMICAL,KOTAKMAMC - CHEMICAL,ETF,NSE,,INF174KA1XV0,EQ,ETF · Equity,Nifty Chemicals Index (TRI),,,,28.49,34.630383,,31.74,27.69,10.2,,,,,,,,,,,476104.0,110.71,
NSE:MOIPO,MOTILALAMC - MOIPO,ETF,NSE,,INF247L01GI5,EQ,ETF · Equity,BSE Select IPO Total Return Index,,,,44.67,35.78307,,50.9,38.1676,12.2,,,,,,,,,22.7,-8.7,9359.0,2.3,
NSE:AONETMMQ50,AONEAMC - AONETMMQ50,ETF,NSE,,INF1J2R01148,EQ,ETF · Equity,Nifty Total Market Momentum Quality 50 TRI,,,,9.87,31.696758,,10.69,8.7313,7.7,,,,,,,,,18.9,-11.9,114966.0,32.06,
NSE:ESENSEX,EDELAMC - ESENSEX,ETF,NSE,,INF754K01VY8,EQ,ETF · Equity,BSE Sensex TRI,Large,,,72.6,19.621407,,81.73,72.1,11.2,,,,,,,,,,,1061.0,0.59,
NSE:ENIFTY,EDELAMC - ENIFTY,ETF,NSE,,INF754K01VX0,EQ,ETF · Equity,Nifty 50 TRI,Large,,,22.76,19.643423,,25.92,22.5,12.2,,,,,,,,,,,9762.0,1.62,
NSE:MOSERVICE,MOTILALAMC - MOSERVICE,ETF,NSE,,INF247L01GJ3,EQ,ETF · Equity,Nifty Services Sector Total Return Index,,,,28.85,18.059303,,33.7159,28.3579,14.4,,,,,,,,,16.6,-15.9,6275.0,1.83,
NSE:MSCIADD,DSPAMC - MSCIADD,ETF,NSE,,INF740KA1WV7,EQ,ETF · Equity,MSCI India Index,,,,28.27,21.569416,,33.6,26.4,15.9,,,,,,,,,16.7,-12.7,2955.0,1.04,
NSE:MOMNC,MOTILALAMC - MOMNC,ETF,NSE,,INF247L01GK1,EQ,ETF · Equity,Nifty MNC ETF Total Return Index,,,,30.9,36.051853,,34.43,27.6591,10.3,,,,,,,,,17.6,-13.3,7549.0,1.77,
NSE:GROWWCAPM,GROWWAMC - GROWWCAPM,ETF,NSE,,INF666M01MM4,EQ,ETF · Equity,Nifty Capital Markets Index ,,,,10.75,39.389225,,12.66,8.02,15.1,,,,,,,,,24.7,-14.0,592146.0,58.82,
NSE:GOLDBND,BANDHANAMC - GOLDBND,ETF,NSE,,INF194KB1KJ7,EQ,ETF · Commodity,Commodity - Gold,,,,146.8,,,173.4,115.17,15.3,,,,,,,,,26.2,-20.8,25124.0,40.29,
NSE:SILVERBND,BANDHANAMC - SILVERBND,ETF,NSE,,INF194KB1KI9,EQ,ETF · Commodity,Commodity - Silver,,,,219.2,,,290.19,196.88,24.5,,,,,,,,,44.8,-30.1,21464.0,13.82,
NSE:SMALLADD,DSPAMC - SMALLADD,ETF,NSE,,INF740KA1WX3,EQ,ETF · Equity,Nifty Smallcap 250 Index,Small,,,17.65,24.721241,,19.5,14.01,9.5,,,,,,,,,20.8,-15.6,84161.0,21.12,
NSE:MIDCAPADD,DSPAMC - MIDCAPADD,ETF,NSE,,INF740KA1WW5,EQ,ETF · Equity,Nifty Midcap 150 Index,Mid,,,22.15,26.070152,,25.5,19.27,13.1,,,,,,,,,31.5,-17.7,69797.0,8.45,
NSE:DIVIDEND,MIRAEAMC - DIVIDEND,ETF,NSE,,INF769K01PY8,EQ,ETF · Equity,BSE 500 Dividend Leaders,,,,33.62,10.819549,,37.97,33.15,11.5,,,,,,,,,14.4,-9.9,18970.0,3.91,
NSE:TOP20,MIRAEAMC - TOP20,ETF,NSE,,INF769K01PZ5,EQ,ETF · Equity,Nifty Top 20 Equal Weight,,,,8.3,19.777657,,9.64,8.0,13.9,,,,,,,,,15.6,-14.1,110616.0,6.76,
NSE:GROWWMETAL,GROWWAMC - GROWWMETAL,ETF,NSE,,INF666M01NI0,EQ,ETF · Equity,Nifty Metal Index,,,,12.02,16.837656,,13.45,10.1,10.6,,,,,,,,,23.5,-13.6,447682.0,78.35,
NSE:TWCGOLDETF,WEALTH - TWCGOLDETF,ETF,NSE,,INF2F0001370,EQ,ETF · Commodity,Commodity,,,,146.21,,,178.0,123.31,17.9,,,,,,,,,25.0,-20.0,10946.0,41.18,
NSE:NEXT50ADD,DSPAMC - NEXT50ADD,ETF,NSE,,INF740KA1XU7,EQ,ETF · Equity,Nifty Next 50 TRI,,,,71.9,19.756449,,76.77,56.25,6.3,,,,,,,,,32.4,-15.5,6917.0,2.81,
NSE:NEXT50ETF,KOTAKMAMC - NEXT50ETF,ETF,NSE,,INF174KA1YO3,EQ,ETF · Equity,Nifty Next 50 Index,,,,70.0,19.077614,,78.0,60.15,10.3,,,,,,,,,20.3,-14.4,23736.0,39.83,
NSE:GROWWCHEM,GROWWAMC - GROWWCHEM,ETF,NSE,,INF666M01NP5,EQ,ETF · Equity,Nifty Chemicals Index - TRI,,,,28.39,34.50906,,31.74,24.64,10.6,,,,,,,,,19.6,-14.4,747093.0,10.06,
NSE:GROWWPSE,GROWWAMC - GROWWPSE,ETF,NSE,,INF666M01NQ3,EQ,ETF · Equity,Nifty PSE Index - TRI,,,,94.99,10.916416,,109.85,92.06,13.5,,,,,,,,,15.9,-13.5,4753.0,5.01,
NSE:HEALTHCARE,MIRAEAMC - HEALTHCARE,ETF,NSE,,INF769K01QA6,EQ,ETF · Equity,Nifty 500 Healthcare Index,Large,,,21.08,39.922234,,23.8,17.18,11.4,,,,,,,,,13.9,-7.5,48618.0,11.43,
NSE:INFRA,MIRAEAMC - INFRA,ETF,NSE,,INF769K01QB4,EQ,ETF · Equity,Nifty India Infrastructure & Logistics,,,,11.39,25.046858,,13.27,10.14,14.2,,,,,,,,,19.0,-12.1,37475.0,3.43,
NSE:DEFENCE,MIRAEAMC - DEFENCE,ETF,NSE,,INF769K01QC2,EQ,ETF · Equity,BSE India Defence,,,,76.24,40.43627,,85.6,75.08,10.9,,,,,,,,,,,285072.0,310.17,
NSE:ABSLMSCIN,BIRLASLAMC - ABSLMSCIN,ETF,NSE,,INF209KC1662,EQ,ETF · Equity,MSCI India Index,,,,27.68,21.100122,,30.8,27.38,10.1,,,,,,,,,,,2414.0,0.35,
NSE:AONESILVER,AONEAMC - AONESILVER,ETF,NSE,,INF1J2R01171,EQ,ETF · Commodity,Domestic price of Silver,,,,8.35,,,10.9225,7.43,23.6,,,,,,,,,40.2,-26.8,567817.0,35.1,
NSE:ABSL10BANK,BIRLASLAMC - ABSL10BANK,ETF,NSE,,INF209KC1670,EQ,ETF · Equity,BSE Top 10 Banks Index,Large,,,162.76,15.942757,,174.95,154.62,7.0,,,,,,,,,,,11374.0,2.54,
NSE:GROWWHOSPI,GROWWAMC - GROWWHOSPI,ETF,NSE,,INF666M01OD9,EQ,ETF · Equity,BSE Hospitals Index,,,,48.99,52.70145,,53.91,46.3,9.1,,,,,,,,,,,433339.0,694.26,
NSE:SBIMIDMOM,SBIAMC - SBIMIDMOM,ETF,NSE,,INF200KB1AJ0,EQ,ETF · Equity,Nifty Midcap 150 Momentum 50 Index,Mid,,,60.2,24.296822,,65.97,59.64,8.7,,,,,,,,,,,74045.0,27.95,
NSE:BANK10ADD,DSPAMC - BANK10ADD,ETF,NSE,,INF740KA1YH2,EQ,ETF · Equity,BSE Top 10 Banks Index (TRI),Large,,,16.0,15.581854,,18.99,12.08,15.7,,,,,,,,,23.9,-13.8,752317.0,6.69,
NSE:HSBCGOLD,HSBCAMC - HSBCGOLD,ETF,NSE,,INF336L01RX2,EQ,ETF · Commodity,Commodity,,,,127.86,,,142.32,122.77,10.2,,,,,,,,,,,50020.0,73.39,
NSE:GROWWPSUBK,GROWWAMC - GROWWPSUBK,ETF,NSE,,INF666M01OG2,EQ,ETF · Equity,Nifty PSU Bank Index - TRI,Large,,,80.5,7.2523584,,90.1026,78.6859,10.7,,,,,,,,,24.1,-12.2,6814.0,6.14,
NSE:VALUE,MIRAEAMC - VALUE,ETF,NSE,,INF769K01QV2,EQ,ETF · Equity,Nifty 500 Value 50,Large,,,15.13,9.607976,,16.9578,14.894,10.8,,,,,,,,,13.4,-10.7,41126.0,5.33,
NSE:SBINMID150,SBIAMC - SBINMID150,ETF,NSE,,INF200KB1AK8,EQ,ETF · Equity,Nifty Midcap 150 Index,Mid,,,21.4,25.376766,,24.06,20.0895,11.1,,,,,,,,,14.7,-8.4,40627.0,28.21,
NSE:MOBANK10,MOTILALAMC - MOBANK10,ETF,NSE,,INF247L01GV8,EQ,ETF · Equity,BSE Top 10 Banks Total Return Index,Large,,,16.49,16.12372,,18.1,15.7904,8.9,,,,,,,,,17.4,-8.9,9315.0,0.17,
NSE:FMCGADD,DSPAMC - FMCGADD,ETF,NSE,,INF740KA1ZA4,EQ,ETF · Equity,Nifty FMCG Index (TRI),,,,44.93,30.246775,,51.09,43.75,12.1,,,,,,,,,12.4,-12.9,15653.0,11.6,
NSE:ENEXT50,EDELAMC - ENEXT50,ETF,NSE,,INF754K01XF3,EQ,ETF · Equity,Nifty Next 50 Total Return Index,,,,68.5,18.946827,,76.0,67.64,9.9,,,,,,,,,18.1,-9.5,1816.0,1.66,
NSE:SBISMLETF,SBIAMC - SBISMLETF,ETF,NSE,,INF200KB1AY9,EQ,ETF · Equity,Nifty Smallcap 250 Index,Small,,,18.07,25.501455,,18.97,16.6298,4.7,,,,,,,,,12.6,-3.9,57946.0,11.8,
NSE:SBIVALETF,SBIAMC - SBIVALETF,ETF,NSE,,INF200KB1AX1,EQ,ETF · Equity,Nifty200 Value 30 Index,,,,14.48,9.194476,,15.8,13.67,8.4,,,,,,,,,13.3,-10.8,21782.0,2.95,
NSE:PVTBKGROWW,GROWWAMC - PVTBKGROWW,ETF,NSE,,INF666M01OT5,EQ,ETF · Equity,Nifty Private Bank Index - TRI,Large,,,26.77,17.46545,,29.57,25.45,9.5,,,,,,,,,15.0,-7.2,18271.0,1.41,
NSE:MSCI360,360ONEAMC - MSCI360,ETF,NSE,,INF579M01BP5,EQ,ETF · Equity,MSCI India Index,,,,9.47,20.717491,,12.24,9.4,22.6,,,,,,,,,31.7,-18.3,12170.0,0.47,
NSE:SMALLGROWW,GROWWAMC - SMALLGROWW,ETF,NSE,,INF666M01PG9,EQ,ETF · Equity,Nifty Smallcap 250 Momentum Quality 100 Index TRI,Small,,,48.64,23.757378,,50.84,39.41,4.3,,,,,,,,,16.1,-5.7,11652.0,5.58,
NSE:SMALLIETF,ICICIPRAMC - SMALLIETF,ETF,NSE,,INF109K1A476,EQ,ETF · Equity,Nifty Smallcap 250 Index,Small,,,17.94,,,19.49,17.4,8.0,,,,,,,,,14.2,-4.8,59849.0,15.51,
NSE:LIQUIDBETA,UTIAMC - LIQUIDBETA,ETF,NSE,,INF789F1AG68,EQ,ETF · Debt,Nifty 1D Rate Index,,,,1010.57,,,1019.0,981.86,0.8,,,,,,,,,,,5941.0,0.02,
NSE:BANK10BETF,BFAM - BANK10BETF,ETF,NSE,,INF0QA701CI0,EQ,ETF · Equity,Bajaj Finserv BSE Top 10 Banks ETF,Large,,,19.65,15.622814,,24.9,19.36,21.1,,,,,,,,,,,766223.0,2915.69,
NSE:MOMMIDCAP,MIRAEAMC - MOMMIDCAP,ETF,NSE,,INF769K01RC0,EQ,ETF · Equity,BSE Midcap 150 Momentum 30 TRI,Mid,,,12.34,23.75705,,14.99,10.8,17.7,,,,,,,,,,,1830961.0,197.92,
NSE:PVTBANK,KOTAKMAMC - PVTBANK,ETF,NSE,,INF174KA1A94,EQ,ETF · Equity,Nifty Private Bank,Large,,,26.8,17.593834,,29.65,10.0,9.6,,,,,,,,,,,68489.0,255.88,
NSE:EMETAL,EDELAMC - EMETAL,ETF,NSE,,INF754K01XG1,EQ,ETF · Equity,Nifty Metal Total Return Index,,,,12.78,17.005936,,15.21,12.31,16.0,,,,,,,,,,,15172.0,1.17,
NSE:CEMNTGROWW,GROWWAMC - CEMNTGROWW,ETF,NSE,,INF666M01PH7,EQ,ETF · Equity,Nifty Cements Index TRI,,,,13.6,29.144386,,16.27,13.37,16.4,,,,,,,,,,,126838.0,23.03,
NSE:HDFCNIMEG,HDFCAMC - HDFCNIMEG,ETF,NSE,,INF179KC1KT4,EQ,ETF · Equity,Nifty Metal Index TRI,,,,127.5,16.980122,,152.55,122.97,16.4,,,,,,,,,,,38323.0,59.12,
NSE:HYBRIDETF,MIRAEAMC - HYBRIDETF,ETF,NSE,,INF769K01RJ5,EQ,ETF · Hybrid,Nifty200 Momentum 30 Plus 8-13 yr G-Sec 50:50 Total Return Index,,,,9.71,23.691051,,11.99,9.71,19.0,,,,,,,,,,,51251.0,0.93,
NSE:INSUREIETF,ICICIPRAMC - INSUREIETF,ETF,NSE,,INF109K1A567,EQ,ETF · Equity,BSE Insurance Index,,,,14.8,31.365768,,16.46,14.36,10.1,,,,,,,,,,,1117881.0,480.54,
NSE:ELMDIV,EDELAMC - ELMDIV,ETF,NSE,,INF754K01XI7,EQ,ETF · Equity,Index (BSE LargeMid (60:40) Stable Dividend 50),,,,34.73,24.268976,,38.67,33.71,10.2,,,,,,,,,,,4544.0,0.21,
NSE:EBANK10,EDELAMC - EBANK10,ETF,NSE,,INF754K01XH9,EQ,ETF · Equity,BSE Top 10 Bank Total Return Index,Large,,,16.2,15.861544,,17.9,15.63,9.5,,,,,,,,,,,74781.0,0.1,
NSE:MOOILGAS,MOTILALAMC - MOOILGAS,ETF,NSE,,INF247L01HH5,EQ,ETF · Equity,Nifty Oil & Gas ETF Total Return Index,,,,11.11,11.435693,,12.15,10.41,8.6,,,,,,,,,,,22310.0,2.06,
NSE:MOMETAL,MOTILALAMC - MOMETAL,ETF,NSE,,INF247L01HG7,EQ,ETF · Equity,Nifty Metal Index,,,,12.8,17.09232,,14.55,12.31,12.0,,,,,,,,,,,30791.0,15.41,
NSE:MIDBANKADD,DSPAMC - MIDBANKADD,ETF,NSE,,INF740KA1ZH9,EQ,ETF · Equity,BSE MidSmall Private Banks Index,Large,,,16.39,,,18.22,16.26,10.0,,,,,,,,,,,62540.0,58.34,
NSE:GSEC10ADD,DSPAMC - GSEC10ADD,ETF,NSE,,INF740KA1ZI7,EQ,ETF · Debt,Nifty 10 yr Benchmark G-Sec,,,,26.54,,,27.85,24.32,4.7,,,,,,,,,,,57038.0,,
NSE:LARGEMID50,MIRAEAMC - LARGEMID50,ETF,NSE,,INF769K01RK3,EQ,ETF · Equity,BSE LargeMid (60:40) Stable Dividend 50 TRI (Total Return Index),,,,34.05,23.800274,,37.08,33.74,8.2,,,,,,,,,,,12391.0,2.93,
NSE:NIFTYJBLK,JIOBLACKROCKAMC-NIFTYJBLK,ETF,NSE,,INF22M001184,EQ,ETF · Equity,INDEX,,,,11.68,19.996412,,13.05,9.94,10.5,,,,,,,,,,,150276.0,16.62,
NSE:IVZBANKNF,RELIGARAMC - IVZBANKNF,ETF,NSE,,INF205KA1CB9,EQ,ETF · Equity,Nifty Bank TRI,Large,,,54.5,13.619617,,58.45,53.23,6.8,,,,,,,,,,,3214.0,0.19,
NSE:IVZSENSEX,RELIGARAMC - IVZSENSEX,ETF,NSE,,INF205KA1CA1,EQ,ETF · Equity,BSE Sensex TRI,Large,,,72.0,19.710278,,79.9,71.69,9.9,,,,,,,,,,,2825.0,1.24,
NSE:SILVER001,Quant_AMC - SILVER001,ETF,NSE,,INF966L01EI5,EQ,ETF · Commodity,Commodity - Silver,,,,21.98,,,28.0,21.61,21.5,,,,,,,,,,,90243.0,74.03,
NSE:NIF500BETA,UTIAMC - NIF500BETA,ETF,NSE,,INF789F1AG76,EQ,ETF · Equity,Nifty 500,Large,,,34.54,20.627195,,38.51,34.53,10.3,,,,,,,,,,,62973.0,3.68,
NSE:ENERGYAXIS,AXISAMC - ENERGYAXIS,ETF,NSE,,INF846KA1598,EQ,ETF · Equity,Nifty Energy,,,,18.27,13.994414,,19.99,18.04,8.6,,,,,,,,,,,23459.0,4.01,
NSE:SECLEDBETA,UTIAMC - SECLEDBETA,ETF,NSE,,INF789F1AH42,EQ,ETF · Equity,BSE India Sector Leaders,,,,13.66,,,14.96,13.61,8.7,,,,,,,,,,,457438.0,22.25,
NSE:ANANTAM,ANANTAM,InvIT,NSE,,,IV,Infrastructure,InvIT,,,,103.98,,,,,,,,,,,,,,,,,10.18,
NSE:CAPINVIT,CAPINVIT,InvIT,NSE,,,IV,Infrastructure,InvIT,,,,76.67,,,,,,,,,,,,,,,,,120.63,
NSE:CITIUSINVT,CITIUSINVT,InvIT,NSE,,,IV,Infrastructure,InvIT,,,,115.99,,,,,,,,,,,,,,,,,180.17,
NSE:CUBEINVIT,CUBEINVIT,InvIT,NSE,,,IV,Infrastructure,InvIT,,,,155.03,,,,,,,,,,,,,,,,,275.41,
NSE:INDIGRID,INDIGRID,InvIT,NSE,,,IV,Infrastructure,InvIT,,13342.0,,140.06,22.4096,2.197054,180.9,161.01,22.6,,,,,,13.2,68.5,,10.7,-5.5,,1880.57,
NSE:INDUSINVIT,INDUSINVIT,InvIT,NSE,,,IV,Infrastructure,InvIT,,,,128.18,,,,,,,,,,,,,,,,,563.08,
NSE:IRBINVIT,IRBINVIT,InvIT,NSE,,,IV,Infrastructure,InvIT,,8507.0,,66.38,17.560846,,65.25,57.05,-1.7,,,,,,12.3,29.7,,24.1,-18.1,,426.28,
NSE:KRT,KRT,REIT,NSE,,,RR,Real Estate,REIT,,,,112.14,,,,,,,,,,,,,,,,,1563.77,
NSE:MINDSPACE,MINDSPACE,REIT,NSE,,,RR,Real Estate,REIT,,22843.0,,345.06,28.85117,1.4868085,525.5,441.01,34.3,,,,,,15.4,79.8,,16.3,-11.2,,1072.04,
NSE:NDRINVIT,NDRINVIT,InvIT,NSE,,,IV,Infrastructure,InvIT,,,,151.5,,,,,,,,,,,,,,,,,75.63,
NSE:NHIT,NHIT,InvIT,NSE,,,IV,Infrastructure,InvIT,,,,169.9,,,,,,,,,,,,,,,,,42.48,
NSE:NXST,NXST,REIT,NSE,,,RR,Real Estate,REIT,,22458.0,,148.24,51.11724,1.7000976,191.9,150.0,22.8,,,,,,5.7,63.8,,16.7,-16.4,,898.38,
NSE:NXT-INFRA,NXT-INFRA,InvIT,NSE,,,IV,Infrastructure,InvIT,,,,98.0,,,,,,,,,,,,,,,,,172.5,
NSE:PGINVIT,PGINVIT,InvIT,NSE,,,IV,Infrastructure,InvIT,,8732.0,,95.96,9.644221,1.1579722,104.5,86.3,8.2,,,,,,21.7,40.6,,11.6,-14.2,,1861.45,
NSE:RIIT,RIIT,InvIT,NSE,,,IV,Infrastructure,InvIT,,,,119.67,,,,,,,,,,,,,,,,,1307.66,
NSE:SEITINVIT,SEITINVIT,InvIT,NSE,,,IV,Infrastructure,InvIT,,,,122.05,,,,,,,,,,,,,,,,,30.51,
NSE:SHREMINVIT,SHREMINVIT,InvIT,NSE,,,IV,Infrastructure,InvIT,,7208.0,,118.0,9.29866,,107.95,92.05,-9.3,,,,,,19.1,44.7,,15.7,-9.6,,52.74,
NSE:TVSINVIT,TVSINVIT,InvIT,NSE,,,IV,Infrastructure,InvIT,,,,117.51,,,,,,,,,,,,,,,,,174.38,
NSE:VERTIS,VERTIS,InvIT,NSE,,,IV,Infrastructure,InvIT,,,,116.5,,,,,,,,,,,,,,,,,3611.03,
NSE:SGBAPR28I,SGBAPR28I,SGB,NSE,,,GB,Gold,,,,,14772.39,,,,,,,,,,,,,,,,335.0,49.58,
NSE:SGBAUG27,SGBAUG27,SGB,NSE,,,GB,Gold,,,,,14716.81,,,,,,,,,,,,,,,,80.0,11.79,
NSE:SGBAUG28V,SGBAUG28V,SGB,NSE,,,GB,Gold,,,,,14759.75,,,,,,,,,,,,,,,,392.0,57.94,
NSE:SGBAUG29V,SGBAUG29V,SGB,NSE,,,GB,Gold,,,,,14730.55,,,,,,,,,,,,,,,,55.0,8.11,
NSE:SGBAUG30,SGBAUG30,SGB,NSE,,,GB,Gold,,,,,14881.82,,,,,,,,,,,,,,,,117.0,17.55,
NSE:SGBD29VIII,SGBD29VIII,SGB,NSE,,,GB,Gold,,,,,14772.6,,,,,,,,,,,,,,,,89.0,13.19,
NSE:SGBDC27VII,SGBDC27VII,SGB,NSE,,,GB,Gold,,,,,14758.33,,,,,,,,,,,,,,,,78.0,11.47,
NSE:SGBDE30III,SGBDE30III,SGB,NSE,,,GB,Gold,,,,,15009.95,,,,,,,,,,,,,,,,89.0,13.38,
NSE:SGBDE31III,SGBDE31III,SGB,NSE,,,GB,Gold,,,,,15261.66,,,,,,,,,,,,,,,,1275.0,194.96,
NSE:SGBDEC26,SGBDEC26,SGB,NSE,,,GB,Gold,,,,,14702.0,,,,,,,,,,,,,,,,99.0,14.53,
NSE:SGBFEB27,SGBFEB27,SGB,NSE,,,GB,Gold,,,,,14897.39,,,,,,,,,,,,,,,,8.0,1.19,
NSE:SGBFEB28IX,SGBFEB28IX,SGB,NSE,,,GB,Gold,,,,,14718.9,,,,,,,,,,,,,,,,35.0,5.14,
NSE:SGBFEB29XI,SGBFEB29XI,SGB,NSE,,,GB,Gold,,,,,14866.0,,,,,,,,,,,,,,,,79.0,11.66,
NSE:SGBFEB32IV,SGBFEB32IV,SGB,NSE,,,GB,Gold,,,,,15576.52,,,,,,,,,,,,,,,,1314.0,205.03,
NSE:SGBJ28VIII,SGBJ28VIII,SGB,NSE,,,GB,Gold,,,,,14750.0,,,,,,,,,,,,,,,,20.0,2.95,
NSE:SGBJAN27,SGBJAN27,SGB,NSE,,,GB,Gold,,,,,14716.66,,,,,,,,,,,,,,,,69.0,10.13,
NSE:SGBJAN29IX,SGBJAN29IX,SGB,NSE,,,GB,Gold,,,,,14742.54,,,,,,,,,,,,,,,,80.0,11.81,
NSE:SGBJAN29X,SGBJAN29X,SGB,NSE,,,GB,Gold,,,,,14750.0,,,,,,,,,,,,,,,,90.0,13.32,
NSE:SGBJAN30IX,SGBJAN30IX,SGB,NSE,,,GB,Gold,,,,,14950.0,,,,,,,,,,,,,,,,27.0,4.04,
NSE:SGBJU29III,SGBJU29III,SGB,NSE,,,GB,Gold,,,,,14756.35,,,,,,,,,,,,,,,,524.0,77.63,
NSE:SGBJUL27,SGBJUL27,SGB,NSE,,,GB,Gold,,,,,14702.74,,,,,,,,,,,,,,,,32.0,4.71,
NSE:SGBJUL28IV,SGBJUL28IV,SGB,NSE,,,GB,Gold,,,,,14677.68,,,,,,,,,,,,,,,,91.0,13.41,
NSE:SGBJUL29IV,SGBJUL29IV,SGB,NSE,,,GB,Gold,,,,,14729.44,,,,,,,,,,,,,,,,210.0,30.97,
NSE:SGBJUN27,SGBJUN27,SGB,NSE,,,GB,Gold,,,,,14789.98,,,,,,,,,,,,,,,,119.0,17.49,
NSE:SGBJUN28,SGBJUN28,SGB,NSE,,,GB,Gold,,,,,14739.5,,,,,,,,,,,,,,,,31.0,4.57,
NSE:SGBJUN29II,SGBJUN29II,SGB,NSE,,,GB,Gold,,,,,14740.0,,,,,,,,,,,,,,,,59.0,8.72,
NSE:SGBJUN30,SGBJUN30,SGB,NSE,,,GB,Gold,,,,,14807.87,,,,,,,,,,,,,,,,150.0,22.28,
NSE:SGBJUN31I,SGBJUN31I,SGB,NSE,,,GB,Gold,,,,,15048.83,,,,,,,,,,,,,,,,669.0,100.75,
NSE:SGBMAR28X,SGBMAR28X,SGB,NSE,,,GB,Gold,,,,,14676.0,,,,,,,,,,,,,,,,73.0,10.74,
NSE:SGBMAR30X,SGBMAR30X,SGB,NSE,,,GB,Gold,,,,,14981.0,,,,,,,,,,,,,,,,111.0,16.63,
NSE:SGBMAR31IV,SGBMAR31IV,SGB,NSE,,,GB,Gold,,,,,15003.99,,,,,,,,,,,,,,,,227.0,34.09,
NSE:SGBMAY28,SGBMAY28,SGB,NSE,,,GB,Gold,,,,,14769.99,,,,,,,,,,,,,,,,36.0,5.32,
NSE:SGBMAY29I,SGBMAY29I,SGB,NSE,,,GB,Gold,,,,,14756.89,,,,,,,,,,,,,,,,813.0,120.1,
NSE:SGBMR29XII,SGBMR29XII,SGB,NSE,,,GB,Gold,,,,,14780.96,,,,,,,,,,,,,,,,137.0,20.24,
NSE:SGBN28VIII,SGBN28VIII,SGB,NSE,,,GB,Gold,,,,,14735.0,,,,,,,,,,,,,,,,30.0,4.43,
NSE:SGBNV29VII,SGBNV29VII,SGB,NSE,,,GB,Gold,,,,,14762.0,,,,,,,,,,,,,,,,128.0,18.91,
NSE:SGBOC28VII,SGBOC28VII,SGB,NSE,,,GB,Gold,,,,,14740.0,,,,,,,,,,,,,,,,39.0,5.76,
NSE:SGBOCT26,SGBOCT26,SGB,NSE,,,GB,Gold,,,,,14830.0,,,,,,,,,,,,,,,,15.0,2.22,
NSE:SGBOCT27,SGBOCT27,SGB,NSE,,,GB,Gold,,,,,14801.5,,,,,,,,,,,,,,,,11.0,1.63,
NSE:SGBOCT27VI,SGBOCT27VI,SGB,NSE,,,GB,Gold,,,,,14700.0,,,,,,,,,,,,,,,,2.0,0.29,
NSE:SGBSEP27,SGBSEP27,SGB,NSE,,,GB,Gold,,,,,14699.0,,,,,,,,,,,,,,,,49.0,7.19,
NSE:SGBSEP28VI,SGBSEP28VI,SGB,NSE,,,GB,Gold,,,,,14672.39,,,,,,,,,,,,,,,,456.0,67.05,
NSE:SGBSEP29VI,SGBSEP29VI,SGB,NSE,,,GB,Gold,,,,,14782.06,,,,,,,,,,,,,,,,205.0,30.33,
NSE:SGBSEP31II,SGBSEP31II,SGB,NSE,,,GB,Gold,,,,,15029.3,,,,,,,,,,,,,,,,1096.0,165.25,
NSE:574GS2026,574GS2026,G-Sec,NSE,,,GS,Government Debt,,,,,102.49,,,,,,,,,,,,,,,,15.0,0.02,
NSE:585GS2030,585GS2030,G-Sec,NSE,,,GS,Government Debt,,,,,98.5,,,,,,,,,,,,,,,,2.0,0.0,
NSE:591GS2028,591GS2028,G-Sec,NSE,,,GS,Government Debt,,,,,99.8,,,,,,,,,,,,,,,,200.0,0.2,
NSE:601GS2030,601GS2030,G-Sec,NSE,,,GS,Government Debt,,,,,98.0,,,,,,,,,,,,,,,,100.0,0.1,
NSE:603GS2029,603GS2029,G-Sec,NSE,,,GS,Government Debt,,,,,99.25,,,,,,,,,,,,,,,,200.0,0.2,
NSE:610GS2031,610GS2031,G-Sec,NSE,,,GS,Government Debt,,,,,97.13,,,,,,,,,,,,,,,,41.0,0.04,
NSE:620GS2029,620GS2029,G-Sec,NSE,,,GS,Government Debt,,,,,98.5,,,,,,,,,,,,,,,,100.0,0.1,
NSE:648GS2035,648GS2035,G-Sec,NSE,,,GS,Government Debt,,,,,98.5,,,,,,,,,,,,,,,,200.0,0.2,
NSE:654GS2032,654GS2032,G-Sec,NSE,,,GS,Government Debt,,,,,99.1,,,,,,,,,,,,,,,,1000.0,0.99,
NSE:667GS2050,667GS2050,G-Sec,NSE,,,GS,Government Debt,,,,,91.25,,,,,,,,,,,,,,,,1993.0,1.82,
NSE:668GS2033,668GS2033,G-Sec,NSE,,,GS,Government Debt,,,,,99.0,,,,,,,,,,,,,,,,500.0,0.5,
NSE:676GS2061,676GS2061,G-Sec,NSE,,,GS,Government Debt,,,,,88.55,,,,,,,,,,,,,,,,38811.0,34.39,
NSE:68GS2060,68GS2060,G-Sec,NSE,,,GS,Government Debt,,,,,91.15,,,,,,,,,,,,,,,,11577.0,10.56,
NSE:690GS2065,690GS2065,G-Sec,NSE,,,GS,Government Debt,,,,,92.98,,,,,,,,,,,,,,,,17189.0,15.9,
NSE:694GS2036,694GS2036,G-Sec,NSE,,,GS,Government Debt,,,,,101.23,,,,,,,,,,,,,,,,9511.0,9.66,
NSE:695GS2061,695GS2061,G-Sec,NSE,,,GS,Government Debt,,,,,92.08,,,,,,,,,,,,,,,,418.0,0.39,
NSE:697GR2034,697GR2034,G-Sec,NSE,,,GS,Government Debt,,,,,97.99,,,,,,,,,,,,,,,,5.0,0.0,
NSE:698GR2054,698GR2054,G-Sec,NSE,,,GS,Government Debt,,,,,93.0,,,,,,,,,,,,,,,,300.0,0.28,
NSE:699GS2051,699GS2051,G-Sec,NSE,,,GS,Government Debt,,,,,96.0,,,,,,,,,,,,,,,,1388.0,1.33,
NSE:702GS2031,702GS2031,G-Sec,NSE,,,GS,Government Debt,,,,,101.55,,,,,,,,,,,,,,,,300.0,0.3,
NSE:704GS2029,704GS2029,G-Sec,NSE,,,GS,Government Debt,,,,,102.0,,,,,,,,,,,,,,,,4900.0,5.0,
NSE:706GS2028,706GS2028,G-Sec,NSE,,,GS,Government Debt,,,,,103.5,,,,,,,,,,,,,,,,19500.0,20.18,
NSE:709GS2054,709GS2054,G-Sec,NSE,,,GS,Government Debt,,,,,94.5,,,,,,,,,,,,,,,,701.0,0.67,
NSE:709GS2074,709GS2074,G-Sec,NSE,,,GS,Government Debt,,,,,94.36,,,,,,,,,,,,,,,,15234.0,14.4,
NSE:710GS2029,710GS2029,G-Sec,NSE,,,GS,Government Debt,,,,,103.5,,,,,,,,,,,,,,,,1597.0,1.65,
NSE:717GS2030,717GS2030,G-Sec,NSE,,,GS,Government Debt,,,,,103.35,,,,,,,,,,,,,,,,13211.0,13.65,
NSE:718GS2033,718GS2033,G-Sec,NSE,,,GS,Government Debt,,,,,101.2,,,,,,,,,,,,,,,,344.0,0.35,
NSE:718GS2037,718GS2037,G-Sec,NSE,,,GS,Government Debt,,,,,102.0,,,,,,,,,,,,,,,,1005343.0,1025.44,
NSE:719GS2060,719GS2060,G-Sec,NSE,,,GS,Government Debt,,,,,95.2,,,,,,,,,,,,,,,,5.0,0.0,
NSE:71GS2034,71GS2034,G-Sec,NSE,,,GS,Government Debt,,,,,103.18,,,,,,,,,,,,,,,,5201.0,5.31,
NSE:723GS2039,723GS2039,G-Sec,NSE,,,GS,Government Debt,,,,,103.4,,,,,,,,,,,,,,,,1384.0,1.42,
NSE:724GS2055,724GS2055,G-Sec,NSE,,,GS,Government Debt,,,,,95.5,,,,,,,,,,,,,,,,21020.0,20.07,
NSE:725GS2063,725GS2063,G-Sec,NSE,,,GS,Government Debt,,,,,96.04,,,,,,,,,,,,,,,,63560.0,61.1,
NSE:726GS2032,726GS2032,G-Sec,NSE,,,GS,Government Debt,,,,,100.01,,,,,,,,,,,,,,,,7581.0,7.63,
NSE:726GS2033,726GS2033,G-Sec,NSE,,,GS,Government Debt,,,,,100.82,,,,,,,,,,,,,,,,2503.0,2.53,
NSE:732GS2030,732GS2030,G-Sec,NSE,,,GS,Government Debt,,,,,103.43,,,,,,,,,,,,,,,,6150.0,6.36,
NSE:733GS2026,733GS2026,G-Sec,NSE,,,GS,Government Debt,,,,,103.0,,,,,,,,,,,,,,,,1150.0,1.18,
NSE:734GS2064,734GS2064,G-Sec,NSE,,,GS,Government Debt,,,,,98.63,,,,,,,,,,,,,,,,19375.0,19.1,
NSE:736GS2052,736GS2052,G-Sec,NSE,,,GS,Government Debt,,,,,98.0,,,,,,,,,,,,,,,,151.0,0.15,
NSE:737GS2028,737GS2028,G-Sec,NSE,,,GS,Government Debt,,,,,104.5,,,,,,,,,,,,,,,,14375.0,14.98,
NSE:738GS2027,738GS2027,G-Sec,NSE,,,GS,Government Debt,,,,,102.41,,,,,,,,,,,,,,,,99220.0,101.64,
NSE:73GS2053,73GS2053,G-Sec,NSE,,,GS,Government Debt,,,,,97.42,,,,,,,,,,,,,,,,163.0,0.16,
NSE:741GS2036,741GS2036,G-Sec,NSE,,,GS,Government Debt,,,,,103.0,,,,,,,,,,,,,,,,21570.0,22.14,
NSE:743GS2076,743GS2076,G-Sec,NSE,,,GS,Government Debt,,,,,98.5,,,,,,,,,,,,,,,,11194.0,11.01,
NSE:746GS2073,746GS2073,G-Sec,NSE,,,GS,Government Debt,,,,,99.86,,,,,,,,,,,,,,,,5022.0,5.02,
NSE:74GS2062,74GS2062,G-Sec,NSE,,,GS,Government Debt,,,,,98.0,,,,,,,,,,,,,,,,1061.0,1.05,
NSE:750GS2056,750GS2056,G-Sec,NSE,,,GS,Government Debt,,,,,99.45,,,,,,,,,,,,,,,,200.0,0.2,
NSE:754GS2036,754GS2036,G-Sec,NSE,,,GS,Government Debt,,,,,104.66,,,,,,,,,,,,,,,,460675.0,482.53,
NSE:763GS2056,763GS2056,G-Sec,NSE,,,GS,Government Debt,,,,,100.5,,,,,,,,,,,,,,,,6001.0,6.04,
NSE:771GS2066,771GS2066,G-Sec,NSE,,,GS,Government Debt,,,,,103.05,,,,,,,,,,,,,,,,21454.0,22.14,
NSE:795GS2032,795GS2032,G-Sec,NSE,,,GS,Government Debt,,,,,102.35,,,,,,,,,,,,,,,,17413.0,17.96,
NSE:824GS2027,824GS2027,G-Sec,NSE,,,GS,Government Debt,,,,,103.3,,,,,,,,,,,,,,,,71.0,0.07,
NSE:826GS2027,826GS2027,G-Sec,NSE,,,GS,Government Debt,,,,,102.39,,,,,,,,,,,,,,,,1.0,0.0,
NSE:897GS2030,897GS2030,G-Sec,NSE,,,GS,Government Debt,,,,,115.0,,,,,,,,,,,,,,,,479.0,0.55,
NSE:92GS2030,92GS2030,G-Sec,NSE,,,GS,Government Debt,,,,,109.61,,,,,,,,,,,,,,,,34070.0,37.28,
BSE:07AGG,Nippon India Mutual Fund,ETF/Fund (BSE),BSE,543071,INF204KB10R1,F,ETF/Fund,,,,,11.42,,,,,,,,,,,,,,,,,0.0,
BSE:07GPG,Nippon India Mutual Fund,ETF/Fund (BSE),BSE,543079,INF204KB16R8,F,ETF/Fund,,,,,4.95,,,,,,,,,,,,,,,,,0.1,
BSE:09MPD,Nippon India Mutual Fund,ETF/Fund (BSE),BSE,543083,INF204KB10P5,F,ETF/Fund,,,,,10.69,,,,,,,,,,,,,,,,,0.0,
BSE:09GPG,Nippon India Mutual Fund,ETF/Fund (BSE),BSE,543092,INF204KB19O9,F,ETF/Fund,,,,,4.93,,,,,,,,,,,,,,,,,0.1,
BSE:UTCRFS2RGR,UTI Mutual Fund,ETF/Fund (BSE),BSE,543110,INF789F1ARQ7,F,ETF/Fund,,,,,8.55,,,,,,,,,,,,,,,,,0.1,
BSE:10AGG,Nippon India Mutual Fund,ETF/Fund (BSE),BSE,543161,INF204KB14P7,F,ETF/Fund,,,,,99.22,,,,,,,,,,,,,,,,,0.0,
BSE:10ARD,Nippon India Mutual Fund,ETF/Fund (BSE),BSE,543165,INF204KB17P0,F,ETF/Fund,,,,,93.0,,,,,,,,,,,,,,,,,0.0,
BSE:10GPG,Nippon India Mutual Fund,ETF/Fund (BSE),BSE,543167,INF204KB19P6,F,ETF/Fund,,,,,1.99,,,,,,,,,,,,,,,,,0.2,
