Symbol,Company,Sector,Industry,Cap Class,Market Cap (Cr),Price,52W High,52W Low,% Below 52W High,P/E,PE vs sector,P/B,Forward P/E,PEG,EV/EBITDA,FCF Yield %,Dividend/Share (annual),Dividend Yield %,Avg Annual Div (5y),Div Years Paid (of 5),Payout Ratio,ROE % (latest),ROE % (avg 4y),ROE % (worst yr),ROA,Operating Margin,Net Margin,Revenue CAGR %,Profit CAGR %,Profit yrs,Debt/Equity,Interest Cover,Cash Conversion (OCF/NI),Promoter %,Promoter chg 1y (pp),Institutional Held,Return 1y %,Return 3y %,Return 5y %,Volatility %,Max Drawdown 3y %,Price vs 200DMA %,Upside to target %,Analyst View,Beta,Score,Quality (0-100),Safety (0-100),Value (0-100),Income (0-100),Trend (0-100),Filtered Out Because,Selected
NSE:HBLENGINE,HBL Engineering Limited,Capital Goods,Electrical Equipment & Parts,Small,21567.0,778.05,1122.0,613.0,30.7,27.6,0.53,9.66,,,19.661,,4.0,0.51,0.54,5.0,10.6,,22.2,10.4,,21.1,23.4,34.2,102.1,4.0/4.0,3.0,109.6,0.91,59.11,0.0,55.4,-6.2,200.8,,52.5,-43.9,3.2,,none,0.066,71.7,71.0,64.0,72.0,77.0,78.0,,Y
NSE:MUTHOOTFIN,Muthoot Finance Limited,Financial Services,Credit Services,Large,108280.0,2697.1,4149.5,2671.0,35.0,9.5,0.45,2.67,8.4489,,,,30.0,1.11,22.4,5.0,10.6,31.7,19.8,16.7,6.4,74.6,55.5,38.0,43.1,4.0/4.0,393.6,,-4.48,73.35,0.0,16.9,-13.5,116.4,,30.8,-33.5,-18.0,23.8,hold,0.517,71.1,84.0,63.0,76.0,83.0,37.0,,Y
NSE:KARURVYSYA,Karur Vysya Bank Limited,Financial Services,Banks - Regional,Small,31489.0,325.75,358.65,208.5,9.2,11.5,0.55,2.23,9.888313,,,,2.6,0.8,1.52,5.0,7.6,,15.7,12.9,,56.7,41.3,18.7,31.4,4.0/4.0,,,-0.22,2.07,-0.03,42.6,55.7,208.0,,36.0,-23.1,7.3,11.7,strong_buy,-0.13,70.3,68.0,57.0,63.0,80.0,95.0,,Y
NSE:CAPLIPOINT,Caplin Point Laboratories Limited,Healthcare,Drug Manufacturers - Specialty & Generic,Small,19854.0,2612.0,2990.0,1500.3,12.6,29.9,0.57,5.65,23.595303,,24.087,,8.0,0.3,4.5,5.0,8.0,,19.1,17.9,,31.4,29.1,14.3,19.4,4.0/4.0,0.1,923.7,0.82,70.57,0.01,5.7,34.3,166.1,,37.8,-42.0,23.6,5.9,none,0.368,68.8,65.0,70.0,57.0,74.0,91.0,,Y
NSE:MAHABANK,Bank of Maharashtra,Financial Services,Banks - Regional,Mid,61917.0,80.5,94.5,54.66,14.8,8.2,0.39,1.73,6.44,,,,2.2,2.73,0.94,4.0,22.5,23.0,19.4,16.5,1.9,57.5,53.4,15.6,39.1,4.0/4.0,,,-1.62,73.6,-6.0,17.1,48.3,99.0,,39.5,-39.8,6.4,18.4,strong_buy,0.777,66.7,76.0,37.0,72.0,54.0,87.0,,Y
NSE:INDIANB,Indian Bank,Financial Services,Banks - Regional,Large,106834.0,793.15,1000.9,742.0,20.8,8.4,0.4,1.27,7.228761,,,,18.25,2.3,9.07,5.0,19.2,16.2,13.9,11.3,1.3,48.0,36.4,10.4,28.1,4.0/4.0,,,1.61,73.84,0.0,17.3,9.9,112.1,,37.5,-21.8,-8.5,27.8,strong_buy,0.285,66.0,54.0,77.0,78.0,87.0,47.0,,Y
NSE:NATIONALUM,National Aluminium Company Limited,Metals & Mining,Aluminum,Mid,61509.0,334.9,445.15,214.5,24.8,9.1,0.49,2.85,8.628134,,5.763,,4.0,1.19,6.7,5.0,35.4,,20.3,10.9,,47.6,34.9,7.8,59.3,4.0/4.0,0.3,341.3,1.11,51.28,0.0,22.0,61.7,283.5,,41.6,-42.1,-11.0,22.6,none,0.715,65.5,64.0,57.0,70.0,83.0,63.0,,Y
NSE:THANGAMAYL,Thangamayil Jewellery Limited,Consumer Durables,Luxury Goods,Small,15137.0,4870.0,7430.0,1939.5,34.5,38.7,0.8,10.69,26.719093,,26.199,,18.0,0.37,7.54,5.0,9.9,,20.3,10.8,,4.9,4.1,39.2,64.0,4.0/4.0,64.5,8.9,0.92,61.61,0.08,19.4,140.3,299.9,,47.4,-40.2,7.5,34.4,buy,0.564,65.5,61.0,45.0,64.0,75.0,98.0,,Y
NSE:GODFRYPHLP,Godfrey Phillips India Limited,Fast Moving Consumer Goods,Tobacco,Small,28852.0,1849.7,3486.0,1830.0,46.9,21.1,0.51,4.64,16.500446,0.27,19.901,,50.0,2.7,19.87,5.0,42.2,,21.3,19.5,,12.2,22.4,21.6,30.3,4.0/4.0,3.8,166.2,0.34,72.58,0.0,10.2,-44.1,177.3,,50.8,-49.8,-13.5,,none,0.32,65.4,68.0,59.0,82.0,88.0,30.0,,Y
NSE:GLAXO,GlaxoSmithKline Pharmaceuticals Limited,Healthcare,Drug Manufacturers - General,Mid,46756.0,2760.0,3120.7,2088.1,11.6,43.7,0.84,20.62,34.859486,,33.247,,57.0,2.06,47.6,5.0,90.4,,40.4,33.2,,29.8,27.0,5.7,19.3,4.0/4.0,1.5,515.6,0.87,75.0,0.0,9.8,5.4,90.3,,30.0,-37.8,10.2,11.6,none,0.079,65.3,68.0,75.0,45.0,62.0,75.0,,Y
NSE:PFC,Power Finance Corporation Limited,Financial Services,Credit Services,Mid,104943.0,318.0,486.5,313.35,34.6,4.0,0.19,0.73,3.517699,,,,15.6,4.91,12.97,5.0,18.5,,19.4,18.9,,85.5,54.5,16.2,17.7,4.0/4.0,536.8,1.6,-0.17,55.99,0.0,25.2,-18.9,61.6,,35.8,-38.5,-21.1,49.9,strong_buy,0.599,65.3,72.0,47.0,89.0,91.0,25.0,,Y
NSE:NAM-INDIA,Nippon Life India Asset Management Limited,Financial Services,Asset Management,Mid,66948.0,1046.0,1269.5,795.8,17.6,41.5,1.98,14.33,31.265629,,29.422,,21.5,2.06,14.8,5.0,85.2,,27.9,20.6,,71.1,52.5,26.1,28.3,4.0/4.0,1.6,282.7,0.96,71.8,-0.45,88.6,21.9,235.1,,36.3,-36.3,1.1,18.4,buy,0.63,65.2,86.0,45.0,20.0,87.0,90.0,,Y
NSE:OFSS,Oracle Financial Services Software Limited,Information Technology,Software - Infrastructure,Mid,90760.0,10420.0,12540.0,6234.5,16.9,26.6,1.0,13.1,22.98445,,19.16,3.4,665.0,6.38,250.0,5.0,102.2,49.9,28.7,24.2,30.9,59.6,38.2,10.4,13.5,4.0/4.0,0.6,1364.0,1.0,72.41,-0.15,13.3,24.8,171.2,,33.6,-49.0,12.5,25.2,none,0.506,64.6,71.0,56.0,42.0,67.0,89.0,,Y
NSE:GESHIP,The Great Eastern Shipping Company Limited,Services,Marine Shipping,Small,21535.0,1529.9,1798.0,1002.55,14.9,5.8,0.22,1.29,7.589041,,4.143,,57.6,3.76,25.62,5.0,13.4,,20.0,16.4,,54.4,60.3,-1.6,4.5,4.0/4.0,6.4,25.1,0.97,30.07,0.0,26.5,58.8,106.5,,35.9,-43.0,11.1,24.1,strong_buy,0.416,63.7,52.0,47.0,69.0,90.0,89.0,,Y
NSE:ACE,Action Construction Equipment Limited,Capital Goods,Farm & Heavy Construction Machinery,Small,14433.0,1212.6,1268.0,745.1,4.4,33.0,0.64,7.18,25.745224,,26.044,,2.0,0.16,1.22,5.0,5.4,,22.8,18.7,,13.8,12.8,15.0,34.2,4.0/4.0,0.4,26.2,1.01,65.42,0.01,7.3,13.5,73.1,,43.3,-53.2,26.5,8.9,strong_buy,0.387,63.6,66.0,59.0,49.0,71.0,77.0,,Y
NSE:DIXON,Dixon Technologies (India) Limited,Consumer Durables,Consumer Electronics,Mid,77218.0,12700.0,17505.0,9600.0,27.4,41.3,0.85,14.15,45.273163,,38.303,,10.0,0.08,3.8,5.0,2.6,,27.2,19.9,,2.3,3.6,58.6,77.9,4.0/4.0,18.5,16.6,1.24,28.55,-0.4,34.4,-22.8,150.6,,38.8,-48.9,5.9,15.8,buy,-0.151,63.3,74.0,44.0,57.0,69.0,67.0,,Y
NSE:GRSE,Garden Reach Shipbuilders & Engineers Limited,Capital Goods,Aerospace & Defense,Small,24205.0,2113.0,3339.0,1963.7,36.7,30.2,0.58,9.22,23.786118,,24.994,,19.6,0.93,9.19,5.0,25.5,,22.8,16.1,,7.5,10.7,40.0,48.6,4.0/4.0,1.4,63.3,-0.39,74.5,0.0,3.9,-19.5,173.6,,56.3,-54.9,-16.9,45.3,none,0.676,63.2,70.0,51.0,73.0,81.0,37.0,,Y
NSE:SOLARINDS,Solar Industries India Limited,Chemicals,Specialty Chemicals,Large,175551.0,19400.0,22700.0,11646.0,14.5,88.5,2.42,27.97,55.25453,,57.303,,11.0,0.06,8.0,5.0,4.5,,27.1,25.3,,25.5,17.5,12.4,30.4,4.0/4.0,23.3,18.7,0.37,73.15,0.0,45.0,45.7,329.0,,36.5,-33.1,18.5,15.7,buy,0.245,63.1,74.0,59.0,21.0,69.0,95.0,,Y
NSE:HAL,Hindustan Aeronautics Limited,Capital Goods,Aerospace & Defense,Large,307703.0,4601.0,5149.9,3479.1,10.7,33.0,0.64,7.5,26.64076,,32.705,,20.0,0.43,27.0,5.0,35.9,,24.2,22.2,,15.7,27.6,6.4,16.1,4.0/4.0,0.2,2099.8,1.2,71.64,0.0,16.3,-3.2,139.8,,33.4,-44.5,4.6,19.9,buy,0.499,62.9,57.0,66.0,53.0,76.0,76.0,,Y
NSE:BEL,Bharat Electronics Limited,Capital Goods,Aerospace & Defense,Large,280038.0,383.1,473.45,378.65,19.1,45.7,0.88,11.67,34.084755,,33.163,,2.5,0.65,1.85,5.0,33.9,,24.5,21.5,,22.1,21.4,15.5,26.6,4.0/4.0,0.3,1239.9,0.25,51.14,0.0,29.0,-5.2,186.7,,31.3,-26.9,-8.7,28.4,strong_buy,0.284,62.9,72.0,66.0,49.0,79.0,45.0,,Y
NSE:AIIL,Authum Investment & Infrastructure Limited,Financial Services,Capital Markets,Mid,45773.0,539.0,683.0,400.0,21.1,28.1,1.34,3.11,,,,,0.2,0.04,0.06,1.0,0.0,,52.3,13.1,,92.4,82.1,44.4,-23.5,4.0/4.0,24.6,12.8,0.75,68.81,0.02,7.1,-12.6,,,52.5,-39.3,4.1,,none,-0.022,62.6,70.0,78.0,48.0,30.0,67.0,,Y
NSE:HINDCOPPER,Hindustan Copper Limited,Metals & Mining,Copper,Mid,44870.0,464.0,760.05,308.5,39.0,39.5,2.12,13.44,22.415459,,25.082,,4.32,0.93,0.96,5.0,20.9,,18.0,12.9,,48.9,32.5,22.5,45.9,4.0/4.0,3.3,4111.4,1.6,66.14,0.0,8.4,38.6,191.0,,48.1,-52.8,-12.9,54.1,none,1.512,62.6,74.0,59.0,39.0,81.0,59.0,,Y
NSE:ABSLAMC,Aditya Birla Sun Life AMC Limited,Financial Services,Asset Management,Small,28269.0,976.9,1224.9,708.0,20.2,28.1,1.34,6.98,22.498693,,18.783,,25.5,2.57,11.84,5.0,69.0,,24.4,23.7,,65.1,47.6,14.6,17.8,4.0/4.0,1.6,253.6,0.83,74.71,-0.17,44.7,27.1,154.2,,31.3,-33.1,-1.1,17.4,buy,0.364,62.6,75.0,59.0,36.0,88.0,55.0,,Y
NSE:TORNTPHARM,Torrent Pharmaceuticals Limited,Healthcare,Drug Manufacturers - Specialty & Generic,Large,181333.0,4767.3,5250.0,3480.6,9.2,76.3,1.47,19.23,51.178196,,38.061,,38.0,0.8,24.7,5.0,60.7,,23.8,20.1,,21.8,13.9,13.3,20.2,4.0/4.0,85.4,8.5,1.4,68.31,0.0,19.5,34.8,166.7,,23.7,-17.0,6.8,13.9,none,0.137,62.5,66.0,63.0,26.0,80.0,91.0,,Y
NSE:MAZDOCK,Mazagon Dock Shipbuilders Limited,Capital Goods,Aerospace & Defense,Mid,83258.0,2064.0,2929.7,2031.2,29.5,31.1,0.6,8.53,26.801039,,29.442,,20.83,1.01,10.6,5.0,24.4,,27.9,23.5,,14.2,20.1,19.6,32.2,4.0/4.0,4.5,46.1,-1.03,81.22,0.0,6.3,-26.8,102.4,,50.6,-44.6,-15.0,21.6,hold,0.617,62.5,74.0,53.0,69.0,82.0,28.0,,Y
NSE:RECLTD,REC Limited,Financial Services,Credit Services,Mid,75771.0,287.75,388.3,286.2,25.9,4.7,0.22,0.9,4.32035,,,,6.2,2.15,14.46,5.0,32.2,,19.8,19.2,,96.9,68.9,14.4,13.5,4.0/4.0,607.5,,0.37,52.63,0.0,23.6,-19.9,33.1,,36.0,-50.7,-17.1,44.7,buy,0.318,62.1,69.0,46.0,85.0,87.0,20.0,,Y
NSE:CUMMINSIND,Cummins India Limited,Capital Goods,Specialty Industrial Machinery,Large,134719.0,4860.0,6100.0,3882.5,20.3,56.8,1.09,15.9,42.372353,,47.489,,66.0,1.36,29.6,5.0,62.6,,25.4,21.3,,20.5,18.7,16.1,24.4,4.0/4.0,0.4,249.7,0.73,51.0,0.0,29.8,27.9,193.3,,29.0,-34.3,-3.2,21.5,buy,0.527,62.0,71.0,59.0,42.0,84.0,58.0,,Y
NSE:J&KBANK,The Jammu & Kashmir Bank Limited,Financial Services,Banks - Regional,Small,15417.0,140.0,201.75,97.35,30.6,6.7,0.32,0.91,5.5555553,,,,2.15,1.43,0.96,3.0,10.3,14.6,13.9,11.9,1.2,38.0,34.2,8.2,26.0,4.0/4.0,,,-0.48,59.4,0.0,11.0,34.4,37.0,,43.9,-38.9,3.9,55.7,none,0.46,61.8,52.0,53.0,85.0,48.0,75.0,,Y
NSE:WELCORP,Welspun Corp Limited,Capital Goods,Steel,Mid,68038.0,2580.1,2900.0,710.0,11.0,29.5,0.57,7.43,23.447195,,27.96,,5.0,0.19,5.0,5.0,11.4,,16.8,4.4,,13.9,13.3,19.5,98.4,4.0/4.0,25.0,11.5,1.99,49.73,-0.11,28.3,205.7,591.1,,45.3,-25.3,87.1,1.1,strong_buy,0.532,61.8,53.0,49.0,55.0,72.0,100.0,,Y
NSE:IKS,Inventurus Knowledge Solutions Limited,Information Technology,Health Information Services,Small,29842.0,1778.9,1970.0,1262.0,9.7,39.7,1.5,10.63,25.770489,,25.929,,0.0,,,,0.0,,30.4,25.8,,29.2,22.8,45.8,33.2,4.0/4.0,26.9,13.9,0.93,63.72,0.0,9.8,22.2,,,39.8,-40.6,7.8,13.4,buy,,61.5,86.0,51.0,26.0,27.0,88.0,,Y
NSE:IRCTC,Indian Railway Catering And Tourism Corporation Limited,Consumer Services,Travel Services,Mid,36320.0,454.0,735.75,446.5,38.3,26.0,0.46,8.43,20.267857,,20.182,,9.0,1.98,5.9,5.0,54.5,,35.8,32.3,,27.3,25.7,13.8,11.5,4.0/4.0,1.9,103.9,0.91,62.4,0.0,16.9,-34.8,-32.7,,31.7,-58.7,-16.0,37.0,buy,0.167,61.4,70.0,60.0,79.0,87.0,4.0,,Y
NSE:FEDERALBNK,The Federal Bank  Limited,Financial Services,Banks - Regional,Mid,78604.0,318.2,371.7,191.8,14.4,17.0,0.81,1.96,11.298581,,,,1.2,0.38,1.18,5.0,6.4,,12.5,10.9,,43.0,30.7,16.6,11.1,4.0/4.0,,,1.0,0.0,0.0,60.5,64.8,119.1,,27.5,-18.1,4.2,14.9,buy,0.27,61.4,48.0,57.0,59.0,75.0,91.0,,
NSE:NMDC,NMDC Limited,Metals & Mining,Steel,Mid,65622.0,74.64,97.49,72.24,23.4,8.9,0.48,1.92,7.2200704,,6.531,,2.0,2.68,3.08,5.0,41.3,,22.6,21.7,,34.8,23.2,22.0,10.0,4.0/4.0,18.8,84.7,0.67,60.79,0.0,20.5,1.0,66.3,,33.6,-35.8,-11.3,20.0,hold,0.641,60.8,71.0,52.0,70.0,63.0,36.0,,
NSE:NUVAMA,Nuvama Wealth Management Limited,Financial Services,Asset Management,Small,31115.0,1686.3,2066.0,1096.9,18.4,29.0,1.38,7.45,20.088877,,,,28.0,1.65,11.34,2.0,48.1,,22.2,13.5,,37.2,28.1,20.0,50.5,4.0/4.0,282.3,2.5,-2.89,53.98,-0.75,18.5,33.6,,,44.9,-32.4,10.7,20.5,none,0.377,60.7,76.0,45.0,33.0,48.0,92.0,,Y
NSE:ADANIPORTS,Adani Ports and Special Economic Zone Limited,Services,Marine Shipping,Large,400382.0,1737.8,1891.1,1292.0,8.1,29.7,1.13,4.17,22.229424,,19.727,,7.5,0.43,5.6,5.0,12.8,,14.5,11.7,,44.6,32.4,22.9,34.1,4.0/4.0,64.1,5.0,1.59,66.03,0.14,23.3,22.7,107.2,,36.7,-33.8,6.7,17.8,strong_buy,0.493,60.6,66.0,55.0,31.0,76.0,84.0,,Y
NSE:COALINDIA,Coal India Limited,Oil Gas & Consumable Fuels,Thermal Coal,Large,259081.0,420.4,491.25,369.6,14.4,8.3,0.73,2.18,7.418175,0.87,5.325,,21.0,5.0,23.5,5.0,52.2,,39.3,26.1,,21.1,18.1,9.3,-0.7,4.0/4.0,11.6,49.9,1.39,61.13,-2.0,27.0,15.6,87.0,,28.2,-30.8,-3.5,12.1,buy,-0.047,60.5,59.0,63.0,56.0,91.0,45.0,,Y
NSE:SBIN,State Bank of India,Financial Services,Banks - Regional,Large,880693.0,954.1,1234.7,857.25,22.7,10.2,0.49,1.42,9.072846,0.53,,,17.35,1.82,10.4,5.0,18.6,15.2,15.4,14.0,1.1,35.7,22.4,12.2,14.4,4.0/4.0,,,0.46,55.47,-0.03,29.3,12.4,68.7,,24.5,-23.9,-8.7,32.4,strong_buy,0.386,60.4,54.0,56.0,76.0,86.0,42.0,,Y
NSE:HUDCO,Housing & Urban Development Corporation Limited,Financial Services,Credit Services,Small,32335.0,161.52,246.85,159.0,34.6,7.6,0.36,1.47,6.73,,,,6.0,3.71,4.0,5.0,26.4,,14.3,11.0,,90.6,90.7,10.0,33.3,4.0/4.0,645.8,,-8.41,75.0,0.0,10.3,-28.3,142.8,,44.4,-50.8,-17.6,57.9,none,0.818,60.4,59.0,47.0,84.0,90.0,31.0,,Y
NSE:ANANDRATHI,Anand Rathi Wealth Limited,Financial Services,Asset Management,Mid,35159.0,2117.5,2268.4,1353.85,6.7,76.9,3.66,35.22,62.917847,,53.895,,7.0,0.33,3.5,4.0,23.6,,38.7,34.7,,48.5,33.2,27.9,33.0,4.0/4.0,8.2,34.9,0.71,41.37,-1.35,31.2,47.3,511.9,,29.1,-26.9,16.8,-23.7,none,0.337,60.2,89.0,43.0,10.0,40.0,96.0,,
NSE:ENRIN,Siemens Energy India Limited,Capital Goods,Utilities - Renewable,Large,118731.0,3334.0,3968.0,2115.0,16.0,80.0,1.54,24.67,59.21905,,57.878,,4.0,0.12,0.0,0.0,9.6,,21.9,18.7,,21.9,15.8,,,2.0/2.0,4.5,53.7,3.34,75.0,0.0,55.5,-1.8,,,37.1,-41.1,8.0,15.6,buy,,60.1,71.0,76.0,29.0,30.0,74.0,,Y
NSE:INDUSTOWER,Indus Towers Limited,Telecommunication,Telecom Services,Mid,99225.0,376.25,481.5,337.8,21.9,13.9,0.31,2.4,12.319566,,7.541,3.81,14.0,3.72,5.76,2.0,0.0,18.9,20.1,9.7,9.7,31.2,21.8,4.6,51.9,4.0/4.0,51.8,6.2,2.2,51.26,1.26,33.4,10.9,112.4,,34.9,-30.7,-9.1,16.1,hold,0.046,59.7,56.0,64.0,74.0,52.0,48.0,,Y
NSE:EICHERMOT,Eicher Motors Limited,Automobile and Auto Components,Auto Manufacturers,Large,189969.0,6920.0,8230.0,6442.0,15.9,32.9,0.93,7.56,25.385378,,31.943,,82.0,1.18,39.2,5.0,33.3,,21.5,19.4,,19.8,23.2,17.5,23.7,4.0/4.0,2.0,100.3,0.87,49.02,-0.05,26.0,-0.4,111.8,,26.2,-19.6,-6.5,20.7,buy,0.224,59.6,68.0,62.0,44.0,83.0,42.0,,Y
NSE:LUPIN,Lupin Limited,Healthcare,Drug Manufacturers - Specialty & Generic,Mid,92885.0,2031.2,2529.5,1900.0,19.7,16.8,0.32,4.14,19.88081,,10.603,,18.0,0.89,6.9,5.0,9.9,,14.9,3.5,,25.4,18.5,19.1,131.5,4.0/4.0,29.4,17.7,1.38,46.85,-0.05,34.9,3.3,78.9,,26.2,-22.2,-10.3,22.0,hold,0.163,59.6,58.0,56.0,71.0,81.0,39.0,,Y
NSE:NATCOPHARM,Natco Pharma Limited,Healthcare,Drug Manufacturers - Specialty & Generic,Small,15070.0,819.0,1226.8,792.05,33.2,12.9,0.25,1.59,17.29064,,12.428,,5.95,0.72,5.95,5.0,7.8,,19.6,14.7,,19.0,32.8,14.5,25.6,4.0/4.0,7.7,58.8,1.25,49.42,-0.14,13.0,2.4,-3.3,,33.8,-53.0,-13.2,22.6,none,0.163,59.6,61.0,51.0,82.0,79.0,25.0,,Y
NSE:CUB,City Union Bank Limited,Financial Services,Banks - Regional,Small,22788.0,230.0,248.85,157.91,7.6,16.3,0.78,2.16,11.88278,,,,2.0,0.87,0.9,5.0,10.6,,12.3,11.9,,51.0,37.8,9.1,12.3,4.0/4.0,,,0.61,0.0,0.0,51.7,46.0,139.1,,33.9,-23.3,10.9,11.4,buy,0.357,59.6,46.0,52.0,57.0,80.0,90.0,,
NSE:MCX,Multi Commodity Exchange of India Limited,Financial Services,Financial Data & Stock Exchanges,Mid,81546.0,3204.0,3481.4,1596.0,8.0,52.9,2.52,19.38,39.583183,,37.925,,8.0,0.25,4.07,5.0,9.9,,23.1,6.0,,69.6,55.6,67.9,107.5,4.0/4.0,0.1,4696.4,2.28,,,51.4,100.8,819.4,,38.8,-34.7,15.4,7.4,strong_buy,0.685,59.6,77.0,40.0,12.0,73.0,99.0,,
NSE:LALPATHLAB,Dr. Lal Path Labs Ltd.,Healthcare,Diagnostics & Research,Small,33312.0,1995.0,2038.6,1272.6,2.1,61.4,1.18,13.28,45.712708,,40.993,,20.0,1.0,9.9,5.0,43.2,,19.1,14.3,,25.5,18.7,11.1,28.3,4.0/4.0,7.8,30.3,1.26,53.19,-0.02,32.2,27.8,78.2,,31.5,-35.7,24.9,-0.9,buy,0.188,59.3,62.0,59.0,28.0,82.0,80.0,,
NSE:NESTLEIND,Nestle India Limited,Fast Moving Consumer Goods,Packaged Foods,Large,252166.0,1307.7,1553.0,1158.6,15.8,66.2,1.59,48.9,52.63626,,44.84,,12.0,0.92,10.77,5.0,35.4,,95.3,80.0,,21.2,15.6,17.0,23.1,3.0/3.0,8.6,37.9,,62.76,0.0,17.3,13.3,20.3,,19.2,-22.0,-4.2,21.7,buy,0.419,59.1,77.0,66.0,29.0,81.0,34.0,,Y
NSE:INDIAMART,Indiamart Intermesh Limited,Consumer Services,Internet Retail,Mid,97551.0,1622.0,2525.9,1590.1,35.8,19.8,0.35,4.39,15.590761,,11.998,0.93,30.0,1.85,17.7,5.0,36.7,23.1,19.5,13.8,7.2,33.8,30.6,16.8,18.7,4.0/4.0,1.0,218.4,1.46,49.07,-0.1,13.6,-30.5,-44.7,,32.2,-46.3,-18.5,29.1,none,0.254,58.8,63.0,56.0,81.0,86.0,3.0,,Y
NSE:PERSISTENT,Persistent Systems Limited,Information Technology,Information Technology Services,Mid,83849.0,5367.0,6599.0,4244.5,18.7,43.9,1.66,9.97,30.274784,3.35,29.6,1.0,36.0,0.67,22.3,5.0,30.3,25.2,22.8,22.1,14.8,16.0,12.2,20.9,26.5,4.0/4.0,6.9,34.2,0.95,30.29,-0.27,44.3,9.1,84.2,,34.8,-35.0,1.0,4.2,hold,0.079,58.8,72.0,51.0,21.0,79.0,76.0,,Y
NSE:LGEINDIA,LG Electronics India Limited,Consumer Durables,Consumer Electronics,Large,116206.0,1712.0,1755.0,1304.1,2.5,63.7,1.31,15.16,42.93779,,42.878,,0.0,,,,0.0,,22.0,22.0,,11.0,7.1,,,1.0/1.0,6.0,57.7,1.02,85.0,0.0,7.2,,,,,,10.6,10.2,buy,,58.8,63.0,71.0,25.0,27.0,100.0,,Y
NSE:ANTHEM,Anthem Biosciences Limited,Healthcare,Biotechnology,Mid,48223.0,858.5,977.55,579.15,12.2,85.0,1.63,15.85,56.796494,,58.483,,2.0,0.23,0.0,0.0,19.8,,19.8,18.7,,28.8,28.7,26.2,15.4,4.0/4.0,1.8,127.0,1.43,71.42,-3.27,12.9,11.3,,,30.5,-31.5,14.3,5.4,none,,58.7,69.0,68.0,25.0,32.0,84.0,,
NSE:BSE,BSE Limited,Financial Services,Financial Data & Stock Exchanges,Large,123707.0,3046.0,4446.8,2050.0,31.5,44.2,2.1,15.69,34.101826,,25.462,,10.0,0.33,4.7,5.0,0.0,,24.8,8.2,,80.1,48.9,76.5,124.5,4.0/4.0,0.0,20620.6,1.24,0.0,0.0,24.4,46.7,620.3,,49.3,-36.5,-8.5,22.6,hold,0.443,58.6,80.0,42.0,26.0,74.0,63.0,,Y
NSE:ENGINERSIN,Engineers India Limited,Construction,Engineering & Construction,Small,17536.0,312.0,321.4,163.55,2.9,22.4,0.92,5.59,22.127659,,21.362,,5.0,1.6,3.2,5.0,32.2,,20.3,17.7,,14.2,20.2,5.7,25.9,4.0/4.0,0.5,423.8,0.46,51.32,0.0,17.8,58.3,123.2,,43.2,-48.6,36.9,-4.3,strong_buy,0.939,58.6,55.0,49.0,37.0,85.0,91.0,,Y
NSE:POLYCAB,Polycab India Limited,Capital Goods,Electrical Equipment & Parts,Large,120357.0,7990.0,10126.0,6663.0,21.1,42.2,0.81,9.95,31.463707,,26.771,1.5,47.0,0.59,21.8,5.0,24.8,25.5,20.9,19.1,13.4,12.7,9.2,26.6,28.1,4.0/4.0,1.7,19.5,1.43,61.46,-1.55,16.3,9.2,56.9,,33.5,-37.9,-5.0,25.0,buy,0.635,58.6,69.0,51.0,55.0,78.0,38.0,,
NSE:INDHOTEL,The Indian Hotels Company Limited,Consumer Services,Lodging,Mid,103866.0,718.0,757.4,565.0,5.2,47.6,0.84,7.83,38.487392,,29.795,,3.25,0.45,1.16,5.0,21.6,,14.7,12.6,,24.4,20.9,18.6,27.6,4.0/4.0,19.0,14.2,1.19,38.12,0.0,37.1,-0.3,71.2,,31.4,-35.6,4.9,16.1,buy,-0.162,58.6,60.0,57.0,41.0,76.0,69.0,,
NSE:CANBK,Canara Bank,Financial Services,Banks - Regional,Large,107360.0,118.36,162.89,116.51,27.3,5.4,0.26,0.91,5.084865,,,,4.2,3.55,2.18,4.0,19.2,,16.1,14.4,,44.1,43.1,5.0,20.5,4.0/4.0,,,0.4,62.93,0.0,18.2,-1.2,78.2,,34.2,-35.2,-12.8,26.5,buy,0.498,58.5,55.0,57.0,85.0,55.0,36.0,,Y
NSE:MOTILALOFS,Motilal Oswal Financial Services Limited,Financial Services,Capital Markets,Mid,59689.0,989.9,1097.1,614.9,9.8,30.7,1.46,4.62,16.773624,,,,11.0,1.11,3.2,5.0,18.6,,20.0,14.5,,51.3,23.0,29.1,26.1,4.0/4.0,165.8,2.9,-3.25,67.2,-0.6,29.2,10.9,15.7,,53.9,-75.8,15.9,13.2,none,0.362,58.4,76.0,34.0,35.0,83.0,65.0,,
NSE:SUNTV,Sun TV Network Limited,Media Entertainment & Publication,Broadcasting,Small,23657.0,600.3,663.9,447.2,9.6,15.5,0.4,1.87,13.489887,,6.899,,20.0,3.33,14.85,5.0,32.2,,15.7,11.4,,43.9,34.0,4.7,-5.5,4.0/4.0,0.8,140.4,1.25,75.0,0.0,13.6,1.8,6.2,,30.6,-48.3,11.1,5.6,buy,0.13,58.4,40.0,73.0,61.0,90.0,59.0,,Y
NSE:CEMPRO,Cemindia Projects Limited,Construction,Engineering & Construction,Small,20271.0,1180.0,1649.2,503.3,28.5,33.7,1.39,8.45,20.687237,,19.656,,3.0,0.25,1.0,5.0,14.3,,18.4,10.0,,8.5,5.9,25.5,68.8,4.0/4.0,37.7,6.9,0.84,67.46,0.0,7.5,45.0,415.1,,48.1,-45.3,23.0,32.6,none,0.82,58.3,59.0,39.0,43.0,73.0,95.0,,Y
NSE:ADANIPOWER,Adani Power Limited,Power,Utilities - Independent Power Producers,Large,378385.0,196.21,254.2,128.1,22.8,26.5,0.98,5.83,24.734234,,19.651,,0.0,,,,0.0,,31.7,19.8,,35.9,24.1,12.5,6.2,4.0/4.0,82.3,6.2,1.6,74.96,0.0,19.0,28.7,160.1,,49.2,-50.0,3.8,28.7,buy,0.455,58.3,65.0,48.0,49.0,27.0,89.0,,Y
NSE:HDFCAMC,HDFC Asset Management Company Limited,Financial Services,Asset Management,Mid,99034.0,2308.1,2967.25,2205.6,22.2,33.6,1.6,10.71,26.361881,,23.378,,54.0,2.34,28.4,5.0,78.8,,28.0,23.3,,80.2,61.6,23.9,26.2,4.0/4.0,2.4,279.5,0.88,52.34,-0.08,27.4,-15.1,83.5,,30.3,-24.8,-10.6,33.3,strong_buy,0.55,58.2,86.0,46.0,28.0,88.0,30.0,,
NSE:EMCURE,Emcure Pharmaceuticals Limited,Healthcare,Drug Manufacturers - Specialty & Generic,Mid,36690.0,1934.0,2100.7,1306.5,7.9,36.3,0.7,7.41,24.920025,,20.1,,3.6,0.19,0.6,1.0,5.6,,18.0,15.3,,15.4,10.4,15.4,20.2,4.0/4.0,30.6,11.4,1.02,77.83,-0.08,9.6,49.4,,,35.4,-40.7,14.0,15.1,none,-0.068,58.2,56.0,55.0,49.0,33.0,96.0,,
NSE:HEROMOTOCO,Hero MotoCorp Limited,Automobile and Auto Components,Auto Manufacturers,Mid,103433.0,5168.0,6388.5,4671.5,19.1,19.0,0.54,4.78,15.87117,,12.812,,185.0,3.58,121.0,5.0,64.3,,21.8,16.9,,11.6,10.7,11.7,26.9,4.0/4.0,3.6,96.0,1.45,34.73,-0.01,37.5,-1.6,91.0,,25.8,-42.2,-2.7,21.2,buy,0.468,58.2,58.0,53.0,63.0,90.0,38.0,,Y
NSE:ECLERX,eClerx Services Limited,Services,Information Technology Services,Small,16593.0,1803.1,2497.5,1320.0,27.8,23.4,0.89,6.51,,,,,1.0,0.06,0.43,5.0,,,25.6,22.8,,,,15.8,13.0,4.0/4.0,15.0,23.2,1.24,54.52,0.0,,-9.2,104.0,,39.5,-46.4,,,,,58.2,69.0,52.0,56.0,69.0,36.0,,
NSE:ICICIBANK,ICICI Bank Limited,Financial Services,Banks - Regional,Large,940802.0,1310.6,1480.0,1187.6,11.4,16.9,0.8,2.47,13.942553,0.53,,,12.0,0.92,7.2,5.0,14.2,16.1,16.1,14.9,2.1,38.5,27.5,18.1,16.8,4.0/4.0,,,1.24,0.0,0.0,59.3,-3.7,36.0,,20.2,-18.4,-3.0,33.3,strong_buy,0.26,58.0,62.0,57.0,62.0,81.0,28.0,,Y
NSE:BAJAJ-AUTO,Bajaj Auto Limited,Automobile and Auto Components,Auto Manufacturers,Large,276040.0,10045.0,12470.0,8491.5,19.4,23.9,0.67,7.23,21.139362,1.31,17.627,,150.0,1.49,142.0,5.0,35.7,,23.9,20.6,,21.5,16.3,19.5,21.0,4.0/4.0,56.4,12.9,0.24,55.01,-0.03,16.5,18.1,117.3,,24.5,-42.3,-1.9,15.8,buy,0.635,58.0,72.0,33.0,52.0,85.0,51.0,,Y
NSE:ZYDUSLIFE,Zydus Lifesciences Limited,Healthcare,Drug Manufacturers - Specialty & Generic,Large,114284.0,1145.7,1232.1,835.5,7.0,25.5,0.49,4.25,,,,,1.0,0.09,5.2,5.0,,,17.0,11.2,,,,16.5,37.0,4.0/4.0,42.3,19.1,0.42,75.01,0.02,,15.7,81.7,,25.0,-36.8,,,,,57.9,61.0,59.0,56.0,70.0,45.0,,Y
NSE:GVT&D,GE Vernova T&D India Limited,Capital Goods,Specialty Industrial Machinery,Large,108902.0,4253.2,5650.0,2523.2,24.7,83.3,1.6,40.48,52.98825,,61.047,,10.0,0.24,1.4,2.0,9.8,,23.6,-0.1,,24.4,19.4,31.1,,3.0/4.0,0.9,112.8,1.39,51.0,0.0,29.7,38.7,1087.1,,45.6,-39.9,3.5,26.8,buy,0.62,57.8,60.0,59.0,37.0,35.0,95.0,,
NSE:ICICIAMC,ICICI Prudential Asset Management Company Limited,Financial Services,Asset Management,Large,152133.0,3078.0,3611.0,2530.0,14.8,43.8,2.09,36.47,33.314312,,31.751,,24.8,0.8,0.0,0.0,38.7,,72.8,65.5,,73.7,55.5,28.9,29.6,4.0/4.0,4.1,249.0,0.99,87.6,0.01,60.6,,,,,,-0.6,19.3,buy,,57.6,92.0,92.0,16.0,39.0,0.0,,Y
NSE:CASTROLIND,Castrol India Limited,Oil Gas & Consumable Fuels,Oil & Gas Refining & Marketing,Small,19604.0,198.2,207.2,170.1,4.3,18.5,1.62,10.29,16.769665,,12.532,3.6,12.5,6.28,7.8,5.0,81.6,57.0,43.7,40.7,24.9,24.8,17.1,6.2,5.2,4.0/4.0,2.8,139.0,1.15,51.0,0.0,17.7,5.3,57.7,,30.2,-38.4,6.8,11.4,none,0.311,57.6,62.0,62.0,20.0,91.0,70.0,,Y
NSE:INOXINDIA,INOX India Limited,Capital Goods,Specialty Industrial Machinery,Small,19604.0,2156.1,2339.5,1068.2,7.8,77.1,1.48,17.51,47.007996,,58.952,,2.0,0.09,0.4,1.0,7.1,,26.8,23.1,,17.9,15.7,18.2,18.6,4.0/4.0,7.3,48.1,0.45,74.86,-0.14,9.2,84.3,,,39.2,-39.0,37.5,-0.1,none,0.527,57.5,70.0,51.0,24.0,31.0,98.0,,
NSE:UNIONBANK,Union Bank of India,Financial Services,Banks - Regional,Large,127932.0,167.59,205.49,135.3,18.4,6.2,0.3,0.92,6.2578645,,,,5.0,2.98,2.65,4.0,36.1,15.8,13.8,10.8,1.3,48.8,40.5,7.6,31.7,4.0/4.0,,,-1.84,74.76,0.0,15.1,24.4,93.8,,40.0,-38.9,-4.5,17.4,buy,0.9,57.4,52.0,53.0,79.0,54.0,49.0,,Y
NSE:HINDZINC,Hindustan Zinc Limited,Metals & Mining,Other Industrial Metals & Mining,Large,234526.0,555.05,733.0,453.5,24.3,13.7,0.74,10.36,12.402908,,8.732,,21.0,3.78,29.1,5.0,27.2,,67.8,51.1,,54.7,38.1,5.6,9.6,4.0/4.0,39.0,25.3,1.23,60.71,-1.13,5.5,17.4,93.0,,37.1,-48.0,-5.4,15.5,buy,0.673,57.2,68.0,37.0,61.0,65.0,47.0,,Y
NSE:KALYANKJIL,Kalyan Jewellers India Limited,Consumer Durables,Luxury Goods,Mid,54581.0,528.5,648.95,327.05,18.6,38.2,0.79,8.64,27.24245,,25.184,,2.5,0.47,0.64,3.0,10.8,,15.6,11.9,,4.9,3.7,36.4,46.1,4.0/4.0,97.0,5.9,0.98,62.86,0.04,20.8,14.0,135.0,,45.5,-57.9,15.6,43.9,none,-0.225,57.1,57.0,49.0,54.0,40.0,84.0,,Y
NSE:WAAREEENER,Waaree Energies Limited,Capital Goods,Solar,Mid,67310.0,2340.0,3718.8,2301.1,37.1,17.7,0.34,4.66,14.276233,,10.015,,4.0,0.17,0.4,1.0,1.5,,25.5,19.7,,14.0,12.7,57.8,97.4,4.0/4.0,21.4,27.8,0.44,64.12,-0.18,9.1,-29.7,,,47.0,-42.5,-18.8,39.6,buy,,57.1,80.0,45.0,82.0,33.0,4.0,,Y
NSE:TRITURBINE,Triveni Turbine Limited,Capital Goods,Specialty Industrial Machinery,Small,16836.0,529.6,787.6,428.35,32.8,50.2,0.97,11.63,34.22851,,38.111,,4.0,0.75,2.27,4.0,40.2,,26.7,24.2,,9.5,14.9,20.4,22.0,4.0/4.0,2.5,187.4,0.32,55.84,0.0,26.0,2.0,35.9,,45.6,-47.2,-5.7,29.5,buy,0.529,56.9,67.0,52.0,56.0,70.0,31.0,,
NSE:COFORGE,Coforge Limited,Information Technology,Information Technology Services,Mid,80899.0,1826.0,2021.2,1008.1,9.7,37.5,1.42,6.43,25.566042,,21.268,,16.0,0.88,12.84,5.0,24.6,,18.5,12.7,,16.0,9.6,26.9,30.9,4.0/4.0,7.5,13.2,1.15,0.0,0.0,59.2,14.9,72.5,,36.6,-45.6,21.7,8.5,buy,0.314,56.7,64.0,46.0,27.0,81.0,77.0,,
NSE:IDBI,IDBI Bank Limited,Financial Services,Banks - Regional,Mid,93653.0,87.1,118.38,61.01,26.4,10.0,0.48,1.33,17.775509,0.51,,,2.1,2.43,0.92,3.0,24.2,13.9,11.3,8.0,2.2,54.2,48.6,7.9,35.5,4.0/4.0,,,1.82,94.71,0.0,49.8,-6.3,30.4,,45.3,-47.0,0.6,,none,0.838,56.7,48.0,49.0,80.0,51.0,59.0,,
NSE:GABRIEL,Gabriel India Limited,Automobile and Auto Components,Auto Parts,Small,25104.0,1310.0,1600.0,795.7,18.1,74.3,2.09,13.77,32.955975,,51.503,,5.0,0.38,3.08,5.0,27.4,,18.0,15.2,,6.4,5.2,16.3,24.0,4.0/4.0,10.6,24.7,1.37,66.29,11.29,15.3,6.4,325.1,,45.1,-37.4,16.5,21.2,buy,0.711,56.6,53.0,61.0,26.0,75.0,86.0,,Y
NSE:LICHSGFIN,LIC Housing Finance Limited,Financial Services,Mortgage Finance,Small,27998.0,509.0,598.2,458.9,14.9,4.9,0.23,0.68,4.669868,,,,10.0,1.96,8.9,5.0,9.6,,13.6,10.6,,82.4,65.2,10.3,24.7,4.0/4.0,642.5,,-1.52,45.24,0.0,74.8,-10.0,16.0,,30.8,-41.8,-4.5,15.9,buy,0.228,56.6,53.0,51.0,79.0,87.0,21.0,,
NSE:VIJAYA,Vijaya Diagnostic Centre Limited,Healthcare,Diagnostics & Research,Small,14657.0,1423.0,1593.6,848.0,10.7,78.4,1.51,15.29,51.801968,,39.964,,2.0,0.14,1.0,4.0,11.0,,17.4,15.5,,31.8,21.9,21.0,26.9,4.0/4.0,44.2,8.4,1.56,52.51,-0.12,39.4,43.0,202.1,,41.5,-30.5,18.6,8.2,strong_buy,0.357,56.6,70.0,47.0,26.0,36.0,93.0,,
NSE:IREDA,Indian Renewable Energy Development Agency Limited,Financial Services,Credit Services,Small,31182.0,111.0,158.7,107.4,30.1,15.8,0.75,2.26,11.269035,,,,1.5,1.35,0.0,0.0,8.5,,14.8,13.6,,85.4,69.3,34.5,29.4,4.0/4.0,565.7,1.9,-7.72,71.76,0.0,4.2,-26.4,,,49.4,-62.4,-10.4,30.6,none,0.025,56.6,73.0,60.0,69.0,43.0,6.0,,
NSE:BAJFINANCE,Bajaj Finance Limited,Financial Services,Credit Services,Large,589929.0,948.3,1176.4,787.9,19.4,29.1,1.39,5.17,18.76588,,,,5.4,0.57,3.04,5.0,16.6,,18.5,16.7,,61.6,43.5,22.6,18.2,4.0/4.0,314.8,,-3.46,54.67,-0.06,27.5,-3.4,28.7,,28.3,-26.7,-2.5,23.3,buy,0.308,56.5,73.0,57.0,40.0,78.0,27.0,,
NSE:MARICO,Marico Limited,Fast Moving Consumer Goods,Household & Personal Products,Mid,101419.0,781.35,889.1,703.95,12.1,53.8,1.29,24.09,40.088387,1.02,41.331,,4.0,0.51,7.65,5.0,48.1,,38.9,34.3,,19.3,13.2,11.8,10.6,4.0/4.0,12.4,60.9,1.18,58.91,-0.12,25.4,11.9,39.7,,22.2,-16.7,-2.3,23.2,buy,0.174,56.2,65.0,63.0,38.0,77.0,38.0,,Y
NSE:DIVISLAB,Divi's Laboratories Limited,Healthcare,Drug Manufacturers - Specialty & Generic,Large,245532.0,9249.0,9740.0,5647.5,5.0,84.0,1.61,14.65,61.465775,,61.103,,30.0,0.32,28.0,5.0,27.2,,14.0,11.8,,36.7,26.0,11.0,12.1,4.0/4.0,0.0,148.3,1.07,51.88,-0.01,30.4,63.2,150.3,,26.9,-18.2,31.3,-8.7,hold,0.245,56.0,47.0,69.0,21.0,74.0,93.0,,Y
NSE:SHRIRAMFIN,Shriram Finance Limited,Financial Services,Credit Services,Large,222363.0,945.0,1153.7,646.5,18.1,16.7,0.8,2.7,13.166549,,,,13.8,1.46,7.42,5.0,24.4,18.5,15.2,13.8,,68.5,50.0,13.9,18.6,4.0/4.0,276.2,,-1.32,20.3,-5.09,59.8,47.4,158.6,,35.1,-29.0,-6.5,26.5,strong_buy,0.606,55.9,61.0,28.0,59.0,85.0,59.0,,
NSE:CGCL,Capri Global Capital Limited,Financial Services,Credit Services,Small,24056.0,250.02,287.45,151.1,13.0,21.3,1.01,3.35,12.92093,,,,0.2,0.08,0.14,5.0,1.7,,9.3,5.7,,50.4,35.0,49.7,66.8,4.0/4.0,334.7,34.9,-9.2,59.92,-0.03,21.4,32.1,-67.7,,53.7,-81.1,22.3,-2.7,strong_buy,-0.017,55.8,59.0,47.0,47.0,69.0,61.0,,
NSE:IPCALAB,IPCA Laboratories Limited,Healthcare,Drug Manufacturers - Specialty & Generic,Mid,49345.0,1945.0,2038.0,1251.6,4.6,37.6,0.72,6.12,27.663897,,22.336,,6.0,0.31,3.2,5.0,3.9,,10.4,8.1,,20.0,12.9,15.5,34.3,4.0/4.0,8.5,21.8,1.0,44.72,0.0,45.4,45.6,120.9,,28.2,-27.2,18.9,1.4,none,0.055,55.8,46.0,61.0,47.0,49.0,89.0,,
NSE:CHAMBLFERT,Chambal Fertilizers & Chemicals Limited,Chemicals,Agricultural Inputs,Small,16006.0,399.5,522.0,396.5,23.5,8.3,0.23,1.54,8.180888,,5.771,,12.0,3.01,8.4,5.0,20.8,,17.5,14.6,,15.2,9.6,-9.2,23.6,4.0/4.0,10.3,1883.0,0.07,61.34,0.84,12.0,-19.9,49.8,,38.4,-43.2,-10.3,37.6,none,0.292,55.8,45.0,62.0,77.0,89.0,23.0,,Y
NSE:PNBHOUSING,PNB Housing Finance Limited,Financial Services,Mortgage Finance,Small,28480.0,1092.0,1211.5,729.6,9.9,12.6,0.6,1.48,10.411025,,,,8.0,0.73,1.0,1.0,5.6,,10.7,9.5,,75.2,61.4,12.5,29.9,4.0/4.0,287.7,,-3.92,28.03,-0.05,55.2,24.7,52.2,,42.2,-33.6,10.3,18.7,strong_buy,0.308,55.7,53.0,44.0,66.0,40.0,76.0,,
NSE:CCL,CCL Products (India) Limited,Fast Moving Consumer Goods,Packaged Foods,Small,14074.0,1055.5,1242.2,815.5,15.0,32.6,0.78,6.0,22.242334,,19.35,,5.75,0.54,4.4,5.0,23.9,,16.6,14.9,,13.1,9.4,29.1,11.0,4.0/4.0,56.5,4.8,2.21,46.14,0.05,26.0,24.5,60.7,,34.4,-33.6,-2.1,27.6,buy,0.033,55.5,55.0,59.0,51.0,78.0,44.0,,Y
NSE:APARINDS,Apar Industries Limited,Capital Goods,Electrical Equipment & Parts,Mid,74030.0,17680.0,19265.0,6801.0,8.2,60.3,1.16,13.17,47.013775,,32.537,,60.0,0.34,33.3,5.0,17.4,,21.5,18.1,,10.8,4.8,17.0,15.3,4.0/4.0,17.7,5.6,0.99,55.42,-2.35,28.7,115.5,249.3,,49.1,-58.7,39.2,-14.2,none,0.178,55.4,57.0,36.0,31.0,74.0,98.0,,
NSE:CHOLAFIN,Cholamandalam Investment and Finance Company Limited,Financial Services,Credit Services,Large,135487.0,1580.0,1952.5,1299.4,19.1,23.4,1.11,4.42,16.09232,,,,2.0,0.13,2.0,5.0,3.0,,17.8,17.2,,56.6,40.5,32.8,25.2,4.0/4.0,695.3,,-5.74,49.22,-0.68,32.7,-1.5,31.3,,33.5,-28.7,-5.9,26.6,strong_buy,0.473,55.4,77.0,40.0,45.0,71.0,29.0,,
NSE:HSCL,Himadri Speciality Chemical Limited,Chemicals,Specialty Chemicals,Small,33357.0,661.1,819.5,418.5,19.3,41.6,1.14,7.09,32.09223,,31.893,,0.8,0.12,0.34,5.0,5.0,,13.5,9.5,,20.4,16.1,3.7,51.5,4.0/4.0,16.2,17.0,0.51,52.5,0.93,5.8,48.6,173.9,,43.6,-40.3,13.1,8.9,none,0.234,55.3,44.0,55.0,40.0,70.0,93.0,,Y
NSE:BANKBARODA,Bank of Baroda,Financial Services,Banks - Regional,Large,119365.0,230.82,325.5,223.82,29.1,6.6,0.31,0.71,5.3512573,,,,8.5,3.68,4.86,4.0,24.2,11.3,14.0,12.0,0.9,45.5,27.4,10.3,10.0,4.0/4.0,,,1.68,63.97,0.0,20.5,-8.2,19.6,,33.2,-32.2,-14.3,25.3,buy,0.422,55.3,48.0,62.0,86.0,55.0,23.0,,
NSE:EMAMILTD,Emami Limited,Fast Moving Consumer Goods,Household & Personal Products,Small,16044.0,372.8,560.0,361.15,33.4,21.8,0.52,5.57,18.632322,,16.114,,12.0,3.22,8.8,5.0,58.3,,28.4,26.5,,17.6,19.1,3.7,6.6,4.0/4.0,5.5,77.0,1.03,54.84,0.0,28.9,-29.9,-29.8,,30.8,-55.0,-13.3,39.2,strong_buy,0.143,55.2,55.0,58.0,74.0,89.0,5.0,,Y
NSE:ZFCVINDIA,ZF Commercial Vehicle Control Systems India Limited,Automobile and Auto Components,Auto Parts,Small,25436.0,2235.0,3044.0,2050.33,26.6,2.5,0.07,6.89,,,,,4.0,0.18,2.4,5.0,,,14.0,13.2,,,,6.2,17.6,4.0/4.0,1.5,130.8,1.57,60.0,0.0,,3.1,-17.2,,31.1,-44.2,,,,,55.0,41.0,69.0,80.0,72.0,24.0,,Y
NSE:LTFOODS,LT Foods Limited,Fast Moving Consumer Goods,Packaged Foods,Small,13869.0,399.4,490.7,333.15,18.6,21.7,0.52,7.78,13.203305,,11.663,,4.0,1.0,1.6,5.0,16.3,,15.4,13.8,,9.2,5.5,16.5,15.8,4.0/4.0,35.6,8.1,1.46,51.01,0.01,16.0,-0.0,144.7,,43.3,-33.5,-0.1,29.9,none,0.366,54.8,47.0,55.0,63.0,82.0,45.0,,
NSE:SUNPHARMA,Sun Pharmaceutical Industries Limited,Healthcare,Drug Manufacturers - Specialty & Generic,Large,432120.0,1801.0,2046.9,1583.7,12.0,35.7,0.69,5.17,27.906345,1.04,24.334,,16.0,0.89,11.7,5.0,31.8,,14.8,13.7,,23.2,20.2,10.4,10.6,4.0/4.0,5.5,45.6,1.08,54.48,0.0,29.5,11.1,61.8,,20.0,-19.1,-0.3,20.8,buy,0.121,54.7,47.0,69.0,51.0,81.0,40.0,,Y
NSE:RADICO,Radico Khaitan Limited,Fast Moving Consumer Goods,Beverages - Wineries & Distilleries,Mid,56771.0,4237.0,4747.0,2500.0,10.7,80.9,1.94,17.11,53.14557,,52.172,,9.0,0.21,3.08,5.0,7.6,,12.9,10.0,,18.3,11.3,24.6,40.0,4.0/4.0,15.0,13.7,1.23,40.19,-0.03,32.4,47.0,252.9,,34.3,-27.4,20.3,11.2,strong_buy,0.496,54.6,56.0,47.0,22.0,72.0,95.0,,Y
NSE:M&MFIN,Mahindra & Mahindra Financial Services Limited,Financial Services,Credit Services,Mid,44468.0,320.0,415.0,269.5,22.9,13.6,0.65,1.67,10.498639,,,,7.5,2.35,4.55,5.0,27.7,,10.5,9.7,,43.8,30.9,13.3,11.3,4.0/4.0,429.9,,-4.47,52.49,0.0,37.7,19.6,13.9,,35.0,-31.8,-6.3,24.1,buy,0.333,54.6,42.0,59.0,71.0,88.0,34.0,,
NSE:TCS,Tata Consultancy Services Limited,Information Technology,Information Technology Services,Large,750753.0,2075.0,3350.0,1976.8,38.1,15.1,0.57,6.85,12.80243,2.71,9.965,5.29,65.0,3.13,80.0,5.0,38.5,47.7,48.6,45.9,24.5,24.0,18.1,5.8,5.3,4.0/4.0,10.2,54.4,1.06,71.77,0.0,17.6,-25.8,-36.1,,22.6,-53.4,-16.2,18.0,buy,0.166,54.5,61.0,64.0,53.0,89.0,6.0,,Y
NSE:OBEROIRLTY,Oberoi Realty Limited,Realty,Real Estate - Development,Mid,63798.0,1754.6,1986.1,1391.2,11.7,24.3,0.74,3.56,16.492826,,17.708,,8.0,0.46,5.4,4.0,11.1,,14.4,13.9,,53.7,41.6,12.9,9.6,4.0/4.0,15.8,15.0,0.55,67.7,0.0,23.5,11.4,57.2,,32.6,-38.9,4.4,18.7,buy,0.322,54.5,54.0,53.0,50.0,42.0,73.0,,Y
NSE:VBL,Varun Beverages Limited,Fast Moving Consumer Goods,Beverages - Non-Alcoholic,Large,143857.0,425.3,555.8,381.0,23.5,42.6,1.02,6.61,36.414043,,25.967,0.09,2.0,0.47,0.81,5.0,15.0,16.9,22.5,15.5,9.8,24.1,14.0,17.3,26.6,4.0/4.0,15.9,24.8,1.16,59.43,-0.39,23.0,-3.7,17.2,,34.3,-43.1,-8.3,28.9,strong_buy,0.277,54.4,70.0,47.0,47.0,77.0,24.0,,Y
NSE:ZENTEC,Zen Technologies Limited,Capital Goods,Aerospace & Defense,Small,14170.0,1575.5,2043.7,1223.0,22.9,78.7,1.51,7.88,,,,,1.0,0.06,0.68,5.0,,,17.2,10.2,,,,46.5,65.4,4.0/4.0,1.0,36.0,1.26,48.51,-0.54,,7.5,104.0,,47.0,-62.3,,,,,54.4,70.0,45.0,36.0,69.0,45.0,,
NSE:M&M,Mahindra & Mahindra Limited,Automobile and Auto Components,Auto Manufacturers,Large,343418.0,2860.0,3839.9,2812.0,25.5,17.4,0.49,3.43,18.154314,1.26,10.554,,33.0,1.15,16.59,5.0,20.1,,17.6,16.8,,17.0,8.6,17.5,18.5,4.0/4.0,125.3,3.7,0.68,18.45,0.01,53.3,-16.6,87.4,,28.0,-24.0,-12.2,45.9,strong_buy,0.28,54.4,60.0,43.0,61.0,83.0,30.0,,Y
NSE:PNB,Punjab National Bank,Financial Services,Banks - Regional,Large,125928.0,109.57,135.15,98.5,18.9,5.7,0.27,0.81,6.388563,,,,3.0,2.74,1.14,4.0,15.6,15.0,9.4,3.3,1.1,48.0,38.1,10.0,76.4,4.0/4.0,,,1.39,70.08,0.0,19.2,0.2,59.3,,34.4,-37.7,-3.9,11.2,buy,0.5,54.4,47.0,58.0,80.0,54.0,34.0,,
NSE:LICI,Life Insurance Corporation Of India,Financial Services,Insurance - Life,Large,495690.0,391.85,468.48,360.75,16.4,8.3,0.4,2.81,6.6633067,,6.249,,10.0,2.55,2.65,4.0,33.7,,49.5,32.5,,6.4,6.5,7.3,16.9,4.0/4.0,0.4,432.5,,96.5,0.0,5.9,-11.3,24.1,,28.6,-38.6,-4.8,34.7,strong_buy,0.539,54.0,57.0,60.0,68.0,53.0,23.0,,
NSE:CHOLAHLDNG,Cholamandalam Financial Holdings Limited,Financial Services,Credit Services,Small,25557.0,1361.0,2064.0,1305.0,34.1,9.6,0.46,1.65,7.125654,,,,1.3,0.09,0.7,5.0,0.9,,14.6,8.0,,38.8,11.9,28.0,23.7,4.0/4.0,623.2,140.7,-12.3,46.43,-0.01,33.4,-28.1,17.0,,33.4,-37.6,-14.8,65.9,strong_buy,0.401,54.0,58.0,43.0,81.0,70.0,13.0,,
NSE:ELGIEQUIP,Elgi Equipments Limited,Capital Goods,Specialty Industrial Machinery,Small,18423.0,584.4,653.4,408.25,10.6,41.1,0.79,8.25,31.93443,,31.078,,2.7,0.46,1.63,5.0,15.5,,21.1,18.8,,12.3,10.8,9.1,5.1,4.0/4.0,23.9,23.7,1.05,31.19,0.0,20.4,21.9,15.8,,44.6,-47.6,7.0,18.2,none,0.104,53.9,48.0,49.0,48.0,77.0,68.0,,
NSE:CAMS,Computer Age Management Services Limited,Financial Services,Information Technology Services,Small,16824.0,677.25,844.9,611.4,19.8,34.0,1.62,12.71,25.92015,,24.189,,12.8,1.89,9.6,5.0,62.9,,38.3,36.0,,40.0,31.8,16.0,18.6,4.0/4.0,4.9,91.0,1.23,0.0,0.0,58.3,-9.9,36.0,,33.1,-40.3,-8.1,35.9,none,0.206,53.8,77.0,47.0,25.0,86.0,26.0,,
NSE:BANKINDIA,Bank of India,Financial Services,Banks - Regional,Mid,58948.0,129.48,178.36,122.2,27.4,4.8,0.23,0.65,5.139625,,,,4.65,3.59,2.17,4.0,17.2,13.7,9.7,6.4,,48.5,35.0,7.3,39.0,4.0/4.0,,,0.46,73.38,0.0,15.2,7.3,32.1,,37.2,-40.6,-12.2,16.6,hold,0.775,53.7,45.0,51.0,86.0,55.0,33.0,,
NSE:RRKABEL,R R Kabel Limited,Capital Goods,Electrical Equipment & Parts,Small,28559.0,2525.0,2983.8,1218.9,15.4,47.1,0.91,11.09,32.161774,,31.705,,11.0,0.44,3.2,3.0,24.2,,15.8,13.4,,8.0,5.6,20.1,37.4,4.0/4.0,13.1,10.9,0.6,61.38,-0.38,17.9,99.5,,,37.6,-52.9,29.5,12.9,buy,1.38,53.7,57.0,31.0,44.0,39.0,99.0,,
NSE:BHARTIARTL,Bharti Airtel Limited,Telecommunication,Telecom Services,Large,1086213.0,1741.1,2174.5,1726.3,19.9,36.4,0.82,6.71,21.185522,,11.05,5.81,24.0,1.38,6.2,4.0,33.4,20.2,16.8,9.1,8.2,32.6,13.1,14.9,47.3,4.0/4.0,100.4,3.5,4.58,50.07,-0.2,35.5,-5.6,95.4,,21.4,-18.8,-8.3,33.0,strong_buy,-0.004,53.5,60.0,58.0,53.0,49.0,37.0,,Y
NSE:TRENT,Trent Limited,Consumer Services,Apparel Retail,Large,137574.0,2580.0,4908.0,2183.67,47.4,76.3,1.35,19.7,50.63933,,46.942,,4.0,0.16,1.69,5.0,11.8,,26.7,17.1,,12.5,8.6,34.8,57.0,4.0/4.0,36.0,14.3,1.55,37.01,0.0,30.3,-46.5,25.6,,37.6,-73.3,-7.5,31.6,buy,0.371,53.3,76.0,41.0,49.0,71.0,11.0,,Y
NSE:CDSL,Central Depository Services (India) Limited,Financial Services,Capital Markets,Small,25968.0,1242.5,1673.7,1116.3,25.8,55.2,2.63,13.25,41.588234,,37.7,,12.75,1.03,8.7,5.0,55.5,,26.1,22.7,,48.9,36.8,27.3,18.2,4.0/4.0,0.1,3511.0,1.02,15.0,0.0,15.4,-15.0,92.8,,36.4,-46.1,-5.3,6.5,none,0.391,53.2,80.0,37.0,24.0,82.0,32.0,,
NSE:KPRMILL,K.P.R. Mill Limited,Textiles,Textile Manufacturing,Mid,36578.0,1067.9,1334.0,796.1,19.9,40.0,1.0,6.41,29.693882,,26.452,,5.0,0.47,3.01,5.0,18.7,,18.0,15.2,,16.4,13.4,2.3,2.1,4.0/4.0,10.5,27.7,1.28,67.52,0.0,22.5,1.1,44.9,,37.5,-37.6,7.9,13.9,buy,0.297,53.2,40.0,63.0,45.0,77.0,66.0,,Y
NSE:MARUTI,Maruti Suzuki India Limited,Automobile and Auto Components,Auto Manufacturers,Large,357979.0,11386.0,17370.0,11305.0,34.5,25.0,0.7,3.34,18.793056,0.77,16.054,,140.0,1.23,91.0,5.0,29.6,,13.9,11.1,,4.8,7.3,15.9,21.1,4.0/4.0,0.1,81.1,1.3,58.65,0.37,25.9,-28.0,11.9,,23.4,-33.5,-17.6,39.9,buy,0.228,53.1,40.0,77.0,69.0,84.0,12.0,,Y
NSE:SARDAEN,Sarda Energy & Minerals Limited,Metals & Mining,Steel,Small,17478.0,496.0,624.0,453.1,20.5,15.5,0.83,2.37,10.47961,,9.714,,2.0,0.4,1.1,5.0,4.7,,14.3,11.1,,35.1,19.9,10.4,22.5,4.0/4.0,35.2,7.5,1.57,73.16,0.0,2.9,-7.9,124.6,,44.7,-29.5,-4.9,,none,0.527,53.1,50.0,57.0,53.0,75.0,39.0,,Y
NSE:CHENNPETRO,Chennai Petroleum Corporation Limited,Oil Gas & Consumable Fuels,Oil & Gas Refining & Marketing,Small,19969.0,1341.0,1677.5,716.8,20.1,4.8,0.42,1.8,3.3441396,,3.327,,62.0,4.6,17.8,4.0,4.6,,29.0,2.6,,5.1,5.5,-6.0,-4.2,4.0/4.0,17.7,35.7,0.95,67.29,0.0,5.6,87.1,185.2,,52.5,-61.2,22.0,14.8,none,0.042,53.1,23.0,56.0,69.0,56.0,96.0,,Y
NSE:AUROPHARMA,Aurobindo Pharma Limited,Healthcare,Drug Manufacturers - Specialty & Generic,Mid,96479.0,1676.8,1740.0,1066.8,3.6,26.2,0.5,2.57,17.963213,,13.512,,4.0,0.24,4.4,5.0,6.2,,9.4,7.2,,15.2,10.6,10.7,22.1,4.0/4.0,21.3,15.5,1.58,51.88,0.06,28.9,54.7,87.3,,29.3,-34.6,17.8,2.4,buy,0.033,53.1,32.0,67.0,54.0,48.0,85.0,,
NSE:APOLLOHOSP,Apollo Hospitals Enterprise Limited,Healthcare,Medical Care Facilities,Large,116947.0,8133.5,9070.5,6696.5,10.3,55.9,1.07,12.34,37.328964,,33.588,,20.0,0.25,12.95,5.0,13.8,,16.1,13.0,,12.2,7.9,14.8,33.3,4.0/4.0,85.1,8.5,1.47,28.02,-1.32,50.4,9.6,61.2,,25.4,-18.5,1.0,20.6,strong_buy,0.197,53.0,54.0,45.0,35.0,73.0,73.0,,
NSE:GRANULES,Granules India Limited,Healthcare,Drug Manufacturers - Specialty & Generic,Small,22491.0,824.5,923.65,529.85,10.7,30.6,0.59,4.02,20.760788,1.0,16.516,,1.75,0.21,1.4,5.0,5.6,,14.0,11.7,,17.6,11.8,5.9,4.8,4.0/4.0,29.7,12.0,1.33,37.39,-1.43,24.8,59.3,158.4,,34.2,-40.0,14.2,10.0,strong_buy,0.134,52.9,35.0,44.0,54.0,72.0,93.0,,
NSE:COLPAL,Colgate Palmolive (India) Limited,Fast Moving Consumer Goods,Household & Personal Products,Mid,47190.0,1735.0,2329.9,1716.1,25.5,35.0,0.84,29.79,29.677204,,24.367,,48.0,2.77,46.4,5.0,96.9,,75.4,61.0,,27.7,21.7,4.9,8.2,4.0/4.0,3.0,471.7,1.36,51.0,0.0,22.0,-20.2,-5.0,,22.3,-52.9,-14.6,28.5,hold,0.503,52.9,63.0,56.0,57.0,64.0,13.0,,Y
NSE:BHARTIHEXA,Bharti Hexacom Limited,Telecommunication,Telecom Services,Mid,68940.0,1378.8,1955.6,1365.6,29.5,37.7,0.85,9.62,21.661896,,16.092,,18.0,1.31,2.8,2.0,27.4,,18.4,11.4,,31.9,19.0,12.4,46.7,4.0/4.0,85.7,5.5,2.58,70.0,0.0,11.1,-16.0,,,37.4,-29.4,-12.1,34.4,buy,0.073,52.8,63.0,63.0,58.0,46.0,13.0,,
NSE:ANANTRAJ,Anant Raj Limited,Realty,Real Estate - Development,Small,20765.0,577.0,743.65,403.0,22.4,35.4,1.08,3.59,20.324059,,30.38,,1.0,0.17,0.44,5.0,4.5,,8.1,5.3,,26.5,22.8,37.9,54.5,4.0/4.0,11.7,54.6,-0.78,57.42,-2.7,11.3,-17.2,161.1,,49.9,-56.6,6.1,17.9,none,0.352,52.7,53.0,38.0,44.0,72.0,71.0,,Y
NSE:KPITTECH,KPIT Technologies Limited,Information Technology,Software - Application,Small,13394.0,492.0,1284.9,484.5,61.7,23.1,0.87,3.78,15.999038,,9.559,,7.5,1.52,4.78,5.0,38.8,,24.4,18.0,,12.3,8.8,24.3,18.7,4.0/4.0,23.6,12.9,1.87,38.6,-0.85,29.0,-56.9,-57.0,,41.3,-73.1,-33.9,28.8,hold,-0.007,52.7,65.0,43.0,63.0,85.0,1.0,,Y
NSE:ANGELONE,Angel One Limited,Financial Services,Capital Markets,Small,25316.0,276.8,360.45,208.63,23.2,25.0,1.19,4.12,15.73658,,,,5.05,1.82,3.14,5.0,36.6,,28.5,15.0,,24.7,20.7,20.3,0.9,4.0/4.0,129.3,4.2,-4.53,28.59,-0.38,22.9,29.8,62.2,,48.4,-48.3,-3.8,30.6,buy,0.278,52.6,62.0,30.0,48.0,86.0,45.0,,
NSE:ENDURANCE,Endurance Technologies Limited,Automobile and Auto Components,Auto Parts,Mid,36522.0,2596.4,3072.0,2142.8,15.5,37.7,1.06,5.34,25.275543,,17.92,,11.5,0.44,7.55,5.0,14.5,,13.3,10.9,,7.3,6.2,18.2,25.7,4.0/4.0,19.4,23.6,1.94,75.0,0.0,19.4,-7.1,67.6,,31.1,-37.6,0.3,21.9,buy,0.724,52.6,44.0,61.0,39.0,76.0,65.0,,Y
NSE:APLAPOLLO,APL Apollo Tubes Limited,Capital Goods,Steel,Mid,58744.0,2115.7,2301.4,1690.0,8.1,47.9,0.92,11.09,33.239384,,31.626,,8.5,0.4,3.95,4.0,13.0,,20.6,18.0,,6.3,5.2,12.6,23.3,4.0/4.0,9.4,15.2,1.75,28.25,-0.06,44.0,22.7,30.7,,33.4,-26.3,6.1,6.9,strong_buy,0.332,52.5,55.0,54.0,39.0,41.0,71.0,,
NSE:PARADEEP,Paradeep Phosphates Limited,Chemicals,Agricultural Inputs,Small,15682.0,151.0,201.59,99.7,25.1,14.6,0.4,2.31,13.187773,,9.608,,1.5,0.99,0.4,3.0,9.7,,9.4,2.8,,10.0,4.6,28.8,48.5,4.0/4.0,101.8,4.9,-1.02,57.86,0.66,22.5,-22.2,115.2,,44.5,-55.2,12.2,7.3,none,-0.086,52.4,43.0,42.0,74.0,45.0,65.0,,
NSE:PETRONET,Petronet LNG Limited,Oil Gas & Consumable Fuels,Oil & Gas Refining & Marketing,Mid,42825.0,285.5,326.4,235.35,12.5,10.2,0.89,1.92,10.044428,,6.037,,10.0,3.5,10.4,5.0,35.7,,20.1,17.6,,24.0,11.3,-9.7,5.6,4.0/4.0,10.5,23.5,1.21,50.0,0.0,27.3,7.9,30.8,,27.6,-34.0,1.5,11.5,buy,0.458,52.2,47.0,54.0,43.0,65.0,66.0,,Y
NSE:AEGISLOG,Aegis Logistics Limited,Oil Gas & Consumable Fuels,Oil & Gas Refining & Marketing,Mid,49196.0,1401.6,1528.7,576.1,8.3,39.4,3.46,8.12,33.329132,,27.132,,13.4,0.96,5.2,5.0,16.8,,14.2,13.1,,28.0,13.9,-1.3,24.7,4.0/4.0,47.2,11.7,2.26,58.1,0.0,15.7,83.9,322.5,,49.4,-38.4,51.4,-5.1,none,0.54,52.2,46.0,51.0,16.0,82.0,98.0,,Y
NSE:NAVINFLUOR,Navin Fluorine International Limited,Chemicals,Chemicals,Mid,41755.0,8138.0,8949.5,4514.5,9.1,52.6,1.44,10.49,40.459194,,33.938,,15.1,0.19,12.5,5.0,9.8,,14.1,11.0,,30.2,21.7,16.5,20.9,4.0/4.0,32.1,8.4,1.35,27.08,-0.93,40.0,76.5,83.5,,32.3,-35.5,15.6,0.8,buy,0.259,52.1,53.0,41.0,26.0,72.0,86.0,,Y
NSE:KOTAKBANK,Kotak Mahindra Bank Limited,Financial Services,Banks - Regional,Large,416170.0,418.35,453.2,345.5,7.7,20.5,0.98,2.3,17.80935,0.94,,,0.65,0.16,0.32,5.0,2.5,,13.0,10.6,,34.8,28.5,13.5,8.9,4.0/4.0,,,2.16,25.87,-0.01,47.3,1.6,15.3,,22.7,-22.0,5.2,11.6,buy,0.285,51.9,43.0,52.0,52.0,71.0,60.0,,
NSE:LTM,LTM Limited,Information Technology,Information Technology Services,Large,118792.0,4007.0,6429.5,3528.0,37.7,22.7,0.86,4.84,17.447308,,14.289,4.36,75.0,1.87,58.4,5.0,42.6,22.0,22.7,20.3,12.7,15.5,11.9,8.4,4.4,4.0/4.0,9.9,41.0,0.96,68.49,-0.07,18.8,-20.4,-24.0,,31.3,-46.1,-12.3,10.7,hold,0.266,51.8,52.0,56.0,62.0,86.0,10.0,,Y
NSE:PIDILITIND,Pidilite Industries Limited,Chemicals,Specialty Chemicals,Large,149114.0,1464.0,1707.5,1259.0,14.3,56.5,1.55,13.76,46.16904,,39.357,,11.5,0.79,6.55,5.0,38.5,,20.5,17.7,,24.1,17.2,7.4,24.4,4.0/4.0,3.8,62.2,1.15,69.24,-0.09,15.9,-0.1,20.2,,21.5,-23.7,-2.2,21.9,buy,0.402,51.8,61.0,64.0,27.0,80.0,27.0,,Y
NSE:DATAPATTNS,Data Patterns (India) Limited,Capital Goods,Aerospace & Defense,Small,23782.0,4248.0,5000.0,2131.0,15.0,88.4,1.7,13.7,52.468613,,62.591,,10.0,0.24,4.48,4.0,16.5,,13.7,10.6,,21.9,28.5,26.8,29.8,4.0/4.0,0.3,686.9,0.3,42.41,0.0,19.4,61.9,104.0,,50.1,-58.4,12.5,7.8,none,0.538,51.8,57.0,48.0,26.0,38.0,89.0,,
NSE:NBCC,NBCC (India) Limited,Construction,Engineering & Construction,Small,20898.0,77.4,125.85,76.07,38.5,28.1,1.16,6.96,27.642859,,13.596,,1.08,1.4,0.5,5.0,24.7,,19.4,13.7,,9.3,5.7,12.9,39.2,4.0/4.0,0.0,7.4,0.61,61.75,0.0,14.5,-28.6,95.9,,44.9,-43.6,-18.4,71.8,none,0.666,51.7,56.0,47.0,52.0,84.0,26.0,,
NSE:NLCINDIA,NLC India Limited,Power,Utilities - Regulated Electric,Mid,35061.0,252.85,387.8,230.0,34.8,10.6,0.39,1.63,9.330258,,10.765,,3.85,1.52,3.0,5.0,21.5,,12.7,9.2,,17.1,17.5,2.7,36.1,4.0/4.0,110.4,4.2,1.47,69.47,-2.73,14.6,-7.2,98.6,,44.2,-33.9,-11.5,54.2,none,0.488,51.7,38.0,41.0,80.0,85.0,36.0,,Y
NSE:AADHARHFC,Aadhar Housing Finance Limited,Financial Services,Mortgage Finance,Small,19728.0,450.0,563.0,427.3,20.1,17.5,0.83,2.6,12.167013,,,,0.0,,,,0.0,,15.1,14.3,,61.7,48.2,21.7,26.2,4.0/4.0,255.6,2.0,-2.56,64.66,-10.84,11.4,-12.1,,,33.0,-28.7,-6.4,35.6,strong_buy,0.381,51.6,70.0,50.0,59.0,27.0,17.0,,
NSE:DLF,DLF Limited,Realty,Real Estate - Development,Large,162975.0,658.4,786.5,489.4,16.3,36.6,1.12,3.58,25.900347,0.14,125.829,,8.0,1.22,4.0,5.0,33.4,10.1,8.1,5.4,,9.0,65.8,11.3,29.4,4.0/4.0,0.7,17.0,1.44,74.08,0.0,14.9,-7.7,25.7,,32.7,-46.1,5.8,23.9,strong_buy,0.39,51.5,30.0,64.0,57.0,83.0,57.0,,Y
NSE:REDINGTON,Redington Limited,Services,Information Technology Services,Small,31130.0,398.2,419.5,191.31,5.1,18.3,0.7,3.06,13.021584,,12.891,,6.0,1.51,6.52,5.0,27.6,,17.3,14.7,,1.9,1.3,14.5,2.3,4.0/4.0,27.3,6.1,0.16,0.0,0.0,37.8,45.8,170.0,,41.2,-38.0,44.8,10.2,strong_buy,0.896,51.4,39.0,29.0,48.0,85.0,92.0,,
NSE:FIVESTAR,Five-Star Business Finance Limited,Financial Services,Credit Services,Small,14901.0,504.8,666.0,338.15,24.2,13.5,0.64,2.02,10.174754,,,,2.0,0.4,0.4,1.0,5.4,,15.5,13.9,,59.1,47.8,27.5,22.1,4.0/4.0,111.9,19.8,-0.24,18.61,-2.86,47.4,-5.3,-26.7,,39.8,-61.3,5.0,34.0,strong_buy,0.577,51.4,69.0,9.0,70.0,36.0,51.0,,
NSE:MSUMI,Motherson Sumi Wiring India Limited,Automobile and Auto Components,Auto Parts,Small,22150.0,33.4,53.59,33.07,37.7,35.5,1.0,10.25,22.720627,,23.69,,0.58,1.73,0.39,4.0,0.0,,34.8,28.9,,5.9,5.1,17.6,8.7,4.0/4.0,10.8,33.2,1.22,61.73,0.0,20.8,-25.8,-19.7,,29.0,-39.6,-17.1,45.4,none,0.04,51.3,59.0,64.0,56.0,51.0,9.0,,Y
NSE:JSWINFRA,JSW Infrastructure Limited,Services,Marine Shipping,Mid,82304.0,355.5,375.5,233.42,5.3,50.2,1.91,6.81,31.738096,,30.057,,0.9,0.25,0.27,2.0,12.7,,15.6,14.0,,35.2,26.6,19.0,27.2,4.0/4.0,59.0,6.6,1.33,73.93,-9.69,15.7,13.1,,,37.6,-36.8,21.6,5.4,buy,0.563,51.3,66.0,41.0,19.0,36.0,85.0,,Y
NSE:USHAMART,Usha Martin Limited,Capital Goods,Steel,Small,15037.0,494.0,542.6,380.0,9.0,28.3,0.54,4.56,21.642935,,19.203,,3.75,0.76,2.05,4.0,17.2,,16.0,14.1,,16.9,13.2,4.1,10.0,4.0/4.0,6.9,36.6,1.41,40.28,-2.17,26.9,9.4,44.6,,42.8,-34.4,6.8,24.8,strong_buy,0.271,51.3,42.0,53.0,55.0,45.0,70.0,,
NSE:FINCABLES,Finolex Cables Limited,Capital Goods,Electrical Equipment & Parts,Small,22176.0,1450.0,1498.0,700.8,3.2,27.7,0.53,3.64,19.94498,,27.994,,9.0,0.62,6.9,5.0,15.3,,12.3,11.5,,11.1,11.5,11.8,12.3,4.0/4.0,0.3,531.6,0.07,35.86,0.0,21.2,79.0,36.2,,40.8,-56.7,43.9,-0.7,none,0.619,51.3,34.0,46.0,53.0,78.0,79.0,,
NSE:ITC,ITC Limited,Fast Moving Consumer Goods,Tobacco,Large,320656.0,255.9,426.4,254.65,40.0,16.2,0.39,4.42,15.266291,1.78,11.73,,16.0,6.25,13.17,5.0,91.5,,33.3,27.5,,24.9,25.9,3.6,2.5,4.0/4.0,3.3,330.1,0.89,0.0,0.0,52.3,-33.8,-33.7,,19.9,-44.9,-14.2,27.7,buy,-0.093,51.3,57.0,58.0,63.0,66.0,4.0,,Y
NSE:SUZLON,Suzlon Energy Limited,Capital Goods,Specialty Industrial Machinery,Mid,53487.0,38.91,61.5,38.19,36.7,17.0,0.33,5.47,18.386906,0.35,16.914,,0.0,,0.0,0.0,0.0,39.4,85.9,16.8,,13.0,18.1,41.4,3.6,4.0/4.0,2.8,11.8,0.38,11.71,-0.03,23.2,-29.5,67.4,,50.1,-54.1,-20.3,60.0,strong_buy,0.646,51.1,64.0,30.0,84.0,27.0,22.0,,
NSE:NTPC,NTPC Limited,Power,Utilities - Regulated Electric,Large,305542.0,315.1,414.4,313.05,24.0,9.6,0.35,1.5,11.183265,,9.779,,12.35,3.92,8.05,5.0,27.1,,12.6,11.5,,21.7,14.5,1.9,16.9,4.0/4.0,128.3,3.2,1.88,51.1,0.0,35.1,-4.9,43.1,,24.7,-32.3,-12.5,36.1,strong_buy,0.287,50.9,36.0,49.0,75.0,91.0,29.0,,Y
NSE:MINDACORP,Minda Corporation Limited,Automobile and Auto Components,Auto Parts,Small,15641.0,664.55,769.0,468.5,13.6,31.7,0.89,5.93,28.598612,,23.846,,1.6,0.24,1.13,5.0,7.2,,13.6,11.5,,7.7,7.5,12.8,8.2,4.0/4.0,55.4,4.3,1.88,64.84,0.0,21.4,17.4,100.3,,39.4,-27.4,9.1,19.5,none,0.461,50.7,33.0,54.0,44.0,73.0,81.0,,
NSE:KEI,KEI Industries Limited,Capital Goods,Electrical Equipment & Parts,Mid,43039.0,4502.0,5899.0,3728.7,23.7,43.3,0.83,6.46,30.68419,,30.57,,4.5,0.1,3.0,5.0,4.3,,15.7,12.0,,11.5,8.1,19.1,24.4,4.0/4.0,3.8,24.7,0.91,35.0,-0.02,43.3,11.7,71.7,,40.0,-47.9,-6.9,28.0,buy,0.54,50.7,52.0,40.0,56.0,70.0,42.0,,
NSE:ABCAPITAL,Aditya Birla Capital Limited,Financial Services,Financial Conglomerates,Mid,102684.0,375.05,430.7,287.7,12.9,24.3,1.16,2.85,14.783755,,,,0.0,,,,0.0,,14.5,10.9,,17.9,11.9,17.1,-7.8,4.0/4.0,495.9,1.5,-9.71,68.81,0.11,15.7,25.1,106.2,,33.7,-37.3,3.0,24.9,strong_buy,0.681,50.6,39.0,61.0,46.0,27.0,84.0,,
NSE:IGIL,International Gemological Institute Limited,Services,Other Precious Metals & Mining,Small,13505.0,312.5,388.3,287.0,19.5,26.4,1.0,9.08,17.6454,,16.399,,5.1,1.63,0.99,1.0,41.7,,21.8,-54.7,,56.6,44.7,29.6,20.9,4.0/4.0,9.6,71.8,1.17,76.55,0.0,9.4,-11.8,,,41.2,-52.5,-7.4,58.6,strong_buy,,50.6,63.0,63.0,44.0,46.0,17.0,,
NSE:CHOICEIN,Choice International Limited,Financial Services,Capital Markets,Small,15929.0,715.0,860.5,568.7,16.9,67.1,3.2,8.46,47.571526,,,,0.0,,,,0.0,,15.4,12.6,,27.4,20.2,42.3,53.6,4.0/4.0,49.8,4.7,-1.23,53.65,-1.38,10.7,-6.3,255.0,,28.4,-31.3,-3.5,,none,-0.29,50.5,71.0,58.0,23.0,27.0,45.0,,
NSE:360ONE,360 ONE WAM LIMITED,Financial Services,Asset Management,Mid,42423.0,1040.0,1236.2,906.05,15.9,34.6,1.65,4.29,25.408546,,18.794,,18.0,1.73,14.6,5.0,39.9,,17.8,12.4,,61.1,26.5,24.0,22.7,4.0/4.0,162.0,2.5,-2.4,6.2,-0.07,66.5,2.7,104.4,,35.2,-37.7,-5.7,26.0,strong_buy,0.47,50.5,69.0,32.0,37.0,60.0,43.0,,
NSE:HCLTECH,HCL Technologies Limited,Information Technology,Information Technology Services,Large,336354.0,1243.1,1780.1,1030.0,30.2,19.3,0.73,4.56,15.519085,2.39,1203.147,0.05,60.0,4.83,49.6,5.0,93.4,24.1,23.2,22.1,13.3,16.9,13.0,8.7,3.9,4.0/4.0,7.1,26.4,1.2,60.88,0.07,28.2,-6.5,9.0,,25.1,-44.8,-7.2,1.8,hold,0.001,50.5,54.0,61.0,49.0,66.0,21.0,,Y
NSE:HEXT,Hexaware Technologies Limited,Information Technology,Information Technology Services,Small,29941.0,491.0,807.75,400.2,39.2,22.5,0.85,4.46,17.615406,,12.42,4.91,14.25,2.91,2.3,1.0,65.4,21.5,21.7,21.4,11.8,13.7,9.3,13.4,15.7,4.0/4.0,10.2,35.5,1.27,74.3,-0.27,19.1,-24.9,,,38.5,-53.9,-9.1,16.4,buy,,50.4,58.0,57.0,63.0,50.0,7.0,,
NSE:INFY,Infosys Limited,Information Technology,Information Technology Services,Large,419211.0,1035.0,1728.0,980.4,40.1,13.3,0.5,4.54,12.941654,1.83,934.68,0.08,50.0,4.83,38.4,5.0,64.6,32.0,31.1,28.2,15.3,21.2,16.4,3.4,3.6,4.0/4.0,9.5,96.9,1.22,13.82,-0.48,51.1,-25.7,-24.5,,26.0,-48.2,-17.0,15.0,buy,0.108,50.4,55.0,45.0,59.0,91.0,8.0,,Y
NSE:KSB,Ksb Limited,Capital Goods,Specialty Industrial Machinery,Small,14042.0,806.85,1028.3,666.65,21.5,57.2,1.1,8.26,40.14179,,39.293,-0.9,4.4,0.55,2.94,5.0,31.2,15.2,16.2,16.0,7.0,9.7,9.0,14.0,14.0,4.0/4.0,0.4,120.0,0.34,69.8,0.0,13.9,-0.4,50.7,,34.0,-40.5,-1.5,7.7,none,-0.16,50.3,48.0,62.0,43.0,78.0,32.0,,
NSE:ALKEM,Alkem Laboratories Limited,Healthcare,Drug Manufacturers - Specialty & Generic,Mid,62413.0,5220.0,5933.5,5051.0,12.0,28.9,0.56,4.52,23.357908,,20.82,,20.0,0.38,39.8,5.0,28.3,,15.8,10.9,,17.8,14.3,8.3,32.7,4.0/4.0,14.3,25.8,0.85,49.7,-3.34,27.9,-2.8,43.2,,23.1,-27.7,-4.7,14.0,buy,0.281,50.3,49.0,48.0,57.0,75.0,31.0,,
NSE:BRITANNIA,Britannia Industries Limited,Fast Moving Consumer Goods,Packaged Foods,Large,115087.0,4778.0,6271.0,4737.0,23.8,44.2,1.06,22.54,36.71133,,31.6,,90.5,1.89,70.3,5.0,69.4,,54.9,49.6,,15.2,13.4,5.7,3.0,4.0/4.0,26.9,31.0,1.03,50.55,0.0,25.3,-18.6,9.0,,20.4,-29.0,-13.7,32.3,buy,0.413,50.3,55.0,54.0,46.0,86.0,16.0,,Y
NSE:EIHOTEL,EIH Limited,Consumer Services,Lodging,Small,18601.0,297.45,413.95,271.15,28.1,26.1,0.46,3.53,20.030304,,16.736,,1.5,0.5,0.76,3.0,13.2,,13.4,9.3,,19.7,23.1,13.3,25.9,4.0/4.0,4.7,45.9,1.58,32.85,0.0,15.3,-18.2,23.1,,37.8,-44.0,-6.4,23.6,strong_buy,-0.296,50.2,45.0,63.0,74.0,40.0,19.0,,Y
NSE:NH,Narayana Hrudayalaya Ltd.,Healthcare,Medical Care Facilities,Mid,35421.0,1744.0,2093.3,1589.0,16.7,43.2,0.83,7.81,24.885077,,23.896,,4.5,0.26,2.4,4.0,11.1,,23.8,17.8,,11.7,9.0,20.5,9.9,4.0/4.0,129.0,5.0,2.01,63.27,-0.58,12.8,0.8,60.7,,29.9,-28.9,-5.7,26.6,strong_buy,0.144,50.1,59.0,52.0,49.0,39.0,35.0,,
NSE:BRIGADE,Brigade Enterprises Limited,Realty,Real Estate - Development,Small,18670.0,572.4,802.01,450.75,28.6,29.0,0.89,27.37,15.318817,,128.413,,2.0,0.35,1.38,5.0,9.5,,10.9,9.0,,25.8,12.6,18.6,30.3,4.0/4.0,84.3,3.3,-0.21,41.1,-0.02,37.7,-14.9,24.0,,37.3,-55.5,1.3,36.9,strong_buy,0.177,50.1,51.0,27.0,56.0,75.0,54.0,,
NSE:TBOTEK,TBO Tek Limited,Consumer Services,Travel Services,Small,17929.0,1679.0,1764.8,1004.2,4.9,68.3,1.21,11.58,33.464394,,39.062,,0.0,,,,0.0,,28.6,15.8,,11.9,8.6,36.7,19.2,4.0/4.0,48.8,7.7,-0.09,44.41,0.0,28.2,9.6,,,40.7,-47.4,18.8,14.1,strong_buy,0.628,50.0,67.0,29.0,28.0,27.0,83.0,,Y
NSE:HAVELLS,Havells India Limited,Consumer Durables,Electrical Equipment & Parts,Mid,65266.0,1040.0,1520.0,1015.1,31.6,40.0,0.82,6.9,31.877865,0.2,30.619,,12.0,1.15,8.1,5.0,38.4,,17.2,16.2,,5.3,6.9,9.9,16.4,4.0/4.0,2.8,60.5,0.93,59.35,-0.03,22.9,-29.4,-23.8,,25.2,-50.5,-17.3,32.2,buy,0.296,50.0,44.0,53.0,73.0,83.0,7.0,,
NSE:BAJAJFINSV,Bajaj Finserv Limited,Financial Services,Financial Conglomerates,Large,277258.0,1732.6,2195.0,1597.0,21.1,27.4,1.3,3.56,18.252478,,11.788,,1.3,0.08,0.7,5.0,2.1,,13.0,12.3,,40.2,6.5,22.9,15.2,4.0/4.0,256.4,2.0,-5.64,58.71,-0.1,15.0,-13.6,11.9,,26.2,-25.0,-7.6,36.6,none,0.371,49.7,56.0,55.0,47.0,69.0,19.0,,
NSE:PREMIERENE,Premier Energies Limited,Capital Goods,Solar,Mid,39639.0,878.05,1134.0,660.0,22.6,23.6,0.45,9.18,17.96361,,15.46,,1.5,0.17,0.25,1.0,4.0,,25.2,-3.1,,25.1,19.7,76.2,,3.0/4.0,86.0,17.0,0.84,58.49,-5.76,19.6,-13.7,,,44.6,-50.2,-5.8,28.2,buy,-0.279,49.7,63.0,40.0,71.0,33.0,16.0,,
NSE:PHOENIXLTD,The Phoenix Mills Limited,Realty,Real Estate - Diversified,Mid,69032.0,1930.0,2169.8,1465.6,11.1,54.0,1.65,6.28,38.688435,,28.225,,2.5,0.13,1.84,5.0,7.0,,12.0,9.4,,50.8,28.2,18.4,-2.9,4.0/4.0,37.2,6.3,1.98,47.25,-0.01,38.3,24.8,108.1,,35.5,-31.6,6.1,9.4,none,0.317,49.5,43.0,50.0,24.0,71.0,85.0,,
NSE:LTTS,L&T Technology Services Limited,Information Technology,Information Technology Services,Small,34786.0,3279.0,4726.0,3010.0,30.6,27.2,1.03,5.37,20.17902,,17.216,,58.0,1.77,43.5,5.0,48.1,,23.1,19.8,,15.7,11.7,7.6,1.8,4.0/4.0,8.9,27.1,1.14,73.52,-0.07,13.2,-20.7,-28.6,,32.4,-46.2,-6.8,8.3,hold,0.155,49.4,50.0,58.0,51.0,86.0,10.0,,
NSE:ASIANPAINT,Asian Paints Limited,Consumer Durables,Specialty Chemicals,Large,230746.0,2407.0,2985.7,2115.0,19.4,48.5,1.0,10.8,39.693356,,32.935,,27.5,1.14,24.38,5.0,55.3,,23.5,18.9,,17.7,12.8,1.1,1.7,4.0/4.0,17.8,31.7,1.64,52.63,0.0,27.1,4.1,-23.3,,22.1,-36.9,-5.4,25.6,buy,0.282,49.3,47.0,62.0,44.0,83.0,23.0,,Y
NSE:TATACAP,Tata Capital Limited,Financial Services,Credit Services,Large,134470.0,318.9,390.2,296.0,18.3,24.9,1.19,2.93,14.96305,,,,0.57,0.18,0.0,0.0,0.0,,10.6,10.6,,57.1,39.7,34.5,,1.0/1.0,502.9,9.0,-7.83,85.41,0.0,4.9,,,,,,-6.3,28.2,buy,,49.2,58.0,81.0,48.0,31.0,0.0,,
NSE:OIL,Oil India Limited,Oil Gas & Consumable Fuels,Oil & Gas Integrated,Mid,72221.0,444.0,531.0,395.6,16.4,8.6,0.75,1.25,6.7167797,,6.599,,13.0,2.93,10.33,5.0,23.4,,15.1,11.4,,40.7,21.7,-2.0,-8.8,4.0/4.0,58.7,10.3,1.61,56.66,0.0,21.2,10.7,160.3,,39.7,-52.8,-4.3,20.8,buy,0.256,49.2,35.0,49.0,53.0,89.0,51.0,,
NSE:CIPLA,Cipla Limited,Healthcare,Drug Manufacturers - Specialty & Generic,Large,108578.0,1344.0,1673.0,1165.7,19.7,32.3,0.62,3.15,21.171803,,19.15,,13.0,0.97,9.5,5.0,31.2,,13.9,11.3,,12.5,12.0,7.2,11.5,4.0/4.0,1.8,109.3,1.02,29.21,0.02,44.7,-10.3,12.1,,22.8,-28.3,-2.0,12.3,buy,0.078,49.1,34.0,70.0,61.0,82.0,20.0,,
NSE:BPCL,Bharat Petroleum Corporation Limited,Oil Gas & Consumable Fuels,Oil & Gas Refining & Marketing,Large,128434.0,300.6,391.65,266.6,23.2,7.5,0.66,1.28,7.576785,0.28,5.537,,20.0,6.65,17.6,5.0,56.1,,20.4,4.0,,-4.0,3.5,-1.2,129.7,4.0/4.0,54.3,12.8,1.96,52.98,0.0,28.8,-7.1,96.8,,28.7,-34.6,-6.6,14.8,hold,0.87,49.1,37.0,48.0,72.0,67.0,36.0,,Y
NSE:KPIL,Kalpataru Projects International Limited,Construction,Engineering & Construction,Small,23210.0,1359.1,1479.6,1007.1,8.1,20.4,0.84,2.98,14.807074,,11.256,,11.0,0.81,8.1,5.0,16.5,,10.4,9.0,,6.6,4.2,18.4,33.1,4.0/4.0,45.8,4.1,1.48,33.58,0.06,49.3,9.0,114.4,,33.5,-40.3,8.6,18.4,none,0.46,49.0,41.0,44.0,42.0,55.0,80.0,,
NSE:KFINTECH,Kfin Technologies Limited,Financial Services,Software - Application,Small,14383.0,832.0,1215.0,784.95,31.5,42.2,2.01,8.58,29.910122,,28.158,,12.0,1.44,2.65,2.0,38.1,,22.1,20.5,,26.6,24.4,22.5,20.6,4.0/4.0,3.3,100.7,1.08,22.82,-0.08,64.7,-21.9,86.9,,43.1,-49.6,-10.6,32.3,none,-0.242,49.0,73.0,40.0,33.0,47.0,27.0,,
NSE:GLAND,Gland Pharma Limited,Healthcare,Drug Manufacturers - Specialty & Generic,Mid,47292.0,2866.0,3042.0,1573.6,5.8,41.9,0.8,4.56,29.723543,,25.74,,20.0,0.7,7.6,2.0,26.3,,9.1,7.6,,21.0,16.8,21.3,9.6,4.0/4.0,2.7,50.5,1.0,51.77,-0.06,33.2,45.4,80.1,,36.7,-34.3,32.6,0.2,buy,0.587,48.9,38.0,52.0,44.0,41.0,83.0,,
NSE:NAVA,NAVA LIMITED,Power,Conglomerates,Small,15577.0,549.8,739.4,501.65,25.6,20.6,0.76,1.78,,,10.023,,8.5,1.54,4.05,5.0,33.6,,13.1,9.0,,35.1,17.5,6.8,-5.3,4.0/4.0,20.7,180.9,2.94,50.03,-0.1,5.7,-13.2,181.4,,48.4,-44.7,-6.2,,none,0.437,48.8,32.0,53.0,61.0,85.0,41.0,,Y
NSE:BERGEPAINT,Berger Paints (I) Limited,Consumer Durables,Specialty Chemicals,Mid,52750.0,452.4,594.55,391.1,23.9,43.3,0.89,7.63,34.913197,,28.592,,4.0,0.88,2.98,5.0,36.4,,19.1,16.3,,14.1,9.9,4.2,9.5,4.0/4.0,9.2,26.8,1.37,74.98,0.0,15.6,-13.9,-24.0,,25.5,-38.8,-7.0,27.4,hold,0.441,48.7,44.0,63.0,53.0,81.0,14.0,,
NSE:TENNIND,Tenneco Clean Air India Limited,Automobile and Auto Components,Auto Parts,Small,19942.0,494.1,657.0,438.05,24.8,33.3,0.94,16.64,24.57951,,38.493,,24.4,,,,0.0,,39.7,31.5,,14.2,10.6,3.9,16.6,4.0/4.0,4.3,25.3,2.37,74.79,0.0,26.4,,,,,,-11.0,29.8,buy,,48.7,58.0,77.0,52.0,27.0,0.0,,
NSE:MEDANTA,Global Health Limited,Healthcare,Medical Care Facilities,Mid,36466.0,1357.0,1544.0,956.0,12.1,65.8,1.26,9.2,40.373436,,37.741,,0.5,0.04,0.1,1.0,2.4,,14.5,13.4,,16.7,11.9,17.2,19.5,4.0/4.0,29.9,10.2,1.28,33.0,-0.01,23.5,3.3,100.7,,32.3,-35.3,10.0,17.7,buy,0.143,48.7,52.0,49.0,31.0,30.0,76.0,,
NSE:LTF,L&T Finance Limited,Financial Services,Credit Services,Mid,66257.0,264.35,338.6,234.9,21.9,20.9,1.0,2.36,13.563199,,,,2.75,1.04,1.55,4.0,21.7,,9.6,7.5,,45.9,33.1,17.7,22.5,4.0/4.0,393.4,,-4.76,65.96,-0.2,18.1,3.3,112.0,,35.2,-31.1,-9.4,30.4,buy,0.639,48.7,48.0,47.0,56.0,48.0,44.0,,
NSE:FSL,Firstsource Solutions Limited,Services,Information Technology Services,Small,17267.0,250.05,371.75,202.0,32.7,26.3,1.0,3.94,15.6392975,,14.543,,5.5,2.2,3.5,5.0,57.8,,14.8,13.9,,12.4,6.7,17.1,9.5,4.0/4.0,67.1,5.7,1.8,53.66,0.0,31.0,-21.6,59.5,,41.9,-48.1,-3.8,24.2,buy,0.166,48.6,46.0,48.0,54.0,87.0,24.0,,
NSE:CEATLTD,CEAT Limited,Automobile and Auto Components,Auto Parts,Small,13286.0,3284.5,4438.0,3061.2,26.0,22.5,0.63,2.26,13.821714,,7.555,,35.0,1.06,18.6,5.0,20.5,,11.5,5.4,,4.1,3.6,11.6,55.4,4.0/4.0,64.7,3.8,2.56,47.29,0.08,33.6,-4.8,59.3,,37.5,-30.3,-7.1,18.6,none,0.464,48.5,34.0,52.0,66.0,83.0,32.0,,
NSE:UNOMINDA,UNO Minda Limited,Automobile and Auto Components,Auto Parts,Mid,64157.0,1111.0,1382.0,994.0,19.6,53.5,1.51,9.39,35.480743,,30.209,,2.65,0.24,1.48,5.0,12.7,,16.8,15.7,,7.1,5.8,20.5,22.4,4.0/4.0,37.7,10.5,1.44,68.36,-0.35,20.3,-15.9,80.3,,35.7,-31.6,-4.1,19.3,buy,0.297,48.4,55.0,54.0,33.0,73.0,29.0,,Y
NSE:MANKIND,Mankind Pharma Limited,Healthcare,Drug Manufacturers - Specialty & Generic,Mid,104707.0,2535.0,2642.0,1909.7,4.0,51.3,0.99,6.42,35.703163,,28.028,,2.0,0.08,0.2,1.0,2.0,,15.8,11.7,,20.6,13.9,17.7,14.3,4.0/4.0,38.1,4.7,1.63,72.63,-0.05,18.8,4.1,39.8,,30.5,-35.7,10.4,8.5,buy,0.452,48.4,52.0,50.0,35.0,31.0,68.0,,
NSE:HDFCBANK,HDFC Bank Limited,Financial Services,,Large,1111981.0,721.2,1020.5,681.9,29.3,15.8,0.75,1.83,11.514689,0.89,,,13.0,1.8,8.75,5.0,24.0,,10.8,8.6,1.8,33.3,26.8,16.9,12.5,4.0/4.0,,,1.59,0.0,0.0,61.0,-24.0,-8.3,,21.0,-31.0,-10.5,37.0,strong_buy,0.404,48.4,43.0,47.0,68.0,86.0,11.0,,
NSE:IRFC,Indian Railway Finance Corporation Limited,Financial Services,Credit Services,Mid,100706.0,77.06,137.17,76.51,43.8,14.0,0.67,1.77,10.556164,,,,2.9,3.76,1.62,5.0,38.2,,12.9,12.3,,97.8,97.3,4.6,4.4,4.0/4.0,773.3,1.7,-3.86,82.9,-3.46,4.8,-37.4,0.1,,41.2,-63.3,-21.6,-22.1,none,0.313,48.4,43.0,40.0,76.0,90.0,8.0,,
NSE:SUPREMEIND,Supreme Industries Limited,Capital Goods,Building Products & Equipment,Mid,42954.0,3380.0,4293.9,3140.0,21.3,41.7,0.8,6.96,32.25421,,26.276,,36.0,1.07,28.4,5.0,44.3,,18.3,15.5,,10.1,9.1,6.8,3.3,4.0/4.0,1.5,142.3,1.28,48.96,0.06,29.7,-18.5,-19.5,,33.6,-49.4,-5.7,17.3,buy,0.183,48.3,40.0,65.0,56.0,83.0,13.0,,
NSE:HDBFS,HDB Financial Services Limited,Financial Services,Credit Services,Mid,51360.0,619.95,796.7,555.3,22.2,18.5,0.88,2.49,13.0780325,,,,4.0,0.65,0.4,1.0,12.0,,15.3,12.3,,42.4,29.8,14.0,9.1,4.0/4.0,484.3,2.0,-3.38,74.12,-0.07,11.9,-19.2,,,24.7,-35.0,-9.7,30.8,buy,,48.2,52.0,63.0,59.0,40.0,11.0,,
NSE:CONCORDBIO,Concord Biotech Limited,Healthcare,Biotechnology,Small,14636.0,1399.0,1647.8,987.0,15.1,48.3,0.93,7.26,32.88715,,34.64,,7.55,0.55,3.89,2.0,36.9,,18.1,12.9,,25.0,24.8,8.0,2.8,4.0/4.0,0.1,1223.2,1.02,44.08,0.0,15.0,-15.4,39.2,,42.9,-60.7,11.0,10.8,none,0.353,48.1,46.0,55.0,44.0,40.0,56.0,,
NSE:LODHA,Lodha Developers Limited,Realty,Real Estate - Development,Large,110474.0,1105.6,1344.95,650.8,17.8,26.8,0.82,4.74,22.528257,,19.51,,4.25,0.38,1.5,3.0,10.3,,10.3,3.8,,37.1,22.7,20.4,91.7,4.0/4.0,42.2,7.2,0.28,70.31,-1.59,19.3,-2.7,39.3,,44.2,-57.3,9.3,21.9,none,0.611,47.8,54.0,28.0,51.0,38.0,63.0,,Y
NSE:BLUESTARCO,Blue Star Limited,Consumer Durables,Building Products & Equipment,Small,30008.0,1459.6,2032.9,1432.3,28.2,58.8,1.21,8.75,37.799107,,35.969,,8.5,0.58,5.8,5.0,36.4,,20.2,15.4,,3.5,4.0,15.8,9.6,4.0/4.0,23.6,12.1,0.29,36.5,0.01,34.7,-21.9,88.0,,33.5,-37.6,-13.8,13.7,hold,0.146,47.7,47.0,50.0,46.0,78.0,28.0,,Y
NSE:COROMANDEL,Coromandel International Limited,Chemicals,Agricultural Inputs,Mid,51839.0,1760.0,2499.0,1701.0,29.6,28.4,0.78,4.13,18.215271,,15.786,,11.0,0.62,11.4,5.0,24.1,,19.3,15.6,,6.8,5.6,10.2,-0.9,4.0/4.0,11.5,9.2,0.8,56.35,-0.55,25.2,-21.3,58.8,,29.2,-34.9,-14.1,32.6,none,0.127,47.7,40.0,49.0,63.0,78.0,23.0,,Y
NSE:SIEMENS,Siemens Limited,Capital Goods,Specialty Industrial Machinery,Large,135468.0,3804.0,4149.4,2826.0,8.3,80.0,1.54,9.79,56.13101,,72.674,,18.0,0.47,9.4,5.0,25.3,,15.5,13.3,,7.5,19.0,3.0,10.9,4.0/4.0,2.2,152.1,0.18,75.0,0.0,10.9,22.2,71.4,,30.0,-41.9,8.2,4.4,hold,0.576,47.6,33.0,59.0,24.0,77.0,78.0,,
NSE:DEEPAKFERT,Deepak Fertilizers and Petrochemicals Corporation Limited,Chemicals,Chemicals,Small,16501.0,1305.8,1681.0,866.4,22.3,16.8,0.46,2.41,10.460348,0.98,10.848,,10.0,0.77,9.0,5.0,12.8,,14.4,8.2,,22.7,8.1,2.6,-15.2,4.0/4.0,76.0,4.0,0.28,45.63,0.0,19.0,-15.3,105.6,,44.6,-49.6,1.4,45.2,none,0.049,47.6,27.0,36.0,65.0,80.0,67.0,,
NSE:SBICARD,SBI Cards and Payment Services Limited,Financial Services,Credit Services,Mid,53597.0,563.2,965.0,560.15,41.6,23.5,1.12,3.41,15.843438,,,,2.5,0.44,2.0,4.0,10.5,,17.6,13.8,,26.7,18.2,13.5,-1.4,4.0/4.0,280.2,,0.23,68.86,0.27,25.0,-35.5,-31.1,,26.1,-44.4,-17.4,22.1,hold,0.243,47.4,49.0,70.0,57.0,41.0,4.0,,
NSE:AXISBANK,Axis Bank Limited,Financial Services,Banks - Regional,Large,378967.0,1217.1,1418.3,1150.3,14.2,13.8,0.66,1.7,10.082773,0.54,,,1.0,0.08,0.8,4.0,0.0,13.4,13.1,8.3,1.5,49.2,36.0,12.2,34.6,4.0/4.0,,,-0.33,7.87,-0.3,70.5,5.0,19.5,,24.3,-28.0,-5.4,30.3,strong_buy,0.42,47.4,53.0,37.0,67.0,35.0,30.0,,
NSE:VEDL,Vedanta Limited,Metals & Mining,Other Industrial Metals & Mining,Mid,98421.0,252.05,795.0,247.25,68.3,11.1,0.6,1.98,7.8392186,,4.228,,34.0,13.49,48.5,5.0,118.6,,30.6,13.8,,31.2,23.2,-19.2,18.0,4.0/4.0,48.0,7.8,2.27,54.72,-1.66,18.0,-44.9,31.2,,47.2,-68.0,-45.9,24.9,none,0.368,47.3,55.0,36.0,75.0,42.0,13.0,,
NSE:TATAELXSI,Tata Elxsi Limited,Information Technology,Software - Application,Small,19268.0,3092.8,5950.0,3046.2,48.0,29.4,1.11,6.34,21.695662,,21.01,,75.0,2.42,59.22,5.0,71.4,,29.0,20.7,,19.0,16.7,6.1,-5.9,4.0/4.0,5.3,51.8,1.06,43.9,-0.01,14.7,-39.8,-56.0,,33.0,-64.7,-27.1,16.3,underperform,0.308,47.2,52.0,46.0,54.0,88.0,1.0,,
NSE:SUMICHEM,Sumitomo Chemical India Limited,Chemicals,Agricultural Inputs,Small,20977.0,420.25,572.05,362.6,26.5,36.2,0.99,6.19,28.790813,,29.741,,1.3,0.31,2.02,5.0,10.3,,17.4,15.1,,20.3,17.9,-2.6,2.6,4.0/4.0,1.9,110.4,0.82,75.0,0.0,9.7,-23.1,-0.8,,33.6,-44.1,-7.7,43.0,none,0.207,46.9,39.0,68.0,52.0,74.0,12.0,,
NSE:HYUNDAI,Hyundai Motor India Limited,Automobile and Auto Components,Auto Manufacturers,Large,164458.0,2024.0,2591.9,1658.0,21.9,33.2,0.94,8.22,22.14442,,19.619,,21.0,1.04,4.2,1.0,34.5,,35.5,23.5,,5.8,7.0,5.5,4.9,4.0/4.0,5.5,69.0,1.35,82.5,0.0,13.3,-19.5,,,29.3,-39.8,-1.0,15.0,buy,,46.9,48.0,72.0,49.0,43.0,11.0,,
NSE:CENTRALBK,Central Bank of India,Financial Services,Banks - Regional,Small,27199.0,30.05,40.92,29.32,26.6,6.1,0.29,0.66,,,,,1.39,4.63,0.12,1.0,23.8,11.6,9.1,5.7,0.9,39.7,27.8,9.3,39.2,4.0/4.0,,,0.62,81.19,-8.08,9.4,-18.1,-30.5,,41.1,-58.6,-11.5,,none,0.371,46.8,44.0,38.0,85.0,52.0,11.0,,
NSE:JINDALSAW,Jindal Saw Limited,Capital Goods,Steel,Small,17280.0,271.0,320.0,153.0,15.3,26.5,0.51,1.37,11.630901,,11.215,,2.0,0.74,1.5,5.0,19.5,,11.9,7.7,,5.2,3.6,0.4,14.8,4.0/4.0,38.2,3.5,1.82,63.25,-0.01,16.0,33.4,59.4,,47.0,-58.3,17.6,32.8,none,0.466,46.6,20.0,40.0,60.0,79.0,78.0,,
NSE:IIFL,IIFL Finance Limited,Financial Services,Credit Services,Small,24801.0,583.15,705.0,409.1,17.3,11.9,0.57,1.78,7.6961365,,,,4.0,0.69,2.82,4.0,8.1,,12.1,3.1,,42.2,24.2,13.6,3.4,4.0/4.0,447.4,,-8.42,24.85,-0.02,20.1,30.1,0.2,,44.0,-57.5,8.7,23.8,strong_buy,0.298,46.5,35.0,29.0,68.0,44.0,68.0,,
NSE:KAJARIACER,Kajaria Ceramics Limited,Consumer Durables,Building Products & Equipment,Small,19329.0,1230.0,1293.8,869.6,4.9,35.9,0.74,6.39,28.247335,,20.136,,12.0,0.98,11.8,5.0,35.0,,14.4,10.7,,16.4,10.8,3.3,12.1,4.0/4.0,7.3,32.6,1.37,47.69,0.21,30.6,6.2,-8.9,,29.7,-49.4,12.6,12.7,buy,0.475,46.4,33.0,54.0,46.0,57.0,59.0,,
NSE:IOB,Indian Overseas Bank,Financial Services,Banks - Regional,Mid,58887.0,30.58,41.8,30.07,26.8,10.3,0.49,1.51,33.97778,,,,0.0,,0.0,0.0,0.0,16.5,10.8,8.5,1.3,37.1,36.6,14.2,37.1,4.0/4.0,,,0.88,92.44,-2.17,4.3,-23.2,-17.9,,43.8,-61.9,-10.2,,none,0.243,46.4,51.0,44.0,78.0,27.0,10.0,,
NSE:TECHM,Tech Mahindra Limited,Information Technology,Information Technology Services,Large,135812.0,1533.0,1854.0,1304.1,17.3,26.5,1.0,4.58,17.49139,1.86,14.036,,51.0,3.33,45.0,5.0,88.2,,14.5,8.8,,14.4,8.7,2.2,-0.1,4.0/4.0,7.3,20.5,1.28,34.97,-0.03,44.0,12.2,31.3,,27.2,-29.1,1.3,7.8,buy,0.158,46.3,25.0,57.0,35.0,90.0,69.0,,
NSE:WIPRO,Wipro Limited,Information Technology,Information Technology Services,Large,157652.0,159.35,273.1,156.79,41.7,12.7,0.48,2.03,11.464524,1.32,7.985,6.88,8.0,5.02,3.1,5.0,87.4,16.1,15.0,14.5,7.3,15.7,13.9,0.8,5.2,4.0/4.0,27.4,22.9,1.13,72.59,-0.06,13.3,-31.4,-21.0,,25.5,-48.0,-19.6,9.5,hold,0.393,46.3,36.0,54.0,64.0,91.0,6.0,,
NSE:HINDUNILVR,Hindustan Unilever Limited,Fast Moving Consumer Goods,Household & Personal Products,Large,431385.0,1836.0,2667.2,1826.9,31.2,40.8,0.98,8.85,34.564598,3.69,28.701,,44.0,2.4,40.8,5.0,91.1,,23.1,20.1,,20.7,22.6,2.3,14.1,4.0/4.0,3.0,34.7,0.73,61.9,0.0,20.7,-26.3,-22.3,,20.5,-36.9,-15.8,31.5,buy,0.321,46.1,55.0,60.0,37.0,63.0,8.0,,
NSE:TORNTPOWER,Torrent Power Limited,Power,Utilities - Independent Power Producers,Mid,62887.0,1248.0,1824.1,1188.0,31.6,27.1,1.0,3.3,20.664068,,13.062,,20.0,1.61,16.2,5.0,43.4,,16.0,12.7,,14.0,8.0,4.0,4.5,4.0/4.0,70.9,4.7,2.26,51.09,0.0,26.8,3.6,78.2,,36.0,-38.3,-11.6,19.6,buy,0.626,45.9,35.0,43.0,54.0,85.0,39.0,,Y
NSE:BELRISE,Belrise Industries Limited,Automobile and Auto Components,Auto Parts,Small,22844.0,236.2,268.2,142.59,11.9,41.4,1.17,4.02,25.791431,,21.038,,0.55,0.23,0.11,1.0,9.7,,12.9,9.5,,7.6,5.2,13.5,16.6,4.0/4.0,29.1,4.1,1.76,61.15,-11.86,16.8,49.6,,,38.2,-14.7,11.8,12.1,none,,45.9,33.0,50.0,33.0,34.0,96.0,,
NSE:MOTHERSON,Samvardhana Motherson International Limited,Automobile and Auto Components,Auto Parts,Large,165372.0,157.03,173.27,101.01,9.4,37.7,1.06,4.04,22.609306,,15.52,,0.5,0.32,0.5,5.0,8.4,,9.3,6.7,,5.0,3.4,17.1,37.2,4.0/4.0,43.9,5.0,2.92,48.6,0.0,25.8,48.9,142.7,,36.7,-47.3,15.3,9.7,buy,1.044,45.7,36.0,38.0,34.0,49.0,91.0,,
NSE:ONGC,Oil & Natural Gas Corporation Limited,Oil Gas & Consumable Fuels,Oil & Gas Integrated,Large,279748.0,222.37,307.5,220.6,27.7,6.4,0.56,0.75,5.35464,,4.355,,14.5,6.52,11.17,5.0,39.0,,12.3,10.5,,2.9,6.2,-1.3,4.1,4.0/4.0,42.5,7.3,2.72,58.89,0.0,22.4,-3.6,37.9,,30.5,-32.3,-13.9,32.5,buy,0.097,45.6,17.0,62.0,70.0,92.0,29.0,,Y
NSE:UNITDSPR,United Spirits Limited,Fast Moving Consumer Goods,Beverages - Wineries & Distilleries,Mid,94799.0,1335.1,1563.4,1210.8,14.6,56.2,1.35,10.59,43.58699,,42.911,,17.0,1.27,4.2,3.0,58.8,,19.7,19.0,,13.2,14.9,5.6,17.4,4.0/4.0,4.6,15.0,0.79,56.67,0.0,25.1,0.4,29.0,,25.7,-26.9,-2.4,17.7,buy,0.143,45.5,50.0,63.0,31.0,47.0,29.0,,
NSE:SONACOMS,Sona BLW Precision Forgings Limited,Automobile and Auto Components,Auto Parts,Mid,50242.0,805.0,844.0,404.35,4.6,71.9,2.03,8.37,47.720474,,44.5,,3.6,0.45,2.12,4.0,30.4,,14.6,10.7,,16.6,14.2,18.8,17.4,4.0/4.0,7.2,47.8,1.03,28.01,-0.01,69.0,95.8,39.6,,36.1,-45.6,30.6,-4.3,none,0.454,45.5,48.0,44.0,18.0,42.0,80.0,,
NSE:DABUR,Dabur India Limited,Fast Moving Consumer Goods,Household & Personal Products,Mid,66390.0,374.25,534.0,368.05,29.9,33.7,0.81,5.81,28.467047,3.16,25.228,,8.25,2.2,5.93,5.0,72.1,,17.7,16.4,,16.5,14.6,4.5,3.5,4.0/4.0,10.9,20.3,1.36,66.24,0.02,22.6,-23.0,-31.2,,21.5,-42.5,-16.3,33.9,buy,0.413,45.5,42.0,61.0,43.0,87.0,8.0,,
NSE:GMDCLTD,Gujarat Mineral Development Corporation Limited,Metals & Mining,Thermal Coal,Small,15531.0,488.4,771.9,466.4,36.7,16.2,0.87,2.2,14.239067,,33.287,,9.5,1.95,7.12,5.0,33.6,,13.7,9.8,,17.4,33.8,-8.8,-7.4,4.0/4.0,4.5,178.6,0.78,74.0,0.0,2.5,-20.1,92.5,,53.8,-50.6,-17.9,-43.9,none,0.34,45.4,23.0,60.0,61.0,86.0,29.0,,Y
NSE:IOC,Indian Oil Corporation Limited,Oil Gas & Consumable Fuels,Oil & Gas Refining & Marketing,Large,185468.0,131.34,188.96,130.22,30.5,5.5,0.48,0.82,6.974254,,4.521,,8.25,6.28,7.88,5.0,40.9,,14.1,7.0,,-0.1,3.9,-2.2,62.6,4.0/4.0,58.4,8.4,1.81,51.5,0.0,14.3,-7.6,63.4,,27.4,-38.5,-11.1,21.7,buy,0.77,45.3,30.0,43.0,75.0,66.0,31.0,,
NSE:COCHINSHIP,Cochin Shipyard Limited,Capital Goods,Aerospace & Defense,Small,33858.0,1287.0,1890.0,1187.0,31.9,49.7,0.96,5.77,28.791946,,42.52,,11.25,0.87,9.62,5.0,37.7,,12.4,6.9,,14.7,13.5,26.9,33.0,4.0/4.0,28.5,11.8,-1.72,67.91,0.0,11.1,-30.5,143.7,,48.4,-57.8,-13.1,16.5,none,0.582,45.2,48.0,37.0,56.0,55.0,30.0,,
NSE:MANAPPURAM,Manappuram Finance Limited,Financial Services,Credit Services,Small,29016.0,308.9,381.55,245.15,19.0,18.9,0.9,1.81,10.030334,,,,4.0,1.29,3.09,5.0,12.2,,12.6,6.3,,52.4,30.5,7.3,-12.5,4.0/4.0,360.2,,-20.17,41.66,6.41,41.1,8.7,126.0,,37.9,-38.6,-0.2,21.3,buy,0.79,45.0,31.0,46.0,60.0,59.0,48.0,,
NSE:SYRMA,Syrma SGS Technology Limited,Capital Goods,Electronic Components,Small,33131.0,1720.0,1822.6,634.5,5.6,89.4,1.72,11.5,55.04849,,52.798,,1.5,0.09,0.9,3.0,7.8,,8.8,6.7,,8.8,6.7,32.8,38.6,4.0/4.0,13.0,11.2,0.91,42.28,-0.69,17.3,113.9,224.8,,45.7,-43.7,54.7,-8.7,buy,0.21,44.7,43.0,40.0,20.0,33.0,97.0,,
NSE:AUBANK,AU Small Finance Bank Limited,Financial Services,Banks - Regional,Mid,73967.0,987.0,1144.1,720.7,13.7,26.2,1.25,3.69,16.123655,,,,1.0,0.1,0.7,4.0,0.0,,12.7,12.2,,35.3,25.6,30.4,22.8,4.0/4.0,,,0.69,22.74,-0.11,49.5,36.4,34.1,,31.9,-38.6,-1.7,13.6,buy,0.557,44.6,60.0,27.0,42.0,36.0,41.0,,
NSE:ASTRAL,Astral Limited,Capital Goods,Building Products & Equipment,Mid,36107.0,1344.0,1768.7,1311.6,24.0,62.9,1.21,8.9,39.90679,,32.875,,4.0,0.3,3.04,5.0,17.5,,15.4,13.2,,9.9,8.5,8.4,5.5,4.0/4.0,6.2,28.3,2.08,54.22,0.12,28.7,-2.1,-29.1,,29.7,-48.7,-10.9,29.4,buy,0.173,44.6,36.0,67.0,43.0,74.0,19.0,,
NSE:CREDITACC,CREDITACCESS GRAMEEN LIMITED,Financial Services,Credit Services,Small,19792.0,1235.0,1634.0,1113.0,24.4,16.4,0.78,2.52,9.549575,,,,0.0,,2.0,1.0,0.0,16.4,13.9,7.6,,64.6,39.8,20.9,-2.0,4.0/4.0,302.9,8.4,-3.56,66.21,-0.22,20.5,-11.6,-11.3,,42.3,-53.5,-8.4,42.1,strong_buy,0.087,44.5,46.0,49.0,65.0,29.0,18.0,,
NSE:ULTRACEMCO,UltraTech Cement Limited,Construction Materials,Building Materials,Large,315056.0,10710.0,13110.0,10325.0,18.3,36.9,1.09,4.11,24.78438,1.22,19.037,,240.0,2.24,52.1,5.0,26.7,,10.0,8.5,,15.5,9.3,11.9,17.3,4.0/4.0,29.4,7.0,1.88,59.33,0.1,22.7,-9.6,27.3,,23.0,-20.6,-8.5,30.1,strong_buy,0.495,44.4,33.0,61.0,41.0,87.0,24.0,,Y
NSE:ICICIGI,ICICI Lombard General Insurance Company Limited,Financial Services,Insurance - Diversified,Mid,78090.0,1563.0,2064.9,1423.1,24.3,32.4,1.54,4.58,22.768879,,23.862,,14.0,0.9,11.4,5.0,27.9,14.6,16.6,15.7,2.7,7.4,8.8,14.9,17.0,4.0/4.0,,41.2,,51.22,-0.24,83.4,-17.3,16.6,,24.3,-36.4,-11.1,19.6,buy,0.445,44.3,49.0,40.0,42.0,81.0,18.0,,
NSE:GPIL,Godawari Power And Ispat limited,Capital Goods,Steel,Small,13992.0,215.01,320.0,210.42,32.8,17.1,0.33,2.27,9.556,,10.002,,1.0,0.46,1.19,5.0,8.0,,17.9,13.8,,16.2,13.9,-2.1,0.3,4.0/4.0,7.6,36.8,1.45,63.18,-0.3,6.9,-12.2,-63.5,,56.1,-82.4,-18.1,34.9,none,0.721,44.2,36.0,44.0,81.0,52.0,12.0,,
NSE:HINDALCO,Hindalco Industries Limited,Metals & Mining,Aluminum,Large,209075.0,941.85,1176.0,754.45,19.9,12.8,0.69,1.53,8.474311,,6.888,,5.0,0.53,3.7,5.0,6.8,,10.7,9.6,,13.7,5.5,7.1,9.9,4.0/4.0,72.6,6.6,0.77,34.66,0.02,40.1,23.6,92.9,,32.2,-26.2,-4.3,23.3,buy,0.925,44.1,27.0,39.0,59.0,77.0,48.0,,Y
NSE:AFFLE,Affle 3i Limited,Information Technology,Advertising Agencies,Small,20421.0,1451.0,1993.7,1251.3,27.2,43.0,1.62,5.58,29.289564,,28.88,,0.0,,,,0.0,,13.5,11.9,,17.9,16.8,23.6,23.0,4.0/4.0,0.4,175.9,1.1,54.91,-0.09,28.5,-26.2,30.1,,35.3,-40.9,-5.0,36.7,strong_buy,0.104,44.0,54.0,63.0,38.0,27.0,16.0,,
NSE:TATATECH,Tata Technologies Limited,Information Technology,Information Technology Services,Small,28383.0,699.0,891.0,507.4,21.5,51.0,1.92,7.23,29.867607,,33.498,,8.35,1.19,4.35,2.0,60.8,,18.7,13.9,,13.3,9.4,7.7,-4.3,4.0/4.0,23.9,23.4,1.42,55.17,-0.05,7.9,2.8,,,29.3,-60.2,3.5,6.2,hold,0.853,43.7,39.0,38.0,31.0,46.0,78.0,,
NSE:BBOX,Black Box Limited,Information Technology,Software - Application,Small,14133.0,795.8,1103.0,444.3,27.9,61.0,2.3,10.98,27.488773,,24.052,,1.0,0.13,0.2,1.0,7.7,,20.1,8.0,,6.6,3.4,0.2,109.4,4.0/4.0,89.6,4.0,0.39,69.95,-0.29,5.5,49.7,297.7,,50.7,-53.6,13.1,33.3,strong_buy,0.917,43.7,42.0,24.0,33.0,32.0,96.0,,
NSE:PRESTIGE,Prestige Estates Projects Limited,Realty,Real Estate - Diversified,Mid,64011.0,1486.1,1805.2,1090.0,17.7,56.2,1.72,3.93,25.953508,,24.379,,2.0,0.13,1.62,5.0,6.8,7.8,8.0,3.0,,23.7,8.7,15.2,8.3,4.0/4.0,105.5,2.2,2.7,60.94,0.0,28.2,-3.5,136.4,,39.5,-48.4,0.8,27.3,strong_buy,0.439,43.3,31.0,44.0,28.0,71.0,76.0,,
NSE:JYOTICNC,Jyoti CNC Automation Limited,Capital Goods,Specialty Industrial Machinery,Small,23625.0,1038.8,1134.6,580.1,8.4,73.5,1.41,11.81,42.92562,,45.079,,0.0,,,,0.0,,10.0,-6.7,,18.4,14.7,31.2,,3.0/4.0,42.6,8.3,0.16,62.55,0.0,14.0,17.6,,,51.0,-59.2,26.5,-5.1,none,-0.42,43.3,38.0,45.0,26.0,27.0,87.0,,
NSE:VTL,Vardhman Textiles Limited,Textiles,Textile Manufacturing,Small,15342.0,530.0,688.0,385.5,23.0,17.8,0.44,1.43,12.086659,,11.481,,5.0,0.94,4.56,4.0,16.8,,8.1,6.9,,12.8,8.3,-0.8,-2.1,4.0/4.0,17.5,11.2,1.49,65.08,0.87,16.1,30.4,41.7,,39.5,-35.4,-5.3,15.6,hold,0.206,43.1,12.0,68.0,71.0,47.0,42.0,,Y
NSE:LT,Larsen & Toubro Limited,Construction,Engineering & Construction,Large,508162.0,3693.4,4440.0,3288.1,16.8,30.7,1.26,4.65,20.532993,1.06,16.579,,38.0,1.03,26.4,5.0,31.5,,14.2,11.7,,10.6,5.6,16.1,15.4,4.0/4.0,97.6,10.1,1.04,0.0,0.0,52.7,1.6,30.0,,24.4,-24.3,-6.7,21.9,buy,0.507,43.1,42.0,40.0,38.0,82.0,30.0,,Y
NSE:GAIL,GAIL (India) Limited,Oil Gas & Consumable Fuels,Utilities - Regulated Gas,Large,112579.0,171.22,186.87,134.36,8.4,11.4,1.0,1.26,9.30889,,8.943,,5.5,3.21,5.4,5.0,39.9,,11.2,8.5,,14.8,6.7,-0.9,10.5,4.0/4.0,27.8,11.1,1.48,51.79,-0.09,26.9,1.4,51.4,,30.3,-39.5,3.4,13.8,buy,0.507,43.0,24.0,43.0,36.0,89.0,67.0,,
NSE:APOLLOTYRE,Apollo Tyres Limited,Automobile and Auto Components,Auto Parts,Small,25556.0,404.0,540.5,365.3,25.3,15.0,0.42,1.53,12.047851,,7.646,,11.0,2.72,4.45,5.0,31.5,,9.1,7.6,,6.5,5.8,5.4,9.5,4.0/4.0,22.0,4.4,2.67,36.93,-0.02,34.2,-12.3,9.5,,29.7,-33.7,-7.7,23.3,none,0.149,43.0,17.0,52.0,74.0,88.0,19.0,,
NSE:BDL,Bharat Dynamics Limited,Capital Goods,Aerospace & Defense,Mid,39878.0,1087.9,1633.4,1071.2,33.4,76.3,1.47,9.4,35.780098,,100.163,,4.9,0.45,4.48,5.0,36.2,,12.9,9.9,,11.0,18.8,-0.9,6.1,4.0/4.0,0.0,285.3,1.44,74.93,0.0,11.0,-29.2,107.4,,44.8,-46.4,-17.1,22.7,hold,0.321,42.9,22.0,73.0,44.0,76.0,28.0,,
NSE:PIIND,PI Industries Limited,Chemicals,Agricultural Inputs,Small,33921.0,2236.0,3832.9,2191.0,41.7,29.2,0.8,3.02,21.054615,,20.745,,15.0,0.67,10.4,5.0,19.5,,16.1,11.8,,15.5,17.9,1.1,2.4,4.0/4.0,3.0,104.4,0.36,46.09,0.0,40.4,-37.3,-38.0,,27.6,-52.3,-21.4,29.7,hold,0.366,42.8,32.0,49.0,67.0,79.0,2.0,,
NSE:SANSERA,Sansera Engineering Limited,Automobile and Auto Components,Auto Parts,Small,26582.0,4258.8,4743.5,1382.7,10.2,82.3,2.32,8.58,46.96797,,38.788,,4.0,0.09,2.15,4.0,6.3,,11.2,7.8,,13.1,9.3,14.8,30.4,4.0/4.0,19.0,12.5,1.19,29.21,-1.13,50.2,205.3,353.2,,32.9,-40.2,52.6,-4.4,buy,0.779,42.6,40.0,32.0,18.0,35.0,99.0,,
NSE:BALKRISIND,Balkrishna Industries Limited,Automobile and Auto Components,Auto Parts,Mid,40113.0,2075.0,2775.0,1970.0,25.2,28.5,0.8,3.66,20.584066,,15.192,,16.0,0.77,18.8,5.0,16.5,,14.5,11.3,,15.6,12.2,3.6,5.5,4.0/4.0,37.5,16.4,1.81,58.29,0.0,31.3,-8.6,-11.6,,30.6,-40.4,-8.8,16.1,none,0.352,42.2,32.0,55.0,59.0,55.0,18.0,,
NSE:DRREDDY,Dr. Reddy's Laboratories Limited,Healthcare,Drug Manufacturers - Specialty & Generic,Mid,100475.0,1206.2,1414.9,1101.0,14.8,30.4,0.58,2.62,20.410103,1.68,18.265,-0.39,8.0,0.66,7.0,5.0,20.1,8.8,16.9,11.4,4.0,4.3,10.0,11.0,-1.7,4.0/4.0,18.6,15.7,1.32,26.64,0.0,52.8,-2.5,7.0,,21.6,-23.0,-3.2,5.7,hold,0.242,42.1,31.0,51.0,48.0,79.0,23.0,,
NSE:JSL,Jindal Stainless Limited,Metals & Mining,Steel,Mid,60330.0,732.2,884.0,652.25,17.2,18.6,1.0,13.4,14.106542,,11.671,,4.0,0.55,1.7,3.0,7.6,,16.9,15.0,,9.1,7.4,6.4,14.7,4.0/4.0,37.5,9.3,1.06,62.05,0.95,16.5,-3.4,43.6,,40.2,-38.2,-1.7,20.6,none,0.539,41.9,42.0,51.0,42.0,41.0,31.0,,
NSE:BAJAJHFL,Bajaj Housing Finance Limited,Financial Services,Mortgage Finance,Mid,69269.0,83.17,113.45,72.65,26.7,25.7,1.22,3.08,18.994785,,,,0.0,,,,0.0,12.7,12.1,10.8,,80.9,63.2,25.5,26.7,4.0/4.0,460.7,760.7,-7.77,86.7,-2.0,1.0,-25.6,,,28.9,-59.7,-3.6,12.5,hold,0.726,41.8,62.0,30.0,52.0,27.0,7.0,,
NSE:CIEINDIA,CIE Automotive India Limited,Automobile and Auto Components,Auto Parts,Small,14228.0,375.05,526.0,366.9,28.7,16.3,0.46,1.84,13.159649,,9.304,4.87,7.0,1.86,3.4,4.0,29.6,12.2,10.0,-2.7,6.7,11.2,9.0,3.5,,3.0/4.0,6.6,50.0,1.52,65.7,0.0,23.7,-5.8,-21.0,,34.1,-39.2,-14.4,33.4,none,-0.008,41.8,13.0,72.0,75.0,51.0,18.0,,
NSE:SRF,SRF Limited,Chemicals,Conglomerates,Mid,73692.0,2486.2,3210.0,2355.0,22.5,34.1,0.93,5.25,27.565907,,18.922,,10.0,0.4,7.31,5.0,12.3,,13.9,9.9,,22.2,12.7,1.8,-5.3,4.0/4.0,36.2,10.4,1.39,50.26,0.0,29.3,-14.2,4.6,,29.0,-27.0,-6.9,17.4,none,0.126,41.7,28.0,59.0,50.0,75.0,17.0,,
NSE:MAXHEALTH,Max Healthcare Institute Limited,Healthcare,Medical Care Facilities,Mid,91584.0,940.95,1221.9,902.05,23.0,63.3,1.22,8.52,40.24055,,42.029,,2.0,0.21,0.8,3.0,13.4,,13.1,11.5,,19.7,16.7,22.4,9.3,4.0/4.0,32.4,8.8,1.13,23.71,-0.03,59.5,-15.3,61.9,,34.1,-28.3,-8.6,24.2,buy,0.113,41.7,47.0,47.0,41.0,36.0,27.0,,
NSE:THERMAX,Thermax Limited,Capital Goods,Conglomerates,Mid,37772.0,3353.1,5277.8,2742.7,36.5,63.6,1.22,6.81,37.501366,,43.151,,14.0,0.42,10.4,5.0,26.6,,13.0,11.6,,0.4,5.5,9.8,17.0,4.0/4.0,42.2,8.5,0.75,61.98,0.0,18.8,6.4,22.5,,37.2,-50.9,-12.1,31.0,none,0.301,41.5,31.0,43.0,49.0,76.0,31.0,,
NSE:FORTIS,Fortis Healthcare Limited,Healthcare,Medical Care Facilities,Mid,59264.0,785.0,1104.3,745.35,28.9,56.5,1.09,5.99,34.434116,0.42,30.981,,1.0,0.13,0.6,3.0,7.2,,8.8,7.8,,16.3,11.0,13.3,21.0,4.0/4.0,34.2,5.8,1.54,31.17,0.0,51.1,-20.6,137.0,,30.5,-29.8,-13.7,41.9,strong_buy,0.652,41.5,35.0,44.0,61.0,34.0,34.0,,
NSE:ASAHIINDIA,Asahi India Glass Limited,Automobile and Auto Components,Auto Parts,Small,24182.0,948.6,1074.0,775.1,11.7,54.6,1.54,6.15,40.887928,,24.376,,2.0,0.21,1.8,5.0,11.5,,13.6,8.8,,17.3,8.5,7.0,-1.9,4.0/4.0,55.9,3.4,1.46,51.57,-2.52,9.9,8.9,65.0,,39.3,-29.4,5.2,10.7,none,0.373,41.2,28.0,40.0,26.0,72.0,73.0,,
NSE:PATANJALI,Patanjali Foods Limited,Fast Moving Consumer Goods,Packaged Foods,Mid,38636.0,355.15,614.05,328.2,42.2,19.6,0.47,2.95,19.460274,,20.471,,4.05,1.14,2.15,4.0,23.0,,10.4,7.5,,4.3,4.6,8.7,27.0,4.0/4.0,21.3,12.5,-0.18,68.25,-0.56,17.7,-38.1,-16.4,,37.2,-49.2,-19.7,49.9,strong_buy,-0.179,40.7,28.0,45.0,79.0,48.0,6.0,,
NSE:AMBUJACEM,Ambuja Cements Limited,Construction Materials,Building Materials,Mid,90013.0,362.25,588.75,356.3,38.5,20.3,0.6,1.51,24.96358,5.15,16.372,,2.0,0.55,2.76,5.0,11.2,,8.1,7.6,,7.9,11.1,8.9,34.6,4.0/4.0,1.2,15.8,1.13,67.33,-0.35,23.0,-36.3,-17.7,,33.2,-47.4,-19.8,35.2,buy,0.208,40.2,31.0,55.0,49.0,78.0,6.0,,Y
NSE:WELSPUNLIV,Welspun Living Limited,Textiles,Textile Manufacturing,Small,22501.0,239.0,244.89,107.1,2.4,82.7,2.07,4.66,25.921907,,26.511,,0.1,0.04,0.44,5.0,0.0,,9.3,4.2,,8.5,2.8,5.7,0.9,4.0/4.0,46.5,3.2,5.75,66.36,0.12,15.0,104.8,98.2,,45.2,-48.4,60.0,-13.5,strong_buy,0.136,40.0,14.0,58.0,17.0,69.0,89.0,,
NSE:JSWSTEEL,JSW Steel Limited,Metals & Mining,Steel,Large,300973.0,1233.0,1351.0,1073.2,8.7,12.2,0.66,3.01,16.923319,,10.329,,7.1,0.58,7.47,5.0,9.8,,11.1,4.4,,15.3,13.1,3.6,75.3,4.0/4.0,95.4,4.5,1.13,44.29,-1.02,17.1,8.2,54.6,,27.3,-15.0,-0.7,11.9,none,0.627,39.9,35.0,33.0,51.0,53.0,37.0,,Y
NSE:GROWW,Billionbrains Garage Ventures Limited,Financial Services,Capital Markets,Large,111634.0,180.3,227.2,112.0,20.6,45.8,2.18,11.55,28.602976,,,,0.0,,,,0.0,,21.6,21.6,,64.4,45.4,,,1.0/1.0,3.0,65.8,-0.01,27.14,-0.67,38.1,,,,,,-2.4,32.4,strong_buy,,39.7,85.0,12.0,23.0,27.0,0.0,,
NSE:RELIANCE,Reliance Industries Limited,Oil Gas & Consumable Fuels,Oil & Gas Refining & Marketing,Large,1580187.0,1167.7,1611.8,1160.8,27.6,21.1,1.85,1.75,16.352873,0.82,11.098,,6.0,0.51,4.5,5.0,20.8,,8.8,8.3,,12.3,6.6,6.4,6.6,4.0/4.0,46.3,6.1,2.38,50.48,0.41,28.1,-14.3,-3.7,,22.3,-27.2,-13.7,43.6,strong_buy,0.152,39.5,21.0,63.0,46.0,77.0,16.0,,
NSE:ACC,ACC Limited,Construction Materials,Building Materials,Small,22178.0,1181.0,1987.0,1166.1,40.6,11.7,0.35,1.08,12.025777,2.33,9.131,,7.5,0.63,19.25,5.0,7.4,,10.6,4.7,,3.4,7.6,12.9,48.7,4.0/4.0,2.1,20.2,-0.64,56.69,0.0,22.9,-34.9,-41.2,,27.9,-56.9,-17.4,28.6,hold,0.349,39.1,33.0,47.0,61.0,54.0,3.0,,Y
NSE:MPHASIS,MphasiS Limited,Information Technology,Information Technology Services,Mid,42938.0,2250.2,2975.0,2013.0,24.4,22.5,0.85,3.79,17.72187,2.4,14.967,0.92,62.0,2.76,54.6,5.0,57.0,17.7,18.3,17.3,9.0,14.8,11.6,4.8,4.4,4.0/4.0,24.7,13.3,0.67,30.54,-9.56,55.7,-14.1,-2.2,,31.7,-34.7,-5.4,16.2,buy,0.489,38.9,43.0,33.0,41.0,64.0,17.0,,
NSE:DEEPAKNTR,Deepak Nitrite Limited,Chemicals,Chemicals,Small,20350.0,1492.0,1897.9,1280.0,21.4,26.0,0.71,3.49,24.048262,,16.197,,7.5,0.5,7.0,5.0,13.1,,15.0,9.4,,18.5,9.1,-0.5,-13.5,4.0/4.0,27.9,17.5,0.98,49.34,0.06,26.1,-18.3,-33.8,,32.5,-58.4,-8.3,26.8,none,0.454,38.9,26.0,43.0,59.0,77.0,10.0,,
NSE:ARE&M,Amara Raja Energy & Mobility Limited,Automobile and Auto Components,Electrical Equipment & Parts,Small,13686.0,747.75,1023.0,670.0,26.9,14.8,0.42,1.69,12.798435,1.31,9.216,,10.6,1.42,9.48,5.0,21.0,,12.4,11.1,,5.9,6.3,10.0,7.0,4.0/4.0,5.0,41.3,1.25,32.86,0.0,28.7,-23.9,19.1,,33.4,-60.1,-11.6,35.5,none,0.814,38.7,27.0,43.0,62.0,59.0,15.0,,
NSE:TMCV,Tata Motors Limited,Capital Goods,Auto Manufacturers,Large,153977.0,418.1,509.0,306.3,17.9,36.7,0.71,12.09,17.850588,,16.771,,4.0,0.96,0.0,0.0,35.1,,30.6,23.8,,6.9,4.8,-56.0,-69.3,3.0/3.0,44.1,6.3,4.94,42.56,0.0,25.8,,,,,,-3.2,26.4,none,,38.6,40.0,47.0,56.0,41.0,0.0,,
NSE:TIINDIA,Tube Investments of India Limited,Automobile and Auto Components,Conglomerates,Mid,45296.0,2340.0,3335.2,2164.9,29.8,74.6,2.1,5.84,31.472765,,22.242,,3.5,0.15,3.5,5.0,11.2,,17.1,8.2,,6.0,2.6,15.5,-12.6,4.0/4.0,5.4,32.6,1.82,44.1,0.01,38.2,-24.0,-30.5,,38.2,-53.5,-14.7,42.4,none,-0.001,38.5,30.0,63.0,35.0,71.0,8.0,,
NSE:SBILIFE,SBI Life Insurance Company Limited,Financial Services,Insurance - Life,Large,172746.0,1721.6,2132.0,1652.9,19.2,66.7,3.18,8.58,49.297573,,58.086,,2.7,0.16,2.48,5.0,10.4,13.7,13.3,12.7,0.3,1.7,2.1,11.1,12.8,4.0/4.0,,227.8,,55.32,-0.05,31.1,-4.3,27.9,,23.0,-28.1,-8.2,35.7,strong_buy,0.351,38.4,33.0,55.0,24.0,71.0,26.0,,
NSE:MRPL,Mangalore Refinery and Petrochemicals Limited,Oil Gas & Consumable Fuels,Oil & Gas Refining & Marketing,Small,28730.0,163.93,212.31,136.02,22.8,9.1,0.8,2.02,3.2017577,,5.153,,4.0,2.43,0.6,1.0,22.3,,17.0,0.4,,2.4,2.9,-6.7,-10.2,4.0/4.0,108.1,5.8,1.32,88.58,0.0,2.0,26.2,84.9,,51.6,-64.2,-2.9,11.3,none,0.093,38.2,14.0,50.0,57.0,49.0,48.0,,
NSE:IGL,Indraprastha Gas Limited,Oil Gas & Consumable Fuels,Utilities - Regulated Gas,Small,19964.0,142.6,223.5,139.2,36.2,15.6,1.37,1.73,10.408448,,9.629,,3.0,2.1,3.96,5.0,52.0,,17.7,13.5,,3.4,8.1,4.6,-1.9,4.0/4.0,0.8,290.8,1.25,45.0,0.0,33.7,-29.6,-35.1,,32.4,-47.1,-11.7,29.1,buy,0.522,37.9,30.0,56.0,47.0,62.0,5.0,,
NSE:STARHEALTH,Star Health and Allied Insurance Company Limited,Financial Services,Insurance - Life,Small,31744.0,539.5,624.9,416.55,13.7,47.5,2.26,3.13,19.244255,,,,0.0,,,,0.0,7.5,9.6,7.4,2.5,13.7,3.6,14.0,-3.4,4.0/4.0,,12.8,,58.01,-0.03,24.1,17.5,-15.0,,29.6,-47.0,4.5,20.5,buy,0.187,37.6,24.0,49.0,36.0,27.0,63.0,,
NSE:CONCOR,Container Corporation of India Limited,Services,Railroads,Small,33664.0,442.0,557.0,421.45,20.6,27.1,1.03,2.6,18.945564,,15.36,,8.6,1.95,8.04,5.0,46.6,,10.3,9.6,,13.6,13.7,4.1,1.9,4.0/4.0,7.4,22.6,1.19,54.8,0.0,42.4,-14.6,-36.1,,32.1,-62.8,-10.0,27.5,buy,0.223,36.8,21.0,52.0,44.0,86.0,11.0,,
NSE:DMART,Avenue Supermarts Limited,Consumer Services,Discount Stores,Large,248701.0,3813.0,4644.0,3529.0,17.9,80.9,1.44,10.14,55.333824,,46.159,,0.0,,,,0.0,,13.3,12.1,,6.4,4.3,17.1,7.7,4.0/4.0,9.9,29.8,1.17,74.48,-0.17,13.5,-14.3,0.1,,28.0,-36.9,-4.9,10.9,hold,0.225,36.7,37.0,61.0,33.0,27.0,17.0,,Y
NSE:VMM,Vishal Mega Mart Limited,Consumer Services,Department Stores,Mid,46614.0,99.5,152.18,98.0,34.6,52.4,0.93,6.26,36.852398,,22.747,,0.0,,,,0.0,,8.9,6.2,,9.6,6.6,19.4,37.7,4.0/4.0,26.8,7.6,1.93,40.09,-14.13,47.9,-33.1,,,34.4,-35.0,-14.1,46.1,strong_buy,,36.7,39.0,41.0,58.0,27.0,3.0,,
NSE:AWL,AWL Agri Business Limited,Fast Moving Consumer Goods,Packaged Foods,Small,22699.0,175.71,282.9,171.19,37.9,19.7,0.47,2.18,16.697393,,8.457,,1.0,0.57,0.0,0.0,11.2,,8.0,1.8,,2.9,1.5,8.7,21.4,4.0/4.0,10.6,3.6,3.77,56.94,-17.42,14.8,-33.0,-50.0,,43.0,-56.8,-9.5,53.6,buy,-0.158,36.3,20.0,47.0,78.0,37.0,3.0,,
NSE:HDFCLIFE,HDFC Life Insurance Company Limited,Financial Services,Insurance - Life,Large,116031.0,534.2,788.5,508.7,32.3,58.5,2.79,5.95,45.252357,,47.711,,2.1,0.39,1.94,5.0,23.0,10.8,10.8,10.5,0.4,2.2,1.9,9.3,11.8,4.0/4.0,15.9,9.6,,50.54,0.26,29.1,-29.8,-16.4,,25.1,-36.7,-13.1,38.6,strong_buy,0.499,36.1,25.0,56.0,37.0,75.0,8.0,,
NSE:FLUOROCHEM,Gujarat Fluorochemicals Limited,Chemicals,Specialty Chemicals,Mid,47819.0,4353.1,4958.9,2916.6,12.2,77.7,2.13,6.25,38.96111,,38.382,,3.0,0.07,2.8,4.0,5.4,,11.6,7.3,,19.7,11.6,-4.5,-24.3,4.0/4.0,28.9,9.8,1.66,61.39,-1.19,15.1,17.0,39.6,,36.3,-38.0,14.7,8.3,none,0.003,35.6,18.0,54.0,21.0,35.0,72.0,,
NSE:POONAWALLA,Poonawalla Fincorp Limited,Financial Services,Credit Services,Mid,37970.0,433.5,570.4,361.2,24.0,45.5,2.17,3.38,17.611305,,,,0.0,,0.88,3.0,0.0,,8.7,-1.2,,39.0,22.7,51.4,-7.5,3.0/4.0,468.1,23.5,-40.21,59.02,-4.94,20.1,-13.7,14.0,,40.5,-45.4,-1.4,22.7,buy,0.314,35.2,38.0,38.0,42.0,31.0,19.0,,
NSE:ADANIENT,Adani Enterprises Limited,Metals & Mining,Thermal Coal,Large,381317.0,2816.8,3245.0,1753.0,13.2,49.0,2.63,4.5,42.782505,,31.374,,1.3,0.05,1.12,5.0,2.3,,10.3,7.5,,9.4,6.5,-7.7,55.9,4.0/4.0,119.6,3.1,0.25,71.97,-2.0,18.1,8.7,11.9,,48.3,-51.7,9.6,33.9,strong_buy,0.797,34.6,29.0,22.0,20.0,69.0,63.0,,
NSE:ICICIPRULI,ICICI Prudential Life Insurance Company Limited,Financial Services,Insurance - Life,Mid,65002.0,448.05,706.8,441.8,36.6,38.5,1.83,4.76,31.278227,,37.068,,1.65,0.37,0.92,5.0,14.2,12.6,9.4,7.7,0.3,1.6,2.6,8.5,25.5,4.0/4.0,18.1,9.5,,72.73,-0.23,70.2,-24.6,-20.9,,26.9,-43.6,-18.4,49.2,strong_buy,0.47,33.1,26.0,45.0,44.0,50.0,9.0,,
NSE:BANDHANBNK,Bandhan Bank Limited,Financial Services,Banks - Regional,Small,28356.0,176.0,220.76,134.25,20.3,21.0,1.0,1.11,8.687506,,,,1.5,0.85,1.1,4.0,17.9,,9.4,4.8,,23.8,13.6,5.0,-17.7,4.0/4.0,,,0.93,37.54,-3.38,39.8,8.6,-24.6,,38.1,-49.7,-0.6,13.7,hold,0.792,32.7,20.0,13.0,62.0,71.0,24.0,,
NSE:RVNL,Rail Vikas Nigam Limited,Construction,Engineering & Construction,Mid,41075.0,197.0,400.7,194.05,50.8,45.7,1.88,4.18,35.81818,,50.269,,3.43,1.74,1.87,5.0,63.1,,14.6,8.9,,4.0,4.3,0.2,-13.3,4.0/4.0,49.1,3.8,-2.16,72.84,0.0,8.3,-42.4,17.3,,50.6,-68.2,-26.1,-16.2,none,0.813,30.1,16.0,28.0,43.0,86.0,10.0,,Y
NSE:HINDPETRO,Hindustan Petroleum Corporation Limited,Oil Gas & Consumable Fuels,Oil & Gas Refining & Marketing,Mid,73410.0,345.0,508.45,316.2,32.1,43.8,3.84,1.12,6.066815,,13.233,,24.25,7.03,12.2,4.0,197.4,,13.3,-21.6,,-12.8,0.4,0.2,,3.0/4.0,85.4,8.5,2.0,54.9,0.0,28.1,-15.6,131.1,,35.7,-36.0,-12.2,17.6,hold,0.896,30.1,9.0,45.0,33.0,57.0,36.0,,
NSE:INDUSINDBK,IndusInd Bank Limited,Financial Services,Banks - Regional,Mid,69098.0,886.85,1077.85,726.3,17.7,52.3,2.49,1.05,11.241585,0.72,,,1.5,0.17,8.8,4.0,8.8,,8.3,1.4,,27.3,7.6,-0.4,-50.7,4.0/4.0,,,1.12,15.82,0.0,53.6,19.5,-38.4,,33.6,-61.9,-4.1,12.9,hold,0.491,29.4,16.0,27.0,54.0,37.0,26.0,,
NSE:GODREJCP,Godrej Consumer Products Limited,Fast Moving Consumer Goods,Household & Personal Products,Mid,85971.0,840.0,1273.9,838.0,34.1,44.8,1.07,6.8,31.016935,1.5,27.124,,20.0,2.38,9.0,3.0,107.0,,9.5,-4.4,,17.2,12.1,4.6,3.0,3.0/4.0,34.9,9.3,1.34,53.05,-0.02,22.9,-25.5,-12.1,,26.3,-42.5,-20.7,40.0,buy,0.341,28.6,19.0,45.0,45.0,26.0,10.0,,
NSE:SYNGENE,Syngene International Limited,Healthcare,Diagnostics & Research,Small,14452.0,359.05,678.95,353.3,47.1,65.4,1.26,2.98,33.686634,,16.142,,1.25,0.35,0.95,4.0,22.8,,10.5,6.5,,3.9,6.1,5.4,-12.0,4.0/4.0,9.5,10.2,2.89,52.59,-0.09,38.3,-42.6,-56.3,,28.2,-61.7,-19.3,39.8,none,0.076,28.4,11.0,51.0,50.0,40.0,1.0,,
NSE:JINDALSTEL,JINDAL STEEL LIMITED,Metals & Mining,Steel,Large,111975.0,1100.5,1306.2,977.1,15.7,41.2,2.22,2.2,12.501903,,14.028,,2.0,0.18,1.8,4.0,7.5,,9.1,6.0,,11.2,4.8,-13.1,-5.4,4.0/4.0,43.6,3.8,2.14,62.69,0.33,23.0,3.5,55.7,,34.0,-27.8,-3.8,11.1,none,0.673,28.2,10.0,56.0,23.0,37.0,35.0,,
NSE:ABB,ABB India Limited,Capital Goods,Specialty Industrial Machinery,Large,146217.0,6900.0,7924.5,4637.5,12.9,92.6,1.78,15.66,65.78928,,72.099,0.74,39.36,0.57,19.79,5.0,52.7,19.1,22.3,20.6,7.9,11.5,21.3,15.4,18.0,4.0/4.0,1.5,116.0,0.73,75.0,0.0,12.6,34.8,62.6,,32.7,-47.5,4.3,2.1,hold,0.483,,,,,,,P/E > 90,
NSE:ACMESOLAR,Acme Solar Holdings Limited,Power,Utilities - Renewable,Small,30568.0,432.8,476.9,195.9,9.2,44.7,1.65,5.18,17.385687,,16.194,,0.2,0.05,0.04,1.0,2.1,,10.6,-0.2,,67.6,21.1,16.0,,3.0/4.0,393.2,1.6,2.5,71.4,-12.01,19.8,50.2,,,45.1,-38.1,39.2,-1.0,none,,,,,,,,debt/equity > 150,
NSE:AIAENG,AIA Engineering Limited,Capital Goods,Specialty Industrial Machinery,Mid,35594.0,3814.2,5180.0,3150.6,26.4,28.1,0.54,4.43,24.96041,,24.855,,16.0,0.42,13.2,5.0,11.8,,16.7,15.3,,23.9,27.8,-3.4,6.4,4.0/4.0,0.1,44.6,0.47,58.5,0.0,34.7,25.0,2.3,,27.4,-37.1,-7.7,27.1,none,0.248,,,,,,,illiquid/no data,
NSE:AARTIIND,Aarti Industries Limited,Chemicals,Specialty Chemicals,Small,16875.0,465.2,551.75,338.05,15.7,31.9,0.87,2.82,23.169327,,16.394,,1.0,0.22,1.9,5.0,6.8,,8.0,5.9,,8.9,5.9,7.9,-8.4,4.0/4.0,83.4,2.4,1.86,41.82,-0.42,23.9,22.8,-10.4,,35.2,-54.8,2.1,14.8,buy,0.636,,,,,,,no positive FCF in any year,
NSE:AAVAS,Aavas Financiers Limited,Financial Services,Mortgage Finance,Micro,9595.0,1210.0,1771.9,1060.4,31.7,14.0,0.67,1.9,10.529189,,,,0.0,,,,0.0,,13.1,13.0,,54.5,42.5,18.8,15.1,4.0/4.0,310.6,135.9,-2.12,48.88,-0.08,30.9,-27.3,-28.3,,31.7,-51.6,-10.2,40.1,buy,0.525,,,,,,,illiquid/no data,
NSE:ABBOTINDIA,Abbott India Limited,Healthcare,Drug Manufacturers - Specialty & Generic,Mid,57054.0,26850.0,30655.0,25135.0,12.4,35.3,0.68,11.95,29.700006,,28.561,,525.0,1.96,352.0,5.0,62.5,,32.0,29.8,,27.7,23.1,9.0,17.8,4.0/4.0,3.6,84.2,0.85,,,6.8,-6.2,22.8,,22.5,-28.5,0.1,19.9,none,0.043,,,,,,,illiquid/no data,
NSE:ACUTAAS,Acutaas Chemicals Limited,Healthcare,Specialty Chemicals,Small,26199.0,3200.0,3740.0,1374.0,14.4,68.1,1.31,15.85,43.597458,,47.919,,2.5,0.08,1.2,4.0,3.2,,13.5,6.3,,31.3,26.4,29.4,62.3,4.0/4.0,2.1,176.5,0.82,32.66,0.0,28.4,131.6,402.1,,43.4,-21.7,18.2,3.6,buy,0.024,,,,,,,no positive FCF in any year,
NSE:ADANIENSOL,Adani Energy Solutions Limited,Power,Utilities - Independent Power Producers,Large,162213.0,1326.4,1789.0,803.1,25.9,54.7,2.02,6.27,36.208416,,21.483,,0.0,,,,0.0,,8.4,4.8,,25.0,9.6,27.7,22.0,4.0/4.0,194.5,1.9,4.82,73.39,2.2,21.7,48.0,55.7,,50.3,-52.9,2.8,31.8,buy,0.652,,,,,,,debt/equity > 150,
NSE:ADANIGREEN,Adani Green Energy Limited,Power,Utilities - Renewable,Large,210196.0,1276.1,1631.5,765.0,21.8,122.0,4.5,10.9,42.77577,,27.3,,0.0,,,,0.0,,11.0,8.3,,66.8,13.1,16.6,19.3,4.0/4.0,346.5,1.3,6.13,62.43,0.52,14.2,19.9,29.7,,52.0,-62.9,6.5,23.6,none,1.056,,,,,,,P/E > 90,
NSE:ATGL,Adani Total Gas Limited,Oil Gas & Consumable Fuels,Utilities - Regulated Gas,Mid,64119.0,583.0,859.85,462.8,32.2,101.0,8.86,13.18,,,57.755,,0.25,0.04,0.25,5.0,4.4,,16.6,13.5,,11.6,10.1,10.4,6.3,4.0/4.0,58.6,8.8,1.75,74.8,0.0,7.4,-9.0,-9.1,,51.6,-60.1,-5.0,,none,0.596,,,,,,,P/E > 90,
NSE:ABREL,Aditya Birla Real Estate Limited,Realty,Real Estate Services,Micro,12235.0,1106.5,1914.0,1072.4,42.2,,,3.31,18.932476,,-42.202,,2.5,0.23,3.4,5.0,40.2,,0.3,-4.2,,-38.5,-25.4,-52.6,,2.0/4.0,152.4,-6.4,-7.24,50.21,0.0,21.3,-33.1,3.7,,41.3,-64.1,-17.6,69.2,none,0.417,,,,,,,losses in recent years,
NSE:CPPLUS,Aditya Infotech Limited,Capital Goods,Building Products & Equipment,Mid,46598.0,3800.0,4094.0,1304.0,7.2,93.5,1.8,23.85,50.397877,,64.359,,1.64,0.04,0.0,0.0,0.0,,29.0,19.6,,13.6,9.8,22.7,50.3,4.0/4.0,9.6,18.2,0.04,74.71,-2.41,14.9,185.7,,,44.6,-20.4,45.8,4.9,none,,,,,,,,P/E > 90,
NSE:AEGISVOPAK,Aegis Vopak Terminals Limited,Oil Gas & Consumable Fuels,Oil & Gas Equipment & Services,Small,32353.0,292.0,320.95,158.0,9.0,105.8,9.28,7.54,38.59029,,54.683,,0.2,0.07,0.0,0.0,0.0,,7.7,-0.0,,53.0,32.1,37.7,,3.0/4.0,84.4,4.8,2.26,86.93,0.0,4.9,11.3,,,45.9,-44.9,24.9,12.0,none,,,,,,,,P/E > 90,
NSE:AETHER,Aether Industries Limited,Chemicals,Specialty Chemicals,Small,22059.0,1662.0,1798.0,728.0,7.6,93.9,2.57,8.98,56.22084,,58.352,,0.0,,,,0.0,,7.6,4.0,,24.9,19.1,20.2,18.9,4.0/4.0,18.6,17.8,0.65,74.93,-0.07,11.1,122.0,69.6,,32.7,-31.0,33.6,-7.3,buy,-0.121,,,,,,,P/E > 90,
NSE:AFCONS,Afcons Infrastructure Limited,Construction,Engineering & Construction,Micro,8900.0,242.0,479.4,225.35,49.5,62.1,2.56,1.63,16.513767,,11.317,,2.0,0.83,0.5,1.0,64.1,,9.8,4.6,,6.3,1.3,-1.8,-15.1,4.0/4.0,66.5,1.7,-0.51,50.17,0.0,25.8,-46.3,,,34.8,-55.0,-21.5,31.5,buy,,,,,,,,interest cover < 2,
NSE:AJANTPHARM,Ajanta Pharma Limited,Healthcare,Drug Manufacturers - Specialty & Generic,Mid,44810.0,3586.0,3796.0,2380.2,5.5,39.4,0.76,9.9,30.78457,,28.358,,64.0,1.79,24.07,5.0,30.8,,22.0,17.4,,25.2,19.6,13.4,21.6,4.0/4.0,5.9,86.5,0.5,63.48,-2.78,24.3,51.9,104.8,,28.9,-30.1,15.0,5.9,none,0.218,,,,,,,illiquid/no data,
NSE:ABDL,Allied Blenders and Distillers Limited,Fast Moving Consumer Goods,Beverages - Wineries & Distilleries,Small,19020.0,680.0,753.8,382.1,9.8,86.3,2.07,11.44,43.58974,,37.017,,5.4,0.79,0.72,1.0,68.3,,6.8,0.4,,9.5,5.6,7.4,422.6,4.0/4.0,68.3,3.6,1.59,80.91,0.0,4.9,35.0,,,40.7,-43.8,22.0,9.0,strong_buy,0.805,,,,,,,avg ROE < 8%,
NSE:AMBER,Amber Enterprises India Limited,Consumer Durables,"Furnishings, Fixtures & Appliances",Small,22924.0,6500.0,8974.0,5400.5,27.6,250.0,5.15,5.23,34.385937,,26.526,,0.0,,0.0,0.0,0.0,,7.3,4.1,,5.2,0.8,20.7,4.2,4.0/4.0,46.6,2.4,1.35,38.09,-1.56,42.5,-21.1,126.4,,44.3,-35.4,-10.4,28.8,buy,0.195,,,,,,,P/E > 90,
NSE:ANURAS,Anupam Rasayan India Limited,Chemicals,Specialty Chemicals,Small,13162.0,1156.1,1415.0,1047.9,18.3,75.3,2.06,3.94,28.999163,,34.263,,1.5,0.13,1.3,5.0,4.9,,5.2,3.3,,16.2,6.9,14.1,-2.0,4.0/4.0,41.3,2.8,1.97,59.07,0.0,1.0,8.8,21.6,,29.6,-42.6,-9.1,10.6,hold,0.11,,,,,,,avg ROE < 8%,
NSE:APTUS,Aptus Value Housing Finance India Limited,Financial Services,Mortgage Finance,Micro,11269.0,225.0,326.15,193.03,31.0,11.5,0.55,2.23,8.60843,,,,5.0,2.21,3.0,4.0,22.9,,16.8,15.1,,78.5,61.8,23.0,23.3,4.0/4.0,156.2,,-0.52,23.86,-16.51,49.8,-29.1,-12.0,,36.5,-49.0,-12.2,51.2,none,0.692,,,,,,,micro cap,
NSE:ASHOKLEY,Ashok Leyland Limited,Capital Goods,Farm & Heavy Construction Machinery,Mid,88390.0,150.48,215.42,134.21,30.1,25.5,0.49,6.21,18.413082,,11.269,,3.5,2.33,1.74,5.0,59.1,,23.0,14.5,,19.6,6.0,10.6,41.0,4.0/4.0,344.7,2.1,-1.41,51.51,-0.01,31.4,9.1,81.0,,31.7,-33.5,-12.3,25.8,buy,0.45,,,,,,,debt/equity > 150,
NSE:ASTERDM,Aster DM Quality Care Limited,Healthcare,Medical Care Facilities,Mid,61714.0,708.0,891.3,519.1,20.6,114.7,2.2,7.97,33.535923,,39.021,,4.0,0.56,25.0,2.0,64.9,,44.4,2.8,,14.9,6.5,15.7,-3.0,4.0/4.0,45.9,6.8,1.69,53.72,13.33,21.0,12.9,174.9,,35.8,-25.6,-0.4,31.1,buy,-0.076,,,,,,,P/E > 90,
NSE:ATHERENERG,Ather Energy Limited,Automobile and Auto Components,Auto Manufacturers,Mid,55783.0,1406.1,1744.0,582.0,19.4,,,20.92,498.71957,,-132.549,,0.0,,,,0.0,,-130.0,-194.1,,-5.9,-9.2,27.2,,0.0/4.0,25.8,-6.3,-0.06,39.58,-1.64,25.0,139.5,,,47.7,-21.5,38.4,19.8,strong_buy,,,,,,,,losses in recent years,
NSE:ATUL,Atul Limited,Chemicals,Specialty Chemicals,Small,17281.0,5869.5,7180.0,5560.5,18.3,21.7,0.59,2.78,18.924843,,13.166,,30.0,0.51,24.5,5.0,9.2,,9.2,6.3,,17.1,12.0,4.9,9.7,4.0/4.0,2.9,56.7,1.51,45.33,0.15,28.2,-4.8,-19.8,,27.7,-35.7,-8.9,34.7,none,0.187,,,,,,,illiquid/no data,
NSE:AVANTIFEED,Avanti Feeds Limited,Fast Moving Consumer Goods,Packaged Foods,Micro,9714.0,713.0,1593.8,636.0,55.3,18.3,0.44,2.96,16.076664,,13.223,,10.0,1.41,6.9,5.0,23.1,,16.4,13.3,,4.8,8.4,5.9,29.6,4.0/4.0,0.4,681.2,0.83,43.23,0.0,10.6,12.3,71.5,,42.3,-52.1,-32.5,13.5,none,0.152,,,,,,,micro cap,
NSE:AZAD,Azad Engineering Limited,Capital Goods,Specialty Industrial Machinery,Small,18425.0,2853.0,3127.9,1360.0,8.8,132.9,2.56,12.06,77.181114,,78.792,,0.0,,,,0.0,,7.0,4.2,,26.5,21.8,35.0,150.3,4.0/4.0,31.0,9.5,-0.9,55.84,0.42,19.9,77.6,,,46.9,-39.6,39.0,-8.2,buy,0.636,,,,,,,P/E > 90,
NSE:BEML,BEML Limited,Capital Goods,Conglomerates,Small,16325.0,1960.0,2275.75,1355.0,13.9,91.1,1.75,5.56,27.05314,1.06,46.933,,17.68,0.9,6.77,5.0,25.2,,8.0,4.8,,-2.6,3.9,3.0,-3.6,4.0/4.0,10.5,5.4,0.84,54.03,0.0,22.3,-8.3,69.0,,46.4,-53.3,9.9,13.6,strong_buy,0.685,,,,,,,P/E > 90,
NSE:BLS,BLS International Services Limited,Consumer Services,Specialty Business Services,Micro,8924.0,216.85,359.0,212.0,39.6,12.7,0.23,3.62,10.086047,,9.334,,2.5,1.15,0.65,5.0,17.5,,27.0,25.0,,24.8,22.2,25.5,50.7,4.0/4.0,15.5,35.3,1.31,70.39,0.0,5.3,-34.0,-22.8,,47.5,-56.6,-17.6,52.2,none,-0.213,,,,,,,micro cap,
,,Realty,,,,,,,,,,,,,,,,,,,,,,,,,,,,0.0/0.0,,,,,,,,,,,,,,,,,,,,,,illiquid/no data,
NSE:BAJAJHLDNG,Bajaj Holdings & Investment Limited,Financial Services,Asset Management,Large,118706.0,10666.0,13250.0,8588.0,19.5,13.4,0.64,1.62,,,127.715,,130.0,1.22,113.4,5.0,18.2,11.6,12.0,10.4,,84.8,734.6,19.0,25.7,4.0/4.0,0.0,,0.5,51.46,0.0,13.2,-9.5,57.2,,30.6,-39.5,0.3,,none,0.151,,,,,,,illiquid/no data,
NSE:BALRAMCHIN,Balrampur Chini Mills Limited,Fast Moving Consumer Goods,Confectioners,Small,13712.0,648.0,780.95,393.55,17.0,35.7,0.86,3.16,17.814432,,23.388,,7.0,1.08,3.4,5.0,19.2,,11.5,9.1,,4.3,5.8,10.4,10.0,4.0/4.0,76.6,8.3,1.58,42.86,0.0,33.9,43.1,52.2,,38.3,-40.8,20.1,12.2,strong_buy,0.374,,,,,,,no positive FCF in any year,
NSE:BATAINDIA,Bata India Limited,Consumer Durables,Footwear & Accessories,Micro,7874.0,612.6,1238.0,605.0,50.5,54.0,1.11,4.93,28.756067,,18.846,,34.0,5.55,20.6,5.0,79.2,,17.3,8.4,,10.6,4.1,0.6,-25.4,4.0/4.0,86.9,2.4,4.43,50.16,0.0,30.9,-45.9,-60.4,,25.7,-63.2,-16.7,18.5,hold,0.376,,,,,,,micro cap,
NSE:BHARATCOAL,Bharat Coking Coal Limited,Oil Gas & Consumable Fuels,Coking Coal,,,31.84,45.09,29.74,29.4,,,2.57,,,-9.063,,0.0,,,,0.0,,17.1,2.2,,-15.9,-0.9,3.4,-42.2,4.0/4.0,38.8,3.0,-4.99,90.0,0.0,0.2,,,,,,-9.8,,none,,,,,,,,loss-making / no P/E,
NSE:BHARATFORG,Bharat Forge Limited,Automobile and Auto Components,Metal Fabrication,Mid,91626.0,1875.0,2295.0,1179.4,18.3,126.6,3.57,9.36,38.91374,,33.203,,8.5,0.45,6.7,5.0,57.6,,10.6,7.9,,9.6,4.0,9.7,26.9,4.0/4.0,76.5,6.4,1.38,43.12,-0.95,35.9,55.3,76.4,,31.0,-46.5,0.3,6.2,none,0.524,,,,,,,P/E > 90,
NSE:BHEL,Bharat Heavy Electricals Limited,Capital Goods,Specialty Industrial Machinery,Large,146595.0,421.0,446.5,229.54,5.7,60.2,1.16,5.61,30.107279,,50.161,,1.4,0.33,0.31,4.0,7.2,,3.0,1.2,,5.5,6.8,13.5,35.9,4.0/4.0,31.3,3.8,3.65,58.17,-5.0,22.8,75.9,226.1,,41.6,-46.1,21.0,-5.3,none,0.845,,,,,,,avg ROE < 8%,
NSE:BIOCON,Biocon Limited,Healthcare,Biotechnology,Mid,60712.0,370.7,447.15,337.7,17.1,107.4,2.06,1.76,34.069813,,20.701,,0.5,0.13,0.6,4.0,14.6,,3.4,1.1,,6.9,2.9,15.3,-5.9,4.0/4.0,42.1,1.5,5.17,44.68,-0.23,30.5,7.1,35.4,,31.4,-24.7,-6.0,20.6,none,0.303,,,,,,,P/E > 90,
NSE:BSOFT,BIRLASOFT LIMITED,Information Technology,Information Technology Services,Micro,7550.0,270.0,474.0,267.05,43.0,13.2,0.5,1.83,11.125226,,5.894,,6.5,2.41,5.5,5.0,31.8,,15.4,12.6,,14.7,10.6,3.5,16.1,4.0/4.0,3.4,41.3,0.93,40.38,-0.25,27.2,-21.4,-44.1,,36.7,-67.3,-21.7,22.7,hold,0.369,,,,,,,micro cap,
NSE:BOSCHLTD,Bosch Limited,Automobile and Auto Components,Auto Parts,Large,134148.0,45480.0,50000.0,28610.0,9.0,56.8,1.6,9.04,40.433975,,45.69,,270.0,0.59,338.4,5.0,63.9,,16.7,13.0,,12.4,11.3,10.3,24.8,4.0/4.0,0.8,211.5,0.78,70.54,0.0,18.3,19.4,145.1,,26.0,-32.5,16.8,13.1,strong_buy,0.673,,,,,,,illiquid/no data,
NSE:FIRSTCRY,Brainbees Solutions Limited,Consumer Services,Internet Retail,Micro,8433.0,173.8,389.65,163.37,55.4,,,1.73,51.545475,,90.754,,0.0,,,,0.0,,-7.1,-12.8,,-1.6,-1.4,16.5,,0.0/4.0,29.8,-0.1,-2.6,0.0,0.0,23.0,-52.8,,,48.0,-76.6,-23.1,39.9,none,0.409,,,,,,,losses in recent years,
,,Realty,,,,,,,,,,,23.381884,,,,,,17.96,5.0,,,1.4,0.1,,,,35.4,54.2,4.0/4.0,,1.8,4.75,,,,2.6,64.6,,16.7,-13.8,,,,,,,,,,,illiquid/no data,
NSE:CESC,CESC Limited,Power,Utilities - Regulated Electric,Small,17430.0,131.49,204.5,129.75,35.7,11.2,0.41,1.39,9.306609,,9.264,,6.0,4.56,5.7,5.0,51.1,,12.0,11.4,,11.8,8.2,9.2,4.7,4.0/4.0,164.3,2.4,2.63,52.11,0.0,77.3,-13.1,67.8,,32.1,-39.6,-18.6,60.8,strong_buy,0.367,,,,,,,debt/equity > 150,
NSE:CGPOWER,CG Power and Industrial Solutions Limited,Capital Goods,Electrical Equipment & Parts,Large,138484.0,879.0,980.9,525.5,10.4,111.1,2.14,17.37,63.116264,,85.703,,1.3,0.15,0.82,3.0,16.4,,35.4,15.1,,10.4,9.8,21.2,7.8,4.0/4.0,1.4,134.6,0.58,56.36,-1.69,19.8,19.1,99.0,,36.4,-38.0,10.3,6.3,buy,0.42,,,,,,,P/E > 90,
NSE:CRISIL,Crisil Limited,Financial Services,Financial Data & Stock Exchanges,Small,32419.0,4433.0,5064.9,3686.0,12.5,36.7,1.75,9.91,29.451336,,27.135,1.56,40.0,0.9,50.2,5.0,51.3,29.1,28.4,25.3,14.9,24.7,21.4,9.6,10.7,4.0/4.0,10.2,47.9,0.99,66.64,0.0,15.6,1.3,19.8,,31.0,-43.2,2.5,14.9,none,0.181,,,,,,,illiquid/no data,
NSE:CANFINHOME,Can Fin Homes Limited,Financial Services,Mortgage Finance,Micro,9374.0,704.0,971.5,700.0,27.5,8.3,0.4,1.57,7.4267764,0.86,,,16.0,2.25,6.7,5.0,24.8,,17.3,16.9,,79.9,66.7,17.6,20.5,4.0/4.0,636.6,,-2.68,29.99,0.0,30.1,-7.7,-5.5,,32.2,-37.8,-17.5,50.0,strong_buy,0.409,,,,,,,micro cap,
NSE:CANHLIFE,Canara HSBC Life Insurance Company Limited,Financial Services,Insurance - Life,Small,13824.0,145.9,166.69,106.0,12.5,105.7,5.03,8.48,76.789474,,73.116,,0.4,0.28,0.0,0.0,0.0,8.3,7.8,7.7,0.2,0.8,1.1,,,2.0/2.0,15.3,16.1,,62.0,0.0,20.0,,,,,,0.1,32.1,none,,,,,,,,P/E > 90,
NSE:CARBORUNIV,Carborundum Universal Limited,Capital Goods,Conglomerates,Small,23718.0,1245.0,1368.9,735.2,9.1,112.9,2.17,6.08,41.234272,,39.111,,4.0,0.32,3.6,5.0,36.2,,10.7,5.0,,6.8,3.8,3.8,-22.2,4.0/4.0,10.3,16.5,1.89,38.89,-0.34,37.7,34.6,5.1,,33.0,-58.1,27.3,-17.0,none,0.346,,,,,,,P/E > 90,
NSE:CARTRADE,Cartrade Tech Limited,Consumer Services,Auto & Truck Dealerships,Small,13612.0,2800.0,3290.5,1600.0,14.9,60.3,1.07,5.4,35.236813,,45.481,,0.0,,,,0.0,,4.3,0.7,,26.0,28.7,28.7,87.2,4.0/4.0,5.4,24.2,1.15,0.0,0.0,62.2,14.8,380.2,,49.3,-50.3,19.0,19.9,buy,0.017,,,,,,,avg ROE < 8%,
NSE:CMPDI,Central Mine Planning & Design Institute Limited,Services,Other Industrial Metals & Mining,,,205.14,283.69,150.16,27.7,22.4,0.85,6.42,,,15.744,,1.06,0.52,0.0,0.0,0.0,,28.9,24.4,,28.6,27.4,18.7,27.4,4.0/4.0,0.1,10296.5,1.17,85.0,0.0,7.9,,,,,,-8.8,,none,,,,,,,,micro cap,
NSE:CLEANMAX,Clean Max Enviro Energy Solutions Limited,Power,Utilities - Renewable,Small,15234.0,1299.0,1536.0,727.1,15.4,97.0,3.58,3.28,40.50549,,20.681,,0.0,,,,0.0,,-1.0,-5.4,,36.8,6.7,27.1,,2.0/4.0,231.9,1.2,18.39,49.42,-0.06,15.3,,,,,,10.3,21.3,strong_buy,,,,,,,,losses in recent years,
NSE:CLEAN,Clean Science and Technology Limited,Chemicals,Specialty Chemicals,Micro,8589.0,808.1,1097.9,652.0,26.4,36.9,1.01,5.43,25.37467,,23.219,,6.0,0.75,3.85,4.0,27.4,,20.7,14.5,,28.1,23.7,0.6,-8.0,4.0/4.0,0.1,875.8,1.2,51.29,-23.68,23.4,-26.3,-44.3,,31.8,-59.8,2.8,19.5,none,0.27,,,,,,,micro cap,
NSE:COHANCE,Cohance Lifesciences Limited,Healthcare,Drug Manufacturers - Specialty & Generic,Small,17332.0,453.0,917.85,266.7,50.6,164.7,3.16,4.44,46.051044,,55.15,,0.0,,2.6,2.0,0.0,,14.1,4.6,,-11.5,5.0,18.3,-24.2,4.0/4.0,9.9,7.0,2.06,57.49,-8.92,23.0,-48.2,-14.6,,37.0,-79.0,11.0,12.2,none,0.613,,,,,,,P/E > 90,
NSE:CRAFTSMAN,Craftsman Automation Limited,Automobile and Auto Components,Auto Parts,Small,26887.0,10280.0,11999.0,6324.0,14.3,53.0,1.49,7.51,29.053501,,20.971,,11.25,0.11,6.25,4.0,2.6,,13.7,6.8,,10.8,5.3,36.2,15.6,4.0/4.0,111.0,2.8,1.36,42.41,-6.29,40.5,53.0,120.4,,36.7,-40.4,17.9,10.6,none,0.339,,,,,,,illiquid/no data,
NSE:CROMPTON,Crompton Greaves Consumer Electricals Limited,Consumer Durables,"Furnishings, Fixtures & Appliances",Small,13052.0,202.7,310.5,201.1,34.7,,,4.4,18.08636,,16.055,,3.0,1.48,2.8,5.0,41.9,,10.1,-8.2,,8.0,-2.7,5.6,,3.0/4.0,5.8,-2.6,-2.99,0.0,0.0,77.2,-30.0,-31.2,,29.2,-56.6,-20.0,66.1,strong_buy,0.333,,,,,,,loss-making / no P/E,
NSE:CUPID,Cupid Limited,Fast Moving Consumer Goods,Household & Personal Products,Mid,41927.0,311.8,314.3,41.82,0.8,311.8,7.48,92.88,,,259.347,,0.0,,0.03,3.0,0.0,,17.0,11.9,,38.0,30.4,31.2,50.8,4.0/4.0,12.5,59.2,0.43,46.24,0.69,0.4,619.1,7472.6,,49.0,-57.9,100.3,,none,0.305,,,,,,,P/E > 90,
NSE:CYIENT,Cyient Limited,Information Technology,Conglomerates,Micro,11557.0,1110.2,1222.0,750.3,9.1,32.6,1.23,2.16,15.788668,93.13,13.654,,32.0,2.9,27.8,5.0,47.0,,12.5,7.5,,9.0,5.0,6.5,-6.0,4.0/4.0,7.5,11.6,1.84,24.7,1.42,52.0,-2.6,-34.3,,35.6,-67.2,16.4,-7.3,buy,0.657,,,,,,,micro cap,
NSE:DOMS,DOMS Industries Limited,Fast Moving Consumer Goods,Business Equipment & Supplies,Micro,12805.0,2110.0,2755.0,2020.0,23.4,59.2,1.42,10.5,40.266537,,32.929,,3.65,0.17,1.13,2.0,8.8,,21.6,18.8,,8.8,8.9,24.2,33.9,4.0/4.0,10.8,36.1,1.1,63.39,-7.0,29.1,-16.4,,,35.8,-33.1,-8.1,27.7,none,-0.291,,,,,,,illiquid/no data,
NSE:DALBHARAT,Dalmia Bharat Limited,Construction Materials,Building Materials,Small,31689.0,1688.0,2319.9,1605.0,27.2,33.8,1.0,1.76,23.26458,,11.846,,10.0,0.59,8.27,5.0,18.0,,5.5,3.9,,11.4,6.2,3.0,3.2,4.0/4.0,41.0,4.0,2.0,55.84,0.0,29.2,-24.1,-27.6,,29.6,-34.9,-10.3,27.3,buy,0.189,,,,,,,avg ROE < 8%,
NSE:DELHIVERY,Delhivery Limited,Services,Integrated Freight & Logistics,Small,29972.0,400.0,524.0,374.45,23.7,322.6,12.27,3.08,36.76616,,104.261,,0.0,,,,0.0,,-2.6,-11.0,,-1.6,0.8,13.2,,2.0/4.0,15.1,2.0,5.97,0.0,0.0,56.7,-7.9,-8.0,,37.3,-49.2,-10.3,37.8,strong_buy,0.166,,,,,,,losses in recent years,
NSE:DEVYANI,Devyani International Limited,Consumer Services,Restaurants,Small,15683.0,127.2,169.75,91.55,25.1,,,10.17,123.36101,,31.734,,0.0,,,,0.0,,7.5,-2.5,,4.7,-0.5,23.3,,3.0/4.0,203.3,0.8,-23.79,61.36,-1.26,18.4,-26.0,-39.8,,37.1,-57.4,4.4,20.7,buy,0.348,,,,,,,loss-making / no P/E,
,,Capital Goods,,,,,,,,,,,,,,,,,,,,,,,,,,,,0.0/0.0,,,,,,,,,,,,,,,,,,,,,,illiquid/no data,
NSE:EIDPARRY,EID Parry India Limited,Fast Moving Consumer Goods,Agricultural Inputs,Micro,11976.0,673.0,1118.0,672.3,39.8,25.8,0.62,1.36,8.985313,,5.52,,0.0,,4.9,3.0,0.0,,11.5,6.5,,5.6,1.2,9.6,-15.6,4.0/4.0,23.6,6.1,2.71,41.28,-0.26,25.8,-34.2,30.9,,35.1,-45.4,-17.4,56.3,none,0.028,,,,,,,micro cap,
,,Realty,,,,,,,,,,,26.602022,,,,,,22.05,5.0,,,3.7,1.6,,,,10.9,-12.5,4.0/4.0,,1.8,10.4,,,,7.3,66.4,,18.3,-11.7,,,,,,,,,,,illiquid/no data,
NSE:ELECON,Elecon Engineering Company Limited,Capital Goods,Specialty Industrial Machinery,Micro,9874.0,440.0,626.0,352.0,29.7,41.8,0.8,4.28,20.091324,,20.919,,2.0,0.45,1.18,5.0,19.0,,19.1,14.8,,15.2,9.9,15.9,12.8,4.0/4.0,11.8,20.8,0.92,59.27,0.0,11.4,-24.7,13.6,,49.4,-51.3,-2.8,25.0,none,0.519,,,,,,,micro cap,
NSE:EMMVEE,Emmvee Photovoltaic Power Limited,Capital Goods,Solar,Small,21217.0,306.45,371.55,171.51,17.5,17.2,0.33,5.74,10.637434,,10.982,,1.0,0.33,0.0,0.0,0.0,,30.4,6.4,,29.8,22.8,102.7,394.6,4.0/4.0,9.7,10.5,0.19,80.03,0.0,7.4,,,,,,12.5,27.7,buy,,,,,,,,no positive FCF in any year,
NSE:ESCORTS,Escorts Kubota Limited,Capital Goods,Farm & Heavy Construction Machinery,Small,29432.0,2675.0,3987.8,2550.1,32.9,21.3,0.41,2.42,19.248953,1.61,15.852,,33.0,1.24,13.5,5.0,26.3,,12.7,7.8,,9.0,11.3,11.3,55.5,4.0/4.0,1.3,116.6,0.58,68.04,0.0,12.5,-25.5,-11.9,,30.3,-37.5,-15.1,24.5,hold,0.28,,,,,,,illiquid/no data,
NSE:ETERNAL,ETERNAL LIMITED,Consumer Services,Internet Retail,Large,288957.0,313.9,368.45,212.6,14.8,667.9,11.85,9.28,83.313644,,165.112,,0.0,,,,0.0,,-0.1,-5.0,,0.2,0.6,97.7,,3.0/4.0,14.8,2.6,1.73,0.0,0.0,50.0,-4.6,215.6,,45.9,-39.1,14.2,16.9,buy,0.234,,,,,,,P/E > 90,
NSE:EXIDEIND,Exide Industries Limited,Automobile and Auto Components,Auto Parts,Small,34799.0,409.4,496.4,287.0,17.5,37.3,1.05,2.5,22.111036,,18.217,,2.0,0.49,2.0,5.0,36.5,,6.5,5.7,,8.7,4.9,6.1,1.3,4.0/4.0,11.3,12.2,2.83,45.99,0.0,23.7,4.1,54.5,,30.0,-49.9,9.2,7.0,hold,0.542,,,,,,,avg ROE < 8%,
NSE:NYKAA,FSN E-Commerce Ventures Limited,Consumer Services,Internet Retail,Mid,93107.0,324.95,349.55,232.0,7.0,361.1,6.41,64.71,110.70344,,153.04,,0.0,,,,0.0,,5.7,1.4,,5.3,2.4,24.7,118.0,4.0/4.0,82.8,3.9,3.23,52.08,-0.06,32.1,34.7,116.5,,37.3,-30.0,14.1,6.4,hold,0.356,,,,,,,P/E > 90,
NSE:FACT,Fertilizers and Chemicals Travancore Limited,Chemicals,Agricultural Inputs,Mid,47764.0,738.15,1058.6,652.1,30.3,,,34.55,,,2450.677,,0.39,0.05,0.47,3.0,88.6,,14.4,-2.9,,-2.9,-1.8,-0.0,,3.0/4.0,295.1,0.8,25.14,90.0,0.0,0.1,-17.1,42.8,,56.3,-48.4,-11.4,,none,0.194,,,,,,,loss-making / no P/E,
NSE:FORCEMOT,FORCE MOTORS LTD,Automobile and Auto Components,Auto Manufacturers,Small,22136.0,16800.0,26450.0,14911.0,36.5,17.7,0.5,5.37,,,14.455,,50.0,0.3,17.0,5.0,4.2,,19.9,7.1,,10.3,13.6,21.7,108.5,4.0/4.0,,493.1,1.07,61.63,0.0,6.4,-0.0,535.8,,50.4,-37.4,-14.7,,none,0.647,,,,,,,illiquid/no data,
NSE:FRACTAL,Fractal Analytics Limited,Information Technology,Software - Infrastructure,Micro,12399.0,721.0,1118.0,708.3,35.5,37.7,1.42,3.77,26.159746,,21.554,,0.0,,,,0.0,,8.4,-3.4,,11.3,9.5,18.5,12.9,3.0/4.0,13.1,7.9,1.4,16.97,0.0,10.6,,,,,,-16.4,31.1,buy,,,,,,,,micro cap,
NSE:GMRAIRPORT,GMR AIRPORTS LIMITED,Services,Airports & Air Services,Mid,99318.0,93.16,115.64,84.11,19.4,232.9,8.86,-39.18,60.35634,,21.524,,0.0,,0.0,0.0,0.0,,14.3,-7.1,,25.0,3.1,31.8,,1.0/4.0,,1.2,27.83,67.16,0.92,15.7,4.3,52.5,,35.7,-31.9,-6.4,28.0,strong_buy,0.549,,,,,,,losses in recent years,
NSE:GALLANTT,Gallantt Ispat Limited,Capital Goods,Steel,Micro,12820.0,531.35,948.0,496.25,44.0,29.5,0.57,3.87,,,19.432,,2.0,0.38,0.45,2.0,6.9,,11.1,6.3,,13.5,9.8,2.2,50.9,4.0/4.0,16.5,16.4,1.24,70.03,1.1,0.1,-18.8,467.6,,50.3,-43.8,-14.7,,none,1.064,,,,,,,micro cap,
NSE:GICRE,General Insurance Corporation of India,Financial Services,Insurance - Reinsurance,Mid,56834.0,323.95,417.95,316.8,22.5,6.4,0.3,0.58,,,,,13.25,4.09,,,,9.1,,,,,,,,,,,,77.4,-5.0,,,,,,,,,,,,,,,,,avg ROE < 8%,
NSE:GILLETTE,Gillette India Limited,Fast Moving Consumer Goods,Household & Personal Products,Small,22484.0,6900.0,9714.0,6860.0,29.0,33.7,0.81,23.76,,,23.107,,180.0,2.61,103.0,5.0,81.5,,45.3,33.6,,26.8,21.0,11.1,31.3,4.0/4.0,0.0,74.0,0.93,75.0,0.0,10.4,-26.0,20.8,,25.4,-36.7,-12.1,,none,0.27,,,,,,,illiquid/no data,
NSE:GLENMARK,Glenmark Pharmaceuticals Limited,Healthcare,Drug Manufacturers - Specialty & Generic,Mid,65787.0,2331.0,2537.6,1792.6,8.1,36.6,0.7,6.26,23.86682,,13.496,,7.5,0.32,3.0,5.0,7.8,,2.2,-19.1,,15.7,10.1,13.5,66.1,3.0/4.0,5.6,10.5,2.53,46.65,0.0,27.5,19.2,171.5,,31.3,-29.7,5.4,7.2,none,0.26,,,,,,,avg ROE < 8%,
NSE:GODREJIND,Godrej Industries Limited,Diversified,Conglomerates,Small,34423.0,1021.9,1443.0,744.2,29.2,29.3,1.0,3.08,,,22.873,,0.0,,0.0,0.0,0.0,,8.4,0.7,,8.1,4.8,9.8,8.4,4.0/4.0,222.4,2.5,-7.14,74.64,3.67,6.4,-14.2,75.7,,36.5,-44.9,-4.6,,none,0.608,,,,,,,debt/equity > 150,
NSE:GODREJPROP,Godrej Properties Limited,Realty,Real Estate - Development,Mid,48070.0,1595.8,2352.0,1434.0,32.2,30.0,0.92,2.51,14.483309,,-113.947,,10.0,0.63,0.0,0.0,0.0,,7.8,6.2,,-62.3,30.8,32.4,47.9,4.0/4.0,82.1,42.9,-1.08,51.66,4.96,24.0,-21.0,-4.2,,37.4,-56.5,-12.2,46.4,buy,0.467,,,,,,,avg ROE < 8%,
NSE:GRAPHITE,Graphite India Limited,Capital Goods,Electrical Equipment & Parts,Small,15378.0,787.1,874.35,516.2,10.0,72.0,1.39,2.62,15.164729,,42.326,,7.0,0.89,9.1,5.0,100.7,,7.3,3.0,,14.4,7.0,-3.1,-4.2,4.0/4.0,6.3,10.9,0.47,65.34,0.0,13.7,44.9,63.1,,41.7,-44.5,15.5,21.4,none,0.972,,,,,,,avg ROE < 8%,
NSE:GRASIM,Grasim Industries Limited,Construction Materials,Building Materials,Large,200909.0,2962.0,3411.1,2502.5,13.2,35.3,1.04,1.94,19.612396,,12.509,,10.0,0.34,9.78,5.0,11.9,,5.9,3.8,,18.8,3.1,14.3,-10.1,4.0/4.0,135.0,5.2,-3.59,43.74,0.63,22.4,6.5,55.6,,23.6,-19.2,-0.5,29.6,strong_buy,0.365,,,,,,,avg ROE < 8%,
NSE:GRAVITA,Gravita India Limited,Metals & Mining,Metal Fabrication,Micro,10293.0,1413.1,1913.6,1266.9,26.2,26.3,1.41,4.2,18.497086,,19.519,,11.55,0.64,4.0,5.0,0.0,,23.3,15.1,,9.7,8.3,14.9,23.5,4.0/4.0,29.9,20.2,0.45,55.88,0.0,10.9,-9.4,84.5,,49.0,-51.2,-13.9,45.9,none,0.475,,,,,,,micro cap,
NSE:HEGAM,HEG Advanced Materials Limited,Capital Goods,Electrical Equipment & Parts,Micro,7906.0,239.71,753.9,214.1,68.2,12.8,0.25,,7.842202,,8.293,,3.4,1.42,4.68,5.0,9.6,,7.3,2.6,,14.8,13.6,1.6,-13.8,4.0/4.0,16.7,17.5,0.62,60.72,4.94,6.8,-53.1,-30.0,,53.3,-70.9,-56.6,196.2,none,0.688,,,,,,,avg ROE < 8%,
NSE:HFCL,HFCL Limited,Telecommunication,Communication Equipment,Mid,36477.0,238.37,256.7,59.82,7.1,62.1,1.4,7.19,45.840385,,33.032,,0.2,0.08,0.17,5.0,2.6,,7.2,4.3,,18.9,9.6,1.3,1.2,4.0/4.0,38.3,3.6,-1.21,28.29,-1.73,19.4,225.0,224.1,,48.3,-62.2,66.2,-37.1,none,0.962,,,,,,,avg ROE < 8%,
NSE:POWERINDIA,Hitachi Energy India Limited,Capital Goods,Electrical Equipment & Parts,Large,139467.0,31290.0,38785.0,16111.0,19.3,122.0,2.35,26.95,62.365837,,90.495,,8.0,0.03,3.68,5.0,2.3,,12.0,7.7,,15.8,12.6,22.2,119.1,4.0/4.0,1.7,104.4,1.26,71.31,0.0,10.1,72.6,618.0,,45.5,-40.3,8.5,19.0,buy,0.568,,,,,,,P/E > 90,
NSE:HOMEFIRST,Home First Finance Company India Limited,Financial Services,Mortgage Finance,Micro,11714.0,1120.3,1317.7,893.7,15.0,20.3,0.97,2.68,14.235444,,,,5.2,0.46,1.94,3.0,9.4,,13.6,12.4,,66.0,51.4,33.7,33.3,4.0/4.0,243.9,19.4,-3.59,6.97,-5.46,66.7,-7.0,36.2,,37.9,-38.8,-0.8,27.7,strong_buy,0.57,,,,,,,promoter selling heavily,
NSE:HONASA,Honasa Consumer Limited,Fast Moving Consumer Goods,Household & Personal Products,Small,13986.0,429.0,509.8,248.4,15.8,56.3,1.35,9.87,40.609272,,50.843,,3.0,0.7,0.0,0.0,0.0,,1.7,-23.6,,13.2,9.7,17.0,,3.0/4.0,9.6,21.9,0.71,35.47,0.48,42.9,55.4,,,45.5,-62.9,14.6,29.8,buy,0.617,,,,,,,avg ROE < 8%,
NSE:HONAUT,Honeywell Automation India Limited,Capital Goods,Electrical Equipment & Parts,Small,29550.0,33400.0,41495.0,26220.0,19.5,53.7,1.03,6.62,40.23612,,42.036,,110.0,0.33,95.0,5.0,0.0,,13.1,11.8,,13.2,11.7,10.9,6.2,4.0/4.0,2.5,74.1,0.94,75.0,0.0,14.1,-7.0,-14.3,,27.3,-54.9,-0.7,19.5,none,0.499,,,,,,,illiquid/no data,
NSE:IDFCFIRSTB,IDFC First Bank Limited,Financial Services,Banks - Regional,Mid,69319.0,80.39,89.61,58.08,10.3,31.0,1.48,1.42,11.817558,,,,0.25,0.31,0.05,1.0,9.6,5.3,6.5,3.4,0.6,20.8,9.1,19.6,-13.5,4.0/4.0,,,4.23,0.0,0.0,45.3,16.8,-13.6,,31.3,-45.8,4.3,13.2,buy,0.537,,,,,,,avg ROE < 8%,
NSE:IFCI,IFCI Limited,Financial Services,Credit Services,Small,17516.0,65.01,107.5,46.23,39.5,98.5,4.69,1.92,18.46875,,,,0.0,,0.0,0.0,0.0,,0.2,-5.5,,24.1,12.7,11.5,,3.0/4.0,22.7,,1.55,72.57,0.0,3.6,17.7,291.2,,59.0,-55.1,-3.0,,none,0.6,,,,,,,P/E > 90,
NSE:IRB,IRB Infrastructure Developers Limited,Construction,Infrastructure Operations,Small,20508.0,16.98,23.95,16.75,29.1,21.8,0.9,0.96,11.994659,,14.664,,0.2,1.18,0.09,4.0,19.9,,11.6,4.1,,22.5,15.5,-0.4,5.7,4.0/4.0,95.6,1.8,2.47,30.81,0.39,14.8,-17.4,9.0,,44.5,-55.1,-17.2,64.3,none,-0.087,,,,,,,interest cover < 2,
NSE:IRCON,Ircon International Limited,Construction,Engineering & Construction,Micro,10412.0,110.7,186.44,101.6,40.6,16.8,0.69,1.57,14.376623,,14.061,,1.9,1.72,2.72,5.0,33.5,,12.8,9.0,,8.2,5.7,-5.0,-8.0,4.0/4.0,85.8,3.0,-1.04,65.17,0.0,3.4,-35.6,-23.6,,46.9,-68.5,-19.6,22.9,none,0.625,,,,,,,no positive FCF in any year,
NSE:ITCHOTELS,ITC Hotels Limited,Consumer Services,Resorts & Casinos,Small,33069.0,158.75,226.63,137.3,30.0,38.3,0.68,2.84,27.07746,,21.441,,1.0,0.63,0.0,0.0,24.1,,6.5,5.9,,20.1,20.3,,,2.0/2.0,0.6,142.6,1.36,39.85,-0.02,31.5,-28.0,,,33.1,-45.9,-4.9,33.6,strong_buy,,,,,,,,avg ROE < 8%,
NSE:ITI,ITI Limited,Telecommunication,Communication Equipment,Small,23272.0,241.7,372.85,237.0,35.2,71.5,1.62,12.2,,,443.424,,0.0,,,,0.0,,-11.2,-31.9,,-2.5,15.4,16.1,,1.0/4.0,40.1,2.5,-0.46,90.02,0.0,0.1,-21.3,22.5,,52.1,-57.0,-14.6,,none,0.064,,,,,,,losses in recent years,
NSE:INDIACEM,The India Cements Limited,Construction Materials,Building Materials,Small,13713.0,295.0,485.8,290.25,39.3,99.0,2.93,0.9,17.559525,,22.358,,0.0,,0.4,2.0,0.0,,-2.1,-4.1,,8.2,2.1,-7.3,,0.0/4.0,12.9,0.3,0.4,75.0,-6.49,11.2,-24.6,17.8,,40.3,-38.3,-25.3,49.2,none,0.22,,,,,,,losses in recent years,
NSE:IEX,Indian Energy Exchange Limited,Financial Services,Capital Markets,Micro,9425.0,105.98,160.27,104.18,33.9,18.6,0.89,6.95,16.911694,,11.286,,4.0,3.77,1.97,5.0,61.4,,37.1,36.1,,83.7,66.2,15.4,17.2,4.0/4.0,0.8,283.7,0.88,0.0,0.0,34.3,-22.8,-16.5,,38.1,-53.7,-15.0,32.3,none,0.341,,,,,,,micro cap,
NSE:NAUKRI,Info Edge (India) Limited,Consumer Services,Internet Content & Information,Mid,77729.0,1200.0,1419.9,908.3,15.5,48.5,0.86,2.05,50.872635,2.39,63.316,,14.4,1.2,4.16,5.0,34.1,,1.9,-0.8,,34.8,47.4,11.9,,3.0/4.0,0.6,78.4,0.74,37.47,-0.16,35.7,-7.7,38.5,,33.6,-48.4,5.9,22.5,strong_buy,0.298,,,,,,,avg ROE < 8%,
NSE:INOXWIND,Inox Wind Limited,Capital Goods,Specialty Industrial Machinery,Micro,11882.0,68.75,159.3,67.1,56.8,33.5,0.64,1.61,14.322916,,12.209,,0.0,,,,0.0,,-5.9,-38.9,,11.5,7.8,79.3,,2.0/4.0,20.6,6.7,-1.48,44.18,0.0,21.1,-51.6,40.9,,50.9,-73.0,-23.5,62.4,none,0.447,,,,,,,losses in recent years,
NSE:INTELLECT,Intellect Design Arena Limited,Information Technology,Software - Application,Micro,8504.0,609.5,1244.6,593.2,51.0,24.5,0.92,2.67,14.374999,,19.01,,4.0,0.65,3.1,4.0,16.1,,12.2,10.9,,12.8,11.1,10.8,8.9,4.0/4.0,5.0,73.9,1.48,29.62,-0.25,14.7,-36.8,-9.2,,43.2,-51.0,-17.1,57.2,none,0.632,,,,,,,micro cap,
NSE:INDIGO,InterGlobe Aviation Limited,Services,Airlines,Large,190623.0,4929.9,5970.0,3895.2,17.4,,,27.33,21.194593,,10.342,,10.0,0.19,2.0,1.0,12.0,,114.4,-34.3,,1.5,-5.4,15.6,,2.0/4.0,1112.7,0.7,-9.81,41.57,-1.97,44.3,-11.9,101.8,,31.7,-35.9,2.7,13.5,strong_buy,0.617,,,,,,,losses in recent years,
NSE:JKCEMENT,JK Cement Limited,Construction Materials,Building Materials,Mid,38286.0,4955.0,6764.5,4671.5,26.7,40.5,1.2,5.44,25.440699,0.94,18.717,,20.0,0.4,16.0,5.0,12.3,,13.0,9.0,,11.9,6.6,12.1,32.8,4.0/4.0,87.5,4.4,1.89,45.66,0.0,34.9,-21.2,50.9,,30.4,-37.6,-8.2,26.1,buy,0.399,,,,,,,illiquid/no data,
NSE:JBMA,JBM Auto Limited,Automobile and Auto Components,Auto Parts,Micro,12884.0,544.8,738.5,477.0,26.2,57.5,1.62,11.28,27.487387,,21.72,,0.85,0.16,0.61,5.0,9.0,,14.1,12.1,,8.3,3.6,18.1,20.7,4.0/4.0,190.3,2.0,-0.27,67.53,0.0,1.6,-20.0,-27.5,,50.4,-59.1,-11.7,,none,0.126,,,,,,,debt/equity > 150,
NSE:JKTYRE,JK Tyre & Industries Limited,Automobile and Auto Components,Auto Parts,Micro,9822.0,340.7,611.9,333.1,44.3,14.8,0.42,1.62,9.950351,,7.891,,4.0,1.18,2.6,5.0,13.0,,12.1,7.7,,3.4,4.0,3.7,43.5,4.0/4.0,80.6,3.5,1.86,51.72,1.17,14.9,-6.2,34.4,,41.1,-52.2,-19.7,42.0,buy,0.488,,,,,,,micro cap,
NSE:JMFINANCIL,JM Financial Limited,Financial Services,Capital Markets,Micro,11807.0,123.37,182.5,112.0,32.4,11.4,0.54,1.11,8.224667,,,,1.75,1.42,2.03,5.0,29.9,,8.0,4.8,,47.2,30.9,19.1,26.3,4.0/4.0,102.4,,0.48,57.03,0.52,50.0,-22.5,51.5,,42.4,-48.1,-4.5,33.7,none,0.407,,,,,,,micro cap,
NSE:JSWCEMENT,JSW Cement Limited,Construction Materials,Building Materials,Small,15012.0,111.17,143.4,106.65,22.5,19.7,0.58,2.28,19.544106,,14.464,,0.5,0.45,0.0,0.0,0.0,,-1.7,-11.5,,10.6,10.9,4.7,,2.0/4.0,68.4,-1.2,-1.55,72.02,-0.31,18.6,-19.1,,,29.1,-32.1,-10.7,34.0,buy,,,,,,,,losses in recent years,
NSE:JSWENERGY,JSW Energy Limited,Power,Utilities - Independent Power Producers,Mid,88870.0,485.0,617.35,427.75,21.4,38.0,1.4,2.77,28.703033,,15.192,,2.0,0.41,2.0,5.0,15.7,,7.7,7.1,,38.1,10.4,23.6,14.9,4.0/4.0,229.2,1.4,4.42,66.53,-2.74,21.6,-9.3,20.4,,42.0,-45.5,-7.7,26.8,buy,0.122,,,,,,,avg ROE < 8%,
NSE:JAINREC,Jain Resource Recycling Limited,Metals & Mining,Other Industrial Metals & Mining,Micro,9800.0,284.0,593.95,271.0,52.2,26.6,1.43,6.42,18.367018,,18.404,,0.0,,,,0.0,,35.9,22.6,,3.9,3.1,45.4,56.5,4.0/4.0,81.9,6.0,-1.68,73.59,0.0,6.7,,,,,,-24.7,37.9,none,,,,,,,,micro cap,
NSE:JPPOWER,Jaiprakash Power Ventures Limited,Power,Utilities - Independent Power Producers,Micro,10177.0,14.85,24.5,13.15,39.4,21.2,0.78,1.14,-8.735294,,10.84,,0.0,,0.0,0.0,0.0,,4.9,0.5,,36.1,11.1,-1.3,101.1,4.0/4.0,26.6,3.1,2.89,24.0,0.0,11.3,-16.7,49.5,,54.1,-50.9,-12.0,,none,0.308,,,,,,,avg ROE < 8%,
NSE:JIOFIN,Jio Financial Services Limited,Financial Services,Asset Management,Large,140317.0,212.5,316.85,208.5,32.9,65.8,3.13,1.01,47.64574,,,,0.6,0.28,0.1,1.0,15.5,,0.9,0.0,,63.3,55.0,431.7,268.3,4.0/4.0,16.3,3.6,-9.89,49.13,2.01,19.7,-29.0,-12.0,,32.6,-48.2,-13.8,39.0,none,0.49,,,,,,,avg ROE < 8%,
NSE:JUBLFOOD,Jubilant Foodworks Limited,Consumer Services,Restaurants,Small,29161.0,443.4,635.0,408.55,30.2,78.1,1.39,12.72,50.297142,,23.79,,1.2,0.27,1.2,5.0,21.2,,16.1,10.0,,9.7,4.4,20.2,6.7,4.0/4.0,205.3,2.2,4.42,40.27,0.0,45.1,-28.2,-14.6,,31.9,-46.0,-6.3,27.2,buy,0.172,,,,,,,debt/equity > 150,
NSE:JUBLINGREA,Jubilant Ingrevia Limited,Chemicals,Specialty Chemicals,Micro,10036.0,636.3,795.0,537.3,20.0,32.7,0.89,3.22,21.332556,,17.216,,5.0,0.78,4.07,5.0,25.7,,8.9,6.7,,11.4,6.6,-2.9,-3.3,4.0/4.0,25.3,8.6,1.89,45.22,0.0,27.9,-1.1,30.9,,41.2,-36.3,-4.4,53.3,strong_buy,0.27,,,,,,,micro cap,
NSE:JWL,Jupiter Wagons Limited,Capital Goods,Railroads,Micro,9543.0,223.3,358.25,218.45,37.7,57.1,1.1,3.23,23.692308,,26.925,,2.0,0.69,0.62,3.0,0.0,,13.8,5.7,,6.9,5.3,12.1,12.3,4.0/4.0,33.4,5.3,0.06,68.31,0.22,6.5,-33.8,-36.4,,53.0,-69.7,-18.2,14.4,none,0.328,,,,,,,micro cap,
NSE:KAYNES,Kaynes Technology India Limited,Capital Goods,Electronic Components,Small,22849.0,3399.0,7705.0,2995.0,55.9,66.2,1.27,4.9,37.865665,,37.879,,0.0,,,,0.0,,8.8,7.4,,11.7,8.9,47.7,56.4,4.0/4.0,19.2,5.4,-1.65,53.46,-0.06,14.2,-52.5,63.8,,49.6,-60.5,-6.3,9.5,hold,-0.16,,,,,,,no positive FCF in any year,
NSE:KEC,KEC International Limited,Construction,Engineering & Construction,Micro,9940.0,373.4,893.0,367.5,58.2,17.9,0.74,1.61,10.198814,,9.883,,5.5,1.48,4.1,5.0,26.4,,8.4,4.7,,4.8,2.4,11.1,51.0,4.0/4.0,87.3,2.2,-0.68,50.1,0.0,73.3,-55.9,-43.5,,38.7,-69.4,-30.0,47.0,none,0.062,,,,,,,micro cap,
NSE:KIRLOSBROS,Kirloskar Brothers Limited,Capital Goods,Specialty Industrial Machinery,Small,14111.0,1777.0,2189.2,1335.0,18.8,37.8,0.73,5.73,,,25.747,,7.0,0.4,4.7,5.0,14.9,,18.0,15.2,,8.0,8.0,6.9,16.7,4.0/4.0,10.1,26.0,0.89,65.95,0.0,13.0,-11.5,120.7,,48.4,-48.2,3.8,,none,0.297,,,,,,,illiquid/no data,
NSE:KIRLOSENG,Kirloskar Oil Engines Limited,Capital Goods,Specialty Industrial Machinery,Small,32752.0,2250.0,2720.0,865.55,17.3,60.1,1.16,9.03,39.43909,,26.855,,7.0,0.31,5.1,5.0,17.4,,15.7,14.4,,12.6,6.9,15.4,20.0,4.0/4.0,154.9,2.6,1.62,41.07,-0.06,31.8,145.0,368.0,,45.1,-59.1,28.2,9.8,none,0.724,,,,,,,debt/equity > 150,
NSE:KIMS,Krishna Institute of Medical Sciences Limited,Healthcare,Medical Care Facilities,Small,31080.0,740.0,858.0,575.8,13.8,145.7,2.8,13.18,43.76334,,44.651,,0.0,,,,0.0,,16.5,10.7,,10.4,4.8,21.3,-10.5,4.0/4.0,166.2,2.7,2.12,32.5,-1.61,41.6,7.0,72.0,,29.8,-26.3,2.6,18.0,strong_buy,0.287,,,,,,,P/E > 90,
NSE:LAURUSLABS,Laurus Labs Limited,Healthcare,Drug Manufacturers - Specialty & Generic,Large,107198.0,1984.0,2055.3,843.0,3.5,98.0,1.88,20.21,67.461655,,53.72,,2.4,0.12,1.6,5.0,9.9,,12.1,3.9,,25.4,15.0,3.8,4.0,4.0/4.0,46.4,8.3,1.83,27.47,-0.12,32.8,127.9,400.0,,33.0,-18.7,45.7,-21.3,hold,0.361,,,,,,,P/E > 90,
NSE:LEMONTREE,Lemon Tree Hotels Limited,Consumer Services,Lodging,Micro,8493.0,107.25,174.2,99.61,38.4,36.1,0.64,6.1,21.734417,,15.451,,0.0,,,,0.0,,15.5,13.4,,33.4,15.8,16.3,25.6,4.0/4.0,96.4,3.1,2.38,22.32,0.04,40.5,-35.2,-12.2,,38.4,-43.6,-8.0,40.1,strong_buy,-0.18,,,,,,,micro cap,
NSE:LENSKART,Lenskart Solutions Limited,Consumer Services,Medical Instruments & Supplies,Large,119469.0,690.0,725.0,356.1,4.8,181.6,3.22,13.71,97.258575,,91.838,,0.0,,,,0.0,,5.2,4.8,,10.5,6.8,,,2.0/2.0,35.0,4.8,3.38,17.53,-0.04,37.8,,,,,,29.3,1.4,buy,,,,,,,,P/E > 90,
NSE:LINDEINDIA,Linde India Limited,Chemicals,Specialty Chemicals,Mid,52893.0,6202.0,8049.0,5673.0,22.9,96.4,2.64,12.4,72.07437,0.13,58.621,,4.0,0.06,10.5,5.0,7.0,,12.9,11.9,,19.9,20.6,0.3,7.8,4.0/4.0,1.8,51.6,1.43,75.0,0.0,7.8,0.2,3.8,,35.5,-42.7,-8.4,7.8,none,-0.064,,,,,,,illiquid/no data,
NSE:LLOYDSME,Lloyds Metals And Energy Limited,Metals & Mining,Steel,Mid,100166.0,1780.0,2125.0,1042.9,16.2,20.8,1.12,7.22,12.390366,,14.722,,1.0,0.06,0.4,2.0,1.2,,18.6,-18.9,,34.3,21.5,71.4,,3.0/4.0,145.2,11.7,0.79,61.63,-2.1,3.1,43.9,209.6,,39.4,-33.0,11.7,19.8,none,0.077,,,,,,,no positive FCF in any year,
NSE:MMTC,MMTC Limited,Services,Conglomerates,Micro,8430.0,56.2,78.35,50.1,28.3,18.9,0.72,3.98,,,-37.684,,0.0,,0.0,0.0,0.0,,36.5,5.1,,-3072.1,16386.8,-90.1,-37.2,4.0/4.0,0.1,819.7,-1.56,89.93,0.0,1.7,-13.9,-8.2,,51.9,-60.0,-11.4,,none,0.639,,,,,,,micro cap,
NSE:MRF,MRF Limited,Automobile and Auto Components,Auto Parts,Mid,52389.0,123525.0,163600.0,122000.0,24.5,21.7,0.61,2.5,18.448545,,10.645,,464.0,0.38,182.0,5.0,4.1,,9.8,5.2,,6.5,7.6,10.6,46.7,4.0/4.0,15.3,10.0,1.89,27.77,-0.01,18.5,-15.0,14.0,,22.7,-31.8,-7.7,12.7,none,0.146,,,,,,,illiquid/no data,
NSE:MTARTECH,Mtar Technologies Limited,Capital Goods,Specialty Industrial Machinery,Small,23903.0,7771.0,8714.0,1866.2,10.8,178.0,3.43,29.05,45.52431,,106.058,,0.0,,1.2,2.0,0.0,,10.9,7.3,,20.9,12.4,15.4,-3.1,4.0/4.0,45.8,6.1,2.09,29.36,-2.29,33.6,310.7,191.9,,45.2,-55.0,42.1,17.6,strong_buy,1.348,,,,,,,P/E > 90,
NSE:MGL,Mahanagar Gas Limited,Oil Gas & Consumable Fuels,Utilities - Regulated Gas,Micro,10352.0,1048.0,1335.4,900.0,21.5,14.5,1.27,1.61,11.213587,,7.222,,36.0,3.44,26.8,5.0,41.4,,18.7,13.1,,9.9,8.4,9.3,2.1,4.0/4.0,3.5,55.1,1.38,32.5,0.0,35.1,-17.1,8.5,,33.2,-52.2,-4.2,24.9,none,0.74,,,,,,,micro cap,
NSE:MFSL,Max Financial Services Limited,Financial Services,Insurance - Life,Mid,47787.0,1392.0,1892.5,1344.3,26.4,435.0,20.71,9.05,124.34522,,123.75,,0.0,,0.0,0.0,0.0,,6.8,1.6,,1.2,0.2,15.0,-39.5,4.0/4.0,36.5,4.2,136.6,1.25,-0.49,80.1,-14.2,48.2,,28.9,-26.6,-13.8,44.2,strong_buy,0.707,,,,,,,P/E > 90,
NSE:MEESHO,Meesho Limited,Consumer Services,Internet Retail,Mid,101365.0,219.0,254.4,125.56,13.9,,,23.07,165.88898,,-69.648,,0.0,,,,0.0,,-96.5,-272.7,,-6.6,-8.7,30.1,,0.0/4.0,1.4,-133.9,2.85,16.41,-0.35,42.9,,,,,,22.3,-4.5,buy,,,,,,,,losses in recent years,
NSE:NCC,NCC Limited,Construction,Engineering & Construction,Micro,8137.0,129.6,217.25,126.65,40.3,11.6,0.48,1.03,9.570876,,6.4,,2.2,1.69,1.88,5.0,19.7,,10.1,8.6,,8.2,3.3,10.5,3.5,4.0/4.0,57.4,2.8,-0.68,23.08,0.97,23.0,-37.1,-8.5,,40.1,-63.0,-12.5,45.6,buy,0.555,,,,,,,micro cap,
NSE:NHPC,NHPC Limited,Power,Utilities - Renewable,Mid,72073.0,71.75,88.12,70.25,18.6,26.3,0.97,1.74,11.2109375,,22.307,,1.61,2.24,1.81,5.0,70.0,,9.1,7.6,,46.0,31.1,2.0,-1.2,4.0/4.0,113.1,1.9,0.87,61.39,-6.01,21.5,-15.2,37.1,,34.1,-37.0,-7.7,19.9,hold,0.183,,,,,,,interest cover < 2,
NSE:NSLNISP,NMDC Steel Limited,Metals & Mining,Steel,Micro,11948.0,40.77,53.75,33.01,24.1,145.6,7.83,0.91,,,9.493,,0.0,,,,0.0,,-6.9,-18.1,,4.3,0.6,,,1.0/4.0,35.0,1.2,30.58,60.79,0.0,17.1,-13.5,-25.9,,42.5,-53.4,-3.7,,none,0.69,,,,,,,losses in recent years,
NSE:NTPCGREEN,NTPC Green Energy Limited,Power,Utilities - Renewable,Mid,76882.0,91.24,119.95,84.0,23.9,126.7,4.68,4.12,33.43876,,38.028,,0.0,,,,0.0,,3.6,2.6,,58.4,18.5,156.2,45.1,4.0/4.0,165.3,1.8,4.57,89.01,0.0,6.1,-7.2,,,33.1,-42.7,-4.4,15.7,buy,,,,,,,,P/E > 90,
NSE:NETWEB,Netweb Technologies India Limited,Information Technology,Computer Hardware,Small,26858.0,4518.0,5813.0,2920.0,22.3,98.0,3.7,35.47,54.143642,,71.099,,3.0,0.07,0.9,2.0,5.4,,29.5,18.0,,14.3,9.6,70.4,63.7,4.0/4.0,39.0,30.6,0.83,66.98,-4.05,11.7,11.3,455.3,,53.7,-54.7,11.9,18.7,strong_buy,1.737,,,,,,,P/E > 90,
NSE:NEULANDLAB,Neuland Laboratories Limited,Healthcare,Drug Manufacturers - Specialty & Generic,Small,27623.0,21530.0,24225.0,11500.0,11.1,55.6,1.07,14.74,43.864296,,36.862,,34.0,0.16,8.8,5.0,3.1,,19.1,16.4,,30.6,21.0,18.5,30.6,4.0/4.0,16.1,27.2,0.95,32.62,-0.06,28.2,40.0,505.1,,51.5,-41.2,27.2,13.0,none,0.298,,,,,,,illiquid/no data,
NSE:NUVOCO,Nuvoco Vistas Corporation Limited,Construction Materials,Building Materials,Micro,11486.0,321.6,439.85,276.25,26.9,29.7,0.88,1.12,19.028303,,8.431,,0.0,,,,0.0,,1.5,0.2,,11.0,3.3,2.7,183.0,4.0/4.0,48.1,2.4,4.13,72.02,0.0,19.5,-23.9,-13.6,,32.2,-40.3,-1.3,36.1,strong_buy,0.322,,,,,,,avg ROE < 8%,
NSE:OLAELEC,Ola Electric Mobility Limited,Automobile and Auto Components,Auto Manufacturers,Small,16389.0,37.09,57.95,22.25,36.0,,,4.9,-12.401613,,-22.885,,0.0,,,,0.0,,-60.0,-78.5,,-64.2,-92.6,-7.5,,0.0/4.0,82.5,-4.1,0.42,32.97,-3.81,24.4,-33.6,,,63.7,-84.4,3.5,-19.5,none,1.366,,,,,,,losses in recent years,
NSE:OLECTRA,Olectra Greentech Limited,Automobile and Auto Components,Farm & Heavy Construction Machinery,Micro,8991.0,1095.4,1578.0,866.6,30.6,50.7,1.43,7.33,25.297922,,26.505,,0.6,0.05,0.32,4.0,1.8,,11.0,7.8,,9.3,7.0,28.4,39.3,4.0/4.0,30.8,7.5,0.58,50.02,0.0,5.2,-29.6,-8.2,,47.7,-58.7,-9.0,,none,0.055,,,,,,,micro cap,
NSE:PAYTM,One 97 Communications Limited,Financial Services,Software - Infrastructure,Large,105886.0,1656.0,1855.5,930.6,10.8,164.0,7.81,6.62,46.25488,,140.851,,0.0,,,,0.0,,-6.3,-13.6,,2.9,7.2,1.2,,1.0/4.0,1.1,33.3,-1.34,0.0,0.0,51.6,44.2,93.3,,51.5,-67.9,30.7,9.7,strong_buy,-0.265,,,,,,,losses in recent years,
NSE:ONESOURCE,Onesource Specialty Pharma Limited,Healthcare,Biotechnology,Small,17201.0,1500.0,1925.0,1057.0,22.1,,,2.96,19.86755,,54.437,,0.0,,,,0.0,,-50.6,-101.8,,11.5,-3.2,232.4,,0.0/4.0,25.8,0.2,-0.12,30.48,0.69,33.2,-15.6,,,43.8,-49.3,-4.4,37.1,none,,,,,,,,losses in recent years,
NSE:POLICYBZR,PB Fintech Limited,Financial Services,Insurance Brokers,Mid,45286.0,980.0,1964.2,963.9,50.1,60.6,2.89,6.19,30.133873,,68.695,,0.0,,,,0.0,,1.7,-8.9,,5.3,10.2,38.5,,3.0/4.0,4.9,20.1,0.06,0.0,0.0,59.0,-42.4,29.3,,48.4,-55.8,-39.4,73.2,buy,0.397,,,,,,,avg ROE < 8%,
NSE:PCBL,PCBL Chemical Limited,Chemicals,Specialty Chemicals,Micro,12636.0,321.15,394.0,226.5,18.5,48.7,1.33,3.15,20.586538,,17.343,,4.5,1.4,6.2,5.0,91.1,,11.9,4.9,,11.8,3.0,12.2,-23.5,4.0/4.0,124.1,1.6,7.97,53.38,1.97,64.3,-13.5,103.8,,41.8,-58.5,7.8,13.1,none,0.581,,,,,,,interest cover < 2,
NSE:PGEL,PG Electroplast Limited,Consumer Durables,Electronic Components,Small,13783.0,481.1,644.4,436.55,25.3,67.6,1.39,4.51,29.177223,,33.455,,0.25,0.05,0.09,2.0,3.5,,12.3,6.4,,6.0,3.5,33.8,36.4,4.0/4.0,19.6,7.1,0.34,43.37,-0.35,27.5,-5.8,169.4,,52.0,-56.9,-12.7,43.6,strong_buy,-0.16,,,,,,,no positive FCF in any year,
NSE:PTCIL,PTC Industries Limited,Capital Goods,Metal Fabrication,Small,32856.0,21915.0,24125.0,14499.0,9.2,261.8,5.04,21.8,56.590862,,193.107,,0.0,,,,0.0,,6.5,4.4,,18.3,18.0,40.7,57.9,4.0/4.0,17.3,20.7,-0.68,59.72,-0.03,9.1,41.8,290.1,,49.2,-41.7,20.5,9.0,none,0.316,,,,,,,illiquid/no data,
NSE:PVRINOX,PVR INOX Limited,Media Entertainment & Publication,Entertainment,Micro,11476.0,1220.0,1357.8,907.4,10.1,42.9,1.11,1.63,20.819979,,7.482,,0.0,,0.0,0.0,0.0,,-1.1,-4.6,,13.2,6.5,20.9,,1.0/4.0,91.9,1.3,6.47,27.53,0.0,41.1,10.6,-31.7,,31.2,-53.2,16.4,17.1,none,0.327,,,,,,,losses in recent years,
NSE:PAGEIND,Page Industries Limited,Textiles,Apparel Manufacturing,Mid,40890.0,36660.0,43855.0,29805.0,16.4,54.1,1.35,27.21,42.18065,,36.932,,800.0,2.18,463.0,5.0,81.2,,45.0,35.6,,18.3,14.1,3.8,10.2,4.0/4.0,18.4,21.7,1.04,42.89,0.0,44.0,-9.3,-5.8,,25.2,-38.3,1.0,14.3,buy,0.033,,,,,,,illiquid/no data,
NSE:PWL,Physicswallah Limited,Consumer Services,Education & Training Services,Mid,34965.0,120.53,161.99,77.72,25.6,1721.9,30.56,7.68,57.517117,,65.832,,0.0,,,,0.0,,28.4,-14.2,,-11.7,0.5,73.6,,0.0/4.0,23.0,1.1,-37.05,71.27,-1.03,21.8,,,,,,5.1,22.3,buy,,,,,,,,losses in recent years,
NSE:PINELABS,Pine Labs Limited,Financial Services,Software - Infrastructure,Small,19349.0,167.56,284.0,134.73,41.0,151.0,7.19,3.24,36.94207,,26.731,,0.0,,,,0.0,,-4.7,-9.7,,3.1,4.5,21.0,,1.0/4.0,7.5,2.7,3.51,0.0,0.0,56.1,,,,,,-5.9,31.4,strong_buy,,,,,,,,losses in recent years,
NSE:PIRAMALFIN,Piramal Finance Limited,Financial Services,Credit Services,Mid,47860.0,2026.7,2326.4,1260.0,12.9,27.1,1.29,1.59,13.337209,,,,11.0,0.54,0.0,0.0,14.7,6.0,-1581.6,-5007.3,,24.7,32.2,16.9,,2.0/4.0,286.8,24.3,-10.56,44.22,-1.94,25.8,,,,,,3.9,14.1,buy,,,,,,,,losses in recent years,
NSE:PPLPHARMA,Piramal Pharma Limited,Healthcare,Drug Manufacturers - Specialty & Generic,Small,26275.0,198.3,231.93,132.3,14.5,,,3.22,48.686474,,34.113,,0.14,0.08,0.05,2.0,15.1,,-1.3,-4.0,,-1.2,-3.4,7.6,,2.0/4.0,70.0,0.5,-5.07,34.8,-0.06,19.9,-0.5,94.0,,40.0,-54.6,14.3,17.6,none,0.335,,,,,,,losses in recent years,
NSE:POLYMED,Poly Medicure Limited,Healthcare,Medical Instruments & Supplies,Small,16644.0,1642.0,2094.3,1182.0,21.6,52.8,1.01,5.36,33.64754,,35.375,,3.5,0.21,2.9,5.0,11.3,,13.7,10.7,,16.9,15.8,19.1,22.7,4.0/4.0,11.2,24.4,0.74,62.42,-0.02,18.2,-15.9,13.0,,39.7,-61.9,5.6,11.1,none,0.011,,,,,,,no positive FCF in any year,
NSE:POWERGRID,Power Grid Corporation of India Limited,Power,Utilities - Regulated Electric,Large,236747.0,254.55,324.95,250.0,21.7,12.5,0.46,2.36,13.149229,,9.629,,10.25,4.03,10.28,5.0,44.1,,17.3,15.8,,55.7,33.8,0.6,1.1,4.0/4.0,150.8,2.8,2.57,51.34,0.0,36.2,-6.3,45.1,,25.0,-29.6,-10.7,25.4,buy,0.156,,,,,,,debt/equity > 150,
NSE:PFOCUS,Prime Focus Limited,Media Entertainment & Publication,Entertainment,Small,23359.0,299.95,367.0,161.01,18.3,215.8,5.61,11.16,30.922682,,18.277,,0.0,,0.0,0.0,0.0,,116.8,-78.4,,9.7,2.3,-0.3,14.1,2.0/4.0,224.6,1.7,4.68,60.73,-0.07,0.5,71.4,272.5,,55.1,-44.3,9.0,25.0,none,0.116,,,,,,,losses in recent years,
NSE:PRIVISCL,Privi Speciality Chemicals Limited,Chemicals,Specialty Chemicals,Small,13926.0,3565.0,3785.3,2380.2,5.8,41.1,1.12,9.86,25.549452,,22.71,,10.0,0.28,2.2,4.0,5.8,,13.3,2.7,,17.2,13.1,16.6,145.2,4.0/4.0,74.4,6.4,1.68,60.6,-9.29,9.4,45.0,194.9,,40.2,-28.3,10.8,22.4,none,0.059,,,,,,,illiquid/no data,
NSE:RBLBANK,RBL Bank Limited,Financial Services,Banks - Regional,Mid,63835.0,411.4,429.6,272.1,4.2,34.0,1.62,1.52,20.045412,,,,1.0,0.24,0.8,3.0,8.3,,6.3,4.6,,15.7,11.1,12.2,-1.5,4.0/4.0,,,8.62,60.0,60.0,17.2,49.9,82.3,,43.8,-49.0,19.5,-5.2,buy,0.659,,,,,,,avg ROE < 8%,
NSE:RHIM,RHI MAGNESITA INDIA LIMITED,Capital Goods,Metal Fabrication,Micro,7983.0,386.6,508.3,323.05,23.9,,,2.24,21.780283,,13.824,,2.5,0.65,2.5,5.0,30.1,,-6.1,-16.1,,8.7,-8.7,13.9,,1.0/4.0,12.6,-7.7,-1.07,56.07,0.0,15.5,-12.1,-47.2,,38.3,-58.3,-3.4,35.2,strong_buy,0.359,,,,,,,losses in recent years,
NSE:RITES,RITES Limited,Construction,Engineering & Construction,Micro,10142.0,211.02,259.7,175.0,18.7,24.3,1.0,3.79,19.154608,,16.751,,11.0,5.25,9.02,5.0,90.4,,17.0,14.6,,18.4,17.0,-2.5,-8.9,4.0/4.0,0.2,438.2,0.8,72.2,0.0,10.4,-13.8,-13.0,,40.9,-53.4,-1.5,31.7,none,0.261,,,,,,,micro cap,
NSE:RAILTEL,Railtel Corporation Of India Limited,Telecommunication,Telecom Services,Micro,8264.0,257.5,400.8,245.0,35.8,23.9,0.54,3.65,17.340067,,12.333,-1.04,3.25,1.26,2.77,5.0,26.4,16.3,13.8,11.4,5.1,11.0,8.1,29.8,22.5,4.0/4.0,2.8,51.6,0.91,72.84,0.0,2.9,-32.3,15.8,,46.5,-58.0,-15.7,-4.9,none,0.713,,,,,,,micro cap,
NSE:RAINBOW,Rainbow Childrens Medicare Limited,Healthcare,Medical Care Facilities,Micro,12986.0,1280.0,1610.0,1084.0,20.5,45.5,0.87,7.88,32.35755,,22.976,,3.5,0.27,2.2,4.0,0.0,,17.6,16.6,,19.7,15.7,13.1,9.7,4.0/4.0,53.6,5.6,1.51,49.84,-0.01,34.7,-4.3,26.5,,34.0,-34.1,-3.5,37.2,strong_buy,0.139,,,,,,,micro cap,
NSE:RKFORGE,Ramkrishna Forgings Limited,Automobile and Auto Components,Metal Fabrication,Micro,12863.0,694.5,772.8,460.15,10.1,118.9,3.35,3.82,34.667225,,20.834,,2.0,0.29,1.3,5.0,17.2,,11.4,2.2,,9.8,2.4,10.5,-33.9,4.0/4.0,74.4,1.6,11.7,39.82,-3.31,11.5,29.2,-1.8,,39.7,-55.7,17.9,-8.7,none,0.424,,,,,,,P/E > 90,
NSE:RPOWER,Reliance Power Limited,Power,Utilities - Independent Power Producers,Micro,8032.0,19.42,50.73,19.09,61.7,,,0.5,4.3059864,,8.36,,0.0,,0.0,0.0,0.0,,-1.5,-17.8,,18.2,-4.1,0.8,,1.0/4.0,92.3,0.9,-8.38,24.98,0.0,10.6,-57.5,3.5,,54.2,-72.8,-24.6,,none,0.827,,,,,,,losses in recent years,
NSE:RUBICON,Rubicon Research Limited,Healthcare,Drug Manufacturers - General,Small,26949.0,1628.0,1899.0,570.75,14.3,93.3,1.79,20.85,56.42981,,62.546,,1.5,0.09,0.0,0.0,0.0,,19.1,19.1,,21.3,14.9,,,1.0/1.0,24.1,11.3,0.83,59.76,-0.23,18.1,,,,,,43.5,16.6,none,,,,,,,,P/E > 90,
NSE:SJVN,SJVN Limited,Power,Utilities - Renewable,Small,22754.0,57.9,92.16,56.73,37.2,32.9,1.21,1.6,12.050751,,14.881,,1.5,2.59,1.79,5.0,83.0,,6.6,4.5,,45.7,12.8,14.6,-22.1,4.0/4.0,226.5,2.3,2.9,81.85,0.0,5.7,-35.0,-20.6,,41.9,-60.8,-19.0,20.0,hold,0.466,,,,,,,avg ROE < 8%,
NSE:SHRIPISTON,SPR Auto Technologies Limited,Automobile and Auto Components,Auto Parts,Small,20712.0,4465.1,4843.0,2525.8,7.8,34.9,0.98,6.78,23.500526,,22.907,,10.0,0.22,7.1,5.0,7.8,,20.6,19.0,,13.9,11.3,19.8,23.5,4.0/4.0,65.2,13.1,1.13,41.55,-2.2,16.2,67.1,327.2,,40.6,-28.3,22.8,23.2,strong_buy,0.777,,,,,,,illiquid/no data,
NSE:SAGILITY,SAGILITY LIMITED,Information Technology,Health Information Services,Small,20209.0,43.17,57.89,35.83,25.4,20.4,0.77,2.06,14.588944,,10.869,,0.2,0.46,0.01,1.0,2.4,,5.5,2.3,,15.8,13.0,19.5,86.1,4.0/4.0,11.5,13.5,1.3,50.95,-16.43,23.1,-0.5,,,40.8,-33.3,-1.1,30.5,strong_buy,,,,,,,,avg ROE < 8%,
NSE:SAILIFE,Sai Life Sciences Limited,Healthcare,Diagnostics & Research,Small,32925.0,1550.0,1697.0,783.85,8.7,91.4,1.76,13.19,62.0403,,48.954,,0.0,,,,0.0,,7.9,1.1,,18.4,16.1,21.3,226.9,4.0/4.0,11.6,12.9,1.46,34.53,-0.62,43.9,73.7,,,38.4,-18.6,34.6,0.2,none,,,,,,,,P/E > 90,
NSE:SAMMAANCAP,Sammaan Capital Limited,Financial Services,Mortgage Finance,Small,15232.0,132.6,192.95,129.0,31.3,,,0.57,,,,,0.0,,2.23,3.0,0.0,,-8.3,-37.6,,53.0,0.0,21.0,,2.0/4.0,273.0,-5.7,1.04,28.34,28.34,11.2,-21.9,-20.9,,47.2,-49.8,-13.3,,none,0.587,,,,,,,losses in recent years,
NSE:SCHAEFFLER,Schaeffler India Limited,Automobile and Auto Components,Auto Parts,Mid,60349.0,3861.0,4467.7,3518.4,13.6,48.2,1.36,9.84,38.360588,,31.293,0.65,35.0,0.9,20.32,5.0,43.6,21.6,19.0,17.6,12.3,14.8,11.9,12.3,9.4,4.0/4.0,0.8,396.5,1.12,74.13,0.0,18.4,-6.3,18.3,,31.4,-39.2,-3.7,24.9,buy,0.111,,,,,,,illiquid/no data,
NSE:SCHNEIDER,Schneider Electric Infrastructure Limited,Capital Goods,Electrical Equipment & Parts,Small,30557.0,1278.0,1548.0,571.85,17.4,167.1,3.22,39.41,53.472805,,91.118,,0.0,,0.0,0.0,0.0,,53.8,27.4,,3.9,6.3,17.6,19.8,4.0/4.0,70.8,7.0,1.06,75.0,0.0,6.1,54.0,272.9,,47.7,-43.9,17.5,10.9,none,0.435,,,,,,,P/E > 90,
NSE:SCI,Shipping Corporation Of India Limited,Services,Marine Shipping,Micro,12507.0,268.5,368.75,195.55,27.2,7.7,0.29,1.37,81.36364,,5.666,,7.5,2.81,2.22,5.0,37.7,,11.7,9.0,,32.5,25.6,-0.1,15.8,4.0/4.0,29.5,10.2,0.99,63.75,0.0,4.8,22.9,95.9,,48.5,-58.4,-1.4,,none,0.468,,,,,,,micro cap,
NSE:SHREECEM,SHREE CEMENT LIMITED,Construction Materials,Building Materials,Mid,79017.0,21900.0,30285.0,21355.0,27.7,48.5,1.43,3.4,31.76765,0.67,16.483,,140.0,0.64,109.0,5.0,31.0,,7.8,5.2,,9.4,7.4,5.7,11.1,4.0/4.0,8.0,12.1,2.18,62.55,0.0,20.7,-24.8,-16.1,,24.3,-32.3,-13.1,27.1,buy,0.283,,,,,,,illiquid/no data,
NSE:SHYAMMETL,Shyam Metalics and Energy Limited,Capital Goods,Steel,Small,29146.0,1047.2,1148.0,746.0,8.8,25.9,0.5,2.59,15.505167,,12.141,,4.5,0.43,4.5,5.0,10.0,,10.1,8.6,,9.3,5.7,13.6,7.9,4.0/4.0,8.1,12.5,1.89,74.59,0.0,14.6,13.9,138.1,,33.3,-26.3,13.7,10.9,none,0.512,,,,,,,no positive FCF in any year,
NSE:SIGNATURE,Signatureglobal (India) Limited,Realty,Real Estate - Development,Micro,10312.0,733.0,1153.9,705.2,36.5,9.9,0.3,5.57,13.301103,,-86.246,,0.0,,,,0.0,,-14.7,-134.3,,-9.3,45.7,18.6,,3.0/4.0,161.0,24.8,0.11,69.54,-0.09,12.4,-30.1,,,35.8,-55.7,-13.9,49.0,none,0.799,,,,,,,avg ROE < 8%,
NSE:SOBHA,Sobha Limited,Realty,Real Estate - Development,Micro,12941.0,1210.0,1732.0,1130.0,30.1,56.0,1.71,2.74,16.737349,,35.524,,6.0,0.49,3.05,5.0,13.9,,3.1,2.0,,3.9,4.1,16.3,22.9,4.0/4.0,24.6,3.0,2.22,52.88,0.0,27.3,-21.0,74.9,,42.9,-48.4,-11.7,44.8,strong_buy,0.428,,,,,,,avg ROE < 8%,
NSE:SAIL,Steel Authority of India Limited,Metals & Mining,Steel,Mid,72078.0,174.5,209.7,124.0,16.8,16.9,0.91,1.2,11.0012455,,7.662,,2.35,1.35,3.33,5.0,15.5,,4.7,4.0,,9.9,3.8,2.0,15.7,4.0/4.0,52.9,3.1,5.64,65.0,0.0,17.0,31.0,85.3,,38.7,-42.2,2.6,2.3,hold,1.047,,,,,,,avg ROE < 8%,
NSE:STLTECH,Sterlite Technologies Limited,Telecommunication,Communication Equipment,Mid,49110.0,955.35,955.35,84.6,0.0,208.1,4.7,20.56,29.395384,,61.884,,0.0,,0.7,3.0,0.0,,0.1,-6.2,,15.7,4.3,-11.8,-26.5,2.0/4.0,85.6,1.6,9.29,44.51,0.06,20.8,685.8,473.1,,50.7,-63.8,132.6,30.8,strong_buy,1.573,,,,,,,losses in recent years,
NSE:SUNDARMFIN,Sundaram Finance Limited,Financial Services,Credit Services,Mid,48465.0,4397.2,5642.0,4000.0,22.1,21.8,1.04,3.28,19.859093,,,,40.0,0.91,26.0,5.0,30.3,,13.6,13.0,,60.6,46.1,18.6,15.7,4.0/4.0,409.2,,-2.86,37.21,-0.01,16.5,1.1,64.8,,31.2,-27.1,-7.9,16.1,none,0.179,,,,,,,illiquid/no data,
NSE:SWANCORP,SWAN CORP LIMITED,Chemicals,Conglomerates,Micro,8548.0,272.7,493.6,267.95,44.8,38.7,1.06,1.13,,,-44.844,,0.15,0.05,0.1,5.0,1.4,,4.3,-1.6,,-3.4,5.4,45.6,,3.0/4.0,24.6,5.6,-0.05,53.96,0.0,18.3,-41.1,-4.8,,49.1,-65.3,-20.2,,none,-0.134,,,,,,,avg ROE < 8%,
NSE:SWIGGY,Swiggy Limited,Consumer Services,Internet Retail,Mid,62356.0,238.0,459.95,235.5,48.3,,,3.39,-42.38994,,-15.637,,0.0,,,,0.0,,-32.4,-46.1,,-13.9,-15.0,41.0,,0.0/4.0,13.9,-19.8,0.7,0.0,0.0,38.5,-43.0,,,44.3,-60.2,-16.7,53.8,buy,,,,,,,,losses in recent years,
NSE:TDPOWERSYS,TD Power Systems Limited,Capital Goods,Specialty Industrial Machinery,Small,24877.0,793.0,817.55,291.35,3.0,90.2,1.74,23.12,53.310925,,64.678,,1.05,0.13,0.56,5.0,9.4,,18.8,16.0,,17.9,12.9,29.2,35.1,4.0/4.0,1.7,172.4,0.54,26.87,-0.01,37.8,165.4,532.3,,48.9,-35.6,45.1,11.9,none,0.569,,,,,,,P/E > 90,
NSE:TVSMOTOR,TVS Motor Company Limited,Automobile and Auto Components,Auto Manufacturers,Large,191088.0,4021.0,4484.5,3228.0,10.3,55.9,1.57,57.19,35.03993,,25.926,,12.0,0.3,6.05,5.0,16.6,,26.7,24.1,,13.1,5.7,20.2,31.5,4.0/4.0,306.1,3.2,0.62,50.27,0.0,30.5,16.7,177.9,,27.5,-26.2,7.0,4.9,buy,-0.044,,,,,,,debt/equity > 150,
NSE:TATACHEM,Tata Chemicals Limited,Chemicals,Chemicals,Small,15501.0,608.45,944.5,580.3,35.6,,,0.73,19.568405,,15.283,,11.0,1.81,13.2,5.0,173.0,,1.3,-8.9,,5.1,-14.3,-4.8,,3.0/4.0,36.1,-1.9,-0.67,37.98,0.0,26.8,-32.7,-41.1,,33.7,-54.5,-13.3,17.8,none,0.576,,,,,,,loss-making / no P/E,
NSE:TATACOMM,Tata Communications Limited,Telecommunication,Telecom Services,Mid,48060.0,1685.8,2110.0,1322.5,20.1,50.8,1.15,13.94,21.519136,,14.316,,17.5,1.04,19.48,5.0,52.8,,65.6,29.1,,7.5,3.7,11.6,-17.7,4.0/4.0,335.9,2.9,4.47,58.86,0.0,25.1,5.3,-9.6,,30.9,-39.0,-0.6,25.1,buy,0.809,,,,,,,debt/equity > 150,
NSE:TATACONSUM,TATA CONSUMER PRODUCTS LIMITED,Fast Moving Consumer Goods,Packaged Foods,Mid,94713.0,957.0,1282.7,945.0,25.4,57.8,1.39,4.35,40.034454,0.55,34.522,,10.0,1.04,6.85,5.0,60.5,,7.0,6.4,,10.5,7.8,13.9,8.6,4.0/4.0,12.2,16.9,1.57,33.83,-0.01,34.6,-15.7,10.7,,23.4,-29.0,-13.8,40.3,buy,0.405,,,,,,,avg ROE < 8%,
NSE:TATAINVEST,Tata Investment Corporation Limited,Financial Services,Asset Management,Small,31116.0,615.0,1184.7,538.85,48.1,71.9,3.42,1.06,,,-3.645,,3.4,0.55,3.64,5.0,39.9,,1.3,1.0,,91.7,105.2,19.5,19.9,4.0/4.0,0.0,,0.64,73.38,0.0,2.1,-41.6,152.2,,42.0,-48.9,-6.7,,none,0.298,,,,,,,avg ROE < 8%,
NSE:TMPV,Tata Motors Passenger Vehicles Limited,Automobile and Auto Components,Auto Manufacturers,Mid,102903.0,279.4,739.7,272.2,62.2,,,0.92,5.879559,0.27,12.782,,3.0,1.07,2.8,3.0,56.4,,34.9,5.3,,2.7,22.8,-0.9,224.4,4.0/4.0,70.4,0.4,0.16,42.51,-0.06,26.3,-60.8,-54.2,,37.5,-75.5,-18.8,28.9,hold,0.778,,,,,,,loss-making / no P/E,
NSE:TATAPOWER,Tata Power Company Limited,Power,Utilities - Independent Power Producers,Large,111885.0,350.15,464.9,342.5,24.7,29.0,1.07,2.83,21.262836,,14.027,,2.5,0.71,1.91,5.0,20.7,,10.9,9.5,,14.5,6.1,4.1,3.9,4.0/4.0,168.1,2.3,1.6,46.86,0.0,20.3,-9.9,34.3,,32.0,-30.6,-9.4,17.7,buy,0.324,,,,,,,debt/equity > 150,
NSE:TATASTEEL,Tata Steel Limited,Metals & Mining,Steel,Large,222043.0,178.0,224.4,160.06,20.7,20.1,1.08,2.17,9.944135,,9.008,,4.0,2.25,3.68,5.0,45.2,,4.5,-4.8,,9.3,4.6,-1.6,7.2,3.0/4.0,89.0,3.2,3.25,32.94,-0.25,34.5,8.5,44.0,,30.1,-31.7,-8.9,22.5,buy,0.857,,,,,,,avg ROE < 8%,
NSE:TTML,Tata Teleservices (Maharashtra) Limited,Telecommunication,Telecom Services,Micro,6701.0,34.28,60.08,31.22,42.9,180.4,4.08,-0.34,,1.37,46.756,,0.0,,,,0.0,,5.0,1.1,,43.6,3.2,1.5,,0.0/4.0,,0.8,-3.1,74.36,0.0,2.0,-36.9,-66.7,,52.8,-70.9,-16.8,,none,0.434,,,,,,,losses in recent years,
NSE:TECHNOE,Techno Electric & Engineering Company Limited,Construction,Engineering & Construction,Micro,11642.0,1001.0,1389.6,870.0,28.0,27.0,1.11,2.8,17.199312,,20.044,,7.0,0.7,6.2,5.0,24.3,,11.2,9.7,,14.8,12.8,56.3,36.4,4.0/4.0,1.7,154.3,-1.24,56.92,0.0,26.0,-24.9,97.0,,43.3,-49.5,-6.4,43.1,none,0.771,,,,,,,micro cap,
NSE:TEGA,Tega Industries Limited,Capital Goods,Specialty Industrial Machinery,Small,15754.0,2097.0,2198.0,1473.0,4.6,556.2,10.71,4.62,23.856655,,36.784,,2.0,0.1,1.2,3.0,53.2,,13.1,4.2,,10.0,0.7,11.8,-8.1,4.0/4.0,11.7,10.4,2.46,67.5,-7.3,18.5,10.8,122.0,,38.4,-42.2,21.3,-14.2,none,0.405,,,,,,,P/E > 90,
NSE:TEJASNET,Tejas Networks Limited,Telecommunication,Communication Equipment,Micro,8308.0,467.0,644.75,294.0,27.6,,,2.83,,,-13.637,,2.5,0.42,0.5,1.0,0.0,,-4.7,-31.0,,-48.4,-70.4,6.1,,2.0/4.0,142.5,-3.8,-0.15,53.33,-0.4,60.7,-20.2,-46.0,,50.5,-79.5,-0.9,,none,-0.076,,,,,,,losses in recent years,
NSE:NIACL,The New India Assurance Company Limited,Financial Services,Insurance - Diversified,Small,26412.0,160.27,242.6,116.97,33.9,34.4,1.64,0.69,8.28697,,7.848,,1.5,0.94,1.22,4.0,38.5,,4.1,3.6,,-1.7,1.5,6.9,10.5,4.0/4.0,,18.6,,85.44,0.0,10.8,-15.2,22.5,,47.4,-60.6,-1.7,6.3,hold,1.111,,,,,,,avg ROE < 8%,
NSE:RAMCOCEM,The Ramco Cements Limited,Construction Materials,Building Materials,Small,19612.0,830.0,1214.5,816.15,31.7,30.5,0.9,2.42,31.650904,,17.37,,2.5,0.3,2.5,5.0,7.3,,5.5,3.7,,5.1,7.0,3.3,30.5,4.0/4.0,47.9,3.9,2.31,42.56,0.0,31.5,-16.4,-6.9,,27.0,-30.9,-14.1,14.5,hold,0.106,,,,,,,avg ROE < 8%,
NSE:TIMKEN,Timken India Limited,Capital Goods,Tools & Accessories,Small,23295.0,3097.0,3925.0,2800.5,21.1,54.5,1.05,7.99,36.99588,,34.992,,2.5,0.08,8.6,5.0,63.5,,16.4,14.2,,15.5,11.8,7.5,2.0,4.0/4.0,0.5,148.9,1.07,51.05,0.0,30.5,3.0,-1.0,,34.6,-51.8,-6.0,28.6,none,0.386,,,,,,,illiquid/no data,
NSE:TITAGARH,TITAGARH RAIL SYSTEMS LIMITED,Capital Goods,Railroads,Micro,9647.0,804.75,971.0,568.7,17.1,55.2,1.06,4.45,23.669117,,29.827,,1.0,0.12,0.46,3.0,6.9,,8.8,3.8,,10.4,6.1,4.7,-1.9,4.0/4.0,25.4,4.8,2.62,40.46,0.0,20.6,-8.7,7.6,,47.0,-69.0,1.4,22.6,strong_buy,0.806,,,,,,,micro cap,
NSE:TITAN,Titan Company Limited,Consumer Durables,Luxury Goods,Large,400684.0,4515.7,5186.7,3378.0,12.9,69.4,1.43,25.53,50.774582,,48.104,,15.0,0.33,8.7,5.0,17.0,,31.4,27.4,,12.3,6.2,29.2,16.0,4.0/4.0,195.0,6.8,1.1,52.9,0.0,22.0,32.9,39.8,,24.1,-22.5,2.1,20.1,buy,0.184,,,,,,,debt/equity > 150,
NSE:TARIL,Transformers And Rectifiers (India) Limited,Capital Goods,Electrical Equipment & Parts,Micro,8525.0,284.0,501.2,224.05,43.3,32.0,0.62,5.51,22.129875,,22.075,,0.25,0.09,0.1,5.0,0.0,,13.2,8.0,,15.1,10.1,21.5,86.5,4.0/4.0,29.6,11.4,-0.4,64.36,0.0,6.4,-42.7,239.6,,60.1,-62.9,-4.6,21.2,none,-0.252,,,,,,,micro cap,
NSE:TRIDENT,Trident Limited,Textiles,Textile Manufacturing,Micro,11333.0,22.24,30.94,21.98,28.1,28.5,0.71,2.38,19.33913,,14.212,,1.0,4.51,0.46,5.0,64.1,,8.6,7.9,,13.3,5.8,1.8,-5.1,4.0/4.0,38.3,5.6,2.02,73.68,0.0,2.5,-20.1,-40.9,,37.9,-54.5,-11.2,30.4,none,0.009,,,,,,,micro cap,
NSE:UCOBANK,UCO Bank,Financial Services,Banks - Regional,Small,28741.0,22.92,34.2,22.22,33.0,10.2,0.49,0.85,16.37143,,,,0.44,1.92,0.13,2.0,19.6,8.5,7.4,6.1,0.7,60.4,21.5,7.8,14.9,4.0/4.0,,,-3.82,90.95,0.0,2.6,-23.9,-36.1,,42.1,-66.6,-13.3,,none,0.697,,,,,,,avg ROE < 8%,
NSE:UPL,UPL Limited,Chemicals,Agricultural Inputs,Mid,43684.0,516.8,812.2,511.2,36.4,21.2,0.58,1.26,10.970811,,8.409,,6.0,1.16,7.15,5.0,24.6,,4.0,-4.3,,6.6,3.8,-1.2,-18.6,3.0/4.0,57.1,2.1,4.09,33.51,0.01,41.8,-21.1,-16.5,,28.8,-35.2,-18.8,41.5,none,0.541,,,,,,,avg ROE < 8%,
NSE:UTIAMC,UTI Asset Management Company Limited,Financial Services,Asset Management,Micro,11312.0,880.0,1409.0,866.0,37.5,24.6,1.17,2.51,15.432567,,8.897,,40.0,4.53,31.0,5.0,72.6,,13.4,9.0,,63.3,26.6,10.8,-2.6,4.0/4.0,3.1,45.4,1.01,0.0,0.0,51.8,-29.8,27.5,,34.3,-36.5,-9.1,20.8,buy,0.401,,,,,,,micro cap,
NSE:UBL,United Breweries Limited,Fast Moving Consumer Goods,Beverages - Brewers,Small,31242.0,1181.6,1844.0,1140.3,35.9,78.9,1.89,6.91,43.555046,,45.392,,10.0,0.84,7.7,5.0,66.8,,9.2,7.7,,6.4,4.2,6.6,10.8,4.0/4.0,29.1,9.3,1.05,70.83,0.0,20.7,-33.4,-25.5,,23.6,-47.6,-17.6,21.3,hold,-0.042,,,,,,,no positive FCF in any year,
NSE:URBANCO,Urban Company Limited,Consumer Services,Software - Application,Small,22972.0,156.0,183.97,100.7,15.2,,,11.22,-177.91565,,-68.9,,0.0,,,,0.0,,-7.0,-23.3,,-20.5,-19.4,34.7,,1.0/4.0,6.3,-13.6,0.42,19.02,-1.41,51.6,-8.1,,,45.0,-44.8,16.5,-4.5,none,,,,,,,,losses in recent years,
NSE:VAML,Vedanta Aluminium Metal Limited,Metals & Mining,Aluminum,Large,157337.0,403.0,537.0,398.75,25.0,40.8,2.19,,6.9045367,,,,16.0,3.97,0.0,0.0,0.0,,112.2,49.4,,45.3,56.3,,,0.0/3.0,,-5.7,0.66,56.38,0.0,19.4,,,,,,-9.4,33.5,strong_buy,,,,,,,,losses in recent years,
NSE:VISL,Vedanta Iron and Steel Limited,Metals & Mining,Steel,Micro,12122.0,31.0,44.78,19.06,30.8,,,-4.18,,,,,0.0,,,,0.0,,32.8,24.8,,9.9,64.2,,,0.0/2.0,,-0.2,0.0,56.38,0.0,12.2,,,,,,-7.8,,none,,,,,,,,loss-making / no P/E,
NSE:VOGL,Vedanta Oil and Gas Limited,Oil Gas & Consumable Fuels,Other Industrial Metals & Mining,Micro,12501.0,32.02,47.6,30.42,32.7,,,-0.16,,,,,0.0,,,,0.0,,-302.0,-1355.4,,8.9,420.8,161.8,,2.0/4.0,,1.5,-3.1,56.38,0.0,10.6,,,,,,-11.6,,none,,,,,,,,losses in recent years,
NSE:VEDPOWER,Vedanta Power Limited,Power,Utilities - Independent Power Producers,Micro,12786.0,32.75,49.88,30.44,34.3,,,2.87,,,,1.48,0.0,,,,0.0,0.9,-0.5,-12.8,3.8,2.5,0.6,15.7,,1.0/4.0,,-2.2,-0.33,56.38,0.0,10.9,,,,,,-11.5,,none,,,,,,,,losses in recent years,
NSE:IDEA,Vodafone Idea Limited,Telecommunication,Telecom Services,Large,136946.0,12.64,15.79,8.13,19.9,3.6,0.08,-3.83,-8.53881,,26.508,,0.0,,0.0,0.0,0.0,,2.9,-96.6,,-3.8,82.3,2.1,,1.0/4.0,,2.6,0.53,25.64,0.07,9.8,48.4,16.0,,54.1,-66.8,3.6,-3.3,hold,0.446,,,,,,,losses in recent years,
NSE:VOLTAS,Voltas Limited,Consumer Durables,"Furnishings, Fixtures & Appliances",Mid,34849.0,1053.2,1582.5,1040.6,33.4,77.5,1.6,5.47,33.162117,,43.182,,4.0,0.38,5.45,5.0,29.5,,6.4,2.5,,5.2,3.0,14.5,40.7,4.0/4.0,15.5,7.4,0.19,30.3,0.0,40.8,-21.9,20.3,,30.6,-44.9,-20.8,24.9,hold,0.12,,,,,,,avg ROE < 8%,
NSE:WHIRLPOOL,Whirlpool of India Limited,Consumer Durables,"Furnishings, Fixtures & Appliances",Micro,10852.0,855.0,1437.0,706.0,40.5,43.3,0.89,2.61,24.526539,,26.447,,5.0,0.58,5.0,5.0,25.3,,7.1,5.9,,3.1,3.0,6.4,10.3,4.0/4.0,8.6,9.9,1.01,39.76,-11.24,39.4,-26.1,-47.2,,33.5,-69.9,2.4,11.2,hold,0.361,,,,,,,avg ROE < 8%,
NSE:WOCKPHARMA,Wockhardt Limited,Healthcare,Drug Manufacturers - Specialty & Generic,Small,33753.0,2077.2,2422.3,1086.7,14.2,82.4,1.58,6.82,,,47.874,,0.0,,0.0,0.0,0.0,,-6.8,-16.7,,14.3,11.2,7.8,,1.0/4.0,42.3,2.1,1.83,49.08,-0.01,13.4,39.6,713.5,,49.9,-39.9,25.3,,none,0.974,,,,,,,losses in recent years,
NSE:YESBANK,Yes Bank Limited,Financial Services,Banks - Regional,Mid,65132.0,20.75,25.78,17.2,19.5,17.3,0.82,1.25,11.411382,,,,0.0,,0.0,0.0,0.0,7.5,4.2,1.8,0.9,30.8,23.2,25.3,68.4,4.0/4.0,,,6.04,0.0,0.0,18.1,-4.6,18.6,,37.5,-48.7,-4.8,1.9,underperform,0.48,,,,,,,avg ROE < 8%,
NSE:ZEEL,Zee Entertainment Enterprises Limited,Media Entertainment & Publication,Broadcasting,Micro,6914.0,71.98,118.35,68.0,39.2,34.1,0.89,0.58,,,,,2.0,2.78,1.79,4.0,,,2.5,0.4,,,,0.0,78.8,4.0/4.0,2.3,11.0,2.59,3.99,0.0,,-35.5,-72.2,,47.3,-75.8,,,,,,,,,,,avg ROE < 8%,
NSE:ZENSARTECH,Zensar Technologies Limited,Information Technology,Information Technology Services,Micro,9866.0,435.0,822.0,416.15,47.1,13.1,0.49,2.1,,,,,15.0,3.45,7.12,5.0,,,15.5,11.0,,,,5.5,33.2,4.0/4.0,1.7,100.2,1.0,48.99,-0.07,,-41.9,-14.2,,40.2,-55.3,,,,,,,,,,,micro cap,
NSE:ZYDUSWELL,Zydus Wellness Limited,Fast Moving Consumer Goods,Packaged Foods,Small,15865.0,498.65,611.85,367.55,18.5,84.2,2.02,2.72,,,,,1.2,0.24,1.04,5.0,,,5.1,3.4,,,,20.7,-14.0,4.0/4.0,55.0,3.4,1.15,69.64,0.01,,7.5,53.8,,29.1,-36.0,,,,,,,,,,,avg ROE < 8%,
