Symbol,Company,Sector,Industry,Cap Class,Market Cap (Cr),Price,P/E,PE vs sector,Forward P/E,PEG,EV/EBITDA,P/B,FCF Yield %,ROE % (latest),ROE % (avg 4y),ROE % (worst yr),Operating Margin,Net Margin,Revenue CAGR %,Profit CAGR %,Debt/Equity,Interest Cover,Beta,Volatility %,Max Drawdown 3y %,Dividend Yield %,Payout Ratio,Promoter %,Promoter chg 1y (pp),Price vs 200DMA %,% Below 52W High,Turnover (Lakh/day),3-5y CAGR %,Score v2 (portfolio screen),Score v3,Score v3 (before caps),Quality (24),Growth (17),Valuation (16),Safety (14),Shareholder (6),Returns (23),Strengths,Weaknesses,Red flags,Notes,Params used,pt: ROE 4y avg,pt: ROE latest,pt: ROE worst year,pt: Operating margin,pt: Net margin,pt: FCF yield,pt: Revenue CAGR,pt: Profit CAGR,pt: Forward vs trailing P/E,pt: PE vs sector,pt: P/E,pt: PEG,pt: EV/EBITDA,pt: P/B,pt: Debt/Equity,pt: Interest cover,pt: Beta,pt: Volatility,pt: Max drawdown 3y,pt: Size (market cap),pt: Dividend yield,pt: Payout ratio,pt: Promoter holding,pt: Promoter change 1y,pt: 1Y return,pt: 3Y CAGR,pt: 5Y CAGR,pt: Beat Nifty 500 (3Y),pt: Price vs 200-DMA,pt: % below 52W high,pt: Turnover/day,In your lists,1Y %,1Y CAGR %,2Y %,2Y CAGR %,3Y %,3Y CAGR %,4Y %,4Y CAGR %,5Y %,5Y CAGR %,Returns note
NSE:MAHABANK,Bank of Maharashtra,Financial Services,Banks - Regional,Mid,61917.0,80.5,8.2,0.39,6.44,,,1.73,,23.0,19.4,16.5,57.5,53.4,15.6,39.1,,,0.777,39.5,-39.8,2.73,22.5,73.6,-6.0,6.4,14.8,12390.7,25.781767194354988,66.7,91.2,91.2,23.3,16.4,16.0,8.8,5.1,21.7,Profit CAGR 39.1%; ROE 4y avg 19.4%; Revenue CAGR 15.6%; PE vs sector 0.39×,Volatility 39.5%; Promoter change 1y -6.0 pts,,,25,0.98,1.0,1.0,,0.9,,0.91,1.0,1.0,1.0,1.0,,,1.0,,,0.91,0.32,0.45,0.82,0.94,1.0,1.0,0.0,1.0,0.85,1.0,0.98,0.87,0.9,1.0,,43.9,43.9,34.4,16.0,62.6,17.6,358.7,46.4,302.5,32.1,
NSE:EMMVEE,Emmvee Photovoltaic Power Limited,Capital Goods,Solar,Small,21217.0,306.45,17.2,0.33,10.637434,,10.982,5.74,,,30.4,6.4,29.8,22.8,102.7,394.6,9.7,10.5,,,,0.33,0.0,80.03,0.0,12.5,17.5,7787.7,,,89.3,89.3,21.3,15.3,13.7,12.7,3.6,22.7,ROE 4y avg 30.4%; Revenue CAGR 102.7%; PE vs sector 0.33×; Operating margin 29.8%,ROE worst year 6.4%; Dividend yield 0.3%,,,21,1.0,,0.32,1.0,0.96,,1.0,0.75,1.0,1.0,0.85,,0.81,0.68,0.98,1.0,,,,0.54,0.38,0.5,0.92,0.8,,,,,1.0,0.95,1.0,,,,,,,,,,,,1Y n/a: listed/data from 2025-11-18; 2Y n/a: listed/data from 2025-11-18; 3Y n/a: listed/data from 2025-11-18; 4Y n/a: listed/data from 2025-11-18; 5Y n/a: listed/data from 2025-11-18
NSE:BAJAJ-AUTO,Bajaj Auto Limited,Automobile and Auto Components,Auto Manufacturers,Large,276040.0,10045.0,23.9,0.67,21.139362,1.31,17.627,7.23,,,23.9,20.6,21.5,16.3,19.5,21.0,56.4,12.9,0.635,24.5,-42.3,1.49,35.7,55.01,-0.03,-1.9,19.4,33420.5,29.52489297509149,58.0,88.0,88.0,23.2,16.3,11.1,11.9,5.0,20.6,ROE 4y avg 23.9%; Revenue CAGR 19.5%; Profit CAGR 21.0%; 3Y CAGR 26.1%,Max drawdown 3y -42.3%,,,29,1.0,,1.0,0.92,0.93,,0.99,0.96,0.89,0.94,0.68,0.71,0.54,0.43,0.85,1.0,0.98,0.73,0.38,1.0,0.66,1.0,0.98,0.79,0.76,1.0,0.92,1.0,0.59,0.99,1.0,,16.4,16.5,-17.4,-9.1,100.2,26.1,185.7,30.1,160.7,21.1,
NSE:CAPLIPOINT,Caplin Point Laboratories Limited,Healthcare,Drug Manufacturers - Specialty & Generic,Small,19854.0,2612.0,29.9,0.57,23.595303,,24.087,5.65,,,19.1,17.9,31.4,29.1,14.3,19.4,0.1,923.7,0.368,37.8,-42.0,0.3,8.0,70.57,0.01,23.6,12.6,4715.7,38.573959030460145,68.8,87.3,87.3,23.5,15.7,10.9,11.2,4.0,22.1,ROE 4y avg 19.1%; Profit CAGR 19.4%; Revenue CAGR 14.3%; 3Y CAGR 35.9%,EV/EBITDA 24.1×; Dividend yield 0.3%; Volatility 37.8%,,,28,0.96,,1.0,0.98,0.99,,0.86,0.94,1.0,0.98,0.58,,0.25,0.64,1.0,1.0,1.0,0.37,0.39,0.53,0.38,0.7,1.0,0.8,0.93,1.0,0.99,1.0,0.86,0.85,1.0,,27.9,27.9,26.6,12.5,150.6,35.9,252.4,37.1,200.1,24.6,
NSE:KARURVYSYA,Karur Vysya Bank Limited,Financial Services,Banks - Regional,Small,31489.0,325.75,11.5,0.55,9.888313,,,2.23,,,15.7,12.9,56.7,41.3,18.7,31.4,,,-0.13,36.0,-23.1,0.8,7.6,2.07,-0.03,7.3,9.2,11398.5,45.49572697582913,70.3,87.0,87.0,20.0,16.6,15.1,10.0,2.8,22.5,Profit CAGR 31.4%; Revenue CAGR 18.7%; ROE 4y avg 15.7%; 3Y CAGR 42.8%,Promoter holding 2.1%,,,24,0.83,,0.86,,0.83,,0.97,1.0,0.92,0.98,0.95,,,0.89,,,1.0,0.42,0.79,0.66,0.5,0.69,0.0,0.79,1.0,1.0,1.0,1.0,0.91,0.81,1.0,,54.5,54.5,82.3,35.0,190.7,42.8,395.1,49.2,730.6,52.7,
NSE:NATIONALUM,National Aluminium Company Limited,Metals & Mining,Aluminum,Mid,61509.0,334.9,9.1,0.49,8.628134,,5.763,2.85,,,20.3,10.9,47.6,34.9,7.8,59.3,0.3,341.3,0.715,41.6,-42.1,1.19,35.4,51.28,0.0,-11.0,24.8,22441.2,56.52670967396498,65.5,86.7,86.7,22.2,12.8,13.8,11.4,4.9,21.6,ROE 4y avg 20.3%; Profit CAGR 59.3%; PE vs sector 0.49×; 3Y CAGR 51.5%,Volatility 41.6%; Price vs 200-DMA -11.0%; Max drawdown 3y -42.1%,,,28,1.0,,0.69,0.95,0.92,,0.48,1.0,0.8,1.0,0.98,,1.0,0.47,1.0,1.0,0.94,0.25,0.39,0.82,0.59,1.0,0.96,0.8,1.0,1.0,1.0,1.0,0.31,1.0,1.0,,56.1,56.2,49.4,22.2,246.9,51.5,387.8,48.7,250.7,28.5,
NSE:ZYDUSLIFE,Zydus Lifesciences Limited,Healthcare,Drug Manufacturers - Specialty & Generic,Large,114284.0,1145.7,25.5,0.49,,,,4.25,,,17.0,11.2,,,16.5,37.0,42.3,19.1,,25.0,-36.8,0.09,,75.01,0.02,,7.0,17139.6,22.025794062320216,57.9,86.0,86.0,20.1,16.4,13.6,12.2,3.8,20.1,Profit CAGR 37.0%; Revenue CAGR 16.5%; ROE 4y avg 17.0%; PE vs sector 0.49×,Dividend yield 0.1%,,,21,0.88,,0.72,,,,0.93,1.0,,1.0,0.64,,,0.77,0.92,1.0,,0.72,0.51,1.0,0.32,,1.0,0.8,0.74,0.97,0.81,1.0,,0.83,1.0,,15.6,15.6,6.0,3.0,87.5,23.4,179.9,29.4,106.2,15.6,
NSE:AJANTPHARM,Ajanta Pharma Limited,Healthcare,Drug Manufacturers - Specialty & Generic,Mid,44810.0,3586.0,39.4,0.76,30.78457,,28.358,9.9,,,22.0,17.4,25.2,19.6,13.4,21.6,5.9,86.5,0.218,28.9,-30.1,1.79,30.8,63.48,-2.78,15.0,5.5,3432.1,26.992084157455952,,85.4,85.4,22.2,15.5,8.4,12.3,4.8,22.2,ROE 4y avg 22.0%; Profit CAGR 21.6%; Revenue CAGR 13.4%; 3Y CAGR 26.0%,P/B 9.90; EV/EBITDA 28.4×; P/E 39.4,,,28,1.0,,1.0,0.82,0.85,,0.81,0.97,1.0,0.91,0.4,,0.13,0.34,0.99,1.0,1.0,0.61,0.65,0.75,0.73,1.0,1.0,0.2,1.0,1.0,0.88,1.0,1.0,0.85,1.0,,49.3,49.4,10.1,4.9,99.9,26.0,178.3,29.2,137.6,18.9,
NSE:SHRIRAMFIN,Shriram Finance Limited,Financial Services,Credit Services,Large,222363.0,945.0,16.7,0.8,13.166549,,,2.7,,18.5,15.2,13.8,68.5,50.0,13.9,18.6,276.2,,0.606,35.1,-29.0,1.46,24.4,20.3,-5.09,-6.5,18.1,44213.9,37.25963515757014,55.9,85.2,85.2,20.9,15.5,13.0,10.9,3.1,21.9,Profit CAGR 18.6%; Revenue CAGR 13.9%; ROE 4y avg 15.2%; 3Y CAGR 35.0%,Promoter holding 20.3%; Promoter change 1y -5.1 pts,,,25,0.81,0.94,0.92,,0.89,,0.84,0.94,1.0,0.9,0.86,,,0.65,,,1.0,0.45,0.67,1.0,0.65,1.0,0.11,0.0,1.0,1.0,1.0,1.0,0.46,0.96,1.0,,45.7,45.7,32.3,15.0,145.8,35.0,304.0,41.8,265.0,29.6,
NSE:MUTHOOTFIN,Muthoot Finance Limited,Financial Services,Credit Services,Large,108280.0,2697.1,9.5,0.45,8.4489,,,2.67,,31.7,19.8,16.7,74.6,55.5,38.0,43.1,393.6,,0.517,30.8,-33.5,1.11,10.6,73.35,0.0,-18.0,35.0,26054.4,29.34582607445362,71.1,84.7,84.7,23.5,16.6,14.3,11.0,4.5,14.8,Revenue CAGR 38.0%; Profit CAGR 43.1%; ROE 4y avg 19.8%; PE vs sector 0.45×,1Y return -14.2%; Price vs 200-DMA -18.0%,,,25,0.99,1.0,1.0,,0.92,,1.0,1.0,0.88,1.0,0.98,,,0.67,,,1.0,0.56,0.58,1.0,0.57,0.77,1.0,0.8,0.11,1.0,0.6,1.0,0.1,1.0,1.0,,-14.2,-14.2,37.9,17.4,118.4,29.8,162.0,27.3,75.8,12.0,
NSE:CMPDI,Central Mine Planning & Design Institute Limited,Services,Other Industrial Metals & Mining,,,205.14,22.4,0.85,,,15.744,6.42,,,28.9,24.4,28.6,27.4,18.7,27.4,0.1,10296.5,,,,0.52,0.0,85.0,0.0,-8.8,27.7,4375.1,,,84.3,84.3,22.0,16.8,10.5,14.0,3.6,17.4,ROE 4y avg 28.9%; Profit CAGR 27.4%; Revenue CAGR 18.7%; PE vs sector 0.85×,P/B 6.42; Price vs 200-DMA -8.8%,,,19,1.0,,1.0,0.79,0.85,,0.97,1.0,,0.85,0.72,,0.62,0.36,1.0,1.0,,,,,0.43,0.5,0.83,0.8,,,,,0.39,1.0,1.0,,,,,,,,,,,,1Y n/a: listed/data from 2026-03-30; 2Y n/a: listed/data from 2026-03-30; 3Y n/a: listed/data from 2026-03-30; 4Y n/a: listed/data from 2026-03-30; 5Y n/a: listed/data from 2026-03-30
NSE:NMDC,NMDC Limited,Metals & Mining,Steel,Mid,65622.0,74.64,8.9,0.48,7.2200704,,6.531,1.92,,,22.6,21.7,34.8,23.2,22.0,10.0,18.8,84.7,0.641,33.6,-35.8,2.68,41.3,60.79,0.0,-11.3,23.4,11996.9,18.476100030242314,60.8,84.3,84.3,22.4,13.5,15.1,11.9,5.7,15.6,ROE 4y avg 22.6%; Revenue CAGR 22.0%; PE vs sector 0.48×; Debt/Equity 18.8,1Y return -2.0%; Price vs 200-DMA -11.3%,,,28,1.0,,1.0,0.88,0.83,,1.0,0.5,0.99,1.0,0.99,,0.98,0.79,0.96,1.0,0.98,0.49,0.53,0.84,0.93,1.0,1.0,0.8,0.32,0.79,0.8,0.86,0.3,1.0,1.0,,-2.0,-2.0,-8.4,-4.3,51.2,14.8,131.7,23.4,102.8,15.2,
NSE:INDIANB,Indian Bank,Financial Services,Banks - Regional,Large,106834.0,793.15,8.4,0.4,7.228761,,,1.27,,16.2,13.9,11.3,48.0,36.4,10.4,28.1,,,0.285,37.5,-21.8,2.3,19.2,73.84,0.0,-8.5,20.8,14121.4,28.483361207167455,66.0,84.2,84.2,18.2,14.3,16.0,11.2,5.5,19.1,Profit CAGR 28.1%; PE vs sector 0.40×; 3Y CAGR 21.6%; 5Y CAGR 41.1%,Volatility 37.5%; Price vs 200-DMA -8.5%,,,25,0.71,0.85,0.73,,0.78,,0.64,1.0,0.92,1.0,0.99,,,1.0,,,1.0,0.38,0.81,1.0,0.84,0.98,1.0,0.8,0.54,0.93,1.0,1.0,0.39,1.0,1.0,,7.6,7.6,50.5,22.7,79.7,21.6,318.8,43.1,459.3,41.1,
NSE:SBIN,State Bank of India,Financial Services,Banks - Regional,Large,880693.0,954.1,10.2,0.49,9.072846,0.53,,1.42,,15.2,15.4,14.0,35.7,22.4,12.2,14.4,,,0.386,24.5,-23.9,1.82,18.6,55.47,-0.03,-8.7,22.7,89740.2,19.043319209776953,60.4,83.9,83.9,19.0,13.8,15.9,12.3,5.2,17.8,Profit CAGR 14.4%; ROE 4y avg 15.4%; PE vs sector 0.49×; 3Y CAGR 16.6%,Price vs 200-DMA -8.7%,,,26,0.82,0.81,0.93,,0.63,,0.74,0.85,0.88,1.0,0.97,0.99,,1.0,,,1.0,0.73,0.77,1.0,0.73,0.97,0.98,0.79,0.61,0.83,0.82,0.94,0.39,1.0,1.0,,10.4,10.4,19.7,9.4,58.2,16.6,83.6,16.4,111.2,16.1,
NSE:EICHERMOT,Eicher Motors Limited,Automobile and Auto Components,Auto Manufacturers,Large,189969.0,6920.0,32.9,0.93,25.385378,,31.943,7.56,,,21.5,19.4,19.8,23.2,17.5,23.7,2.0,100.3,0.224,26.2,-19.6,1.18,33.3,49.02,-0.05,-6.5,15.9,32272.9,28.422755839115577,59.6,83.6,83.6,23.3,16.6,7.8,13.2,4.8,17.9,ROE 4y avg 21.5%; Profit CAGR 23.7%; Revenue CAGR 17.5%; 3Y CAGR 27.4%,1Y return -1.4%; EV/EBITDA 31.9×; P/B 7.56,,,28,1.0,,1.0,0.88,0.99,,0.95,0.99,1.0,0.77,0.53,,0.06,0.35,1.0,1.0,1.0,0.68,0.86,1.0,0.59,1.0,0.93,0.79,0.33,1.0,0.9,1.0,0.46,0.92,1.0,,-1.4,-1.4,39.2,18.0,106.5,27.4,99.8,18.9,149.6,20.1,
NSE:CUMMINSIND,Cummins India Limited,Capital Goods,Specialty Industrial Machinery,Large,134719.0,4860.0,56.8,1.09,42.372353,,47.489,15.9,,,25.4,21.3,20.5,18.7,16.1,24.4,0.4,249.7,0.527,29.0,-34.3,1.36,62.6,51.0,0.0,-3.2,20.3,21221.1,43.14318876664509,62.0,82.6,82.6,22.4,16.4,4.6,12.6,4.9,21.7,ROE 4y avg 25.4%; Profit CAGR 24.4%; Revenue CAGR 16.1%; 3Y CAGR 42.6%,P/B 15.9; EV/EBITDA 47.5×; P/E 56.8,,,28,1.0,,1.0,0.83,0.87,,0.92,0.99,1.0,0.61,0.1,,0.0,0.16,1.0,1.0,1.0,0.61,0.56,1.0,0.63,0.95,0.95,0.8,0.91,1.0,1.0,1.0,0.55,1.0,1.0,,26.3,26.3,25.4,12.0,189.5,42.6,310.8,42.4,429.4,39.6,
NSE:SHRIPISTON,SPR Auto Technologies Limited,Automobile and Auto Components,Auto Parts,Small,20712.0,4465.1,34.9,0.98,23.500526,,22.907,6.78,,,20.6,19.0,13.9,11.3,19.8,23.5,65.2,13.1,0.777,40.6,-28.3,0.22,7.8,41.55,-2.2,22.8,7.8,3202.7,62.259605098659264,,82.5,82.5,20.8,16.9,8.6,10.5,3.2,22.5,ROE 4y avg 20.6%; Revenue CAGR 19.8%; Profit CAGR 23.5%; 3Y CAGR 63.0%,EV/EBITDA 22.9×; Dividend yield 0.2%; Volatility 40.6%,,,28,1.0,,1.0,0.67,0.75,,1.0,0.98,1.0,0.72,0.5,,0.3,0.48,0.78,1.0,0.91,0.28,0.68,0.54,0.35,0.69,0.74,0.33,1.0,1.0,1.0,1.0,0.89,0.82,1.0,,64.0,64.1,106.5,43.7,332.1,63.0,1094.3,86.1,858.6,57.2,
NSE:HEROMOTOCO,Hero MotoCorp Limited,Automobile and Auto Components,Auto Manufacturers,Mid,103433.0,5168.0,19.0,0.54,15.87117,,12.812,4.78,,,21.8,16.9,11.6,10.7,11.7,26.9,3.6,96.0,0.468,25.8,-42.2,3.58,64.3,34.73,-0.01,-2.7,19.1,33016.1,24.073144497159447,58.2,81.6,81.6,20.0,14.9,13.1,12.5,5.1,16.1,ROE 4y avg 21.8%; Profit CAGR 26.9%; PE vs sector 0.54×; 3Y CAGR 19.7%,1Y return -4.9%; Max drawdown 3y -42.2%,,,28,1.0,,1.0,0.57,0.71,,0.71,1.0,0.95,0.99,0.8,,0.74,0.65,0.99,1.0,1.0,0.7,0.38,1.0,1.0,0.91,0.57,0.8,0.27,0.89,0.65,1.0,0.57,0.98,1.0,,-4.9,-4.9,-10.1,-5.2,71.4,19.7,104.6,19.6,81.5,12.7,
NSE:BEL,Bharat Electronics Limited,Capital Goods,Aerospace & Defense,Large,280038.0,383.1,45.7,0.88,34.084755,,33.163,11.67,,,24.5,21.5,22.1,21.4,15.5,26.6,0.3,1239.9,0.284,31.3,-26.9,0.65,33.9,51.14,0.0,-8.7,19.1,41132.8,42.06133698771628,62.9,81.6,81.6,23.0,16.4,6.8,12.8,4.6,18.0,ROE 4y avg 24.5%; Profit CAGR 26.6%; Revenue CAGR 15.5%; 3Y CAGR 40.2%,1Y return -5.8%; P/B 11.7; EV/EBITDA 33.2×,,,28,1.0,,1.0,0.88,0.94,,0.91,1.0,1.0,0.82,0.25,,0.04,0.26,1.0,1.0,1.0,0.55,0.71,1.0,0.46,1.0,0.96,0.8,0.25,1.0,1.0,1.0,0.39,0.98,1.0,,-5.8,-5.8,34.9,16.2,175.2,40.2,289.1,40.5,469.7,41.6,
NSE:ADANIPORTS,Adani Ports and Special Economic Zone Limited,Services,Marine Shipping,Large,400382.0,1737.8,29.7,1.13,22.229424,,19.727,4.17,,,14.5,11.7,44.6,32.4,22.9,34.1,64.1,5.0,0.493,36.7,-33.8,0.43,12.8,66.03,0.14,6.7,8.1,36900.4,27.486221758581884,60.6,81.5,81.5,19.9,17.0,8.3,10.9,4.3,21.2,Revenue CAGR 22.9%; Profit CAGR 34.1%; 3Y CAGR 27.9%; Operating margin 44.6%,Volatility 36.7%,,,28,0.76,,0.77,0.92,0.88,,1.0,1.0,1.0,0.57,0.58,,0.46,0.43,0.79,0.85,1.0,0.4,0.57,1.0,0.41,0.82,1.0,0.83,0.87,1.0,0.88,1.0,0.88,0.82,1.0,,22.1,22.2,18.4,8.8,109.0,27.9,121.5,22.0,136.5,18.8,
NSE:FEDERALBNK,The Federal Bank  Limited,Financial Services,Banks - Regional,Mid,78604.0,318.2,17.0,0.81,11.298581,,,1.96,,,12.5,10.9,43.0,30.7,16.6,11.1,,,0.27,27.5,-18.1,0.38,6.4,0.0,0.0,4.2,14.4,18753.9,29.88154890935317,61.4,81.4,81.4,15.6,13.7,14.6,12.0,3.0,22.4,Revenue CAGR 16.6%; 3Y CAGR 28.3%; PE vs sector 0.81×; 1Y return 64.2%,Dividend yield 0.4%,,widely held (no promoter) - promoter checks not applicable,22,0.6,,0.69,,0.73,,0.93,0.59,1.0,0.89,0.85,,,1.0,,,1.0,0.65,0.88,0.9,0.4,0.66,,,1.0,1.0,1.0,1.0,0.8,0.89,1.0,,64.2,64.3,61.4,27.1,111.1,28.3,173.6,28.7,282.7,30.8,
NSE:EMCURE,Emcure Pharmaceuticals Limited,Healthcare,Drug Manufacturers - Specialty & Generic,Mid,36690.0,1934.0,36.3,0.7,24.920025,,20.1,7.41,,,18.0,15.3,15.4,10.4,15.4,20.2,30.6,11.4,-0.068,35.4,-40.7,0.19,5.6,77.83,-0.08,14.0,7.9,3158.8,,58.2,81.3,81.3,17.4,16.0,10.3,11.4,3.8,22.4,Profit CAGR 20.2%; ROE 4y avg 18.0%; Revenue CAGR 15.4%; PE vs sector 0.70×,Dividend yield 0.2%,,,25,0.92,,1.0,0.47,0.46,,0.91,0.95,1.0,0.93,0.47,,0.44,0.48,0.94,1.0,1.0,0.44,0.43,0.71,0.35,0.64,0.95,0.78,1.0,,,,1.0,0.82,1.0,,49.1,49.1,30.0,14.0,,,,,,,3Y n/a: listed/data from 2024-07-10; 4Y n/a: listed/data from 2024-07-10; 5Y n/a: listed/data from 2024-07-10
NSE:ICICIBANK,ICICI Bank Limited,Financial Services,Banks - Regional,Large,940802.0,1310.6,16.9,0.8,13.942553,0.53,,2.47,,16.1,16.1,14.9,38.5,27.5,18.1,16.8,,,0.26,20.2,-18.4,0.92,14.2,0.0,0.0,-3.0,11.4,137513.4,10.793165135089279,58.0,80.9,80.9,20.1,16.1,14.1,13.0,4.0,13.7,Revenue CAGR 18.1%; Profit CAGR 16.8%; ROE 4y avg 16.1%; PE vs sector 0.80×,1Y return -4.5%,,widely held (no promoter) - promoter checks not applicable,24,0.84,0.84,0.99,,0.7,,0.96,0.92,0.97,0.9,0.85,0.99,,0.76,,,1.0,0.84,0.87,1.0,0.53,0.85,,,0.28,0.58,0.71,0.71,0.56,0.83,1.0,,-4.5,-4.5,2.8,1.4,39.4,11.7,54.5,11.5,89.3,13.6,
NSE:OFSS,Oracle Financial Services Software Limited,Information Technology,Software - Infrastructure,Mid,90760.0,10420.0,26.6,1.0,22.98445,,19.16,13.1,3.4,49.9,28.7,24.2,59.6,38.2,10.4,13.5,0.6,1364.0,0.506,33.6,-49.0,6.38,102.2,72.41,-0.15,12.5,16.9,31183.0,39.45365297880119,64.6,80.8,80.8,23.1,12.7,7.8,11.7,3.9,21.4,ROE 4y avg 28.7%; 3Y CAGR 36.7%; Operating margin 59.6%; Debt/Equity 0.60,P/B 13.1; Payout ratio 102.2%; Max drawdown 3y -49.0%,,,30,1.0,1.0,1.0,1.0,1.0,0.73,0.64,0.78,0.91,0.7,0.63,,0.48,0.08,1.0,1.0,1.0,0.49,0.18,0.96,0.72,0.16,1.0,0.77,0.83,1.0,0.86,1.0,1.0,0.94,1.0,,19.4,19.5,-8.9,-4.6,154.9,36.7,256.6,37.5,130.9,18.2,
NSE:ACE,Action Construction Equipment Limited,Capital Goods,Farm & Heavy Construction Machinery,Small,14433.0,1212.6,33.0,0.64,25.745224,,26.044,7.18,,,22.8,18.7,13.8,12.8,15.0,34.2,0.4,26.2,0.387,43.3,-53.2,0.16,5.4,65.42,0.01,26.5,4.4,5965.0,20.069404295403782,63.6,80.7,80.7,19.9,16.3,10.1,10.3,3.8,20.3,ROE 4y avg 22.8%; Profit CAGR 34.2%; Revenue CAGR 15.0%; PE vs sector 0.64×,EV/EBITDA 26.0×; Dividend yield 0.2%; Max drawdown 3y -53.2%,,,28,1.0,,1.0,0.56,0.7,,0.9,1.0,1.0,0.95,0.53,,0.18,0.56,1.0,1.0,1.0,0.2,0.1,0.47,0.34,0.64,1.0,0.8,0.68,0.93,1.0,1.0,0.74,0.86,1.0,,13.3,13.4,-12.9,-6.7,79.9,21.6,332.1,44.3,368.2,36.2,
NSE:HBLENGINE,HBL Engineering Limited,Capital Goods,Electrical Equipment & Parts,Small,21567.0,778.05,27.6,0.53,,,19.661,9.66,,,22.2,10.4,21.1,23.4,34.2,102.1,3.0,109.6,0.066,52.5,-43.9,0.51,10.6,59.11,0.0,3.2,30.7,11713.7,44.353043205547785,71.7,80.7,80.7,21.7,14.9,10.6,10.6,4.2,18.7,ROE 4y avg 22.2%; Revenue CAGR 34.2%; 3Y CAGR 40.6%; PE vs sector 0.53×,1Y return -6.6%; P/B 9.66; Volatility 52.5%,,,27,1.0,,0.64,0.85,0.97,,1.0,0.75,,0.99,0.61,,0.46,0.37,0.99,1.0,1.0,0.07,0.33,0.55,0.43,0.77,1.0,0.8,0.24,1.0,1.0,1.0,0.76,1.0,1.0,,-6.6,-6.6,23.9,11.3,177.2,40.6,738.9,70.3,1522.0,74.6,
NSE:BHARTIARTL,Bharti Airtel Limited,Telecommunication,Telecom Services,Large,1086213.0,1741.1,36.4,0.82,21.185522,,11.05,6.71,5.81,20.2,16.8,9.1,32.6,13.1,14.9,47.3,100.4,3.5,-0.004,21.4,-18.8,1.38,33.4,50.07,-0.2,-8.3,19.9,108778.5,25.01866387980469,53.5,80.6,80.6,20.7,16.3,11.3,10.0,4.9,17.4,Profit CAGR 47.3%; Revenue CAGR 14.9%; ROE 4y avg 16.8%; 3Y CAGR 23.5%,1Y return -6.8%,,,30,0.87,1.0,0.51,0.95,0.71,1.0,0.89,1.0,1.0,0.88,0.47,,0.81,0.55,0.5,0.57,1.0,0.81,0.87,1.0,0.64,1.0,0.95,0.76,0.24,0.97,0.92,1.0,0.4,1.0,1.0,,-6.8,-6.8,2.5,1.2,88.2,23.5,116.7,21.4,157.6,20.8,
NSE:NEULANDLAB,Neuland Laboratories Limited,Healthcare,Drug Manufacturers - Specialty & Generic,Small,27623.0,21530.0,55.6,1.07,43.864296,,36.862,14.74,,,19.1,16.4,30.6,21.0,18.5,30.6,16.1,27.2,0.298,51.5,-41.2,0.16,3.1,32.62,-0.06,27.2,11.1,13791.5,82.22545822353855,,80.3,80.3,22.8,16.8,4.8,10.8,3.0,22.2,Profit CAGR 30.6%; Revenue CAGR 18.5%; ROE 4y avg 19.1%; 3Y CAGR 79.3%,P/B 14.7; EV/EBITDA 36.9×; P/E 55.6,,,28,0.96,,1.0,0.95,0.88,,0.97,1.0,1.0,0.63,0.11,,0.0,0.18,0.97,1.0,1.0,0.08,0.41,0.62,0.34,0.58,0.52,0.79,1.0,1.0,1.0,1.0,0.71,0.82,1.0,,39.8,39.8,71.9,31.1,474.9,79.3,1505.4,100.4,1311.2,69.8,
NSE:PFC,Power Finance Corporation Limited,Financial Services,Credit Services,Mid,104943.0,318.0,4.0,0.19,3.517699,,,0.73,,,19.4,18.9,85.5,54.5,16.2,17.7,536.8,1.6,0.599,35.8,-38.5,4.91,18.5,55.99,0.0,-21.1,34.6,25199.2,17.349286168852295,65.3,80.1,80.1,23.1,15.6,13.8,10.2,5.8,11.7,ROE 4y avg 19.4%; Profit CAGR 17.7%; Revenue CAGR 16.2%; PE vs sector 0.19×,1Y return -22.7%; Price vs 200-DMA -21.1%,,,24,0.98,,1.0,,0.91,,0.92,0.93,0.89,1.0,1.0,,,0.55,,,1.0,0.43,0.48,1.0,1.0,0.96,0.98,0.8,0.06,0.41,0.96,0.5,0.06,1.0,1.0,,-22.7,-22.7,-35.6,-19.8,26.7,8.2,282.8,39.9,184.1,23.2,
NSE:ECLERX,eClerx Services Limited,Services,Information Technology Services,Small,16593.0,1803.1,23.4,0.89,,,,6.51,,,25.6,22.8,,,15.8,13.0,15.0,23.2,,39.5,-46.4,0.06,,54.52,0.0,,27.8,6157.0,26.82651410769994,58.2,79.9,79.9,24.0,14.1,9.9,10.2,3.7,18.0,ROE 4y avg 25.6%; Revenue CAGR 15.8%; 3Y CAGR 24.7%; PE vs sector 0.89×,1Y return -9.3%; P/B 6.51; Dividend yield 0.1%,,,21,1.0,,1.0,,,,0.92,0.74,,0.81,0.69,,,0.29,0.97,1.0,,0.32,0.26,0.49,0.32,,0.97,0.8,0.19,0.99,0.89,1.0,,1.0,1.0,,-9.3,-9.3,17.1,8.2,93.8,24.7,158.9,26.9,145.1,19.6,
NSE:INDUSTOWER,Indus Towers Limited,Telecommunication,Telecom Services,Mid,99225.0,376.25,13.9,0.31,12.319566,,7.541,2.4,3.81,18.9,20.1,9.7,31.2,21.8,4.6,51.9,51.8,6.2,0.046,34.9,-30.7,3.72,0.0,51.26,1.26,-9.1,21.9,20549.2,28.54390945421037,59.7,79.7,79.7,21.3,11.1,14.8,11.6,5.2,15.7,ROE 4y avg 20.1%; Profit CAGR 51.9%; PE vs sector 0.31×; 3Y CAGR 25.5%,Revenue CAGR 4.6%; 5Y CAGR 3.6%; Price vs 200-DMA -9.1%,,,30,1.0,0.96,0.57,0.86,0.94,0.8,0.18,1.0,0.88,1.0,0.92,,0.94,0.82,0.89,0.89,1.0,0.45,0.64,1.0,1.0,0.5,0.96,1.0,0.52,1.0,0.26,1.0,0.38,1.0,1.0,,6.9,6.9,-2.0,-1.0,97.2,25.5,90.8,17.6,19.2,3.6,
NSE:MAZDOCK,Mazagon Dock Shipbuilders Limited,Capital Goods,Aerospace & Defense,Mid,83258.0,2064.0,31.1,0.6,26.801039,,29.442,8.53,,,27.9,23.5,14.2,20.1,19.6,32.2,4.5,46.1,0.617,50.6,-44.6,1.01,24.4,81.22,0.0,-15.0,29.5,15443.1,26.494070868347407,62.5,79.6,79.6,21.1,16.7,9.6,11.2,4.7,16.3,ROE 4y avg 27.9%; Profit CAGR 32.2%; Revenue CAGR 19.6%; 3Y CAGR 23.6%,1Y return -27.4%; EV/EBITDA 29.4×; Volatility 50.6%,,,28,1.0,,1.0,0.59,0.92,,0.99,1.0,0.92,0.97,0.56,,0.11,0.46,0.99,1.0,0.99,0.09,0.31,0.92,0.55,1.0,0.9,0.8,0.04,0.97,1.0,1.0,0.15,1.0,1.0,,-27.4,-27.4,-1.7,-0.9,88.7,23.6,704.2,68.5,1545.6,75.1,
NSE:CANBK,Canara Bank,Financial Services,Banks - Regional,Large,107360.0,118.36,5.4,0.26,5.084865,,,0.91,,,16.1,14.4,44.1,43.1,5.0,20.5,,,0.498,34.2,-35.2,3.55,19.2,62.93,0.0,-12.8,27.3,20394.9,21.237200618665696,58.5,79.5,79.5,20.8,10.6,15.3,10.6,5.8,16.5,Profit CAGR 20.5%; ROE 4y avg 16.1%; PE vs sector 0.26×; 5Y CAGR 27.3%,Revenue CAGR 5.0%; 1Y return -4.4%; Price vs 200-DMA -12.8%,,,24,0.84,,0.96,,0.84,,0.2,0.95,0.81,1.0,1.0,,,0.85,,,1.0,0.47,0.55,1.0,1.0,0.98,1.0,0.8,0.28,0.81,1.0,0.89,0.24,1.0,1.0,,-4.4,-4.4,7.1,3.5,53.9,15.5,166.2,27.8,234.6,27.3,
NSE:BAJAJHLDNG,Bajaj Holdings & Investment Limited,Financial Services,Asset Management,Large,118706.0,10666.0,13.4,0.64,,,127.715,1.62,,11.6,12.0,10.4,84.8,734.6,19.0,25.7,0.0,,0.151,30.6,-39.5,1.22,18.2,51.46,0.0,0.3,19.5,5128.0,16.274419659001538,,79.4,79.4,15.8,16.8,15.4,10.6,4.8,15.9,Profit CAGR 25.7%; Revenue CAGR 19.0%; PE vs sector 0.64×; 3Y CAGR 15.0%,1Y return -11.1%,,,24,0.56,0.53,0.64,,1.0,,0.98,1.0,,0.95,0.92,,,1.0,,,1.0,0.57,0.46,1.0,0.6,0.95,0.96,0.8,0.17,0.8,0.85,0.87,0.66,0.99,1.0,,-11.1,-11.1,0.6,0.3,52.1,15.0,63.9,13.2,125.1,17.6,
NSE:UNIONBANK,Union Bank of India,Financial Services,Banks - Regional,Large,127932.0,167.59,6.2,0.3,6.2578645,,,0.92,,15.8,13.8,10.8,48.8,40.5,7.6,31.7,,,0.9,40.0,-38.9,2.98,36.1,74.76,0.0,-4.5,18.4,20800.7,24.676496821140837,57.4,79.4,79.4,18.0,11.5,15.3,9.2,5.8,19.5,Profit CAGR 31.7%; PE vs sector 0.30×; 5Y CAGR 35.7%; 1Y return 20.8%,Volatility 40.0%,,,25,0.7,0.83,0.68,,0.82,,0.46,1.0,0.46,1.0,1.0,,,0.87,,,0.85,0.3,0.47,1.0,1.0,1.0,1.0,0.8,0.86,0.76,1.0,0.85,0.52,0.97,1.0,,20.8,20.8,37.5,17.3,49.5,14.4,288.4,40.4,359.8,35.7,
NSE:INDHOTEL,The Indian Hotels Company Limited,Consumer Services,Lodging,Mid,103866.0,718.0,47.6,0.84,38.487392,,29.795,7.83,,,14.7,12.6,24.4,20.9,18.6,27.6,19.0,14.2,-0.162,31.4,-35.6,0.45,21.6,38.12,0.0,4.9,5.2,16709.7,19.62848059441771,58.6,79.3,79.3,19.4,16.8,8.2,12.3,4.0,18.5,Profit CAGR 27.6%; Revenue CAGR 18.6%; 3Y CAGR 20.3%; PE vs sector 0.84×,1Y return -0.7%; EV/EBITDA 29.8×; P/E 47.6,,,28,0.78,,0.84,0.81,0.85,,0.97,1.0,0.99,0.86,0.21,,0.1,0.52,0.96,1.0,1.0,0.55,0.54,1.0,0.41,1.0,0.65,0.8,0.34,0.91,1.0,1.0,0.82,0.85,1.0,,-0.7,-0.7,5.3,2.6,73.8,20.3,113.2,20.9,302.2,32.1,
NSE:NUVAMA,Nuvama Wealth Management Limited,Financial Services,Asset Management,Small,31115.0,1686.3,29.0,1.38,20.088877,,,7.45,,,22.2,13.5,37.2,28.1,20.0,50.5,282.3,2.5,0.377,44.9,-32.4,1.65,48.1,53.98,-0.75,10.7,18.4,7192.7,,60.7,79.1,79.1,21.6,17.0,4.3,8.4,5.0,22.7,ROE 4y avg 22.2%; Revenue CAGR 20.0%; Profit CAGR 50.5%; 3Y CAGR 54.8%,PE vs sector 1.38×; P/B 7.45; Volatility 44.9%,,,23,1.0,,0.9,,0.71,,1.0,1.0,1.0,0.29,0.59,,,0.0,,,1.0,0.15,0.6,0.66,0.7,1.0,0.97,0.65,0.96,1.0,,1.0,1.0,0.97,1.0,,31.1,31.1,30.5,14.2,270.1,54.8,,,,,4Y n/a: listed/data from 2023-09-26; 5Y n/a: listed/data from 2023-09-26
NSE:ICICIAMC,ICICI Prudential Asset Management Company Limited,Financial Services,Asset Management,Large,152133.0,3078.0,43.8,2.09,33.314312,,31.751,36.47,,,72.8,65.5,73.7,55.5,28.9,29.6,4.1,249.0,,,,0.8,38.7,87.6,0.01,-0.6,14.8,14621.0,,57.6,78.9,78.9,23.5,17.0,1.1,14.0,4.4,18.9,ROE 4y avg 72.8%; Revenue CAGR 28.9%; Profit CAGR 29.6%; forward P/E 33.3 vs P/E 43.8,PE vs sector 2.09×; P/B 36.5; P/E 43.8,,,17,1.0,,1.0,,0.92,,1.0,1.0,1.0,0.0,0.29,,,0.0,,,,,,1.0,0.5,1.0,0.79,0.8,,,,,0.63,0.9,1.0,,,,,,,,,,,,1Y n/a: listed/data from 2025-12-19; 2Y n/a: listed/data from 2025-12-19; 3Y n/a: listed/data from 2025-12-19; 4Y n/a: listed/data from 2025-12-19; 5Y n/a: listed/data from 2025-12-19
NSE:GESHIP,The Great Eastern Shipping Company Limited,Services,Marine Shipping,Small,21535.0,1529.9,5.8,0.22,7.589041,,4.143,1.29,,,20.0,16.4,54.4,60.3,-1.6,4.5,6.4,25.1,0.416,35.9,-43.0,3.76,13.4,30.07,0.0,11.1,14.9,13956.2,27.342494216479494,63.7,78.9,78.9,23.6,1.2,15.7,11.2,4.8,22.4,ROE 4y avg 20.0%; PE vs sector 0.22×; 3Y CAGR 21.5%; 1Y return 53.9%,Revenue CAGR -1.6%; Profit CAGR 4.5%; forward P/E 7.6 vs P/E 5.8,,,28,1.0,,1.0,0.96,0.96,,0.0,0.18,0.0,1.0,1.0,,1.0,0.93,0.99,1.0,1.0,0.42,0.36,0.55,1.0,0.84,0.45,0.8,1.0,0.93,1.0,1.0,1.0,0.9,1.0,,53.9,53.9,27.4,12.9,79.1,21.5,186.4,30.1,316.8,33.0,
NSE:HAL,Hindustan Aeronautics Limited,Capital Goods,Aerospace & Defense,Large,307703.0,4601.0,33.0,0.64,26.64076,,32.705,7.5,,,24.2,22.2,15.7,27.6,6.4,16.1,0.2,2099.8,0.499,33.4,-44.5,0.43,35.9,71.64,0.0,4.6,10.7,39707.8,33.84938896144407,62.9,78.7,78.7,22.0,11.9,9.6,12.0,4.5,18.7,ROE 4y avg 24.2%; Profit CAGR 16.1%; 3Y CAGR 33.0%; PE vs sector 0.64×,Revenue CAGR 6.4%; 1Y return -4.2%; EV/EBITDA 32.7×,,,28,1.0,,1.0,0.67,0.99,,0.34,0.91,0.99,0.95,0.53,,0.05,0.53,1.0,1.0,1.0,0.49,0.32,1.0,0.41,1.0,1.0,0.8,0.28,1.0,1.0,1.0,0.81,0.81,1.0,,-4.2,-4.2,4.0,2.0,135.1,33.0,301.6,41.6,587.7,47.1,
NSE:HINDZINC,Hindustan Zinc Limited,Metals & Mining,Other Industrial Metals & Mining,Large,234526.0,555.05,13.7,0.74,12.402908,,8.732,10.36,,,67.8,51.1,54.7,38.1,5.6,9.6,39.0,25.3,0.673,37.1,-48.0,3.78,27.2,60.71,-1.13,-5.4,24.3,27534.5,24.504706735388492,57.2,78.7,78.7,23.8,7.9,11.6,11.3,5.7,18.5,ROE 4y avg 67.8%; 3Y CAGR 21.9%; PE vs sector 0.74×; Operating margin 54.7%,Revenue CAGR 5.6%; P/B 10.4; Max drawdown 3y -48.0%,,,28,1.0,,1.0,1.0,0.95,,0.26,0.48,0.86,0.92,0.92,,0.9,0.16,0.92,1.0,0.96,0.39,0.21,1.0,1.0,1.0,1.0,0.57,0.73,0.94,0.64,1.0,0.49,1.0,1.0,,15.3,15.3,6.8,3.3,80.8,21.9,108.6,20.2,81.3,12.6,
NSE:OBEROIRLTY,Oberoi Realty Limited,Realty,Real Estate - Development,Mid,63798.0,1754.6,24.3,0.74,16.492826,,17.708,3.56,,,14.4,13.9,53.7,41.6,12.9,9.6,15.8,15.0,0.322,32.6,-38.9,0.46,11.1,67.7,0.0,4.4,11.7,8714.4,16.274419659001538,54.5,78.6,78.6,20.9,11.9,12.1,11.9,4.2,17.6,PE vs sector 0.74×; Operating margin 53.7%; Debt/Equity 15.8; 3Y CAGR 15.1%,,,,28,0.75,,0.93,1.0,0.91,,0.78,0.48,1.0,0.92,0.67,,0.54,0.73,0.97,1.0,1.0,0.51,0.47,0.83,0.42,0.78,1.0,0.8,0.6,0.8,0.73,0.88,0.8,0.83,1.0,,10.0,10.0,-7.1,-3.6,52.4,15.1,92.6,17.8,91.5,13.9,
NSE:LLOYDSME,Lloyds Metals And Energy Limited,Metals & Mining,Steel,Mid,100166.0,1780.0,20.8,1.12,12.390366,,14.722,7.22,,,18.6,-18.9,34.3,21.5,71.4,,145.2,11.7,0.077,39.4,-33.0,0.06,1.2,61.63,-2.1,11.7,16.2,8655.9,45.747232622436854,,78.5,78.5,17.9,17.0,8.6,8.8,3.3,22.9,Revenue CAGR 71.4%; ROE 4y avg 18.6%; 3Y CAGR 47.9%; 1Y return 43.8%,Debt/Equity 145.2; P/B 7.22; ROE worst year -18.9%,,,26,0.94,,0.0,0.85,0.78,,1.0,,1.0,0.58,0.76,,0.66,0.21,0.18,1.0,1.0,0.32,0.59,1.0,0.32,0.53,1.0,0.35,1.0,1.0,,1.0,1.0,0.92,1.0,,43.8,43.8,81.2,34.6,223.1,47.9,,,,,4Y n/a: listed/data from 2023-07-17; 5Y n/a: listed/data from 2023-07-17
NSE:SUNPHARMA,Sun Pharmaceutical Industries Limited,Healthcare,Drug Manufacturers - Specialty & Generic,Large,432120.0,1801.0,35.7,0.69,27.906345,1.04,24.334,5.17,,,14.8,13.7,23.2,20.2,10.4,10.6,5.5,45.6,0.121,20.0,-19.1,0.89,31.8,54.48,0.0,-0.3,12.0,35244.2,17.39767763255111,54.7,78.4,78.4,19.6,11.5,11.1,13.5,4.7,18.1,PE vs sector 0.69×; 3Y CAGR 16.4%; Debt/Equity 5.50; 5Y CAGR 16.9%,EV/EBITDA 24.3×,,,29,0.78,,0.91,0.78,0.86,,0.64,0.55,1.0,0.94,0.48,0.83,0.23,0.68,0.99,1.0,1.0,0.85,0.86,1.0,0.52,1.0,0.97,0.8,0.6,0.83,0.84,0.93,0.64,0.84,1.0,,10.1,10.1,-6.2,-3.1,57.8,16.4,90.7,17.5,117.9,16.9,
NSE:ENGINERSIN,Engineers India Limited,Construction,Engineering & Construction,Small,17536.0,312.0,22.4,0.92,22.127659,,21.362,5.59,,,20.3,17.7,14.2,20.2,5.7,25.9,0.5,423.8,0.939,43.2,-48.6,1.6,32.2,51.32,0.0,36.9,2.9,13975.2,30.68670154175146,58.6,78.4,78.4,21.9,10.6,8.9,10.3,5.1,21.7,ROE 4y avg 20.3%; Profit CAGR 25.9%; 3Y CAGR 29.1%; 1Y return 55.1%,Revenue CAGR 5.7%; P/B 5.59; EV/EBITDA 21.4×,,,28,1.0,,1.0,0.66,0.98,,0.27,1.0,0.57,0.78,0.72,,0.38,0.23,1.0,1.0,0.83,0.2,0.19,0.5,0.69,1.0,0.96,0.8,1.0,1.0,1.0,1.0,0.46,0.87,1.0,,55.1,55.1,49.3,22.2,115.0,29.1,388.7,48.8,299.9,32.0,
NSE:WELCORP,Welspun Corp Limited,Capital Goods,Steel,Mid,68038.0,2580.1,29.5,0.57,23.447195,,27.96,7.43,,,16.8,4.4,13.9,13.3,19.5,98.4,25.0,11.5,0.532,45.3,-25.3,0.19,11.4,49.73,-0.11,87.1,11.0,53116.8,90.47893944445345,61.8,78.3,78.3,16.1,15.2,10.2,11.7,4.0,21.1,Revenue CAGR 19.5%; ROE 4y avg 16.8%; 3Y CAGR 88.8%; PE vs sector 0.57×,EV/EBITDA 28.0×; ROE worst year 4.4%; Dividend yield 0.2%,,,28,0.87,,0.22,0.57,0.73,,0.99,0.75,1.0,0.98,0.58,,0.14,0.54,0.95,1.0,1.0,0.15,0.74,0.85,0.35,0.79,0.94,0.78,1.0,1.0,1.0,1.0,0.2,0.82,1.0,,204.6,204.9,252.4,87.8,571.0,88.8,920.7,78.9,1722.2,78.7,
NSE:SARDAEN,Sarda Energy & Minerals Limited,Metals & Mining,Steel,Small,17478.0,496.0,15.5,0.83,10.47961,,9.714,2.37,,,14.3,11.1,35.1,19.9,10.4,22.5,35.2,7.5,0.527,44.7,-29.5,0.4,4.7,73.16,0.0,-4.9,20.5,3795.0,30.95937205231667,53.1,78.2,78.2,18.7,14.4,12.6,10.7,3.9,17.9,Profit CAGR 22.5%; 3Y CAGR 30.7%; PE vs sector 0.83×; 5Y CAGR 48.0%,1Y return -10.2%; Dividend yield 0.4%; Volatility 44.7%,,,28,0.74,,0.71,0.9,0.75,,0.64,0.97,1.0,0.87,0.89,,0.86,0.53,0.93,0.93,1.0,0.16,0.66,0.5,0.4,0.62,1.0,0.8,0.18,1.0,1.0,1.0,0.5,1.0,1.0,,-10.2,-10.2,9.6,4.7,122.8,30.7,495.0,56.3,610.6,48.0,
NSE:IKS,Inventurus Knowledge Solutions Limited,Information Technology,Health Information Services,Small,29842.0,1778.9,39.7,1.5,25.770489,,25.929,10.63,,,30.4,25.8,29.2,22.8,45.8,33.2,26.9,13.9,,39.8,-40.6,,0.0,63.72,0.0,7.8,9.7,3295.4,,61.5,78.2,78.2,23.7,17.0,3.3,10.7,3.5,20.0,ROE 4y avg 30.4%; Revenue CAGR 45.8%; Profit CAGR 33.2%; Operating margin 29.2%,PE vs sector 1.50×; P/B 10.6; EV/EBITDA 25.9×,,,24,1.0,,1.0,0.97,0.97,,1.0,1.0,1.0,0.15,0.39,,0.18,0.16,0.95,1.0,,0.31,0.43,0.64,0.3,0.5,1.0,0.8,0.83,,,,0.92,0.8,1.0,,19.3,19.3,,,,,,,,,2Y n/a: listed/data from 2024-12-19; 3Y n/a: listed/data from 2024-12-19; 4Y n/a: listed/data from 2024-12-19; 5Y n/a: listed/data from 2024-12-19
NSE:VIJAYA,Vijaya Diagnostic Centre Limited,Healthcare,Diagnostics & Research,Small,14657.0,1423.0,78.4,1.51,51.801968,,39.964,15.29,,,17.4,15.5,31.8,21.9,21.0,26.9,44.2,8.4,0.357,41.5,-30.5,0.14,11.0,52.51,-0.12,18.6,10.7,2669.4,44.560699745187414,56.6,78.0,78.0,22.4,17.0,1.5,10.8,3.9,22.3,Revenue CAGR 21.0%; Profit CAGR 26.9%; ROE 4y avg 17.4%; 3Y CAGR 41.4%,PE vs sector 1.51×; P/B 15.3; P/E 78.4,,,28,0.9,,1.0,0.99,0.89,,1.0,1.0,1.0,0.15,0.0,,0.0,0.16,0.91,0.95,1.0,0.25,0.64,0.47,0.34,0.78,0.96,0.78,1.0,1.0,0.92,1.0,1.0,0.81,1.0,,42.3,42.3,49.9,22.4,182.5,41.4,229.6,34.8,159.0,21.0,
NSE:POLYCAB,Polycab India Limited,Capital Goods,Electrical Equipment & Parts,Large,120357.0,7990.0,42.2,0.81,31.463707,,26.771,9.95,1.5,25.5,20.9,19.1,12.7,9.2,26.6,28.1,1.7,19.5,0.635,33.5,-37.9,0.59,24.8,61.46,-1.55,-5.0,21.1,29437.2,16.200406641129472,58.6,77.8,77.8,18.0,17.0,8.2,12.3,4.4,18.0,ROE 4y avg 20.9%; Revenue CAGR 26.6%; Profit CAGR 28.1%; PE vs sector 0.81×,P/B 9.95; EV/EBITDA 26.8×; FCF yield 1.5%,,,30,1.0,1.0,1.0,0.5,0.48,0.4,1.0,1.0,1.0,0.89,0.33,,0.16,0.34,1.0,1.0,0.98,0.49,0.49,1.0,0.45,1.0,1.0,0.48,0.57,0.75,1.0,0.84,0.5,1.0,1.0,,8.7,8.7,9.1,4.4,48.7,14.2,214.2,33.2,240.5,27.8,
NSE:CUB,City Union Bank Limited,Financial Services,Banks - Regional,Small,22788.0,230.0,16.3,0.78,11.88278,,,2.16,,,12.3,11.9,51.0,37.8,9.1,12.3,,,0.357,33.9,-23.3,0.87,10.6,0.0,0.0,10.9,7.6,6976.3,33.71902214419513,59.6,77.7,77.7,16.4,11.9,14.4,9.9,3.7,21.4,3Y CAGR 34.5%; PE vs sector 0.78×; 1Y return 44.7%; forward P/E 11.9 vs P/E 16.3,,,widely held (no promoter) - promoter checks not applicable,22,0.58,,0.79,,0.8,,0.56,0.68,1.0,0.91,0.87,,,0.92,,,1.0,0.48,0.78,0.56,0.52,0.77,,,1.0,1.0,0.74,1.0,1.0,0.82,1.0,,44.7,44.7,87.1,36.8,143.0,34.5,81.5,16.1,93.3,14.1,
NSE:LUPIN,Lupin Limited,Healthcare,Drug Manufacturers - Specialty & Generic,Mid,92885.0,2031.2,16.8,0.32,19.88081,,10.603,4.14,,,14.9,3.5,25.4,18.5,19.1,131.5,29.4,17.7,0.163,26.2,-22.2,0.89,9.9,46.85,-0.05,-10.3,19.7,17673.5,21.39574001175102,59.6,77.6,77.6,17.2,11.9,14.2,12.9,4.2,17.2,Revenue CAGR 19.1%; PE vs sector 0.32×; 3Y CAGR 20.1%; Debt/Equity 29.4,forward P/E 19.9 vs P/E 16.8; ROE worst year 3.5%; Price vs 200-DMA -10.3%,,,28,0.79,,0.18,0.84,0.82,,0.98,0.75,0.03,1.0,0.85,,0.83,0.8,0.94,1.0,1.0,0.68,0.81,0.97,0.52,0.75,0.87,0.79,0.41,0.9,0.82,1.0,0.34,0.99,1.0,,2.5,2.5,-7.4,-3.8,73.0,20.1,181.3,29.6,110.2,16.0,
NSE:HUDCO,Housing & Urban Development Corporation Limited,Financial Services,Credit Services,Small,32335.0,161.52,7.6,0.36,6.73,,,1.47,,,14.3,11.0,90.6,90.7,10.0,33.3,645.8,,0.818,44.4,-50.8,3.71,26.4,75.0,0.0,-17.6,34.6,3398.7,34.40524828333751,60.4,77.5,77.5,19.2,14.0,16.0,6.5,5.8,15.9,Profit CAGR 33.3%; PE vs sector 0.36×; 3Y CAGR 21.4%; 5Y CAGR 29.3%,1Y return -30.5%; Price vs 200-DMA -17.6%; Max drawdown 3y -50.8%,,,24,0.74,,0.7,,0.98,,0.61,1.0,0.89,1.0,1.0,,,1.0,,,0.89,0.17,0.14,0.67,1.0,1.0,1.0,0.8,0.02,0.93,1.0,1.0,0.11,1.0,1.0,,-30.5,-30.5,-31.5,-17.3,78.8,21.4,354.4,46.1,261.8,29.3,
NSE:J&KBANK,The Jammu & Kashmir Bank Limited,Financial Services,Banks - Regional,Small,15417.0,140.0,6.7,0.32,5.5555553,,,0.91,,14.6,13.9,11.9,38.0,34.2,8.2,26.0,,,0.46,43.9,-38.9,1.43,10.3,59.4,0.0,3.9,30.6,5895.2,11.064054147667225,61.8,77.3,77.3,17.9,13.5,15.3,7.5,4.7,18.4,Profit CAGR 26.0%; PE vs sector 0.32×; 5Y CAGR 29.8%; 1Y return 34.4%,Volatility 43.9%,,,25,0.71,0.77,0.79,,0.76,,0.51,1.0,0.96,1.0,1.0,,,0.85,,,1.0,0.18,0.47,0.48,0.65,0.76,1.0,0.8,0.99,0.46,1.0,0.56,0.79,1.0,1.0,,34.4,34.4,32.7,15.2,30.3,9.2,404.4,49.9,268.9,29.8,
NSE:BLS,BLS International Services Limited,Consumer Services,Specialty Business Services,Micro,8924.0,216.85,12.7,0.23,10.086047,,9.334,3.62,,,27.0,25.0,24.8,22.2,25.5,50.7,15.5,35.3,-0.213,47.5,-56.6,1.15,17.5,70.39,0.0,-17.6,39.6,4230.2,-8.264147731568972,,77.3,77.3,22.4,17.0,14.6,9.7,4.8,8.7,ROE 4y avg 27.0%; Revenue CAGR 25.5%; Profit CAGR 50.7%; PE vs sector 0.23×,3Y CAGR -4.6%; 1Y return -34.6%; Beat Nifty 500 (3Y) -4.6%,,,28,1.0,,1.0,0.84,0.88,,1.0,1.0,1.0,1.0,0.93,,0.87,0.78,0.97,1.0,1.0,0.12,0.05,0.31,0.58,0.94,1.0,0.8,0.0,0.08,1.0,0.0,0.11,1.0,1.0,,-34.6,-34.6,-42.3,-24.0,-13.2,-4.6,54.5,11.5,241.8,27.9,
NSE:FORCEMOT,FORCE MOTORS LTD,Automobile and Auto Components,Auto Manufacturers,Small,22136.0,16800.0,17.7,0.5,,,14.455,5.37,,,19.9,7.1,10.3,13.6,21.7,108.5,,493.1,0.647,50.4,-37.4,0.3,4.2,61.63,0.0,-14.7,36.5,13683.3,85.25652263915342,,77.2,77.2,18.0,14.9,12.8,9.6,3.9,18.0,Revenue CAGR 21.7%; ROE 4y avg 19.9%; PE vs sector 0.50×; 3Y CAGR 63.6%,1Y return -0.3%; ROE worst year 7.1%; Dividend yield 0.3%,,,26,1.0,,0.35,0.51,0.86,,1.0,0.75,,1.0,0.83,,0.67,0.58,,1.0,0.98,0.1,0.5,0.55,0.38,0.6,1.0,0.8,0.34,1.0,1.0,1.0,0.16,1.0,1.0,,-0.3,-0.3,120.3,48.5,336.9,63.6,1282.2,93.0,1054.0,63.1,
NSE:ABSLAMC,Aditya Birla Sun Life AMC Limited,Financial Services,Asset Management,Small,28269.0,976.9,28.1,1.34,22.498693,,18.783,6.98,,,24.4,23.7,65.1,47.6,14.6,17.8,1.6,253.6,0.364,31.3,-33.1,2.57,69.0,74.71,-0.17,-1.1,20.2,2458.7,36.4767008406613,62.6,77.1,77.1,23.1,15.7,4.7,9.7,5.3,18.6,ROE 4y avg 24.4%; Profit CAGR 17.8%; Revenue CAGR 14.6%; 3Y CAGR 31.4%,P/B 6.98; PE vs sector 1.34×; 5Y CAGR 7.3%,,,24,1.0,,1.0,,0.86,,0.88,0.93,1.0,0.34,0.6,,,0.0,,,1.0,0.55,0.59,0.62,0.9,0.82,1.0,0.77,0.89,1.0,0.38,1.0,0.62,1.0,1.0,,24.0,24.0,32.2,15.0,126.4,31.4,119.1,21.7,41.8,7.3,
NSE:SOLARINDS,Solar Industries India Limited,Chemicals,Specialty Chemicals,Large,175551.0,19400.0,88.5,2.42,55.25453,,57.303,27.97,,,27.1,25.3,25.5,17.5,12.4,30.4,23.3,18.7,0.245,36.5,-33.1,0.06,4.5,73.15,0.0,18.5,14.5,34748.5,62.487178475566154,63.1,77.1,77.1,22.8,15.3,0.3,12.1,3.7,22.8,ROE 4y avg 27.1%; Profit CAGR 30.4%; 3Y CAGR 57.5%; 1Y return 45.1%,PE vs sector 2.42×; P/B 28.0; P/E 88.5,,,28,1.0,,1.0,0.92,0.85,,0.75,1.0,1.0,0.0,0.0,,0.0,0.08,0.95,1.0,1.0,0.41,0.59,1.0,0.32,0.61,1.0,0.8,1.0,1.0,1.0,1.0,1.0,0.89,1.0,,45.1,45.1,68.1,29.7,290.0,57.5,388.4,48.7,795.3,55.0,
NSE:CCL,CCL Products (India) Limited,Fast Moving Consumer Goods,Packaged Foods,Small,14074.0,1055.5,32.6,0.78,22.242334,,19.35,6.0,,,16.6,14.9,13.1,9.4,29.1,11.0,56.5,4.8,0.033,34.4,-33.6,0.54,23.9,46.14,0.05,-2.1,15.0,1777.1,17.131029088175588,55.5,77.0,77.0,17.1,14.1,10.9,10.3,4.4,20.2,Revenue CAGR 29.1%; ROE 4y avg 16.6%; PE vs sector 0.78×; 3Y CAGR 17.0%,,,,28,0.86,,0.99,0.48,0.49,,1.0,0.58,1.0,0.91,0.54,,0.48,0.61,0.85,0.81,1.0,0.47,0.58,0.46,0.44,1.0,0.85,0.81,0.89,0.84,0.95,0.95,0.59,0.9,1.0,,23.8,23.8,51.8,23.2,59.9,17.0,108.7,20.2,175.6,22.5,
NSE:NAM-INDIA,Nippon Life India Asset Management Limited,Financial Services,Asset Management,Mid,66948.0,1046.0,41.5,1.98,31.265629,,29.422,14.33,,,27.9,20.6,71.1,52.5,26.1,28.3,1.6,282.7,0.63,36.3,-36.3,2.06,85.2,71.8,-0.45,1.1,17.6,11171.4,49.64359830064937,65.2,76.8,76.8,23.3,17.0,1.3,9.7,4.6,20.9,ROE 4y avg 27.9%; Revenue CAGR 26.1%; Profit CAGR 28.3%; 3Y CAGR 46.2%,PE vs sector 1.98×; P/B 14.3; P/E 41.5,,,24,1.0,,1.0,,0.9,,1.0,1.0,1.0,0.01,0.35,,,0.0,,,0.98,0.41,0.52,0.85,0.79,0.5,1.0,0.71,0.83,1.0,0.88,1.0,0.69,0.95,1.0,,19.4,19.4,52.6,23.6,212.1,46.2,291.0,40.7,137.4,18.9,
NSE:COALINDIA,Coal India Limited,Oil Gas & Consumable Fuels,Thermal Coal,Large,259081.0,420.4,8.3,0.73,7.418175,0.87,5.325,2.18,,,39.3,26.1,21.1,18.1,9.3,-0.7,11.6,49.9,-0.047,28.2,-30.8,5.0,52.2,61.13,-2.0,-3.5,14.4,33240.3,23.200896715798503,60.5,76.8,76.8,22.1,6.9,13.1,12.7,5.5,16.5,ROE 4y avg 39.3%; PE vs sector 0.73×; Debt/Equity 11.6; 5Y CAGR 17.4%,Profit CAGR -0.7%; P/B 2.18; Promoter change 1y -2.0 pts,,,29,1.0,,1.0,0.78,0.89,,0.57,0.0,0.87,0.92,1.0,0.89,1.0,0.32,0.98,1.0,1.0,0.63,0.63,1.0,1.0,1.0,1.0,0.38,0.55,0.67,0.85,0.79,0.55,0.89,1.0,,8.2,8.2,-17.3,-9.1,44.0,13.0,95.6,18.3,122.8,17.4,
NSE:M&M,Mahindra & Mahindra Limited,Automobile and Auto Components,Auto Manufacturers,Large,343418.0,2860.0,17.4,0.49,18.154314,1.26,10.554,3.43,,,17.6,16.8,17.0,8.6,17.5,18.5,125.3,3.7,0.28,28.0,-24.0,1.15,20.1,18.45,0.01,-12.2,25.5,63313.5,23.288677933039192,54.4,76.7,76.7,20.0,13.9,13.6,9.0,3.5,16.7,Revenue CAGR 17.5%; Profit CAGR 18.5%; ROE 4y avg 17.6%; PE vs sector 0.49×,1Y return -17.4%; Debt/Equity 125.3; forward P/E 18.2 vs P/E 17.4,,,29,0.9,,1.0,0.8,0.6,,0.95,0.94,0.33,1.0,0.84,0.73,0.83,0.78,0.32,0.61,1.0,0.64,0.77,1.0,0.58,1.0,0.07,0.8,0.09,0.96,1.0,1.0,0.26,1.0,1.0,,-17.4,-17.4,-9.7,-5.0,86.0,23.0,128.6,23.0,245.5,28.1,
NSE:HINDCOPPER,Hindustan Copper Limited,Metals & Mining,Copper,Mid,44870.0,464.0,39.5,2.12,22.415459,,25.082,13.44,,,18.0,12.9,48.9,32.5,22.5,45.9,3.3,4111.4,1.512,48.1,-52.8,0.93,20.9,66.14,0.0,-12.9,39.0,44568.9,42.7680396740091,62.6,76.5,76.5,22.0,17.0,2.0,9.3,4.8,21.5,Revenue CAGR 22.5%; Profit CAGR 45.9%; ROE 4y avg 18.0%; 3Y CAGR 42.2%,PE vs sector 2.12×; P/B 13.4; EV/EBITDA 25.1×,,,28,0.92,,0.86,0.98,0.88,,1.0,1.0,1.0,0.0,0.4,,0.2,0.05,0.99,1.0,0.2,0.12,0.11,0.75,0.53,1.0,1.0,0.8,1.0,1.0,1.0,1.0,0.23,1.0,1.0,,37.8,37.9,32.4,15.1,187.2,42.2,341.8,45.1,320.7,33.3,
NSE:GROWW,Billionbrains Garage Ventures Limited,Financial Services,Capital Markets,Large,111634.0,180.3,45.8,2.18,28.602976,,,11.55,,,21.6,21.6,64.4,45.4,,,3.0,65.8,,,,,0.0,27.14,-0.67,-2.4,20.6,65613.3,,39.7,76.5,76.5,23.0,17.0,0.9,14.0,2.4,19.1,ROE 4y avg 21.6%; forward P/E 28.6 vs P/E 45.8; Net margin 45.4%; ROE worst year 21.6%,PE vs sector 2.18×; P/B 11.6; P/E 45.8,,,15,1.0,,1.0,,0.85,,,,1.0,0.0,0.25,,,0.0,,,,,,1.0,0.3,0.5,0.31,0.67,,,,,0.58,1.0,1.0,,,,,,,,,,,,1Y n/a: listed/data from 2025-11-12; 2Y n/a: listed/data from 2025-11-12; 3Y n/a: listed/data from 2025-11-12; 4Y n/a: listed/data from 2025-11-12; 5Y n/a: listed/data from 2025-11-12
NSE:ANANDRATHI,Anand Rathi Wealth Limited,Financial Services,Asset Management,Mid,35159.0,2117.5,76.9,3.66,62.917847,,53.895,35.22,,,38.7,34.7,48.5,33.2,27.9,33.0,8.2,34.9,0.337,29.1,-26.9,0.33,23.6,41.37,-1.35,16.8,6.7,6361.9,82.90552221566196,60.2,76.5,76.5,22.4,16.9,0.0,10.6,3.9,22.7,ROE 4y avg 38.7%; Revenue CAGR 27.9%; Profit CAGR 33.0%; 3Y CAGR 69.8%,PE vs sector 3.66×; P/B 35.2; P/E 76.9,,,23,1.0,,1.0,,0.76,,1.0,1.0,0.98,0.0,0.0,,,0.0,,,1.0,0.61,0.71,0.7,0.38,1.0,0.73,0.52,1.0,1.0,,1.0,1.0,0.83,1.0,,46.7,46.7,118.1,47.7,387.9,69.8,1185.0,89.5,,,5Y n/a: listed/data from 2021-12-14
NSE:TORNTPHARM,Torrent Pharmaceuticals Limited,Healthcare,Drug Manufacturers - Specialty & Generic,Large,181333.0,4767.3,76.3,1.47,51.178196,,38.061,19.23,,,23.8,20.1,21.8,13.9,13.3,20.2,85.4,8.5,0.137,23.7,-17.0,0.8,60.7,68.31,0.0,6.8,9.2,25738.6,38.678032640012795,62.5,76.5,76.5,20.9,15.3,1.5,11.7,4.7,22.4,ROE 4y avg 23.8%; Profit CAGR 20.2%; Revenue CAGR 13.3%; 3Y CAGR 36.4%,PE vs sector 1.47×; P/B 19.2; P/E 76.3,,,28,1.0,,1.0,0.76,0.66,,0.8,0.95,1.0,0.19,0.0,,0.0,0.09,0.62,0.95,1.0,0.75,0.9,1.0,0.5,0.99,1.0,0.8,0.99,1.0,1.0,1.0,0.89,0.81,1.0,,33.6,33.7,41.5,19.0,153.5,36.4,201.9,31.9,209.5,25.4,
NSE:PNBHOUSING,PNB Housing Finance Limited,Financial Services,Mortgage Finance,Small,28480.0,1092.0,12.6,0.6,10.411025,,,1.48,,,10.7,9.5,75.2,61.4,12.5,29.9,287.7,,0.308,42.2,-33.6,0.73,5.6,28.03,-0.05,10.3,9.9,10707.5,15.028348398847523,55.7,76.2,76.2,14.4,15.2,15.5,8.5,3.2,19.3,Profit CAGR 29.9%; PE vs sector 0.60×; 1Y return 23.8%; 5Y CAGR 15.8%,Volatility 42.2%; Promoter holding 28.0%,,,24,0.46,,0.55,,0.93,,0.76,1.0,0.96,0.97,0.93,,,1.0,,,1.0,0.23,0.58,0.63,0.48,0.64,0.35,0.79,0.89,0.72,0.82,0.82,1.0,0.85,1.0,,23.8,23.8,12.4,6.0,47.1,13.8,237.1,35.6,108.2,15.8,
NSE:LTFOODS,LT Foods Limited,Fast Moving Consumer Goods,Packaged Foods,Small,13869.0,399.4,21.7,0.52,13.203305,,11.663,7.78,,,15.4,13.8,9.2,5.5,16.5,15.8,35.6,8.1,0.366,43.3,-33.5,1.0,16.3,51.01,0.01,-0.1,18.6,5157.9,34.75492803494329,54.8,76.1,76.1,14.1,15.9,12.4,10.6,4.6,18.5,Revenue CAGR 16.5%; Profit CAGR 15.8%; ROE 4y avg 15.4%; 3Y CAGR 33.7%,Operating margin 9.2%; 1Y return -0.5%; Net margin 5.5%,,,28,0.82,,0.92,0.32,0.22,,0.93,0.91,1.0,0.99,0.73,,0.78,0.46,0.93,0.94,1.0,0.2,0.58,0.46,0.55,0.91,0.96,0.8,0.34,1.0,1.0,1.0,0.65,0.63,1.0,,-0.5,-0.5,0.0,0.0,138.6,33.7,242.0,36.1,455.5,40.9,
NSE:AUROPHARMA,Aurobindo Pharma Limited,Healthcare,Drug Manufacturers - Specialty & Generic,Mid,96479.0,1676.8,26.2,0.5,17.963213,,13.512,2.57,,,9.4,7.2,15.2,10.6,10.7,22.1,21.3,15.5,0.033,29.3,-34.6,0.24,6.2,51.88,0.06,17.8,3.6,14898.5,23.266744348172665,53.1,76.1,76.1,9.5,14.5,13.8,12.4,3.8,22.0,Profit CAGR 22.1%; PE vs sector 0.50×; 3Y CAGR 22.7%; 1Y return 54.4%,ROE 4y avg 9.4%; Dividend yield 0.2%; ROE worst year 7.2%,,,28,0.34,,0.36,0.45,0.48,,0.65,0.97,1.0,1.0,0.63,,0.71,0.95,0.96,1.0,1.0,0.6,0.56,0.98,0.36,0.66,0.96,0.81,1.0,0.95,0.87,1.0,1.0,0.95,1.0,,54.4,54.4,16.6,8.0,84.5,22.7,213.3,33.1,133.8,18.5,
NSE:RECLTD,REC Limited,Financial Services,Credit Services,Mid,75771.0,287.75,4.7,0.22,4.32035,,,0.9,,,19.8,19.2,96.9,68.9,14.4,13.5,607.5,,0.318,36.0,-50.7,2.15,32.2,52.63,0.0,-17.1,25.9,16721.2,10.000000000000009,62.1,75.8,75.8,23.7,14.1,15.2,8.6,5.4,9.0,ROE 4y avg 19.8%; Revenue CAGR 14.4%; PE vs sector 0.22×; 5Y CAGR 19.7%,3Y CAGR -0.5%; 1Y return -23.8%; Beat Nifty 500 (3Y) -0.5%,,,24,0.99,,1.0,,0.97,,0.87,0.78,0.84,1.0,1.0,,,0.83,,,1.0,0.42,0.14,0.89,0.81,1.0,0.96,0.8,0.06,0.14,0.89,0.07,0.12,1.0,1.0,,-23.8,-23.8,-48.3,-28.1,-1.4,-0.5,213.5,33.1,145.8,19.7,
NSE:GLAXO,GlaxoSmithKline Pharmaceuticals Limited,Healthcare,Drug Manufacturers - General,Mid,46756.0,2760.0,43.7,0.84,34.859486,,33.247,20.62,,,40.4,33.2,29.8,27.0,5.7,19.3,1.5,515.6,0.079,30.0,-37.8,2.06,90.4,75.0,0.0,10.2,11.6,3059.2,23.921386174908598,65.3,75.8,75.8,23.5,11.6,6.3,12.1,4.5,17.8,ROE 4y avg 40.4%; Profit CAGR 19.3%; 3Y CAGR 20.9%; PE vs sector 0.84×,Revenue CAGR 5.7%; P/B 20.6; EV/EBITDA 33.2×,,,28,1.0,,1.0,0.94,0.97,,0.27,0.94,1.0,0.86,0.3,,0.04,0.05,1.0,1.0,1.0,0.58,0.49,0.75,0.79,0.39,1.0,0.8,0.42,0.92,0.7,1.0,1.0,0.83,1.0,,2.7,2.7,1.3,0.7,76.5,20.9,95.8,18.3,88.6,13.5,
NSE:IPCALAB,IPCA Laboratories Limited,Healthcare,Drug Manufacturers - Specialty & Generic,Mid,49345.0,1945.0,37.6,0.72,27.663897,,22.336,6.12,,,10.4,8.1,20.0,12.9,15.5,34.3,8.5,21.8,0.055,28.2,-27.2,0.31,3.9,44.72,0.0,18.9,4.6,7656.1,30.23625676689217,55.8,75.7,75.7,12.7,16.4,10.2,12.5,3.6,20.4,Profit CAGR 34.3%; Revenue CAGR 15.5%; 3Y CAGR 27.6%; PE vs sector 0.72×,EV/EBITDA 22.3×; Dividend yield 0.3%,,,28,0.43,,0.41,0.69,0.61,,0.91,1.0,1.0,0.93,0.44,,0.33,0.59,0.98,1.0,1.0,0.63,0.71,0.77,0.38,0.6,0.82,0.8,1.0,1.0,0.49,1.0,1.0,0.93,1.0,,46.4,46.4,30.3,14.2,107.7,27.6,107.9,20.1,60.4,9.9,
NSE:GVT&D,GE Vernova T&D India Limited,Capital Goods,Specialty Industrial Machinery,Large,108902.0,4253.2,83.3,1.6,52.98825,,61.047,40.48,,,23.6,-0.1,24.4,19.4,31.1,,0.9,112.8,0.62,45.6,-39.9,0.24,9.8,51.0,0.0,3.5,24.7,38844.0,128.11951259709738,57.8,75.4,75.4,19.4,17.0,0.8,11.7,4.0,22.5,ROE 4y avg 23.6%; Revenue CAGR 31.1%; 3Y CAGR 115.6%; 1Y return 38.4%,PE vs sector 1.60×; P/B 40.5; ROE worst year -0.1%,,,27,1.0,,0.0,0.92,0.9,,1.0,,1.0,0.12,0.0,,0.0,0.01,1.0,1.0,0.99,0.14,0.45,1.0,0.36,0.74,0.95,0.8,1.0,1.0,1.0,1.0,0.77,1.0,1.0,,38.4,38.4,152.3,58.9,898.9,115.6,3377.7,143.1,3238.5,101.7,
NSE:ADANIPOWER,Adani Power Limited,Power,Utilities - Independent Power Producers,Large,378385.0,196.21,26.5,0.98,24.734234,,19.651,5.83,,,31.7,19.8,35.9,24.1,12.5,6.2,82.3,6.2,0.455,49.2,-50.0,,0.0,74.96,0.0,3.8,22.8,43103.8,37.52451353579682,58.3,75.4,75.4,22.3,9.8,8.2,9.3,3.5,22.3,ROE 4y avg 31.7%; 3Y CAGR 38.9%; 5Y CAGR 58.9%; 1Y return 28.7%,Profit CAGR 6.2%; P/B 5.83; Dividend yield,,,28,1.0,,1.0,0.76,0.94,,0.76,0.27,0.82,0.72,0.63,,0.46,0.16,0.64,0.89,1.0,0.11,0.15,1.0,0.3,0.5,1.0,0.8,0.94,1.0,1.0,1.0,0.78,1.0,1.0,,28.7,28.7,50.2,22.6,167.5,38.9,176.5,29.0,911.9,58.9,
NSE:GRSE,Garden Reach Shipbuilders & Engineers Limited,Capital Goods,Aerospace & Defense,Small,24205.0,2113.0,30.2,0.58,23.786118,,24.994,9.22,,,22.8,16.1,7.5,10.7,40.0,48.6,1.4,63.3,0.676,56.3,-54.9,0.93,25.5,74.5,0.0,-16.9,36.7,8566.1,39.86381314361736,63.2,75.4,75.4,17.1,17.0,9.7,10.1,4.8,16.6,ROE 4y avg 22.8%; Revenue CAGR 40.0%; Profit CAGR 48.6%; 3Y CAGR 36.6%,1Y return -20.2%; Operating margin 7.5%; P/B 9.22,,,28,1.0,,1.0,0.2,0.57,,1.0,1.0,1.0,0.97,0.57,,0.2,0.4,1.0,1.0,0.96,0.04,0.08,0.58,0.53,1.0,1.0,0.8,0.07,1.0,1.0,1.0,0.12,1.0,1.0,,-20.2,-20.2,23.6,11.2,154.3,36.6,494.3,56.2,1029.8,62.4,
NSE:NAVINFLUOR,Navin Fluorine International Limited,Chemicals,Chemicals,Mid,41755.0,8138.0,52.6,1.44,40.459194,,33.938,10.49,,,14.1,11.0,30.2,21.7,16.5,20.9,32.1,8.4,0.259,32.3,-35.5,0.19,9.8,27.08,-0.93,15.6,9.1,16066.1,22.427417783187863,52.1,75.2,75.2,20.1,16.2,2.5,11.6,2.8,21.9,Profit CAGR 20.9%; Revenue CAGR 16.5%; 3Y CAGR 28.7%; Operating margin 30.2%,PE vs sector 1.44×; P/B 10.5; EV/EBITDA 33.9×,,,28,0.73,,0.7,1.0,0.96,,0.93,0.96,1.0,0.22,0.13,,0.02,0.19,0.94,0.95,1.0,0.52,0.54,0.73,0.35,0.74,0.3,0.61,1.0,1.0,0.84,1.0,1.0,0.81,1.0,,75.7,75.8,125.9,50.3,113.0,28.7,81.9,16.2,118.6,16.9,
NSE:COFORGE,Coforge Limited,Information Technology,Information Technology Services,Mid,80899.0,1826.0,37.5,1.42,25.566042,,21.268,6.43,,,18.5,12.7,16.0,9.6,26.9,30.9,7.5,13.2,0.314,36.6,-45.6,0.88,24.6,0.0,0.0,21.7,9.7,49970.0,19.930515328992104,56.7,75.0,75.0,18.3,17.0,5.2,11.6,4.3,18.5,Revenue CAGR 26.9%; Profit CAGR 30.9%; ROE 4y avg 18.5%; 3Y CAGR 21.4%,PE vs sector 1.42×; P/B 6.43; EV/EBITDA 21.3×,,widely held (no promoter) - promoter checks not applicable,26,0.94,,0.85,0.66,0.47,,1.0,1.0,1.0,0.24,0.44,,0.39,0.32,0.98,1.0,1.0,0.4,0.28,0.91,0.52,1.0,,,0.7,0.93,0.58,1.0,0.93,0.8,1.0,,14.1,14.1,28.1,13.2,78.8,21.4,174.3,28.7,72.9,11.6,
NSE:ANTHEM,Anthem Biosciences Limited,Healthcare,Biotechnology,Mid,48223.0,858.5,85.0,1.63,56.796494,,58.483,15.85,,,19.8,18.7,28.8,28.7,26.2,15.4,1.8,127.0,,30.5,-31.5,0.23,19.8,71.42,-3.27,14.3,12.2,7166.7,,58.7,74.9,74.9,23.3,16.3,1.2,12.0,3.9,18.1,Revenue CAGR 26.2%; ROE 4y avg 19.8%; Profit CAGR 15.4%; Debt/Equity 1.80,PE vs sector 1.63×; P/B 15.8; P/E 85.0,,,24,0.99,,1.0,0.92,0.98,,1.0,0.9,1.0,0.11,0.0,,0.0,0.13,1.0,1.0,,0.57,0.62,0.76,0.36,0.99,1.0,0.13,0.62,,,,1.0,0.84,1.0,,11.0,11.0,,,,,,,,,2Y n/a: listed/data from 2025-07-21; 3Y n/a: listed/data from 2025-07-21; 4Y n/a: listed/data from 2025-07-21; 5Y n/a: listed/data from 2025-07-21
NSE:MOTILALOFS,Motilal Oswal Financial Services Limited,Financial Services,Capital Markets,Mid,59689.0,989.9,30.7,1.46,16.773624,,,4.62,,,20.0,14.5,51.3,23.0,29.1,26.1,165.8,2.9,0.362,53.9,-75.8,1.11,18.6,67.2,-0.6,15.9,9.8,11456.7,4.981100150790518,58.4,74.6,74.6,21.5,17.0,4.0,6.6,4.8,20.7,ROE 4y avg 20.0%; Revenue CAGR 29.1%; Profit CAGR 26.1%; 3Y CAGR 63.0%,PE vs sector 1.46×; P/B 4.62; Max drawdown 3y -75.8%,,,24,1.0,,0.97,,0.64,,1.0,1.0,1.0,0.2,0.56,,,0.1,,,1.0,0.06,0.0,0.81,0.57,0.97,1.0,0.68,0.6,1.0,1.0,1.0,1.0,0.8,1.0,,10.0,10.0,33.3,15.5,331.7,63.0,439.7,52.5,354.0,35.3,
NSE:CHOLAFIN,Cholamandalam Investment and Finance Company Limited,Financial Services,Credit Services,Large,135487.0,1580.0,23.4,1.11,16.09232,,,4.42,,,17.8,17.2,56.6,40.5,32.8,25.2,695.3,,0.473,33.5,-28.7,0.13,3.0,49.22,-0.68,-5.9,19.1,22487.4,9.501879967445293,55.4,74.5,74.5,21.7,17.0,7.5,11.1,3.5,13.7,Revenue CAGR 32.8%; Profit CAGR 25.2%; ROE 4y avg 17.8%; 5Y CAGR 23.1%,3Y CAGR 8.0%; P/B 4.42; 1Y return -1.6%,,,24,0.91,,1.0,,0.82,,1.0,1.0,1.0,0.59,0.69,,,0.12,,,1.0,0.49,0.68,1.0,0.33,0.57,0.93,0.66,0.32,0.4,0.96,0.49,0.47,0.98,1.0,,-1.6,-1.6,-0.1,-0.1,26.0,8.0,125.9,22.6,182.8,23.1,
NSE:LALPATHLAB,Dr. Lal Path Labs Ltd.,Healthcare,Diagnostics & Research,Small,33312.0,1995.0,61.4,1.18,45.712708,,40.993,13.28,,,19.1,14.3,25.5,18.7,11.1,28.3,7.8,30.3,0.188,31.5,-35.7,1.0,43.2,53.19,-0.02,24.9,2.1,7273.4,21.237200618665696,59.3,74.5,74.5,21.8,14.8,4.2,11.9,4.8,16.9,Profit CAGR 28.3%; ROE 4y avg 19.1%; 3Y CAGR 16.8%; Debt/Equity 7.80,5Y CAGR 1.6%; P/B 13.3; EV/EBITDA 41.0×,,,28,0.96,,0.95,0.86,0.83,,0.68,1.0,1.0,0.52,0.06,,0.0,0.23,0.98,1.0,1.0,0.54,0.54,0.68,0.55,1.0,0.97,0.8,0.92,0.84,0.2,0.94,0.8,0.88,1.0,,26.6,26.6,17.4,8.4,59.3,16.8,67.7,13.8,8.2,1.6,
NSE:INOXINDIA,INOX India Limited,Capital Goods,Specialty Industrial Machinery,Small,19604.0,2156.1,77.1,1.48,47.007996,,58.952,17.51,,,26.8,23.1,17.9,15.7,18.2,18.6,7.3,48.1,0.527,39.2,-39.0,0.09,7.1,74.86,-0.14,37.5,7.8,7787.4,,57.5,74.4,74.4,21.7,16.3,1.6,11.2,3.8,19.9,ROE 4y avg 26.8%; Revenue CAGR 18.2%; Profit CAGR 18.6%; 1Y return 86.9%,PE vs sector 1.48×; P/B 17.5; P/E 77.1,,,25,1.0,,1.0,0.75,0.83,,0.96,0.94,1.0,0.17,0.0,,0.0,0.13,0.99,1.0,1.0,0.32,0.47,0.53,0.32,0.68,1.0,0.77,1.0,,,,0.45,0.82,1.0,,86.9,87.0,84.7,35.9,,,,,,,3Y n/a: listed/data from 2023-12-21; 4Y n/a: listed/data from 2023-12-21; 5Y n/a: listed/data from 2023-12-21
NSE:THANGAMAYL,Thangamayil Jewellery Limited,Consumer Durables,Luxury Goods,Small,15137.0,4870.0,38.7,0.8,26.719093,,26.199,10.69,,,20.3,10.8,4.9,4.1,39.2,64.0,64.5,8.9,0.564,47.4,-40.2,0.37,9.9,61.61,0.08,7.5,34.5,9431.1,58.72687575220523,65.5,74.3,74.3,14.7,15.3,8.4,9.8,4.1,22.0,ROE 4y avg 20.3%; Revenue CAGR 39.2%; 3Y CAGR 57.5%; PE vs sector 0.80×,Operating margin 4.9%; P/B 10.7; Net margin 4.1%,,,28,1.0,,0.68,0.14,0.38,,1.0,0.75,1.0,0.9,0.41,,0.18,0.31,0.78,0.97,1.0,0.13,0.44,0.47,0.39,0.75,1.0,0.82,1.0,1.0,1.0,1.0,0.91,0.42,1.0,,139.6,139.8,96.7,40.3,290.0,57.5,683.9,67.4,750.3,53.4,
NSE:DATAPATTNS,Data Patterns (India) Limited,Capital Goods,Aerospace & Defense,Small,23782.0,4248.0,88.4,1.7,52.468613,,62.591,13.7,,,13.7,10.6,21.9,28.5,26.8,29.8,0.3,686.9,0.538,50.1,-58.4,0.24,16.5,42.41,0.0,12.5,15.0,35237.3,26.82651410769994,51.8,74.3,74.3,19.1,17.0,1.3,10.2,3.9,22.8,Revenue CAGR 26.8%; Profit CAGR 29.8%; 3Y CAGR 26.0%; 1Y return 61.6%,PE vs sector 1.70×; P/B 13.7; P/E 88.4,,,27,0.7,,0.66,0.87,1.0,,1.0,1.0,1.0,0.09,0.0,,0.0,0.19,1.0,1.0,1.0,0.1,0.02,0.57,0.36,0.91,0.76,0.8,1.0,1.0,,1.0,1.0,0.9,1.0,,61.6,61.6,84.7,35.9,100.0,26.0,291.8,40.8,,,5Y n/a: listed/data from 2021-12-24
NSE:OIL,Oil India Limited,Oil Gas & Consumable Fuels,Oil & Gas Integrated,Mid,72221.0,444.0,8.6,0.75,6.7167797,,6.599,1.25,,,15.1,11.4,40.7,21.7,-2.0,-8.8,58.7,10.3,0.256,39.7,-52.8,2.93,23.4,56.66,0.0,-4.3,16.4,12684.4,37.55975364330615,49.2,74.3,74.3,20.7,3.4,14.6,10.5,5.8,19.3,ROE 4y avg 15.1%; 3Y CAGR 31.4%; PE vs sector 0.75×; Operating margin 40.7%,Revenue CAGR -2.0%; Profit CAGR -8.8%; Max drawdown 3y -52.8%,,,28,0.8,,0.74,0.97,0.93,,0.0,0.0,1.0,0.92,0.99,,0.98,0.79,0.83,1.0,1.0,0.31,0.11,0.87,0.98,1.0,0.98,0.8,0.55,1.0,0.93,1.0,0.52,0.93,1.0,,8.0,8.0,-21.9,-11.7,126.5,31.4,269.6,38.7,166.3,21.6,
NSE:BOSCHLTD,Bosch Limited,Automobile and Auto Components,Auto Parts,Large,134148.0,45480.0,56.8,1.6,40.433975,,45.69,9.04,,,16.7,13.0,12.4,11.3,10.3,24.8,0.8,211.5,0.673,26.0,-32.5,0.59,63.9,70.54,0.0,16.8,9.0,15516.9,34.82831398711272,,74.1,74.1,18.6,14.5,2.0,12.8,4.5,21.7,Profit CAGR 24.8%; ROE 4y avg 16.7%; 3Y CAGR 34.4%; Debt/Equity 0.80,PE vs sector 1.60×; EV/EBITDA 45.7×; P/B 9.04,,,28,0.87,,0.87,0.6,0.75,,0.63,1.0,1.0,0.12,0.1,,0.0,0.25,1.0,1.0,0.96,0.69,0.6,1.0,0.45,0.92,1.0,0.8,0.82,1.0,0.98,1.0,1.0,0.81,1.0,,18.7,18.7,20.2,9.6,142.4,34.4,191.2,30.7,194.4,24.1,
NSE:PERSISTENT,Persistent Systems Limited,Information Technology,Information Technology Services,Mid,83849.0,5367.0,43.9,1.66,30.274784,3.35,29.6,9.97,1.0,25.2,22.8,22.1,16.0,12.2,20.9,26.5,6.9,34.2,0.079,34.8,-35.0,0.67,30.3,30.29,-0.27,1.0,18.7,29516.2,22.582895440178262,58.8,74.0,74.0,19.1,17.0,2.1,12.2,3.8,19.8,ROE 4y avg 22.8%; Revenue CAGR 20.9%; Profit CAGR 26.5%; 3Y CAGR 23.3%,PE vs sector 1.66×; PEG 3.35; P/B 9.97,,,31,1.0,1.0,1.0,0.66,0.68,0.3,1.0,1.0,1.0,0.1,0.29,0.0,0.11,0.2,0.99,1.0,1.0,0.46,0.55,0.93,0.47,1.0,0.46,0.75,0.56,0.97,0.98,1.0,0.69,0.97,1.0,,8.3,8.3,-2.2,-1.1,87.4,23.3,235.5,35.4,194.6,24.1,
NSE:KEI,KEI Industries Limited,Capital Goods,Electrical Equipment & Parts,Mid,43039.0,4502.0,43.3,0.83,30.68419,,30.57,6.46,,,15.7,12.0,11.5,8.1,19.1,24.4,3.8,24.7,0.54,40.0,-47.9,0.1,4.3,35.0,-0.02,-6.9,23.7,21679.3,19.744828149363713,50.7,74.0,74.0,15.4,16.8,8.9,11.1,3.1,18.6,Profit CAGR 24.4%; Revenue CAGR 19.1%; ROE 4y avg 15.7%; 3Y CAGR 18.6%,EV/EBITDA 30.6×; P/E 43.3; Dividend yield 0.1%,,,28,0.83,,0.8,0.44,0.41,,0.98,0.99,1.0,0.87,0.31,,0.09,0.62,0.99,1.0,1.0,0.3,0.21,0.74,0.33,0.61,0.57,0.8,0.64,0.87,1.0,1.0,0.44,0.55,1.0,,11.6,11.6,4.3,2.1,66.7,18.6,218.9,33.7,366.3,36.1,
NSE:JSWINFRA,JSW Infrastructure Limited,Services,Marine Shipping,Mid,82304.0,355.5,50.2,1.91,31.738096,,30.057,6.81,,,15.6,14.0,35.2,26.6,19.0,27.2,59.0,6.6,0.563,37.6,-36.8,0.25,12.7,73.93,-9.69,21.6,5.3,12977.4,,51.3,74.0,74.0,20.5,16.9,1.8,11.0,3.5,20.4,Profit CAGR 27.2%; Revenue CAGR 19.0%; ROE 4y avg 15.6%; 3Y CAGR 31.5%,PE vs sector 1.91×; P/B 6.81; EV/EBITDA 30.1×,,,27,0.82,,0.93,0.88,0.81,,0.98,1.0,1.0,0.03,0.15,,0.1,0.21,0.83,0.9,1.0,0.37,0.51,0.92,0.36,0.82,1.0,0.0,0.67,1.0,,1.0,0.94,0.85,1.0,,12.8,12.8,3.5,1.7,127.2,31.5,,,,,4Y n/a: listed/data from 2023-10-03; 5Y n/a: listed/data from 2023-10-03
NSE:HDFCAMC,HDFC Asset Management Company Limited,Financial Services,Asset Management,Mid,99034.0,2308.1,33.6,1.6,26.361881,,23.378,10.71,,,28.0,23.3,80.2,61.6,23.9,26.2,2.4,279.5,0.55,30.3,-24.8,2.34,78.8,52.34,-0.08,-10.6,22.2,18683.7,22.427417783187863,58.2,73.8,73.8,23.6,17.0,2.8,11.6,4.9,13.9,ROE 4y avg 28.0%; Revenue CAGR 23.9%; Profit CAGR 26.2%; 3Y CAGR 20.2%,PE vs sector 1.60×; 1Y return -16.9%; P/B 10.7,,,24,1.0,,1.0,,0.94,,1.0,1.0,1.0,0.12,0.52,,,0.0,,,1.0,0.58,0.75,1.0,0.85,0.62,0.96,0.78,0.09,0.9,0.47,1.0,0.33,1.0,1.0,,-16.9,-16.9,5.8,2.8,73.5,20.2,151.1,25.9,57.4,9.5,
NSE:ACUTAAS,Acutaas Chemicals Limited,Healthcare,Specialty Chemicals,Small,26199.0,3200.0,68.1,1.31,43.597458,,47.919,15.85,,,13.5,6.3,31.3,26.4,29.4,62.3,2.1,176.5,0.024,43.4,-21.7,0.08,3.2,32.66,0.0,18.2,14.4,11130.7,71.23665692476493,,73.6,73.6,18.0,15.3,2.8,11.7,3.0,22.8,Revenue CAGR 29.4%; 3Y CAGR 73.5%; 1Y return 131.4%; 5Y CAGR 38.4%,PE vs sector 1.31×; P/B 15.8; EV/EBITDA 47.9×,,,28,0.68,,0.32,0.97,0.95,,1.0,0.75,1.0,0.37,0.01,,0.0,0.13,1.0,1.0,1.0,0.2,0.82,0.6,0.32,0.58,0.52,0.8,1.0,1.0,1.0,1.0,1.0,0.89,1.0,,131.4,131.5,271.7,92.9,420.8,73.5,613.2,63.5,407.4,38.4,
NSE:AADHARHFC,Aadhar Housing Finance Limited,Financial Services,Mortgage Finance,Small,19728.0,450.0,17.5,0.83,12.167013,,,2.6,,,15.1,14.3,61.7,48.2,21.7,26.2,255.6,2.0,0.381,33.0,-28.7,,0.0,64.66,-10.84,-6.4,20.1,1614.5,,51.6,73.5,73.5,20.4,17.0,13.0,9.5,2.9,10.7,Revenue CAGR 21.7%; Profit CAGR 26.2%; ROE 4y avg 15.1%; PE vs sector 0.83×,1Y return -12.1%; Dividend yield; Promoter change 1y -10.8 pts,,,21,0.8,,0.95,,0.87,,1.0,1.0,1.0,0.87,0.84,,,0.7,,,1.0,0.5,0.68,0.53,0.3,0.5,1.0,0.0,0.15,,,,0.46,1.0,1.0,,-12.1,-12.1,-2.1,-1.1,,,,,,,3Y n/a: listed/data from 2024-05-15; 4Y n/a: listed/data from 2024-05-15; 5Y n/a: listed/data from 2024-05-15
NSE:REDINGTON,Redington Limited,Services,Information Technology Services,Small,31130.0,398.2,18.3,0.7,13.021584,,12.891,3.06,,,17.3,14.7,1.9,1.3,14.5,2.3,27.3,6.1,0.896,41.2,-38.0,1.51,27.6,0.0,0.0,44.8,5.1,27439.9,39.24766500838337,51.4,73.3,73.3,13.7,10.0,13.1,10.5,4.8,21.2,ROE 4y avg 17.3%; Revenue CAGR 14.5%; 3Y CAGR 36.1%; PE vs sector 0.70×,Profit CAGR 2.3%; Operating margin 1.9%; Net margin 1.3%,,widely held (no promoter) - promoter checks not applicable,26,0.89,,0.98,0.15,0.14,,0.87,0.09,1.0,0.93,0.82,,0.73,0.71,0.95,0.88,0.85,0.26,0.49,0.66,0.66,1.0,,,1.0,1.0,0.95,1.0,0.3,0.92,1.0,,42.6,42.7,114.2,46.4,151.8,36.1,182.0,29.6,175.2,22.4,
NSE:SCI,Shipping Corporation Of India Limited,Services,Marine Shipping,Micro,12507.0,268.5,7.7,0.29,81.36364,,5.666,1.37,,,11.7,9.0,32.5,25.6,-0.1,15.8,29.5,10.2,0.468,48.5,-58.4,2.81,37.7,63.75,0.0,-1.4,27.2,6083.1,25.125207875362033,,73.1,73.1,15.7,6.2,15.4,9.8,5.8,20.3,Profit CAGR 15.8%; PE vs sector 0.29×; 3Y CAGR 22.8%; Debt/Equity 29.5,Revenue CAGR -0.1%; forward P/E 81.4 vs P/E 7.7; Max drawdown 3y -58.4%,,,28,0.54,,0.5,0.85,0.77,,0.0,0.91,0.0,1.0,1.0,,1.0,0.86,0.94,1.0,1.0,0.11,0.02,0.43,0.96,1.0,1.0,0.8,0.84,0.96,0.83,1.0,0.61,1.0,1.0,,19.5,19.5,2.6,1.3,85.0,22.8,136.6,24.1,113.5,16.4,
NSE:CEMPRO,Cemindia Projects Limited,Construction,Engineering & Construction,Small,20271.0,1180.0,33.7,1.39,20.687237,,19.656,8.45,,,18.4,10.0,8.5,5.9,25.5,68.8,37.7,6.9,0.82,48.1,-45.3,0.25,14.3,67.46,0.0,23.0,28.5,5258.0,72.70192694495428,58.3,73.1,73.1,16.1,15.3,4.9,9.8,4.2,22.8,Revenue CAGR 25.5%; ROE 4y avg 18.4%; 3Y CAGR 74.0%; 1Y return 44.6%,PE vs sector 1.39×; P/B 8.45; Dividend yield 0.2%,,,28,0.94,,0.6,0.43,0.49,,1.0,0.75,1.0,0.28,0.52,,0.46,0.08,0.92,0.91,0.89,0.12,0.29,0.53,0.36,0.86,1.0,0.8,1.0,1.0,1.0,1.0,0.88,1.0,1.0,,44.6,44.6,119.2,48.1,425.4,74.0,974.7,81.2,1408.5,72.1,
NSE:LTF,L&T Finance Limited,Financial Services,Credit Services,Mid,66257.0,264.35,20.9,1.0,13.563199,,,2.36,,,9.6,7.5,45.9,33.1,17.7,22.5,393.4,,0.639,35.2,-31.1,1.04,21.7,65.96,-0.2,-9.4,21.9,15541.7,28.46316577124737,48.7,72.7,72.7,11.2,16.5,12.0,10.1,4.8,18.0,Profit CAGR 22.5%; Revenue CAGR 17.7%; 3Y CAGR 25.2%; 5Y CAGR 24.1%,ROE 4y avg 9.6%; ROE worst year 7.5%; Price vs 200-DMA -9.4%,,,24,0.36,,0.38,,0.75,,0.95,0.97,1.0,0.7,0.75,,,0.82,,,0.98,0.44,0.63,0.84,0.56,1.0,1.0,0.76,0.4,1.0,0.98,1.0,0.37,0.58,1.0,,2.2,2.2,40.5,18.6,95.8,25.2,265.4,38.3,194.9,24.1,
NSE:EIHOTEL,EIH Limited,Consumer Services,Lodging,Small,18601.0,297.45,26.1,0.46,20.030304,,16.736,3.53,,,13.4,9.3,19.7,23.1,13.3,25.9,4.7,45.9,-0.296,37.8,-44.0,0.5,13.2,32.85,0.0,-6.4,28.1,891.1,7.173155452472457,50.2,72.6,72.6,17.0,15.7,12.9,11.0,3.6,12.3,Profit CAGR 25.9%; Revenue CAGR 13.3%; PE vs sector 0.46×; Debt/Equity 4.70,1Y return -18.5%; Max drawdown 3y -44.0%; Volatility 37.8%,,,28,0.67,,0.53,0.72,0.9,,0.8,1.0,1.0,1.0,0.63,,0.58,0.83,0.99,1.0,1.0,0.37,0.33,0.51,0.43,0.83,0.52,0.8,0.08,0.43,0.87,0.53,0.46,1.0,1.0,,-18.5,-18.6,-21.9,-11.6,28.3,8.7,52.0,11.1,132.4,18.4,
NSE:CANFINHOME,Can Fin Homes Limited,Financial Services,Mortgage Finance,Micro,9374.0,704.0,8.3,0.4,7.4267764,0.86,,1.57,,,17.3,16.9,79.9,66.7,17.6,20.5,636.6,,0.409,32.2,-37.8,2.25,24.8,29.99,0.0,-17.5,27.5,1802.8,-1.8680106943423147,,72.6,72.6,22.4,15.9,15.6,8.2,4.6,5.8,Profit CAGR 20.5%; Revenue CAGR 17.6%; ROE 4y avg 17.3%; PE vs sector 0.40×,3Y CAGR -2.4%; 5Y CAGR 1.2%; 1Y return -9.2%,,,25,0.89,,1.0,,0.96,,0.95,0.95,0.87,1.0,1.0,0.89,,1.0,,,1.0,0.52,0.49,0.32,0.83,1.0,0.45,0.8,0.2,0.11,0.19,0.0,0.11,1.0,1.0,,-9.2,-9.2,-21.2,-11.2,-7.1,-2.4,47.8,10.3,5.9,1.2,
NSE:RRKABEL,R R Kabel Limited,Capital Goods,Electrical Equipment & Parts,Small,28559.0,2525.0,47.1,0.91,32.161774,,31.705,11.09,,,15.8,13.4,8.0,5.6,20.1,37.4,13.1,10.9,1.38,37.6,-52.9,0.44,24.2,61.38,-0.38,29.5,15.4,14332.2,,53.7,72.6,72.6,13.7,17.0,6.9,9.7,4.5,20.9,Revenue CAGR 20.1%; Profit CAGR 37.4%; ROE 4y avg 15.8%; 3Y CAGR 21.4%,Operating margin 8.0%; Net margin 5.6%; EV/EBITDA 31.7×,,,27,0.83,,0.89,0.24,0.21,,1.0,1.0,1.0,0.79,0.22,,0.07,0.32,0.97,1.0,0.35,0.37,0.11,0.63,0.41,1.0,1.0,0.72,1.0,0.93,,1.0,0.62,0.71,1.0,,98.5,98.5,45.2,20.5,78.7,21.4,,,,,4Y n/a: listed/data from 2023-09-20; 5Y n/a: listed/data from 2023-09-20
NSE:DIVISLAB,Divi's Laboratories Limited,Healthcare,Drug Manufacturers - Specialty & Generic,Large,245532.0,9249.0,84.0,1.61,61.465775,,61.103,14.65,,,14.0,11.8,36.7,26.0,11.0,12.1,0.0,148.3,0.245,26.9,-18.2,0.32,27.2,51.88,-0.01,31.3,5.0,46455.5,35.77514748120161,56.0,72.5,72.5,20.2,12.5,1.5,13.2,4.4,20.6,3Y CAGR 35.5%; Operating margin 36.7%; Debt/Equity 0.00; 1Y return 62.0%,PE vs sector 1.61×; P/B 14.7; P/E 84.0,,,28,0.72,,0.78,1.0,0.94,,0.67,0.67,1.0,0.12,0.0,,0.0,0.2,1.0,1.0,1.0,0.67,0.88,1.0,0.38,1.0,0.96,0.8,1.0,1.0,0.73,1.0,0.57,0.85,1.0,,62.0,62.0,70.5,30.6,148.3,35.5,148.2,25.6,91.4,13.9,
NSE:KALYANKJIL,Kalyan Jewellers India Limited,Consumer Durables,Luxury Goods,Mid,54581.0,528.5,38.2,0.79,27.24245,,25.184,8.64,,,15.6,11.9,4.9,3.7,36.4,46.1,97.0,5.9,-0.225,45.5,-57.9,0.47,10.8,62.86,0.04,15.6,18.6,117189.8,32.950289523458665,57.1,72.4,72.4,13.0,17.0,9.0,8.3,4.2,20.9,Revenue CAGR 36.4%; Profit CAGR 46.1%; ROE 4y avg 15.6%; 3Y CAGR 32.1%,Operating margin 4.9%; Net margin 3.7%; EV/EBITDA 25.2×,,,28,0.82,,0.79,0.14,0.29,,1.0,1.0,1.0,0.9,0.43,,0.2,0.44,0.52,0.88,1.0,0.14,0.03,0.79,0.42,0.77,1.0,0.81,0.69,1.0,1.0,1.0,1.0,0.63,1.0,,13.6,13.6,-29.5,-16.1,130.1,32.1,460.7,54.0,619.0,48.4,
NSE:LGEINDIA,LG Electronics India Limited,Consumer Durables,Consumer Electronics,Large,116206.0,1712.0,63.7,1.31,42.93779,,42.878,15.16,,,22.0,22.0,11.0,7.1,,,6.0,57.7,,,,,0.0,85.0,0.0,10.6,2.5,10791.9,,58.8,72.4,72.4,19.7,17.0,2.9,13.9,3.3,15.6,ROE 4y avg 22.0%; Debt/Equity 6.00; forward P/E 42.9 vs P/E 63.7; Interest cover 57.7×,PE vs sector 1.31×; P/B 15.2; 1Y return 1.9%,,,20,1.0,,1.0,0.59,0.61,,,,1.0,0.37,0.05,,0.0,0.12,0.99,1.0,,,,1.0,0.3,0.5,0.83,0.8,0.4,,,,1.0,0.88,1.0,,1.9,2.0,,,,,,,,,2Y n/a: listed/data from 2025-10-14; 3Y n/a: listed/data from 2025-10-14; 4Y n/a: listed/data from 2025-10-14; 5Y n/a: listed/data from 2025-10-14
NSE:APARINDS,Apar Industries Limited,Capital Goods,Electrical Equipment & Parts,Mid,74030.0,17680.0,60.3,1.16,47.013775,,32.537,13.17,,,21.5,18.1,10.8,4.8,17.0,15.3,17.7,5.6,0.178,49.1,-58.7,0.34,17.4,55.42,-2.35,39.2,8.2,26071.3,51.72816140655472,55.4,72.3,72.3,16.2,15.9,4.4,10.1,4.0,21.6,ROE 4y avg 21.5%; Revenue CAGR 17.0%; Profit CAGR 15.3%; 3Y CAGR 47.6%,Net margin 4.8%; P/B 13.2; Operating margin 10.8%,,,28,1.0,,1.0,0.39,0.14,,0.94,0.9,1.0,0.54,0.07,,0.05,0.21,0.96,0.87,1.0,0.11,0.02,0.88,0.39,0.93,0.98,0.3,1.0,1.0,1.0,1.0,0.42,0.82,1.0,,114.8,114.9,82.5,35.1,221.1,47.6,1274.4,92.7,2657.7,94.2,
NSE:TECHNOE,Techno Electric & Engineering Company Limited,Construction,Engineering & Construction,Micro,11642.0,1001.0,27.0,1.11,17.199312,,20.044,2.8,,,11.2,9.7,14.8,12.8,56.3,36.4,1.7,154.3,0.771,43.3,-49.5,0.7,24.3,56.92,0.0,-6.4,28.0,1731.7,25.358968148154972,,72.2,72.2,14.8,17.0,9.2,10.2,4.6,16.4,Revenue CAGR 56.3%; Profit CAGR 36.4%; 3Y CAGR 25.3%; 5Y CAGR 28.7%,1Y return -25.4%; Max drawdown 3y -49.5%; Volatility 43.3%,,,28,0.5,,0.57,0.71,0.77,,1.0,1.0,1.0,0.59,0.62,,0.45,0.62,1.0,1.0,0.91,0.2,0.17,0.4,0.48,1.0,0.98,0.8,0.05,1.0,1.0,1.0,0.46,0.5,1.0,,-25.4,-25.4,-36.6,-20.4,96.6,25.3,273.8,39.1,252.5,28.7,
NSE:SUNDARMFIN,Sundaram Finance Limited,Financial Services,Credit Services,Mid,48465.0,4397.2,21.8,1.04,19.859093,,,3.28,,,13.6,13.0,60.6,46.1,18.6,15.7,409.2,,0.179,31.2,-27.1,0.91,30.3,37.21,-0.01,-7.9,22.1,2465.1,18.118811672489787,,72.2,72.2,18.4,15.7,9.5,10.6,4.2,13.7,Revenue CAGR 18.6%; Profit CAGR 15.7%; Net margin 46.1%; forward P/E 19.9 vs P/E 21.8,1Y return 0.2%,,,24,0.69,,0.87,,0.86,,0.97,0.91,0.85,0.66,0.73,,,0.4,,,1.0,0.55,0.71,0.76,0.53,1.0,0.63,0.8,0.35,0.59,0.63,0.72,0.41,1.0,1.0,,0.2,0.2,-16.3,-8.5,39.6,11.8,96.4,18.4,79.5,12.4,
NSE:VBL,Varun Beverages Limited,Fast Moving Consumer Goods,Beverages - Non-Alcoholic,Large,143857.0,425.3,42.6,1.02,36.414043,,25.967,6.61,0.09,16.9,22.5,15.5,24.1,14.0,17.3,26.6,15.9,24.8,0.277,34.3,-43.1,0.47,15.0,59.43,-0.39,-8.3,23.5,28081.0,5.432831619066936,54.4,72.2,72.2,19.1,16.4,7.9,11.9,4.3,12.6,ROE 4y avg 22.5%; Profit CAGR 26.6%; Revenue CAGR 17.3%; 5Y CAGR 28.5%,3Y CAGR 4.6%; 1Y return -4.0%; FCF yield 0.1%,,,30,1.0,0.88,1.0,0.87,0.74,0.12,0.95,1.0,0.93,0.68,0.32,,0.18,0.57,0.97,1.0,1.0,0.47,0.36,1.0,0.42,0.88,1.0,0.72,0.28,0.29,1.0,0.32,0.4,1.0,1.0,,-4.0,-4.0,-30.5,-16.7,14.5,4.6,98.7,18.8,250.4,28.5,
NSE:ALKEM,Alkem Laboratories Limited,Healthcare,Drug Manufacturers - Specialty & Generic,Mid,62413.0,5220.0,28.9,0.56,23.357908,,20.82,4.52,,,15.8,10.9,17.8,14.3,8.3,32.7,14.3,25.8,0.281,23.1,-27.7,0.38,28.3,49.7,-3.34,-4.7,12.0,7328.5,12.714815890884745,50.3,72.0,72.0,17.3,13.7,11.8,12.7,3.9,12.6,Profit CAGR 32.7%; ROE 4y avg 15.8%; PE vs sector 0.56×; Debt/Equity 14.3,1Y return -4.4%; 5Y CAGR 5.5%; Dividend yield 0.4%,,,28,0.83,,0.69,0.59,0.69,,0.52,1.0,0.99,0.98,0.59,,0.41,0.73,0.97,1.0,1.0,0.77,0.7,0.83,0.4,1.0,0.94,0.12,0.28,0.7,0.32,0.81,0.51,0.84,1.0,,-4.4,-4.4,-15.1,-7.9,46.1,13.5,59.6,12.4,30.8,5.5,
NSE:USHAMART,Usha Martin Limited,Capital Goods,Steel,Small,15037.0,494.0,28.3,0.54,21.642935,,19.203,4.56,,,16.0,14.1,16.9,13.2,4.1,10.0,6.9,36.6,0.271,42.8,-34.4,0.76,17.2,40.28,-2.17,6.8,9.0,3655.9,13.080945474301453,51.3,71.9,71.9,19.2,7.9,12.4,11.1,3.8,17.5,ROE 4y avg 16.0%; PE vs sector 0.54×; 5Y CAGR 41.3%; Debt/Equity 6.90,Revenue CAGR 4.1%; Volatility 42.8%; Promoter change 1y -2.2 pts,,,28,0.84,,0.94,0.72,0.72,,0.16,0.5,1.0,0.99,0.6,,0.48,0.81,0.99,1.0,1.0,0.22,0.56,0.47,0.49,0.93,0.71,0.34,0.56,0.62,1.0,0.75,0.89,0.81,1.0,,8.6,8.6,34.0,15.8,41.5,12.3,318.3,43.1,462.3,41.3,
NSE:KPIL,Kalpataru Projects International Limited,Construction,Engineering & Construction,Small,23210.0,1359.1,20.4,0.84,14.807074,,11.256,2.98,,,10.4,9.0,6.6,4.2,18.4,33.1,45.8,4.1,0.46,33.5,-40.3,0.81,16.5,33.58,0.06,8.6,8.1,2792.3,28.946114545338286,49.0,71.9,71.9,8.5,16.8,12.0,10.1,3.9,20.6,Profit CAGR 33.1%; Revenue CAGR 18.4%; 3Y CAGR 27.8%; PE vs sector 0.84×,Operating margin 6.6%; Net margin 4.2%,,,28,0.43,,0.5,0.23,0.24,,0.97,1.0,1.0,0.86,0.77,,0.8,0.54,0.91,0.68,1.0,0.49,0.44,0.57,0.5,0.91,0.54,0.81,0.57,1.0,1.0,1.0,0.95,0.88,1.0,,9.0,9.0,0.5,0.3,108.7,27.8,219.8,33.8,235.0,27.4,
NSE:HSCL,Himadri Speciality Chemical Limited,Chemicals,Specialty Chemicals,Small,33357.0,661.1,41.6,1.14,32.09223,,31.893,7.09,,,13.5,9.5,20.4,16.1,3.7,51.5,16.2,17.0,0.234,43.6,-40.3,0.12,5.0,52.5,0.93,13.1,19.3,46026.6,39.91491428559337,55.3,71.9,71.9,17.0,11.2,5.8,11.1,3.9,23.0,Profit CAGR 51.5%; 3Y CAGR 37.9%; 1Y return 48.4%; 5Y CAGR 66.8%,Revenue CAGR 3.7%; EV/EBITDA 31.9×; P/B 7.09,,,28,0.68,,0.55,0.77,0.8,,0.15,1.0,1.0,0.56,0.35,,0.06,0.31,0.97,1.0,1.0,0.19,0.44,0.68,0.33,0.62,0.96,0.99,1.0,1.0,1.0,1.0,1.0,0.99,1.0,,48.4,48.4,-0.4,-0.2,162.1,37.9,584.7,61.9,1190.3,66.8,
NSE:MANKIND,Mankind Pharma Limited,Healthcare,Drug Manufacturers - Specialty & Generic,Mid,104707.0,2535.0,51.3,0.99,35.703163,,28.028,6.42,,,15.8,11.7,20.6,13.9,17.7,14.3,38.1,4.7,0.452,30.5,-35.7,0.08,2.0,72.63,-0.05,10.4,4.0,11360.9,11.8155979188878,48.4,71.8,71.8,18.2,15.6,7.3,11.5,3.6,15.5,Revenue CAGR 17.7%; Profit CAGR 14.3%; ROE 4y avg 15.8%; Debt/Equity 38.1,EV/EBITDA 28.0×; P/E 51.3; Dividend yield 0.1%,,,27,0.83,,0.77,0.71,0.66,,0.95,0.84,1.0,0.71,0.14,,0.14,0.55,0.92,0.8,1.0,0.57,0.54,1.0,0.32,0.55,1.0,0.79,0.45,0.61,,0.73,1.0,0.86,1.0,,3.9,3.9,-1.7,-0.9,41.0,12.1,,,,,4Y n/a: listed/data from 2023-05-09; 5Y n/a: listed/data from 2023-05-09
NSE:RADICO,Radico Khaitan Limited,Fast Moving Consumer Goods,Beverages - Wineries & Distilleries,Mid,56771.0,4237.0,80.9,1.94,53.14557,,52.172,17.11,,,12.9,10.0,18.3,11.3,24.6,40.0,15.0,13.7,0.496,34.3,-27.4,0.21,7.6,40.19,-0.03,20.3,10.7,14831.4,52.247634199916114,54.6,71.8,71.8,15.3,17.0,1.1,12.2,3.5,22.7,Revenue CAGR 24.6%; Profit CAGR 40.0%; 3Y CAGR 52.4%; 1Y return 45.4%,PE vs sector 1.94×; P/E 80.9; EV/EBITDA 52.2×,,,28,0.63,,0.6,0.72,0.59,,1.0,1.0,1.0,0.02,0.0,,0.0,0.25,0.97,1.0,1.0,0.47,0.7,0.8,0.35,0.69,0.7,0.79,1.0,1.0,1.0,1.0,0.99,0.83,1.0,,45.4,45.4,103.9,42.8,253.0,52.4,292.9,40.9,372.6,36.4,
NSE:ABBOTINDIA,Abbott India Limited,Healthcare,Drug Manufacturers - Specialty & Generic,Mid,57054.0,26850.0,35.3,0.68,29.700006,,28.561,11.95,,,32.0,29.8,27.7,23.1,9.0,17.8,3.6,84.2,0.043,22.5,-28.5,1.96,62.5,,,0.1,12.4,2694.1,7.086022767352063,,71.7,71.7,22.9,13.3,8.8,12.8,5.0,8.9,ROE 4y avg 32.0%; Profit CAGR 17.8%; PE vs sector 0.68×; Debt/Equity 3.60,3Y CAGR 5.1%; 1Y return -10.2%; 5Y CAGR 4.0%,,,26,1.0,,1.0,0.9,0.91,,0.56,0.93,0.94,0.94,0.49,,0.13,0.32,0.99,1.0,1.0,0.78,0.68,0.8,0.77,0.95,,,0.18,0.31,0.28,0.35,0.65,0.85,1.0,,-10.2,-10.2,-7.5,-3.8,16.1,5.1,42.5,9.3,21.8,4.0,
NSE:GRANULES,Granules India Limited,Healthcare,Drug Manufacturers - Specialty & Generic,Small,22491.0,824.5,30.6,0.59,20.760788,1.0,16.516,4.02,,,14.0,11.7,17.6,11.8,5.9,4.8,29.7,12.0,0.134,34.2,-40.0,0.21,5.6,37.39,-1.43,14.2,10.7,8930.4,37.224240716816404,52.9,71.7,71.7,15.7,6.7,12.8,11.3,3.1,22.2,3Y CAGR 32.2%; PE vs sector 0.59×; 1Y return 51.4%; Debt/Equity 29.7,Profit CAGR 4.8%; Revenue CAGR 5.9%; Dividend yield 0.2%,,,29,0.72,,0.77,0.57,0.54,,0.29,0.19,1.0,0.97,0.57,0.85,0.59,0.82,0.94,1.0,1.0,0.47,0.45,0.56,0.35,0.64,0.63,0.5,1.0,1.0,0.9,1.0,1.0,0.81,1.0,,51.4,51.5,41.9,19.1,130.6,32.2,136.3,24.0,151.1,20.2,
NSE:IREDA,Indian Renewable Energy Development Agency Limited,Financial Services,Credit Services,Small,31182.0,111.0,15.8,0.75,11.269035,,,2.26,,,14.8,13.6,85.4,69.3,34.5,29.4,565.7,1.9,0.025,49.4,-62.4,1.35,8.5,71.76,0.0,-10.4,30.1,5162.0,,56.6,71.6,71.6,20.6,17.0,14.3,6.2,4.6,8.9,Revenue CAGR 34.5%; Profit CAGR 29.4%; PE vs sector 0.75×; forward P/E 11.3 vs P/E 15.8,1Y return -27.3%; Max drawdown 3y -62.4%; Volatility 49.4%,,,21,0.78,,0.91,,0.97,,1.0,1.0,1.0,0.92,0.88,,,0.87,,,1.0,0.11,0.0,0.66,0.63,0.71,1.0,0.8,0.04,,,,0.33,1.0,1.0,,-27.3,-27.3,-51.9,-30.7,,,,,,,3Y n/a: listed/data from 2023-11-29; 4Y n/a: listed/data from 2023-11-29; 5Y n/a: listed/data from 2023-11-29
NSE:HEXT,Hexaware Technologies Limited,Information Technology,Information Technology Services,Small,29941.0,491.0,22.5,0.85,17.615406,,12.42,4.46,4.91,21.5,21.7,21.4,13.7,9.3,13.4,15.7,10.2,35.5,,38.5,-53.9,2.91,65.4,74.3,-0.27,-9.1,39.2,3358.0,,50.4,71.5,71.5,19.4,15.1,12.1,10.3,5.6,9.1,ROE 4y avg 21.7%; Profit CAGR 15.7%; Revenue CAGR 13.4%; PE vs sector 0.85×,1Y return -27.5%; Net margin 9.3%; Max drawdown 3y -53.9%,,,26,1.0,1.0,1.0,0.41,0.39,0.98,0.81,0.91,1.0,0.85,0.71,,0.75,0.64,0.98,1.0,,0.34,0.09,0.64,0.98,0.89,1.0,0.75,0.04,,,,0.38,1.0,1.0,,-27.5,-27.6,,,,,,,,,2Y n/a: listed/data from 2025-02-19; 3Y n/a: listed/data from 2025-02-19; 4Y n/a: listed/data from 2025-02-19; 5Y n/a: listed/data from 2025-02-19
NSE:ZENTEC,Zen Technologies Limited,Capital Goods,Aerospace & Defense,Small,14170.0,1575.5,78.7,1.51,,,,7.88,,,17.2,10.2,,,46.5,65.4,1.0,36.0,,47.0,-62.3,0.06,,48.51,-0.54,,22.9,7318.7,26.82651410769994,54.4,71.5,71.5,19.6,14.9,3.6,9.5,3.5,20.5,Revenue CAGR 46.5%; ROE 4y avg 17.2%; 3Y CAGR 28.2%; 5Y CAGR 48.9%,PE vs sector 1.51×; P/E 78.7; Dividend yield 0.1%,,,21,0.89,,0.62,,,,1.0,0.75,,0.15,0.0,,,0.51,1.0,1.0,,0.13,0.0,0.46,0.32,,0.91,0.69,0.54,1.0,1.0,1.0,,1.0,1.0,,7.4,7.4,-7.7,-3.9,110.4,28.2,721.3,69.4,631.5,48.9,
NSE:MCX,Multi Commodity Exchange of India Limited,Financial Services,Financial Data & Stock Exchanges,Mid,81546.0,3204.0,52.9,2.52,39.583183,,37.925,19.38,,,23.1,6.0,69.6,55.6,67.9,107.5,0.1,4696.4,0.685,38.8,-34.7,0.25,9.9,,,15.4,8.0,75057.1,109.49234900848914,59.6,71.5,71.5,20.2,15.3,0.5,9.7,3.1,22.7,ROE 4y avg 23.1%; Revenue CAGR 67.9%; 3Y CAGR 101.8%; 1Y return 100.3%,PE vs sector 2.52×; P/B 19.4; P/E 52.9,,,22,1.0,,0.3,,0.93,,1.0,0.75,1.0,0.0,0.13,,,0.0,,,0.96,0.34,0.56,0.91,0.36,0.75,,,1.0,1.0,1.0,1.0,1.0,0.82,1.0,,100.3,100.4,174.9,65.8,718.7,101.8,1184.6,89.5,858.2,57.2,
NSE:360ONE,360 ONE WAM LIMITED,Financial Services,Asset Management,Mid,42423.0,1040.0,34.6,1.65,25.408546,,18.794,4.29,,,17.8,12.4,61.1,26.5,24.0,22.7,162.0,2.5,0.47,35.2,-37.7,1.73,39.9,6.2,-0.07,-5.7,15.9,11679.4,26.90935313458942,50.5,71.4,71.4,20.0,16.8,3.3,9.4,3.7,18.2,Revenue CAGR 24.0%; Profit CAGR 22.7%; ROE 4y avg 17.8%; 3Y CAGR 27.6%,PE vs sector 1.65×; P/B 4.29; 1Y return 0.3%,,,24,0.91,,0.83,,0.68,,1.0,0.98,1.0,0.11,0.51,,,0.13,,,1.0,0.44,0.5,0.73,0.71,1.0,0.0,0.79,0.36,1.0,0.92,1.0,0.48,0.92,1.0,,0.3,0.3,2.6,1.3,107.4,27.6,121.9,22.1,160.0,21.1,
NSE:WAAREEENER,Waaree Energies Limited,Capital Goods,Solar,Mid,67310.0,2340.0,17.7,0.34,14.276233,,10.015,4.66,,,25.5,19.7,14.0,12.7,57.8,97.4,21.4,27.8,,47.0,-42.5,0.17,1.5,64.12,-0.18,-18.8,37.1,15541.3,,57.1,71.4,71.4,20.0,15.3,14.2,10.7,3.6,7.6,ROE 4y avg 25.5%; Revenue CAGR 57.8%; PE vs sector 0.34×; Debt/Equity 21.4,1Y return -29.8%; Dividend yield 0.2%; Price vs 200-DMA -18.8%,,,24,1.0,,1.0,0.58,0.69,,1.0,0.75,0.99,1.0,0.83,,0.85,0.78,0.96,1.0,,0.13,0.38,0.85,0.34,0.54,1.0,0.76,0.03,,,,0.09,1.0,1.0,,-29.8,-29.8,,,,,,,,,2Y n/a: listed/data from 2024-10-28; 3Y n/a: listed/data from 2024-10-28; 4Y n/a: listed/data from 2024-10-28; 5Y n/a: listed/data from 2024-10-28
NSE:LICI,Life Insurance Corporation Of India,Financial Services,Insurance - Life,Large,495690.0,391.85,8.3,0.4,6.6633067,,6.249,2.81,,,49.5,32.5,6.4,6.5,7.3,16.9,0.4,432.5,0.539,28.6,-38.6,2.55,33.7,96.5,0.0,-4.8,16.4,39101.7,7.462579367714461,54.0,71.4,71.4,19.1,12.6,14.0,10.8,5.2,9.6,ROE 4y avg 49.5%; Profit CAGR 16.9%; PE vs sector 0.40×; forward P/E 6.7 vs P/E 8.3,1Y return -13.3%; 3Y CAGR 6.7%; Net margin 6.5%,,,23,1.0,,1.0,,0.23,,0.43,0.92,1.0,1.0,1.0,,,0.59,,,1.0,0.62,0.48,1.0,0.9,1.0,0.75,0.8,0.13,0.36,,0.43,0.51,0.93,1.0,,-13.3,-13.3,-21.6,-11.5,21.4,6.7,26.3,6.0,,,5Y n/a: listed/data from 2022-05-17
NSE:AXISBANK,Axis Bank Limited,Financial Services,Banks - Regional,Large,378967.0,1217.1,13.8,0.66,10.082773,0.54,,1.7,,13.4,13.1,8.3,49.2,36.0,12.2,34.6,,,0.42,24.3,-28.0,0.08,0.0,7.87,-0.3,-5.4,14.2,72772.5,6.118059986337432,47.4,71.2,71.2,15.5,15.2,15.4,12.0,2.0,11.0,Profit CAGR 34.6%; PE vs sector 0.66×; forward P/E 10.1 vs P/E 13.8; P/B 1.70,3Y CAGR 5.4%; Dividend yield 0.1%; Promoter holding 7.9%,,,26,0.65,0.67,0.43,,0.78,,0.74,1.0,1.0,0.95,0.92,0.99,,1.0,,,1.0,0.74,0.69,1.0,0.32,0.5,0.0,0.74,0.47,0.32,0.48,0.36,0.49,0.74,1.0,,5.0,5.0,-0.8,-0.4,16.9,5.4,68.4,13.9,58.4,9.6,
NSE:SHYAMMETL,Shyam Metalics and Energy Limited,Capital Goods,Steel,Small,29146.0,1047.2,25.9,0.5,15.505167,,12.141,2.59,,,10.1,8.6,9.3,5.7,13.6,7.9,8.1,12.5,0.512,33.3,-26.3,0.43,10.0,74.59,0.0,13.7,8.8,6083.0,33.532341708608286,,71.1,71.1,8.5,11.5,13.9,12.0,4.1,21.0,Revenue CAGR 13.6%; PE vs sector 0.50×; 3Y CAGR 33.2%; Debt/Equity 8.10,Profit CAGR 7.9%; Operating margin 9.3%; Net margin 5.7%,,,28,0.41,,0.46,0.3,0.22,,0.82,0.37,1.0,1.0,0.64,,0.76,0.93,0.98,1.0,1.0,0.5,0.72,0.63,0.41,0.75,1.0,0.8,0.68,1.0,0.96,1.0,1.0,0.87,1.0,,13.4,13.4,16.0,7.7,135.8,33.2,268.2,38.6,181.1,23.0,
NSE:NATCOPHARM,Natco Pharma Limited,Healthcare,Drug Manufacturers - Specialty & Generic,Small,15070.0,819.0,12.9,0.25,17.29064,,12.428,1.59,,,19.6,14.7,19.0,32.8,14.5,25.6,7.7,58.8,0.163,33.8,-53.0,0.72,7.8,49.42,-0.14,-13.2,33.2,3900.2,-1.1123268348853466,59.6,71.0,71.0,21.6,12.7,15.0,10.7,4.1,6.8,Profit CAGR 25.6%; ROE 4y avg 19.6%; Revenue CAGR 14.5%; PE vs sector 0.25×,3Y CAGR -1.8%; 5Y CAGR -1.9%; forward P/E 17.3 vs P/E 12.9,,,28,0.98,,0.98,0.63,1.0,,0.87,1.0,0.0,1.0,0.93,,0.75,1.0,0.98,1.0,1.0,0.48,0.1,0.47,0.48,0.69,0.94,0.77,0.39,0.12,0.12,0.0,0.22,1.0,1.0,,1.8,1.8,-41.3,-23.4,-5.4,-1.8,34.3,7.7,-9.0,-1.9,
NSE:BELRISE,Belrise Industries Limited,Automobile and Auto Components,Auto Parts,Small,22844.0,236.2,41.4,1.17,25.791431,,21.038,4.02,,,12.9,9.5,7.6,5.2,13.5,16.6,29.1,4.1,,38.2,-14.7,0.23,9.7,61.15,-11.86,11.8,11.9,10064.6,,45.9,71.0,71.0,11.4,15.2,8.2,10.4,3.4,22.3,Profit CAGR 16.6%; Revenue CAGR 13.5%; 1Y return 49.3%; Debt/Equity 29.1,Operating margin 7.6%; Net margin 5.2%; P/E 41.4,,,24,0.63,,0.55,0.35,0.27,,0.81,0.92,1.0,0.53,0.35,,0.4,0.7,0.94,0.68,,0.35,0.93,0.56,0.36,0.74,1.0,0.0,1.0,,,,1.0,0.8,1.0,,49.3,49.3,,,,,,,,,2Y n/a: listed/data from 2025-05-28; 3Y n/a: listed/data from 2025-05-28; 4Y n/a: listed/data from 2025-05-28; 5Y n/a: listed/data from 2025-05-28
NSE:PREMIERENE,Premier Energies Limited,Capital Goods,Solar,Mid,39639.0,878.05,23.6,0.45,17.96361,,15.46,9.18,,,25.2,-3.1,25.1,19.7,76.2,,86.0,17.0,-0.279,44.6,-50.2,0.17,4.0,58.49,-5.76,-5.8,22.6,10653.2,,49.7,71.0,71.0,19.6,17.0,11.6,9.2,3.2,10.5,ROE 4y avg 25.2%; Revenue CAGR 76.2%; PE vs sector 0.45×; Operating margin 25.1%,1Y return -13.7%; ROE worst year -3.1%; Dividend yield 0.2%,,,24,1.0,,0.0,0.94,0.91,,1.0,,1.0,1.0,0.68,,0.63,0.41,0.61,1.0,1.0,0.16,0.15,0.72,0.34,0.6,0.99,0.0,0.12,,,,0.48,1.0,1.0,,-13.7,-13.7,-20.9,-11.0,,,,,,,3Y n/a: listed/data from 2024-09-03; 4Y n/a: listed/data from 2024-09-03; 5Y n/a: listed/data from 2024-09-03
NSE:TRITURBINE,Triveni Turbine Limited,Capital Goods,Specialty Industrial Machinery,Small,16836.0,529.6,50.2,0.97,34.22851,,38.111,11.63,,,26.7,24.2,9.5,14.9,20.4,22.0,2.5,187.4,0.529,45.6,-47.2,0.75,40.2,55.84,0.0,-5.7,32.8,3506.2,10.766003289152803,56.9,70.9,70.9,19.0,16.8,5.9,10.5,4.7,14.0,ROE 4y avg 26.7%; Revenue CAGR 20.4%; Profit CAGR 22.0%; 5Y CAGR 25.0%,3Y CAGR 7.3%; Operating margin 9.5%; 1Y return 1.2%,,,28,1.0,,1.0,0.31,0.81,,1.0,0.97,1.0,0.73,0.15,,0.0,0.28,0.99,1.0,1.0,0.14,0.23,0.49,0.49,1.0,0.98,0.8,0.38,0.38,1.0,0.46,0.48,1.0,1.0,,1.2,1.2,-25.6,-13.8,23.4,7.3,107.4,20.0,204.8,25.0,
NSE:NBCC,NBCC (India) Limited,Construction,Engineering & Construction,Small,20898.0,77.4,28.1,1.16,27.642859,,13.596,6.96,,,19.4,13.7,9.3,5.7,12.9,39.2,0.0,7.4,0.666,44.9,-43.6,1.4,24.7,61.75,0.0,-18.4,38.5,4805.3,25.125207875362033,51.7,70.8,70.8,17.6,14.1,7.8,10.5,5.0,15.8,Profit CAGR 39.2%; ROE 4y avg 19.4%; 3Y CAGR 25.9%; Debt/Equity 0.00,1Y return -29.3%; P/B 6.96; Price vs 200-DMA -18.4%,,,28,0.98,,0.91,0.48,0.42,,0.78,1.0,0.6,0.54,0.6,,0.71,0.15,1.0,0.92,0.97,0.15,0.34,0.54,0.64,1.0,1.0,0.8,0.03,1.0,0.88,1.0,0.1,1.0,1.0,,-29.3,-29.3,-35.6,-19.7,99.1,25.9,275.7,39.3,140.9,19.2,
NSE:ENRIN,Siemens Energy India Limited,Capital Goods,Utilities - Renewable,Large,118731.0,3334.0,80.0,1.54,59.21905,,57.878,24.67,,,21.9,18.7,21.9,15.8,,,4.5,53.7,,37.1,-41.1,0.12,9.6,75.0,0.0,8.0,16.0,18281.2,,60.1,70.8,70.8,22.4,17.0,1.1,11.7,4.0,14.6,ROE 4y avg 21.9%; Debt/Equity 4.50; Operating margin 21.9%; forward P/E 59.2 vs P/E 80.0,PE vs sector 1.54×; P/B 24.7; 1Y return -1.9%,,,22,1.0,,1.0,0.87,0.84,,,,1.0,0.14,0.0,,0.0,0.07,0.99,1.0,,0.39,0.42,1.0,0.33,0.74,1.0,0.8,0.32,,,,0.93,0.92,1.0,,-1.9,-1.9,,,,,,,,,2Y n/a: listed/data from 2025-06-19; 3Y n/a: listed/data from 2025-06-19; 4Y n/a: listed/data from 2025-06-19; 5Y n/a: listed/data from 2025-06-19
NSE:ELECON,Elecon Engineering Company Limited,Capital Goods,Specialty Industrial Machinery,Micro,9874.0,440.0,41.8,0.8,20.091324,,20.919,4.28,,,19.1,14.8,15.2,9.9,15.9,12.8,11.8,20.8,0.519,49.4,-51.3,0.45,19.0,59.27,0.0,-2.8,29.7,5265.7,4.342068925523335,,70.7,70.7,19.2,14.6,11.0,9.9,4.5,11.5,ROE 4y avg 19.1%; Revenue CAGR 15.9%; PE vs sector 0.80×; 5Y CAGR 39.2%,1Y return -25.0%; 3Y CAGR 3.5%; P/E 41.8,,,28,0.96,,0.99,0.65,0.53,,0.92,0.72,1.0,0.9,0.34,,0.4,0.85,0.98,1.0,1.0,0.11,0.13,0.34,0.41,0.97,1.0,0.8,0.05,0.26,1.0,0.27,0.57,1.0,1.0,,-25.0,-25.0,-36.8,-20.5,10.9,3.5,164.2,27.5,422.7,39.2,
NSE:TBOTEK,TBO Tek Limited,Consumer Services,Travel Services,Small,17929.0,1679.0,68.3,1.21,33.464394,,39.062,11.58,,,28.6,15.8,11.9,8.6,36.7,19.2,48.8,7.7,0.628,40.7,-47.4,,0.0,44.41,0.0,18.8,4.9,3813.8,,50.0,70.7,70.7,19.0,16.6,4.0,10.1,3.2,17.8,ROE 4y avg 28.6%; Revenue CAGR 36.7%; Profit CAGR 19.2%; Debt/Equity 48.8,EV/EBITDA 39.1×; P/E 68.3; P/B 11.6,,,25,1.0,,1.0,0.51,0.56,,1.0,0.94,1.0,0.49,0.01,,0.0,0.26,0.9,0.93,0.99,0.28,0.23,0.51,0.3,0.5,0.81,0.8,0.59,,,,1.0,0.85,1.0,,9.8,9.8,-7.8,-4.0,,,,,,,3Y n/a: listed/data from 2024-05-15; 4Y n/a: listed/data from 2024-05-15; 5Y n/a: listed/data from 2024-05-15
NSE:ABCAPITAL,Aditya Birla Capital Limited,Financial Services,Financial Conglomerates,Mid,102684.0,375.05,24.3,1.16,14.783755,,,2.85,,,14.5,10.9,17.9,11.9,17.1,-7.8,495.9,1.5,0.681,33.7,-37.3,,0.0,68.81,0.11,3.0,12.9,12701.1,27.28079726194983,50.6,70.7,70.7,16.0,9.8,9.3,10.3,3.5,21.8,Revenue CAGR 17.1%; 3Y CAGR 27.6%; 5Y CAGR 27.4%; 1Y return 25.1%,Profit CAGR -7.8%; Dividend yield,,,24,0.76,,0.69,,0.46,,0.94,0.0,1.0,0.54,0.67,,,0.57,,,0.96,0.48,0.5,1.0,0.3,0.5,1.0,0.82,0.9,1.0,1.0,1.0,0.76,0.86,1.0,,25.1,25.1,55.0,24.5,107.6,27.6,241.7,36.0,235.0,27.4,
NSE:TENNIND,Tenneco Clean Air India Limited,Automobile and Auto Components,Auto Parts,Small,19942.0,494.1,33.3,0.94,24.57951,,38.493,16.64,,,39.7,31.5,14.2,10.6,3.9,16.6,4.3,25.3,,,,,0.0,74.79,0.0,-11.0,24.8,8902.5,,48.7,70.7,70.7,20.7,10.7,6.4,12.7,3.5,16.7,ROE 4y avg 39.7%; Profit CAGR 16.6%; Debt/Equity 4.30; forward P/E 24.6 vs P/E 33.3,Revenue CAGR 3.9%; P/B 16.6; EV/EBITDA 38.5×,,,21,1.0,,1.0,0.69,0.7,,0.16,0.92,1.0,0.76,0.53,,0.0,0.08,0.99,1.0,,,,0.53,0.3,0.5,1.0,0.8,,,,,0.31,1.0,1.0,,,,,,,,,,,,1Y n/a: listed/data from 2025-11-19; 2Y n/a: listed/data from 2025-11-19; 3Y n/a: listed/data from 2025-11-19; 4Y n/a: listed/data from 2025-11-19; 5Y n/a: listed/data from 2025-11-19
NSE:BHARTIHEXA,Bharti Hexacom Limited,Telecommunication,Telecom Services,Mid,68940.0,1378.8,37.7,0.85,21.661896,,16.092,9.62,,,18.4,11.4,31.9,19.0,12.4,46.7,85.7,5.5,0.073,37.4,-29.4,1.31,27.4,70.0,0.0,-12.1,29.5,2183.7,,52.8,70.6,70.6,21.3,15.3,9.7,10.2,5.0,9.2,Profit CAGR 46.7%; ROE 4y avg 18.4%; PE vs sector 0.85×; Operating margin 31.9%,1Y return -17.0%; P/B 9.62; Price vs 200-DMA -12.1%,,,25,0.94,,0.74,0.91,0.88,,0.75,1.0,1.0,0.85,0.44,,0.61,0.36,0.61,0.86,1.0,0.38,0.66,0.86,0.62,1.0,1.0,0.8,0.09,,,,0.27,1.0,1.0,,-17.0,-17.0,-1.3,-0.7,,,,,,,3Y n/a: listed/data from 2024-04-12; 4Y n/a: listed/data from 2024-04-12; 5Y n/a: listed/data from 2024-04-12
NSE:FINCABLES,Finolex Cables Limited,Capital Goods,Electrical Equipment & Parts,Small,22176.0,1450.0,27.7,0.53,19.94498,,27.994,3.64,,,12.3,11.5,11.1,11.5,11.8,12.3,0.3,531.6,0.619,40.8,-56.7,0.62,15.3,35.86,0.0,43.9,3.2,16930.2,10.847448909151925,51.3,70.5,70.5,13.7,12.9,11.7,10.5,3.8,17.7,PE vs sector 0.53×; 1Y return 77.8%; 5Y CAGR 25.0%; Debt/Equity 0.30,EV/EBITDA 28.0×; Max drawdown 3y -56.7%; Volatility 40.8%,,,28,0.58,,0.75,0.41,0.61,,0.72,0.68,1.0,0.99,0.61,,0.14,0.88,1.0,1.0,0.99,0.28,0.05,0.55,0.46,0.88,0.6,0.8,1.0,0.49,1.0,0.6,0.32,0.95,1.0,,77.8,77.8,2.7,1.4,32.6,9.9,215.3,33.3,204.8,25.0,
NSE:IGIL,International Gemological Institute Limited,Services,Other Precious Metals & Mining,Small,13505.0,312.5,26.4,1.0,17.6454,,16.399,9.08,,,21.8,-54.7,56.6,44.7,29.6,20.9,9.6,71.8,,41.2,-52.5,1.63,41.7,76.55,0.0,-7.4,19.5,1855.1,,50.6,70.5,70.5,20.0,16.7,8.4,9.9,5.1,10.3,ROE 4y avg 21.8%; Revenue CAGR 29.6%; Profit CAGR 20.9%; Operating margin 56.6%,1Y return -13.2%; P/B 9.08; ROE worst year -54.7%,,,24,1.0,,0.0,1.0,0.92,,1.0,0.96,1.0,0.7,0.63,,0.59,0.14,0.98,1.0,,0.26,0.11,0.46,0.69,1.0,0.97,0.8,0.13,,,,0.43,0.99,1.0,,-13.2,-13.2,,,,,,,,,2Y n/a: listed/data from 2024-12-30; 3Y n/a: listed/data from 2024-12-30; 4Y n/a: listed/data from 2024-12-30; 5Y n/a: listed/data from 2024-12-30
NSE:BSE,BSE Limited,Financial Services,Financial Data & Stock Exchanges,Large,123707.0,3046.0,44.2,2.1,34.101826,,25.462,15.69,,,24.8,8.2,80.1,48.9,76.5,124.5,0.0,20620.6,0.443,49.3,-36.5,0.33,0.0,0.0,0.0,-8.5,31.5,131239.4,93.12469234667844,58.6,70.4,70.4,20.5,15.3,1.1,9.2,2.6,21.8,ROE 4y avg 24.8%; Revenue CAGR 76.5%; 3Y CAGR 91.9%; 1Y return 46.3%,PE vs sector 2.10×; P/B 15.7; P/E 44.2,,widely held (no promoter) - promoter checks not applicable,22,1.0,,0.42,,0.88,,1.0,0.75,1.0,0.0,0.29,,,0.0,,,1.0,0.11,0.52,1.0,0.38,0.5,,,1.0,1.0,1.0,1.0,0.39,1.0,1.0,,46.3,46.4,136.8,53.9,604.1,91.9,1417.8,97.6,2148.9,86.4,
NSE:MEDANTA,Global Health Limited,Healthcare,Medical Care Facilities,Mid,36466.0,1357.0,65.8,1.26,40.373436,,37.741,9.2,,,14.5,13.4,16.7,11.9,17.2,19.5,29.9,10.2,0.143,32.3,-35.3,0.04,2.4,33.0,-0.01,10.0,12.1,3478.2,26.138924622062977,48.7,70.1,70.1,16.4,16.2,4.1,11.7,2.9,18.7,Profit CAGR 19.5%; Revenue CAGR 17.2%; 3Y CAGR 22.1%; Debt/Equity 29.9,EV/EBITDA 37.7×; P/E 65.8; P/B 9.20,,,27,0.76,,0.89,0.53,0.56,,0.94,0.95,1.0,0.43,0.03,,0.0,0.36,0.94,1.0,1.0,0.52,0.54,0.71,0.31,0.56,0.53,0.8,0.45,0.94,,1.0,1.0,0.84,1.0,,4.0,4.0,35.6,16.5,81.6,22.1,,,,,4Y n/a: listed/data from 2022-11-18; 5Y n/a: listed/data from 2022-11-18
NSE:GILLETTE,Gillette India Limited,Fast Moving Consumer Goods,Household & Personal Products,Small,22484.0,6900.0,33.7,0.81,,,23.107,23.76,,,45.3,33.6,26.8,21.0,11.1,31.3,0.0,74.0,0.27,25.4,-36.7,2.61,81.5,75.0,0.0,-12.1,29.0,1301.7,6.501480432299744,,70.0,70.0,23.0,14.3,8.5,12.0,5.0,7.2,ROE 4y avg 45.3%; Profit CAGR 31.3%; PE vs sector 0.81×; Debt/Equity 0.00,1Y return -28.1%; 3Y CAGR 4.1%; 5Y CAGR 3.3%,,,27,1.0,,1.0,0.93,0.89,,0.68,1.0,,0.89,0.52,,0.29,0.18,1.0,1.0,1.0,0.71,0.52,0.56,0.91,0.57,1.0,0.8,0.03,0.28,0.25,0.3,0.27,1.0,1.0,,-28.1,-28.1,-18.9,-10.0,12.9,4.1,33.0,7.4,17.5,3.3,
NSE:KIRLOSBROS,Kirloskar Brothers Limited,Capital Goods,Specialty Industrial Machinery,Small,14111.0,1777.0,37.8,0.73,,,25.747,5.73,,,18.0,15.2,8.0,8.0,6.9,16.7,10.1,26.0,0.297,48.4,-48.2,0.4,14.9,65.95,0.0,3.8,18.8,1407.3,30.196940158686616,,70.0,70.0,15.8,11.1,10.2,10.3,4.3,18.3,ROE 4y avg 18.0%; Profit CAGR 16.7%; 3Y CAGR 29.0%; PE vs sector 0.73×,Revenue CAGR 6.9%; 1Y return -11.8%; Operating margin 8.0%,,,27,0.92,,1.0,0.24,0.4,,0.39,0.92,,0.92,0.43,,0.19,0.69,0.98,1.0,1.0,0.12,0.2,0.46,0.4,0.87,1.0,0.8,0.15,1.0,1.0,1.0,0.78,0.98,1.0,,-11.8,-11.8,-3.1,-1.5,114.4,29.0,436.4,52.3,330.2,33.9,
NSE:PRIVISCL,Privi Speciality Chemicals Limited,Chemicals,Specialty Chemicals,Small,13926.0,3565.0,41.1,1.12,25.549452,,22.71,9.86,,,13.3,2.7,17.2,13.1,16.6,145.2,74.4,6.4,0.059,40.2,-28.3,0.28,5.8,60.6,-9.29,10.8,5.8,2845.3,43.40300680930371,,70.0,70.0,14.0,14.8,6.4,9.9,3.3,21.6,Revenue CAGR 16.6%; 3Y CAGR 43.7%; 1Y return 51.4%; forward P/E 25.5 vs P/E 41.1,P/B 9.86; ROE worst year 2.7%; EV/EBITDA 22.7×,,,28,0.66,,0.14,0.61,0.72,,0.93,0.75,1.0,0.58,0.36,,0.31,0.23,0.7,0.89,1.0,0.29,0.68,0.46,0.37,0.65,1.0,0.0,1.0,1.0,0.75,1.0,1.0,0.91,1.0,,51.4,51.5,138.7,54.5,196.1,43.7,148.6,25.6,95.2,14.3,
NSE:GRAVITA,Gravita India Limited,Metals & Mining,Metal Fabrication,Micro,10293.0,1413.1,26.3,1.41,18.497086,,19.519,4.2,,,23.3,15.1,9.7,8.3,14.9,23.5,29.9,20.2,0.475,49.0,-51.2,0.64,0.0,55.88,0.0,-13.9,26.2,3592.3,22.64940814744536,,69.9,69.9,17.5,16.2,6.3,9.8,3.9,16.3,ROE 4y avg 23.3%; Profit CAGR 23.5%; Revenue CAGR 14.9%; 3Y CAGR 16.9%,PE vs sector 1.41×; 1Y return -9.4%; Operating margin 9.7%,,,28,1.0,,1.0,0.34,0.48,,0.89,0.98,1.0,0.26,0.63,,0.47,0.37,0.94,1.0,1.0,0.11,0.13,0.36,0.46,0.5,0.98,0.8,0.19,0.84,1.0,0.95,0.19,1.0,1.0,,-9.4,-9.4,-42.7,-24.3,59.8,16.9,351.1,45.8,614.2,48.2,
NSE:SUZLON,Suzlon Energy Limited,Capital Goods,Specialty Industrial Machinery,Mid,53487.0,38.91,17.0,0.33,18.386906,0.35,16.914,5.47,,39.4,85.9,16.8,13.0,18.1,41.4,3.6,2.8,11.8,0.646,50.1,-54.1,,0.0,11.71,-0.03,-20.3,36.7,21740.9,18.736748290412166,51.1,69.9,69.9,21.0,8.6,13.8,10.6,2.0,13.9,ROE 4y avg 85.9%; Revenue CAGR 41.4%; PE vs sector 0.33×; 5Y CAGR 45.5%,Profit CAGR 3.6%; 1Y return -29.5%; forward P/E 18.4 vs P/E 17.0,,,30,1.0,1.0,1.0,0.51,0.86,,1.0,0.14,0.24,1.0,0.85,1.0,0.57,0.75,0.99,1.0,0.98,0.1,0.09,0.79,0.3,0.5,0.0,0.79,0.03,0.67,1.0,0.79,0.07,1.0,1.0,,-29.5,-29.5,-51.2,-30.2,44.4,13.0,392.5,49.1,551.9,45.5,
NSE:CHAMBLFERT,Chambal Fertilizers & Chemicals Limited,Chemicals,Agricultural Inputs,Small,16006.0,399.5,8.3,0.23,8.180888,,5.771,1.54,,,17.5,14.6,15.2,9.6,-9.2,23.6,10.3,1883.0,0.292,38.4,-43.2,3.01,20.8,61.34,0.84,-10.3,23.5,1949.0,14.420525438371644,55.8,69.8,69.8,17.7,8.7,15.5,10.9,6.0,11.0,Profit CAGR 23.6%; ROE 4y avg 17.5%; PE vs sector 0.23×; Debt/Equity 10.3,Revenue CAGR -9.2%; 1Y return -21.8%; 5Y CAGR 3.3%,,,28,0.9,,0.97,0.49,0.55,,0.0,0.99,0.59,1.0,1.0,,1.0,0.88,0.98,1.0,1.0,0.35,0.35,0.48,1.0,1.0,1.0,0.97,0.07,0.68,0.25,0.8,0.34,1.0,1.0,,-21.8,-21.8,-27.1,-14.6,44.9,13.2,27.7,6.3,17.5,3.3,
NSE:NH,Narayana Hrudayalaya Ltd.,Healthcare,Medical Care Facilities,Mid,35421.0,1744.0,43.2,0.83,24.885077,,23.896,7.81,,,23.8,17.8,11.7,9.0,20.5,9.9,129.0,5.0,0.144,29.9,-28.9,0.26,11.1,63.27,-0.58,-5.7,16.7,4904.2,17.131029088175588,50.1,69.7,69.7,17.0,13.6,8.7,8.9,4.0,17.5,ROE 4y avg 23.8%; Revenue CAGR 20.5%; PE vs sector 0.83×; 5Y CAGR 28.0%,Debt/Equity 129.0; Operating margin 11.7%; 1Y return 0.6%,,,28,1.0,,1.0,0.32,0.38,,1.0,0.49,1.0,0.87,0.31,,0.26,0.45,0.3,0.85,1.0,0.59,0.67,0.7,0.36,0.78,1.0,0.68,0.36,0.83,1.0,0.93,0.48,0.93,1.0,,0.6,0.6,40.8,18.7,58.1,16.5,141.1,24.6,242.9,28.0,
NSE:MARICO,Marico Limited,Fast Moving Consumer Goods,Household & Personal Products,Mid,101419.0,781.35,53.8,1.29,40.088387,1.02,41.331,24.09,,,38.9,34.3,19.3,13.2,11.8,10.6,12.4,60.9,0.174,22.2,-16.7,0.51,48.1,58.91,-0.12,-2.3,12.1,13332.1,11.788930711122635,56.2,69.7,69.7,21.0,12.0,5.3,13.4,4.5,13.5,ROE 4y avg 38.9%; Debt/Equity 12.4; forward P/E 40.1 vs P/E 53.8; Interest cover 60.9×,PE vs sector 1.29×; P/B 24.1; 5Y CAGR 7.3%,,,29,1.0,,1.0,0.76,0.68,,0.72,0.55,1.0,0.39,0.12,0.84,0.0,0.14,0.98,1.0,1.0,0.79,0.9,1.0,0.43,1.0,0.99,0.78,0.63,0.53,0.38,0.65,0.58,0.84,1.0,,11.3,11.4,12.6,6.1,35.7,10.7,47.6,10.2,42.2,7.3,
NSE:TRENT,Trent Limited,Consumer Services,Apparel Retail,Large,137574.0,2580.0,76.3,1.35,50.63933,,46.942,19.7,,,26.7,17.1,12.5,8.6,34.8,57.0,36.0,14.3,0.371,37.6,-73.3,0.16,11.8,37.01,0.0,-7.5,47.4,26605.9,7.893814242191821,53.3,69.5,69.5,19.2,17.0,2.5,11.0,3.5,16.4,ROE 4y avg 26.7%; Revenue CAGR 34.8%; Profit CAGR 57.0%; 3Y CAGR 23.4%,1Y return -19.9%; PE vs sector 1.35×; P/B 19.7,,,28,1.0,,1.0,0.55,0.56,,1.0,1.0,1.0,0.32,0.0,,0.0,0.13,0.93,1.0,1.0,0.37,0.0,1.0,0.34,0.8,0.63,0.8,0.08,0.97,1.0,1.0,0.42,0.56,1.0,,-19.9,-19.9,-49.2,-28.7,87.9,23.4,178.5,29.2,270.6,30.0,
NSE:COCHINSHIP,Cochin Shipyard Limited,Capital Goods,Aerospace & Defense,Small,33858.0,1287.0,49.7,0.96,28.791946,,42.52,5.77,,,12.4,6.9,14.7,13.5,26.9,33.0,28.5,11.8,0.582,48.4,-57.8,0.87,37.7,67.91,0.0,-13.1,31.9,15704.4,34.57111260006764,45.2,69.4,69.4,14.2,17.0,7.6,10.2,4.8,15.7,Revenue CAGR 26.9%; Profit CAGR 33.0%; 3Y CAGR 34.1%; 5Y CAGR 48.2%,1Y return -30.9%; EV/EBITDA 42.5×; P/E 49.7,,,28,0.59,,0.35,0.61,0.75,,1.0,1.0,1.0,0.74,0.16,,0.0,0.66,0.94,1.0,1.0,0.12,0.03,0.69,0.52,1.0,1.0,0.8,0.02,1.0,1.0,1.0,0.23,0.45,1.0,,-30.9,-30.9,-24.5,-13.1,140.8,34.1,430.3,51.8,615.3,48.2,
NSE:APLAPOLLO,APL Apollo Tubes Limited,Capital Goods,Steel,Mid,58744.0,2115.7,47.9,0.92,33.239384,,31.626,11.09,,,20.6,18.0,6.3,5.2,12.6,23.3,9.4,15.2,0.332,33.4,-26.3,0.4,13.0,28.25,-0.06,6.1,8.1,13515.4,9.334828785150373,52.5,69.4,69.4,14.7,15.3,6.7,12.3,3.3,17.2,ROE 4y avg 20.6%; Profit CAGR 23.3%; Debt/Equity 9.40; 5Y CAGR 20.0%,Operating margin 6.3%; Net margin 5.2%; EV/EBITDA 31.6×,,,28,1.0,,1.0,0.11,0.17,,0.76,0.98,1.0,0.78,0.2,,0.07,0.32,0.98,1.0,1.0,0.49,0.72,0.81,0.4,0.83,0.36,0.79,0.87,0.45,0.9,0.54,0.86,0.88,1.0,,22.2,22.2,30.5,14.2,29.0,8.9,99.0,18.8,149.2,20.0,
NSE:ENDURANCE,Endurance Technologies Limited,Automobile and Auto Components,Auto Parts,Mid,36522.0,2596.4,37.7,1.06,25.275543,,17.92,5.34,,,13.3,10.9,7.3,6.2,18.2,25.7,19.4,23.6,0.724,31.1,-37.6,0.44,14.5,75.0,0.0,0.3,15.5,3301.2,18.784016109214896,52.6,69.4,69.4,12.7,16.8,9.2,11.7,4.3,14.9,Profit CAGR 25.7%; Revenue CAGR 18.2%; 3Y CAGR 18.2%; Debt/Equity 19.4,1Y return -7.5%; Operating margin 7.3%; Net margin 6.2%,,,28,0.66,,0.69,0.32,0.39,,0.96,1.0,1.0,0.64,0.44,,0.53,0.6,0.96,1.0,0.94,0.55,0.5,0.71,0.41,0.86,1.0,0.8,0.23,0.86,0.53,1.0,0.66,0.71,1.0,,-7.5,-7.5,8.6,4.2,65.0,18.2,85.5,16.7,66.3,10.7,
NSE:MINDACORP,Minda Corporation Limited,Automobile and Auto Components,Auto Parts,Small,15641.0,664.55,31.7,0.89,28.598612,,23.846,5.93,,,13.6,11.5,7.7,7.5,12.8,8.2,55.4,4.3,0.461,39.4,-27.4,0.24,7.2,64.84,0.0,9.1,13.6,2720.2,26.055069570177956,50.7,69.4,69.4,14.0,10.9,9.4,10.0,3.9,21.2,3Y CAGR 26.8%; 5Y CAGR 38.1%; PE vs sector 0.89×; Debt/Equity 55.4,Profit CAGR 8.2%; Operating margin 7.7%; EV/EBITDA 23.8×,,,28,0.69,,0.75,0.37,0.52,,0.77,0.39,0.86,0.81,0.55,,0.26,0.52,0.86,0.72,1.0,0.32,0.7,0.48,0.36,0.68,1.0,0.8,0.73,1.0,1.0,1.0,0.97,0.76,1.0,,15.1,15.1,8.9,4.4,103.6,26.8,231.3,35.0,402.0,38.1,
NSE:NESTLEIND,Nestle India Limited,Fast Moving Consumer Goods,Packaged Foods,Large,252166.0,1307.7,66.2,1.59,52.63626,,44.84,48.9,,,95.3,80.0,21.2,15.6,17.0,23.1,8.6,37.9,0.419,19.2,-22.0,0.92,35.4,62.76,0.0,-4.2,15.8,23088.3,6.35433810561592,59.1,69.3,69.3,22.1,16.5,1.1,13.4,4.8,11.5,ROE 4y avg 95.3%; Profit CAGR 23.1%; Revenue CAGR 17.0%; Debt/Equity 8.60,PE vs sector 1.59×; 3Y CAGR 5.4%; P/B 48.9,,,28,1.0,,1.0,0.82,0.82,,0.94,0.98,1.0,0.12,0.03,,0.0,0.07,0.98,1.0,1.0,0.87,0.81,1.0,0.53,1.0,1.0,0.8,0.65,0.32,0.34,0.36,0.52,0.92,1.0,,12.1,12.1,-3.4,-1.7,17.2,5.4,37.7,8.3,33.8,6.0,
NSE:CHOLAHLDNG,Cholamandalam Financial Holdings Limited,Financial Services,Credit Services,Small,25557.0,1361.0,9.6,0.46,7.125654,,,1.65,,,14.6,8.0,38.8,11.9,28.0,23.7,623.2,140.7,0.401,33.4,-37.6,0.09,0.9,46.43,-0.01,-14.8,34.1,2517.7,5.372824302963108,54.0,69.3,69.3,14.7,16.9,15.9,9.0,3.4,9.4,Revenue CAGR 28.0%; Profit CAGR 23.7%; PE vs sector 0.46×; forward P/E 7.1 vs P/E 9.6,1Y return -28.2%; 3Y CAGR 6.5%; Dividend yield 0.1%,,,24,0.77,,0.4,,0.46,,1.0,0.99,1.0,1.0,0.98,,,1.0,,,1.0,0.49,0.5,0.59,0.32,0.52,0.86,0.8,0.03,0.35,0.76,0.42,0.16,0.42,1.0,,-28.2,-28.2,-34.8,-19.3,20.8,6.5,112.3,20.7,96.3,14.4,
NSE:BAJFINANCE,Bajaj Finance Limited,Financial Services,Credit Services,Large,589929.0,948.3,29.1,1.39,18.76588,,,5.17,,,18.5,16.7,61.6,43.5,22.6,18.2,314.8,,0.308,28.3,-26.7,0.57,16.6,54.67,-0.06,-2.5,19.4,69157.8,8.774271237426245,56.5,69.3,69.3,22.2,16.5,4.5,11.7,4.4,9.8,Revenue CAGR 22.6%; ROE 4y avg 18.5%; Profit CAGR 18.2%; forward P/E 18.8 vs P/E 29.1,PE vs sector 1.39×; 3Y CAGR 6.0%; P/B 5.17,,,24,0.94,,1.0,,0.85,,1.0,0.93,1.0,0.28,0.59,,,0.06,,,1.0,0.63,0.72,1.0,0.44,0.92,0.97,0.79,0.28,0.34,0.3,0.39,0.58,0.99,1.0,,-4.0,-4.0,23.1,11.0,19.0,6.0,32.2,7.2,26.1,4.7,
NSE:HINDALCO,Hindalco Industries Limited,Metals & Mining,Aluminum,Large,209075.0,941.85,12.8,0.69,8.474311,,6.888,1.53,,,10.7,9.6,13.7,5.5,7.1,9.9,72.6,6.6,0.925,32.2,-26.2,0.53,6.8,34.66,0.02,-4.3,19.9,40391.7,24.48319961685119,44.1,69.1,69.1,10.8,9.5,14.7,11.0,3.4,19.6,3Y CAGR 25.2%; PE vs sector 0.69×; 1Y return 23.0%; forward P/E 8.5 vs P/E 12.8,Net margin 5.5%,,,28,0.46,,0.56,0.52,0.28,,0.41,0.49,1.0,0.94,0.93,,0.97,0.84,0.72,0.9,0.84,0.52,0.73,1.0,0.43,0.67,0.57,0.8,0.88,1.0,0.75,1.0,0.52,0.6,1.0,,23.0,23.0,23.7,11.2,96.2,25.2,147.2,25.4,94.5,14.2,
NSE:GLAND,Gland Pharma Limited,Healthcare,Drug Manufacturers - Specialty & Generic,Mid,47292.0,2866.0,41.9,0.8,29.723543,,25.74,4.56,,,9.1,7.6,21.0,16.8,21.3,9.6,2.7,50.5,0.587,36.7,-34.3,0.7,26.3,51.77,-0.06,32.6,5.8,18656.6,21.666562415206435,48.9,68.9,68.9,12.5,13.4,9.8,11.9,4.6,16.7,Revenue CAGR 21.3%; PE vs sector 0.80×; 3Y CAGR 19.5%; 1Y return 45.1%,ROE 4y avg 9.1%; 5Y CAGR -5.1%; EV/EBITDA 25.7×,,,28,0.31,,0.38,0.72,0.8,,1.0,0.48,1.0,0.9,0.34,,0.19,0.7,0.99,1.0,1.0,0.4,0.56,0.76,0.48,1.0,0.96,0.79,1.0,0.89,0.07,1.0,0.55,0.91,1.0,,45.1,45.1,59.6,26.4,70.5,19.5,34.8,7.8,-22.9,-5.1,
NSE:AUBANK,AU Small Finance Bank Limited,Financial Services,Banks - Regional,Mid,73967.0,987.0,26.2,1.25,16.123655,,,3.69,,,12.7,12.2,35.3,25.6,30.4,22.8,,,0.557,31.9,-38.6,0.1,0.0,22.74,-0.11,-1.7,13.7,15459.9,10.27479504641331,44.6,68.9,68.9,16.1,16.9,6.9,10.1,2.3,16.7,Revenue CAGR 30.4%; Profit CAGR 22.8%; 1Y return 36.2%; forward P/E 16.1 vs P/E 26.2,P/B 3.69; Dividend yield 0.1%; Promoter holding 22.7%,,,24,0.62,,0.81,,0.67,,1.0,0.98,1.0,0.44,0.63,,,0.26,,,1.0,0.53,0.48,0.88,0.33,0.5,0.15,0.78,1.0,0.59,0.54,0.72,0.6,0.87,1.0,,36.2,36.3,34.7,16.1,40.0,11.9,66.0,13.5,66.7,10.8,
NSE:NLCINDIA,NLC India Limited,Power,Utilities - Regulated Electric,Mid,35061.0,252.85,10.6,0.39,9.330258,,10.765,1.63,,,12.7,9.2,17.1,17.5,2.7,36.1,110.4,4.2,0.488,44.2,-33.9,1.52,21.5,69.47,-2.73,-11.5,34.8,4770.4,25.69743477403874,51.7,68.8,68.8,14.5,10.6,14.3,8.1,4.7,16.7,Profit CAGR 36.1%; PE vs sector 0.39×; 3Y CAGR 24.3%; 5Y CAGR 32.6%,Revenue CAGR 2.7%; 1Y return -8.6%; Volatility 44.2%,,,28,0.62,,0.52,0.47,0.82,,0.11,1.0,0.89,1.0,0.96,,0.82,0.74,0.43,0.7,1.0,0.17,0.57,0.7,0.67,1.0,1.0,0.21,0.21,0.99,1.0,1.0,0.29,0.41,1.0,,-8.6,-8.6,-12.4,-6.4,91.9,24.3,279.3,39.6,310.4,32.6,
NSE:AIAENG,AIA Engineering Limited,Capital Goods,Specialty Industrial Machinery,Mid,35594.0,3814.2,28.1,0.54,24.96041,,24.855,4.43,,,16.7,15.3,23.9,27.8,-3.4,6.4,0.1,44.6,0.248,27.4,-37.1,0.42,11.8,58.5,0.0,-7.7,26.4,2309.8,0.7608628613007928,,68.7,68.7,22.2,4.9,11.7,12.1,4.2,13.6,ROE 4y avg 16.7%; PE vs sector 0.54×; Debt/Equity 0.10; Operating margin 23.9%,Revenue CAGR -3.4%; Profit CAGR 6.4%; 3Y CAGR 2.7%,,,28,0.87,,1.0,0.91,0.99,,0.0,0.28,0.88,0.99,0.6,,0.21,0.84,1.0,1.0,1.0,0.65,0.51,0.7,0.41,0.8,0.99,0.8,0.8,0.23,0.78,0.23,0.42,1.0,1.0,,17.8,17.8,-12.1,-6.3,8.2,2.7,55.1,11.6,98.3,14.7,
NSE:MOTHERSON,Samvardhana Motherson International Limited,Automobile and Auto Components,Auto Parts,Large,165372.0,157.03,37.7,1.06,22.609306,,15.52,4.04,,,9.3,6.7,5.0,3.4,17.1,37.2,43.9,5.0,1.044,36.7,-47.3,0.32,8.4,48.6,0.0,15.3,9.4,25286.1,34.38679362866597,45.7,68.6,68.6,5.5,16.6,9.7,10.5,3.9,22.3,Profit CAGR 37.2%; Revenue CAGR 17.1%; 3Y CAGR 35.1%; 1Y return 48.1%,ROE 4y avg 9.3%; Operating margin 5.0%; Net margin 3.4%,,,28,0.33,,0.34,0.09,0.13,,0.94,1.0,1.0,0.64,0.44,,0.63,0.68,0.91,0.85,0.75,0.4,0.23,1.0,0.38,0.71,0.92,0.8,1.0,1.0,0.91,1.0,1.0,0.86,1.0,,48.1,48.2,11.8,5.7,146.0,35.1,222.9,34.1,155.6,20.6,
NSE:AEGISLOG,Aegis Logistics Limited,Oil Gas & Consumable Fuels,Oil & Gas Refining & Marketing,Mid,49196.0,1401.6,39.4,3.46,33.329132,,27.132,8.12,,,14.2,13.1,28.0,13.9,-1.3,24.7,47.2,11.7,0.54,49.4,-38.4,0.96,16.8,58.1,0.0,51.4,8.3,19065.2,61.66235625781555,52.2,68.5,68.5,19.6,10.0,2.3,10.9,4.7,21.1,Profit CAGR 24.7%; 3Y CAGR 62.2%; 1Y return 78.0%; 5Y CAGR 43.7%,Revenue CAGR -1.3%; PE vs sector 3.46×; P/B 8.12,,,28,0.74,,0.87,0.93,0.79,,0.0,1.0,0.94,0.0,0.4,,0.16,0.16,0.91,1.0,1.0,0.11,0.48,0.77,0.54,0.92,0.99,0.8,1.0,1.0,1.0,1.0,0.2,0.82,1.0,,78.0,78.1,83.3,35.4,325.9,62.2,430.0,51.8,512.1,43.7,
NSE:TATACAP,Tata Capital Limited,Financial Services,Credit Services,Large,134470.0,318.9,24.9,1.19,14.96305,,,2.93,,,10.6,10.6,57.1,39.7,34.5,,502.9,9.0,,,,0.18,0.0,85.41,0.0,-6.3,18.3,5077.2,,49.2,68.4,68.4,14.1,17.0,8.8,14.0,3.4,11.2,"Revenue CAGR 34.5%; forward P/E 15.0 vs P/E 24.9; Net margin 39.7%; Size (market cap) 134,470 Cr",1Y return -3.4%; Dividend yield 0.2%,,,17,0.45,,0.66,,0.81,,1.0,,1.0,0.51,0.65,,,0.53,,,,,,1.0,0.34,0.5,0.83,0.8,0.29,,,,0.46,0.64,1.0,,-3.4,-3.5,,,,,,,,,2Y n/a: listed/data from 2025-10-13; 3Y n/a: listed/data from 2025-10-13; 4Y n/a: listed/data from 2025-10-13; 5Y n/a: listed/data from 2025-10-13
NSE:ANGELONE,Angel One Limited,Financial Services,Capital Markets,Small,25316.0,276.8,25.0,1.19,15.73658,,,4.12,,,28.5,15.0,24.7,20.7,20.3,0.9,129.3,4.2,0.278,48.4,-48.3,1.82,36.6,28.59,-0.38,-3.8,23.2,16251.0,17.494341058381902,52.6,68.4,68.4,21.5,10.4,6.9,6.7,4.3,18.7,ROE 4y avg 28.5%; Revenue CAGR 20.3%; 1Y return 27.4%; forward P/E 15.7 vs P/E 25.0,Profit CAGR 0.9%; P/B 4.12; Volatility 48.4%,,,24,1.0,,1.0,,0.6,,1.0,0.04,1.0,0.51,0.65,,,0.14,,,1.0,0.12,0.2,0.59,0.73,1.0,0.38,0.72,0.92,0.77,0.73,0.86,0.54,1.0,1.0,,27.4,27.4,6.5,3.2,50.4,14.6,103.0,19.4,92.3,14.0,
NSE:M&MFIN,Mahindra & Mahindra Financial Services Limited,Financial Services,Credit Services,Mid,44468.0,320.0,13.6,0.65,10.498639,,,1.67,,,10.5,9.7,43.8,30.9,13.3,11.3,429.9,,0.333,35.0,-31.8,2.35,27.7,52.49,0.0,-6.3,22.9,12308.7,4.433838602489026,54.6,68.3,68.3,13.1,13.0,15.3,9.8,5.5,11.6,Revenue CAGR 13.3%; PE vs sector 0.65×; forward P/E 10.5 vs P/E 13.6; P/B 1.67,3Y CAGR 2.0%; Beat Nifty 500 (3Y) 2.0%,,,24,0.44,,0.57,,0.73,,0.8,0.6,1.0,0.95,0.92,,,1.0,,,1.0,0.45,0.61,0.74,0.85,1.0,0.96,0.8,0.78,0.21,0.57,0.19,0.46,0.56,1.0,,17.0,17.0,-3.1,-1.6,6.2,2.0,77.9,15.5,71.6,11.4,
NSE:BANKBARODA,Bank of Baroda,Financial Services,Banks - Regional,Large,119365.0,230.82,6.6,0.31,5.3512573,,,0.71,,11.3,14.0,12.0,45.5,27.4,10.3,10.0,,,0.422,33.2,-32.2,3.68,24.2,63.97,0.0,-14.3,29.1,19755.1,6.147652308001406,55.3,68.3,68.3,16.3,11.0,13.6,10.9,5.8,10.6,PE vs sector 0.31×; 5Y CAGR 22.9%; forward P/E 5.4 vs P/E 6.6; P/E 6.60,3Y CAGR 1.9%; 1Y return -11.1%; Price vs 200-DMA -14.3%,,,25,0.72,0.5,0.8,,0.69,,0.63,0.5,0.99,1.0,1.0,,,0.52,,,1.0,0.5,0.61,1.0,1.0,1.0,1.0,0.8,0.17,0.21,0.96,0.19,0.18,1.0,1.0,,-11.1,-11.1,-7.3,-3.7,6.0,1.9,80.3,15.9,180.0,22.9,
NSE:APOLLOHOSP,Apollo Hospitals Enterprise Limited,Healthcare,Medical Care Facilities,Large,116947.0,8133.5,55.9,1.07,37.328964,,33.588,12.34,,,16.1,13.0,12.2,7.9,14.8,33.3,85.1,8.5,0.197,25.4,-18.5,0.25,13.8,28.02,-1.32,1.0,10.3,29969.2,17.252383328607213,53.0,68.3,68.3,14.9,16.2,5.4,11.6,3.0,17.2,Profit CAGR 33.3%; Revenue CAGR 14.8%; ROE 4y avg 16.1%; 3Y CAGR 16.7%,Operating margin 12.2%; EV/EBITDA 33.6×; P/B 12.3,,,28,0.84,,0.87,0.34,0.34,,0.89,1.0,1.0,0.63,0.11,,0.03,0.3,0.62,0.95,1.0,0.71,0.87,1.0,0.36,0.85,0.35,0.53,0.58,0.83,0.65,0.94,0.69,0.84,1.0,,9.3,9.3,13.7,6.6,58.9,16.7,86.3,16.9,82.4,12.8,
NSE:JSL,Jindal Stainless Limited,Metals & Mining,Steel,Mid,60330.0,732.2,18.6,1.0,14.106542,,11.671,13.4,,,16.9,15.0,9.1,7.4,6.4,14.7,37.5,9.3,0.539,40.2,-38.2,0.55,7.6,62.05,0.95,-1.7,17.2,5358.5,12.8196669428704,41.9,68.3,68.3,15.5,11.7,9.4,11.3,4.3,16.1,ROE 4y avg 16.9%; Profit CAGR 14.7%; 5Y CAGR 34.2%; Debt/Equity 37.5,Revenue CAGR 6.4%; Operating margin 9.1%; P/B 13.4,,,28,0.88,,1.0,0.25,0.42,,0.34,0.88,1.0,0.7,0.81,,0.78,0.11,0.93,0.98,1.0,0.29,0.49,0.82,0.44,0.69,1.0,0.99,0.28,0.73,1.0,0.83,0.6,0.67,1.0,,-3.9,-3.9,-4.5,-2.3,47.9,13.9,472.2,54.8,335.2,34.2,
NSE:GLENMARK,Glenmark Pharmaceuticals Limited,Healthcare,Drug Manufacturers - Specialty & Generic,Mid,65787.0,2331.0,36.6,0.7,23.86682,,13.496,6.26,,,2.2,-19.1,15.7,10.1,13.5,66.1,5.6,10.5,0.26,31.3,-29.7,0.32,7.8,46.65,0.0,5.4,8.1,12952.4,39.50505499340036,,68.2,68.2,5.0,14.0,11.4,12.4,3.8,21.6,Revenue CAGR 13.5%; 3Y CAGR 40.5%; PE vs sector 0.70×; 5Y CAGR 35.4%,ROE 4y avg 2.2%; ROE worst year -19.1%; Dividend yield 0.3%,,,28,0.0,,0.0,0.48,0.44,,0.81,0.75,1.0,0.93,0.46,,0.71,0.57,0.99,1.0,1.0,0.55,0.66,0.84,0.38,0.69,0.87,0.8,0.82,1.0,1.0,1.0,0.84,0.88,1.0,,19.0,19.0,39.8,18.3,176.6,40.5,481.4,55.4,354.3,35.4,
NSE:LODHA,Lodha Developers Limited,Realty,Real Estate - Development,Large,110474.0,1105.6,26.8,0.82,22.528257,,19.51,4.74,,,10.3,3.8,37.1,22.7,20.4,91.7,42.2,7.2,0.611,44.2,-57.3,0.38,10.3,70.31,-1.59,9.3,17.8,27150.6,11.68213443812396,47.8,68.2,68.2,13.6,15.1,10.0,10.4,3.9,15.1,Revenue CAGR 20.4%; PE vs sector 0.82×; Debt/Equity 42.2; Operating margin 37.1%,1Y return -3.0%; P/B 4.74; ROE worst year 3.8%,,,28,0.42,,0.19,0.91,0.72,,1.0,0.75,0.95,0.88,0.62,,0.47,0.36,0.92,0.92,0.99,0.17,0.04,1.0,0.4,0.76,1.0,0.47,0.3,0.6,0.82,0.73,0.98,0.65,1.0,,-3.0,-3.0,-9.5,-4.8,40.2,12.0,138.8,24.3,109.6,16.0,
NSE:AVANTIFEED,Avanti Feeds Limited,Fast Moving Consumer Goods,Packaged Foods,Micro,9714.0,713.0,18.3,0.44,16.076664,,13.223,2.96,,,16.4,13.3,4.8,8.4,5.9,29.6,0.4,681.2,0.152,42.3,-52.1,1.41,23.1,43.23,0.0,-32.5,55.3,2968.2,19.698316267368774,,68.0,68.0,13.9,11.8,14.0,10.2,4.7,13.3,Profit CAGR 29.6%; ROE 4y avg 16.4%; PE vs sector 0.44×; 3Y CAGR 17.1%,Revenue CAGR 5.9%; Operating margin 4.8%; 5Y CAGR 5.3%,,,28,0.86,,0.89,0.07,0.43,,0.29,1.0,0.9,1.0,0.82,,0.72,0.86,1.0,1.0,1.0,0.23,0.12,0.33,0.64,1.0,0.78,0.8,0.63,0.84,0.32,0.96,0.0,0.11,1.0,,11.1,11.1,14.2,6.9,60.6,17.1,46.1,10.0,29.5,5.3,
NSE:CHENNPETRO,Chennai Petroleum Corporation Limited,Oil Gas & Consumable Fuels,Oil & Gas Refining & Marketing,Small,19969.0,1341.0,4.8,0.42,3.3441396,,3.327,1.8,,,29.0,2.6,5.1,5.5,-6.0,-4.2,17.7,35.7,0.042,52.5,-61.2,4.6,4.6,67.29,0.0,22.0,20.1,29570.4,41.813151057772544,53.1,67.4,67.4,12.7,3.4,13.9,9.9,5.3,22.2,ROE 4y avg 29.0%; PE vs sector 0.42×; 3Y CAGR 39.0%; 1Y return 77.8%,Revenue CAGR -6.0%; Profit CAGR -4.2%; Operating margin 5.1%,,,28,1.0,,0.13,0.22,0.28,,0.0,0.0,1.0,1.0,1.0,,1.0,0.47,0.96,1.0,1.0,0.07,0.0,0.53,1.0,0.61,1.0,0.8,1.0,1.0,1.0,1.0,0.92,0.6,1.0,,77.8,77.9,43.9,20.0,167.9,39.0,469.5,54.6,988.4,61.2,
NSE:GABRIEL,Gabriel India Limited,Automobile and Auto Components,Auto Parts,Small,25104.0,1310.0,74.3,2.09,32.955975,,51.503,13.77,,,18.0,15.2,6.4,5.2,16.3,24.0,10.6,24.7,0.711,45.1,-37.4,0.38,27.4,66.29,11.29,16.5,18.1,8097.2,61.993293427589016,56.6,67.4,67.4,15.1,16.4,0.4,10.9,4.6,20.0,Profit CAGR 24.0%; Revenue CAGR 16.3%; ROE 4y avg 18.0%; 3Y CAGR 58.6%,PE vs sector 2.09×; Operating margin 6.4%; P/B 13.8,,,28,0.92,,1.0,0.22,0.27,,0.93,0.99,1.0,0.0,0.0,,0.0,0.1,0.98,1.0,0.94,0.15,0.5,0.59,0.4,1.0,1.0,1.0,0.5,1.0,1.0,1.0,1.0,0.65,1.0,,6.0,6.0,153.6,59.3,297.9,58.6,780.5,72.4,745.1,53.3,
NSE:UNOMINDA,UNO Minda Limited,Automobile and Auto Components,Auto Parts,Mid,64157.0,1111.0,53.5,1.51,35.480743,,30.209,9.39,,,16.8,15.7,7.1,5.8,20.5,22.4,37.7,10.5,0.297,35.7,-31.6,0.24,12.7,68.36,-0.35,-4.1,19.6,8446.6,21.711582423909093,48.4,67.2,67.2,15.4,16.8,2.3,11.8,4.1,16.6,Revenue CAGR 20.5%; Profit CAGR 22.4%; ROE 4y avg 16.8%; 3Y CAGR 22.5%,PE vs sector 1.51×; 1Y return -16.1%; Operating margin 7.1%,,,28,0.87,,1.0,0.3,0.35,,1.0,0.97,1.0,0.15,0.12,,0.1,0.2,0.92,1.0,1.0,0.43,0.62,0.83,0.36,0.82,1.0,0.73,0.09,0.95,1.0,1.0,0.53,0.61,1.0,,-16.1,-16.1,2.6,1.3,83.7,22.5,99.7,18.9,207.8,25.2,
NSE:ANANTRAJ,Anant Raj Limited,Realty,Real Estate - Development,Small,20765.0,577.0,35.4,1.08,20.324059,,30.38,3.59,,,8.1,5.3,26.5,22.8,37.9,54.5,11.7,54.6,0.352,49.9,-56.6,0.17,4.5,57.42,-2.7,6.1,22.4,15247.0,37.70053383994922,52.7,67.2,67.2,11.6,17.0,7.7,10.1,3.3,17.5,Revenue CAGR 37.9%; Profit CAGR 54.5%; 3Y CAGR 37.7%; 5Y CAGR 49.8%,ROE 4y avg 8.1%; 1Y return -17.3%; EV/EBITDA 30.4×,,,28,0.21,,0.27,0.83,0.76,,1.0,1.0,1.0,0.62,0.49,,0.09,0.55,0.98,1.0,1.0,0.1,0.05,0.54,0.34,0.61,0.99,0.22,0.09,1.0,1.0,1.0,0.86,0.57,1.0,,-17.3,-17.3,-20.6,-10.9,160.5,37.7,514.7,57.6,654.9,49.8,
NSE:HDBFS,HDB Financial Services Limited,Financial Services,Credit Services,Mid,51360.0,619.95,18.5,0.88,13.0780325,,,2.49,,,15.3,12.3,42.4,29.8,14.0,9.1,484.3,2.0,,24.7,-35.0,0.65,12.0,74.12,-0.07,-9.7,22.2,3641.9,,48.2,67.2,67.2,18.9,12.2,12.8,9.6,4.3,9.4,Revenue CAGR 14.0%; ROE 4y avg 15.3%; PE vs sector 0.88×; forward P/E 13.1 vs P/E 18.5,1Y return -19.7%; Price vs 200-DMA -9.7%,,,20,0.81,,0.82,,0.72,,0.84,0.45,1.0,0.82,0.81,,,0.75,,,,0.72,0.55,0.78,0.46,0.8,1.0,0.79,0.08,,,,0.36,1.0,1.0,,-19.7,-19.7,,,,,,,,,2Y n/a: listed/data from 2025-07-02; 3Y n/a: listed/data from 2025-07-02; 4Y n/a: listed/data from 2025-07-02; 5Y n/a: listed/data from 2025-07-02
NSE:ZFCVINDIA,ZF Commercial Vehicle Control Systems India Limited,Automobile and Auto Components,Auto Parts,Small,25436.0,2235.0,2.5,0.07,,,,6.89,,,14.0,13.2,,,6.2,17.6,1.5,130.8,,31.1,-44.2,0.18,,60.0,0.0,,26.6,2981.4,-6.097581269964492,55.0,67.0,67.0,18.3,10.6,13.3,11.1,3.8,9.8,Profit CAGR 17.6%; PE vs sector 0.07×; Debt/Equity 1.50; Interest cover 130.8×,3Y CAGR -4.5%; Revenue CAGR 6.2%; Beat Nifty 500 (3Y) -4.5%,,,21,0.72,,0.88,,,,0.32,0.93,,1.0,1.0,,,0.45,1.0,1.0,,0.55,0.32,0.59,0.34,,1.0,0.8,0.42,0.08,0.67,0.0,,1.0,1.0,,2.9,2.9,-16.5,-8.6,-12.9,-4.5,35.9,8.0,85.3,13.1,
NSE:LT,Larsen & Toubro Limited,Construction,Engineering & Construction,Large,508162.0,3693.4,30.7,1.26,20.532993,1.06,16.579,4.65,,,14.2,11.7,10.6,5.6,16.1,15.4,97.6,10.1,0.507,24.4,-24.3,1.03,31.5,0.0,0.0,-6.7,16.8,62032.5,9.139288306110593,43.1,67.0,67.0,14.9,15.8,8.4,11.2,4.4,12.3,Revenue CAGR 16.1%; Profit CAGR 15.4%; 5Y CAGR 16.8%; forward P/E 20.5 vs P/E 30.7,3Y CAGR 6.3%; 1Y return 0.6%; P/B 4.65,,widely held (no promoter) - promoter checks not applicable,27,0.74,,0.77,0.55,0.36,,0.92,0.9,1.0,0.43,0.56,0.82,0.59,0.31,0.52,1.0,1.0,0.73,0.76,1.0,0.56,1.0,,,0.36,0.35,0.84,0.41,0.45,0.68,1.0,,0.6,0.6,1.1,0.5,20.2,6.3,103.0,19.4,117.7,16.8,
NSE:SONACOMS,Sona BLW Precision Forgings Limited,Automobile and Auto Components,Auto Parts,Mid,50242.0,805.0,71.9,2.03,47.720474,,44.5,8.37,,,14.6,10.7,16.6,14.2,18.8,17.4,7.2,47.8,0.454,36.1,-45.6,0.45,30.4,28.01,-0.01,30.6,4.6,19867.1,11.762250774378803,45.5,66.8,66.8,18.7,16.3,1.2,11.4,3.6,15.6,Revenue CAGR 18.8%; Profit CAGR 17.4%; 1Y return 94.6%; Debt/Equity 7.20,PE vs sector 2.03×; 5Y CAGR 7.4%; P/E 71.9,,,28,0.77,,0.67,0.78,0.89,,0.98,0.92,1.0,0.0,0.0,,0.0,0.3,0.99,1.0,1.0,0.42,0.28,0.77,0.41,1.0,0.35,0.8,1.0,0.56,0.38,0.68,0.59,0.85,1.0,,94.6,94.7,10.1,4.9,37.6,11.2,75.2,15.1,43.1,7.4,
NSE:CDSL,Central Depository Services (India) Limited,Financial Services,Capital Markets,Small,25968.0,1242.5,55.2,2.63,41.588234,,37.7,13.25,,,26.1,22.7,48.9,36.8,27.3,18.2,0.1,3511.0,0.391,36.4,-46.1,1.03,55.5,15.0,0.0,-5.3,25.8,17688.9,24.461685064121163,53.2,66.8,66.8,22.7,16.5,0.4,8.0,3.4,15.9,ROE 4y avg 26.1%; Revenue CAGR 27.3%; Profit CAGR 18.2%; 3Y CAGR 23.0%,PE vs sector 2.63×; 1Y return -15.8%; P/B 13.2,,,24,1.0,,1.0,,0.79,,1.0,0.93,1.0,0.0,0.11,,,0.0,,,1.0,0.41,0.27,0.6,0.56,1.0,0.0,0.8,0.1,0.96,0.73,1.0,0.49,1.0,1.0,,-15.8,-15.8,-13.5,-7.0,85.9,23.0,102.1,19.3,92.7,14.0,
NSE:RAILTEL,Railtel Corporation Of India Limited,Telecommunication,Telecom Services,Micro,8264.0,257.5,23.9,0.54,17.340067,,12.333,3.65,-1.04,16.3,13.8,11.4,11.0,8.1,29.8,22.5,2.8,51.6,0.713,46.5,-58.0,1.26,26.4,72.84,0.0,-15.7,35.8,2126.6,5.011336644441355,,66.6,66.6,13.3,16.8,12.8,9.7,5.0,9.0,Revenue CAGR 29.8%; Profit CAGR 22.5%; PE vs sector 0.54×; Debt/Equity 2.80,1Y return -33.0%; 3Y CAGR 5.1%; FCF yield -1.0%,,,30,0.7,0.85,0.74,0.44,0.48,0.05,1.0,0.97,1.0,0.99,0.68,,0.76,0.64,0.99,1.0,0.94,0.13,0.03,0.28,0.61,1.0,1.0,0.8,0.01,0.31,0.8,0.35,0.14,0.4,1.0,,-33.0,-33.0,-43.3,-24.7,16.2,5.1,144.3,25.1,101.2,15.0,
NSE:LICHSGFIN,LIC Housing Finance Limited,Financial Services,Mortgage Finance,Small,27998.0,509.0,4.9,0.23,4.669868,,,0.68,,,13.6,10.6,82.4,65.2,10.3,24.7,642.5,,0.228,30.8,-41.8,1.96,9.6,45.24,0.0,-4.5,14.9,13080.0,5.0717574498580165,56.6,66.6,66.6,18.1,13.7,13.4,9.0,4.7,7.7,Profit CAGR 24.7%; PE vs sector 0.23×; Net margin 65.2%; P/E 4.90,3Y CAGR 2.2%; 1Y return -11.8%; 5Y CAGR 3.5%,,,24,0.69,,0.66,,0.95,,0.63,1.0,0.78,1.0,1.0,,,0.48,,,1.0,0.56,0.4,0.62,0.77,0.74,0.83,0.8,0.15,0.22,0.26,0.2,0.52,0.9,1.0,,-11.8,-11.8,-22.8,-12.1,6.6,2.2,26.5,6.1,18.9,3.5,
NSE:CGCL,Capri Global Capital Limited,Financial Services,Credit Services,Small,24056.0,250.02,21.3,1.01,12.92093,,,3.35,,,9.3,5.7,50.4,35.0,49.7,66.8,334.7,34.9,-0.017,53.7,-81.1,0.08,1.7,59.92,-0.03,22.3,13.0,13145.6,-31.387879641591798,55.8,66.3,66.3,10.5,15.3,9.7,5.7,3.6,21.5,Revenue CAGR 49.7%; 1Y return 32.0%; forward P/E 12.9 vs P/E 21.3; Beta -0.02,ROE 4y avg 9.3%; P/B 3.35; ROE worst year 5.7%,,,21,0.33,,0.29,,0.77,,1.0,0.75,1.0,0.69,0.74,,,0.38,,,1.0,0.06,0.0,0.58,0.32,0.54,1.0,0.79,0.97,,,,0.91,0.78,1.0,,32.0,32.1,20.7,9.9,,,,,,,3Y blanked: unadjusted -75% move on 2024-01-01; 4Y blanked: unadjusted -75% move on 2024-01-01; 5Y blanked: unadjusted -75% move on 2024-01-01
NSE:MARUTI,Maruti Suzuki India Limited,Automobile and Auto Components,Auto Manufacturers,Large,357979.0,11386.0,25.0,0.7,18.793056,0.77,16.054,3.34,,,13.9,11.1,4.8,7.3,15.9,21.1,0.1,81.1,0.228,23.4,-33.5,1.23,29.6,58.65,0.37,-17.6,34.5,44420.8,3.8189651307481753,53.1,66.3,66.3,12.2,16.2,13.0,12.9,5.0,6.9,Profit CAGR 21.1%; Revenue CAGR 15.9%; PE vs sector 0.70×; Debt/Equity 0.10,1Y return -28.7%; Operating margin 4.8%; 3Y CAGR 3.2%,,,29,0.71,,0.71,0.08,0.5,,0.92,0.96,1.0,0.93,0.65,0.92,0.61,0.8,1.0,1.0,1.0,0.76,0.58,1.0,0.6,1.0,0.99,0.87,0.03,0.25,0.48,0.25,0.11,0.42,1.0,,-28.7,-28.7,-13.5,-7.0,10.0,3.2,33.2,7.4,59.0,9.7,
NSE:PHOENIXLTD,The Phoenix Mills Limited,Realty,Real Estate - Diversified,Mid,69032.0,1930.0,54.0,1.65,38.688435,,28.225,6.28,,,12.0,9.4,50.8,28.2,18.4,-2.9,37.2,6.3,0.317,35.5,-31.6,0.13,7.0,47.25,-0.01,6.1,11.1,11040.2,27.670539444296672,49.5,66.2,66.2,17.0,10.0,2.1,11.5,3.7,21.9,Revenue CAGR 18.4%; 3Y CAGR 28.6%; 5Y CAGR 32.1%; Operating margin 50.8%,Profit CAGR -2.9%; PE vs sector 1.65×; P/B 6.28,,,28,0.56,,0.54,0.95,0.82,,0.97,0.0,1.0,0.11,0.12,,0.14,0.18,0.93,0.89,1.0,0.43,0.62,0.86,0.33,0.68,0.88,0.8,0.88,1.0,1.0,1.0,0.86,0.82,1.0,,23.4,23.4,10.1,4.9,112.2,28.6,178.0,29.2,301.4,32.1,
NSE:PETRONET,Petronet LNG Limited,Oil Gas & Consumable Fuels,Oil & Gas Refining & Marketing,Mid,42825.0,285.5,10.2,0.89,10.044428,,6.037,1.92,,,20.1,17.6,24.0,11.3,-9.7,5.6,10.5,23.5,0.458,27.6,-34.0,3.5,35.7,50.0,0.0,1.5,12.5,5356.3,9.362706101194028,52.2,66.2,66.2,21.5,3.6,12.4,12.2,5.8,10.6,ROE 4y avg 20.1%; Debt/Equity 10.5; PE vs sector 0.89×; Operating margin 24.0%,Revenue CAGR -9.7%; Profit CAGR 5.6%; 3Y CAGR 6.1%,,,28,1.0,,1.0,0.83,0.69,,0.0,0.24,0.59,0.81,0.97,,1.0,0.42,0.98,1.0,1.0,0.65,0.57,0.74,1.0,1.0,0.95,0.8,0.45,0.34,0.27,0.4,0.7,0.85,1.0,,4.0,4.0,-17.0,-8.9,19.3,6.1,43.7,9.5,21.2,3.9,
NSE:VEDL,Vedanta Limited,Metals & Mining,Other Industrial Metals & Mining,Mid,98421.0,252.05,11.1,0.6,7.8392186,,4.228,1.98,,,30.6,13.8,31.2,23.2,-19.2,18.0,48.0,7.8,0.368,47.2,-68.0,13.49,118.6,54.72,-1.66,-45.9,68.3,27693.5,9.474073495968561,47.3,66.1,66.1,21.8,9.7,14.6,10.3,2.5,7.1,ROE 4y avg 30.6%; Profit CAGR 18.0%; PE vs sector 0.60×; Debt/Equity 48.0,Revenue CAGR -19.2%; Dividend yield 13.5%; Max drawdown 3y -68.0%,,,24,1.0,,0.92,0.82,0.83,,0.0,0.93,1.0,0.97,0.96,,1.0,0.74,0.9,0.93,1.0,0.13,0.0,0.99,0.3,0.0,0.97,0.45,,,,,0.0,0.03,1.0,,,,,,,,,,,,1Y blanked: unadjusted -65% move on 2026-04-30; 2Y blanked: unadjusted -65% move on 2026-04-30; 3Y blanked: unadjusted -65% move on 2026-04-30; 4Y blanked: unadjusted -65% move on 2026-04-30; 5Y blanked: unadjusted -65% move on 2026-04-30
NSE:PARADEEP,Paradeep Phosphates Limited,Chemicals,Agricultural Inputs,Small,15682.0,151.0,14.6,0.4,13.187773,,9.608,2.31,,,9.4,2.8,10.0,4.6,28.8,48.5,101.8,4.9,-0.086,44.5,-55.2,0.99,9.7,57.86,0.66,12.2,25.1,10819.4,29.106296218777715,52.4,66.1,66.1,6.6,16.5,14.7,7.6,4.5,16.1,Revenue CAGR 28.8%; Profit CAGR 48.5%; PE vs sector 0.40×; 3Y CAGR 28.1%,ROE 4y avg 9.4%; 1Y return -22.9%; Operating margin 10.0%,,,27,0.34,,0.14,0.33,0.19,,1.0,1.0,0.86,1.0,0.91,,0.86,0.85,0.49,0.83,1.0,0.16,0.07,0.48,0.55,0.74,0.99,0.93,0.06,1.0,,1.0,1.0,0.54,1.0,,-22.9,-23.0,68.7,29.9,109.7,28.1,145.9,25.3,,,5Y n/a: listed/data from 2022-05-27
NSE:PNB,Punjab National Bank,Financial Services,Banks - Regional,Large,125928.0,109.57,5.7,0.27,6.388563,,,0.81,,15.0,9.4,3.3,48.0,38.1,10.0,76.4,,,0.5,34.4,-37.7,2.74,15.6,70.08,0.0,-3.9,18.9,17213.5,16.78989247619782,54.4,66.1,66.1,12.2,9.8,14.4,10.4,5.6,13.8,PE vs sector 0.27×; 5Y CAGR 22.0%; Net margin 38.1%; ROE latest 15.0%,ROE 4y avg 9.4%; 1Y return -2.6%; forward P/E 6.4 vs P/E 5.7,,,25,0.34,0.8,0.17,,0.8,,0.61,0.75,0.16,1.0,1.0,,,0.68,,,1.0,0.47,0.5,1.0,0.94,0.89,1.0,0.8,0.31,0.48,0.94,0.58,0.53,0.63,1.0,,-2.6,-2.6,4.1,2.1,31.7,9.6,209.1,32.6,169.9,22.0,
NSE:ELGIEQUIP,Elgi Equipments Limited,Capital Goods,Specialty Industrial Machinery,Small,18423.0,584.4,41.1,0.79,31.93443,,31.078,8.25,,,21.1,18.8,12.3,10.8,9.1,5.1,23.9,23.7,0.104,44.6,-47.6,0.46,15.5,31.19,0.0,7.0,10.6,2838.6,5.011336644441355,53.9,66.0,66.0,18.8,8.6,8.7,10.3,3.6,16.0,ROE 4y avg 21.1%; PE vs sector 0.79×; 5Y CAGR 23.5%; Debt/Equity 23.9,Profit CAGR 5.1%; 3Y CAGR 4.3%; EV/EBITDA 31.1×,,,28,1.0,,1.0,0.47,0.58,,0.56,0.21,1.0,0.9,0.36,,0.08,0.49,0.95,1.0,1.0,0.16,0.22,0.51,0.42,0.89,0.48,0.8,0.86,0.28,0.97,0.31,0.9,0.81,1.0,,21.3,21.3,-13.8,-7.2,13.5,4.3,38.3,8.5,187.8,23.5,
NSE:CEATLTD,CEAT Limited,Automobile and Auto Components,Auto Parts,Small,13286.0,3284.5,22.5,0.63,13.821714,,7.555,2.26,,,11.5,5.4,4.1,3.6,11.6,55.4,64.7,3.8,0.464,37.5,-30.3,1.06,20.5,47.29,0.08,-7.1,26.0,3750.0,16.78989247619782,48.5,65.9,65.9,7.1,15.0,14.2,9.4,4.7,15.5,Profit CAGR 55.4%; PE vs sector 0.63×; 3Y CAGR 15.3%; 5Y CAGR 20.1%,Operating margin 4.1%; 1Y return -5.8%; Net margin 3.6%,,,28,0.52,,0.27,0.06,0.16,,0.71,1.0,1.0,0.96,0.71,,0.94,0.88,0.78,0.63,1.0,0.38,0.64,0.45,0.56,1.0,0.88,0.82,0.25,0.81,0.9,0.88,0.44,0.53,1.0,,-5.8,-5.8,2.9,1.4,53.3,15.3,109.6,20.3,150.1,20.1,
NSE:SANSERA,Sansera Engineering Limited,Automobile and Auto Components,Auto Parts,Small,26582.0,4258.8,82.3,2.32,46.96797,,38.788,8.58,,,11.2,7.8,13.1,9.3,14.8,30.4,19.0,12.5,0.779,32.9,-40.2,0.09,6.3,29.21,-1.13,52.6,10.2,11598.3,65.4867779982965,42.6,65.7,65.7,13.1,16.2,1.1,11.3,2.8,21.2,Profit CAGR 30.4%; Revenue CAGR 14.8%; 3Y CAGR 66.1%; 1Y return 205.0%,PE vs sector 2.32×; P/E 82.3; EV/EBITDA 38.8×,,,28,0.5,,0.39,0.63,0.65,,0.89,1.0,1.0,0.0,0.0,,0.0,0.28,0.96,1.0,0.91,0.51,0.44,0.6,0.32,0.66,0.41,0.57,1.0,1.0,1.0,1.0,0.2,0.84,1.0,,205.0,205.2,154.7,59.7,357.5,66.1,508.1,57.1,427.7,39.5,
NSE:CRAFTSMAN,Craftsman Automation Limited,Automobile and Auto Components,Auto Parts,Small,26887.0,10280.0,53.0,1.49,29.053501,,20.971,7.51,,,13.7,6.8,10.8,5.3,36.2,15.6,111.0,2.8,0.339,36.7,-40.4,0.11,2.6,42.41,-6.29,17.9,14.3,5902.5,30.13792068543242,,65.5,65.5,12.5,16.4,4.1,7.2,2.7,22.6,Revenue CAGR 36.2%; Profit CAGR 15.6%; 3Y CAGR 30.3%; 1Y return 52.8%,PE vs sector 1.49×; Net margin 5.3%; P/E 53.0,,,28,0.7,,0.34,0.53,0.29,,1.0,0.91,1.0,0.16,0.13,,0.4,0.38,0.42,0.45,1.0,0.4,0.44,0.61,0.33,0.57,0.76,0.0,1.0,1.0,1.0,1.0,1.0,0.74,1.0,,52.8,52.9,57.6,25.6,120.8,30.3,273.9,39.1,387.3,37.3,
NSE:KOTAKBANK,Kotak Mahindra Bank Limited,Financial Services,Banks - Regional,Large,416170.0,418.35,20.5,0.98,17.80935,0.94,,2.3,,,13.0,10.6,34.8,28.5,13.5,8.9,,,0.285,22.7,-22.0,0.16,2.5,25.87,-0.01,5.2,7.7,62501.8,4.859979650801716,51.9,65.5,65.5,15.9,11.6,12.7,12.6,2.6,10.2,Revenue CAGR 13.5%; forward P/E 17.8 vs P/E 20.5; PEG 0.94; P/B 2.30,5Y CAGR 1.0%; 3Y CAGR 6.6%; 1Y return 1.4%,,,25,0.64,,0.66,,0.71,,0.81,0.43,0.91,0.72,0.76,0.87,,0.85,,,1.0,0.78,0.81,1.0,0.34,0.56,0.24,0.8,0.38,0.36,0.18,0.42,0.83,0.82,1.0,,1.4,1.4,11.3,5.5,21.1,6.6,17.3,4.1,4.9,1.0,
NSE:RAINBOW,Rainbow Childrens Medicare Limited,Healthcare,Medical Care Facilities,Micro,12986.0,1280.0,45.5,0.87,32.35755,,22.976,7.88,,,17.6,16.6,19.7,15.7,13.1,9.7,53.6,5.6,0.139,34.0,-34.1,0.27,0.0,49.84,-0.01,-3.5,20.5,1395.2,8.150909291045782,,65.4,65.4,19.9,12.1,8.4,10.6,3.6,10.9,ROE 4y avg 17.6%; PE vs sector 0.87×; Debt/Equity 53.6; forward P/E 32.4 vs P/E 45.5,3Y CAGR 7.0%; 1Y return -4.7%; P/E 45.5,,,27,0.9,,1.0,0.67,0.74,,0.79,0.48,1.0,0.83,0.26,,0.3,0.43,0.87,0.87,1.0,0.48,0.57,0.45,0.37,0.5,0.95,0.8,0.27,0.37,,0.44,0.55,1.0,1.0,,-4.7,-4.8,-12.1,-6.2,22.3,7.0,97.3,18.6,,,5Y n/a: listed/data from 2022-05-10
NSE:MAXHEALTH,Max Healthcare Institute Limited,Healthcare,Medical Care Facilities,Mid,91584.0,940.95,63.3,1.22,40.24055,,42.029,8.52,,,13.1,11.5,19.7,16.7,22.4,9.3,32.4,8.8,0.113,34.1,-28.3,0.21,13.4,23.71,-0.03,-8.6,23.0,19953.5,17.421858411326106,41.7,65.4,65.4,16.7,13.3,4.6,12.2,2.9,15.8,Revenue CAGR 22.4%; 3Y CAGR 16.7%; Debt/Equity 32.4; 5Y CAGR 21.3%,1Y return -15.5%; EV/EBITDA 42.0×; P/E 63.3,,,28,0.65,,0.75,0.67,0.78,,1.0,0.46,1.0,0.48,0.05,,0.0,0.39,0.94,0.96,1.0,0.47,0.68,0.96,0.35,0.84,0.17,0.79,0.1,0.83,0.93,0.94,0.39,1.0,1.0,,-15.5,-15.5,-3.0,-1.5,58.9,16.7,126.7,22.7,162.3,21.3,
NSE:SIEMENS,Siemens Limited,Capital Goods,Specialty Industrial Machinery,Large,135468.0,3804.0,80.0,1.54,56.13101,,72.674,9.79,,,15.5,13.3,7.5,19.0,3.0,10.9,2.2,152.1,0.576,30.0,-41.9,0.47,25.3,75.0,0.0,8.2,8.3,13505.4,19.675046765175285,47.6,65.3,65.3,16.5,8.1,2.2,12.3,4.5,21.6,ROE 4y avg 15.5%; 3Y CAGR 22.0%; Debt/Equity 2.20; 5Y CAGR 24.7%,Revenue CAGR 3.0%; PE vs sector 1.54×; Operating margin 7.5%,,,28,0.82,,0.89,0.2,0.89,,0.12,0.57,1.0,0.14,0.0,,0.0,0.35,1.0,1.0,1.0,0.58,0.39,1.0,0.42,1.0,1.0,0.8,0.87,0.94,0.99,1.0,0.94,0.82,1.0,,21.9,21.9,-13.7,-7.1,81.5,22.0,139.4,24.4,201.6,24.7,
NSE:NAVA,NAVA LIMITED,Power,Conglomerates,Small,15577.0,549.8,20.6,0.76,,,10.023,1.78,,,13.1,9.0,35.1,17.5,6.8,-5.3,20.7,180.9,0.437,48.4,-44.7,1.54,33.6,50.03,-0.1,-6.2,25.6,1506.9,41.18049416637128,48.8,65.3,65.3,16.4,3.2,12.8,10.4,5.0,17.5,3Y CAGR 36.0%; PE vs sector 0.76×; 5Y CAGR 55.9%; Debt/Equity 20.7,Profit CAGR -5.3%; Revenue CAGR 6.8%; 1Y return -14.5%,,,27,0.65,,0.5,0.74,0.82,,0.38,0.0,,0.91,0.76,,0.85,0.63,0.96,1.0,1.0,0.12,0.31,0.48,0.67,1.0,0.95,0.78,0.11,1.0,1.0,1.0,0.46,1.0,1.0,,-14.5,-14.5,-0.2,-0.1,151.4,36.0,516.8,57.7,819.7,55.9,
NSE:CHOICEIN,Choice International Limited,Financial Services,Capital Markets,Small,15929.0,715.0,67.1,3.2,47.571526,,,8.46,,,15.4,12.6,27.4,20.2,42.3,53.6,49.8,4.7,-0.29,28.4,-31.3,,0.0,53.65,-1.38,-3.5,16.9,4911.1,52.54903019002985,50.5,65.1,65.1,18.3,17.0,0.1,9.6,3.3,16.9,Revenue CAGR 42.3%; Profit CAGR 53.6%; ROE 4y avg 15.4%; 3Y CAGR 50.6%,PE vs sector 3.20×; P/B 8.46; 1Y return -6.1%,,,23,0.82,,0.84,,0.59,,1.0,1.0,1.0,0.0,0.02,,,0.0,,,1.0,0.63,0.62,0.48,0.3,0.5,0.97,0.51,0.25,1.0,,1.0,0.55,0.94,1.0,,-6.1,-6.1,50.3,22.6,241.1,50.6,546.1,59.5,,,5Y n/a: listed/data from 2022-04-08
NSE:UNITDSPR,United Spirits Limited,Fast Moving Consumer Goods,Beverages - Wineries & Distilleries,Mid,94799.0,1335.1,56.2,1.35,43.58699,,42.911,10.59,,,19.7,19.0,13.2,14.9,5.6,17.4,4.6,15.0,0.143,25.7,-26.9,1.27,58.8,56.67,0.0,-2.4,14.6,11356.2,8.858723345293296,45.5,65.1,65.1,20.0,11.5,3.5,13.0,4.9,12.2,ROE 4y avg 19.7%; Profit CAGR 17.4%; Debt/Equity 4.60; forward P/E 43.6 vs P/E 56.2,Revenue CAGR 5.6%; PE vs sector 1.35×; 1Y return -0.9%,,,28,0.99,,1.0,0.51,0.8,,0.26,0.92,1.0,0.32,0.1,,0.0,0.32,0.99,1.0,1.0,0.7,0.71,0.98,0.61,1.0,0.98,0.8,0.34,0.51,0.46,0.62,0.58,0.89,1.0,,-0.9,-0.9,-17.1,-9.0,33.7,10.2,61.4,12.7,54.3,9.1,
NSE:KSB,Ksb Limited,Capital Goods,Specialty Industrial Machinery,Small,14042.0,806.85,57.2,1.1,40.14179,,39.293,8.26,-0.9,15.2,16.2,16.0,9.7,9.0,14.0,14.0,0.4,120.0,-0.16,34.0,-40.5,0.55,31.2,69.8,0.0,-1.5,21.5,1967.2,14.649214638606134,50.3,65.1,65.1,14.3,14.7,5.8,11.3,4.6,14.4,ROE 4y avg 16.2%; Revenue CAGR 14.0%; Profit CAGR 14.0%; 5Y CAGR 26.8%,FCF yield -0.9%; Operating margin 9.7%; 1Y return -0.8%,,,30,0.85,0.81,1.0,0.33,0.46,0.06,0.84,0.82,1.0,0.6,0.1,,0.0,0.47,1.0,1.0,1.0,0.48,0.44,0.46,0.44,1.0,1.0,0.8,0.34,0.49,1.0,0.6,0.6,0.58,1.0,,-0.8,-0.8,-11.0,-5.7,32.5,9.9,96.0,18.4,227.2,26.8,
NSE:DIXON,Dixon Technologies (India) Limited,Consumer Durables,Consumer Electronics,Mid,77218.0,12700.0,41.3,0.85,45.273163,,38.303,14.15,,,27.2,19.9,2.3,3.6,58.6,77.9,18.5,16.6,-0.151,38.8,-48.9,0.08,2.6,28.55,-0.4,5.9,27.4,57195.5,35.82937078867556,63.3,65.0,65.0,14.6,12.6,6.9,11.2,2.7,16.9,ROE 4y avg 27.2%; Revenue CAGR 58.6%; 3Y CAGR 33.9%; PE vs sector 0.85×,Operating margin 2.3%; 1Y return -22.8%; P/B 14.2,,,28,1.0,,1.0,0.03,0.26,,1.0,0.75,0.21,0.85,0.35,,0.0,0.19,0.96,1.0,1.0,0.34,0.18,0.89,0.32,0.57,0.38,0.72,0.06,1.0,0.93,1.0,0.86,0.51,1.0,,-22.8,-22.8,-10.5,-5.4,139.7,33.9,195.4,31.1,162.1,21.3,
NSE:PIDILITIND,Pidilite Industries Limited,Chemicals,Specialty Chemicals,Large,149114.0,1464.0,56.5,1.55,46.16904,,39.357,13.76,,,20.5,17.7,24.1,17.2,7.4,24.4,3.8,62.2,0.402,21.5,-23.7,0.79,38.5,69.24,-0.09,-2.2,14.3,12969.6,6.324860737668847,51.8,65.0,65.0,22.4,13.1,1.6,13.3,4.7,10.0,ROE 4y avg 20.5%; Profit CAGR 24.4%; Debt/Equity 3.80; Operating margin 24.1%,PE vs sector 1.55×; 3Y CAGR 6.5%; 5Y CAGR 3.9%,,,28,1.0,,1.0,0.86,0.83,,0.44,0.99,0.98,0.13,0.1,,0.0,0.12,0.99,1.0,1.0,0.81,0.78,1.0,0.5,1.0,1.0,0.78,0.34,0.35,0.27,0.42,0.58,0.89,1.0,,-0.8,-0.8,-12.3,-6.4,20.7,6.5,10.2,2.5,21.1,3.9,
NSE:CARTRADE,Cartrade Tech Limited,Consumer Services,Auto & Truck Dealerships,Small,13612.0,2800.0,60.3,1.07,35.236813,,45.481,5.4,,,4.3,0.7,26.0,28.7,28.7,87.2,5.4,24.2,0.017,49.3,-50.3,,0.0,0.0,0.0,19.0,14.9,14807.3,68.70995849226608,,64.9,64.9,10.0,15.3,6.8,10.2,2.3,20.4,Revenue CAGR 28.7%; 3Y CAGR 68.8%; Debt/Equity 5.40; Operating margin 26.0%,ROE 4y avg 4.3%; EV/EBITDA 45.5×; ROE worst year 0.7%,,widely held (no promoter) - promoter checks not applicable,26,0.0,,0.03,0.87,0.96,,1.0,0.75,1.0,0.63,0.07,,0.0,0.7,0.99,1.0,1.0,0.11,0.15,0.46,0.3,0.5,,,0.72,1.0,0.84,1.0,1.0,0.73,1.0,,14.8,14.9,183.3,68.4,379.9,68.8,365.6,47.0,117.7,16.8,
NSE:FSL,Firstsource Solutions Limited,Services,Information Technology Services,Small,17267.0,250.05,26.3,1.0,15.6392975,,14.543,3.94,,,14.8,13.9,12.4,6.7,17.1,9.5,67.1,5.7,0.166,41.9,-48.1,2.2,57.8,53.66,0.0,-3.8,32.7,8415.4,16.838748324806208,48.6,64.9,64.9,15.3,13.0,10.4,9.2,5.4,11.7,Revenue CAGR 17.1%; 3Y CAGR 15.2%; forward P/E 15.6 vs P/E 26.3; Interest cover 5.70×,1Y return -23.2%; 5Y CAGR 5.1%; Net margin 6.7%,,,28,0.78,,0.93,0.43,0.38,,0.94,0.47,1.0,0.7,0.63,,0.67,0.57,0.76,0.87,1.0,0.24,0.21,0.5,0.82,1.0,0.97,0.8,0.06,0.8,0.31,0.88,0.54,0.44,1.0,,-23.2,-23.3,-19.8,-10.5,52.8,15.2,142.5,24.8,28.3,5.1,
NSE:KPRMILL,K.P.R. Mill Limited,Textiles,Textile Manufacturing,Mid,36578.0,1067.9,40.0,1.0,29.693882,,26.452,6.41,,,18.0,15.2,16.4,13.4,2.3,2.1,10.5,27.7,0.297,37.5,-37.6,0.47,18.7,67.52,0.0,7.9,19.9,2809.1,13.159094044769137,53.2,64.9,64.9,20.6,4.6,7.5,11.6,4.5,16.1,ROE 4y avg 18.0%; Debt/Equity 10.5; 5Y CAGR 20.2%; forward P/E 29.7 vs P/E 40.0,Profit CAGR 2.1%; Revenue CAGR 2.3%; 1Y return 1.7%,,,28,0.92,,1.0,0.72,0.8,,0.09,0.08,1.0,0.7,0.38,,0.17,0.4,0.98,1.0,1.0,0.38,0.5,0.71,0.42,0.97,1.0,0.8,0.39,0.57,0.9,0.69,0.93,1.0,1.0,,1.7,1.7,11.5,5.6,37.7,11.3,101.5,19.2,151.4,20.2,
NSE:SUNTV,Sun TV Network Limited,Media Entertainment & Publication,Broadcasting,Small,23657.0,600.3,15.5,0.4,13.489887,,6.899,1.87,,,15.7,11.4,43.9,34.0,4.7,-5.5,0.8,140.4,0.13,30.6,-48.3,3.33,32.2,75.0,0.0,11.1,9.6,7344.6,2.025368545859263,58.4,64.9,64.9,21.4,4.4,13.6,11.3,5.8,8.5,ROE 4y avg 15.7%; PE vs sector 0.40×; Operating margin 43.9%; Debt/Equity 0.80,Profit CAGR -5.5%; Revenue CAGR 4.7%; 3Y CAGR -1.2%,,,28,0.83,,0.74,1.0,1.0,,0.19,0.0,0.91,1.0,0.89,,0.97,0.5,1.0,1.0,1.0,0.57,0.2,0.57,1.0,1.0,1.0,0.8,0.34,0.13,0.24,0.03,1.0,0.8,1.0,,-0.5,-0.5,-29.4,-16.0,-3.6,-1.2,18.9,4.4,15.2,2.9,
NSE:POLYMED,Poly Medicure Limited,Healthcare,Medical Instruments & Supplies,Small,16644.0,1642.0,52.8,1.01,33.64754,,35.375,5.36,,,13.7,10.7,16.9,15.8,19.1,22.7,11.2,24.4,0.011,39.7,-61.9,0.21,11.3,62.42,-0.02,5.6,21.6,2376.9,4.1580437306558915,,64.8,64.8,16.0,16.7,7.2,10.3,4.1,10.6,Revenue CAGR 19.1%; Profit CAGR 22.7%; Debt/Equity 11.2; forward P/E 33.6 vs P/E 52.8,1Y return -16.0%; 3Y CAGR 4.8%; EV/EBITDA 35.4×,,,28,0.7,,0.67,0.54,0.76,,0.98,0.98,1.0,0.69,0.13,,0.0,0.66,0.98,1.0,1.0,0.31,0.0,0.49,0.35,0.78,1.0,0.8,0.1,0.3,0.59,0.33,0.85,1.0,1.0,,-16.0,-16.0,-30.4,-16.6,15.1,4.8,84.4,16.6,75.1,11.9,
NSE:JINDALSAW,Jindal Saw Limited,Capital Goods,Steel,Small,17280.0,271.0,26.5,0.51,11.630901,,11.215,1.37,,,11.9,7.7,5.2,3.6,0.4,14.8,38.2,3.5,0.466,47.0,-58.3,0.74,19.5,63.25,-0.01,17.6,15.3,5906.2,16.814325508809436,46.6,64.8,64.8,7.4,9.5,14.3,8.4,4.7,20.5,Profit CAGR 14.8%; PE vs sector 0.51×; 5Y CAGR 36.6%; 1Y return 32.2%,Revenue CAGR 0.4%; Operating margin 5.2%; Net margin 3.6%,,,28,0.55,,0.39,0.04,0.09,,0.02,0.88,1.0,1.0,0.63,,0.8,1.0,0.92,0.57,1.0,0.13,0.03,0.5,0.49,0.99,1.0,0.8,0.97,0.73,1.0,0.83,1.0,0.72,1.0,,32.2,32.2,-26.5,-14.3,48.1,14.0,563.7,60.6,376.1,36.6,
NSE:NTPC,NTPC Limited,Power,Utilities - Regulated Electric,Large,305542.0,315.1,9.6,0.35,11.183265,,9.779,1.5,,,12.6,11.5,21.7,14.5,1.9,16.9,128.3,3.2,0.287,24.7,-32.3,3.92,27.1,51.1,0.0,-12.5,24.0,27544.6,12.688572626632165,50.9,64.7,64.7,15.8,7.0,14.9,8.4,5.8,12.8,Profit CAGR 16.9%; PE vs sector 0.35×; 5Y CAGR 17.6%; P/B 1.50,Revenue CAGR 1.9%; 1Y return -7.4%; forward P/E 11.2 vs P/E 9.6,,,28,0.61,,0.75,0.6,0.75,,0.08,0.92,0.07,1.0,0.98,,0.86,0.84,0.3,0.52,1.0,0.72,0.6,1.0,1.0,1.0,0.96,0.8,0.23,0.47,0.85,0.57,0.25,1.0,1.0,,-7.4,-7.4,-28.4,-15.4,30.6,9.3,96.5,18.4,125.2,17.6,
NSE:CAMS,Computer Age Management Services Limited,Financial Services,Information Technology Services,Small,16824.0,677.25,34.0,1.62,25.92015,,24.189,12.71,,,38.3,36.0,40.0,31.8,16.0,18.6,4.9,91.0,0.206,33.1,-40.3,1.89,62.9,0.0,0.0,-8.1,19.8,8409.1,10.793165135089279,53.8,64.7,64.7,22.4,16.0,2.7,8.5,5.0,10.1,ROE 4y avg 38.3%; Profit CAGR 18.6%; Revenue CAGR 16.0%; forward P/E 25.9 vs P/E 34.0,PE vs sector 1.62×; 1Y return -11.4%; P/B 12.7,,widely held (no promoter) - promoter checks not applicable,22,1.0,,1.0,,0.74,,0.92,0.94,1.0,0.11,0.52,,,0.0,,,1.0,0.5,0.44,0.49,0.75,0.94,,,0.16,0.52,0.23,0.63,0.41,1.0,1.0,,-11.4,-11.4,-26.1,-14.0,34.5,10.4,36.9,8.2,13.4,2.6,
NSE:IDBI,IDBI Bank Limited,Financial Services,Banks - Regional,Mid,93653.0,87.1,10.0,0.48,17.775509,0.51,,1.33,,13.9,11.3,8.0,54.2,48.6,7.9,35.5,,,0.838,45.3,-47.0,2.43,24.2,94.71,0.0,0.6,26.4,11385.5,9.251111425627956,56.7,64.5,64.5,14.6,10.1,15.9,7.8,5.2,10.8,Profit CAGR 35.5%; PE vs sector 0.48×; P/B 1.33; PEG 0.51,forward P/E 17.8 vs P/E 10.0; 3Y CAGR 7.0%; 1Y return -6.3%,,,26,0.5,0.71,0.4,,0.88,,0.49,1.0,0.0,1.0,0.97,1.0,,1.0,,,0.88,0.15,0.24,0.97,0.87,1.0,0.75,0.8,0.24,0.37,0.58,0.44,0.67,0.52,1.0,,-6.3,-6.3,-1.4,-0.7,22.6,7.0,110.1,20.4,73.3,11.6,
NSE:CASTROLIND,Castrol India Limited,Oil Gas & Consumable Fuels,Oil & Gas Refining & Marketing,Small,19604.0,198.2,18.5,1.62,16.769665,,12.532,10.29,3.6,57.0,43.7,40.7,24.8,17.1,6.2,5.2,2.8,139.0,0.311,30.2,-38.4,6.28,81.6,51.0,0.0,6.8,4.3,5236.0,16.397565715517292,57.6,64.4,64.4,22.1,6.5,5.8,11.6,4.6,13.7,ROE 4y avg 43.7%; Debt/Equity 2.80; Operating margin 24.8%; ROE latest 57.0%,Profit CAGR 5.2%; Revenue CAGR 6.2%; PE vs sector 1.62×,,,30,1.0,1.0,1.0,0.87,0.86,0.77,0.32,0.21,0.86,0.11,0.81,,0.75,0.11,0.99,1.0,1.0,0.58,0.48,0.53,0.74,0.57,0.95,0.8,0.33,0.67,0.38,0.79,0.89,0.86,1.0,,-1.0,-1.0,-18.6,-9.8,44.4,13.1,77.7,15.5,42.1,7.3,
NSE:COROMANDEL,Coromandel International Limited,Chemicals,Agricultural Inputs,Mid,51839.0,1760.0,28.4,0.78,18.215271,,15.786,4.13,,,19.3,15.6,6.8,5.6,10.2,-0.9,11.5,9.2,0.127,29.2,-34.9,0.62,24.1,56.35,-0.55,-14.1,29.6,2645.9,16.667573689093484,47.7,64.4,64.4,15.3,7.7,11.1,12.1,4.5,13.8,ROE 4y avg 19.3%; PE vs sector 0.78×; Debt/Equity 11.5; 3Y CAGR 15.5%,Profit CAGR -0.9%; 1Y return -21.7%; Operating margin 6.8%,,,28,0.97,,1.0,0.19,0.26,,0.63,0.0,1.0,0.91,0.6,,0.62,0.5,0.98,0.98,1.0,0.6,0.55,0.78,0.46,1.0,0.98,0.69,0.07,0.81,0.84,0.89,0.19,0.48,1.0,,-21.7,-21.7,2.1,1.0,53.8,15.5,78.5,15.6,120.5,17.1,
NSE:KFINTECH,Kfin Technologies Limited,Financial Services,Software - Application,Small,14383.0,832.0,42.2,2.01,29.910122,,28.158,8.58,,,22.1,20.5,26.6,24.4,22.5,20.6,3.3,100.7,-0.242,43.1,-49.6,1.44,38.1,22.82,-0.08,-10.6,31.5,8818.7,23.178931855872186,49.0,64.4,64.4,21.8,16.7,1.2,6.4,3.8,14.5,ROE 4y avg 22.1%; Revenue CAGR 22.5%; Profit CAGR 20.6%; 3Y CAGR 19.7%,PE vs sector 2.01×; 1Y return -23.0%; P/B 8.58,,,23,1.0,,1.0,,0.66,,1.0,0.96,1.0,0.0,0.33,,,0.0,,,1.0,0.21,0.16,0.47,0.65,1.0,0.16,0.78,0.06,0.89,,1.0,0.33,1.0,1.0,,-23.0,-23.0,-26.8,-14.5,71.4,19.7,,,,,4Y n/a: listed/data from 2022-12-29; 5Y n/a: listed/data from 2022-12-29
NSE:DEEPAKFERT,Deepak Fertilizers and Petrochemicals Corporation Limited,Chemicals,Chemicals,Small,16501.0,1305.8,16.8,0.46,10.460348,0.98,10.848,2.41,,,14.4,8.2,22.7,8.1,2.6,-15.2,76.0,4.0,0.049,44.6,-49.6,0.77,12.8,45.63,0.0,1.4,22.3,4350.6,27.157223594683998,47.6,64.3,64.3,15.9,4.1,14.1,8.0,4.2,17.9,PE vs sector 0.46×; 3Y CAGR 26.0%; 5Y CAGR 25.6%; Operating margin 22.7%,Profit CAGR -15.2%; Revenue CAGR 2.6%; 1Y return -15.9%,,,29,0.75,,0.42,0.83,0.46,,0.1,0.0,1.0,1.0,0.85,0.86,0.82,0.81,0.69,0.67,1.0,0.16,0.16,0.49,0.49,0.82,0.84,0.8,0.1,1.0,1.0,1.0,0.7,1.0,1.0,,-15.9,-15.9,17.2,8.2,99.9,26.0,48.3,10.4,213.0,25.6,
NSE:ULTRACEMCO,UltraTech Cement Limited,Construction Materials,Building Materials,Large,315056.0,10710.0,36.9,1.09,24.78438,1.22,19.037,4.11,,,10.0,8.5,15.5,9.3,11.9,17.3,29.4,7.0,0.495,23.0,-20.6,2.24,26.7,59.33,0.1,-8.5,18.3,29157.7,8.378416475927363,44.4,64.1,64.1,13.4,14.6,8.2,12.8,5.5,9.7,Profit CAGR 17.3%; Debt/Equity 29.4; forward P/E 24.8 vs P/E 36.9; Interest cover 7.00×,ROE 4y avg 10.0%; 1Y return -11.5%; P/B 4.11,,,29,0.4,,0.45,0.76,0.7,,0.72,0.92,1.0,0.61,0.46,0.75,0.49,0.18,0.94,0.91,1.0,0.77,0.84,1.0,0.83,1.0,1.0,0.82,0.16,0.45,0.38,0.54,0.39,0.64,1.0,,-11.5,-11.5,-9.5,-4.9,29.0,8.9,71.6,14.5,43.1,7.4,
NSE:FORTIS,Fortis Healthcare Limited,Healthcare,Medical Care Facilities,Mid,59264.0,785.0,56.5,1.09,34.434116,0.42,30.981,5.99,,,8.8,7.8,16.3,11.0,13.3,21.0,34.2,5.8,0.652,30.5,-29.8,0.13,7.2,31.17,0.0,-13.7,28.9,11327.9,33.32638852716767,41.5,64.1,64.1,9.5,15.4,8.5,11.7,3.1,15.9,Profit CAGR 21.0%; Revenue CAGR 13.3%; 3Y CAGR 32.3%; 5Y CAGR 24.2%,ROE 4y avg 8.8%; 1Y return -20.7%; EV/EBITDA 31.0×,,,29,0.28,,0.39,0.51,0.5,,0.8,0.96,1.0,0.61,0.1,1.0,0.08,0.61,0.93,0.87,0.97,0.57,0.65,0.81,0.33,0.68,0.48,0.8,0.07,1.0,0.98,1.0,0.2,0.49,1.0,,-20.7,-20.7,27.5,12.9,131.1,32.3,200.7,31.7,195.4,24.2,
NSE:MANAPPURAM,Manappuram Finance Limited,Financial Services,Credit Services,Small,29016.0,308.9,18.9,0.9,10.030334,,,1.81,,,12.6,6.3,52.4,30.5,7.3,-12.5,360.2,,0.79,37.9,-38.6,1.29,12.2,41.66,6.41,-0.2,19.0,17171.0,31.230911812124074,45.0,64.1,64.1,13.9,6.3,13.8,8.3,4.5,17.3,3Y CAGR 27.3%; PE vs sector 0.90×; forward P/E 10.0 vs P/E 18.9; P/B 1.81,Profit CAGR -12.5%; ROE worst year 6.3%; Volatility 37.9%,,,24,0.61,,0.32,,0.72,,0.43,0.0,1.0,0.8,0.8,,,1.0,,,0.91,0.36,0.48,0.63,0.62,0.81,0.74,1.0,0.55,1.0,0.57,1.0,0.64,0.62,1.0,,7.9,7.9,56.4,25.1,106.2,27.3,222.6,34.1,72.0,11.5,
NSE:JYOTICNC,Jyoti CNC Automation Limited,Capital Goods,Specialty Industrial Machinery,Small,23625.0,1038.8,73.5,1.41,42.92562,,45.079,11.81,,,10.0,-6.7,18.4,14.7,31.2,,42.6,8.3,-0.42,51.0,-59.2,,0.0,62.55,0.0,26.5,8.4,12508.8,,43.3,64.0,64.0,12.4,17.0,2.5,9.6,3.5,19.0,Revenue CAGR 31.2%; Debt/Equity 42.6; forward P/E 42.9 vs P/E 73.5; Interest cover 8.30×,ROE 4y avg 10.0%; PE vs sector 1.41×; ROE worst year -6.7%,,,24,0.4,,0.0,0.78,0.8,,1.0,,1.0,0.26,0.0,,0.0,0.25,0.91,0.95,1.0,0.09,0.01,0.57,0.3,0.5,1.0,0.8,0.79,,,,0.74,0.87,1.0,,17.6,17.6,-10.7,-5.5,,,,,,,3Y n/a: listed/data from 2024-01-16; 4Y n/a: listed/data from 2024-01-16; 5Y n/a: listed/data from 2024-01-16
NSE:BLUESTARCO,Blue Star Limited,Consumer Durables,Building Products & Equipment,Small,30008.0,1459.6,58.8,1.21,37.799107,,35.969,8.75,,,20.2,15.4,3.5,4.0,15.8,9.6,23.6,12.1,0.146,33.5,-37.6,0.58,36.4,36.5,0.01,-13.8,28.2,7880.1,23.420115855534362,47.7,63.6,63.6,15.3,12.9,4.7,11.6,4.0,15.1,ROE 4y avg 20.2%; Revenue CAGR 15.8%; 3Y CAGR 18.2%; 5Y CAGR 26.3%,1Y return -22.3%; Operating margin 3.5%; EV/EBITDA 36.0×,,,28,1.0,,1.0,0.09,0.33,,0.92,0.48,1.0,0.49,0.08,,0.0,0.38,0.95,1.0,1.0,0.49,0.5,0.64,0.45,1.0,0.61,0.8,0.06,0.86,1.0,1.0,0.2,0.5,1.0,,-22.3,-22.3,-30.4,-16.6,64.9,18.2,159.3,26.9,221.0,26.3,
NSE:JMFINANCIL,JM Financial Limited,Financial Services,Capital Markets,Micro,11807.0,123.37,11.4,0.54,8.224667,,,1.11,,,8.0,4.8,47.2,30.9,19.1,26.3,102.4,,0.407,42.4,-48.1,1.42,29.9,57.03,0.52,-4.5,32.4,3517.9,14.851730784176187,,63.6,63.6,8.4,16.9,15.7,6.5,5.1,11.0,Profit CAGR 26.3%; Revenue CAGR 19.1%; PE vs sector 0.54×; forward P/E 8.2 vs P/E 11.4,ROE 4y avg 8.0%; 1Y return -24.4%; 5Y CAGR 6.0%,,,24,0.2,,0.24,,0.73,,0.98,1.0,1.0,0.99,0.95,,,1.0,,,1.0,0.23,0.21,0.41,0.64,1.0,0.99,0.9,0.05,0.71,0.34,0.82,0.52,0.45,1.0,,-24.4,-24.4,-19.8,-10.5,46.6,13.6,72.8,14.7,34.1,6.0,
NSE:SCHAEFFLER,Schaeffler India Limited,Automobile and Auto Components,Auto Parts,Mid,60349.0,3861.0,48.2,1.36,38.360588,,31.293,9.84,0.65,21.6,19.0,17.6,14.8,11.9,12.3,9.4,0.8,396.5,0.111,31.4,-39.2,0.9,43.6,74.13,0.0,-3.7,13.6,2350.5,5.761657436129197,,63.4,63.4,19.1,11.6,3.4,12.1,4.8,12.4,ROE 4y avg 19.0%; Debt/Equity 0.80; 5Y CAGR 21.5%; ROE latest 21.6%,PE vs sector 1.36×; 3Y CAGR 5.8%; 1Y return -7.1%,,,30,0.96,1.0,1.0,0.71,0.78,0.23,0.75,0.46,1.0,0.31,0.19,,0.07,0.18,1.0,1.0,1.0,0.55,0.47,0.82,0.53,1.0,1.0,0.8,0.23,0.33,0.93,0.38,0.54,0.87,1.0,,-7.1,-7.1,-1.2,-0.6,18.4,5.8,22.0,5.1,165.0,21.5,
NSE:BPCL,Bharat Petroleum Corporation Limited,Oil Gas & Consumable Fuels,Oil & Gas Refining & Marketing,Large,128434.0,300.6,7.5,0.66,7.576785,0.28,5.537,1.28,,,20.4,4.0,-4.0,3.5,-1.2,129.7,54.3,12.8,0.87,28.7,-34.6,6.65,56.1,52.98,0.0,-6.6,23.2,16766.4,25.316531121165433,49.1,63.3,63.3,11.6,6.7,14.7,11.9,5.1,13.3,ROE 4y avg 20.4%; PE vs sector 0.66×; 3Y CAGR 20.8%; Debt/Equity 54.3,Revenue CAGR -1.2%; Operating margin -4.0%; 1Y return -11.5%,,,29,1.0,,0.2,0.08,0.18,,0.0,0.75,0.46,0.95,1.0,1.0,1.0,0.68,0.87,1.0,0.86,0.62,0.56,1.0,0.67,1.0,0.96,0.8,0.16,0.92,0.36,1.0,0.45,0.56,1.0,,-11.5,-11.5,-18.4,-9.7,76.1,20.8,94.7,18.2,38.8,6.8,
NSE:AFFLE,Affle 3i Limited,Information Technology,Advertising Agencies,Small,20421.0,1451.0,43.0,1.62,29.289564,,28.88,5.58,,,13.5,11.9,17.9,16.8,23.6,23.0,0.4,175.9,0.104,35.3,-40.9,,0.0,54.91,-0.09,-5.0,27.2,5268.4,9.167265566578852,44.0,63.3,63.3,18.2,16.9,3.6,11.4,3.5,9.8,Revenue CAGR 23.6%; Profit CAGR 23.0%; Debt/Equity 0.40; forward P/E 29.3 vs P/E 43.0,PE vs sector 1.62×; 1Y return -26.2%; 5Y CAGR 6.0%,,,28,0.68,,0.79,0.75,0.9,,1.0,0.98,1.0,0.11,0.31,,0.12,0.4,1.0,1.0,1.0,0.44,0.42,0.53,0.3,0.5,0.97,0.78,0.04,0.46,0.34,0.56,0.5,1.0,1.0,,-26.2,-26.2,-9.3,-4.8,30.0,9.2,16.3,3.9,33.9,6.0,
NSE:BALRAMCHIN,Balrampur Chini Mills Limited,Fast Moving Consumer Goods,Confectioners,Small,13712.0,648.0,35.7,0.86,17.814432,,23.388,3.16,,,11.5,9.1,4.3,5.8,10.4,10.0,76.6,8.3,0.374,38.3,-40.8,1.08,19.2,42.86,0.0,20.1,17.0,20158.9,15.028348398847523,,63.2,63.2,8.4,11.1,10.6,9.6,4.5,18.9,PE vs sector 0.86×; 1Y return 42.0%; forward P/E 17.8 vs P/E 35.7; Interest cover 8.30×,Operating margin 4.3%; Net margin 5.8%; EV/EBITDA 23.4×,,,28,0.52,,0.51,0.05,0.27,,0.64,0.5,1.0,0.84,0.48,,0.28,0.82,0.69,0.95,1.0,0.35,0.43,0.46,0.57,0.98,0.77,0.8,1.0,0.77,0.61,0.86,1.0,0.67,1.0,,42.0,42.1,-4.6,-2.3,50.6,14.6,88.3,17.2,77.2,12.1,
NSE:SAGILITY,SAGILITY LIMITED,Information Technology,Health Information Services,Small,20209.0,43.17,20.4,0.77,14.588944,,10.869,2.06,,,5.5,2.3,15.8,13.0,19.5,86.1,11.5,13.5,,40.8,-33.3,0.46,2.4,50.95,-16.43,-1.1,25.4,9962.6,,,63.2,63.2,8.0,15.2,13.9,10.9,3.2,12.0,Revenue CAGR 19.5%; PE vs sector 0.77×; Debt/Equity 11.5; forward P/E 14.6 vs P/E 20.4,ROE 4y avg 5.5%; 1Y return -0.8%; ROE worst year 2.3%,,,24,0.03,,0.11,0.62,0.74,,0.99,0.75,1.0,0.91,0.77,,0.82,0.92,0.98,1.0,,0.28,0.58,0.53,0.42,0.56,0.95,0.0,0.34,,,,0.62,0.53,1.0,,-0.8,-0.8,,,,,,,,,2Y n/a: listed/data from 2024-11-12; 3Y n/a: listed/data from 2024-11-12; 4Y n/a: listed/data from 2024-11-12; 5Y n/a: listed/data from 2024-11-12
NSE:GAIL,GAIL (India) Limited,Oil Gas & Consumable Fuels,Utilities - Regulated Gas,Large,112579.0,171.22,11.4,1.0,9.30889,,8.943,1.26,,,11.2,8.5,14.8,6.7,-0.9,10.5,27.8,11.1,0.507,30.3,-39.5,3.21,39.9,51.79,-0.09,3.4,8.4,14490.6,14.826455314437448,43.0,63.0,63.0,12.2,7.0,12.7,12.2,5.8,13.1,Debt/Equity 27.8; Interest cover 11.1×; forward P/E 9.3 vs P/E 11.4; Dividend yield 3.2%,Revenue CAGR -0.9%; 1Y return -1.9%,,,28,0.5,,0.45,0.63,0.42,,0.0,0.54,0.98,0.7,0.95,,0.89,0.74,0.94,1.0,1.0,0.58,0.46,1.0,1.0,1.0,0.96,0.78,0.32,0.57,0.47,0.69,0.77,0.87,1.0,,-1.9,-1.9,-28.6,-15.5,38.1,11.4,101.1,19.1,57.4,9.5,
NSE:GALLANTT,Gallantt Ispat Limited,Capital Goods,Steel,Micro,12820.0,531.35,29.5,0.57,,,19.432,3.87,,,11.1,6.3,13.5,9.8,2.2,50.9,16.5,16.4,1.064,50.3,-43.8,0.38,6.9,70.03,1.1,-14.7,44.0,632.9,78.38053505445977,,62.9,62.9,11.5,9.2,12.5,9.9,4.1,15.6,Profit CAGR 50.9%; 3Y CAGR 81.7%; PE vs sector 0.57×; 5Y CAGR 47.5%,Revenue CAGR 2.2%; 1Y return -20.5%; ROE worst year 6.3%,,,27,0.49,,0.32,0.54,0.51,,0.09,1.0,,0.98,0.58,,0.47,0.87,0.97,1.0,0.73,0.1,0.34,0.44,0.4,0.67,1.0,1.0,0.07,1.0,1.0,1.0,0.16,0.27,1.0,,-20.5,-20.5,46.5,21.0,498.4,81.7,803.2,73.5,597.6,47.5,
NSE:BAJAJHFL,Bajaj Housing Finance Limited,Financial Services,Mortgage Finance,Mid,69269.0,83.17,25.7,1.22,18.994785,,,3.08,,12.7,12.1,10.8,80.9,63.2,25.5,26.7,460.7,760.7,0.726,28.9,-59.7,,0.0,86.7,-2.0,-3.6,26.7,2995.7,,41.8,62.7,62.7,16.2,17.0,8.2,8.4,2.9,9.9,Revenue CAGR 25.5%; Profit CAGR 26.7%; forward P/E 19.0 vs P/E 25.7; Net margin 63.2%,1Y return -25.6%; Dividend yield; Max drawdown 3y -59.7%,,,22,0.57,0.62,0.68,,0.95,,1.0,1.0,1.0,0.48,0.64,,,0.47,,,0.94,0.61,0.0,0.86,0.3,0.5,0.8,0.38,0.05,,,,0.54,1.0,1.0,,-25.6,-25.6,-45.8,-26.4,,,,,,,3Y n/a: listed/data from 2024-09-16; 4Y n/a: listed/data from 2024-09-16; 5Y n/a: listed/data from 2024-09-16
NSE:CIPLA,Cipla Limited,Healthcare,Drug Manufacturers - Specialty & Generic,Large,108578.0,1344.0,32.3,0.62,21.171803,,19.15,3.15,,,13.9,11.3,12.5,12.0,7.2,11.5,1.8,109.3,0.078,22.8,-28.3,0.97,31.2,29.21,0.02,-2.0,19.7,13928.6,3.880780545848306,49.1,62.7,62.7,14.4,10.5,12.3,13.1,3.9,8.5,PE vs sector 0.62×; Debt/Equity 1.80; forward P/E 21.2 vs P/E 32.3; Interest cover 109.3×,3Y CAGR 4.4%; 1Y return -11.2%; 5Y CAGR 6.4%,,,28,0.71,,0.73,0.36,0.57,,0.42,0.62,1.0,0.96,0.54,,0.48,0.86,1.0,1.0,1.0,0.78,0.68,1.0,0.54,1.0,0.41,0.8,0.16,0.29,0.35,0.31,0.59,0.61,1.0,,-11.2,-11.2,-19.3,-10.2,13.6,4.4,18.9,4.4,36.3,6.4,
NSE:BANKINDIA,Bank of India,Financial Services,Banks - Regional,Mid,58948.0,129.48,4.8,0.23,5.139625,,,0.65,,13.7,9.7,6.4,48.5,35.0,7.3,39.0,,,0.775,37.2,-40.6,3.59,17.2,73.38,0.0,-12.2,27.4,9147.7,9.723825099576167,53.7,62.6,62.6,12.4,10.6,13.2,8.9,5.7,11.8,Profit CAGR 39.0%; PE vs sector 0.23×; 5Y CAGR 18.0%; P/E 4.80,ROE 4y avg 9.7%; 3Y CAGR 4.7%; forward P/E 5.1 vs P/E 4.8,,,25,0.37,0.7,0.32,,0.77,,0.43,1.0,0.26,1.0,1.0,,,0.44,,,0.91,0.38,0.43,0.81,1.0,0.93,1.0,0.8,0.45,0.3,0.86,0.33,0.26,0.51,1.0,,3.9,3.9,16.8,8.1,14.8,4.7,173.7,28.7,128.8,18.0,
NSE:AIIL,Authum Investment & Infrastructure Limited,Financial Services,Capital Markets,Mid,45773.0,539.0,28.1,1.34,,,,3.11,,,52.3,13.1,92.4,82.1,44.4,-23.5,24.6,12.8,-0.022,52.5,-39.3,0.04,0.0,68.81,0.02,4.1,21.1,2702.3,,62.6,62.5,62.5,23.3,8.5,7.0,8.0,3.6,12.2,ROE 4y avg 52.3%; Revenue CAGR 44.4%; Net margin 82.1%; ROE worst year 13.1%,Profit CAGR -23.5%; 1Y return -12.6%; PE vs sector 1.34×,,,20,1.0,,0.87,,0.98,,1.0,0.0,,0.34,0.6,,,0.46,,,1.0,0.07,0.46,0.75,0.31,0.5,1.0,0.8,0.14,,,,0.79,1.0,1.0,,-12.6,-12.6,47.8,21.6,,,,,,,3Y n/a: listed/data from 2024-04-23; 4Y n/a: listed/data from 2024-04-23; 5Y n/a: listed/data from 2024-04-23
NSE:JKCEMENT,JK Cement Limited,Construction Materials,Building Materials,Mid,38286.0,4955.0,40.5,1.2,25.440699,0.94,18.717,5.44,,,13.0,9.0,11.9,6.6,12.1,32.8,87.5,4.4,0.399,30.4,-37.6,0.4,12.3,45.66,0.0,-8.2,26.7,2846.7,14.699910738354083,,62.4,62.4,13.7,15.2,7.6,9.5,4.0,12.4,Profit CAGR 32.8%; 3Y CAGR 15.8%; forward P/E 25.4 vs P/E 40.5; PEG 0.94,1Y return -21.5%; P/B 5.44; P/E 40.5,,,29,0.64,,0.5,0.64,0.41,,0.73,1.0,1.0,0.5,0.37,0.87,0.5,0.09,0.6,0.74,1.0,0.57,0.5,0.72,0.4,0.81,0.84,0.8,0.07,0.82,0.46,0.9,0.4,0.52,1.0,,-21.5,-21.5,7.2,3.5,55.1,15.8,94.3,18.1,54.3,9.1,
NSE:ESCORTS,Escorts Kubota Limited,Capital Goods,Farm & Heavy Construction Machinery,Small,29432.0,2675.0,21.3,0.41,19.248953,1.61,15.852,2.42,,,12.7,7.8,9.0,11.3,11.3,55.5,1.3,116.6,0.28,30.3,-37.5,1.24,26.3,68.04,0.0,-15.1,32.9,2620.3,-4.135317964272945,,62.4,62.4,11.9,14.4,12.9,11.9,5.0,6.3,Profit CAGR 55.5%; PE vs sector 0.41×; Debt/Equity 1.30; Interest cover 116.6×,3Y CAGR -5.1%; 1Y return -26.7%; Operating margin 9.0%,,,29,0.62,,0.39,0.29,0.6,,0.69,1.0,0.86,1.0,0.74,0.58,0.62,0.94,1.0,1.0,1.0,0.58,0.5,0.64,0.6,1.0,1.0,0.8,0.04,0.07,0.64,0.0,0.15,0.44,1.0,,-26.7,-26.7,-36.6,-20.4,-14.6,-5.1,29.5,6.7,81.2,12.6,
NSE:ITCHOTELS,ITC Hotels Limited,Consumer Services,Resorts & Casinos,Small,33069.0,158.75,38.3,0.68,27.07746,,21.441,2.84,,,6.5,5.9,20.1,20.3,,,0.6,142.6,,33.1,-45.9,0.63,24.1,39.85,-0.02,-4.9,30.0,3580.7,,,62.2,62.2,10.5,17.0,11.7,11.1,4.2,7.8,PE vs sector 0.68×; Debt/Equity 0.60; forward P/E 27.1 vs P/E 38.3; Interest cover 142.6×,ROE 4y avg 6.5%; 1Y return -28.4%; ROE worst year 5.9%,,,22,0.1,,0.3,0.75,0.82,,,,1.0,0.94,0.42,,0.38,0.91,1.0,1.0,,0.5,0.27,0.68,0.46,1.0,0.7,0.8,0.03,,,,0.5,0.47,1.0,,-28.4,-28.4,,,,,,,,,2Y n/a: listed/data from 2025-01-29; 3Y n/a: listed/data from 2025-01-29; 4Y n/a: listed/data from 2025-01-29; 5Y n/a: listed/data from 2025-01-29
NSE:PGEL,PG Electroplast Limited,Consumer Durables,Electronic Components,Small,13783.0,481.1,67.6,1.39,29.177223,,33.455,4.51,,,12.3,6.4,6.0,3.5,33.8,36.4,19.6,7.1,-0.16,52.0,-56.9,0.05,3.5,43.37,-0.35,-12.7,25.3,8055.6,39.14444209063734,,62.1,62.1,9.8,17.0,5.3,9.6,3.3,17.1,Revenue CAGR 33.8%; Profit CAGR 36.4%; 3Y CAGR 39.4%; 5Y CAGR 64.4%,PE vs sector 1.39×; 1Y return -5.8%; Operating margin 6.0%,,,28,0.58,,0.32,0.33,0.23,,1.0,1.0,1.0,0.28,0.02,,0.03,0.88,0.96,0.91,1.0,0.08,0.05,0.46,0.31,0.59,0.78,0.73,0.25,1.0,1.0,1.0,0.24,0.53,1.0,,-5.8,-5.8,-23.9,-12.8,170.7,39.4,380.5,48.1,1098.9,64.4,
NSE:JSWSTEEL,JSW Steel Limited,Metals & Mining,Steel,Large,300973.0,1233.0,12.2,0.66,16.923319,,10.329,3.01,,,11.1,4.4,15.3,13.1,3.6,75.3,95.4,4.5,0.627,27.3,-15.0,0.58,9.8,44.29,-1.02,-0.7,8.7,19980.4,15.629814749591088,39.9,62.1,62.1,12.0,6.1,12.7,10.6,3.8,17.0,PE vs sector 0.66×; 3Y CAGR 17.0%; P/E 12.2; EV/EBITDA 10.3×,Revenue CAGR 3.6%; forward P/E 16.9 vs P/E 12.2; ROE worst year 4.4%,,,28,0.49,,0.22,0.58,0.65,,0.14,0.75,0.0,0.95,0.94,,0.84,0.42,0.54,0.76,0.99,0.66,0.93,1.0,0.45,0.74,0.81,0.6,0.54,0.84,0.65,0.95,0.63,0.87,1.0,,7.6,7.6,20.0,9.6,60.1,17.0,97.7,18.6,82.9,12.8,
NSE:DOMS,DOMS Industries Limited,Fast Moving Consumer Goods,Business Equipment & Supplies,Micro,12805.0,2110.0,59.2,1.42,40.266537,,32.929,10.5,,,21.6,18.8,8.8,8.9,24.2,33.9,10.8,36.1,-0.291,35.8,-33.1,0.17,8.8,63.39,-7.0,-8.1,23.4,885.9,,,62.0,62.0,17.2,17.0,3.3,11.4,3.4,9.9,ROE 4y avg 21.6%; Revenue CAGR 24.2%; Profit CAGR 33.9%; Debt/Equity 10.8,PE vs sector 1.42×; 1Y return -16.0%; Operating margin 8.8%,,,25,1.0,,1.0,0.3,0.46,,1.0,1.0,1.0,0.24,0.08,,0.04,0.36,0.98,1.0,1.0,0.43,0.59,0.44,0.34,0.72,1.0,0.0,0.1,,,,0.41,1.0,1.0,,-16.0,-16.0,-20.8,-11.0,,,,,,,3Y n/a: listed/data from 2023-12-20; 4Y n/a: listed/data from 2023-12-20; 5Y n/a: listed/data from 2023-12-20
NSE:TORNTPOWER,Torrent Power Limited,Power,Utilities - Independent Power Producers,Mid,62887.0,1248.0,27.1,1.0,20.664068,,13.062,3.3,,,16.0,12.7,14.0,8.0,4.0,4.5,70.9,4.7,0.626,36.0,-38.3,1.61,43.4,51.09,0.0,-11.6,31.6,4350.8,21.237200618665696,45.9,62.0,62.0,15.1,5.7,9.5,10.1,5.1,16.5,ROE 4y avg 16.0%; 3Y CAGR 18.5%; 5Y CAGR 19.9%; forward P/E 20.7 vs P/E 27.1,Revenue CAGR 4.0%; Profit CAGR 4.5%; Operating margin 14.0%,,,28,0.84,,0.85,0.35,0.38,,0.16,0.18,1.0,0.7,0.62,,0.73,0.32,0.73,0.8,0.99,0.42,0.48,0.83,0.69,1.0,0.96,0.8,0.4,0.87,0.9,1.0,0.29,0.45,1.0,,2.2,2.2,-33.2,-18.3,66.2,18.5,157.4,26.7,147.9,19.9,
NSE:KAJARIACER,Kajaria Ceramics Limited,Consumer Durables,Building Products & Equipment,Small,19329.0,1230.0,35.9,0.74,28.247335,,20.136,6.39,,,14.4,10.7,16.4,10.8,3.3,12.1,7.3,32.6,0.475,29.7,-49.4,0.98,35.0,47.69,0.21,12.6,4.9,4143.2,-3.0593057458573547,46.4,62.0,62.0,18.2,8.8,10.8,11.1,4.7,8.3,PE vs sector 0.74×; Debt/Equity 7.30; forward P/E 28.2 vs P/E 35.9; Interest cover 32.6×,Revenue CAGR 3.3%; 3Y CAGR -3.2%; 5Y CAGR 0.4%,,,28,0.75,,0.67,0.79,0.8,,0.13,0.67,1.0,0.92,0.48,,0.44,0.62,0.99,1.0,1.0,0.59,0.17,0.52,0.55,1.0,0.89,0.84,0.42,0.1,0.16,0.0,1.0,0.85,1.0,,2.8,2.8,-17.3,-9.1,-9.2,-3.2,2.2,0.6,2.1,0.4,
NSE:CONCORDBIO,Concord Biotech Limited,Healthcare,Biotechnology,Small,14636.0,1399.0,48.3,0.93,32.88715,,34.64,7.26,,,18.1,12.9,25.0,24.8,8.0,2.8,0.1,1223.2,0.353,42.9,-60.7,0.55,36.9,44.08,0.0,11.0,15.1,2279.2,11.655403433168487,48.1,61.9,61.9,21.3,7.6,7.2,10.2,4.3,11.4,ROE 4y avg 18.1%; Debt/Equity 0.10; Operating margin 25.0%; forward P/E 32.9 vs P/E 48.3,Profit CAGR 2.8%; 1Y return -15.9%; EV/EBITDA 34.6×,,,27,0.92,,0.86,0.81,0.93,,0.5,0.11,1.0,0.77,0.19,,0.01,0.5,1.0,1.0,1.0,0.21,0.0,0.47,0.44,1.0,0.8,0.8,0.1,0.43,,0.52,1.0,0.9,1.0,,-15.9,-15.9,-30.6,-16.7,27.7,8.5,,,,,4Y n/a: listed/data from 2023-08-18; 5Y n/a: listed/data from 2023-08-18
NSE:DLF,DLF Limited,Realty,Real Estate - Development,Large,162975.0,658.4,36.6,1.12,25.900347,0.14,125.829,3.58,,10.1,8.1,5.4,9.0,65.8,11.3,29.4,0.7,17.0,0.39,32.7,-46.1,1.22,33.4,74.08,0.0,5.8,16.3,26632.6,7.922440885679505,51.5,61.8,61.8,10.1,14.9,9.1,12.0,4.9,10.7,Profit CAGR 29.4%; Debt/Equity 0.70; Net margin 65.8%; forward P/E 25.9 vs P/E 36.6,ROE 4y avg 8.1%; 1Y return -8.8%; 3Y CAGR 6.9%,,,30,0.21,0.41,0.27,0.4,1.0,,0.69,1.0,1.0,0.58,0.46,1.0,0.0,0.64,1.0,1.0,1.0,0.51,0.27,1.0,0.6,1.0,1.0,0.8,0.2,0.37,0.48,0.44,0.85,0.69,1.0,,-8.8,-8.9,-27.9,-15.1,22.2,6.9,89.3,17.3,57.8,9.6,
NSE:TMCV,Tata Motors Limited,Capital Goods,Auto Manufacturers,Large,153977.0,418.1,36.7,0.71,17.850588,,16.771,12.09,,,30.6,23.8,6.9,4.8,-56.0,-69.3,44.1,6.3,,,,0.96,35.1,42.56,0.0,-3.2,17.9,30820.3,,38.6,61.6,61.6,14.8,3.4,9.6,12.9,4.5,16.5,ROE 4y avg 30.6%; PE vs sector 0.71×; Debt/Equity 44.1; forward P/E 17.9 vs P/E 36.7,Revenue CAGR -56.0%; Profit CAGR -69.3%; Operating margin 6.9%,,,21,1.0,,1.0,0.16,0.14,,0.0,0.0,1.0,0.93,0.46,,0.58,0.22,0.91,0.89,,,,1.0,0.54,1.0,0.76,0.8,,,,,0.55,0.65,1.0,,,,,,,,,,,,1Y n/a: listed/data from 2025-11-12; 2Y n/a: listed/data from 2025-11-12; 3Y n/a: listed/data from 2025-11-12; 4Y n/a: listed/data from 2025-11-12; 5Y n/a: listed/data from 2025-11-12
NSE:GICRE,General Insurance Corporation of India,Financial Services,Insurance - Reinsurance,Mid,56834.0,323.95,6.4,0.3,,,,0.58,,9.1,,,,,,,,,,,,4.09,,77.4,-5.0,,22.5,2408.8,,,61.1,61.1,7.4,,12.8,11.2,4.9,14.3,PE vs sector 0.30×; 5Y CAGR 17.6%; P/E 6.40; Dividend yield 4.1%,1Y return -11.6%; ROE latest 9.1%; P/B 0.58,,,14,,0.31,,,,,,,,1.0,1.0,,,0.35,,,,,,0.8,1.0,,0.96,0.0,0.16,0.68,0.85,0.8,,0.57,1.0,,-11.6,-11.6,-17.9,-9.4,45.1,13.2,160.9,27.1,124.6,17.6,
NSE:GPIL,Godawari Power And Ispat limited,Capital Goods,Steel,Small,13992.0,215.01,17.1,0.33,9.556,,10.002,2.27,,,17.9,13.8,16.2,13.9,-2.1,0.3,7.6,36.8,0.721,56.1,-82.4,0.46,8.0,63.18,-0.3,-18.1,32.8,3360.9,-28.53430501184977,44.2,61.1,61.1,20.0,3.5,14.9,9.7,4.0,9.0,ROE 4y avg 17.9%; PE vs sector 0.33×; Debt/Equity 7.60; forward P/E 9.6 vs P/E 17.1,Revenue CAGR -2.1%; Profit CAGR 0.3%; 1Y return -12.6%,,,25,0.92,,0.92,0.7,0.77,,0.0,0.01,1.0,1.0,0.85,,0.85,0.96,0.98,1.0,0.94,0.04,0.0,0.46,0.42,0.7,1.0,0.74,0.14,,,,0.1,1.0,1.0,,-12.6,-12.6,0.7,0.4,,,,,,,3Y blanked: unadjusted -80% move on 2024-01-01; 4Y blanked: unadjusted -80% move on 2024-01-01; 5Y blanked: unadjusted -80% move on 2024-01-01
NSE:HONASA,Honasa Consumer Limited,Fast Moving Consumer Goods,Household & Personal Products,Small,13986.0,429.0,56.3,1.35,40.609272,,50.843,9.87,,,1.7,-23.6,13.2,9.7,17.0,,9.6,21.9,0.617,45.5,-62.9,0.7,0.0,35.47,0.48,14.6,15.8,6861.6,,,61.0,61.0,5.5,16.3,3.8,10.0,3.4,22.0,Revenue CAGR 17.0%; 1Y return 49.3%; Debt/Equity 9.60; forward P/E 40.6 vs P/E 56.3,ROE 4y avg 1.7%; PE vs sector 1.35×; ROE worst year -23.6%,,,24,0.0,,0.0,0.51,0.52,,0.94,,1.0,0.32,0.1,,0.0,0.39,0.98,1.0,0.99,0.14,0.0,0.46,0.48,0.5,0.59,0.9,1.0,,,,1.0,0.7,1.0,,49.3,49.4,-6.0,-3.0,,,,,,,3Y n/a: listed/data from 2023-11-07; 4Y n/a: listed/data from 2023-11-07; 5Y n/a: listed/data from 2023-11-07
NSE:IIFL,IIFL Finance Limited,Financial Services,Credit Services,Small,24801.0,583.15,11.9,0.57,7.6961365,,,1.78,,,12.1,3.1,42.2,24.2,13.6,3.4,447.4,,0.298,44.0,-57.5,0.69,8.1,24.85,-0.02,8.7,17.3,14493.5,0.0666222715391962,46.5,61.0,61.0,12.2,9.9,15.6,6.3,3.0,13.9,Revenue CAGR 13.6%; PE vs sector 0.57×; 1Y return 29.1%; 5Y CAGR 15.3%,Profit CAGR 3.4%; 3Y CAGR -1.6%; ROE worst year 3.1%,,,24,0.57,,0.16,,0.66,,0.82,0.14,1.0,0.98,0.94,,,1.0,,,1.0,0.18,0.04,0.58,0.47,0.7,0.2,0.8,0.94,0.13,0.81,0.01,0.95,0.67,1.0,,29.1,29.1,24.9,11.8,-4.7,-1.6,63.2,13.0,103.4,15.3,
NSE:ICICIGI,ICICI Lombard General Insurance Company Limited,Financial Services,Insurance - Diversified,Mid,78090.0,1563.0,32.4,1.54,22.768879,,23.862,4.58,,14.6,16.6,15.7,7.4,8.8,14.9,17.0,,41.2,0.445,24.3,-36.4,0.9,27.9,51.22,-0.24,-11.1,24.3,17993.9,5.2526042050797805,44.3,60.8,60.8,18.1,15.7,3.5,11.0,4.7,7.6,Profit CAGR 17.0%; Revenue CAGR 14.9%; ROE 4y avg 16.6%; forward P/E 22.8 vs P/E 32.4,PE vs sector 1.54×; 1Y return -17.9%; 5Y CAGR -0.2%,,,25,0.86,0.77,1.0,,0.35,,0.89,0.92,1.0,0.14,0.54,,,0.11,,,1.0,0.74,0.52,0.9,0.53,1.0,0.96,0.75,0.09,0.34,0.15,0.4,0.31,1.0,1.0,,-17.9,-17.9,-27.4,-14.8,19.7,6.2,38.9,8.6,-1.2,-0.2,
NSE:SYRMA,Syrma SGS Technology Limited,Capital Goods,Electronic Components,Small,33131.0,1720.0,89.4,1.72,55.04849,,52.798,11.5,,,8.8,6.7,8.8,6.7,32.8,38.6,13.0,11.2,0.21,45.7,-43.7,0.09,7.8,42.28,-0.69,54.7,5.6,31197.7,48.09441261044287,44.7,60.7,60.7,7.0,17.0,1.7,10.9,3.4,20.8,Revenue CAGR 32.8%; Profit CAGR 38.6%; 3Y CAGR 40.7%; 1Y return 113.6%,ROE 4y avg 8.8%; PE vs sector 1.72×; Operating margin 8.8%,,,27,0.28,,0.34,0.28,0.3,,1.0,1.0,1.0,0.08,0.0,,0.0,0.29,0.97,1.0,1.0,0.14,0.34,0.68,0.32,0.69,0.76,0.66,1.0,1.0,,1.0,0.2,0.92,1.0,,113.6,113.8,301.0,100.3,178.3,40.7,493.2,56.2,,,5Y n/a: listed/data from 2022-08-26
NSE:MRF,MRF Limited,Automobile and Auto Components,Auto Parts,Mid,52389.0,123525.0,21.7,0.61,18.448545,,10.645,2.5,,,9.8,5.2,6.5,7.6,10.6,46.7,15.3,10.0,0.146,22.7,-31.8,0.38,4.1,27.77,-0.01,-7.7,24.5,5683.4,4.464392682231866,,60.6,60.6,8.7,14.4,13.8,12.5,2.9,8.3,Profit CAGR 46.7%; PE vs sector 0.61×; Debt/Equity 15.3; Interest cover 10.0×,ROE 4y avg 9.8%; 1Y return -16.8%; 3Y CAGR 4.5%,,,28,0.38,,0.26,0.25,0.54,,0.65,1.0,0.93,0.96,0.73,,0.82,0.84,0.97,1.0,1.0,0.78,0.61,0.78,0.4,0.6,0.34,0.8,0.09,0.29,0.47,0.32,0.42,0.54,1.0,,-16.8,-16.8,-11.8,-6.1,14.2,4.5,53.4,11.3,56.6,9.4,
NSE:BHEL,Bharat Heavy Electricals Limited,Capital Goods,Specialty Industrial Machinery,Large,146595.0,421.0,60.2,1.16,30.107279,,50.161,5.61,,,3.0,1.2,5.5,6.8,13.5,35.9,31.3,3.8,0.845,41.6,-46.1,0.33,7.2,58.17,-5.0,21.0,5.7,41121.4,48.291730396740085,,60.2,60.2,2.1,15.7,6.3,9.9,3.4,22.8,Profit CAGR 35.9%; Revenue CAGR 13.5%; 3Y CAGR 47.6%; 1Y return 75.3%,ROE 4y avg 3.0%; Operating margin 5.5%; EV/EBITDA 50.2×,,,28,0.0,,0.06,0.06,0.32,,0.81,1.0,1.0,0.54,0.07,,0.0,0.71,0.94,0.63,0.88,0.25,0.27,1.0,0.38,0.68,0.99,0.0,1.0,1.0,1.0,1.0,0.96,0.91,1.0,,75.3,75.4,50.1,22.5,221.0,47.6,595.3,62.5,541.8,45.0,
NSE:GMDCLTD,Gujarat Mineral Development Corporation Limited,Metals & Mining,Thermal Coal,Small,15531.0,488.4,16.2,0.87,14.239067,,33.287,2.2,,,13.7,9.8,17.4,33.8,-8.8,-7.4,4.5,178.6,0.34,53.8,-50.6,1.95,33.6,74.0,0.0,-17.9,36.7,5237.0,24.397096736453825,45.4,60.2,60.2,17.0,3.0,10.1,10.1,5.3,14.6,5Y CAGR 45.3%; PE vs sector 0.87×; Debt/Equity 4.50; Interest cover 178.6×,Revenue CAGR -8.8%; Profit CAGR -7.4%; 1Y return -21.4%,,,28,0.7,,0.58,0.65,0.9,,0.0,0.0,0.89,0.83,0.87,,0.03,0.61,0.99,1.0,1.0,0.06,0.14,0.48,0.76,1.0,1.0,0.8,0.07,0.73,1.0,0.83,0.11,1.0,1.0,,-21.4,-21.4,36.8,17.0,48.0,14.0,262.2,38.0,546.8,45.3,
NSE:SAIL,Steel Authority of India Limited,Metals & Mining,Steel,Mid,72078.0,174.5,16.9,0.91,11.0012455,,7.662,1.2,,,4.7,4.0,9.9,3.8,2.0,15.7,52.9,3.1,1.047,38.7,-42.2,1.35,15.5,65.0,0.0,2.6,16.8,32336.8,22.826423595173416,,60.2,60.2,3.7,10.1,13.7,9.1,4.8,18.8,Profit CAGR 15.7%; 3Y CAGR 24.0%; 1Y return 29.3%; Debt/Equity 52.9,ROE 4y avg 4.7%; Revenue CAGR 2.0%; Net margin 3.8%,,,28,0.0,,0.2,0.38,0.15,,0.08,0.91,1.0,0.79,0.85,,0.94,0.89,0.88,0.5,0.75,0.34,0.38,0.87,0.63,0.89,1.0,0.8,0.94,0.98,0.43,1.0,0.74,0.68,1.0,,29.3,29.4,23.7,11.2,90.3,24.0,129.6,23.1,52.0,8.7,
NSE:BRIGADE,Brigade Enterprises Limited,Realty,Real Estate - Development,Small,18670.0,572.4,29.0,0.89,15.318817,,128.413,27.37,,,10.9,9.0,25.8,12.6,18.6,30.3,84.3,3.3,0.177,37.3,-55.5,0.35,9.5,41.1,-0.02,1.3,28.6,3847.9,7.433707098896636,50.1,60.2,60.2,13.7,16.8,7.0,7.6,3.7,11.4,Profit CAGR 30.3%; Revenue CAGR 18.6%; PE vs sector 0.89×; forward P/E 15.3 vs P/E 29.0,1Y return -15.2%; P/B 27.4; EV/EBITDA 128.4×,,,28,0.47,,0.5,0.78,0.56,,0.97,1.0,1.0,0.81,0.59,,0.0,0.09,0.63,0.54,1.0,0.38,0.07,0.51,0.39,0.74,0.73,0.8,0.1,0.47,0.67,0.57,0.7,0.49,1.0,,-15.2,-15.2,-46.9,-27.2,30.6,9.3,47.0,10.1,84.9,13.1,
NSE:CRISIL,Crisil Limited,Financial Services,Financial Data & Stock Exchanges,Small,32419.0,4433.0,36.7,1.75,29.451336,,27.135,9.91,1.56,29.1,28.4,25.3,24.7,21.4,9.6,10.7,10.2,47.9,0.181,31.0,-43.2,0.9,51.3,66.64,0.0,2.5,12.5,2843.9,6.206787502577904,,60.1,60.1,22.0,11.2,2.3,9.0,4.8,10.8,ROE 4y avg 28.4%; ROE latest 29.1%; forward P/E 29.5 vs P/E 36.7; ROE worst year 25.3%,PE vs sector 1.75×; 3Y CAGR 4.3%; P/B 9.91,,,25,1.0,1.0,1.0,,0.61,,0.59,0.56,1.0,0.07,0.46,,,0.0,,,1.0,0.56,0.35,0.67,0.53,1.0,1.0,0.8,0.34,0.28,0.5,0.31,0.74,0.85,1.0,,-0.5,-0.5,-4.6,-2.4,13.4,4.3,37.8,8.4,60.9,10.0,
NSE:KPITTECH,KPIT Technologies Limited,Information Technology,Software - Application,Small,13394.0,492.0,23.1,0.87,15.999038,,9.559,3.78,,,24.4,18.0,12.3,8.8,24.3,18.7,23.6,12.9,-0.007,41.3,-73.1,1.52,38.8,38.6,-0.85,-33.9,61.7,14751.7,-24.52157685712425,52.7,60.0,64.2,16.8,16.6,12.6,10.0,4.5,3.7,ROE 4y avg 24.4%; Revenue CAGR 24.3%; Profit CAGR 18.7%; PE vs sector 0.87×,3Y CAGR -24.2%; 1Y return -57.3%; Operating margin 12.3%,sharp 1-year fall (-57%),,28,1.0,,1.0,0.32,0.36,,1.0,0.94,1.0,0.83,0.7,,0.87,0.72,0.95,1.0,1.0,0.26,0.0,0.45,0.67,1.0,0.67,0.63,0.0,0.0,0.39,0.0,0.0,0.17,1.0,,-57.3,-57.4,-70.6,-45.8,-56.5,-24.2,-25.3,-7.0,45.5,7.8,
NSE:IRFC,Indian Railway Finance Corporation Limited,Financial Services,Credit Services,Mid,100706.0,77.06,14.0,0.67,10.556164,,,1.77,,,12.9,12.3,97.8,97.3,4.6,4.4,773.3,1.7,0.313,41.2,-63.3,3.76,38.2,82.9,-3.46,-21.6,43.8,6263.2,0.03332222839094179,48.4,60.0,61.4,18.4,5.8,15.3,7.9,5.1,8.9,PE vs sector 0.67×; 5Y CAGR 26.4%; forward P/E 10.6 vs P/E 14.0; P/B 1.77,Profit CAGR 4.4%; Revenue CAGR 4.6%; 3Y CAGR 0.2%,sharp 1-year fall (-39%),,24,0.63,,0.82,,0.99,,0.18,0.18,1.0,0.94,0.91,,,1.0,,,1.0,0.26,0.0,1.0,1.0,1.0,0.87,0.12,0.0,0.16,1.0,0.1,0.05,0.77,1.0,,-38.6,-38.6,-50.4,-29.6,0.6,0.2,262.6,38.1,222.4,26.4,
NSE:GODFRYPHLP,Godfrey Phillips India Limited,Fast Moving Consumer Goods,Tobacco,Small,28852.0,1849.7,21.1,0.51,16.500446,0.27,19.901,4.64,,,21.3,19.5,12.2,22.4,21.6,30.3,3.8,166.2,0.32,50.8,-49.8,2.7,42.2,72.58,0.0,-13.5,46.9,6103.8,40.491469954898875,65.4,60.0,82.4,20.3,17.0,13.2,10.5,5.7,15.8,ROE 4y avg 21.3%; Revenue CAGR 21.6%; Profit CAGR 30.3%; 3Y CAGR 37.3%,1Y return -45.2%; Volatility 50.8%; Max drawdown 3y -49.8%,sharp 1-year fall (-45%),,29,1.0,,1.0,0.44,0.93,,1.0,1.0,1.0,1.0,0.75,1.0,0.45,0.71,0.99,1.0,1.0,0.09,0.16,0.63,0.93,1.0,1.0,0.8,0.0,1.0,1.0,1.0,0.21,0.59,1.0,,-45.2,-45.2,-18.6,-9.8,158.3,37.3,388.8,48.8,340.1,34.5,
NSE:TARIL,Transformers And Rectifiers (India) Limited,Capital Goods,Electrical Equipment & Parts,Micro,8525.0,284.0,32.0,0.62,22.129875,,22.075,5.51,,,13.2,8.0,15.1,10.1,21.5,86.5,29.6,11.4,-0.252,60.1,-62.9,0.09,0.0,64.36,0.0,-4.6,43.3,7111.9,50.31046806496502,,60.0,69.7,14.2,15.3,11.4,9.3,3.6,15.9,Revenue CAGR 21.5%; 3Y CAGR 50.6%; PE vs sector 0.62×; 5Y CAGR 83.6%,1Y return -42.8%; Dividend yield 0.1%; Volatility 60.1%,sharp 1-year fall (-43%),,28,0.66,,0.4,0.64,0.55,,1.0,0.75,1.0,0.96,0.55,,0.35,0.74,0.94,1.0,1.0,0.0,0.0,0.29,0.32,0.5,1.0,0.8,0.0,1.0,1.0,1.0,0.51,0.28,1.0,,-42.8,-42.8,-13.8,-7.2,241.2,50.6,871.6,76.7,1983.9,83.6,
NSE:ITC,ITC Limited,Fast Moving Consumer Goods,Tobacco,Large,320656.0,255.9,16.2,0.39,15.266291,1.78,11.73,4.42,,,33.3,27.5,24.9,25.9,3.6,2.5,3.3,330.1,-0.093,19.9,-44.9,6.25,91.5,0.0,0.0,-14.2,40.0,36351.0,-12.802404465481231,51.3,60.0,61.1,23.3,4.4,12.8,12.6,3.6,4.5,ROE 4y avg 33.3%; PE vs sector 0.39×; Debt/Equity 3.30; Operating margin 24.9%,Profit CAGR 2.5%; Revenue CAGR 3.6%; 3Y CAGR -15.5%,sharp 1-year fall (-37%),widely held (no promoter) - promoter checks not applicable,27,1.0,,1.0,0.89,0.98,,0.14,0.1,0.81,1.0,0.87,0.5,0.78,0.75,0.99,1.0,1.0,0.85,0.3,1.0,0.75,0.37,,,0.0,0.0,0.23,0.0,0.18,1.0,1.0,,-36.9,-36.9,-48.5,-28.3,-39.6,-15.5,-18.1,-4.9,12.9,2.5,
NSE:LEMONTREE,Lemon Tree Hotels Limited,Consumer Services,Lodging,Micro,8493.0,107.25,36.1,0.64,21.734417,,15.451,6.1,,,15.5,13.4,33.4,15.8,16.3,25.6,96.4,3.1,-0.18,38.4,-43.6,,0.0,22.32,0.04,-8.0,38.4,3475.5,-4.244255196785341,,60.0,66.9,20.6,16.5,11.6,7.1,2.3,8.8,Profit CAGR 25.6%; Revenue CAGR 16.3%; ROE 4y avg 15.5%; PE vs sector 0.64×,3Y CAGR -3.1%; 1Y return -35.2%; Dividend yield,sharp 1-year fall (-35%),,28,0.82,,0.89,0.96,0.78,,0.93,1.0,1.0,0.95,0.47,,0.63,0.65,0.53,0.5,1.0,0.35,0.34,0.29,0.3,0.5,0.15,0.81,0.0,0.1,0.88,0.0,0.41,1.0,1.0,,-35.2,-35.3,-11.6,-6.0,-8.9,-3.1,22.7,5.3,136.1,18.8,
NSE:CREDITACC,CREDITACCESS GRAMEEN LIMITED,Financial Services,Credit Services,Small,19792.0,1235.0,16.4,0.78,9.549575,,,2.52,,16.4,13.9,7.6,64.6,39.8,20.9,-2.0,302.9,8.4,0.087,42.3,-53.5,,0.0,66.21,-0.22,-8.4,24.4,3903.8,-3.9181831748275164,44.5,59.8,59.8,17.1,10.2,13.5,6.5,3.5,9.0,Revenue CAGR 20.9%; PE vs sector 0.78×; forward P/E 9.5 vs P/E 16.4; ROE latest 16.4%,Profit CAGR -2.0%; 3Y CAGR -2.4%; 1Y return -11.6%,,,25,0.71,0.86,0.38,,0.81,,1.0,0.0,1.0,0.91,0.87,,,0.74,,,1.0,0.23,0.1,0.53,0.3,0.5,1.0,0.76,0.16,0.11,0.75,0.0,0.4,1.0,1.0,,-11.6,-11.6,3.5,1.8,-7.0,-2.4,24.6,5.7,94.3,14.2,
NSE:COLPAL,Colgate Palmolive (India) Limited,Fast Moving Consumer Goods,Household & Personal Products,Mid,47190.0,1735.0,35.0,0.84,29.677204,,24.367,29.79,,,75.4,61.0,27.7,21.7,4.9,8.2,3.0,471.7,0.503,22.3,-52.9,2.77,96.9,51.0,0.0,-14.6,25.5,6639.1,-1.6952427508441503,52.9,59.6,59.6,23.3,7.2,7.8,11.8,4.6,5.0,ROE 4y avg 75.4%; PE vs sector 0.84×; Debt/Equity 3.00; Operating margin 27.7%,Revenue CAGR 4.9%; 3Y CAGR -4.3%; Profit CAGR 8.2%,,,28,1.0,,1.0,0.96,0.91,,0.2,0.39,0.94,0.86,0.5,,0.23,0.11,0.99,1.0,1.0,0.79,0.11,0.76,0.95,0.26,0.95,0.8,0.07,0.09,0.17,0.0,0.17,1.0,1.0,,-22.0,-22.0,-54.6,-32.6,-12.3,-4.3,9.8,2.4,2.8,0.6,
NSE:HCLTECH,HCL Technologies Limited,Information Technology,Information Technology Services,Large,336354.0,1243.1,19.3,0.73,15.519085,2.39,1203.147,4.56,0.05,24.1,23.2,22.1,16.9,13.0,8.7,3.9,7.1,26.4,0.001,25.1,-44.8,4.83,93.4,60.88,0.07,-7.2,30.2,38371.4,2.9142466571506542,50.5,59.6,59.6,18.8,8.1,8.9,12.3,4.9,6.6,ROE 4y avg 23.2%; PE vs sector 0.73×; Debt/Equity 7.10; ROE latest 24.1%,Profit CAGR 3.9%; 3Y CAGR 0.1%; 5Y CAGR -0.5%,,,31,1.0,1.0,1.0,0.71,0.74,0.11,0.54,0.16,0.99,0.92,0.79,0.24,0.0,0.56,0.99,1.0,1.0,0.71,0.31,1.0,1.0,0.33,1.0,0.81,0.18,0.15,0.14,0.1,0.43,1.0,1.0,,-10.5,-10.5,-31.6,-17.3,0.4,0.1,33.6,7.5,-2.4,-0.5,
NSE:MRPL,Mangalore Refinery and Petrochemicals Limited,Oil Gas & Consumable Fuels,Oil & Gas Refining & Marketing,Small,28730.0,163.93,9.1,0.8,3.2017577,,5.153,2.02,,,17.0,0.4,2.4,2.9,-6.7,-10.2,108.1,5.8,0.093,51.6,-64.2,2.43,22.3,88.58,0.0,-2.9,22.8,25804.2,22.737979695214605,38.2,59.2,59.2,10.0,3.4,12.8,7.5,5.2,20.3,ROE 4y avg 17.0%; PE vs sector 0.80×; 3Y CAGR 20.0%; 5Y CAGR 26.5%,Revenue CAGR -6.7%; Profit CAGR -10.2%; Operating margin 2.4%,,,28,0.88,,0.02,0.13,0.14,,0.0,0.0,1.0,0.9,0.98,,1.0,0.37,0.44,0.87,1.0,0.08,0.0,0.63,0.87,1.0,0.77,0.8,0.89,0.9,1.0,1.0,0.56,0.56,1.0,,23.6,23.6,-8.9,-4.6,72.5,20.0,173.7,28.7,224.0,26.5,
NSE:IOC,Indian Oil Corporation Limited,Oil Gas & Consumable Fuels,Oil & Gas Refining & Marketing,Large,185468.0,131.34,5.5,0.48,6.974254,,4.521,0.82,,,14.1,7.0,-0.1,3.9,-2.2,62.6,58.4,8.4,0.77,27.4,-38.5,6.28,40.9,51.5,0.0,-11.1,30.5,12658.1,17.783381192473556,45.3,59.0,59.0,9.9,5.1,15.6,11.6,5.2,11.6,PE vs sector 0.48×; Debt/Equity 58.4; Interest cover 8.40×; P/B 0.82,Revenue CAGR -2.2%; Operating margin -0.1%; 1Y return -12.3%,,,28,0.73,,0.35,0.11,0.21,,0.0,0.75,0.0,1.0,1.0,,1.0,0.89,0.83,0.95,0.92,0.65,0.48,1.0,0.74,1.0,0.96,0.8,0.14,0.7,0.46,0.81,0.31,0.47,1.0,,-12.3,-12.3,-26.7,-14.4,45.9,13.5,96.9,18.5,54.6,9.1,
NSE:HYUNDAI,Hyundai Motor India Limited,Automobile and Auto Components,Auto Manufacturers,Large,164458.0,2024.0,33.2,0.94,22.14442,,19.619,8.22,,,35.5,23.5,5.8,7.0,5.5,4.9,5.5,69.0,,29.3,-39.8,1.04,34.5,82.5,0.0,-1.0,21.9,15468.6,,46.9,59.0,59.0,16.3,6.4,8.8,12.2,4.7,10.6,ROE 4y avg 35.5%; Debt/Equity 5.50; forward P/E 22.1 vs P/E 33.2; Interest cover 69.0×,Profit CAGR 4.9%; Revenue CAGR 5.5%; 1Y return -20.2%,,,24,1.0,,1.0,0.14,0.46,,0.25,0.2,1.0,0.76,0.53,,0.47,0.33,0.99,1.0,,0.6,0.45,1.0,0.56,1.0,0.88,0.8,0.07,,,,0.62,1.0,1.0,,-20.2,-20.2,,,,,,,,,2Y n/a: listed/data from 2024-10-22; 3Y n/a: listed/data from 2024-10-22; 4Y n/a: listed/data from 2024-10-22; 5Y n/a: listed/data from 2024-10-22
NSE:BAJAJFINSV,Bajaj Finserv Limited,Financial Services,Financial Conglomerates,Large,277258.0,1732.6,27.4,1.3,18.252478,,11.788,3.56,,,13.0,12.3,40.2,6.5,22.9,15.2,256.4,2.0,0.371,26.2,-25.0,0.08,2.1,58.71,-0.1,-7.6,21.1,18234.4,3.8189651307481753,49.7,58.9,58.9,13.6,16.3,6.6,12.0,3.6,6.7,Revenue CAGR 22.9%; Profit CAGR 15.2%; forward P/E 18.3 vs P/E 27.4; ROE worst year 12.3%,3Y CAGR 3.5%; 1Y return -13.7%; 5Y CAGR 0.2%,,,24,0.64,,0.82,,0.23,,1.0,0.9,1.0,0.38,0.61,,,0.3,,,1.0,0.68,0.75,1.0,0.32,0.55,0.99,0.78,0.12,0.26,0.16,0.27,0.42,0.59,1.0,,-13.7,-13.7,-12.3,-6.3,11.0,3.5,5.2,1.3,0.9,0.2,
NSE:IOB,Indian Overseas Bank,Financial Services,Banks - Regional,Mid,58887.0,30.58,10.3,0.49,33.97778,,,1.51,,16.5,10.8,8.5,37.1,36.6,14.2,37.1,,,0.243,43.8,-61.9,,0.0,92.44,-2.17,-10.2,26.8,968.6,-6.362950844357562,46.4,58.0,58.0,14.7,12.6,15.9,7.0,2.8,5.0,Profit CAGR 37.1%; Revenue CAGR 14.2%; PE vs sector 0.49×; P/B 1.51,3Y CAGR -14.4%; 1Y return -23.2%; forward P/E 34.0 vs P/E 10.3,,,25,0.46,0.86,0.45,,0.79,,0.85,1.0,0.0,1.0,0.97,,,1.0,,,1.0,0.19,0.0,0.81,0.3,0.5,0.75,0.34,0.06,0.0,0.34,0.0,0.34,0.52,1.0,,-23.2,-23.2,-47.2,-27.3,-37.2,-14.4,74.1,14.9,35.0,6.2,
NSE:VTL,Vardhman Textiles Limited,Textiles,Textile Manufacturing,Small,15342.0,530.0,17.8,0.44,12.086659,,11.481,1.43,,,8.1,6.9,12.8,8.3,-0.8,-2.1,17.5,11.2,0.206,39.5,-35.4,0.94,16.8,65.08,0.87,-5.3,23.0,3850.7,12.319876367209414,43.1,57.9,57.9,8.6,3.4,14.9,11.1,4.8,15.1,PE vs sector 0.44×; Debt/Equity 17.5; 1Y return 29.3%; forward P/E 12.1 vs P/E 17.8,Revenue CAGR -0.8%; Profit CAGR -2.1%; ROE 4y avg 8.1%,,,28,0.21,,0.35,0.45,0.56,,0.0,0.0,1.0,1.0,0.83,,0.79,1.0,0.96,1.0,1.0,0.32,0.54,0.48,0.54,0.92,1.0,0.97,0.94,0.61,0.39,0.73,0.49,0.56,1.0,,29.3,29.3,12.7,6.2,40.9,12.1,57.8,12.1,44.0,7.6,
NSE:ASAHIINDIA,Asahi India Glass Limited,Automobile and Auto Components,Auto Parts,Small,24182.0,948.6,54.6,1.54,40.887928,,24.376,6.15,,,13.6,8.8,17.3,8.5,7.0,-1.9,55.9,3.4,0.373,39.3,-29.4,0.21,11.5,51.57,-2.52,5.2,11.7,1563.8,18.166575046750122,41.2,57.4,57.4,16.0,6.1,3.9,9.6,3.6,18.2,5Y CAGR 21.4%; Debt/Equity 55.9; Operating margin 17.3%; forward P/E 40.9 vs P/E 54.6,Profit CAGR -1.9%; PE vs sector 1.54×; Revenue CAGR 7.0%,,,28,0.69,,0.48,0.82,0.58,,0.4,0.0,1.0,0.14,0.12,,0.23,0.5,0.85,0.56,1.0,0.32,0.66,0.58,0.35,0.79,0.96,0.26,0.57,0.77,0.93,0.86,0.83,0.83,1.0,,8.7,8.7,22.1,10.5,50.4,14.6,47.2,10.2,164.2,21.4,
NSE:TIMKEN,Timken India Limited,Capital Goods,Tools & Accessories,Small,23295.0,3097.0,54.5,1.05,36.99588,,34.992,7.99,,,16.4,14.2,15.5,11.8,7.5,2.0,0.5,148.9,0.386,34.6,-51.8,0.08,63.5,51.05,0.0,-6.0,21.1,1399.5,-0.3344506587403595,,57.3,57.3,18.6,7.0,6.2,10.9,4.1,10.3,ROE 4y avg 16.4%; Debt/Equity 0.50; forward P/E 37.0 vs P/E 54.5; Interest cover 148.9×,Profit CAGR 2.0%; 3Y CAGR 0.3%; 1Y return 1.0%,,,28,0.86,,0.95,0.66,0.64,,0.45,0.08,1.0,0.65,0.12,,0.0,0.5,1.0,1.0,1.0,0.46,0.12,0.57,0.32,0.93,0.96,0.8,0.38,0.16,0.67,0.11,0.47,1.0,1.0,,1.0,1.0,-18.4,-9.7,1.0,0.3,0.2,0.1,84.3,13.0,
NSE:JKTYRE,JK Tyre & Industries Limited,Automobile and Auto Components,Auto Parts,Micro,9822.0,340.7,14.8,0.42,9.950351,,7.891,1.62,,,12.1,7.7,3.4,4.0,3.7,43.5,80.6,3.5,0.488,41.1,-52.2,1.18,13.0,51.72,1.17,-19.7,44.3,2546.4,10.356967055244827,,57.3,57.3,8.1,11.2,15.3,7.4,4.8,10.6,Profit CAGR 43.5%; PE vs sector 0.42×; 5Y CAGR 18.0%; forward P/E 10.0 vs P/E 14.8,Revenue CAGR 3.7%; Operating margin 3.4%; 1Y return -7.1%,,,28,0.57,,0.39,0.05,0.19,,0.15,1.0,1.0,1.0,0.9,,0.93,0.95,0.66,0.57,1.0,0.27,0.12,0.34,0.59,0.83,0.96,1.0,0.23,0.37,0.86,0.44,0.08,0.26,1.0,,-7.1,-7.1,-20.5,-10.8,22.1,6.9,112.8,20.8,128.6,18.0,
NSE:CIEINDIA,CIE Automotive India Limited,Automobile and Auto Components,Auto Parts,Small,14228.0,375.05,16.3,0.46,13.159649,,9.304,1.84,4.87,12.2,10.0,-2.7,11.2,9.0,3.5,,6.6,50.0,-0.008,34.1,-39.2,1.86,29.6,65.7,0.0,-14.4,28.7,1548.9,-7.556645346235181,41.8,57.3,57.3,12.6,7.2,14.8,11.3,5.3,6.2,PE vs sector 0.46×; Debt/Equity 6.60; Interest cover 50.0×; forward P/E 13.2 vs P/E 16.3,Revenue CAGR 3.5%; 3Y CAGR -7.5%; ROE 4y avg 10.0%,,,29,0.4,0.58,0.0,0.55,0.62,0.98,0.14,,0.99,1.0,0.87,,0.88,0.9,0.99,1.0,1.0,0.47,0.47,0.46,0.74,1.0,1.0,0.8,0.2,0.04,0.47,0.0,0.17,0.49,1.0,,-9.0,-9.0,-33.9,-18.7,-20.9,-7.5,32.7,7.3,56.9,9.4,
NSE:PAGEIND,Page Industries Limited,Textiles,Apparel Manufacturing,Mid,40890.0,36660.0,54.1,1.35,42.18065,,36.932,27.21,,,45.0,35.6,18.3,14.1,3.8,10.2,18.4,21.7,0.033,25.2,-38.3,2.18,81.2,42.89,0.0,1.0,16.4,10799.7,-1.9719641506538266,,57.2,57.2,22.8,7.9,3.1,12.1,4.5,6.8,ROE 4y avg 45.0%; Debt/Equity 18.4; Operating margin 18.3%; forward P/E 42.2 vs P/E 54.1,Revenue CAGR 3.8%; 3Y CAGR -2.2%; 1Y return -12.9%,,,28,1.0,,1.0,0.86,0.92,,0.15,0.52,1.0,0.32,0.12,,0.0,0.2,0.96,1.0,1.0,0.71,0.48,0.73,0.82,0.58,0.77,0.8,0.14,0.12,0.23,0.0,0.69,0.93,1.0,,-12.9,-13.0,-14.2,-7.4,-6.3,-2.2,-26.0,-7.3,13.6,2.6,
NSE:RITES,RITES Limited,Construction,Engineering & Construction,Micro,10142.0,211.02,24.3,1.0,19.154608,,16.751,3.79,,,17.0,14.6,18.4,17.0,-2.5,-8.9,0.2,438.2,0.261,40.9,-53.4,5.25,90.4,72.2,0.0,-1.5,18.7,7268.8,-4.535972906399599,,56.9,56.9,21.3,3.4,9.8,10.2,4.8,7.3,ROE 4y avg 17.0%; Debt/Equity 0.20; Operating margin 18.4%; forward P/E 19.2 vs P/E 24.3,Revenue CAGR -2.5%; Profit CAGR -8.9%; 3Y CAGR -5.1%,,,28,0.88,,0.97,0.83,0.92,,0.0,0.0,1.0,0.7,0.67,,0.58,0.46,1.0,1.0,1.0,0.27,0.1,0.35,0.95,0.39,1.0,0.8,0.09,0.07,0.44,0.0,0.6,0.97,1.0,,-16.8,-16.8,-37.3,-20.8,-14.4,-5.1,24.2,5.6,52.2,8.8,
NSE:NAUKRI,Info Edge (India) Limited,Consumer Services,Internet Content & Information,Mid,77729.0,1200.0,48.5,0.86,50.872635,2.39,63.316,2.05,,,1.9,-0.8,34.8,47.4,11.9,,0.6,78.4,0.298,33.6,-48.4,1.2,34.1,37.47,-0.16,5.9,15.5,25643.7,11.467926989354238,,56.7,56.7,10.8,9.9,8.3,11.7,4.4,11.6,PE vs sector 0.86×; Operating margin 34.8%; Debt/Equity 0.60; Net margin 47.4%,ROE 4y avg 1.9%; 5Y CAGR -1.4%; 1Y return -10.4%,,,28,0.0,,0.0,1.0,1.0,,0.72,,0.3,0.84,0.19,0.24,0.0,0.96,1.0,1.0,1.0,0.49,0.2,0.9,0.6,1.0,0.64,0.77,0.18,0.69,0.13,0.81,0.86,0.71,1.0,,-10.4,-10.4,-26.8,-14.4,45.8,13.4,57.7,12.1,-6.7,-1.4,
NSE:ONGC,Oil & Natural Gas Corporation Limited,Oil Gas & Consumable Fuels,Oil & Gas Integrated,Large,279748.0,222.37,6.4,0.56,5.35464,,4.355,0.75,,,12.3,10.5,2.9,6.2,-1.3,4.1,42.5,7.3,0.097,30.5,-32.3,6.52,39.0,58.89,0.0,-13.9,27.7,26198.9,11.30672947307001,45.6,56.5,56.5,10.5,4.3,15.7,12.0,5.2,8.8,PE vs sector 0.56×; Debt/Equity 42.5; forward P/E 5.4 vs P/E 6.4; P/B 0.75,Revenue CAGR -1.3%; Profit CAGR 4.1%; Operating margin 2.9%,,,28,0.58,,0.65,0.16,0.34,,0.0,0.16,0.95,0.98,1.0,,1.0,0.95,0.92,0.92,1.0,0.57,0.6,1.0,0.7,1.0,0.99,0.8,0.21,0.35,0.43,0.41,0.19,0.5,1.0,,-8.5,-8.5,-23.8,-12.7,20.5,6.4,68.0,13.9,52.0,8.7,
NSE:BRITANNIA,Britannia Industries Limited,Fast Moving Consumer Goods,Packaged Foods,Large,115087.0,4778.0,44.2,1.06,36.71133,,31.6,22.54,,,54.9,49.6,15.2,13.4,5.7,3.0,26.9,31.0,0.413,20.4,-29.0,1.89,69.4,50.55,0.0,-13.7,23.8,13375.4,2.9142466571506542,50.3,56.4,56.4,20.0,5.9,5.8,13.0,4.9,6.8,ROE 4y avg 54.9%; Debt/Equity 26.9; Interest cover 31.0×; forward P/E 36.7 vs P/E 44.2,Profit CAGR 3.0%; Revenue CAGR 5.7%; 3Y CAGR 2.1%,,,28,1.0,,1.0,0.58,0.7,,0.27,0.12,0.96,0.64,0.29,,0.07,0.21,0.95,1.0,1.0,0.84,0.67,1.0,0.75,0.81,0.95,0.8,0.08,0.22,0.28,0.2,0.2,1.0,1.0,,-19.9,-19.9,-25.9,-13.9,6.3,2.1,26.8,6.1,21.9,4.0,
NSE:GRASIM,Grasim Industries Limited,Construction Materials,Building Materials,Large,200909.0,2962.0,35.3,1.04,19.612396,,12.509,1.94,,,5.9,3.8,18.8,3.1,14.3,-10.1,135.0,5.2,0.365,23.6,-19.2,0.34,11.9,43.74,0.63,-0.5,13.2,25108.3,15.878588783984092,,56.3,56.3,7.2,9.2,9.9,9.8,3.9,16.2,Revenue CAGR 14.3%; 3Y CAGR 15.7%; Operating margin 18.8%; forward P/E 19.6 vs P/E 35.3,Profit CAGR -10.1%; ROE 4y avg 5.9%; Debt/Equity 135.0,,,28,0.06,,0.19,0.88,0.15,,0.86,0.0,1.0,0.66,0.49,,0.75,0.55,0.26,0.86,1.0,0.75,0.86,1.0,0.39,0.8,0.79,0.93,0.51,0.81,0.61,0.9,0.64,0.77,1.0,,6.2,6.2,5.7,2.8,54.8,15.7,81.7,16.1,77.3,12.1,
NSE:APOLLOTYRE,Apollo Tyres Limited,Automobile and Auto Components,Auto Parts,Small,25556.0,404.0,15.0,0.42,12.047851,,7.646,1.53,,,9.1,7.6,6.5,5.8,5.4,9.5,22.0,4.4,0.149,29.7,-33.7,2.72,31.5,36.93,-0.02,-7.7,25.3,3492.5,3.0713678883799833,43.0,56.1,56.1,7.5,8.2,15.4,10.9,5.1,8.8,PE vs sector 0.42×; Debt/Equity 22.0; forward P/E 12.0 vs P/E 15.0; P/B 1.53,Revenue CAGR 5.4%; ROE 4y avg 9.1%; 3Y CAGR 2.9%,,,28,0.31,,0.38,0.25,0.35,,0.24,0.47,1.0,1.0,0.9,,0.94,0.98,0.96,0.74,1.0,0.59,0.58,0.59,0.94,1.0,0.62,0.8,0.12,0.24,0.63,0.24,0.42,0.53,1.0,,-13.5,-13.5,-26.5,-14.3,8.8,2.9,53.3,11.3,80.5,12.5,
NSE:DRREDDY,Dr. Reddy's Laboratories Limited,Healthcare,Drug Manufacturers - Specialty & Generic,Mid,100475.0,1206.2,30.4,0.58,20.410103,1.68,18.265,2.62,-0.39,8.8,16.9,11.4,4.3,10.0,11.0,-1.7,18.6,15.7,0.242,21.6,-23.0,0.66,20.1,26.64,0.0,-3.2,14.8,25094.2,2.2809121769671536,42.1,56.1,56.1,10.8,8.0,12.0,13.2,3.6,8.6,ROE 4y avg 16.9%; PE vs sector 0.58×; Debt/Equity 18.6; forward P/E 20.4 vs P/E 30.4,Profit CAGR -1.7%; Operating margin 4.3%; 3Y CAGR 3.4%,,,31,0.88,0.28,0.74,0.05,0.42,0.08,0.67,0.0,1.0,0.97,0.57,0.54,0.52,0.93,0.96,1.0,1.0,0.81,0.79,1.0,0.47,1.0,0.28,0.8,0.3,0.26,0.28,0.26,0.55,0.73,1.0,,-3.1,-3.1,-10.6,-5.5,10.4,3.4,36.5,8.1,21.7,4.0,
NSE:ARE&M,Amara Raja Energy & Mobility Limited,Automobile and Auto Components,Electrical Equipment & Parts,Small,13686.0,747.75,14.8,0.42,12.798435,1.31,9.216,1.69,,,12.4,11.1,5.9,6.3,10.0,7.0,5.0,41.3,0.814,33.4,-60.1,1.42,21.0,32.86,0.0,-11.6,26.9,6283.9,5.999525333106437,38.7,56.1,56.1,11.2,9.5,14.3,10.4,4.3,6.4,PE vs sector 0.42×; Debt/Equity 5.00; Interest cover 41.3×; P/B 1.69,Profit CAGR 7.0%; 1Y return -24.8%; 5Y CAGR -0.5%,,,29,0.59,,0.71,0.17,0.41,,0.61,0.32,0.91,1.0,0.9,0.71,0.88,0.92,0.99,1.0,0.89,0.49,0.0,0.46,0.64,1.0,0.52,0.8,0.05,0.31,0.14,0.35,0.29,0.51,1.0,,-24.8,-24.8,-47.1,-27.3,16.2,5.1,55.3,11.6,-2.5,-0.5,
NSE:SUPREMEIND,Supreme Industries Limited,Capital Goods,Building Products & Equipment,Mid,42954.0,3380.0,41.7,0.8,32.25421,,26.276,6.96,,,18.3,15.5,10.1,9.1,6.8,3.3,1.5,142.3,0.183,33.6,-49.4,1.07,44.3,48.96,0.06,-5.7,21.3,6297.2,-6.975225315497713,48.3,55.9,55.9,16.9,6.9,9.2,11.3,4.8,6.7,ROE 4y avg 18.3%; PE vs sector 0.80×; Debt/Equity 1.50; forward P/E 32.3 vs P/E 41.7,Profit CAGR 3.3%; 3Y CAGR -5.6%; Revenue CAGR 6.8%,,,28,0.93,,1.0,0.36,0.47,,0.38,0.13,1.0,0.9,0.34,,0.17,0.57,1.0,1.0,1.0,0.49,0.17,0.74,0.57,1.0,0.92,0.81,0.08,0.07,0.39,0.0,0.48,1.0,1.0,,-19.3,-19.3,-37.4,-20.9,-15.8,-5.6,61.6,12.8,45.6,7.8,
NSE:JAINREC,Jain Resource Recycling Limited,Metals & Mining,Other Industrial Metals & Mining,Micro,9800.0,284.0,26.6,1.43,18.367018,,18.404,6.42,,,35.9,22.6,3.9,3.1,45.4,56.5,81.9,6.0,,,,,0.0,73.59,0.0,-24.7,52.2,4789.7,,,55.9,55.9,13.9,17.0,5.9,9.4,3.5,6.2,ROE 4y avg 35.9%; Revenue CAGR 45.4%; Profit CAGR 56.5%; forward P/E 18.4 vs P/E 26.6,Operating margin 3.9%; PE vs sector 1.43×; 1Y return -9.2%,,,22,1.0,,1.0,0.02,0.11,,1.0,1.0,1.0,0.23,0.63,,0.51,0.26,0.64,0.88,,,,0.34,0.3,0.5,1.0,0.8,0.2,,,,0.0,0.13,1.0,,-9.2,-9.3,,,,,,,,,2Y n/a: listed/data from 2025-10-06; 3Y n/a: listed/data from 2025-10-06; 4Y n/a: listed/data from 2025-10-06; 5Y n/a: listed/data from 2025-10-06
NSE:GODREJPROP,Godrej Properties Limited,Realty,Real Estate - Development,Mid,48070.0,1595.8,30.0,0.92,14.483309,,-113.947,2.51,,,7.8,6.2,-62.3,30.8,32.4,47.9,82.1,42.9,0.467,37.4,-56.5,0.63,0.0,51.66,4.96,-12.2,32.2,11265.1,-1.4200705464087582,,55.9,55.9,7.3,17.0,13.4,9.6,4.0,4.6,Revenue CAGR 32.4%; Profit CAGR 47.9%; forward P/E 14.5 vs P/E 30.0; P/B 2.51,ROE 4y avg 7.8%; 3Y CAGR 0.9%; Operating margin -62.3%,,,28,0.19,,0.31,0.05,0.86,,1.0,1.0,1.0,0.78,0.57,,1.0,1.0,0.64,1.0,1.0,0.38,0.05,0.76,0.46,0.5,0.96,1.0,0.07,0.18,0.05,0.14,0.26,0.45,1.0,,-21.4,-21.4,-50.9,-30.0,2.6,0.9,37.1,8.2,-28.5,-6.5,
NSE:TECHM,Tech Mahindra Limited,Information Technology,Information Technology Services,Large,135812.0,1533.0,26.5,1.0,17.49139,1.86,14.036,4.58,,,14.5,8.8,14.4,8.7,2.2,-0.1,7.3,20.5,0.158,27.2,-29.1,3.33,88.2,34.97,-0.03,1.3,17.3,36818.9,9.501879967445293,46.3,55.5,55.5,13.4,4.0,9.7,12.8,4.4,11.2,Debt/Equity 7.30; forward P/E 17.5 vs P/E 26.5; Interest cover 20.5×; Dividend yield 3.3%,Profit CAGR -0.1%; Revenue CAGR 2.2%; 5Y CAGR 2.3%,,,29,0.76,,0.48,0.47,0.33,,0.09,0.0,1.0,0.7,0.63,0.46,0.69,0.52,0.99,1.0,1.0,0.66,0.67,1.0,1.0,0.44,0.57,0.79,0.56,0.4,0.22,0.49,0.7,0.67,1.0,,8.3,8.3,-5.7,-2.9,26.0,8.0,52.5,11.1,11.8,2.3,
NSE:TATAINVEST,Tata Investment Corporation Limited,Financial Services,Asset Management,Small,31116.0,615.0,71.9,3.42,,,-3.645,1.06,,,1.3,1.0,91.7,105.2,19.5,19.9,0.0,,0.298,42.0,-48.9,0.55,39.9,73.38,0.0,-6.7,48.1,6010.8,36.11783328671192,,55.5,55.5,6.6,16.5,4.9,7.3,4.6,15.7,Revenue CAGR 19.5%; Profit CAGR 19.9%; 3Y CAGR 24.9%; 5Y CAGR 33.8%,ROE 4y avg 1.3%; PE vs sector 3.42×; 1Y return -41.9%,sharp 1-year fall (-42%),,23,0.0,,0.05,,0.99,,0.99,0.95,,0.0,0.0,,,1.0,,,1.0,0.24,0.18,0.66,0.44,1.0,1.0,0.8,0.0,1.0,1.0,1.0,0.45,0.19,1.0,,-41.9,-41.9,-9.8,-5.0,94.6,24.9,165.0,27.6,328.1,33.8,
NSE:THERMAX,Thermax Limited,Capital Goods,Conglomerates,Mid,37772.0,3353.1,63.6,1.22,37.501366,,43.151,6.81,,,13.0,11.6,0.4,5.5,9.8,17.0,42.2,8.5,0.301,37.2,-50.9,0.42,26.6,61.98,0.0,-12.1,36.5,7952.8,6.998748056507953,41.5,55.5,55.5,9.9,13.8,5.4,10.6,4.5,11.4,Profit CAGR 17.0%; Debt/Equity 42.2; 5Y CAGR 20.2%; forward P/E 37.5 vs P/E 63.6,Operating margin 0.4%; 3Y CAGR 2.1%; Net margin 5.5%,,,28,0.64,,0.76,0.01,0.2,,0.6,0.92,1.0,0.48,0.05,,0.0,0.59,0.92,0.95,1.0,0.38,0.14,0.71,0.41,1.0,1.0,0.8,0.51,0.22,0.9,0.2,0.27,0.39,1.0,,6.2,6.2,-34.1,-18.8,6.3,2.1,54.6,11.5,150.4,20.2,
NSE:TATATECH,Tata Technologies Limited,Information Technology,Information Technology Services,Small,28383.0,699.0,51.0,1.92,29.867607,,33.498,7.23,,,18.7,13.9,13.3,9.4,7.7,-4.3,23.9,23.4,0.853,29.3,-60.2,1.19,60.8,55.17,-0.05,3.5,21.5,9979.5,,43.7,55.3,55.3,16.7,6.6,1.6,10.7,4.9,14.8,ROE 4y avg 18.7%; Debt/Equity 23.9; forward P/E 29.9 vs P/E 51.0; Interest cover 23.4×,Profit CAGR -4.3%; PE vs sector 1.92×; 1Y return 1.2%,,,25,0.95,,0.93,0.39,0.42,,0.47,0.0,1.0,0.02,0.14,,0.03,0.24,0.95,1.0,0.87,0.6,0.0,0.62,0.59,0.98,0.98,0.79,0.38,,,,0.77,1.0,1.0,,1.2,1.2,-36.1,-20.1,,,,,,,3Y n/a: listed/data from 2023-11-30; 4Y n/a: listed/data from 2023-11-30; 5Y n/a: listed/data from 2023-11-30
NSE:YESBANK,Yes Bank Limited,Financial Services,Banks - Regional,Mid,65132.0,20.75,17.3,0.82,11.411382,,,1.25,,7.5,4.2,1.8,30.8,23.2,25.3,68.4,,,0.48,37.5,-48.7,,0.0,0.0,0.0,-4.8,19.5,13591.4,5.8509832027769715,,55.2,55.2,4.4,15.3,14.5,8.4,2.3,10.3,Revenue CAGR 25.3%; PE vs sector 0.82×; forward P/E 11.4 vs P/E 17.3; P/B 1.25,ROE 4y avg 4.2%; 3Y CAGR 6.5%; 1Y return -4.6%,,widely held (no promoter) - promoter checks not applicable,23,0.0,0.17,0.09,,0.65,,1.0,0.75,1.0,0.88,0.84,,,1.0,,,1.0,0.38,0.19,0.84,0.3,0.5,,,0.27,0.35,0.51,0.42,0.51,0.61,1.0,,-4.6,-4.6,-7.4,-3.8,20.6,6.5,34.7,7.8,61.5,10.1,
NSE:BBOX,Black Box Limited,Information Technology,Software - Application,Small,14133.0,795.8,61.0,2.3,27.488773,,24.052,10.98,,,20.1,8.0,6.6,3.4,0.2,109.4,89.6,4.0,0.917,50.7,-53.6,0.13,7.7,69.95,-0.29,13.1,27.9,3783.3,58.435268309102284,43.7,55.2,55.2,12.1,8.6,1.4,7.1,3.8,22.3,ROE 4y avg 20.1%; 3Y CAGR 59.4%; 1Y return 49.5%; 5Y CAGR 31.3%,Revenue CAGR 0.2%; PE vs sector 2.30×; Operating margin 6.6%,,,28,1.0,,0.4,0.1,0.09,,0.01,0.75,1.0,0.0,0.07,,0.25,0.12,0.58,0.67,0.84,0.09,0.1,0.46,0.33,0.69,1.0,0.74,1.0,1.0,1.0,1.0,1.0,0.5,1.0,,49.5,49.6,57.6,25.5,304.0,59.4,476.7,55.1,289.7,31.3,
NSE:EXIDEIND,Exide Industries Limited,Automobile and Auto Components,Auto Parts,Small,34799.0,409.4,37.3,1.05,22.111036,,18.217,2.5,,,6.5,5.7,8.7,4.9,6.1,1.3,11.3,12.2,0.542,30.0,-49.9,0.49,36.5,45.99,0.0,9.2,17.5,16191.4,15.604878407487321,,55.0,55.0,5.6,5.9,10.2,11.3,4.3,17.8,3Y CAGR 16.4%; Debt/Equity 11.3; 5Y CAGR 18.0%; forward P/E 22.1 vs P/E 37.3,Profit CAGR 1.3%; ROE 4y avg 6.5%; Revenue CAGR 6.1%,,,28,0.1,,0.29,0.42,0.23,,0.31,0.05,1.0,0.65,0.45,,0.52,0.84,0.98,1.0,1.0,0.58,0.15,0.7,0.42,1.0,0.85,0.8,0.44,0.83,0.86,0.93,0.97,0.66,1.0,,3.6,3.6,-20.0,-10.5,57.5,16.4,166.4,27.8,128.9,18.0,
NSE:KAYNES,Kaynes Technology India Limited,Capital Goods,Electronic Components,Small,22849.0,3399.0,66.2,1.27,37.865665,,37.879,4.9,,,8.8,7.4,11.7,8.9,47.7,56.4,19.2,5.4,-0.16,49.6,-60.5,,0.0,53.46,-0.06,-6.3,55.9,42720.8,17.879413343610693,,54.6,54.6,8.9,17.0,5.7,9.5,3.5,10.0,Revenue CAGR 47.7%; Profit CAGR 56.4%; Debt/Equity 19.2; forward P/E 37.9 vs P/E 66.2,ROE 4y avg 8.8%; 1Y return -52.5%; EV/EBITDA 37.9×,sharp 1-year fall (-52%),,27,0.28,,0.37,0.46,0.45,,1.0,1.0,1.0,0.42,0.03,,0.0,0.76,0.96,0.86,1.0,0.1,0.0,0.56,0.3,0.5,0.97,0.79,0.0,0.63,,0.75,0.46,0.11,1.0,,-52.5,-52.5,-37.8,-21.2,41.7,12.4,,,,,4Y n/a: listed/data from 2022-11-22; 5Y n/a: listed/data from 2022-11-22
NSE:SRF,SRF Limited,Chemicals,Conglomerates,Mid,73692.0,2486.2,34.1,0.93,27.565907,,18.922,5.25,,,13.9,9.9,22.2,12.7,1.8,-5.3,36.2,10.4,0.126,29.0,-27.0,0.4,12.3,50.26,0.0,-6.9,22.5,9193.2,1.5104052361047948,41.7,54.5,54.5,17.1,3.9,9.5,12.4,4.1,7.6,Debt/Equity 36.2; Operating margin 22.2%; Interest cover 10.4×; forward P/E 27.6 vs P/E 34.1,Profit CAGR -5.3%; Revenue CAGR 1.8%; 3Y CAGR 3.3%,,,28,0.71,,0.59,0.81,0.69,,0.07,0.0,0.99,0.77,0.51,,0.49,0.46,0.93,1.0,1.0,0.61,0.71,0.88,0.4,0.81,0.95,0.8,0.11,0.25,0.22,0.26,0.44,1.0,1.0,,-14.5,-14.5,0.2,0.1,10.2,3.3,0.3,0.1,12.1,2.3,
NSE:SUMICHEM,Sumitomo Chemical India Limited,Chemicals,Agricultural Inputs,Small,20977.0,420.25,36.2,0.99,28.790813,,29.741,6.19,,,17.4,15.1,20.3,17.9,-2.6,2.6,1.9,110.4,0.207,33.6,-44.1,0.31,10.3,75.0,0.0,-7.7,26.5,4193.2,-0.26738095522708116,46.9,54.0,54.0,20.9,4.1,7.5,11.3,4.1,6.1,ROE 4y avg 17.4%; Debt/Equity 1.90; forward P/E 28.8 vs P/E 36.2; Interest cover 110.4×,Revenue CAGR -2.6%; Profit CAGR 2.6%; 3Y CAGR -0.2%,,,28,0.9,,1.0,0.75,0.88,,0.0,0.1,1.0,0.71,0.47,,0.11,0.38,1.0,1.0,1.0,0.49,0.33,0.54,0.38,0.76,1.0,0.8,0.06,0.15,0.18,0.08,0.42,1.0,1.0,,-23.2,-23.3,-26.2,-14.1,-0.6,-0.2,-18.0,-4.8,5.0,1.0,
NSE:RBLBANK,RBL Bank Limited,Financial Services,Banks - Regional,Mid,63835.0,411.4,34.0,1.62,20.045412,,,1.52,,,6.3,4.6,15.7,11.1,12.2,-1.5,,,0.659,43.8,-49.0,0.24,8.3,60.0,60.0,19.5,4.2,18728.0,22.15996216826197,,53.8,53.8,4.9,8.4,7.7,7.6,4.1,21.0,3Y CAGR 17.2%; 1Y return 49.5%; 5Y CAGR 16.3%; forward P/E 20.0 vs P/E 34.0,Profit CAGR -1.5%; ROE 4y avg 6.3%; PE vs sector 1.62×,,,24,0.09,,0.23,,0.43,,0.74,0.0,1.0,0.11,0.52,,,1.0,,,0.97,0.19,0.18,0.83,0.36,0.71,1.0,1.0,1.0,0.84,0.83,0.96,1.0,0.94,1.0,,49.5,49.5,102.5,42.3,61.0,17.2,270.5,38.8,112.6,16.3,
NSE:CENTRALBK,Central Bank of India,Financial Services,Banks - Regional,Small,27199.0,30.05,6.1,0.29,,,,0.66,,11.6,9.1,5.7,39.7,27.8,9.3,39.2,,,0.371,41.1,-58.6,4.63,23.8,81.19,-8.08,-11.5,26.6,2224.4,-11.421510894350373,46.8,53.8,53.8,10.4,13.4,13.3,6.6,5.1,4.9,Profit CAGR 39.2%; PE vs sector 0.29×; P/E 6.10; Dividend yield 4.6%,3Y CAGR -17.0%; ROE 4y avg 9.1%; 1Y return -20.3%,,,24,0.31,0.53,0.29,,0.7,,0.57,1.0,,1.0,1.0,,,0.45,,,1.0,0.27,0.02,0.61,1.0,1.0,0.9,0.0,0.07,0.0,0.34,0.0,0.29,0.52,1.0,,-20.3,-20.3,-48.8,-28.5,-42.9,-17.0,52.7,11.2,34.8,6.2,
NSE:BDL,Bharat Dynamics Limited,Capital Goods,Aerospace & Defense,Mid,39878.0,1087.9,76.3,1.47,35.780098,,100.163,9.4,,,12.9,9.9,11.0,18.8,-0.9,6.1,0.0,285.3,0.321,44.8,-46.4,0.45,36.2,74.93,0.0,-17.1,33.4,14256.2,27.527227300733692,42.9,53.7,53.7,14.8,5.2,2.6,10.9,4.5,15.5,3Y CAGR 28.7%; Debt/Equity 0.00; 5Y CAGR 41.9%; forward P/E 35.8 vs P/E 76.3,Revenue CAGR -0.9%; Profit CAGR 6.1%; PE vs sector 1.47×,,,28,0.63,,0.59,0.4,0.88,,0.0,0.27,1.0,0.19,0.0,,0.0,0.38,1.0,1.0,1.0,0.16,0.26,0.72,0.41,1.0,1.0,0.8,0.03,1.0,1.0,1.0,0.12,0.43,1.0,,-29.4,-29.5,-3.5,-1.8,113.1,28.7,148.4,25.6,476.1,41.9,
NSE:SBILIFE,SBI Life Insurance Company Limited,Financial Services,Insurance - Life,Large,172746.0,1721.6,66.7,3.18,49.297573,,58.086,8.58,,13.7,13.3,12.7,1.7,2.1,11.1,12.8,,227.8,0.351,23.0,-28.1,0.16,10.4,55.32,-0.05,-8.2,19.2,17231.4,8.548422113763475,38.4,53.6,53.6,13.8,12.9,0.1,12.1,4.0,10.7,"forward P/E 49.3 vs P/E 66.7; ROE worst year 12.7%; Beta 0.35; Size (market cap) 172,746 Cr",PE vs sector 3.18×; P/B 8.58; Net margin 2.1%,,,25,0.66,0.7,0.85,,0.07,,0.68,0.72,1.0,0.0,0.02,,,0.0,,,1.0,0.77,0.69,1.0,0.34,0.76,0.98,0.79,0.28,0.5,0.38,0.61,0.4,0.62,1.0,,-4.4,-4.4,-6.1,-3.1,33.2,10.0,39.1,8.6,42.4,7.3,
NSE:VMM,Vishal Mega Mart Limited,Consumer Services,Department Stores,Mid,46614.0,99.5,52.4,0.93,36.852398,,22.747,6.26,,,8.9,6.2,9.6,6.6,19.4,37.7,26.8,7.6,,34.4,-35.0,,0.0,40.09,-14.13,-14.1,34.6,12501.8,,36.7,53.1,53.1,8.3,16.9,8.4,11.2,2.5,5.9,Profit CAGR 37.7%; Revenue CAGR 19.4%; Debt/Equity 26.8; forward P/E 36.9 vs P/E 52.4,ROE 4y avg 8.9%; 1Y return -33.1%; P/E 52.4,,,24,0.29,,0.31,0.4,0.42,,0.99,1.0,1.0,0.77,0.13,,0.31,0.61,0.95,0.93,,0.47,0.55,0.75,0.3,0.5,0.7,0.0,0.01,,,,0.19,0.42,1.0,,-33.1,-33.1,,,,,,,,,2Y n/a: listed/data from 2024-12-18; 3Y n/a: listed/data from 2024-12-18; 4Y n/a: listed/data from 2024-12-18; 5Y n/a: listed/data from 2024-12-18
NSE:OLECTRA,Olectra Greentech Limited,Automobile and Auto Components,Farm & Heavy Construction Machinery,Micro,8991.0,1095.4,50.7,1.43,25.297922,,26.505,7.33,,,11.0,7.8,9.3,7.0,28.4,39.3,30.8,7.5,0.055,47.7,-58.7,0.05,1.8,50.02,0.0,-9.0,30.6,4242.2,-2.811645961675502,,53.0,53.0,10.9,17.0,3.9,9.3,3.5,8.3,Revenue CAGR 28.4%; Profit CAGR 39.3%; Debt/Equity 30.8; 5Y CAGR 20.4%,3Y CAGR -3.0%; 1Y return -29.6%; PE vs sector 1.43×,,,28,0.48,,0.39,0.45,0.46,,1.0,1.0,1.0,0.23,0.14,,0.17,0.4,0.94,0.93,1.0,0.12,0.02,0.31,0.31,0.55,0.95,0.8,0.03,0.1,0.91,0.0,0.38,0.47,1.0,,-29.6,-29.7,-37.3,-20.9,-8.9,-3.0,84.6,16.6,153.0,20.4,
NSE:FRACTAL,Fractal Analytics Limited,Information Technology,Software - Infrastructure,Micro,12399.0,721.0,37.7,1.42,26.159746,,21.554,3.77,,,8.4,-3.4,11.3,9.5,18.5,12.9,13.1,7.9,,,,,0.0,16.97,0.0,-16.4,35.5,2508.6,,,53.0,53.0,6.1,15.0,6.9,12.1,2.1,10.9,Revenue CAGR 18.5%; Debt/Equity 13.1; forward P/E 26.2 vs P/E 37.7; Interest cover 7.90×,ROE 4y avg 8.4%; PE vs sector 1.42×; Operating margin 11.3%,,,21,0.24,,0.0,0.28,0.44,,0.97,0.73,1.0,0.24,0.44,,0.37,0.76,0.97,0.94,,,,0.43,0.3,0.5,0.04,0.8,,,,,0.13,0.41,1.0,,,,,,,,,,,,1Y n/a: listed/data from 2026-02-16; 2Y n/a: listed/data from 2026-02-16; 3Y n/a: listed/data from 2026-02-16; 4Y n/a: listed/data from 2026-02-16; 5Y n/a: listed/data from 2026-02-16
NSE:UTIAMC,UTI Asset Management Company Limited,Financial Services,Asset Management,Micro,11312.0,880.0,24.6,1.17,15.432567,,8.897,2.51,,,13.4,9.0,63.3,26.6,10.8,-2.6,3.1,45.4,0.401,34.3,-36.5,4.53,72.6,0.0,0.0,-9.1,37.5,1770.3,8.43514426250984,,52.6,52.6,15.4,7.9,10.0,8.3,5.4,5.6,forward P/E 15.4 vs P/E 24.6; Dividend yield 4.5%; Beta 0.40; Turnover/day 1770.3 L,Profit CAGR -2.6%; 1Y return -32.5%; 5Y CAGR -3.4%,,widely held (no promoter) - promoter checks not applicable,22,0.67,,0.5,,0.68,,0.66,0.0,1.0,0.53,0.66,,,0.75,,,1.0,0.47,0.52,0.39,1.0,0.75,,,0.01,0.27,0.1,0.29,0.38,0.38,1.0,,-32.5,-32.5,-28.4,-15.4,12.0,3.9,24.3,5.6,-15.9,-3.4,
NSE:PRESTIGE,Prestige Estates Projects Limited,Realty,Real Estate - Diversified,Mid,64011.0,1486.1,56.2,1.72,25.953508,,24.379,3.93,,7.8,8.0,3.0,23.7,8.7,15.2,8.3,105.5,2.2,0.439,39.5,-48.4,0.13,6.8,60.94,0.0,0.8,17.7,9379.3,33.21378172652687,43.3,52.6,52.6,8.0,12.3,3.3,6.9,3.9,18.3,Revenue CAGR 15.2%; 3Y CAGR 34.0%; 5Y CAGR 25.3%; forward P/E 26.0 vs P/E 56.2,ROE 4y avg 8.0%; PE vs sector 1.72×; Profit CAGR 8.3%,,,29,0.2,0.19,0.15,0.71,0.41,,0.9,0.4,1.0,0.08,0.1,,0.23,0.45,0.46,0.34,1.0,0.32,0.2,0.83,0.33,0.67,1.0,0.8,0.29,1.0,1.0,1.0,0.68,0.66,1.0,,-3.6,-3.6,-18.2,-9.6,140.4,34.0,226.0,34.4,209.0,25.3,
NSE:FLUOROCHEM,Gujarat Fluorochemicals Limited,Chemicals,Specialty Chemicals,Mid,47819.0,4353.1,77.7,2.13,38.96111,,38.382,6.25,,,11.6,7.3,19.7,11.6,-4.5,-24.3,28.9,9.8,0.003,36.3,-38.0,0.07,5.4,61.39,-1.19,14.7,12.2,8014.5,11.762250774378803,35.6,52.3,52.3,13.6,3.4,1.4,11.5,3.6,18.8,Debt/Equity 28.9; 5Y CAGR 17.3%; forward P/E 39.0 vs P/E 77.7; Interest cover 9.80×,Revenue CAGR -4.5%; Profit CAGR -24.3%; PE vs sector 2.13×,,,28,0.53,,0.36,0.7,0.62,,0.0,0.0,1.0,0.0,0.0,,0.0,0.35,0.94,0.99,1.0,0.41,0.49,0.76,0.32,0.64,1.0,0.56,0.77,0.73,0.85,0.83,1.0,0.8,1.0,,16.9,16.9,0.5,0.3,47.7,13.9,9.1,2.2,122.4,17.3,
NSE:JPPOWER,Jaiprakash Power Ventures Limited,Power,Utilities - Independent Power Producers,Micro,10177.0,14.85,21.2,0.78,-8.735294,,10.84,1.14,,,4.9,0.5,36.1,11.1,-1.3,101.1,26.6,3.1,0.308,54.1,-50.9,,0.0,24.0,0.0,-12.0,39.4,8519.9,14.344092198900583,,52.3,52.3,7.6,6.4,13.9,8.1,2.3,14.0,PE vs sector 0.78×; 5Y CAGR 28.7%; Debt/Equity 26.6; P/B 1.14,ROE 4y avg 4.9%; Revenue CAGR -1.3%; 1Y return -16.7%,,,27,0.0,,0.03,0.79,0.58,,0.0,0.75,,0.91,0.74,,0.82,0.95,0.95,0.5,1.0,0.06,0.14,0.35,0.3,0.5,0.18,0.8,0.09,0.72,1.0,0.82,0.27,0.36,1.0,,-16.7,-16.7,-22.7,-12.1,47.3,13.8,105.6,19.8,252.4,28.7,
NSE:PATANJALI,Patanjali Foods Limited,Fast Moving Consumer Goods,Packaged Foods,Mid,38636.0,355.15,19.6,0.47,19.460274,,20.471,2.95,,,10.4,7.5,4.3,4.6,8.7,27.0,21.3,12.5,-0.179,37.2,-49.2,1.14,23.0,68.25,-0.56,-19.7,42.2,20370.7,-5.796126814531599,40.7,51.3,51.3,6.6,12.3,13.2,11.0,4.8,3.4,Profit CAGR 27.0%; PE vs sector 0.47×; Debt/Equity 21.3; Interest cover 12.5×,3Y CAGR -4.8%; 1Y return -38.9%; Operating margin 4.3%,sharp 1-year fall (-39%),,28,0.43,,0.38,0.05,0.17,,0.54,1.0,0.54,1.0,0.79,,0.43,0.89,0.96,1.0,1.0,0.38,0.17,0.72,0.58,1.0,1.0,0.69,0.0,0.08,0.16,0.0,0.08,0.31,1.0,,-38.9,-38.9,-37.3,-20.8,-13.8,-4.8,-19.4,-5.3,1.2,0.2,
NSE:ABDL,Allied Blenders and Distillers Limited,Fast Moving Consumer Goods,Beverages - Wineries & Distilleries,Small,19020.0,680.0,86.3,2.07,43.58974,,37.017,11.44,,,6.8,0.4,9.5,5.6,7.4,422.6,68.3,3.6,0.805,40.7,-43.8,0.79,68.3,80.91,0.0,22.0,9.8,4544.7,,,51.2,51.2,4.5,11.5,1.1,8.4,4.3,21.3,1Y return 28.2%; forward P/E 43.6 vs P/E 86.3; Price vs 200-DMA 22.0%; Promoter holding 80.9%,ROE 4y avg 6.8%; PE vs sector 2.07×; Operating margin 9.5%,,,25,0.12,,0.02,0.35,0.24,,0.44,0.75,1.0,0.0,0.0,,0.0,0.29,0.75,0.59,0.9,0.28,0.34,0.52,0.5,0.83,0.9,0.8,0.93,,,,0.92,0.85,1.0,,28.2,28.2,98.6,41.0,,,,,,,3Y n/a: listed/data from 2024-07-02; 4Y n/a: listed/data from 2024-07-02; 5Y n/a: listed/data from 2024-07-02
NSE:EIDPARRY,EID Parry India Limited,Fast Moving Consumer Goods,Agricultural Inputs,Micro,11976.0,673.0,25.8,0.62,8.985313,,5.52,1.36,,,11.5,6.5,5.6,1.2,9.6,-15.6,23.6,6.1,0.028,35.1,-45.4,,0.0,41.28,-0.26,-17.4,39.8,3479.7,9.390569212234311,,51.1,51.1,7.1,7.4,14.7,10.4,3.1,8.5,PE vs sector 0.62×; Debt/Equity 23.6; forward P/E 9.0 vs P/E 25.8; P/B 1.36,Profit CAGR -15.6%; 1Y return -34.8%; Operating margin 5.6%,,,28,0.52,,0.33,0.12,0.04,,0.59,0.0,1.0,0.96,0.64,,1.0,1.0,0.95,0.88,1.0,0.45,0.29,0.41,0.3,0.5,0.73,0.75,0.0,0.46,0.47,0.55,0.11,0.35,1.0,,-34.8,-34.8,-22.4,-11.9,29.8,9.1,15.0,3.6,57.5,9.5,
NSE:JWL,Jupiter Wagons Limited,Capital Goods,Railroads,Micro,9543.0,223.3,57.1,1.1,23.692308,,26.925,3.23,,,13.8,5.7,6.9,5.3,12.1,12.3,33.4,5.3,0.328,53.0,-69.7,0.69,0.0,68.31,0.22,-18.2,37.7,2874.2,-14.002523960859092,,50.8,50.8,9.6,13.0,8.0,9.0,3.9,7.3,5Y CAGR 46.3%; Debt/Equity 33.4; forward P/E 23.7 vs P/E 57.1; P/B 3.23,3Y CAGR -10.7%; 1Y return -33.8%; Operating margin 6.9%,,,28,0.7,,0.29,0.16,0.18,,0.73,0.68,1.0,0.6,0.1,,0.16,0.9,0.93,0.86,1.0,0.07,0.0,0.33,0.47,0.5,1.0,0.84,0.01,0.0,1.0,0.0,0.1,0.38,1.0,,-33.8,-33.8,-56.5,-34.0,-28.7,-10.7,211.4,32.9,570.4,46.3,
NSE:LINDEINDIA,Linde India Limited,Chemicals,Specialty Chemicals,Mid,52893.0,6202.0,96.4,2.64,72.07437,0.13,58.621,12.4,,,12.9,11.9,19.9,20.6,0.3,7.8,1.8,51.6,-0.064,35.5,-42.7,0.06,7.0,75.0,0.0,-8.4,22.9,1468.9,1.2509525897269613,,50.0,54.3,17.8,6.0,3.7,11.7,3.8,11.4,Debt/Equity 1.80; 5Y CAGR 18.9%; forward P/E 72.1 vs P/E 96.4; PEG 0.13,Revenue CAGR 0.3%; PE vs sector 2.64×; Profit CAGR 7.8%,very expensive (P/E 96),,29,0.63,,0.79,0.72,0.94,,0.01,0.37,1.0,0.0,0.0,1.0,0.0,0.15,1.0,1.0,1.0,0.43,0.37,0.78,0.32,0.68,1.0,0.8,0.34,0.19,0.88,0.16,0.4,1.0,1.0,,-0.3,-0.3,-25.7,-13.8,4.4,1.4,87.3,17.0,137.7,18.9,
NSE:TDPOWERSYS,TD Power Systems Limited,Capital Goods,Specialty Industrial Machinery,Small,24877.0,793.0,90.2,1.74,53.310925,,64.678,23.12,,,18.8,16.0,17.9,12.9,29.2,35.1,1.7,172.4,0.569,48.9,-35.6,0.13,9.4,26.87,-0.01,45.1,3.0,22081.2,84.91595890607293,,50.0,73.9,20.6,17.0,0.9,11.1,2.9,21.4,Revenue CAGR 29.2%; Profit CAGR 35.1%; ROE 4y avg 18.8%; 3Y CAGR 81.8%,PE vs sector 1.74×; P/B 23.1; P/E 90.2,very expensive (P/E 90),,28,0.95,,1.0,0.75,0.71,,1.0,1.0,1.0,0.08,0.0,,0.0,0.1,1.0,1.0,1.0,0.11,0.54,0.58,0.33,0.73,0.29,0.8,1.0,1.0,1.0,1.0,0.3,0.87,1.0,,164.8,165.0,284.4,96.2,498.9,81.8,1241.3,91.5,2301.2,88.9,
NSE:ETERNAL,ETERNAL LIMITED,Consumer Services,Internet Retail,Large,288957.0,313.9,667.9,11.85,83.313644,,165.112,9.28,,,-0.1,-5.0,0.2,0.6,97.7,,14.8,2.6,0.234,45.9,-39.1,,0.0,0.0,0.0,14.2,14.8,100261.4,46.682734695070785,,50.0,50.5,1.6,17.0,1.7,9.6,2.3,18.3,Revenue CAGR 97.7%; 3Y CAGR 44.0%; Debt/Equity 14.8; 5Y CAGR 17.9%,ROE 4y avg -0.1%; PE vs sector 11.8×; Operating margin 0.2%,very expensive (P/E 668),widely held (no promoter) - promoter checks not applicable,25,0.0,,0.0,0.13,0.16,,1.0,,1.0,0.0,0.0,,0.0,0.43,0.97,0.41,1.0,0.14,0.47,1.0,0.3,0.5,,,0.27,1.0,0.86,1.0,1.0,0.73,1.0,,-4.6,-4.6,14.5,7.0,198.1,44.0,407.1,50.1,127.5,17.9,
NSE:NETWEB,Netweb Technologies India Limited,Information Technology,Computer Hardware,Small,26858.0,4518.0,98.0,3.7,54.143642,,71.099,35.47,,,29.5,18.0,14.3,9.6,70.4,63.7,39.0,30.6,1.737,53.7,-54.7,0.07,5.4,66.98,-4.05,11.9,22.3,62721.4,77.08260053522208,,50.0,66.0,18.2,15.3,0.2,8.5,3.2,20.7,ROE 4y avg 29.5%; Revenue CAGR 70.4%; 3Y CAGR 76.1%; Debt/Equity 39.0,PE vs sector 3.70×; P/B 35.5; P/E 98.0,very expensive (P/E 98),,27,1.0,,1.0,0.45,0.47,,1.0,0.75,1.0,0.0,0.0,,0.0,0.04,0.92,1.0,0.11,0.06,0.08,0.61,0.32,0.64,1.0,0.07,0.63,1.0,,1.0,1.0,1.0,1.0,,11.3,11.3,80.2,34.3,444.5,76.1,,,,,4Y n/a: listed/data from 2023-07-27; 5Y n/a: listed/data from 2023-07-27
NSE:FIVESTAR,Five-Star Business Finance Limited,Financial Services,Credit Services,Small,14901.0,504.8,13.5,0.64,10.174754,,,2.02,,,15.5,13.9,59.1,47.8,27.5,22.1,111.9,19.8,0.577,39.8,-61.3,0.4,5.4,18.61,-2.86,5.0,24.2,3319.8,-9.835691100322386,51.4,50.0,68.5,20.5,16.8,15.3,6.2,2.1,7.6,Revenue CAGR 27.5%; Profit CAGR 22.1%; ROE 4y avg 15.5%; PE vs sector 0.64×,3Y CAGR -10.8%; 1Y return -5.6%; Max drawdown 3y -61.3%,negative returns on every horizon (1Y/3Y/5Y),,23,0.82,,0.93,,0.87,,1.0,0.97,1.0,0.95,0.92,,,0.99,,,1.0,0.31,0.0,0.47,0.4,0.64,0.07,0.18,0.26,0.0,,0.0,0.82,1.0,1.0,,-5.6,-5.6,-38.7,-21.7,-29.0,-10.8,,,,,4Y n/a: listed/data from 2022-11-21; 5Y n/a: listed/data from 2022-11-21
NSE:ABB,ABB India Limited,Capital Goods,Specialty Industrial Machinery,Large,146217.0,6900.0,92.6,1.78,65.78928,,72.099,15.66,0.74,19.1,22.3,20.6,11.5,21.3,15.4,18.0,1.5,116.0,0.483,32.7,-47.5,0.57,52.7,75.0,0.0,4.3,12.9,19353.1,17.59084569401208,,50.0,73.7,18.6,15.9,1.1,11.9,4.6,21.6,ROE 4y avg 22.3%; Profit CAGR 18.0%; Revenue CAGR 15.4%; 3Y CAGR 19.1%,PE vs sector 1.78×; P/B 15.7; FCF yield 0.7%,very expensive (P/E 93),,30,1.0,0.96,1.0,0.44,0.93,0.25,0.91,0.93,1.0,0.07,0.0,,0.0,0.18,1.0,1.0,1.0,0.51,0.23,1.0,0.44,1.0,1.0,0.8,0.98,0.88,1.0,1.0,0.8,0.86,1.0,,32.7,32.7,-16.5,-8.7,68.6,19.1,130.4,23.2,271.2,30.0,
NSE:IFCI,IFCI Limited,Financial Services,Credit Services,Small,17516.0,65.01,98.5,4.69,18.46875,,,1.92,,,0.2,-5.5,24.1,12.7,11.5,,22.7,,0.6,59.0,-55.1,,0.0,72.57,0.0,-3.0,39.5,38875.7,57.56736850921871,,50.0,50.8,3.1,13.6,4.9,5.5,3.5,20.1,3Y CAGR 39.7%; 5Y CAGR 37.9%; forward P/E 18.5 vs P/E 98.5; P/B 1.92,ROE 4y avg 0.2%; PE vs sector 4.69×; ROE worst year -5.5%,very expensive (P/E 98),,23,0.0,,0.0,,0.49,,0.7,,1.0,0.0,0.0,,,1.0,,,1.0,0.01,0.07,0.5,0.3,0.5,1.0,0.8,0.79,1.0,1.0,1.0,0.56,0.36,1.0,,17.7,17.7,0.1,0.0,172.0,39.7,585.7,61.9,399.2,37.9,
NSE:CUPID,Cupid Limited,Fast Moving Consumer Goods,Household & Personal Products,Mid,41927.0,311.8,311.8,7.48,,,259.347,92.88,,,17.0,11.9,38.0,30.4,31.2,50.8,12.5,59.2,0.305,49.0,-57.9,,0.0,46.24,0.69,100.3,0.8,104470.0,323.07270349680124,,50.0,74.3,22.1,17.0,0.1,10.4,3.4,21.2,Revenue CAGR 31.2%; Profit CAGR 50.8%; ROE 4y avg 17.0%; 3Y CAGR 323.9%,PE vs sector 7.48×; P/B 92.9; P/E 311.8,very expensive (P/E 312),,27,0.88,,0.79,1.0,1.0,,1.0,1.0,,0.0,0.0,,0.0,0.04,0.97,1.0,1.0,0.11,0.03,0.73,0.3,0.5,0.86,0.94,1.0,1.0,1.0,1.0,0.2,0.89,1.0,,619.1,620.0,1806.7,337.1,7462.9,323.9,13352.4,241.1,13343.8,166.5,
NSE:POWERINDIA,Hitachi Energy India Limited,Capital Goods,Electrical Equipment & Parts,Large,139467.0,31290.0,122.0,2.35,62.365837,,90.495,26.95,,,12.0,7.7,15.8,12.6,22.2,119.1,1.7,104.4,0.568,45.5,-40.3,0.03,2.3,71.31,0.0,8.5,19.3,37207.9,92.91891678438446,,50.0,67.2,14.1,15.3,0.2,11.7,3.6,22.3,Revenue CAGR 22.2%; 3Y CAGR 97.9%; 1Y return 72.5%; 5Y CAGR 66.4%,PE vs sector 2.35×; P/B 26.9; P/E 122.0,very expensive (P/E 122),,28,0.56,,0.39,0.68,0.68,,1.0,0.75,1.0,0.0,0.0,,0.0,0.06,1.0,1.0,1.0,0.14,0.44,1.0,0.31,0.56,1.0,0.8,1.0,1.0,1.0,1.0,0.95,0.62,1.0,,72.5,72.6,119.1,48.1,673.1,97.9,800.5,73.4,1175.5,66.4,
NSE:NYKAA,FSN E-Commerce Ventures Limited,Consumer Services,Internet Retail,Mid,93107.0,324.95,361.1,6.41,110.70344,,153.04,64.71,,,5.7,1.4,5.3,2.4,24.7,118.0,82.8,3.9,0.356,37.3,-30.0,,0.0,52.08,-0.06,14.1,7.0,17897.8,29.365746885807333,,50.0,54.3,2.9,15.3,0.2,9.7,3.5,22.8,Revenue CAGR 24.7%; 3Y CAGR 29.1%; 1Y return 34.7%; forward P/E 110.7 vs P/E 361.1,ROE 4y avg 5.7%; PE vs sector 6.41×; Operating margin 5.3%,very expensive (P/E 361),,27,0.05,,0.07,0.19,0.22,,1.0,0.75,1.0,0.0,0.0,,0.0,0.04,0.64,0.65,1.0,0.38,0.65,0.97,0.3,0.5,0.96,0.79,1.0,1.0,,1.0,1.0,0.9,1.0,,34.7,34.7,64.7,28.3,114.8,29.1,49.5,10.6,,,5Y n/a: listed/data from 2021-11-10
NSE:PTCIL,PTC Industries Limited,Capital Goods,Metal Fabrication,Small,32856.0,21915.0,261.8,5.04,56.590862,,193.107,21.8,,,6.5,4.4,18.3,18.0,40.7,57.9,17.3,20.7,0.316,49.2,-41.7,,0.0,59.72,-0.03,20.5,9.2,6435.1,57.41954402554326,,50.0,65.0,10.5,17.0,0.5,10.9,3.5,22.7,Revenue CAGR 40.7%; Profit CAGR 57.9%; 3Y CAGR 56.1%; 1Y return 40.3%,ROE 4y avg 6.5%; PE vs sector 5.04×; P/B 21.8,very expensive (P/E 262),,27,0.1,,0.22,0.77,0.85,,1.0,1.0,1.0,0.0,0.0,,0.0,0.12,0.97,1.0,1.0,0.11,0.4,0.68,0.3,0.5,1.0,0.79,1.0,1.0,,1.0,0.98,0.86,1.0,,40.3,40.3,57.3,25.4,279.4,56.1,,,,,4Y n/a: listed/data from 2023-06-09; 5Y n/a: listed/data from 2023-06-09
NSE:AZAD,Azad Engineering Limited,Capital Goods,Specialty Industrial Machinery,Small,18425.0,2853.0,132.9,2.56,77.181114,,78.792,12.06,,,7.0,4.2,26.5,21.8,35.0,150.3,31.0,9.5,0.636,46.9,-39.6,,0.0,55.84,0.42,39.0,8.8,21430.5,,,50.0,62.5,12.3,15.3,0.9,10.5,3.6,19.9,Revenue CAGR 35.0%; 1Y return 77.6%; Operating margin 26.5%; Debt/Equity 31.0,ROE 4y avg 7.0%; PE vs sector 2.56×; P/B 12.1,very expensive (P/E 133),,25,0.13,,0.21,0.96,0.95,,1.0,0.75,1.0,0.0,0.0,,0.0,0.24,0.94,0.98,0.98,0.13,0.46,0.51,0.3,0.5,0.98,0.88,1.0,,,,0.42,0.87,1.0,,77.6,77.7,98.1,40.8,,,,,,,3Y n/a: listed/data from 2023-12-28; 4Y n/a: listed/data from 2023-12-28; 5Y n/a: listed/data from 2023-12-28
NSE:LENSKART,Lenskart Solutions Limited,Consumer Services,Medical Instruments & Supplies,Large,119469.0,690.0,181.6,3.22,97.258575,,91.838,13.71,,,5.2,4.8,10.5,6.8,,,35.0,4.8,,,,,0.0,17.53,-0.04,29.3,4.8,61584.3,,,50.0,57.4,5.9,17.0,0.7,12.6,2.1,19.1,"Debt/Equity 35.0; forward P/E 97.3 vs P/E 181.6; Interest cover 4.80×; Size (market cap) 119,469 Cr",ROE 4y avg 5.2%; PE vs sector 3.22×; P/B 13.7,very expensive (P/E 182),,19,0.01,,0.24,0.46,0.45,,,,1.0,0.0,0.0,,0.0,0.17,0.93,0.81,,,,1.0,0.3,0.5,0.05,0.79,,,,,0.63,0.93,1.0,,,,,,,,,,,,1Y n/a: listed/data from 2025-11-10; 2Y n/a: listed/data from 2025-11-10; 3Y n/a: listed/data from 2025-11-10; 4Y n/a: listed/data from 2025-11-10; 5Y n/a: listed/data from 2025-11-10
NSE:HDFCBANK,HDFC Bank Limited,Financial Services,,Large,1111981.0,721.2,15.8,0.75,11.514689,0.89,,1.83,,,10.8,8.6,33.3,26.8,16.9,12.5,,,0.404,21.0,-31.0,1.8,24.0,0.0,0.0,-10.5,29.3,,-2.8469486723870063,48.4,50.0,62.2,12.5,14.5,14.8,12.1,5.0,3.3,Revenue CAGR 16.9%; PE vs sector 0.75×; forward P/E 11.5 vs P/E 15.8; P/B 1.83,3Y CAGR -1.5%; 1Y return -25.3%; 5Y CAGR -1.8%,negative returns on every horizon (1Y/3Y/5Y),widely held (no promoter) - promoter checks not applicable,22,0.46,,0.46,,0.69,,0.94,0.7,1.0,0.92,0.88,0.88,,1.0,,,1.0,0.82,0.63,1.0,0.73,1.0,,,0.05,0.13,0.12,0.02,0.33,0.48,,,-25.3,-25.3,-16.4,-8.6,-4.4,-1.5,2.1,0.5,-8.9,-1.8,
NSE:MPHASIS,MphasiS Limited,Information Technology,Information Technology Services,Mid,42938.0,2250.2,22.5,0.85,17.72187,2.4,14.967,3.79,0.92,17.7,18.3,17.3,14.8,11.6,4.8,4.4,24.7,13.3,0.489,31.7,-34.7,2.76,57.0,30.54,-9.56,-5.4,24.4,12067.2,-0.7387778193463923,38.9,50.0,55.2,17.3,5.9,10.3,11.9,4.3,5.5,ROE 4y avg 18.3%; PE vs sector 0.85×; Debt/Equity 24.7; forward P/E 17.7 vs P/E 22.5,Profit CAGR 4.4%; Revenue CAGR 4.8%; 3Y CAGR -1.9%,negative returns on every horizon (1Y/3Y/5Y),,31,0.93,0.91,1.0,0.52,0.6,0.28,0.19,0.18,1.0,0.85,0.71,0.24,0.65,0.68,0.95,1.0,1.0,0.54,0.56,0.74,0.95,1.0,0.46,0.0,0.09,0.12,0.06,0.0,0.49,1.0,1.0,,-16.4,-16.4,-25.4,-13.6,-5.4,-1.9,12.2,2.9,-25.6,-5.8,
NSE:CANHLIFE,Canara HSBC Life Insurance Company Limited,Financial Services,Insurance - Life,Small,13824.0,145.9,105.7,5.03,76.789474,,73.116,8.48,,8.3,7.8,7.7,0.8,1.1,,,15.3,16.1,,,,0.28,0.0,62.0,0.0,0.1,12.5,2973.0,,,50.0,50.2,4.7,17.0,0.0,6.4,3.7,18.3,forward P/E 76.8 vs P/E 105.7; Promoter holding 62.0%; Turnover/day 2973.0 L; Promoter change 1y 0.0 pts,ROE 4y avg 7.8%; PE vs sector 5.03×; P/B 8.48,very expensive (P/E 106),,16,0.19,0.23,0.39,,0.04,,,,1.0,0.0,0.0,,,0.0,,,,,,0.46,0.37,0.5,1.0,0.8,,,,,0.65,0.79,1.0,,,,,,,,,,,,1Y n/a: listed/data from 2025-10-17; 2Y n/a: listed/data from 2025-10-17; 3Y n/a: listed/data from 2025-10-17; 4Y n/a: listed/data from 2025-10-17; 5Y n/a: listed/data from 2025-10-17
NSE:LAURUSLABS,Laurus Labs Limited,Healthcare,Drug Manufacturers - Specialty & Generic,Large,107198.0,1984.0,98.0,1.88,67.461655,,53.72,20.21,,,12.1,3.9,25.4,15.0,3.8,4.0,46.4,8.3,0.361,33.0,-18.7,0.12,9.9,27.47,-0.12,45.7,3.5,48852.6,70.99759466766969,,50.0,57.6,14.7,5.5,0.5,12.4,2.9,21.5,3Y CAGR 71.1%; 1Y return 127.5%; 5Y CAGR 26.2%; Debt/Equity 46.4,Revenue CAGR 3.8%; Profit CAGR 4.0%; PE vs sector 1.88×,very expensive (P/E 98),,28,0.57,,0.2,0.84,0.73,,0.15,0.16,1.0,0.04,0.0,,0.0,0.07,0.91,0.95,1.0,0.5,0.87,1.0,0.33,0.75,0.32,0.78,1.0,1.0,1.0,1.0,0.29,0.95,1.0,,127.5,127.7,322.8,105.7,399.2,71.1,287.2,40.3,220.4,26.2,
NSE:CPPLUS,Aditya Infotech Limited,Capital Goods,Building Products & Equipment,Mid,46598.0,3800.0,93.5,1.8,50.397877,,64.359,23.85,,,29.0,19.6,13.6,9.8,22.7,50.3,9.6,18.2,,44.6,-20.4,0.04,0.0,74.71,-2.41,45.8,7.2,9084.1,,,50.0,70.5,18.9,17.0,0.7,11.6,3.2,19.1,ROE 4y avg 29.0%; Revenue CAGR 22.7%; Profit CAGR 50.3%; 1Y return 185.6%,PE vs sector 1.80×; P/B 23.9; P/E 93.5,very expensive (P/E 94),,24,1.0,,1.0,0.55,0.51,,1.0,1.0,1.0,0.06,0.0,,0.0,0.09,0.98,1.0,,0.16,0.84,0.75,0.31,0.5,1.0,0.28,1.0,,,,0.28,0.83,1.0,,185.6,185.8,,,,,,,,,2Y n/a: listed/data from 2025-08-05; 3Y n/a: listed/data from 2025-08-05; 4Y n/a: listed/data from 2025-08-05; 5Y n/a: listed/data from 2025-08-05
NSE:CGPOWER,CG Power and Industrial Solutions Limited,Capital Goods,Electrical Equipment & Parts,Large,138484.0,879.0,111.1,2.14,63.116264,,85.703,17.37,,,35.4,15.1,10.4,9.8,21.2,7.8,1.4,134.6,0.42,36.4,-38.0,0.15,16.4,56.36,-1.69,10.3,10.4,30266.2,25.781767194354988,,50.0,69.1,17.9,12.7,0.6,12.2,3.9,21.8,ROE 4y avg 35.4%; Revenue CAGR 21.2%; 3Y CAGR 25.6%; 5Y CAGR 47.9%,PE vs sector 2.14×; Profit CAGR 7.8%; P/B 17.4,very expensive (P/E 111),,28,1.0,,1.0,0.37,0.51,,1.0,0.37,1.0,0.0,0.0,,0.0,0.15,1.0,1.0,1.0,0.41,0.49,1.0,0.34,0.91,0.98,0.44,0.82,1.0,1.0,1.0,1.0,0.81,1.0,,18.8,18.8,17.0,8.2,97.8,25.6,282.8,39.9,607.4,47.9,
NSE:TEGA,Tega Industries Limited,Capital Goods,Specialty Industrial Machinery,Small,15754.0,2097.0,556.2,10.71,23.856655,,36.784,4.62,,,13.1,4.2,10.0,0.7,11.8,-8.1,11.7,10.4,0.405,38.4,-42.2,0.1,53.2,67.5,-7.3,21.3,4.6,8432.7,30.45207500204534,,50.0,55.4,9.2,8.3,3.2,11.0,3.7,20.0,3Y CAGR 32.8%; Debt/Equity 11.7; forward P/E 23.9 vs P/E 556.2; Interest cover 10.4×,Profit CAGR -8.1%; PE vs sector 10.7×; Net margin 0.7%,very expensive (P/E 556),,27,0.65,,0.21,0.35,0.03,,0.72,0.0,1.0,0.0,0.0,,0.0,0.79,0.98,1.0,1.0,0.35,0.38,0.48,0.33,1.0,1.0,0.0,0.57,1.0,,1.0,0.95,0.93,1.0,,9.0,9.0,6.0,3.0,133.7,32.8,306.3,42.0,,,5Y n/a: listed/data from 2021-12-13
NSE:RUBICON,Rubicon Research Limited,Healthcare,Drug Manufacturers - General,Small,26949.0,1628.0,93.3,1.79,56.42981,,62.546,20.85,,,19.1,19.1,21.3,14.9,,,24.1,11.3,,,,0.09,0.0,59.76,-0.23,43.5,14.3,5387.2,,,50.0,70.5,20.7,17.0,0.5,12.7,3.5,16.0,ROE 4y avg 19.1%; Debt/Equity 24.1; forward P/E 56.4 vs P/E 93.3; Interest cover 11.3×,PE vs sector 1.79×; P/B 20.9; P/E 93.3,very expensive (P/E 93),,19,0.96,,1.0,0.74,0.71,,,,1.0,0.06,0.0,,0.0,0.02,0.95,1.0,,,,0.61,0.32,0.5,1.0,0.75,,,,,0.33,0.89,1.0,,,,,,,,,,,,1Y n/a: listed/data from 2025-10-16; 2Y n/a: listed/data from 2025-10-16; 3Y n/a: listed/data from 2025-10-16; 4Y n/a: listed/data from 2025-10-16; 5Y n/a: listed/data from 2025-10-16
NSE:ASTERDM,Aster DM Quality Care Limited,Healthcare,Medical Care Facilities,Mid,61714.0,708.0,114.7,2.2,33.535923,,39.021,7.97,,,44.4,2.8,14.9,6.5,15.7,-3.0,45.9,6.8,-0.076,35.8,-25.6,0.56,64.9,53.72,13.33,-0.4,20.6,17176.0,40.084982417372885,,50.0,61.3,13.9,9.6,1.6,11.6,4.5,20.0,ROE 4y avg 44.4%; Revenue CAGR 15.7%; 3Y CAGR 28.0%; 5Y CAGR 27.3%,Profit CAGR -3.0%; PE vs sector 2.20×; P/E 114.7,very expensive (P/E 115),,28,1.0,,0.14,0.43,0.26,,0.91,0.0,1.0,0.0,0.0,,0.0,0.41,0.91,0.9,1.0,0.43,0.74,0.82,0.44,0.9,0.97,1.0,0.66,1.0,1.0,1.0,0.64,0.59,1.0,,12.4,12.4,69.9,30.4,109.2,28.0,192.8,30.9,234.6,27.3,
NSE:ZENSARTECH,Zensar Technologies Limited,Information Technology,Information Technology Services,Micro,9866.0,435.0,13.1,0.49,,,,2.1,,,15.5,11.0,,,5.5,33.2,1.7,100.2,,40.2,-55.3,3.45,,48.99,-0.07,,47.1,16900.7,-4.976921581056947,,50.0,63.6,18.9,10.6,15.1,9.7,5.6,3.6,Profit CAGR 33.2%; ROE 4y avg 15.5%; PE vs sector 0.49×; Debt/Equity 1.70,Revenue CAGR 5.5%; 3Y CAGR -6.4%; 1Y return -43.5%,negative returns on every horizon (1Y/3Y/5Y); sharp 1-year fall (-44%),,21,0.82,,0.7,,,,0.25,1.0,,1.0,0.93,,,0.88,1.0,1.0,,0.29,0.07,0.34,1.0,,0.92,0.79,0.0,0.05,0.12,0.0,,0.57,1.0,,-43.5,-43.5,-36.0,-20.0,-18.0,-6.4,107.0,20.0,-9.2,-1.9,
NSE:SAILIFE,Sai Life Sciences Limited,Healthcare,Diagnostics & Research,Small,32925.0,1550.0,91.4,1.76,62.0403,,48.954,13.19,,,7.9,1.1,18.4,16.1,21.3,226.9,11.6,12.9,,38.4,-18.6,,0.0,34.53,-0.62,34.6,8.7,9351.8,,,50.0,61.0,9.4,15.3,1.4,11.8,2.8,20.3,Revenue CAGR 21.3%; 1Y return 73.7%; Debt/Equity 11.6; forward P/E 62.0 vs P/E 91.4,ROE 4y avg 7.9%; PE vs sector 1.76×; P/E 91.4,very expensive (P/E 91),,24,0.19,,0.06,0.61,0.77,,1.0,0.75,1.0,0.07,0.0,,0.0,0.25,0.98,1.0,,0.35,0.87,0.68,0.3,0.5,0.56,0.68,1.0,,,,0.51,0.87,1.0,,73.7,73.8,,,,,,,,,2Y n/a: listed/data from 2024-12-18; 3Y n/a: listed/data from 2024-12-18; 4Y n/a: listed/data from 2024-12-18; 5Y n/a: listed/data from 2024-12-18
NSE:BALKRISIND,Balkrishna Industries Limited,Automobile and Auto Components,Auto Parts,Mid,40113.0,2075.0,28.5,0.8,20.584066,,15.192,3.66,,,14.5,11.3,15.6,12.2,3.6,5.5,37.5,16.4,0.352,30.6,-40.4,0.77,16.5,58.29,0.0,-8.8,25.2,10247.8,-4.026627755493362,42.2,50.0,58.0,18.3,5.9,12.1,11.6,4.6,5.5,PE vs sector 0.80×; Debt/Equity 37.5; forward P/E 20.6 vs P/E 28.5; Interest cover 16.4×,Revenue CAGR 3.6%; Profit CAGR 5.5%; 3Y CAGR -6.1%,negative returns on every horizon (1Y/3Y/5Y),,28,0.76,,0.73,0.74,0.81,,0.14,0.23,1.0,0.9,0.6,,0.64,0.75,0.93,1.0,1.0,0.57,0.44,0.72,0.49,0.91,0.99,0.8,0.19,0.06,0.09,0.0,0.39,1.0,1.0,,-9.6,-9.6,-32.0,-17.5,-17.3,-6.1,11.4,2.7,-18.0,-3.9,
NSE:BHARATFORG,Bharat Forge Limited,Automobile and Auto Components,Metal Fabrication,Mid,91626.0,1875.0,126.6,3.57,38.91374,,33.203,9.36,,,10.6,7.9,9.6,4.0,9.7,26.9,76.5,6.4,0.524,31.0,-46.5,0.45,57.6,43.12,-0.95,0.3,18.3,18709.8,20.827612359605485,,50.0,59.9,9.4,14.3,1.0,10.3,4.1,20.8,Profit CAGR 26.9%; 3Y CAGR 20.1%; 1Y return 53.7%; 5Y CAGR 20.8%,PE vs sector 3.57×; Net margin 4.0%; P/B 9.36,very expensive (P/E 127),,28,0.45,,0.4,0.47,0.19,,0.6,1.0,1.0,0.0,0.0,,0.04,0.22,0.69,0.89,1.0,0.56,0.26,0.96,0.41,1.0,0.78,0.61,1.0,0.9,0.92,1.0,0.66,0.64,1.0,,53.7,53.8,22.5,10.7,73.0,20.1,171.0,28.3,157.7,20.8,
NSE:SCHNEIDER,Schneider Electric Infrastructure Limited,Capital Goods,Electrical Equipment & Parts,Small,30557.0,1278.0,167.1,3.22,53.472805,,91.118,39.41,,,53.8,27.4,3.9,6.3,17.6,19.8,70.8,7.0,0.435,47.7,-43.9,,0.0,75.0,0.0,17.5,17.4,4562.7,55.07107389100809,,50.0,66.6,14.7,16.3,0.1,9.5,3.5,22.5,ROE 4y avg 53.8%; Revenue CAGR 17.6%; Profit CAGR 19.8%; 3Y CAGR 52.3%,PE vs sector 3.22×; Operating margin 3.9%; P/B 39.4,very expensive (P/E 167),,28,1.0,,1.0,0.02,0.28,,0.95,0.95,1.0,0.0,0.0,,0.0,0.03,0.73,0.91,1.0,0.12,0.33,0.65,0.3,0.5,1.0,0.8,1.0,1.0,1.0,1.0,1.0,0.67,1.0,,54.0,54.1,56.3,25.0,252.3,52.3,599.0,62.7,1009.5,61.8,
NSE:MTARTECH,Mtar Technologies Limited,Capital Goods,Specialty Industrial Machinery,Small,23903.0,7771.0,178.0,3.43,45.52431,,106.058,29.05,,,10.9,7.3,20.9,12.4,15.4,-3.1,45.8,6.1,1.348,45.2,-55.0,,0.0,29.36,-2.29,42.1,10.8,12155.6,42.91507174462807,,50.0,56.2,14.1,9.6,0.2,8.6,2.3,21.5,Revenue CAGR 15.4%; 3Y CAGR 44.9%; 1Y return 310.7%; 5Y CAGR 39.5%,Profit CAGR -3.1%; PE vs sector 3.43×; P/B 29.1,very expensive (P/E 178),,28,0.47,,0.36,0.84,0.66,,0.91,0.0,1.0,0.0,0.0,,0.0,0.04,0.91,0.88,0.39,0.15,0.07,0.57,0.3,0.5,0.42,0.31,1.0,1.0,1.0,1.0,0.36,0.83,1.0,,310.7,311.1,350.1,112.3,203.6,44.9,400.0,49.6,428.7,39.5,
NSE:INTELLECT,Intellect Design Arena Limited,Information Technology,Software - Application,Micro,8504.0,609.5,24.5,0.92,14.374999,,19.01,2.67,,,12.2,10.9,12.8,11.1,10.8,8.9,5.0,73.9,0.632,43.2,-51.0,0.65,16.1,29.62,-0.25,-17.1,51.0,2538.4,-3.1658340671099183,,50.0,51.7,12.9,10.8,11.3,10.0,3.6,3.0,Debt/Equity 5.00; forward P/E 14.4 vs P/E 24.5; Interest cover 73.9×; P/B 2.67,3Y CAGR -4.5%; 1Y return -37.4%; 5Y CAGR -2.7%,negative returns on every horizon (1Y/3Y/5Y); sharp 1-year fall (-37%),,28,0.58,,0.69,0.35,0.57,,0.66,0.43,1.0,0.78,0.66,,0.49,0.8,0.99,1.0,0.98,0.2,0.14,0.29,0.46,0.9,0.43,0.75,0.0,0.08,0.11,0.0,0.12,0.14,1.0,,-37.4,-37.4,-34.0,-18.8,-12.9,-4.5,19.4,4.5,-12.6,-2.7,
NSE:AETHER,Aether Industries Limited,Chemicals,Specialty Chemicals,Small,22059.0,1662.0,93.9,2.57,56.22084,,58.352,8.98,,,7.6,4.0,24.9,19.1,20.2,18.9,18.6,17.8,-0.121,32.7,-31.0,,0.0,74.93,-0.07,33.6,7.6,5743.4,19.25463915487382,,50.0,65.8,12.1,16.6,1.1,11.7,3.5,20.8,Revenue CAGR 20.2%; Profit CAGR 18.9%; 3Y CAGR 19.9%; 1Y return 122.0%,ROE 4y avg 7.6%; PE vs sector 2.57×; P/E 93.9,very expensive (P/E 94),,27,0.17,,0.2,0.89,0.91,,1.0,0.94,1.0,0.0,0.0,,0.0,0.27,0.96,1.0,1.0,0.51,0.63,0.55,0.3,0.5,1.0,0.79,1.0,0.9,,1.0,0.53,0.89,1.0,,122.0,122.1,76.0,32.7,72.3,19.9,83.1,16.4,,,5Y n/a: listed/data from 2022-06-03
NSE:MGL,Mahanagar Gas Limited,Oil Gas & Consumable Fuels,Utilities - Regulated Gas,Micro,10352.0,1048.0,14.5,1.27,11.213587,,7.222,1.61,,,18.7,13.1,9.9,8.4,9.3,2.1,3.5,55.1,0.74,33.2,-52.2,3.44,41.4,32.5,0.0,-4.2,21.5,2485.1,2.756644195157376,,50.0,57.6,17.6,7.9,10.6,10.5,5.1,5.9,ROE 4y avg 18.7%; Debt/Equity 3.50; forward P/E 11.2 vs P/E 14.5; Interest cover 55.1×,Profit CAGR 2.1%; 3Y CAGR -2.0%; 1Y return -18.1%,negative returns on every horizon (1Y/3Y/5Y),,28,0.95,,0.87,0.45,0.55,,0.57,0.08,1.0,0.42,0.91,,0.95,0.63,0.99,1.0,0.93,0.5,0.12,0.36,1.0,1.0,0.51,0.8,0.08,0.12,0.14,0.0,0.52,1.0,1.0,,-18.1,-18.1,-45.4,-26.1,-5.7,-2.0,30.3,6.9,-4.9,-1.0,
NSE:AEGISVOPAK,Aegis Vopak Terminals Limited,Oil Gas & Consumable Fuels,Oil & Gas Equipment & Services,Small,32353.0,292.0,105.8,9.28,38.59029,,54.683,7.54,,,7.7,-0.0,53.0,32.1,37.7,,84.4,4.8,,45.9,-44.9,0.07,0.0,86.93,0.0,24.9,9.0,6166.8,,,50.0,58.9,12.4,17.0,0.8,8.0,3.3,17.4,Revenue CAGR 37.7%; Operating margin 53.0%; forward P/E 38.6 vs P/E 105.8; Net margin 32.1%,ROE 4y avg 7.7%; PE vs sector 9.28×; P/B 7.54,very expensive (P/E 106),,23,0.18,,0.0,1.0,0.97,,1.0,,1.0,0.0,0.0,,0.0,0.21,0.62,0.81,,0.14,0.3,0.67,0.32,0.5,0.8,0.8,0.63,,,,0.8,0.86,1.0,,11.2,11.3,,,,,,,,,2Y n/a: listed/data from 2025-06-02; 3Y n/a: listed/data from 2025-06-02; 4Y n/a: listed/data from 2025-06-02; 5Y n/a: listed/data from 2025-06-02
NSE:MSUMI,Motherson Sumi Wiring India Limited,Automobile and Auto Components,Auto Parts,Small,22150.0,33.4,35.5,1.0,22.720627,,23.69,10.25,,,34.8,28.9,5.9,5.1,17.6,8.7,10.8,33.2,0.04,29.0,-39.6,1.73,0.0,61.73,0.0,-17.1,37.7,3465.1,-7.052328355121773,51.3,50.0,54.8,15.4,12.7,7.1,11.6,4.5,3.5,ROE 4y avg 34.8%; Revenue CAGR 17.6%; Debt/Equity 10.8; forward P/E 22.7 vs P/E 35.5,3Y CAGR -7.7%; 1Y return -26.9%; Operating margin 5.9%,negative returns on every horizon (1Y/3Y/5Y),,27,1.0,,1.0,0.17,0.25,,0.95,0.42,1.0,0.7,0.49,,0.27,0.15,0.98,1.0,1.0,0.61,0.46,0.55,0.71,0.5,1.0,0.8,0.04,0.03,,0.0,0.12,0.38,1.0,,-26.9,-26.9,-28.3,-15.4,-21.4,-7.7,-19.6,-5.3,,,5Y n/a: listed/data from 2022-03-28
NSE:SWANCORP,SWAN CORP LIMITED,Chemicals,Conglomerates,Micro,8548.0,272.7,38.7,1.06,,,-44.844,1.13,,,4.3,-1.6,-3.4,5.4,45.6,,24.6,5.6,-0.134,49.1,-65.3,0.05,1.4,53.96,0.0,-20.2,44.8,5054.6,-1.6263053108254377,,49.8,49.8,1.2,17.0,11.9,9.1,3.6,7.0,Revenue CAGR 45.6%; Debt/Equity 24.6; 5Y CAGR 16.5%; P/B 1.13,ROE 4y avg 4.3%; 3Y CAGR -1.6%; 1Y return -41.2%,sharp 1-year fall (-41%),,26,0.0,,0.0,0.02,0.24,,1.0,,,0.64,0.41,,1.0,0.96,0.95,0.87,1.0,0.11,0.0,0.29,0.31,0.54,0.97,0.8,0.0,0.13,0.83,0.01,0.07,0.25,1.0,,-41.2,-41.2,-51.9,-30.7,-4.8,-1.6,22.2,5.1,114.2,16.5,
NSE:HEGAM,HEG Advanced Materials Limited,Capital Goods,Electrical Equipment & Parts,Micro,7906.0,239.71,12.8,0.25,7.842202,,8.293,,,,7.3,2.6,14.8,13.6,1.6,-13.8,16.7,17.5,0.688,53.3,-70.9,1.42,9.6,60.72,4.94,-56.6,68.2,5262.2,-11.209599825739936,,49.7,49.7,9.3,3.8,15.4,9.4,4.8,7.0,PE vs sector 0.25×; Debt/Equity 16.7; forward P/E 7.8 vs P/E 12.8; Interest cover 17.5×,Profit CAGR -13.8%; Revenue CAGR 1.6%; ROE 4y avg 7.3%,,,23,0.15,,0.13,0.62,0.76,,0.06,0.0,1.0,1.0,0.93,,0.91,,0.97,1.0,0.96,0.07,0.0,0.27,0.64,0.74,1.0,1.0,,,,,0.0,0.01,1.0,,,,,,,,,,,,1Y blanked: unadjusted -63% move on 2026-09-07; 2Y blanked: unadjusted -63% move on 2026-09-07; 3Y blanked: unadjusted -63% move on 2026-09-07; 4Y blanked: unadjusted -63% move on 2026-09-07; 5Y blanked: unadjusted -63% move on 2026-09-07
NSE:NCC,NCC Limited,Construction,Engineering & Construction,Micro,8137.0,129.6,11.6,0.48,9.570876,,6.4,1.03,,,10.1,8.6,8.2,3.3,10.5,3.5,57.4,2.8,0.555,40.1,-63.0,1.69,19.7,23.08,0.97,-12.5,40.3,3437.3,-2.9176311646553654,,49.6,49.6,8.6,8.6,15.5,7.5,4.1,5.2,PE vs sector 0.48×; Debt/Equity 57.4; forward P/E 9.6 vs P/E 11.6; P/B 1.03,Profit CAGR 3.5%; 3Y CAGR -6.8%; 1Y return -38.0%,sharp 1-year fall (-38%),,28,0.41,,0.46,0.37,0.18,,0.64,0.14,0.97,1.0,0.95,,0.98,0.92,0.84,0.45,1.0,0.3,0.0,0.28,0.71,0.99,0.16,0.99,0.0,0.05,0.48,0.0,0.25,0.34,1.0,,-38.0,-38.1,-57.3,-34.6,-19.0,-6.8,84.0,16.5,58.8,9.7,
NSE:TATACONSUM,TATA CONSUMER PRODUCTS LIMITED,Fast Moving Consumer Goods,Packaged Foods,Mid,94713.0,957.0,57.8,1.39,40.034454,0.55,34.522,4.35,,,7.0,6.4,10.5,7.8,13.9,8.6,12.2,16.9,0.405,23.4,-29.0,1.04,60.5,33.83,-0.01,-13.8,25.4,12556.8,3.446517211481903,,49.3,49.3,6.6,11.9,7.2,12.9,4.2,6.5,Revenue CAGR 13.9%; Debt/Equity 12.2; forward P/E 40.0 vs P/E 57.8; Interest cover 16.9×,ROE 4y avg 7.0%; 1Y return -16.4%; 3Y CAGR 3.2%,,,29,0.13,,0.32,0.39,0.39,,0.84,0.42,1.0,0.28,0.09,0.98,0.01,0.79,0.98,1.0,1.0,0.76,0.67,0.98,0.56,0.99,0.55,0.8,0.09,0.25,0.26,0.25,0.2,0.53,1.0,,-16.4,-16.4,-20.0,-10.6,9.8,3.2,23.0,5.3,19.4,3.6,
NSE:DMART,Avenue Supermarts Limited,Consumer Services,Discount Stores,Large,248701.0,3813.0,80.9,1.44,55.333824,,46.159,10.14,,,13.3,12.1,6.4,4.3,17.1,7.7,9.9,29.8,0.225,28.0,-36.9,,0.0,74.48,-0.17,-4.9,17.9,20902.5,0.03332222839094179,36.7,49.3,49.3,12.2,12.3,2.9,12.5,3.5,5.9,Revenue CAGR 17.1%; Debt/Equity 9.90; forward P/E 55.3 vs P/E 80.9; Interest cover 29.8×,Profit CAGR 7.7%; 3Y CAGR 0.8%; PE vs sector 1.44×,,,28,0.66,,0.81,0.27,0.28,,0.94,0.36,1.0,0.22,0.0,,0.0,0.39,0.98,1.0,1.0,0.64,0.51,1.0,0.3,0.5,1.0,0.77,0.11,0.17,0.12,0.13,0.5,0.65,1.0,,-14.3,-14.3,-23.0,-12.3,2.3,0.8,-14.2,-3.8,-10.0,-2.1,
NSE:ASTRAL,Astral Limited,Capital Goods,Building Products & Equipment,Mid,36107.0,1344.0,62.9,1.21,39.90679,,32.875,8.9,,,15.4,13.2,9.9,8.5,8.4,5.5,6.2,28.3,0.173,29.7,-48.7,0.3,17.5,54.22,0.12,-10.9,24.0,11944.6,-10.83068883339282,44.6,49.3,49.3,15.1,8.5,5.0,11.5,4.3,5.0,ROE 4y avg 15.4%; Debt/Equity 6.20; forward P/E 39.9 vs P/E 62.9; Interest cover 28.3×,Profit CAGR 5.5%; 3Y CAGR -10.7%; 5Y CAGR -4.0%,negative returns on every horizon (1Y/3Y/5Y),,28,0.82,,0.88,0.34,0.43,,0.52,0.23,1.0,0.49,0.05,,0.04,0.44,0.99,1.0,1.0,0.59,0.19,0.71,0.38,0.94,0.97,0.82,0.31,0.0,0.09,0.0,0.31,0.55,1.0,,-2.4,-2.4,-31.9,-17.5,-28.9,-10.7,-18.6,-5.0,-18.5,-4.0,
NSE:AMBUJACEM,Ambuja Cements Limited,Construction Materials,Building Materials,Mid,90013.0,362.25,20.3,0.6,24.96358,5.15,16.372,1.51,,,8.1,7.6,7.9,11.1,8.9,34.6,1.2,15.8,0.208,33.2,-47.4,0.55,11.2,67.33,-0.35,-19.8,38.5,7671.7,-6.286977545993744,40.2,49.1,49.1,9.1,10.5,10.2,11.8,4.2,3.2,Profit CAGR 34.6%; PE vs sector 0.60×; Debt/Equity 1.20; Interest cover 15.8×,ROE 4y avg 8.1%; 3Y CAGR -5.7%; 1Y return -36.6%,negative returns on every horizon (1Y/3Y/5Y); sharp 1-year fall (-37%),,29,0.21,,0.38,0.28,0.84,,0.55,1.0,0.0,0.97,0.77,0.0,0.6,0.73,1.0,1.0,1.0,0.5,0.23,0.95,0.44,0.78,1.0,0.73,0.0,0.06,0.12,0.0,0.08,0.37,1.0,,-36.6,-36.6,-42.7,-24.3,-16.2,-5.7,-25.9,-7.2,-9.9,-2.1,
NSE:JINDALSTEL,JINDAL STEEL LIMITED,Metals & Mining,Steel,Large,111975.0,1100.5,41.2,2.22,12.501903,,14.028,2.2,,,9.1,6.0,11.2,4.8,-13.1,-5.4,43.6,3.8,0.673,34.0,-27.8,0.18,7.5,62.69,0.33,-3.8,15.7,10129.6,15.903407501552591,28.2,49.0,49.0,7.8,3.4,5.6,11.0,4.0,17.3,3Y CAGR 16.3%; 5Y CAGR 22.3%; Debt/Equity 43.6; forward P/E 12.5 vs P/E 41.2,Revenue CAGR -13.1%; Profit CAGR -5.4%; PE vs sector 2.22×,,,28,0.31,,0.3,0.44,0.22,,0.0,0.0,1.0,0.0,0.36,,0.69,0.61,0.91,0.63,0.96,0.48,0.69,1.0,0.34,0.69,1.0,0.87,0.43,0.83,0.95,0.92,0.54,0.71,1.0,,3.3,3.3,6.3,3.1,57.3,16.3,162.3,27.3,174.0,22.3,
NSE:HFCL,HFCL Limited,Telecommunication,Communication Equipment,Mid,36477.0,238.37,62.1,1.4,45.840385,,33.032,7.19,,,7.2,4.3,18.9,9.6,1.3,1.2,38.3,3.6,0.962,48.3,-62.2,0.08,2.6,28.29,-1.73,66.2,7.1,42393.8,47.987946425212805,,49.0,49.0,9.1,4.1,3.7,8.5,2.4,21.2,3Y CAGR 45.5%; 1Y return 224.7%; 5Y CAGR 27.0%; Debt/Equity 38.3,Profit CAGR 1.2%; Revenue CAGR 1.3%; ROE 4y avg 7.2%,,,28,0.15,,0.21,0.7,0.57,,0.05,0.05,1.0,0.27,0.06,,0.04,0.45,0.92,0.59,0.82,0.12,0.0,0.71,0.32,0.57,0.36,0.44,1.0,1.0,1.0,1.0,0.2,0.89,1.0,,224.7,224.9,60.4,26.7,207.6,45.5,222.8,34.1,229.9,27.0,
NSE:SOBHA,Sobha Limited,Realty,Real Estate - Development,Micro,12941.0,1210.0,56.0,1.71,16.737349,,35.524,2.74,,,3.1,2.0,3.9,4.1,16.3,22.9,24.6,3.0,0.428,42.9,-48.4,0.49,13.9,52.88,0.0,-11.7,30.1,1970.9,20.48415509938355,,48.9,48.9,2.3,16.4,4.5,8.6,4.3,12.9,Profit CAGR 22.9%; Revenue CAGR 16.3%; 3Y CAGR 20.3%; Debt/Equity 24.6,ROE 4y avg 3.1%; PE vs sector 1.71×; 1Y return -19.9%,,,28,0.0,,0.1,0.18,0.17,,0.93,0.98,1.0,0.09,0.1,,0.0,0.91,0.95,0.48,1.0,0.21,0.2,0.45,0.42,0.85,0.96,0.8,0.08,0.91,0.47,1.0,0.28,0.47,1.0,,-19.9,-19.9,-34.9,-19.4,74.0,20.3,89.3,17.3,55.8,9.3,
NSE:CONCOR,Container Corporation of India Limited,Services,Railroads,Small,33664.0,442.0,27.1,1.03,18.945564,,15.36,2.6,,,10.3,9.6,13.6,13.7,4.1,1.9,7.4,22.6,0.223,32.1,-62.8,1.95,46.6,54.8,0.0,-10.0,20.6,8388.3,-13.8675198521933,36.8,48.5,48.5,12.2,5.0,10.9,11.0,5.3,4.1,Debt/Equity 7.40; forward P/E 18.9 vs P/E 27.1; Interest cover 22.6×; Beta 0.22,Profit CAGR 1.9%; Revenue CAGR 4.1%; 3Y CAGR -8.2%,negative returns on every horizon (1Y/3Y/5Y),,28,0.42,,0.56,0.5,0.64,,0.16,0.08,1.0,0.67,0.62,,0.64,0.79,0.99,1.0,1.0,0.53,0.0,0.68,0.76,1.0,0.97,0.8,0.09,0.03,0.08,0.0,0.35,0.59,1.0,,-16.1,-16.1,-40.1,-22.6,-22.5,-8.2,-20.3,-5.5,-21.5,-4.7,
NSE:GRAPHITE,Graphite India Limited,Capital Goods,Electrical Equipment & Parts,Small,15378.0,787.1,72.0,1.39,15.164729,,42.326,2.62,,,7.3,3.0,14.4,7.0,-3.1,-4.2,6.3,10.9,0.972,41.7,-44.5,0.89,100.7,65.34,0.0,15.5,10.0,17519.2,17.71125418044226,,48.2,48.2,7.2,3.4,5.3,10.4,3.6,18.3,3Y CAGR 16.8%; 1Y return 43.3%; Debt/Equity 6.30; forward P/E 15.2 vs P/E 72.0,Revenue CAGR -3.1%; Profit CAGR -4.2%; ROE 4y avg 7.3%,,,28,0.15,,0.15,0.6,0.34,,0.0,0.0,1.0,0.28,0.0,,0.0,0.91,0.99,1.0,0.81,0.25,0.32,0.48,0.52,0.19,1.0,0.8,1.0,0.84,0.32,0.94,1.0,0.85,1.0,,43.3,43.3,30.7,14.3,59.3,16.8,118.8,21.7,31.2,5.6,
NSE:UCOBANK,UCO Bank,Financial Services,Banks - Regional,Small,28741.0,22.92,10.2,0.49,16.37143,,,0.85,,8.5,7.4,6.1,60.4,21.5,7.8,14.9,,,0.697,42.1,-66.6,1.92,19.6,90.95,0.0,-13.3,33.0,964.1,-13.8675198521933,,48.0,48.0,7.2,9.3,14.7,6.4,4.9,5.6,Profit CAGR 14.9%; PE vs sector 0.49×; P/E 10.2; Payout ratio 19.6%,ROE 4y avg 7.4%; 3Y CAGR -20.0%; 1Y return -25.1%,,,25,0.16,0.25,0.3,,0.62,,0.48,0.89,0.0,1.0,0.97,,,0.75,,,0.95,0.24,0.0,0.63,0.76,0.99,0.75,0.8,0.05,0.0,0.55,0.0,0.22,0.44,1.0,,-25.1,-25.1,-52.3,-31.0,-48.8,-20.0,94.3,18.1,68.0,10.9,
NSE:RELIANCE,Reliance Industries Limited,Oil Gas & Consumable Fuels,Oil & Gas Refining & Marketing,Large,1580187.0,1167.7,21.1,1.85,16.352873,0.82,11.098,1.75,,,8.8,8.3,12.3,6.6,6.4,6.6,46.3,6.1,0.152,22.3,-27.2,0.51,20.8,50.48,0.41,-13.7,27.6,138216.9,-1.2488650453575278,39.5,47.7,47.7,9.4,7.7,8.5,12.4,4.6,5.1,Debt/Equity 46.3; forward P/E 16.4 vs P/E 21.1; PEG 0.82; Interest cover 6.10×,ROE 4y avg 8.8%; PE vs sector 1.85×; Profit CAGR 6.6%,,,29,0.28,,0.43,0.56,0.39,,0.34,0.3,1.0,0.04,0.75,0.9,0.81,0.53,0.91,0.88,1.0,0.79,0.71,1.0,0.43,1.0,0.95,0.88,0.11,0.16,0.15,0.1,0.2,0.51,1.0,,-14.7,-14.7,-20.3,-10.7,0.7,0.2,6.8,1.7,0.3,0.1,
NSE:IRCON,Ircon International Limited,Construction,Engineering & Construction,Micro,10412.0,110.7,16.8,0.69,14.376623,,14.061,1.57,,,12.8,9.0,8.2,5.7,-5.0,-8.0,85.8,3.0,0.625,46.9,-68.5,1.72,33.5,65.17,0.0,-19.6,40.6,3198.6,-8.58212550742088,,47.3,47.3,12.0,3.1,13.6,6.6,5.2,6.7,PE vs sector 0.69×; 5Y CAGR 19.6%; forward P/E 14.4 vs P/E 16.8; P/B 1.57,Revenue CAGR -5.0%; Profit CAGR -8.0%; 3Y CAGR -9.0%,sharp 1-year fall (-36%),,28,0.62,,0.5,0.37,0.42,,0.0,0.0,0.93,0.94,0.85,,0.69,0.85,0.61,0.48,0.99,0.13,0.0,0.36,0.71,1.0,1.0,0.8,0.0,0.01,0.89,0.0,0.08,0.34,1.0,,-36.5,-36.5,-51.0,-30.0,-24.6,-9.0,170.2,28.3,144.5,19.6,
NSE:AWL,AWL Agri Business Limited,Fast Moving Consumer Goods,Packaged Foods,Small,22699.0,175.71,19.7,0.47,16.697393,,8.457,2.18,,,8.0,1.8,2.9,1.5,8.7,21.4,10.6,3.6,-0.158,43.0,-56.8,0.57,11.2,56.94,-17.42,-9.5,37.9,5307.0,-20.62994740159002,36.3,47.3,47.3,2.7,13.4,14.9,9.0,3.6,3.6,Profit CAGR 21.4%; PE vs sector 0.47×; Debt/Equity 10.6; P/B 2.18,ROE 4y avg 8.0%; 3Y CAGR -19.3%; 1Y return -33.3%,negative returns on every horizon (1Y/3Y/5Y),,27,0.2,,0.09,0.02,0.07,,0.54,0.96,0.94,1.0,0.78,,0.91,0.96,0.98,0.59,1.0,0.21,0.05,0.56,0.44,0.78,0.98,0.0,0.01,0.0,,0.0,0.36,0.38,1.0,,-33.3,-33.3,-49.7,-29.1,-47.4,-19.3,-75.6,-29.7,,,5Y n/a: listed/data from 2022-02-08
NSE:MMTC,MMTC Limited,Services,Conglomerates,Micro,8430.0,56.2,18.9,0.72,,,-37.684,3.98,,,36.5,5.1,-3072.1,16386.8,-90.1,-37.2,0.1,819.7,0.639,51.9,-60.0,,0.0,89.93,0.0,-11.4,28.3,1203.3,-2.811645961675502,,46.9,46.9,15.5,0.0,13.0,9.6,3.2,5.6,ROE 4y avg 36.5%; PE vs sector 0.72×; Debt/Equity 0.10; Net margin 16386.8%,Revenue CAGR -90.1%; Profit CAGR -37.2%; 3Y CAGR -1.9%,,,27,1.0,,0.26,0.04,1.0,,0.0,0.0,,0.93,0.8,,1.0,0.5,1.0,1.0,0.98,0.08,0.0,0.29,0.3,0.5,0.75,0.8,0.12,0.12,0.29,0.0,0.29,0.5,1.0,,-13.9,-14.0,-37.5,-20.9,-5.6,-1.9,67.0,13.7,24.8,4.5,
NSE:JUBLINGREA,Jubilant Ingrevia Limited,Chemicals,Specialty Chemicals,Micro,10036.0,636.3,32.7,0.89,21.332556,,17.216,3.22,,,8.9,6.7,11.4,6.6,-2.9,-3.3,25.3,8.6,0.27,41.2,-36.3,0.78,25.7,45.22,0.0,-4.4,20.0,2685.7,9.390569212234311,,46.8,46.8,7.9,3.4,10.6,10.6,4.5,9.8,PE vs sector 0.89×; Debt/Equity 25.3; forward P/E 21.3 vs P/E 32.7; Interest cover 8.60×,Revenue CAGR -2.9%; Profit CAGR -3.3%; ROE 4y avg 8.9%,,,28,0.29,,0.34,0.37,0.35,,0.0,0.0,1.0,0.81,0.53,,0.56,0.62,0.95,0.96,1.0,0.26,0.52,0.35,0.5,1.0,0.83,0.8,0.32,0.5,0.1,0.61,0.52,0.6,1.0,,-1.8,-1.8,-17.7,-9.3,32.9,10.0,25.0,5.8,-14.7,-3.1,
NSE:HINDPETRO,Hindustan Petroleum Corporation Limited,Oil Gas & Consumable Fuels,Oil & Gas Refining & Marketing,Mid,73410.0,345.0,43.8,3.84,6.066815,,13.233,1.12,,,13.3,-21.6,-12.8,0.4,0.2,,85.4,8.5,0.896,35.7,-36.0,7.03,197.4,54.9,0.0,-12.2,32.1,18697.3,32.21071334937486,30.1,46.6,46.6,7.0,5.8,6.4,10.1,3.4,14.0,3Y CAGR 26.8%; forward P/E 6.1 vs P/E 43.8; Interest cover 8.50×; P/B 1.12,Revenue CAGR 0.2%; PE vs sector 3.84×; Operating margin -12.8%,,,27,0.66,,0.0,0.05,0.06,,0.01,,1.0,0.0,0.29,,0.72,0.84,0.62,0.95,0.85,0.43,0.53,0.88,0.6,0.0,0.97,0.8,0.07,1.0,0.58,1.0,0.26,0.45,1.0,,-20.6,-20.6,-22.5,-11.9,103.4,26.8,139.5,24.4,73.1,11.6,
NSE:KEC,KEC International Limited,Construction,Engineering & Construction,Micro,9940.0,373.4,17.9,0.74,10.198814,,9.883,1.61,,,8.4,4.7,4.8,2.4,11.1,51.0,87.3,2.2,0.062,38.7,-69.4,1.48,26.4,50.1,0.0,-30.0,58.2,3923.8,-17.329705905503555,,46.2,46.2,4.2,14.8,13.6,6.4,5.0,2.1,Profit CAGR 51.0%; PE vs sector 0.74×; forward P/E 10.2 vs P/E 17.9; EV/EBITDA 9.88×,ROE 4y avg 8.4%; 3Y CAGR -18.2%; 1Y return -56.4%,negative returns on every horizon (1Y/3Y/5Y); sharp 1-year fall (-56%),,28,0.24,,0.24,0.08,0.12,,0.68,1.0,1.0,0.92,0.83,,0.85,0.77,0.6,0.34,1.0,0.34,0.0,0.34,0.66,1.0,0.95,0.8,0.0,0.0,0.1,0.0,0.0,0.09,1.0,,-56.4,-56.4,-64.6,-40.5,-45.2,-18.2,-16.8,-4.5,-15.5,-3.3,
NSE:TATASTEEL,Tata Steel Limited,Metals & Mining,Steel,Large,222043.0,178.0,20.1,1.08,9.944135,,9.008,2.17,,,4.5,-4.8,9.3,4.6,-1.6,7.2,89.0,3.2,0.857,30.1,-31.7,2.25,45.2,32.94,-0.25,-8.9,20.7,44253.6,12.924323465723408,,45.9,45.9,2.6,5.7,11.4,9.2,4.7,12.3,"forward P/E 9.9 vs P/E 20.1; EV/EBITDA 9.01×; Dividend yield 2.2%; Size (market cap) 222,043 Cr",ROE 4y avg 4.5%; Revenue CAGR -1.6%; Profit CAGR 7.2%,,,28,0.0,,0.0,0.28,0.19,,0.0,0.33,1.0,0.62,0.77,,0.89,0.68,0.59,0.52,0.87,0.58,0.62,1.0,0.83,1.0,0.52,0.75,0.51,0.58,0.35,0.7,0.38,0.59,1.0,,6.3,6.3,6.6,3.2,39.1,11.6,81.0,16.0,37.1,6.5,
NSE:IDFCFIRSTB,IDFC First Bank Limited,Financial Services,Banks - Regional,Mid,69319.0,80.39,31.0,1.48,11.817558,,,1.42,,5.3,6.5,3.4,20.8,9.1,19.6,-13.5,,,0.537,31.3,-45.8,0.31,9.6,0.0,0.0,4.3,10.3,16192.3,-4.755936881908029,,45.9,45.9,3.6,10.1,8.3,9.4,3.1,11.4,Revenue CAGR 19.6%; forward P/E 11.8 vs P/E 31.0; P/B 1.42; Beta 0.54,Profit CAGR -13.5%; ROE 4y avg 6.5%; 3Y CAGR -5.1%,,widely held (no promoter) - promoter checks not applicable,23,0.1,0.02,0.17,,0.36,,0.99,0.0,1.0,0.17,0.56,,,1.0,,,1.0,0.55,0.28,0.86,0.38,0.74,,,0.76,0.07,0.56,0.0,0.8,0.84,1.0,,16.5,16.5,9.5,4.6,-14.6,-5.1,62.9,13.0,69.8,11.2,
NSE:BEML,BEML Limited,Capital Goods,Conglomerates,Small,16325.0,1960.0,91.1,1.75,27.05314,1.06,46.933,5.56,,,8.0,4.8,-2.6,3.9,3.0,-3.6,10.5,5.4,0.685,46.4,-53.3,0.9,25.2,54.03,0.0,9.9,13.9,7464.6,19.113842519643253,,45.2,45.2,3.4,4.2,5.3,9.6,4.7,17.9,3Y CAGR 19.3%; 5Y CAGR 26.8%; Debt/Equity 10.5; forward P/E 27.1 vs P/E 91.1,Profit CAGR -3.6%; Revenue CAGR 3.0%; ROE 4y avg 8.0%,very expensive (P/E 91),,29,0.2,,0.24,0.01,0.11,,0.12,0.0,1.0,0.07,0.0,0.82,0.0,0.72,0.98,0.86,0.96,0.14,0.1,0.49,0.53,1.0,0.97,0.8,0.2,0.89,1.0,1.0,1.0,0.75,1.0,,-9.1,-9.1,6.8,3.4,69.8,19.3,168.7,28.1,227.3,26.8,
NSE:WELSPUNLIV,Welspun Living Limited,Textiles,Textile Manufacturing,Small,22501.0,239.0,82.7,2.07,25.921907,,26.511,4.66,,,9.3,4.2,8.5,2.8,5.7,0.9,46.5,3.2,0.136,45.2,-48.4,0.04,0.0,66.36,0.12,60.0,2.4,13795.4,25.612989041685253,40.0,45.1,45.1,6.2,5.5,2.9,8.6,3.6,18.3,3Y CAGR 26.2%; 1Y return 104.7%; Debt/Equity 46.5; forward P/E 25.9 vs P/E 82.7,Profit CAGR 0.9%; PE vs sector 2.07×; Revenue CAGR 5.7%,,,28,0.33,,0.21,0.26,0.16,,0.27,0.04,1.0,0.0,0.0,,0.17,0.6,0.91,0.52,1.0,0.15,0.2,0.56,0.31,0.5,1.0,0.82,1.0,1.0,0.4,1.0,0.2,0.96,1.0,,104.7,104.8,36.7,16.9,100.6,26.2,228.1,34.6,46.7,8.0,
NSE:POWERGRID,Power Grid Corporation of India Limited,Power,Utilities - Regulated Electric,Large,236747.0,254.55,12.5,0.46,13.149229,,9.629,2.36,,,17.3,15.8,55.7,33.8,0.6,1.1,150.8,2.8,0.156,25.0,-29.6,4.03,44.1,51.34,0.0,-10.7,21.7,22819.1,13.211133184799252,,45.0,62.3,22.5,1.5,13.7,7.6,5.8,11.2,ROE 4y avg 17.3%; PE vs sector 0.46×; Operating margin 55.7%; Net margin 33.8%,Revenue CAGR 0.6%; Profit CAGR 1.1%; Debt/Equity 150.8,high debt (D/E 151),,28,0.89,,1.0,0.92,1.0,,0.02,0.04,0.3,1.0,0.94,,0.86,0.58,0.15,0.45,1.0,0.72,0.66,1.0,1.0,1.0,0.96,0.8,0.19,0.43,0.61,0.52,0.32,1.0,1.0,,-9.3,-9.3,-27.4,-14.8,27.6,8.5,61.0,12.7,76.9,12.1,
NSE:TCS,Tata Consultancy Services Limited,Information Technology,Information Technology Services,Large,750753.0,2075.0,15.1,0.57,12.80243,2.71,9.965,6.85,5.29,47.7,48.6,45.9,24.0,18.1,5.8,5.3,10.2,54.4,0.166,22.6,-53.4,3.13,38.5,71.77,0.0,-16.2,38.1,74518.9,-13.8675198521933,54.5,45.0,61.4,23.3,6.6,10.2,12.1,5.8,3.4,ROE 4y avg 48.6%; PE vs sector 0.57×; Debt/Equity 10.2; Operating margin 24.0%,Profit CAGR 5.3%; 3Y CAGR -16.1%; Revenue CAGR 5.8%,"negative returns on every horizon (1Y/3Y/5Y); long-term wealth destroyer (3Y -16.1%/yr, 5Y -11.1%/yr)",,31,1.0,1.0,1.0,0.9,0.92,1.0,0.28,0.22,0.94,0.98,0.9,0.12,0.85,0.28,0.98,1.0,1.0,0.78,0.1,1.0,1.0,1.0,1.0,0.8,0.03,0.0,0.0,0.0,0.13,1.0,1.0,,-28.8,-28.8,-51.6,-30.5,-40.9,-16.1,-30.5,-8.7,-44.4,-11.1,
NSE:EMAMILTD,Emami Limited,Fast Moving Consumer Goods,Household & Personal Products,Small,16044.0,372.8,21.8,0.52,18.632322,,16.114,5.57,,,28.4,26.5,17.6,19.1,3.7,6.6,5.5,77.0,0.143,30.8,-55.0,3.22,58.3,54.84,0.0,-13.3,33.4,5153.6,-11.125117947778884,55.2,45.0,60.6,21.4,6.2,12.7,10.9,5.8,3.7,ROE 4y avg 28.4%; PE vs sector 0.52×; Debt/Equity 5.50; Interest cover 77.0×,Revenue CAGR 3.7%; 3Y CAGR -11.4%; Profit CAGR 6.6%,"negative returns on every horizon (1Y/3Y/5Y); long-term wealth destroyer (3Y -11.4%/yr, 5Y -8.1%/yr)",,28,1.0,,1.0,0.68,0.86,,0.15,0.3,0.93,0.99,0.73,,0.61,0.68,0.99,1.0,1.0,0.56,0.07,0.48,1.0,1.0,0.97,0.8,0.02,0.0,0.03,0.0,0.22,1.0,1.0,,-31.3,-31.3,-50.6,-29.7,-30.3,-11.4,-25.2,-7.0,-34.6,-8.1,
NSE:WOCKPHARMA,Wockhardt Limited,Healthcare,Drug Manufacturers - Specialty & Generic,Small,33753.0,2077.2,82.4,1.58,,,47.874,6.82,,,-6.8,-16.7,14.3,11.2,7.8,,42.3,2.1,0.974,49.9,-39.9,,0.0,49.08,-0.01,25.3,14.2,18574.5,101.1187305419048,,45.0,49.7,4.9,8.2,2.8,8.2,3.4,22.2,3Y CAGR 106.6%; 1Y return 39.6%; 5Y CAGR 38.0%; Debt/Equity 42.3,ROE 4y avg -6.8%; PE vs sector 1.58×; ROE worst year -16.7%,losses in more than one recent year,,26,0.0,,0.0,0.41,0.52,,0.48,,,0.13,0.0,,0.0,0.52,0.92,0.32,0.81,0.1,0.45,0.69,0.3,0.5,0.93,0.8,1.0,1.0,1.0,1.0,0.79,0.74,1.0,,39.6,39.6,115.1,46.7,778.2,106.6,767.4,71.7,400.9,38.0,
NSE:VAML,Vedanta Aluminium Metal Limited,Metals & Mining,Aluminum,Large,157337.0,403.0,40.8,2.19,6.9045367,,,,,,112.2,49.4,45.3,56.3,,,,-5.7,,,,3.97,0.0,56.38,0.0,-9.4,25.0,36448.5,,,45.0,69.3,23.4,17.0,1.9,4.7,5.1,17.2,ROE 4y avg 112.2%; Operating margin 45.3%; forward P/E 6.9 vs P/E 40.8; Net margin 56.3%,PE vs sector 2.19×; Interest cover -5.70×; P/E 40.8,losses in more than one recent year; weak interest cover (-5.7×),,16,1.0,,1.0,0.92,0.98,,,,1.0,0.0,0.36,,,,,0.0,,,,1.0,1.0,0.5,0.98,0.8,,,,,0.37,1.0,1.0,,,,,,,,,,,,1Y n/a: listed/data from 2026-06-15; 2Y n/a: listed/data from 2026-06-15; 3Y n/a: listed/data from 2026-06-15; 4Y n/a: listed/data from 2026-06-15; 5Y n/a: listed/data from 2026-06-15
NSE:LTM,LTM Limited,Information Technology,Information Technology Services,Large,118792.0,4007.0,22.7,0.86,17.447308,,14.289,4.84,4.36,22.0,22.7,20.3,15.5,11.9,8.4,4.4,9.9,41.0,0.266,31.3,-46.1,1.87,42.6,68.49,-0.07,-12.3,37.7,18544.7,-8.741947292260665,51.8,45.0,61.3,20.5,8.2,11.1,12.0,5.3,4.2,ROE 4y avg 22.7%; PE vs sector 0.86×; Debt/Equity 9.90; ROE latest 22.0%,Profit CAGR 4.4%; 3Y CAGR -8.4%; 5Y CAGR -7.0%,"negative returns on every horizon (1Y/3Y/5Y); long-term wealth destroyer (3Y -8.4%/yr, 5Y -7.0%/yr)",,30,1.0,1.0,1.0,0.56,0.65,0.89,0.52,0.18,1.0,0.84,0.71,,0.68,0.48,0.98,1.0,1.0,0.55,0.27,1.0,0.75,1.0,1.0,0.79,0.07,0.02,0.04,0.0,0.26,1.0,1.0,,-21.8,-21.8,-36.1,-20.1,-23.1,-8.4,-10.0,-2.6,-30.3,-7.0,
NSE:KIRLOSENG,Kirloskar Oil Engines Limited,Capital Goods,Specialty Industrial Machinery,Small,32752.0,2250.0,60.1,1.16,39.43909,,26.855,9.03,,,15.7,14.4,12.6,6.9,15.4,20.0,154.9,2.6,0.724,45.1,-59.1,0.31,17.4,41.07,-0.06,28.2,17.3,13360.2,67.2689321473839,,45.0,68.6,15.9,16.0,5.7,4.8,3.9,22.3,Profit CAGR 20.0%; Revenue CAGR 15.4%; ROE 4y avg 15.7%; 3Y CAGR 59.6%,Debt/Equity 154.9; P/E 60.1; Net margin 6.9%,high debt (D/E 155),,28,0.83,,0.96,0.49,0.33,,0.91,0.95,1.0,0.54,0.07,,0.16,0.43,0.14,0.41,0.94,0.15,0.01,0.67,0.38,0.93,0.73,0.79,1.0,1.0,1.0,1.0,0.67,0.95,1.0,,142.2,142.4,88.7,37.4,305.4,59.6,877.0,76.9,1008.1,61.8,
NSE:PFOCUS,Prime Focus Limited,Media Entertainment & Publication,Entertainment,Small,23359.0,299.95,215.8,5.61,30.922682,,18.277,11.16,,,116.8,-78.4,9.7,2.3,-0.3,14.1,224.6,1.7,0.116,55.1,-44.3,,0.0,60.73,-0.07,9.0,18.3,4733.4,55.01560716933418,,45.0,54.1,12.7,9.0,2.6,3.9,3.5,22.4,ROE 4y avg 116.8%; Profit CAGR 14.1%; 3Y CAGR 48.5%; 1Y return 73.9%,Revenue CAGR -0.3%; PE vs sector 5.61×; Debt/Equity 224.6,losses in more than one recent year; high debt (D/E 225); weak interest cover (1.7×); very expensive (P/E 216),,28,1.0,,0.0,0.35,0.21,,0.0,0.83,1.0,0.0,0.0,,0.52,0.25,0.0,0.21,1.0,0.05,0.32,0.57,0.3,0.5,1.0,0.79,1.0,1.0,1.0,1.0,0.96,0.64,1.0,,73.9,74.0,116.5,47.2,226.9,48.5,316.2,42.9,306.1,32.4,
NSE:KIMS,Krishna Institute of Medical Sciences Limited,Healthcare,Medical Care Facilities,Small,31080.0,740.0,145.7,2.8,43.76334,,44.651,13.18,,,16.5,10.7,10.4,4.8,21.3,-10.5,166.2,2.7,0.287,29.8,-26.3,,0.0,32.5,-1.61,2.6,13.8,4280.1,19.814528297901845,,45.0,53.1,13.0,10.2,1.1,6.7,2.5,19.6,Revenue CAGR 21.3%; ROE 4y avg 16.5%; 3Y CAGR 24.0%; 5Y CAGR 24.9%,Profit CAGR -10.5%; PE vs sector 2.80×; Debt/Equity 166.2,high debt (D/E 166); very expensive (P/E 146),,28,0.86,,0.67,0.27,0.14,,1.0,0.0,1.0,0.0,0.0,,0.0,0.27,0.1,0.43,1.0,0.59,0.72,0.66,0.3,0.5,0.51,0.46,0.53,0.98,1.0,1.0,0.74,0.76,1.0,,7.0,7.0,32.4,15.1,90.5,24.0,144.4,25.1,203.7,24.9,
NSE:PIRAMALFIN,Piramal Finance Limited,Financial Services,Credit Services,Mid,47860.0,2026.7,27.1,1.29,13.337209,,,1.59,,6.0,-1581.6,-5007.3,24.7,32.2,16.9,,286.8,24.3,,,,0.54,14.7,44.22,-1.94,3.9,12.9,7429.5,,,45.0,64.4,4.1,16.3,10.1,10.6,3.8,19.5,Revenue CAGR 16.9%; forward P/E 13.3 vs P/E 27.1; P/B 1.59; Payout ratio 14.7%,ROE 4y avg -1581.6%; ROE latest 6.0%; PE vs sector 1.29×,losses in more than one recent year,,17,0.0,0.07,0.0,,0.75,,0.94,,1.0,0.39,0.62,,,1.0,,,,,,0.76,0.44,0.87,0.81,0.39,,,,,0.79,0.78,1.0,,,,,,,,,,,,1Y n/a: listed/data from 2025-11-07; 2Y n/a: listed/data from 2025-11-07; 3Y n/a: listed/data from 2025-11-07; 4Y n/a: listed/data from 2025-11-07; 5Y n/a: listed/data from 2025-11-07
NSE:INDIAMART,Indiamart Intermesh Limited,Consumer Services,Internet Retail,Mid,97551.0,1622.0,19.8,0.35,15.590761,,11.998,4.39,0.93,23.1,19.5,13.8,33.8,30.6,16.8,18.7,1.0,218.4,0.254,32.2,-46.3,1.85,36.7,49.07,-0.1,-18.5,35.8,1918.3,-17.91917546841175,58.8,45.0,71.2,21.0,16.1,13.6,12.0,5.1,3.3,ROE 4y avg 19.5%; Profit CAGR 18.7%; Revenue CAGR 16.8%; PE vs sector 0.35×,3Y CAGR -17.5%; 5Y CAGR -17.2%; 1Y return -32.5%,"negative returns on every horizon (1Y/3Y/5Y); long-term wealth destroyer (3Y -17.5%/yr, 5Y -17.2%/yr)",,30,0.98,1.0,0.92,0.98,0.98,0.29,0.94,0.94,1.0,1.0,0.78,,0.77,0.74,1.0,1.0,1.0,0.52,0.26,0.99,0.74,1.0,0.93,0.78,0.01,0.0,0.0,0.0,0.1,1.0,1.0,,-32.5,-32.5,-46.0,-26.5,-43.8,-17.5,-27.5,-7.7,-61.0,-17.2,
NSE:TATAPOWER,Tata Power Company Limited,Power,Utilities - Independent Power Producers,Large,111885.0,350.15,29.0,1.07,21.262836,,14.027,2.83,,,10.9,9.5,14.5,6.1,4.1,3.9,168.1,2.3,0.324,32.0,-30.6,0.71,20.7,46.86,0.0,-9.4,24.7,14783.3,10.32958998464608,,45.0,48.6,10.0,5.6,9.5,6.8,4.5,12.2,"5Y CAGR 16.4%; forward P/E 21.3 vs P/E 29.0; Beta 0.32; Size (market cap) 111,885 Cr",Profit CAGR 3.9%; Revenue CAGR 4.1%; Debt/Equity 168.1,high debt (D/E 168),,28,0.47,,0.55,0.39,0.23,,0.16,0.16,1.0,0.63,0.59,,0.69,0.47,0.1,0.35,1.0,0.53,0.64,1.0,0.48,1.0,0.87,0.8,0.18,0.49,0.83,0.6,0.37,0.54,1.0,,-10.5,-10.5,-27.2,-14.7,32.7,9.9,64.3,13.2,113.8,16.4,
NSE:PWL,Physicswallah Limited,Consumer Services,Education & Training Services,Mid,34965.0,120.53,1721.9,30.56,57.517117,,65.832,7.68,,,28.4,-14.2,-11.7,0.5,73.6,,23.0,1.1,,,,,0.0,71.27,-1.03,5.1,25.6,16537.9,,,45.0,59.5,10.7,17.0,2.3,8.0,3.4,18.2,ROE 4y avg 28.4%; Revenue CAGR 73.6%; Debt/Equity 23.0; forward P/E 57.5 vs P/E 1721.9,PE vs sector 30.6×; Operating margin -11.7%; Interest cover 1.10×,losses in more than one recent year; weak interest cover (1.1×); very expensive (P/E 1722),,20,1.0,,0.0,0.07,0.14,,1.0,,1.0,0.0,0.0,,0.0,0.57,0.95,0.03,,,,0.7,0.3,0.5,1.0,0.59,,,,,0.83,0.53,1.0,,,,,,,,,,,,1Y n/a: listed/data from 2025-11-18; 2Y n/a: listed/data from 2025-11-18; 3Y n/a: listed/data from 2025-11-18; 4Y n/a: listed/data from 2025-11-18; 5Y n/a: listed/data from 2025-11-18
NSE:IRCTC,Indian Railway Catering And Tourism Corporation Limited,Consumer Services,Travel Services,Mid,36320.0,454.0,26.0,0.46,20.267857,,20.182,8.43,,,35.8,32.3,27.3,25.7,13.8,11.5,1.9,103.9,0.167,31.7,-58.7,1.98,54.5,62.4,0.0,-16.0,38.3,3753.7,-12.366191125322256,61.4,45.0,67.3,23.1,13.3,11.1,11.1,5.3,3.3,ROE 4y avg 35.8%; Revenue CAGR 13.8%; PE vs sector 0.46×; Debt/Equity 1.90,3Y CAGR -13.6%; 1Y return -35.7%; 5Y CAGR -9.8%,"negative returns on every horizon (1Y/3Y/5Y); long-term wealth destroyer (3Y -13.6%/yr, 5Y -9.8%/yr); sharp 1-year fall (-36%)",,28,1.0,,1.0,0.91,0.93,,0.83,0.62,1.0,1.0,0.64,,0.44,0.48,1.0,1.0,1.0,0.54,0.02,0.71,0.77,1.0,1.0,0.8,0.0,0.0,0.0,0.0,0.14,1.0,1.0,,-35.7,-35.7,-51.2,-30.2,-35.5,-13.6,-35.7,-10.5,-40.1,-9.8,
NSE:PVRINOX,PVR INOX Limited,Media Entertainment & Publication,Entertainment,Micro,11476.0,1220.0,42.9,1.11,20.819979,,7.482,1.63,,,-1.1,-4.6,13.2,6.5,20.9,,91.9,1.3,0.327,31.2,-53.2,,0.0,27.53,0.0,16.4,10.1,6679.2,-11.934277746613864,,45.0,50.0,6.0,17.0,10.3,6.0,2.5,8.2,Revenue CAGR 20.9%; forward P/E 20.8 vs P/E 42.9; EV/EBITDA 7.48×; Beta 0.33,ROE 4y avg -1.1%; 3Y CAGR -10.9%; 5Y CAGR -5.3%,"losses in more than one recent year; weak interest cover (1.3×); long-term wealth destroyer (3Y -10.9%/yr, 5Y -5.3%/yr)",,27,0.0,,0.0,0.59,0.51,,1.0,,1.0,0.59,0.32,,0.94,0.75,0.56,0.09,1.0,0.55,0.1,0.4,0.3,0.5,0.33,0.8,0.61,0.0,0.07,0.0,1.0,0.85,1.0,,10.6,10.6,-26.2,-14.1,-29.1,-10.9,-30.8,-8.8,-24.0,-5.3,
NSE:SIGNATURE,Signatureglobal (India) Limited,Realty,Real Estate - Development,Micro,10312.0,733.0,9.9,0.3,13.301103,,-86.246,5.57,,,-14.7,-134.3,-9.3,45.7,18.6,,161.0,24.8,0.799,35.8,-55.7,,0.0,69.54,-0.09,-13.9,36.5,3116.7,,,45.0,51.5,5.4,11.0,13.0,6.7,3.5,11.9,Revenue CAGR 18.6%; PE vs sector 0.30×; 3Y CAGR 15.7%; Interest cover 24.8×,ROE 4y avg -14.7%; 1Y return -29.5%; Debt/Equity 161.0,high debt (D/E 161),,26,0.0,,0.0,0.14,0.95,,0.97,,0.0,1.0,0.97,,1.0,0.27,0.12,1.0,0.9,0.43,0.06,0.36,0.3,0.5,1.0,0.78,0.03,0.81,,0.9,0.19,0.39,1.0,,-29.5,-29.5,-54.3,-32.4,54.7,15.7,,,,,4Y n/a: listed/data from 2023-09-27; 5Y n/a: listed/data from 2023-09-27
NSE:PCBL,PCBL Chemical Limited,Chemicals,Specialty Chemicals,Micro,12636.0,321.15,48.7,1.33,20.586538,,17.343,3.15,,,11.9,4.9,11.8,3.0,12.2,-23.5,124.1,1.6,0.581,41.8,-58.5,1.4,91.1,53.38,1.97,7.8,18.5,6626.8,26.785053982448282,,45.0,50.3,9.2,8.4,6.9,4.8,4.2,16.8,3Y CAGR 21.4%; 5Y CAGR 19.4%; forward P/E 20.6 vs P/E 48.7; Beta 0.58,Profit CAGR -23.5%; 1Y return -16.0%; PE vs sector 1.33×,weak interest cover (1.6×),,28,0.55,,0.25,0.4,0.12,,0.74,0.0,1.0,0.35,0.18,,0.56,0.65,0.33,0.18,1.0,0.25,0.02,0.44,0.64,0.38,0.97,1.0,0.1,0.93,0.89,1.0,0.92,0.64,1.0,,-16.0,-16.0,-43.7,-25.0,78.6,21.4,157.9,26.8,142.6,19.4,
NSE:NTPCGREEN,NTPC Green Energy Limited,Power,Utilities - Renewable,Mid,76882.0,91.24,126.7,4.68,33.43876,,38.028,4.12,,,3.6,2.6,58.4,18.5,156.2,45.1,165.3,1.8,,33.1,-42.7,,0.0,89.01,0.0,-4.4,23.9,4270.0,,,45.0,46.6,10.3,17.0,1.1,4.7,3.2,10.4,Revenue CAGR 156.2%; Profit CAGR 45.1%; Operating margin 58.4%; forward P/E 33.4 vs P/E 126.7,ROE 4y avg 3.6%; PE vs sector 4.68×; Debt/Equity 165.3,high debt (D/E 165); weak interest cover (1.8×); very expensive (P/E 127),,24,0.0,,0.13,0.95,0.86,,1.0,1.0,1.0,0.0,0.0,,0.0,0.26,0.1,0.24,,0.5,0.37,0.89,0.3,0.5,0.77,0.8,0.23,,,,0.52,0.55,1.0,,-7.2,-7.2,,,,,,,,,2Y n/a: listed/data from 2024-11-27; 3Y n/a: listed/data from 2024-11-27; 4Y n/a: listed/data from 2024-11-27; 5Y n/a: listed/data from 2024-11-27
NSE:TITAN,Titan Company Limited,Consumer Durables,Luxury Goods,Large,400684.0,4515.7,69.4,1.43,50.774582,,48.104,25.53,,,31.4,27.4,12.3,6.2,29.2,16.0,195.0,6.8,0.184,24.1,-22.5,0.33,17.0,52.9,0.0,2.1,12.9,35656.8,11.8155979188878,,45.0,69.1,19.5,16.4,1.7,8.9,4.3,18.4,ROE 4y avg 31.4%; Revenue CAGR 29.2%; Profit CAGR 16.0%; 1Y return 32.5%,Debt/Equity 195.0; PE vs sector 1.43×; P/B 25.5,high debt (D/E 195),,28,1.0,,1.0,0.65,0.5,,1.0,0.91,1.0,0.23,0.0,,0.0,0.06,0.01,0.9,1.0,0.74,0.8,1.0,0.38,0.93,0.96,0.8,0.97,0.61,0.82,0.74,0.72,0.86,1.0,,32.5,32.5,19.6,9.4,41.3,12.2,75.4,15.1,108.7,15.9,
NSE:NHPC,NHPC Limited,Power,Utilities - Renewable,Mid,72073.0,71.75,26.3,0.97,11.2109375,,22.307,1.74,,,9.1,7.6,46.0,31.1,2.0,-1.2,113.1,1.9,0.183,34.1,-37.0,2.24,70.0,61.39,-6.01,-7.7,18.6,7892.7,11.091070459641994,,45.0,52.8,14.4,3.9,10.0,7.3,4.6,12.6,5Y CAGR 19.8%; Operating margin 46.0%; forward P/E 11.2 vs P/E 26.3; Net margin 31.1%,Profit CAGR -1.2%; Revenue CAGR 2.0%; ROE 4y avg 9.1%,weak interest cover (1.9×),,28,0.31,,0.38,0.89,0.97,,0.08,0.0,1.0,0.73,0.63,,0.33,0.68,0.41,0.27,1.0,0.47,0.51,0.87,0.83,0.8,1.0,0.0,0.09,0.53,0.9,0.64,0.42,0.63,1.0,,-16.9,-16.9,-24.5,-13.1,35.0,10.5,102.1,19.3,146.6,19.8,
NSE:TVSMOTOR,TVS Motor Company Limited,Automobile and Auto Components,Auto Manufacturers,Large,191088.0,4021.0,55.9,1.57,35.03993,,25.926,57.19,,,26.7,24.1,13.1,5.7,20.2,31.5,306.1,3.2,-0.044,27.5,-26.2,0.3,16.6,50.27,0.0,7.0,10.3,40623.1,40.59272510343113,,45.0,70.1,18.6,17.0,1.7,7.3,4.2,21.3,ROE 4y avg 26.7%; Revenue CAGR 20.2%; Profit CAGR 31.5%; 3Y CAGR 38.1%,PE vs sector 1.57×; Debt/Equity 306.1; P/B 57.2,high debt (D/E 306),,28,1.0,,1.0,0.63,0.33,,1.0,1.0,1.0,0.13,0.11,,0.18,0.02,0.0,0.52,1.0,0.65,0.73,1.0,0.38,0.92,0.95,0.8,0.76,1.0,1.0,1.0,0.9,0.81,1.0,,16.3,16.3,41.7,19.0,162.8,38.1,303.9,41.8,613.0,48.1,
NSE:TATACOMM,Tata Communications Limited,Telecommunication,Telecom Services,Mid,48060.0,1685.8,50.8,1.15,21.519136,,14.316,13.94,,,65.6,29.1,7.5,3.7,11.6,-17.7,335.9,2.9,0.809,30.9,-39.0,1.04,52.8,58.86,0.0,-0.6,20.1,4589.6,-3.308237457767216,,45.0,49.9,16.1,8.2,6.5,6.0,4.8,8.4,ROE 4y avg 65.6%; forward P/E 21.5 vs P/E 50.8; ROE worst year 29.1%; Payout ratio 52.8%,Profit CAGR -17.7%; 3Y CAGR -4.0%; Debt/Equity 335.9,high debt (D/E 336),,28,1.0,,1.0,0.31,0.21,,0.71,0.0,1.0,0.55,0.14,,0.68,0.18,0.0,0.46,0.9,0.56,0.47,0.76,0.56,1.0,0.99,0.8,0.46,0.09,0.26,0.0,0.63,1.0,1.0,,4.3,4.3,-22.0,-11.7,-11.5,-4.0,45.1,9.8,19.3,3.6,
NSE:RKFORGE,Ramkrishna Forgings Limited,Automobile and Auto Components,Metal Fabrication,Micro,12863.0,694.5,118.9,3.35,34.667225,,20.834,3.82,,,11.4,2.2,9.8,2.4,10.5,-33.9,74.4,1.6,0.424,39.7,-55.7,0.29,17.2,39.82,-3.31,17.9,10.1,9977.6,-0.6036364377834169,,45.0,46.7,8.6,7.8,4.1,6.5,3.4,16.4,5Y CAGR 26.2%; 1Y return 29.0%; forward P/E 34.7 vs P/E 118.9; Beta 0.42,Profit CAGR -33.9%; PE vs sector 3.35×; 3Y CAGR 2.8%,weak interest cover (1.6×); very expensive (P/E 119),,28,0.51,,0.11,0.48,0.09,,0.64,0.0,1.0,0.0,0.0,,0.41,0.72,0.7,0.18,1.0,0.31,0.06,0.45,0.37,0.93,0.7,0.13,0.94,0.24,1.0,0.23,1.0,0.85,1.0,,29.0,29.0,-31.3,-17.1,8.5,2.8,240.7,35.9,219.4,26.2,
NSE:INFY,Infosys Limited,Information Technology,Information Technology Services,Large,419211.0,1035.0,13.3,0.5,12.941654,1.83,934.68,4.54,0.08,32.0,31.1,28.2,21.2,16.4,3.4,3.6,9.5,96.9,0.108,26.0,-48.2,4.83,64.6,13.82,-0.48,-17.0,40.1,112597.8,-8.942515087654268,50.4,45.0,54.1,19.8,4.2,10.5,12.1,4.1,3.5,ROE 4y avg 31.1%; PE vs sector 0.50×; Debt/Equity 9.50; Operating margin 21.2%,Revenue CAGR 3.4%; Profit CAGR 3.6%; 3Y CAGR -10.3%,"negative returns on every horizon (1Y/3Y/5Y); long-term wealth destroyer (3Y -10.3%/yr, 5Y -9.1%/yr)",,31,1.0,1.0,1.0,0.85,0.85,0.12,0.14,0.14,0.66,1.0,0.92,0.48,0.0,0.6,0.98,1.0,1.0,0.69,0.2,1.0,1.0,0.91,0.0,0.7,0.03,0.0,0.01,0.0,0.12,0.99,1.0,,-28.4,-28.4,-45.7,-26.3,-27.8,-10.3,-25.7,-7.2,-37.8,-9.1,
NSE:ASHOKLEY,Ashok Leyland Limited,Capital Goods,Farm & Heavy Construction Machinery,Mid,88390.0,150.48,25.5,0.49,18.413082,,11.269,6.21,,,23.0,14.5,19.6,6.0,10.6,41.0,344.7,2.1,0.45,31.7,-33.5,2.33,59.1,51.51,-0.01,-12.3,30.1,23223.2,21.868890774197602,,45.0,75.8,19.1,14.6,12.9,6.1,5.4,17.7,ROE 4y avg 23.0%; Profit CAGR 41.0%; PE vs sector 0.49×; 3Y CAGR 19.3%,Debt/Equity 344.7; Net margin 6.0%; Interest cover 2.10×,high debt (D/E 345),,28,1.0,,0.97,0.81,0.25,,0.65,1.0,1.0,1.0,0.64,,0.8,0.63,0.0,0.32,1.0,0.54,0.58,0.95,0.85,1.0,0.96,0.8,0.51,0.89,0.86,1.0,0.26,1.0,1.0,,6.5,6.6,26.4,12.4,69.5,19.3,100.2,19.0,130.2,18.1,
NSE:ADANIGREEN,Adani Green Energy Limited,Power,Utilities - Renewable,Large,210196.0,1276.1,122.0,4.5,42.77577,,27.3,10.9,,,11.0,8.3,66.8,13.1,16.6,19.3,346.5,1.3,1.056,52.0,-62.9,,0.0,62.43,0.52,6.5,21.8,25176.8,9.055270345031264,,45.0,52.4,15.3,16.1,0.7,3.3,3.6,13.4,Profit CAGR 19.3%; Revenue CAGR 16.6%; Operating margin 66.8%; 1Y return 19.9%,PE vs sector 4.50×; Debt/Equity 346.5; 5Y CAGR 2.1%,high debt (D/E 346); weak interest cover (1.3×); very expensive (P/E 122),,28,0.48,,0.43,0.97,0.69,,0.93,0.94,1.0,0.0,0.0,,0.15,0.05,0.0,0.09,0.73,0.08,0.0,1.0,0.3,0.5,1.0,0.9,0.85,0.47,0.22,0.57,0.88,0.58,1.0,,19.9,19.9,-32.3,-17.7,31.0,9.4,-38.5,-11.4,10.9,2.1,
NSE:LTTS,L&T Technology Services Limited,Information Technology,Information Technology Services,Small,34786.0,3279.0,27.2,1.03,20.17902,,17.216,5.37,,,23.1,19.8,15.7,11.7,7.6,1.8,8.9,27.1,0.155,32.4,-46.2,1.77,48.1,73.52,-0.07,-6.8,30.6,4538.7,-10.621566793659609,49.4,45.0,57.2,19.8,7.0,9.3,11.4,5.2,4.5,ROE 4y avg 23.1%; Debt/Equity 8.90; forward P/E 20.2 vs P/E 27.2; Interest cover 27.1×,Profit CAGR 1.8%; 3Y CAGR -10.6%; 5Y CAGR -6.8%,"negative returns on every horizon (1Y/3Y/5Y); long-term wealth destroyer (3Y -10.6%/yr, 5Y -6.8%/yr)",,28,1.0,,1.0,0.59,0.63,,0.46,0.07,1.0,0.67,0.62,,0.56,0.44,0.98,1.0,1.0,0.52,0.26,0.7,0.72,1.0,1.0,0.79,0.07,0.0,0.05,0.0,0.45,1.0,1.0,,-21.9,-22.0,-38.9,-21.8,-28.5,-10.6,-6.4,-1.6,-29.6,-6.8,
NSE:BSOFT,BIRLASOFT LIMITED,Information Technology,Information Technology Services,Micro,7550.0,270.0,13.2,0.5,11.125226,,5.894,1.83,,,15.4,12.6,14.7,10.6,3.5,16.1,3.4,41.3,0.369,36.7,-67.3,2.41,31.8,40.38,-0.25,-21.7,43.0,4846.7,-17.623386157190744,,45.0,61.0,16.4,10.4,15.8,10.1,5.1,3.3,Profit CAGR 16.1%; ROE 4y avg 15.4%; PE vs sector 0.50×; Debt/Equity 3.40,Revenue CAGR 3.5%; 3Y CAGR -18.4%; 5Y CAGR -7.5%,"negative returns on every horizon (1Y/3Y/5Y); long-term wealth destroyer (3Y -18.4%/yr, 5Y -7.5%/yr)",,28,0.82,,0.84,0.5,0.53,,0.14,0.91,0.94,1.0,0.93,,1.0,1.0,0.99,1.0,1.0,0.4,0.0,0.26,0.87,1.0,0.71,0.75,0.06,0.0,0.04,0.0,0.05,0.82,1.0,,-23.0,-23.0,-54.7,-32.7,-45.7,-18.4,-3.3,-0.8,-32.1,-7.5,
NSE:ASIANPAINT,Asian Paints Limited,Consumer Durables,Specialty Chemicals,Large,230746.0,2407.0,48.5,1.0,39.693356,,32.935,10.8,,,23.5,18.9,17.7,12.8,1.1,1.7,17.8,31.7,0.282,22.1,-36.9,1.14,55.3,52.63,0.0,-5.4,19.4,18339.2,-8.462624881846182,49.3,45.0,56.6,22.6,4.1,5.9,12.7,4.9,6.5,ROE 4y avg 23.5%; Debt/Equity 17.8; Operating margin 17.7%; Interest cover 31.7×,Revenue CAGR 1.1%; Profit CAGR 1.7%; 3Y CAGR -8.8%,"long-term wealth destroyer (3Y -8.8%/yr, 5Y -5.4%/yr)",,28,1.0,,1.0,0.85,0.89,,0.04,0.07,0.98,0.7,0.19,,0.04,0.25,0.96,1.0,1.0,0.79,0.51,1.0,0.58,1.0,0.96,0.8,0.42,0.02,0.07,0.0,0.49,0.99,1.0,,3.0,3.1,-26.6,-14.3,-24.0,-8.8,-27.1,-7.6,-24.3,-5.4,
NSE:CESC,CESC Limited,Power,Utilities - Regulated Electric,Small,17430.0,131.49,11.2,0.41,9.306609,,9.264,1.39,,,12.0,11.4,11.8,8.2,9.2,4.7,164.3,2.4,0.367,32.1,-39.6,4.56,51.1,52.11,0.0,-18.6,35.7,2106.8,18.831246339285013,,45.0,57.0,11.7,8.4,15.1,5.8,5.8,10.3,PE vs sector 0.41×; forward P/E 9.3 vs P/E 11.2; P/B 1.39; Dividend yield 4.6%,Profit CAGR 4.7%; 1Y return -18.9%; Debt/Equity 164.3,high debt (D/E 164),,28,0.56,,0.74,0.28,0.41,,0.57,0.19,0.96,1.0,0.95,,0.88,0.89,0.11,0.37,1.0,0.53,0.46,0.5,1.0,1.0,0.96,0.8,0.08,0.67,0.39,0.79,0.1,0.4,1.0,,-18.9,-18.9,-34.5,-19.1,44.6,13.1,68.7,14.0,44.0,7.6,
NSE:IGL,Indraprastha Gas Limited,Oil Gas & Consumable Fuels,Utilities - Regulated Gas,Small,19964.0,142.6,15.6,1.37,10.408448,,9.629,1.73,,,17.7,13.5,3.4,8.1,4.6,-1.9,0.8,290.8,0.522,32.4,-47.1,2.1,52.0,45.0,0.0,-11.7,36.2,2766.9,-13.42053478440165,37.9,45.0,48.6,15.5,4.7,9.4,11.2,5.1,2.7,ROE 4y avg 17.7%; Debt/Equity 0.80; forward P/E 10.4 vs P/E 15.6; Interest cover 290.8×,Profit CAGR -1.9%; Revenue CAGR 4.6%; 3Y CAGR -14.8%,"negative returns on every horizon (1Y/3Y/5Y); long-term wealth destroyer (3Y -14.8%/yr, 5Y -11.6%/yr)",,28,0.91,,0.9,0.18,0.52,,0.18,0.0,1.0,0.3,0.89,,0.86,0.58,1.0,1.0,1.0,0.52,0.24,0.53,0.8,1.0,0.82,0.8,0.02,0.0,0.0,0.0,0.28,0.4,1.0,,-31.7,-31.7,-48.9,-28.5,-38.2,-14.8,-26.0,-7.3,-46.1,-11.6,
NSE:TATAELXSI,Tata Elxsi Limited,Information Technology,Software - Application,Small,19268.0,3092.8,29.4,1.11,21.695662,,21.01,6.34,,,29.0,20.7,19.0,16.7,6.1,-5.9,5.3,51.8,0.308,33.0,-64.7,2.42,71.4,43.9,-0.01,-27.1,48.0,9886.9,-23.940950784772173,47.2,45.0,53.5,22.2,5.5,7.9,10.7,4.9,2.3,ROE 4y avg 29.0%; Debt/Equity 5.30; forward P/E 21.7 vs P/E 29.4; Interest cover 51.8×,Profit CAGR -5.9%; 3Y CAGR -24.6%; Revenue CAGR 6.1%,"negative returns on every horizon (1Y/3Y/5Y); long-term wealth destroyer (3Y -24.6%/yr, 5Y -11.8%/yr); sharp 1-year fall (-41%)",,28,1.0,,1.0,0.8,0.88,,0.31,0.0,1.0,0.59,0.58,,0.4,0.36,0.99,1.0,1.0,0.5,0.0,0.52,0.87,0.77,0.8,0.8,0.0,0.0,0.0,0.0,0.0,0.52,1.0,,-40.8,-40.8,-60.2,-36.9,-57.1,-24.6,-62.8,-21.9,-46.5,-11.8,
NSE:ADANIENSOL,Adani Energy Solutions Limited,Power,Utilities - Independent Power Producers,Large,162213.0,1326.4,54.7,2.02,36.208416,,21.483,6.27,,,8.4,4.8,25.0,9.6,27.7,22.0,194.5,1.9,0.652,50.3,-52.9,,0.0,73.39,2.2,2.8,25.9,38297.5,15.903407501552591,,45.0,52.8,9.4,16.8,1.9,4.5,3.7,16.4,Revenue CAGR 27.7%; Profit CAGR 22.0%; 3Y CAGR 18.0%; 1Y return 48.0%,ROE 4y avg 8.4%; PE vs sector 2.02×; Debt/Equity 194.5,high debt (D/E 194); weak interest cover (1.9×),,28,0.24,,0.24,0.66,0.48,,1.0,0.97,1.0,0.0,0.11,,0.38,0.11,0.02,0.27,0.97,0.1,0.11,1.0,0.3,0.5,1.0,1.0,1.0,0.86,0.1,0.99,0.75,0.53,1.0,,48.0,48.0,27.5,12.9,64.2,18.0,-57.5,-19.3,-15.9,-3.4,
NSE:BERGEPAINT,Berger Paints (I) Limited,Consumer Durables,Specialty Chemicals,Mid,52750.0,452.4,43.3,0.89,34.913197,,28.592,7.63,,,19.1,16.3,14.1,9.9,4.2,9.5,9.2,26.8,0.441,25.5,-38.8,0.88,36.4,74.98,0.0,-7.0,23.9,1764.3,-8.741947292260665,48.7,45.0,58.4,20.7,7.7,8.2,12.2,4.8,4.9,ROE 4y avg 19.1%; Debt/Equity 9.20; PE vs sector 0.89×; Interest cover 26.8×,Revenue CAGR 4.2%; 3Y CAGR -7.0%; 5Y CAGR -7.7%,"negative returns on every horizon (1Y/3Y/5Y); long-term wealth destroyer (3Y -7.0%/yr, 5Y -7.7%/yr)",,28,0.96,,1.0,0.71,0.74,,0.17,0.47,0.99,0.81,0.31,,0.13,0.5,0.98,1.0,1.0,0.7,0.47,0.78,0.52,1.0,1.0,0.8,0.11,0.04,0.03,0.0,0.44,1.0,1.0,,-14.6,-14.6,-27.0,-14.6,-19.4,-7.0,-10.3,-2.7,-33.0,-7.7,
NSE:SBICARD,SBI Cards and Payment Services Limited,Financial Services,Credit Services,Mid,53597.0,563.2,23.5,1.12,15.843438,,,3.41,,,17.6,13.8,26.7,18.2,13.5,-1.4,280.2,,0.243,26.1,-44.4,0.44,10.5,68.86,0.27,-17.4,41.6,11909.8,-11.677150091086652,47.4,45.0,54.3,19.7,8.9,8.6,9.8,4.2,3.1,ROE 4y avg 17.6%; Revenue CAGR 13.5%; forward P/E 15.8 vs P/E 23.5; ROE worst year 13.8%,Profit CAGR -1.4%; 3Y CAGR -10.9%; 1Y return -35.7%,"negative returns on every horizon (1Y/3Y/5Y); long-term wealth destroyer (3Y -10.9%/yr, 5Y -11.7%/yr); sharp 1-year fall (-36%)",,24,0.9,,0.92,,0.58,,0.81,0.0,1.0,0.58,0.69,,,0.36,,,1.0,0.69,0.32,0.79,0.41,0.76,1.0,0.85,0.0,0.0,0.0,0.0,0.11,0.9,1.0,,-35.7,-35.7,-26.9,-14.5,-29.3,-10.9,-35.9,-10.6,-46.2,-11.7,
NSE:APTUS,Aptus Value Housing Finance India Limited,Financial Services,Mortgage Finance,Micro,11269.0,225.0,11.5,0.55,8.60843,,,2.23,,,16.8,15.1,78.5,61.8,23.0,23.3,156.2,,0.692,36.5,-49.0,2.21,22.9,23.86,-16.51,-12.2,31.0,3000.6,-4.171602858744317,,45.0,68.4,22.0,16.9,15.1,6.7,3.6,4.1,Revenue CAGR 23.0%; Profit CAGR 23.3%; ROE 4y avg 16.8%; PE vs sector 0.55×,3Y CAGR -8.7%; 1Y return -30.3%; 5Y CAGR -6.0%,"negative returns on every horizon (1Y/3Y/5Y); long-term wealth destroyer (3Y -8.7%/yr, 5Y -6.0%/yr)",,24,0.87,,1.0,,0.94,,1.0,0.98,1.0,0.98,0.95,,,0.89,,,0.95,0.41,0.18,0.39,0.82,1.0,0.18,0.0,0.02,0.02,0.06,0.0,0.26,1.0,1.0,,-30.3,-30.3,-35.7,-19.8,-23.9,-8.7,-26.8,-7.5,-26.6,-6.0,
NSE:ACMESOLAR,Acme Solar Holdings Limited,Power,Utilities - Renewable,Small,30568.0,432.8,44.7,1.65,17.385687,,16.194,5.18,,,10.6,-0.2,67.6,21.1,16.0,,393.2,1.6,,45.1,-38.1,0.05,2.1,71.4,-12.01,39.2,9.2,9749.9,,,45.0,60.8,14.6,16.1,4.1,3.1,3.0,19.8,Revenue CAGR 16.0%; Operating margin 67.6%; 1Y return 50.0%; forward P/E 17.4 vs P/E 44.7,PE vs sector 1.65×; Debt/Equity 393.2; Interest cover 1.60×,high debt (D/E 393); weak interest cover (1.6×),,23,0.45,,0.0,1.0,0.9,,0.92,,1.0,0.11,0.27,,0.6,0.21,0.0,0.18,,0.15,0.49,0.65,0.31,0.55,1.0,0.0,1.0,,,,0.42,0.86,1.0,,50.0,50.1,,,,,,,,,2Y n/a: listed/data from 2024-11-13; 3Y n/a: listed/data from 2024-11-13; 4Y n/a: listed/data from 2024-11-13; 5Y n/a: listed/data from 2024-11-13
NSE:AMBER,Amber Enterprises India Limited,Consumer Durables,"Furnishings, Fixtures & Appliances",Small,22924.0,6500.0,250.0,5.15,34.385937,,26.526,5.23,,,7.3,4.1,5.2,0.8,20.7,4.2,46.6,2.4,0.195,44.3,-35.4,,0.0,38.09,-1.56,-10.4,27.6,15763.9,31.308288546922757,,45.0,45.0,3.9,11.3,3.5,8.7,2.8,14.8,Revenue CAGR 20.7%; 3Y CAGR 30.4%; Debt/Equity 46.6; forward P/E 34.4 vs P/E 250.0,ROE 4y avg 7.3%; Profit CAGR 4.2%; PE vs sector 5.15×,very expensive (P/E 250),,28,0.15,,0.2,0.21,0.08,,1.0,0.17,1.0,0.0,0.0,,0.17,0.75,0.91,0.37,1.0,0.17,0.54,0.56,0.3,0.5,0.65,0.47,0.07,1.0,0.71,1.0,0.33,0.51,1.0,,-21.1,-21.1,34.1,15.8,121.5,30.4,173.9,28.7,88.9,13.6,
NSE:AAVAS,Aavas Financiers Limited,Financial Services,Mortgage Finance,Micro,9595.0,1210.0,14.0,0.67,10.529189,,,1.9,,,13.1,13.0,54.5,42.5,18.8,15.1,310.6,135.9,0.525,31.7,-51.6,,0.0,48.88,-0.08,-10.2,31.7,1208.4,-10.496561829072515,,45.0,63.5,17.8,16.2,15.3,7.0,3.4,3.9,Revenue CAGR 18.8%; Profit CAGR 15.1%; PE vs sector 0.67×; forward P/E 10.5 vs P/E 14.0,3Y CAGR -12.9%; 5Y CAGR -14.2%; 1Y return -27.3%,"negative returns on every horizon (1Y/3Y/5Y); long-term wealth destroyer (3Y -12.9%/yr, 5Y -14.2%/yr)",,24,0.65,,0.87,,0.84,,0.98,0.9,1.0,0.94,0.91,,,1.0,,,1.0,0.54,0.13,0.33,0.3,0.5,0.92,0.78,0.04,0.0,0.0,0.0,0.34,1.0,1.0,,-27.3,-27.3,-35.6,-19.8,-33.8,-12.9,-46.6,-14.5,-53.4,-14.2,
NSE:CLEAN,Clean Science and Technology Limited,Chemicals,Specialty Chemicals,Micro,8589.0,808.1,36.9,1.01,25.37467,,23.219,5.43,,,20.7,14.5,28.1,23.7,0.6,-8.0,0.1,875.8,0.27,31.8,-59.8,0.75,27.4,51.29,-23.68,2.8,26.4,3134.4,-17.721746386666982,,45.0,54.4,23.6,3.6,8.1,10.4,4.0,4.7,ROE 4y avg 20.7%; Debt/Equity 0.10; Operating margin 28.1%; forward P/E 25.4 vs P/E 36.9,Profit CAGR -8.0%; Revenue CAGR 0.6%; 3Y CAGR -17.1%,"negative returns on every horizon (1Y/3Y/5Y); long-term wealth destroyer (3Y -17.1%/yr, 5Y -17.5%/yr)",,28,1.0,,0.97,0.96,0.99,,0.02,0.0,1.0,0.69,0.46,,0.29,0.42,1.0,1.0,1.0,0.54,0.0,0.3,0.49,1.0,0.96,0.0,0.04,0.0,0.0,0.0,0.75,1.0,1.0,,-26.8,-26.8,-50.6,-29.8,-43.0,-17.1,-52.9,-17.2,-61.7,-17.5,
NSE:DEEPAKNTR,Deepak Nitrite Limited,Chemicals,Chemicals,Small,20350.0,1492.0,26.0,0.71,24.048262,,16.197,3.49,,,15.0,9.4,18.5,9.1,-0.5,-13.5,27.9,17.5,0.454,32.5,-58.4,0.5,13.1,49.34,0.06,-8.3,21.4,5023.5,-12.846266442466714,38.9,45.0,49.6,16.0,2.8,11.6,10.6,4.2,4.3,ROE 4y avg 15.0%; PE vs sector 0.71×; Debt/Equity 27.9; Interest cover 17.5×,Revenue CAGR -0.5%; Profit CAGR -13.5%; 3Y CAGR -11.0%,"negative returns on every horizon (1Y/3Y/5Y); long-term wealth destroyer (3Y -11.0%/yr, 5Y -8.9%/yr)",,28,0.8,,0.54,0.66,0.51,,0.0,0.0,0.83,0.93,0.64,,0.6,0.58,0.94,1.0,1.0,0.52,0.02,0.53,0.43,0.83,0.93,0.81,0.08,0.0,0.02,0.0,0.4,1.0,1.0,,-18.9,-18.9,-49.5,-29.0,-29.6,-11.0,-27.2,-7.6,-37.3,-8.9,
NSE:ACC,ACC Limited,Construction Materials,Building Materials,Small,22178.0,1181.0,11.7,0.35,12.025777,2.33,9.131,1.08,,,10.6,4.7,3.4,7.6,12.9,48.7,2.1,20.2,0.349,27.9,-56.9,0.63,7.4,56.69,0.0,-17.4,40.6,1875.2,-16.222812717599446,39.1,45.0,52.1,8.3,13.4,13.0,11.1,4.1,2.2,Profit CAGR 48.7%; PE vs sector 0.35×; Debt/Equity 2.10; Interest cover 20.2×,3Y CAGR -16.6%; 1Y return -35.3%; 5Y CAGR -12.0%,"negative returns on every horizon (1Y/3Y/5Y); long-term wealth destroyer (3Y -16.6%/yr, 5Y -12.0%/yr); sharp 1-year fall (-35%)",,29,0.45,,0.24,0.05,0.59,,0.78,1.0,0.39,1.0,0.95,0.27,0.88,0.91,1.0,1.0,1.0,0.64,0.05,0.55,0.46,0.69,0.98,0.8,0.0,0.0,0.0,0.0,0.11,0.34,1.0,,-35.3,-35.3,-52.9,-31.4,-41.9,-16.6,-48.6,-15.3,-47.1,-12.0,
NSE:WIPRO,Wipro Limited,Information Technology,Information Technology Services,Large,157652.0,159.35,12.7,0.48,11.464524,1.32,7.985,2.03,6.88,16.1,15.0,14.5,15.7,13.9,0.8,5.2,27.4,22.9,0.393,25.5,-48.0,5.02,87.4,72.59,-0.06,-19.6,41.7,23087.5,-7.556645346235181,46.3,45.0,59.0,19.6,4.6,14.6,12.0,5.0,3.2,ROE 4y avg 15.0%; PE vs sector 0.48×; Debt/Equity 27.4; FCF yield 6.9%,Revenue CAGR 0.8%; Profit CAGR 5.2%; 3Y CAGR -7.7%,"negative returns on every horizon (1Y/3Y/5Y); long-term wealth destroyer (3Y -7.7%/yr, 5Y -12.9%/yr)",,31,0.8,0.84,0.97,0.59,0.79,1.0,0.03,0.21,0.86,1.0,0.93,0.71,0.93,0.96,0.95,1.0,1.0,0.7,0.21,1.0,1.0,0.45,1.0,0.79,0.01,0.03,0.0,0.0,0.08,0.9,1.0,,-33.9,-33.9,-41.7,-23.7,-21.4,-7.7,-19.2,-5.2,-49.9,-12.9,
NSE:GMRAIRPORT,GMR AIRPORTS LIMITED,Services,Airports & Air Services,Mid,99318.0,93.16,232.9,8.86,60.35634,,21.524,-39.18,,,14.3,-7.1,25.0,3.1,31.8,,,1.2,0.549,35.7,-31.9,,0.0,67.16,0.92,-6.4,19.4,12651.4,15.103875898157337,,45.0,62.6,12.5,17.0,5.1,7.4,3.7,16.9,Revenue CAGR 31.8%; 3Y CAGR 16.2%; 5Y CAGR 20.3%; forward P/E 60.4 vs P/E 232.9,PE vs sector 8.86×; Interest cover 1.20×; Net margin 3.1%,losses in more than one recent year; weak interest cover (1.2×); very expensive (P/E 233),,26,0.74,,0.0,0.72,0.22,,1.0,,1.0,0.0,0.0,,0.37,1.0,,0.06,1.0,0.43,0.61,1.0,0.3,0.5,1.0,0.98,0.46,0.82,0.91,0.92,0.46,0.61,1.0,,4.3,4.3,-0.8,-0.4,56.7,16.2,168.5,28.0,152.2,20.3,
NSE:JSWENERGY,JSW Energy Limited,Power,Utilities - Independent Power Producers,Mid,88870.0,485.0,38.0,1.4,28.703033,,15.192,2.77,,,7.7,7.1,38.1,10.4,23.6,14.9,229.2,1.4,0.122,42.0,-45.5,0.41,15.7,66.53,-2.74,-7.7,21.4,9758.2,6.383799142609137,,45.0,49.8,10.6,16.3,6.9,4.5,3.9,7.6,Revenue CAGR 23.6%; Profit CAGR 14.9%; Operating margin 38.1%; forward P/E 28.7 vs P/E 38.0,ROE 4y avg 7.7%; Debt/Equity 229.2; 3Y CAGR 3.1%,high debt (D/E 229); weak interest cover (1.4×),,28,0.18,,0.35,0.84,0.53,,1.0,0.89,1.0,0.27,0.43,,0.64,0.53,0.0,0.12,1.0,0.24,0.29,0.95,0.4,0.89,1.0,0.21,0.19,0.25,0.3,0.25,0.42,0.58,1.0,,-9.6,-9.6,-33.0,-18.1,9.6,3.1,66.2,13.6,25.9,4.7,
NSE:DABUR,Dabur India Limited,Fast Moving Consumer Goods,Household & Personal Products,Mid,66390.0,374.25,33.7,0.81,28.467047,3.16,25.228,5.81,,,17.7,16.4,16.5,14.6,4.5,3.5,10.9,20.3,0.413,21.5,-42.5,2.2,72.1,66.24,0.02,-16.3,29.9,7738.7,-11.71990075115793,45.5,45.0,54.1,19.8,5.4,8.0,12.3,5.1,3.6,ROE 4y avg 17.7%; PE vs sector 0.81×; Debt/Equity 10.9; Interest cover 20.3×,Profit CAGR 3.5%; Revenue CAGR 4.5%; 3Y CAGR -12.3%,"negative returns on every horizon (1Y/3Y/5Y); long-term wealth destroyer (3Y -12.3%/yr, 5Y -9.5%/yr)",,29,0.91,,1.0,0.62,0.77,,0.18,0.14,0.94,0.89,0.52,0.0,0.2,0.64,0.98,1.0,1.0,0.81,0.38,0.84,0.82,0.76,1.0,0.8,0.05,0.0,0.01,0.0,0.13,1.0,1.0,,-24.4,-24.4,-39.5,-22.3,-32.4,-12.3,-32.8,-9.5,-39.4,-9.5,
NSE:JBMA,JBM Auto Limited,Automobile and Auto Components,Auto Parts,Micro,12884.0,544.8,57.5,1.62,27.487387,,21.72,11.28,,,14.1,12.1,8.3,3.6,18.1,20.7,190.3,2.0,0.126,50.4,-59.1,0.16,9.0,67.53,0.0,-11.7,26.2,2689.4,-10.164911042847368,,45.0,48.2,13.0,16.4,2.6,3.7,4.0,8.6,Revenue CAGR 18.1%; Profit CAGR 20.7%; 5Y CAGR 38.8%; forward P/E 27.5 vs P/E 57.5,3Y CAGR -6.3%; PE vs sector 1.62×; Debt/Equity 190.3,high debt (D/E 190),,28,0.73,,0.81,0.4,0.16,,0.96,0.96,1.0,0.11,0.09,,0.36,0.12,0.03,0.3,1.0,0.1,0.01,0.45,0.34,0.72,1.0,0.8,0.07,0.06,1.0,0.0,0.28,0.52,1.0,,-20.1,-20.1,-40.6,-22.9,-17.6,-6.3,171.8,28.4,415.6,38.8,
NSE:PIIND,PI Industries Limited,Chemicals,Agricultural Inputs,Small,33921.0,2236.0,29.2,0.8,21.054615,,20.745,3.02,,,16.1,11.8,15.5,17.9,1.1,2.4,3.0,104.4,0.366,27.6,-52.3,0.67,19.5,46.09,0.0,-21.4,41.7,5714.4,-14.72981016718402,42.8,45.0,52.8,18.2,4.4,11.2,11.4,4.4,3.2,ROE 4y avg 16.1%; PE vs sector 0.80×; Debt/Equity 3.00; forward P/E 21.1 vs P/E 29.2,Revenue CAGR 1.1%; Profit CAGR 2.4%; 3Y CAGR -13.2%,"negative returns on every horizon (1Y/3Y/5Y); long-term wealth destroyer (3Y -13.2%/yr, 5Y -6.3%/yr); sharp 1-year fall (-38%)",,28,0.84,,0.78,0.52,0.88,,0.04,0.1,1.0,0.9,0.59,,0.41,0.69,0.99,1.0,1.0,0.65,0.12,0.69,0.47,0.99,0.85,0.8,0.0,0.0,0.06,0.0,0.05,0.9,1.0,,-37.6,-37.6,-52.7,-31.3,-34.5,-13.2,-24.6,-6.8,-27.9,-6.3,
NSE:INOXWIND,Inox Wind Limited,Capital Goods,Specialty Industrial Machinery,Micro,11882.0,68.75,33.5,0.64,14.322916,,12.209,1.61,,,-5.9,-38.9,11.5,7.8,79.3,,20.6,6.7,0.447,50.9,-73.0,,0.0,44.18,0.0,-23.5,56.8,8252.0,12.10810141021823,,45.0,59.5,4.5,17.0,13.5,9.4,3.2,11.9,Revenue CAGR 79.3%; PE vs sector 0.64×; Debt/Equity 20.6; 5Y CAGR 22.6%,ROE 4y avg -5.9%; 1Y return -51.6%; ROE worst year -38.9%,losses in more than one recent year; sharp 1-year fall (-52%),,27,0.0,,0.0,0.44,0.39,,1.0,,1.0,0.95,0.52,,0.76,0.99,0.96,0.9,1.0,0.09,0.0,0.41,0.3,0.5,0.8,0.8,0.0,0.65,0.95,0.77,0.02,0.1,1.0,,-51.6,-51.7,-71.3,-46.4,43.0,12.7,88.4,17.2,177.4,22.6,
NSE:IEX,Indian Energy Exchange Limited,Financial Services,Capital Markets,Micro,9425.0,105.98,18.6,0.89,16.911694,,11.286,6.95,,,37.1,36.1,83.7,66.2,15.4,17.2,0.8,283.7,0.341,38.1,-53.7,3.77,61.4,0.0,0.0,-15.0,33.9,4974.1,-5.833703154052882,,45.0,64.0,23.7,15.3,9.0,6.2,5.9,3.8,ROE 4y avg 37.1%; Profit CAGR 17.2%; Revenue CAGR 15.4%; PE vs sector 0.89×,3Y CAGR -7.3%; 5Y CAGR -12.5%; 1Y return -24.9%,"negative returns on every horizon (1Y/3Y/5Y); long-term wealth destroyer (3Y -7.3%/yr, 5Y -12.5%/yr)",widely held (no promoter) - promoter checks not applicable,22,1.0,,1.0,,0.96,,0.91,0.92,0.85,0.81,0.81,,,0.0,,,1.0,0.36,0.09,0.32,1.0,0.97,,,0.05,0.04,0.0,0.0,0.15,1.0,1.0,,-24.9,-24.9,-49.1,-28.7,-20.3,-7.3,-24.2,-6.7,-48.7,-12.5,
NSE:HINDUNILVR,Hindustan Unilever Limited,Fast Moving Consumer Goods,Household & Personal Products,Large,431385.0,1836.0,40.8,0.98,34.564598,3.69,28.701,8.85,,,23.1,20.1,20.7,22.6,2.3,14.1,3.0,34.7,0.321,20.5,-36.9,2.4,91.1,61.9,0.0,-15.8,31.2,28469.9,-8.066525724285157,46.1,45.0,59.2,22.5,9.4,6.0,12.9,4.6,3.7,ROE 4y avg 23.1%; Profit CAGR 14.1%; Debt/Equity 3.00; Interest cover 34.7×,Revenue CAGR 2.3%; 3Y CAGR -9.4%; 1Y return -27.6%,"negative returns on every horizon (1Y/3Y/5Y); long-term wealth destroyer (3Y -9.4%/yr, 5Y -7.5%/yr)",,29,1.0,,1.0,0.8,0.95,,0.09,0.83,0.94,0.72,0.36,0.0,0.13,0.43,0.99,1.0,1.0,0.84,0.51,1.0,0.86,0.38,1.0,0.8,0.04,0.01,0.04,0.0,0.14,1.0,1.0,,-27.6,-27.6,-37.2,-20.8,-25.6,-9.4,-30.0,-8.5,-32.1,-7.5,
NSE:ATUL,Atul Limited,Chemicals,Specialty Chemicals,Small,17281.0,5869.5,21.7,0.59,18.924843,,13.166,2.78,,,9.2,6.3,17.1,12.0,4.9,9.7,2.9,56.7,0.187,27.7,-35.7,0.51,9.2,45.33,0.15,-8.9,18.3,2811.9,-7.090927890974585,,45.0,52.5,10.9,7.7,13.3,11.8,3.9,4.9,PE vs sector 0.59×; Debt/Equity 2.90; Interest cover 56.7×; forward P/E 18.9 vs P/E 21.7,Revenue CAGR 4.9%; 3Y CAGR -5.7%; ROE 4y avg 9.2%,"negative returns on every horizon (1Y/3Y/5Y); long-term wealth destroyer (3Y -5.7%/yr, 5Y -9.7%/yr)",,28,0.32,,0.32,0.59,0.65,,0.2,0.48,0.9,0.97,0.73,,0.72,0.77,0.99,1.0,1.0,0.64,0.54,0.5,0.43,0.73,0.83,0.83,0.26,0.06,0.0,0.0,0.38,0.64,1.0,,-5.3,-5.3,-26.8,-14.4,-16.1,-5.7,-34.3,-10.0,-39.8,-9.7,
NSE:IRB,IRB Infrastructure Developers Limited,Construction,Infrastructure Operations,Small,20508.0,16.98,21.8,0.9,11.994659,,14.664,0.96,,,11.6,4.1,22.5,15.5,-0.4,5.7,95.6,1.8,-0.087,44.5,-55.1,1.18,19.9,30.81,0.39,-17.2,29.1,2253.2,2.9142466571506542,,45.0,51.2,15.6,5.0,13.0,5.9,4.2,7.5,PE vs sector 0.90×; Operating margin 22.5%; forward P/E 12.0 vs P/E 21.8; P/B 0.96,Revenue CAGR -0.4%; Profit CAGR 5.7%; 1Y return -18.0%,weak interest cover (1.8×),,28,0.53,,0.2,0.92,0.88,,0.0,0.24,1.0,0.8,0.73,,0.66,1.0,0.54,0.24,1.0,0.16,0.07,0.54,0.59,1.0,0.47,0.88,0.09,0.26,0.51,0.26,0.12,0.49,1.0,,-18.0,-18.0,-44.6,-25.6,10.4,3.4,62.6,12.9,61.8,10.1,
NSE:HONAUT,Honeywell Automation India Limited,Capital Goods,Electrical Equipment & Parts,Small,29550.0,33400.0,53.7,1.03,40.23612,,42.036,6.62,,,13.1,11.8,13.2,11.7,10.9,6.2,2.5,74.1,0.499,27.3,-54.9,0.33,0.0,75.0,0.0,-0.7,19.5,1666.3,-5.013852435308641,,45.0,52.3,15.2,9.8,6.8,11.3,3.7,5.6,Debt/Equity 2.50; forward P/E 40.2 vs P/E 53.7; Interest cover 74.1×; Beta 0.50,Profit CAGR 6.2%; 3Y CAGR -5.6%; 5Y CAGR -5.6%,"negative returns on every horizon (1Y/3Y/5Y); long-term wealth destroyer (3Y -5.6%/yr, 5Y -5.6%/yr)",,28,0.65,,0.78,0.52,0.63,,0.67,0.27,1.0,0.67,0.12,,0.0,0.6,0.99,1.0,1.0,0.66,0.08,0.64,0.38,0.5,1.0,0.8,0.23,0.07,0.07,0.0,0.63,0.61,1.0,,-7.0,-7.0,-32.2,-17.7,-16.0,-5.6,-15.1,-4.0,-25.1,-5.6,
NSE:HOMEFIRST,Home First Finance Company India Limited,Financial Services,Mortgage Finance,Micro,11714.0,1120.3,20.3,0.97,14.235444,,,2.68,,,13.6,12.4,66.0,51.4,33.7,33.3,243.9,19.4,0.57,37.9,-38.8,0.46,9.4,6.97,-5.46,-0.8,15.0,2300.2,10.847448909151925,,45.0,70.0,18.5,17.0,11.5,7.8,2.0,13.1,Revenue CAGR 33.7%; Profit CAGR 33.3%; forward P/E 14.2 vs P/E 20.3; Net margin 51.4%,1Y return -8.8%; Promoter holding 7.0%; Volatility 37.9%,promoter exiting,,24,0.69,,0.83,,0.89,,1.0,1.0,1.0,0.73,0.77,,,0.66,,,1.0,0.36,0.47,0.4,0.42,0.73,0.0,0.0,0.2,0.53,0.71,0.64,0.63,0.9,1.0,,-8.8,-8.8,-5.0,-2.5,35.3,10.6,28.9,6.6,89.0,13.6,
NSE:GODREJIND,Godrej Industries Limited,Diversified,Conglomerates,Small,34423.0,1021.9,29.3,1.0,,,22.873,3.08,,,8.4,0.7,8.1,4.8,9.8,8.4,222.4,2.5,0.608,36.5,-44.9,,0.0,74.64,3.67,-4.6,29.2,1797.7,20.667575599650245,,45.0,51.9,9.2,8.6,10.9,5.2,3.7,14.4,3Y CAGR 20.0%; P/B 3.08; Promoter holding 74.6%; Beat Nifty 500 (3Y) 20.0%,ROE 4y avg 8.4%; Debt/Equity 222.4; 1Y return -14.2%,high debt (D/E 222),,27,0.24,,0.03,0.65,0.6,,0.6,0.4,,0.7,0.59,,0.31,1.0,0.0,0.39,1.0,0.41,0.3,0.69,0.3,0.5,1.0,1.0,0.11,0.9,0.63,1.0,0.51,0.48,1.0,,-14.2,-14.2,-14.5,-7.5,72.8,20.0,136.4,24.0,80.5,12.5,
NSE:HAVELLS,Havells India Limited,Consumer Durables,Electrical Equipment & Parts,Mid,65266.0,1040.0,40.0,0.82,31.877865,0.2,30.619,6.9,,,17.2,16.2,5.3,6.9,9.9,16.4,2.8,60.5,0.296,25.2,-50.5,1.15,38.4,59.35,-0.03,-17.3,31.6,11024.7,-8.661966486459871,50.0,45.0,61.1,16.5,13.8,10.4,11.8,4.9,3.8,Profit CAGR 16.4%; ROE 4y avg 17.2%; PE vs sector 0.82×; Debt/Equity 2.80,3Y CAGR -9.2%; 1Y return -30.0%; 5Y CAGR -5.2%,"negative returns on every horizon (1Y/3Y/5Y); long-term wealth destroyer (3Y -9.2%/yr, 5Y -5.2%/yr)",,29,0.89,,1.0,0.26,0.57,,0.61,0.91,1.0,0.88,0.38,1.0,0.09,0.56,0.99,1.0,1.0,0.71,0.14,0.84,0.58,1.0,1.0,0.79,0.03,0.01,0.07,0.0,0.12,1.0,1.0,,-30.0,-30.0,-48.0,-27.9,-25.1,-9.2,-21.4,-5.9,-23.5,-5.2,
NSE:CLEANMAX,Clean Max Enviro Energy Solutions Limited,Power,Utilities - Renewable,Small,15234.0,1299.0,97.0,3.58,40.50549,,20.681,3.28,,,-1.0,-5.4,36.8,6.7,27.1,,231.9,1.2,,,,,0.0,49.42,-0.06,10.3,15.4,6749.5,,,45.0,52.0,6.3,17.0,2.7,1.5,3.4,21.0,Revenue CAGR 27.1%; Operating margin 36.8%; forward P/E 40.5 vs P/E 97.0; Price vs 200-DMA 10.3%,ROE 4y avg -1.0%; PE vs sector 3.58×; Debt/Equity 231.9,losses in more than one recent year; high debt (D/E 232); weak interest cover (1.2×); very expensive (P/E 97),,20,0.0,,0.0,0.82,0.29,,1.0,,1.0,0.0,0.0,,0.42,0.37,0.0,0.06,,,,0.48,0.3,0.5,0.94,0.79,,,,,1.0,0.71,1.0,,,,,,,,,,,,1Y n/a: listed/data from 2026-03-02; 2Y n/a: listed/data from 2026-03-02; 3Y n/a: listed/data from 2026-03-02; 4Y n/a: listed/data from 2026-03-02; 5Y n/a: listed/data from 2026-03-02
NSE:SHREECEM,SHREE CEMENT LIMITED,Construction Materials,Building Materials,Mid,79017.0,21900.0,48.5,1.43,31.76765,0.67,16.483,3.4,,,7.8,5.2,9.4,7.4,5.7,11.1,8.0,12.1,0.283,24.3,-32.3,0.64,31.0,62.55,0.0,-13.1,27.7,6373.6,-5.683577277163366,,44.9,44.9,7.7,9.2,6.9,12.7,4.6,3.7,Debt/Equity 8.00; forward P/E 31.8 vs P/E 48.5; Interest cover 12.1×; PEG 0.67,ROE 4y avg 7.8%; Revenue CAGR 5.7%; 3Y CAGR -5.1%,"negative returns on every horizon (1Y/3Y/5Y); long-term wealth destroyer (3Y -5.1%/yr, 5Y -5.5%/yr)",,29,0.19,,0.26,0.41,0.54,,0.27,0.59,1.0,0.23,0.19,0.95,0.59,0.27,0.98,1.0,1.0,0.74,0.6,0.9,0.46,1.0,1.0,0.8,0.05,0.07,0.07,0.0,0.23,0.5,1.0,,-25.2,-25.3,-17.4,-9.1,-14.5,-5.1,5.7,1.4,-24.7,-5.5,
NSE:ATGL,Adani Total Gas Limited,Oil Gas & Consumable Fuels,Utilities - Regulated Gas,Mid,64119.0,583.0,101.0,8.86,,,57.755,13.18,,,16.6,13.5,11.6,10.1,10.4,6.3,58.6,8.8,0.596,51.6,-60.1,0.04,4.4,74.8,0.0,-5.0,32.2,9947.6,-3.1302985901833114,,44.9,44.9,17.6,7.8,0.2,9.8,3.7,5.8,ROE 4y avg 16.6%; Debt/Equity 58.6; Interest cover 8.80×; ROE worst year 13.5%,PE vs sector 8.86×; Profit CAGR 6.3%; 3Y CAGR -1.5%,very expensive (P/E 101); negative returns on every horizon (1Y/3Y/5Y),,27,0.86,,0.9,0.51,0.63,,0.64,0.28,,0.0,0.0,,0.0,0.05,0.83,0.96,1.0,0.08,0.0,0.83,0.31,0.61,1.0,0.8,0.2,0.13,0.0,0.02,0.5,1.0,1.0,,-9.1,-9.1,-25.9,-13.9,-4.5,-1.5,-81.2,-34.2,-59.0,-16.4,
NSE:CYIENT,Cyient Limited,Information Technology,Conglomerates,Micro,11557.0,1110.2,32.6,1.23,15.788668,93.13,13.654,2.16,,,12.5,7.5,9.0,5.0,6.5,-6.0,7.5,11.6,0.657,35.6,-67.2,2.9,47.0,24.7,1.42,16.4,9.1,9909.1,-13.066241465606543,,44.9,44.9,9.1,5.8,7.9,10.3,4.7,7.1,Debt/Equity 7.50; forward P/E 15.8 vs P/E 32.6; Interest cover 11.6×; P/B 2.16,Profit CAGR -6.0%; 3Y CAGR -13.4%; Revenue CAGR 6.5%,,,29,0.6,,0.38,0.21,0.14,,0.35,0.0,1.0,0.46,0.54,0.0,0.7,0.84,0.98,1.0,0.97,0.43,0.0,0.4,0.98,1.0,0.19,1.0,0.28,0.0,0.17,0.0,1.0,0.86,1.0,,-3.9,-3.9,-42.3,-24.1,-35.0,-13.4,41.6,9.1,3.9,0.8,
NSE:TIINDIA,Tube Investments of India Limited,Automobile and Auto Components,Conglomerates,Mid,45296.0,2340.0,74.6,2.1,31.472765,,22.242,5.84,,,17.1,8.2,6.0,2.6,15.5,-12.6,5.4,32.6,-0.001,38.2,-53.5,0.15,11.2,44.1,0.01,-14.7,29.8,7262.4,-11.421510894350373,38.5,44.9,44.9,11.6,9.6,3.2,11.0,3.7,5.7,Revenue CAGR 15.5%; ROE 4y avg 17.1%; Debt/Equity 5.40; forward P/E 31.5 vs P/E 74.6,Profit CAGR -12.6%; PE vs sector 2.10×; 3Y CAGR -8.1%,,,28,0.88,,0.42,0.19,0.1,,0.91,0.0,1.0,0.0,0.0,,0.34,0.55,0.99,1.0,1.0,0.35,0.1,0.75,0.34,0.78,0.8,0.8,0.05,0.03,0.55,0.0,0.16,0.48,1.0,,-24.1,-24.1,-46.1,-26.6,-22.3,-8.1,-13.3,-3.5,68.8,11.0,
NSE:ADANIENT,Adani Enterprises Limited,Metals & Mining,Thermal Coal,Large,381317.0,2816.8,49.0,2.63,42.782505,,31.374,4.5,,,10.3,7.5,9.4,6.5,-7.7,55.9,119.6,3.1,0.797,48.3,-51.7,0.05,2.3,71.97,-2.0,9.6,13.2,44733.6,3.8189651307481753,34.6,44.7,44.7,8.9,9.9,2.0,6.7,3.3,13.9,"Profit CAGR 55.9%; forward P/E 42.8 vs P/E 49.0; Size (market cap) 381,317 Cr; Promoter holding 72.0%",Revenue CAGR -7.7%; PE vs sector 2.63×; 3Y CAGR 5.7%,,,28,0.42,,0.38,0.3,0.35,,0.0,1.0,0.9,0.0,0.17,,0.07,0.32,0.36,0.5,0.9,0.12,0.12,1.0,0.31,0.56,1.0,0.38,0.56,0.33,0.74,0.38,0.99,0.77,1.0,,8.6,8.6,-11.6,-6.0,18.0,5.7,-10.8,-2.8,93.1,14.1,
NSE:SJVN,SJVN Limited,Power,Utilities - Renewable,Small,22754.0,57.9,32.9,1.21,12.050751,,14.881,1.6,,,6.6,4.5,45.7,12.8,14.6,-22.1,226.5,2.3,0.466,41.9,-60.8,2.59,83.0,81.85,0.0,-19.0,37.2,1188.0,-7.400885397677792,,44.6,44.6,10.2,9.4,9.6,4.1,4.8,6.5,Revenue CAGR 14.6%; Operating margin 45.7%; 5Y CAGR 15.3%; forward P/E 12.1 vs P/E 32.9,Profit CAGR -22.1%; ROE 4y avg 6.6%; 3Y CAGR -7.1%,high debt (D/E 226); sharp 1-year fall (-36%),,28,0.11,,0.23,0.87,0.65,,0.88,0.0,1.0,0.49,0.53,,0.65,0.79,0.0,0.35,1.0,0.24,0.0,0.56,0.91,0.54,0.89,0.8,0.0,0.04,0.81,0.0,0.09,0.38,1.0,,-36.3,-36.3,-55.7,-33.5,-19.9,-7.1,82.7,16.3,103.9,15.3,
NSE:TRIDENT,Trident Limited,Textiles,Textile Manufacturing,Micro,11333.0,22.24,28.5,0.71,19.33913,,14.212,2.38,,,8.6,7.9,13.3,5.8,1.8,-5.1,38.3,5.6,0.009,37.9,-54.5,4.51,64.1,73.68,0.0,-11.2,28.1,909.2,-16.0805761333239,,44.4,44.4,8.9,3.9,12.6,9.7,5.7,3.5,PE vs sector 0.71×; Debt/Equity 38.3; forward P/E 19.3 vs P/E 28.5; Interest cover 5.60×,Profit CAGR -5.1%; Revenue CAGR 1.8%; 3Y CAGR -15.9%,"negative returns on every horizon (1Y/3Y/5Y); long-term wealth destroyer (3Y -15.9%/yr, 5Y -5.5%/yr)",,28,0.26,,0.4,0.56,0.34,,0.07,0.0,1.0,0.93,0.6,,0.68,0.8,0.92,0.87,1.0,0.36,0.08,0.39,1.0,0.92,1.0,0.8,0.07,0.0,0.07,0.0,0.3,0.5,1.0,,-21.7,-21.7,-40.1,-22.6,-40.5,-15.9,-38.6,-11.5,-24.6,-5.5,
NSE:JIOFIN,Jio Financial Services Limited,Financial Services,Asset Management,Large,140317.0,212.5,65.8,3.13,47.64574,,,1.01,,,0.9,0.0,63.3,55.0,431.7,268.3,16.3,3.6,0.49,32.6,-48.2,0.28,15.5,49.13,2.01,-13.8,32.9,34758.9,-4.171602858744317,,44.3,44.3,5.8,15.3,5.0,9.5,4.3,4.3,Revenue CAGR 431.7%; forward P/E 47.6 vs P/E 65.8; P/B 1.01; Net margin 55.0%,ROE 4y avg 0.9%; PE vs sector 3.13×; 3Y CAGR -2.8%,negative returns on every horizon (1Y/3Y/5Y),,23,0.0,,0.0,,0.91,,1.0,0.75,1.0,0.0,0.03,,,1.0,,,1.0,0.51,0.2,1.0,0.37,0.89,0.93,1.0,0.03,0.11,,0.0,0.2,0.44,1.0,,-29.2,-29.2,-39.5,-22.2,-8.2,-2.8,,,,,4Y n/a: listed/data from 2023-08-21; 5Y n/a: listed/data from 2023-08-21
NSE:VOLTAS,Voltas Limited,Consumer Durables,"Furnishings, Fixtures & Appliances",Mid,34849.0,1053.2,77.5,1.6,33.162117,,43.182,5.47,,,6.4,2.5,5.2,3.0,14.5,40.7,15.5,7.4,0.12,30.6,-44.9,0.38,29.5,30.3,0.0,-20.8,33.4,8579.2,6.35433810561592,,44.0,44.0,3.4,16.1,3.5,11.3,3.7,6.1,Profit CAGR 40.7%; Revenue CAGR 14.5%; Debt/Equity 15.5; forward P/E 33.2 vs P/E 77.5,ROE 4y avg 6.4%; PE vs sector 1.60×; 1Y return -22.2%,,,28,0.09,,0.12,0.21,0.17,,0.87,1.0,1.0,0.12,0.0,,0.0,0.69,0.97,0.92,1.0,0.57,0.3,0.7,0.4,1.0,0.46,0.8,0.06,0.35,0.11,0.41,0.06,0.43,1.0,,-22.2,-22.2,-43.2,-24.7,20.5,6.4,17.9,4.2,-13.3,-2.8,
NSE:AARTIIND,Aarti Industries Limited,Chemicals,Specialty Chemicals,Small,16875.0,465.2,31.9,0.87,23.169327,,16.394,2.82,,,8.0,5.9,8.9,5.9,7.9,-8.4,83.4,2.4,0.636,35.2,-54.8,0.22,6.8,41.82,-0.42,2.1,15.7,4935.8,-3.5943094329907943,,43.9,43.9,6.1,6.7,11.3,7.1,3.5,9.1,PE vs sector 0.87×; 1Y return 22.5%; forward P/E 23.2 vs P/E 31.9; Beta 0.64,Profit CAGR -8.4%; ROE 4y avg 8.0%; 3Y CAGR -1.8%,,,28,0.2,,0.3,0.28,0.3,,0.49,0.0,1.0,0.83,0.55,,0.59,0.73,0.63,0.37,0.98,0.44,0.08,0.49,0.35,0.67,0.75,0.72,0.88,0.12,0.0,0.0,0.72,0.71,1.0,,22.5,22.5,-20.8,-11.0,-5.2,-1.8,-37.0,-10.9,-50.6,-13.2,
NSE:BANDHANBNK,Bandhan Bank Limited,Financial Services,Banks - Regional,Small,28356.0,176.0,21.0,1.0,8.687506,,,1.11,,,9.4,4.8,23.8,13.6,5.0,-17.7,,,0.792,38.1,-49.7,0.85,17.9,37.54,-3.38,-0.6,20.3,23870.0,-8.982734830038641,32.7,43.6,43.6,8.8,4.8,12.9,7.2,3.6,6.4,forward P/E 8.7 vs P/E 21.0; P/B 1.11; Payout ratio 17.9%; Beta 0.79,Profit CAGR -17.7%; Revenue CAGR 5.0%; 3Y CAGR -11.5%,"long-term wealth destroyer (3Y -11.5%/yr, 5Y -9.4%/yr)",,24,0.34,,0.24,,0.52,,0.2,0.0,1.0,0.7,0.75,,,1.0,,,0.9,0.36,0.16,0.62,0.51,0.95,0.64,0.12,0.54,0.0,0.01,0.0,0.63,0.6,1.0,,7.6,7.6,-9.9,-5.1,-30.7,-11.5,-32.6,-9.4,-39.1,-9.4,
NSE:PINELABS,Pine Labs Limited,Financial Services,Software - Infrastructure,Small,19349.0,167.56,151.0,7.19,36.94207,,26.731,3.24,,,-4.7,-9.7,3.1,4.5,21.0,,7.5,2.7,,,,,0.0,0.0,0.0,-5.9,41.0,48480.0,,,43.0,43.0,0.9,17.0,2.0,7.3,2.3,13.5,Revenue CAGR 21.0%; forward P/E 36.9 vs P/E 151.0; Turnover/day 48480.0 L,ROE 4y avg -4.7%; PE vs sector 7.19×; Net margin 4.5%,losses in more than one recent year; very expensive (P/E 151),widely held (no promoter) - promoter checks not applicable,14,0.0,,0.0,,0.14,,1.0,,1.0,0.0,0.0,,,0.42,,,,,,0.52,0.3,0.5,,,,,,,0.47,0.33,1.0,,,,,,,,,,,,1Y n/a: listed/data from 2025-11-14; 2Y n/a: listed/data from 2025-11-14; 3Y n/a: listed/data from 2025-11-14; 4Y n/a: listed/data from 2025-11-14; 5Y n/a: listed/data from 2025-11-14
NSE:TITAGARH,TITAGARH RAIL SYSTEMS LIMITED,Capital Goods,Railroads,Micro,9647.0,804.75,55.2,1.06,23.669117,,29.827,4.45,,,8.8,3.8,10.4,6.1,4.7,-1.9,25.4,4.8,0.806,47.0,-69.0,0.12,6.9,40.46,0.0,1.4,17.1,3847.0,2.471735216702875,,43.0,43.0,6.8,4.7,7.8,8.8,3.4,11.4,5Y CAGR 49.4%; Debt/Equity 25.4; forward P/E 23.7 vs P/E 55.2; P/B 4.45,Profit CAGR -1.9%; Revenue CAGR 4.7%; ROE 4y avg 8.8%,,,28,0.28,,0.19,0.37,0.26,,0.19,0.0,1.0,0.64,0.11,,0.1,0.82,0.95,0.81,0.9,0.13,0.0,0.33,0.33,0.67,0.71,0.8,0.2,0.2,1.0,0.17,0.7,0.67,1.0,,-8.8,-8.8,-32.3,-17.7,4.6,1.5,440.7,52.6,643.7,49.4,
NSE:GODREJCP,Godrej Consumer Products Limited,Fast Moving Consumer Goods,Household & Personal Products,Mid,85971.0,840.0,44.8,1.07,31.016935,1.5,27.124,6.8,,,9.5,-4.4,17.2,12.1,4.6,3.0,34.9,9.3,0.341,26.3,-42.5,2.38,107.0,53.05,-0.02,-20.7,34.1,12837.6,-4.207915252194971,28.6,42.9,42.9,10.3,5.5,7.8,12.0,4.1,3.3,Debt/Equity 34.9; forward P/E 31.0 vs P/E 44.8; Interest cover 9.30×; Dividend yield 2.4%,Profit CAGR 3.0%; Revenue CAGR 4.6%; 3Y CAGR -5.4%,negative returns on every horizon (1Y/3Y/5Y),,29,0.35,,0.0,0.66,0.63,,0.18,0.12,1.0,0.63,0.27,0.62,0.16,0.54,0.93,0.98,1.0,0.68,0.38,0.94,0.86,0.06,0.97,0.8,0.04,0.07,0.09,0.0,0.06,0.42,1.0,,-26.9,-26.9,-39.5,-22.2,-15.4,-5.4,-5.1,-1.3,-17.7,-3.8,
NSE:NUVOCO,Nuvoco Vistas Corporation Limited,Construction Materials,Building Materials,Micro,11486.0,321.6,29.7,0.88,19.028303,,8.431,1.12,,,1.5,0.2,11.0,3.3,2.7,183.0,48.1,2.4,0.322,32.2,-40.3,,0.0,72.02,0.0,-1.3,26.9,5432.5,-4.755936881908029,,42.7,42.7,4.2,9.2,12.7,8.8,3.5,4.2,PE vs sector 0.88×; Debt/Equity 48.1; forward P/E 19.0 vs P/E 29.7; P/B 1.12,ROE 4y avg 1.5%; Revenue CAGR 2.7%; 3Y CAGR -4.9%,negative returns on every horizon (1Y/3Y/5Y),,28,0.0,,0.01,0.53,0.2,,0.11,0.75,1.0,0.82,0.58,,0.91,0.82,0.9,0.37,1.0,0.52,0.44,0.4,0.3,0.5,1.0,0.8,0.06,0.08,0.0,0.0,0.61,0.51,1.0,,-23.9,-23.9,-10.7,-5.5,-13.9,-4.9,-20.8,-5.7,-41.0,-10.0,
NSE:ANURAS,Anupam Rasayan India Limited,Chemicals,Specialty Chemicals,Small,13162.0,1156.1,75.3,2.06,28.999163,,34.263,3.94,,,5.2,3.3,16.2,6.9,14.1,-2.0,41.3,2.8,0.11,29.6,-42.6,0.13,4.9,59.07,0.0,-9.1,18.3,4815.8,6.73606594887779,,42.6,42.6,5.9,9.2,2.2,9.2,3.8,12.3,Revenue CAGR 14.1%; Debt/Equity 41.3; forward P/E 29.0 vs P/E 75.3; Beta 0.11,Profit CAGR -2.0%; ROE 4y avg 5.2%; PE vs sector 2.06×,,,28,0.01,,0.17,0.55,0.39,,0.85,0.0,1.0,0.0,0.0,,0.01,0.54,0.92,0.45,1.0,0.59,0.37,0.45,0.33,0.62,1.0,0.8,0.58,0.49,0.42,0.6,0.38,0.64,1.0,,9.2,9.2,51.8,23.2,32.4,9.8,60.1,12.5,48.9,8.3,
NSE:JUBLFOOD,Jubilant Foodworks Limited,Consumer Services,Restaurants,Small,29161.0,443.4,78.1,1.39,50.297142,,23.79,12.72,,,16.1,10.0,9.7,4.4,20.2,6.7,205.3,2.2,0.172,31.9,-46.0,0.27,21.2,40.27,0.0,-6.3,30.2,10818.8,-5.1248176619871355,,42.6,42.6,14.3,12.3,3.3,5.1,4.0,3.6,Revenue CAGR 20.2%; ROE 4y avg 16.1%; forward P/E 50.3 vs P/E 78.1; Beta 0.17,3Y CAGR -6.4%; Profit CAGR 6.7%; Debt/Equity 205.3,"high debt (D/E 205); negative returns on every horizon (1Y/3Y/5Y); long-term wealth destroyer (3Y -6.4%/yr, 5Y -11.3%/yr)",,28,0.84,,0.6,0.42,0.31,,1.0,0.3,1.0,0.28,0.0,,0.26,0.22,0.0,0.34,1.0,0.53,0.27,0.63,0.37,1.0,0.71,0.8,0.03,0.05,0.0,0.0,0.46,0.47,1.0,,-28.4,-28.4,-32.7,-18.0,-17.9,-6.4,-27.9,-7.9,-45.2,-11.3,
NSE:ITI,ITI Limited,Telecommunication,Communication Equipment,Small,23272.0,241.7,71.5,1.62,,,443.424,12.2,,,-11.2,-31.9,-2.5,15.4,16.1,,40.1,2.5,0.064,52.1,-57.0,,0.0,90.02,0.0,-14.6,35.2,780.2,6.998748056507953,,42.6,42.6,4.7,15.7,1.8,7.9,3.2,9.4,Revenue CAGR 16.1%; Debt/Equity 40.1; Net margin 15.4%; Beta 0.06,ROE 4y avg -11.2%; PE vs sector 1.62×; 1Y return -21.3%,losses in more than one recent year,,26,0.0,,0.0,0.14,0.82,,0.92,,,0.11,0.0,,0.0,0.27,0.92,0.39,1.0,0.08,0.04,0.57,0.3,0.5,0.75,0.8,0.07,0.35,0.75,0.41,0.17,0.41,1.0,,-21.3,-21.3,-8.9,-4.6,20.2,6.3,122.9,22.2,94.2,14.2,
NSE:POONAWALLA,Poonawalla Fincorp Limited,Financial Services,Credit Services,Mid,37970.0,433.5,45.5,2.17,17.611305,,,3.38,,,8.7,-1.2,39.0,22.7,51.4,-7.5,468.1,23.5,0.314,40.5,-45.4,,0.0,59.02,-4.94,-1.4,24.0,5806.7,4.464392682231866,35.2,42.5,42.5,7.5,10.2,2.7,8.0,2.9,11.1,Revenue CAGR 51.4%; 5Y CAGR 21.5%; forward P/E 17.6 vs P/E 45.5; Beta 0.31,Profit CAGR -7.5%; PE vs sector 2.17×; ROE 4y avg 8.7%,,,24,0.27,,0.0,,0.63,,1.0,0.0,1.0,0.0,0.26,,,0.37,,,1.0,0.28,0.29,0.71,0.3,0.5,1.0,0.0,0.12,0.28,0.93,0.31,0.61,0.55,1.0,,-13.7,-13.7,8.1,4.0,13.5,4.3,41.4,9.1,164.5,21.5,
NSE:JSWCEMENT,JSW Cement Limited,Construction Materials,Building Materials,Small,15012.0,111.17,19.7,0.58,19.544106,,14.464,2.28,,,-1.7,-11.5,10.6,10.9,4.7,,68.4,-1.2,,29.1,-32.1,0.45,0.0,72.02,-0.31,-10.7,22.5,1755.1,,,42.1,42.1,6.6,5.2,12.0,6.7,3.7,7.8,PE vs sector 0.58×; Promoter holding 72.0%; Turnover/day 1755.1 L,ROE 4y avg -1.7%; Revenue CAGR 4.7%; 1Y return -19.4%,losses in more than one recent year; weak interest cover (-1.2×),,23,0.0,,0.0,0.48,0.79,,0.19,,0.55,0.97,0.78,,0.67,0.45,0.75,0.0,,0.61,0.61,0.47,0.41,0.5,1.0,0.74,0.08,,,,0.32,0.57,1.0,,-19.4,-19.4,,,,,,,,,2Y n/a: listed/data from 2025-08-14; 3Y n/a: listed/data from 2025-08-14; 4Y n/a: listed/data from 2025-08-14; 5Y n/a: listed/data from 2025-08-14
NSE:STARHEALTH,Star Health and Allied Insurance Company Limited,Financial Services,Insurance - Life,Small,31744.0,539.5,47.5,2.26,19.244255,,,3.13,,7.5,9.6,7.4,13.7,3.6,14.0,-3.4,,12.8,0.187,29.6,-47.0,,0.0,58.01,-0.03,4.5,13.7,3549.6,-5.273176281409042,37.6,42.1,42.1,6.5,9.1,3.0,8.7,3.5,11.2,Revenue CAGR 14.0%; forward P/E 19.2 vs P/E 47.5; Beta 0.19; Promoter holding 58.0%,Profit CAGR -3.4%; PE vs sector 2.26×; 3Y CAGR -3.3%,,,24,0.36,0.17,0.37,,0.11,,0.84,0.0,1.0,0.0,0.21,,,0.45,,,1.0,0.59,0.24,0.66,0.3,0.5,0.99,0.79,0.79,0.1,,0.0,0.81,0.76,1.0,,17.5,17.5,-11.1,-5.7,-9.6,-3.3,-23.6,-6.5,,,5Y n/a: listed/data from 2021-12-10
NSE:ICICIPRULI,ICICI Prudential Life Insurance Company Limited,Financial Services,Insurance - Life,Mid,65002.0,448.05,38.5,1.83,31.278227,,37.068,4.76,,12.6,9.4,7.7,1.6,2.6,8.5,25.5,18.1,9.5,0.47,26.9,-43.6,0.37,14.2,72.73,-0.23,-18.4,36.6,7701.4,-7.517656157869823,33.1,41.7,41.7,8.4,13.7,2.4,10.0,4.2,3.0,Profit CAGR 25.5%; forward P/E 31.3 vs P/E 38.5; Beta 0.47; Promoter holding 72.7%,3Y CAGR -7.1%; PE vs sector 1.83×; ROE 4y avg 9.4%,"negative returns on every horizon (1Y/3Y/5Y); long-term wealth destroyer (3Y -7.1%/yr, 5Y -7.7%/yr)",,25,0.34,0.61,0.39,,0.09,,0.53,1.0,0.98,0.05,0.42,,,0.09,,,1.0,0.67,0.34,0.84,0.39,0.85,1.0,0.75,0.05,0.04,0.03,0.0,0.1,0.39,1.0,,-24.9,-24.9,-41.6,-23.6,-19.8,-7.1,-12.1,-3.2,-32.9,-7.7,
NSE:ZYDUSWELL,Zydus Wellness Limited,Fast Moving Consumer Goods,Packaged Foods,Small,15865.0,498.65,84.2,2.02,,,,2.72,,,5.1,3.4,,,20.7,-14.0,55.0,3.4,,29.1,-36.0,0.24,,69.64,0.01,,18.5,2230.6,15.430022015091183,,41.4,41.4,1.2,8.5,4.6,9.1,3.9,14.1,Revenue CAGR 20.7%; 3Y CAGR 16.2%; Debt/Equity 55.0; P/B 2.72,Profit CAGR -14.0%; ROE 4y avg 5.1%; PE vs sector 2.02×,,,21,0.01,,0.17,,,,1.0,0.0,,0.0,0.0,,,0.93,0.86,0.56,,0.61,0.53,0.48,0.36,,1.0,0.8,0.53,0.82,0.19,0.92,,0.64,1.0,,7.3,7.3,26.5,12.5,56.7,16.2,48.8,10.5,6.3,1.2,
NSE:BATAINDIA,Bata India Limited,Consumer Durables,Footwear & Accessories,Micro,7874.0,612.6,54.0,1.11,28.756067,,18.846,4.93,,,17.3,8.4,10.6,4.1,0.6,-25.4,86.9,2.4,0.376,25.7,-63.2,5.55,79.2,50.16,0.0,-16.7,50.5,2264.6,-26.56579537950037,,41.3,41.3,15.3,3.6,8.6,7.0,5.0,2.0,ROE 4y avg 17.3%; forward P/E 28.8 vs P/E 54.0; P/B 4.93; Dividend yield 5.5%,Profit CAGR -25.4%; Revenue CAGR 0.6%; 3Y CAGR -27.7%,"negative returns on every horizon (1Y/3Y/5Y); long-term wealth destroyer (3Y -27.7%/yr, 5Y -19.7%/yr); sharp 1-year fall (-48%)",,28,0.89,,0.44,0.55,0.38,,0.02,0.0,1.0,0.59,0.12,,0.5,0.81,0.6,0.37,1.0,0.7,0.0,0.27,0.89,0.62,0.95,0.8,0.0,0.0,0.0,0.0,0.12,0.15,1.0,,-48.4,-48.4,-57.1,-34.5,-62.1,-27.7,-65.6,-23.5,-66.6,-19.7,
NSE:HDFCLIFE,HDFC Life Insurance Company Limited,Financial Services,Insurance - Life,Large,116031.0,534.2,58.5,2.79,45.252357,,47.711,5.95,,10.8,10.8,10.5,2.2,1.9,9.3,11.8,15.9,9.6,0.499,25.1,-36.7,0.39,23.0,50.54,0.26,-13.1,32.3,21023.6,-5.796126814531599,36.1,41.1,41.1,9.8,11.7,0.3,11.3,4.5,3.4,"forward P/E 45.3 vs P/E 58.5; Beta 0.50; Size (market cap) 116,031 Cr; Payout ratio 23.0%",PE vs sector 2.79×; 3Y CAGR -5.5%; 1Y return -30.1%,"negative returns on every horizon (1Y/3Y/5Y); long-term wealth destroyer (3Y -5.5%/yr, 5Y -6.0%/yr)",,25,0.46,0.46,0.65,,0.06,,0.57,0.64,1.0,0.0,0.09,,,0.0,,,1.0,0.71,0.52,1.0,0.4,1.0,0.95,0.85,0.02,0.07,0.06,0.0,0.23,0.45,1.0,,-30.1,-30.1,-24.8,-13.3,-15.7,-5.5,3.0,0.7,-26.8,-6.0,
NSE:CARBORUNIV,Carborundum Universal Limited,Capital Goods,Conglomerates,Small,23718.0,1245.0,112.9,2.17,41.234272,,39.111,6.08,,,10.7,5.0,6.8,3.8,3.8,-22.2,10.3,16.5,0.346,33.0,-58.1,0.32,36.2,38.89,-0.34,27.3,9.1,4195.9,1.6718919945621247,,41.1,41.1,6.6,4.4,2.6,10.8,3.9,12.8,1Y return 35.3%; Debt/Equity 10.3; forward P/E 41.2 vs P/E 112.9; Interest cover 16.5×,Profit CAGR -22.2%; Revenue CAGR 3.8%; PE vs sector 2.17×,very expensive (P/E 113),,28,0.46,,0.25,0.14,0.11,,0.15,0.0,1.0,0.0,0.0,,0.0,0.65,0.98,1.0,1.0,0.5,0.03,0.57,0.38,1.0,0.67,0.73,1.0,0.21,0.38,0.19,0.71,0.86,1.0,,35.3,35.3,-15.7,-8.2,6.0,2.0,39.4,8.7,42.0,7.3,
NSE:IDEA,Vodafone Idea Limited,Telecommunication,Telecom Services,Large,136946.0,12.64,3.6,0.08,-8.53881,,26.508,-3.83,,,2.9,-96.6,-3.8,82.3,2.1,,,2.6,0.446,54.1,-66.8,,0.0,25.64,0.07,3.6,19.9,48444.3,5.0717574498580165,,41.0,41.0,5.3,1.4,13.5,6.7,2.4,11.6,PE vs sector 0.08×; 1Y return 48.4%; Net margin 82.3%; P/B -3.83,ROE 4y avg 2.9%; Revenue CAGR 2.1%; 3Y CAGR 1.7%,losses in more than one recent year,,25,0.0,,0.0,0.09,1.0,,0.08,,,1.0,1.0,,0.17,1.0,,0.41,1.0,0.06,0.0,1.0,0.3,0.5,0.23,0.81,1.0,0.2,0.22,0.18,0.78,0.6,1.0,,48.4,48.4,24.3,11.5,5.3,1.7,42.8,9.3,10.9,2.1,
NSE:BIOCON,Biocon Limited,Healthcare,Biotechnology,Mid,60712.0,370.7,107.4,2.06,34.069813,,20.701,1.76,,,3.4,1.1,6.9,2.9,15.3,-5.9,42.1,1.5,0.303,31.4,-24.7,0.13,14.6,44.68,-0.23,-6.0,17.1,16130.3,10.629993816295723,,40.9,40.9,1.6,9.6,5.2,9.4,3.8,11.4,Revenue CAGR 15.3%; Debt/Equity 42.1; forward P/E 34.1 vs P/E 107.4; P/B 1.76,ROE 4y avg 3.4%; Profit CAGR -5.9%; PE vs sector 2.06×,weak interest cover (1.5×); very expensive (P/E 107),,28,0.0,,0.06,0.15,0.09,,0.91,0.0,1.0,0.0,0.0,,0.41,0.98,0.92,0.15,1.0,0.55,0.76,0.82,0.33,0.86,0.82,0.75,0.53,0.54,0.16,0.66,0.47,0.67,1.0,,7.0,7.0,0.0,0.0,35.9,10.8,27.1,6.2,1.5,0.3,
NSE:WHIRLPOOL,Whirlpool of India Limited,Consumer Durables,"Furnishings, Fixtures & Appliances",Micro,10852.0,855.0,43.3,0.89,24.526539,,26.447,2.61,,,7.1,5.9,3.1,3.0,6.4,10.3,8.6,9.9,0.361,33.5,-69.9,0.58,25.3,39.76,-11.24,2.4,40.5,10907.2,-19.17519958755619,,40.8,40.8,3.6,9.3,10.3,10.4,3.5,3.7,Debt/Equity 8.60; PE vs sector 0.89×; forward P/E 24.5 vs P/E 43.3; P/B 2.61,ROE 4y avg 7.1%; 3Y CAGR -19.5%; Revenue CAGR 6.4%,"negative returns on every horizon (1Y/3Y/5Y); long-term wealth destroyer (3Y -19.5%/yr, 5Y -17.8%/yr)",,28,0.14,,0.3,0.06,0.17,,0.34,0.52,1.0,0.81,0.31,,0.17,1.0,0.98,1.0,1.0,0.49,0.0,0.37,0.45,1.0,0.69,0.0,0.04,0.0,0.0,0.0,0.73,0.34,1.0,,-26.5,-26.5,-62.3,-38.6,-47.8,-19.5,-46.8,-14.6,-62.4,-17.8,
NSE:RAMCOCEM,The Ramco Cements Limited,Construction Materials,Building Materials,Small,19612.0,830.0,30.5,0.9,31.650904,,17.37,2.42,,,5.5,3.7,5.1,7.0,3.3,30.5,47.9,3.9,0.106,27.0,-30.9,0.3,7.3,42.56,0.0,-14.1,31.7,1788.6,-2.3550261019707586,,40.6,40.6,3.8,8.9,9.6,10.5,3.6,4.1,Profit CAGR 30.5%; PE vs sector 0.90×; Debt/Equity 47.9; Beta 0.11,ROE 4y avg 5.5%; Revenue CAGR 3.3%; 3Y CAGR -3.2%,negative returns on every horizon (1Y/3Y/5Y),,28,0.03,,0.19,0.1,0.47,,0.13,1.0,0.35,0.8,0.57,,0.56,0.36,0.9,0.65,1.0,0.66,0.63,0.53,0.38,0.68,0.76,0.8,0.09,0.1,0.1,0.0,0.19,0.45,1.0,,-16.3,-16.3,-5.4,-2.7,-9.4,-3.2,12.1,2.9,-16.1,-3.5,
NSE:DALBHARAT,Dalmia Bharat Limited,Construction Materials,Building Materials,Small,31689.0,1688.0,33.8,1.0,23.26458,,11.846,1.76,,,5.5,3.9,11.4,6.2,3.0,3.2,41.0,4.0,0.189,29.6,-34.9,0.59,18.0,55.84,0.0,-10.3,27.2,3755.4,-10.206233536698239,,40.6,40.6,6.2,5.1,10.6,10.6,4.5,3.6,Debt/Equity 41.0; forward P/E 23.3 vs P/E 33.8; Beta 0.19; Promoter holding 55.8%,ROE 4y avg 5.5%; Revenue CAGR 3.0%; Profit CAGR 3.2%,negative returns on every horizon (1Y/3Y/5Y),,28,0.03,,0.2,0.58,0.34,,0.12,0.13,1.0,0.7,0.52,,0.78,0.64,0.92,0.67,1.0,0.59,0.55,0.66,0.45,0.95,0.98,0.8,0.05,0.0,0.08,0.0,0.34,0.51,1.0,,-24.5,-24.6,-14.0,-7.3,-29.1,-10.8,8.3,2.0,-20.5,-4.5,
NSE:RVNL,Rail Vikas Nigam Limited,Construction,Engineering & Construction,Mid,41075.0,197.0,45.7,1.88,35.81818,,50.269,4.18,,,14.6,8.9,4.0,4.3,0.2,-13.3,49.1,3.8,0.813,50.6,-68.2,1.74,63.1,72.84,0.0,-26.1,50.8,9100.8,5.462809679146763,30.1,39.5,39.5,10.7,3.5,2.5,8.6,5.1,9.1,5Y CAGR 45.7%; Debt/Equity 49.1; forward P/E 35.8 vs P/E 45.7; Promoter holding 72.8%,Profit CAGR -13.3%; Revenue CAGR 0.2%; PE vs sector 1.88×,sharp 1-year fall (-43%),,28,0.77,,0.49,0.04,0.28,,0.01,0.0,1.0,0.04,0.25,,0.0,0.38,0.9,0.63,0.89,0.09,0.0,0.73,0.72,0.94,1.0,0.8,0.0,0.29,1.0,0.32,0.0,0.14,1.0,,-42.8,-42.8,-62.5,-38.7,14.2,4.5,448.7,53.1,556.7,45.7,
NSE:COHANCE,Cohance Lifesciences Limited,Healthcare,Drug Manufacturers - Specialty & Generic,Small,17332.0,453.0,164.7,3.16,46.051044,,55.15,4.44,,,14.1,4.6,-11.5,5.0,18.3,-24.2,9.9,7.0,0.613,37.0,-79.0,,0.0,57.49,-8.92,11.0,50.6,4919.2,-5.1248176619871355,,39.1,39.1,8.6,10.0,3.0,10.1,2.9,4.5,Revenue CAGR 18.3%; Debt/Equity 9.90; forward P/E 46.1 vs P/E 164.7; Interest cover 7.00×,Profit CAGR -24.2%; PE vs sector 3.16×; 3Y CAGR -7.7%,very expensive (P/E 165); negative returns on every horizon (1Y/3Y/5Y); sharp 1-year fall (-48%),,28,0.73,,0.23,0.01,0.16,,0.97,0.0,1.0,0.0,0.0,,0.0,0.75,0.98,0.91,0.99,0.39,0.0,0.5,0.3,0.5,0.99,0.0,0.0,0.03,0.1,0.0,1.0,0.15,1.0,,-48.2,-48.2,-62.5,-38.8,-21.4,-7.7,1.9,0.5,-14.3,-3.0,
NSE:PAYTM,One 97 Communications Limited,Financial Services,Software - Infrastructure,Large,105886.0,1656.0,164.0,7.81,46.25488,,140.851,6.62,,,-6.3,-13.6,2.9,7.2,1.2,,1.1,33.3,-0.265,51.5,-67.9,,0.0,0.0,0.0,30.7,10.8,71560.7,24.569183549987073,,38.9,38.9,1.7,6.2,0.0,7.3,2.3,21.4,3Y CAGR 23.7%; 1Y return 44.2%; forward P/E 46.3 vs P/E 164.0; Beta -0.27,ROE 4y avg -6.3%; Revenue CAGR 1.2%; PE vs sector 7.81×,losses in more than one recent year; very expensive (P/E 164),widely held (no promoter) - promoter checks not applicable,20,0.0,,0.0,,0.27,,0.05,,1.0,0.0,0.0,,,0.0,,,1.0,0.08,0.0,1.0,0.3,0.5,,,1.0,0.97,,1.0,0.59,0.83,1.0,,44.2,44.2,126.4,50.5,88.9,23.7,150.9,25.9,,,5Y n/a: listed/data from 2021-11-18
NSE:STLTECH,Sterlite Technologies Limited,Telecommunication,Communication Equipment,Mid,49110.0,955.35,208.1,4.7,29.395384,,61.884,20.56,,,0.1,-6.2,15.7,4.3,-11.8,-26.5,85.6,1.6,1.573,50.7,-63.8,,0.0,44.51,0.06,132.6,0.0,20120.5,78.95484853088463,,38.0,38.0,4.8,3.4,0.4,4.8,3.3,21.4,3Y CAGR 82.0%; 1Y return 685.8%; 5Y CAGR 27.7%; forward P/E 29.4 vs P/E 208.1,ROE 4y avg 0.1%; Revenue CAGR -11.8%; Profit CAGR -26.5%,losses in more than one recent year; weak interest cover (1.6×); very expensive (P/E 208),,28,0.0,,0.0,0.58,0.27,,0.0,0.0,1.0,0.0,0.0,,0.0,0.09,0.62,0.18,0.17,0.09,0.0,0.77,0.3,0.5,0.81,0.81,1.0,1.0,1.0,1.0,0.2,1.0,1.0,,685.8,687.0,683.3,180.1,501.4,82.0,481.8,55.4,238.9,27.7,
NSE:SYNGENE,Syngene International Limited,Healthcare,Diagnostics & Research,Small,14452.0,359.05,65.4,1.26,33.686634,,16.142,2.98,,,10.5,6.5,3.9,6.1,5.4,-12.0,9.5,10.2,0.076,28.2,-61.7,0.35,22.8,52.59,-0.09,-19.3,47.1,3731.8,-24.114206622181843,28.4,36.9,36.9,6.7,5.0,8.0,10.8,4.4,2.0,Debt/Equity 9.50; forward P/E 33.7 vs P/E 65.4; Interest cover 10.2×; P/B 2.98,Profit CAGR -12.0%; Revenue CAGR 5.4%; 3Y CAGR -23.6%,"negative returns on every horizon (1Y/3Y/5Y); long-term wealth destroyer (3Y -23.6%/yr, 5Y -10.1%/yr); sharp 1-year fall (-43%)",,28,0.44,,0.33,0.03,0.22,,0.24,0.0,1.0,0.43,0.03,,0.6,0.89,0.98,1.0,1.0,0.63,0.0,0.47,0.39,1.0,0.96,0.78,0.0,0.0,0.0,0.0,0.09,0.21,1.0,,-42.8,-42.8,-60.3,-37.0,-55.4,-23.6,-35.2,-10.3,-41.3,-10.1,
NSE:UBL,United Breweries Limited,Fast Moving Consumer Goods,Beverages - Brewers,Small,31242.0,1181.6,78.9,1.89,43.555046,,45.392,6.91,,,9.2,7.7,6.4,4.2,6.6,10.8,29.1,9.3,-0.042,23.6,-47.6,0.84,66.8,70.83,0.0,-17.6,35.9,1585.3,-9.346322987405864,,36.9,36.9,6.2,9.7,2.2,11.4,4.5,2.8,Debt/Equity 29.1; forward P/E 43.6 vs P/E 78.9; Interest cover 9.30×; Beta -0.04,3Y CAGR -8.6%; PE vs sector 1.89×; ROE 4y avg 9.2%,"negative returns on every horizon (1Y/3Y/5Y); long-term wealth destroyer (3Y -8.6%/yr, 5Y -5.5%/yr)",,28,0.32,,0.39,0.18,0.14,,0.36,0.56,1.0,0.03,0.0,,0.0,0.5,0.94,0.98,1.0,0.75,0.22,0.66,0.51,0.86,1.0,0.8,0.01,0.02,0.07,0.0,0.11,0.4,1.0,,-33.9,-33.9,-45.0,-25.9,-23.7,-8.6,-28.8,-8.2,-24.6,-5.5,
NSE:UPL,UPL Limited,Chemicals,Agricultural Inputs,Mid,43684.0,516.8,21.2,0.58,10.970811,,8.409,1.26,,,4.0,-4.3,6.6,3.8,-1.2,-18.6,57.1,2.1,0.541,28.8,-35.2,1.16,24.6,33.51,0.01,-18.8,36.4,11149.9,-5.833703154052882,,36.4,36.4,1.7,3.4,14.5,9.3,4.2,3.3,PE vs sector 0.58×; Debt/Equity 57.1; forward P/E 11.0 vs P/E 21.2; P/B 1.26,ROE 4y avg 4.0%; Revenue CAGR -1.2%; Profit CAGR -18.6%,"negative returns on every horizon (1Y/3Y/5Y); long-term wealth destroyer (3Y -5.2%/yr, 5Y -6.2%/yr)",,28,0.0,,0.0,0.16,0.15,,0.0,0.0,1.0,0.97,0.74,,0.91,0.92,0.84,0.32,1.0,0.62,0.55,0.74,0.59,1.0,0.54,0.8,0.07,0.07,0.06,0.0,0.09,0.39,1.0,,-21.9,-21.9,-16.8,-8.8,-14.9,-5.2,-22.3,-6.1,-27.5,-6.2,
NSE:MFSL,Max Financial Services Limited,Financial Services,Insurance - Life,Mid,47787.0,1392.0,435.0,20.71,124.34522,,123.75,9.05,,,6.8,1.6,1.2,0.2,15.0,-39.5,36.5,4.2,0.707,28.9,-26.6,,0.0,1.25,-0.49,-13.8,26.4,12905.9,14.011694706688527,,35.9,35.9,2.0,9.5,0.0,10.6,2.0,11.7,Revenue CAGR 15.0%; 3Y CAGR 15.9%; forward P/E 124.3 vs P/E 435.0; Beta 0.71,Profit CAGR -39.5%; ROE 4y avg 6.8%; PE vs sector 20.7×,very expensive (P/E 435),,24,0.12,,0.08,,0.01,,0.9,0.0,1.0,0.0,0.0,,,0.0,,,0.95,0.61,0.72,0.76,0.3,0.5,0.0,0.7,0.11,0.82,0.36,0.91,0.2,0.52,1.0,,-14.2,-14.2,17.4,8.4,55.6,15.9,84.8,16.6,37.4,6.6,
NSE:POLICYBZR,PB Fintech Limited,Financial Services,Insurance Brokers,Mid,45286.0,980.0,60.6,2.89,30.133873,,68.695,6.19,,,1.7,-8.9,5.3,10.2,38.5,,4.9,20.1,0.397,48.4,-55.8,,0.0,0.0,0.0,-39.4,50.1,32254.1,8.94304462094906,,35.8,35.8,2.5,17.0,0.3,6.7,2.3,6.9,Revenue CAGR 38.5%; forward P/E 30.1 vs P/E 60.6; Beta 0.40; Turnover/day 32254.1 L,ROE 4y avg 1.7%; PE vs sector 2.89×; 1Y return -41.5%,sharp 1-year fall (-42%),widely held (no promoter) - promoter checks not applicable,20,0.0,,0.0,,0.4,,1.0,,1.0,0.0,0.07,,,0.0,,,1.0,0.12,0.06,0.75,0.3,0.5,,,0.0,0.44,,0.54,0.0,0.15,1.0,,-41.5,-41.5,-43.4,-24.8,28.9,8.8,109.0,20.3,,,5Y n/a: listed/data from 2021-11-15
NSE:DELHIVERY,Delhivery Limited,Services,Integrated Freight & Logistics,Small,29972.0,400.0,322.6,12.27,36.76616,,104.261,3.08,,,-2.6,-11.0,-1.6,0.8,13.2,,15.1,2.0,0.166,37.3,-49.2,,0.0,0.0,0.0,-10.3,23.7,14369.4,-2.7411173781143994,,35.4,35.4,0.9,14.7,2.6,8.6,2.3,6.4,Debt/Equity 15.1; forward P/E 36.8 vs P/E 322.6; Beta 0.17; Turnover/day 14369.4 L,ROE 4y avg -2.6%; PE vs sector 12.3×; 3Y CAGR -1.0%,losses in more than one recent year; very expensive (P/E 323); negative returns on every horizon (1Y/3Y/5Y),widely held (no promoter) - promoter checks not applicable,24,0.0,,0.0,0.08,0.09,,0.8,,1.0,0.0,0.0,,0.0,0.64,0.97,0.3,1.0,0.38,0.17,0.64,0.3,0.5,,,0.22,0.14,,0.04,0.34,0.55,1.0,,-7.9,-7.9,-4.6,-2.3,-3.0,-1.0,-29.5,-8.4,,,5Y n/a: listed/data from 2022-05-24
NSE:ATHERENERG,Ather Energy Limited,Automobile and Auto Components,Auto Manufacturers,Mid,55783.0,1406.1,,,498.71957,,-132.549,20.92,,,-130.0,-194.1,-5.9,-9.2,27.2,,25.8,-6.3,,47.7,-21.5,,0.0,39.58,-1.64,38.4,19.4,67962.0,,,35.0,51.9,0.3,17.0,5.1,7.7,2.8,19.1,Revenue CAGR 27.2%; 1Y return 139.5%; Debt/Equity 25.8; EV/EBITDA -132.5×,ROE 4y avg -130.0%; Operating margin -5.9%; Interest cover -6.30×,loss-making (no P/E); losses in more than one recent year; weak interest cover (-6.3×),,21,0.0,,0.0,0.03,0.03,,1.0,,,,0.0,,1.0,0.05,0.95,0.0,,0.12,0.82,0.8,0.3,0.5,0.69,0.46,1.0,,,,0.43,0.61,1.0,,139.5,139.6,,,,,,,,,2Y n/a: listed/data from 2025-05-06; 3Y n/a: listed/data from 2025-05-06; 4Y n/a: listed/data from 2025-05-06; 5Y n/a: listed/data from 2025-05-06
NSE:VEDPOWER,Vedanta Power Limited,Power,Utilities - Independent Power Producers,Micro,12786.0,32.75,,,,,,2.87,1.48,0.9,-0.5,-12.8,2.5,0.6,15.7,,,-2.2,,,,,0.0,56.38,0.0,-11.5,34.3,6945.9,,,35.0,39.1,1.7,15.5,3.8,2.1,3.5,12.5,Revenue CAGR 15.7%; Promoter holding 56.4%; Turnover/day 6945.9 L; Promoter change 1y 0.0 pts,ROE 4y avg -0.5%; Operating margin 2.5%; ROE latest 0.9%,loss-making (no P/E); losses in more than one recent year; weak interest cover (-2.2×),,18,0.0,0.0,0.0,0.03,0.06,0.4,0.91,,,,0.0,,,0.42,,0.0,,,,0.44,0.3,0.5,0.98,0.8,,,,,0.29,0.42,1.0,,,,,,,,,,,,1Y n/a: listed/data from 2026-06-15; 2Y n/a: listed/data from 2026-06-15; 3Y n/a: listed/data from 2026-06-15; 4Y n/a: listed/data from 2026-06-15; 5Y n/a: listed/data from 2026-06-15
NSE:RHIM,RHI MAGNESITA INDIA LIMITED,Capital Goods,Metal Fabrication,Micro,7983.0,386.6,,,21.780283,,13.824,2.24,,,-6.1,-16.1,8.7,-8.7,13.9,,12.6,-7.7,0.359,38.3,-58.3,0.65,30.1,56.07,0.0,-3.4,23.9,3454.0,-19.17519958755619,,35.0,41.8,1.6,14.2,9.6,6.7,4.6,5.0,Revenue CAGR 13.9%; Debt/Equity 12.6; P/B 2.24; Beta 0.36,ROE 4y avg -6.1%; 3Y CAGR -19.4%; 1Y return -13.8%,loss-making (no P/E); losses in more than one recent year; weak interest cover (-7.7×),,25,0.0,,0.0,0.27,0.01,,0.84,,,,0.0,,0.7,0.97,0.97,0.0,1.0,0.35,0.03,0.27,0.46,1.0,0.98,0.8,0.12,0.0,0.2,0.0,0.55,0.55,1.0,,-13.8,-13.8,-38.2,-21.4,-47.6,-19.4,-42.6,-13.0,8.0,1.5,
NSE:VISL,Vedanta Iron and Steel Limited,Metals & Mining,Steel,Micro,12122.0,31.0,,,,,,-4.18,,,32.8,24.8,9.9,64.2,,,,-0.2,,,,,0.0,56.38,0.0,-7.8,30.8,11565.2,,,35.0,63.2,20.3,,9.1,2.0,3.5,17.6,ROE 4y avg 32.8%; Net margin 64.2%; P/B -4.18; ROE worst year 24.8%,Interest cover -0.20×; Operating margin 9.9%; P/E,loss-making (no P/E); weak interest cover (-0.2×),,15,1.0,,1.0,0.38,1.0,,,,,,0.0,,,1.0,,0.0,,,,0.42,0.3,0.5,0.98,0.8,,,,,0.42,1.0,1.0,,,,,,,,,,,,1Y n/a: listed/data from 2026-06-15; 2Y n/a: listed/data from 2026-06-15; 3Y n/a: listed/data from 2026-06-15; 4Y n/a: listed/data from 2026-06-15; 5Y n/a: listed/data from 2026-06-15
NSE:MEESHO,Meesho Limited,Consumer Services,Internet Retail,Mid,101365.0,219.0,,,165.88898,,-69.648,23.07,,,-96.5,-272.7,-6.6,-8.7,30.1,,1.4,-133.9,,,,,0.0,16.41,-0.35,22.3,13.9,36559.6,,,35.0,54.5,0.8,17.0,5.4,8.9,2.0,20.4,"Revenue CAGR 30.1%; Debt/Equity 1.40; EV/EBITDA -69.6×; Size (market cap) 101,365 Cr",ROE 4y avg -96.5%; Operating margin -6.6%; Interest cover -133.9×,loss-making (no P/E); losses in more than one recent year; weak interest cover (-133.9×),,18,0.0,,0.0,0.09,0.07,,1.0,,,,0.0,,1.0,0.09,1.0,0.0,,,,1.0,0.3,0.5,0.03,0.73,,,,,0.91,0.75,1.0,,,,,,,,,,,,1Y n/a: listed/data from 2025-12-10; 2Y n/a: listed/data from 2025-12-10; 3Y n/a: listed/data from 2025-12-10; 4Y n/a: listed/data from 2025-12-10; 5Y n/a: listed/data from 2025-12-10
NSE:VOGL,Vedanta Oil and Gas Limited,Oil Gas & Consumable Fuels,Other Industrial Metals & Mining,Micro,12501.0,32.02,,,,,,-0.16,,,-302.0,-1355.4,8.9,420.8,161.8,,,1.5,,,,,0.0,56.38,0.0,-11.6,32.7,16619.2,,,35.0,52.9,7.2,17.0,9.1,3.4,3.5,12.6,Revenue CAGR 161.8%; Net margin 420.8%; P/B -0.16; Promoter holding 56.4%,ROE 4y avg -302.0%; Interest cover 1.50×; ROE worst year -1355.4%,loss-making (no P/E); losses in more than one recent year; weak interest cover (1.5×),,16,0.0,,0.0,0.41,1.0,,1.0,,,,0.0,,,1.0,,0.15,,,,0.43,0.3,0.5,0.98,0.8,,,,,0.29,0.44,1.0,,,,,,,,,,,,1Y n/a: listed/data from 2026-06-15; 2Y n/a: listed/data from 2026-06-15; 3Y n/a: listed/data from 2026-06-15; 4Y n/a: listed/data from 2026-06-15; 5Y n/a: listed/data from 2026-06-15
NSE:BHARATCOAL,Bharat Coking Coal Limited,Oil Gas & Consumable Fuels,Coking Coal,,,31.84,,,,,-9.063,2.57,,,17.1,2.2,-15.9,-0.9,3.4,-42.2,38.8,3.0,,,,,0.0,90.0,0.0,-9.8,29.4,2198.7,,,35.0,43.6,9.2,1.2,6.5,10.2,3.2,13.5,ROE 4y avg 17.1%; Debt/Equity 38.8; EV/EBITDA -9.06×; Turnover/day 2198.7 L,Profit CAGR -42.2%; Revenue CAGR 3.4%; Operating margin -15.9%,loss-making (no P/E),,18,0.88,,0.11,0.03,0.03,,0.14,0.0,,,0.0,,1.0,0.26,0.92,0.48,,,,,0.3,0.5,0.75,0.8,,,,,0.36,0.48,1.0,,,,,,,,,,,,1Y n/a: listed/data from 2026-01-19; 2Y n/a: listed/data from 2026-01-19; 3Y n/a: listed/data from 2026-01-19; 4Y n/a: listed/data from 2026-01-19; 5Y n/a: listed/data from 2026-01-19
NSE:INDIGO,InterGlobe Aviation Limited,Services,Airlines,Large,190623.0,4929.9,,,21.194593,,10.342,27.33,,,114.4,-34.3,1.5,-5.4,15.6,,1112.7,0.7,0.617,31.7,-35.9,0.19,12.0,41.57,-1.97,2.7,17.4,35445.9,26.368953011360684,,35.0,56.1,10.5,15.5,4.5,5.0,3.4,17.2,ROE 4y avg 114.4%; Revenue CAGR 15.6%; 3Y CAGR 26.8%; 5Y CAGR 20.1%,Debt/Equity 1112.7; Operating margin 1.5%; 1Y return -12.1%,loss-making (no P/E); losses in more than one recent year; high debt (D/E 1113); weak interest cover (0.7×),,25,1.0,,0.0,0.12,0.04,,0.91,,,,0.0,,0.84,0.07,0.0,0.0,0.99,0.54,0.53,1.0,0.35,0.8,0.74,0.38,0.15,1.0,0.9,1.0,0.74,0.67,1.0,,-12.1,-12.1,0.5,0.3,103.7,26.8,174.4,28.7,149.5,20.1,
NSE:TMPV,Tata Motors Passenger Vehicles Limited,Automobile and Auto Components,Auto Manufacturers,Mid,102903.0,279.4,,,5.879559,0.27,12.782,0.92,,,34.9,5.3,2.7,22.8,-0.9,224.4,70.4,0.4,0.778,37.5,-75.5,1.07,56.4,42.51,-0.06,-18.8,62.2,26757.5,-22.917612218400073,,35.0,47.1,15.5,6.4,11.7,6.8,4.5,2.3,ROE 4y avg 34.9%; PEG 0.27; P/B 0.92; Net margin 22.8%,Revenue CAGR -0.9%; 3Y CAGR -23.4%; 1Y return -61.1%,loss-making (no P/E); weak interest cover (0.4×); negative returns on every horizon (1Y/3Y/5Y); sharp 1-year fall (-61%),,27,1.0,,0.27,0.04,0.98,,0.0,0.75,,,0.0,1.0,0.74,1.0,0.74,0.0,0.91,0.38,0.0,1.0,0.57,1.0,0.76,0.79,0.0,0.0,0.1,0.0,0.09,0.06,1.0,,-61.1,-61.1,-71.1,-46.2,-55.0,-23.4,-29.7,-8.5,-16.2,-3.5,
NSE:INDUSINDBK,IndusInd Bank Limited,Financial Services,Banks - Regional,Mid,69098.0,886.85,52.3,2.49,11.241585,0.72,,1.05,,,8.3,1.4,27.3,7.6,-0.4,-50.7,,,0.491,33.6,-61.9,0.17,8.8,15.82,0.0,-4.1,17.7,17547.1,-14.913582697699878,29.4,35.0,35.0,5.2,3.4,7.7,8.2,2.5,8.1,1Y return 19.3%; forward P/E 11.2 vs P/E 52.3; P/B 1.05; PEG 0.72,Revenue CAGR -0.4%; Profit CAGR -50.7%; ROE 4y avg 8.3%,,,25,0.23,,0.07,,0.3,,0.0,0.0,1.0,0.0,0.13,0.93,,1.0,,,1.0,0.49,0.0,0.86,0.34,0.72,0.02,0.8,0.83,0.0,0.09,0.0,0.53,0.66,1.0,,19.3,19.4,-37.1,-20.7,-38.2,-14.9,-23.3,-6.4,-19.7,-4.3,
NSE:ONESOURCE,Onesource Specialty Pharma Limited,Healthcare,Biotechnology,Small,17201.0,1500.0,,,19.86755,,54.437,2.96,,,-50.6,-101.8,11.5,-3.2,232.4,,25.8,0.2,,43.8,-49.3,,0.0,30.48,0.69,-4.4,22.1,4537.8,,,35.0,42.5,1.9,17.0,5.8,6.0,2.8,8.9,Revenue CAGR 232.4%; Debt/Equity 25.8; P/B 2.96; Turnover/day 4537.8 L,ROE 4y avg -50.6%; 1Y return -15.6%; Interest cover 0.20×,loss-making (no P/E); losses in more than one recent year; weak interest cover (0.2×),,21,0.0,,0.0,0.3,0.02,,1.0,,,,0.0,,0.0,0.91,0.95,0.0,,0.19,0.17,0.5,0.3,0.5,0.46,0.94,0.1,,,,0.52,0.57,1.0,,-15.6,-15.6,,,,,,,,,2Y n/a: listed/data from 2025-01-24; 3Y n/a: listed/data from 2025-01-24; 4Y n/a: listed/data from 2025-01-24; 5Y n/a: listed/data from 2025-01-24
NSE:SWIGGY,Swiggy Limited,Consumer Services,Internet Retail,Mid,62356.0,238.0,,,-42.38994,,-15.637,3.39,,,-32.4,-46.1,-13.9,-15.0,41.0,,13.9,-19.8,,44.3,-60.2,,0.0,0.0,0.0,-16.7,48.3,52803.5,,,35.0,41.2,0.5,17.0,10.4,6.4,2.3,4.7,Revenue CAGR 41.0%; Debt/Equity 13.9; P/B 3.39; EV/EBITDA -15.6×,ROE 4y avg -32.4%; 1Y return -43.0%; Operating margin -13.9%,loss-making (no P/E); losses in more than one recent year; weak interest cover (-19.8×); sharp 1-year fall (-43%),widely held (no promoter) - promoter checks not applicable,19,0.0,,0.0,0.04,0.04,,1.0,,,,0.0,,1.0,0.87,0.97,0.0,,0.17,0.0,0.83,0.3,0.5,,,0.0,,,,0.12,0.18,1.0,,-43.0,-43.1,,,,,,,,,2Y n/a: listed/data from 2024-11-13; 3Y n/a: listed/data from 2024-11-13; 4Y n/a: listed/data from 2024-11-13; 5Y n/a: listed/data from 2024-11-13
NSE:PPLPHARMA,Piramal Pharma Limited,Healthcare,Drug Manufacturers - Specialty & Generic,Small,26275.0,198.3,,,48.686474,,34.113,3.22,,,-1.3,-4.0,-1.2,-3.4,7.6,,70.0,0.5,0.335,40.0,-54.6,0.08,15.1,34.8,-0.06,14.3,14.5,11867.4,24.71937044791124,,35.0,41.5,0.2,7.8,5.5,6.3,3.5,18.3,3Y CAGR 24.8%; P/B 3.22; Beta 0.34; Beat Nifty 500 (3Y) 24.8%,ROE 4y avg -1.3%; Operating margin -1.2%; Interest cover 0.50×,loss-making (no P/E); losses in more than one recent year; weak interest cover (0.5×),,24,0.0,,0.0,0.02,0.01,,0.46,,,,0.0,,0.02,0.84,0.74,0.0,1.0,0.3,0.08,0.6,0.32,0.88,0.57,0.79,0.34,1.0,,1.0,1.0,0.74,1.0,,-0.5,-0.5,-13.5,-7.0,94.0,24.8,,,,,4Y n/a: listed/data from 2022-10-19; 5Y n/a: listed/data from 2022-10-19
NSE:FIRSTCRY,Brainbees Solutions Limited,Consumer Services,Internet Retail,Micro,8433.0,173.8,,,51.545475,,90.754,1.73,,,-7.1,-12.8,-1.6,-1.4,16.5,,29.8,-0.1,0.409,48.0,-76.6,,0.0,0.0,0.0,-23.1,55.4,6453.4,,,35.0,35.7,1.1,15.8,6.4,6.2,2.3,4.0,Revenue CAGR 16.5%; Debt/Equity 29.8; P/B 1.73; Beta 0.41,ROE 4y avg -7.1%; 1Y return -52.8%; Operating margin -1.6%,loss-making (no P/E); losses in more than one recent year; weak interest cover (-0.1×); sharp 1-year fall (-53%),widely held (no promoter) - promoter checks not applicable,20,0.0,,0.0,0.11,0.09,,0.93,,,,0.0,,0.0,1.0,0.94,0.0,1.0,0.12,0.0,0.29,0.3,0.5,,,0.0,,,,0.03,0.11,1.0,,-52.8,-52.8,-73.0,-48.0,,,,,,,3Y n/a: listed/data from 2024-08-13; 4Y n/a: listed/data from 2024-08-13; 5Y n/a: listed/data from 2024-08-13
NSE:URBANCO,Urban Company Limited,Consumer Services,Software - Application,Small,22972.0,156.0,,,-177.91565,,-68.9,11.22,,,-7.0,-23.3,-20.5,-19.4,34.7,,6.3,-13.6,,45.0,-44.8,,0.0,19.02,-1.41,16.5,15.2,14173.8,,,35.0,45.4,0.2,17.0,6.7,6.5,1.9,13.0,Revenue CAGR 34.7%; Debt/Equity 6.30; EV/EBITDA -68.9×; Price vs 200-DMA 16.5%,ROE 4y avg -7.0%; Operating margin -20.5%; Interest cover -13.6×,loss-making (no P/E); losses in more than one recent year; weak interest cover (-13.6×),,21,0.0,,0.0,0.02,0.02,,1.0,,,,0.0,,1.0,0.3,0.99,0.0,,0.15,0.31,0.56,0.3,0.5,0.08,0.51,0.21,,,,1.0,0.72,1.0,,-8.1,-8.1,,,,,,,,,2Y n/a: listed/data from 2025-09-17; 3Y n/a: listed/data from 2025-09-17; 4Y n/a: listed/data from 2025-09-17; 5Y n/a: listed/data from 2025-09-17
NSE:CROMPTON,Crompton Greaves Consumer Electricals Limited,Consumer Durables,"Furnishings, Fixtures & Appliances",Small,13052.0,202.7,,,18.08636,,16.055,4.4,,,10.1,-8.2,8.0,-2.7,5.6,,5.8,-2.6,0.333,29.2,-56.6,1.48,41.9,0.0,0.0,-20.0,34.7,6698.1,-11.71990075115793,,34.9,34.9,6.8,4.4,8.9,7.5,4.8,2.4,Debt/Equity 5.80; P/B 4.40; Beta 0.33; Payout ratio 41.9%,3Y CAGR -12.7%; Revenue CAGR 5.6%; 5Y CAGR -16.1%,"loss-making (no P/E); weak interest cover (-2.6×); negative returns on every horizon (1Y/3Y/5Y); long-term wealth destroyer (3Y -12.7%/yr, 5Y -16.1%/yr)",widely held (no promoter) - promoter checks not applicable,23,0.41,,0.0,0.46,0.03,,0.26,,,,0.0,,0.61,0.94,0.99,0.0,1.0,0.6,0.05,0.45,0.66,1.0,,,0.02,0.0,0.0,0.0,0.07,0.42,1.0,,-30.8,-30.9,-53.1,-31.5,-33.4,-12.7,-49.5,-15.7,-58.5,-16.1,
NSE:ZEEL,Zee Entertainment Enterprises Limited,Media Entertainment & Publication,Broadcasting,Micro,6914.0,71.98,34.1,0.89,,,,0.58,,,2.5,0.4,,,0.0,78.8,2.3,11.0,,47.3,-75.8,2.78,,3.99,0.0,,39.2,19037.2,-34.73481120656249,,34.3,34.3,0.1,6.4,12.8,9.1,3.7,2.2,Debt/Equity 2.30; PE vs sector 0.89×; P/B 0.58; Interest cover 11.0×,ROE 4y avg 2.5%; Revenue CAGR 0.0%; 3Y CAGR -35.2%,"negative returns on every horizon (1Y/3Y/5Y); long-term wealth destroyer (3Y -35.2%/yr, 5Y -24.6%/yr); sharp 1-year fall (-37%)",,21,0.0,,0.02,,,,0.0,0.75,,0.81,0.51,,,1.0,1.0,1.0,,0.13,0.0,0.24,0.95,,0.0,0.8,0.0,0.0,0.0,0.0,,0.36,1.0,,-37.0,-37.0,-48.7,-28.4,-72.7,-35.2,-71.5,-27.0,-75.7,-24.6,
NSE:DEVYANI,Devyani International Limited,Consumer Services,Restaurants,Small,15683.0,127.2,,,123.36101,,31.734,10.17,,,7.5,-2.5,4.7,-0.5,23.3,,203.3,0.8,0.348,37.1,-57.4,,0.0,61.36,-1.26,4.4,25.1,5280.4,-15.563122664324315,,34.2,34.2,3.0,17.0,2.5,3.1,3.3,5.2,Revenue CAGR 23.3%; Beta 0.35; Promoter holding 61.4%; Price vs 200-DMA 4.4%,ROE 4y avg 7.5%; 3Y CAGR -16.6%; Debt/Equity 203.3,loss-making (no P/E); high debt (D/E 203); weak interest cover (0.8×),,25,0.17,,0.0,0.15,0.11,,1.0,,,,0.0,,0.07,0.35,0.0,0.0,1.0,0.39,0.04,0.48,0.3,0.5,1.0,0.54,0.04,0.0,0.21,0.0,0.8,0.54,1.0,,-26.0,-26.0,-34.1,-18.9,-41.9,-16.6,-34.0,-9.9,9.7,1.9,
NSE:NIACL,The New India Assurance Company Limited,Financial Services,Insurance - Diversified,Small,26412.0,160.27,34.4,1.64,8.28697,,7.848,0.69,,,4.1,3.6,-1.7,1.5,6.9,10.5,,18.6,1.111,47.4,-60.6,0.94,38.5,85.44,0.0,-1.7,33.9,9330.7,6.998748056507953,,32.4,32.4,1.2,9.7,5.1,4.9,4.5,7.0,forward P/E 8.3 vs P/E 34.4; Payout ratio 38.5%; Promoter holding 85.4%; Turnover/day 9330.7 L,ROE 4y avg 4.1%; PE vs sector 1.64×; Revenue CAGR 6.9%,,,24,0.0,,0.18,,0.05,,0.39,0.54,1.0,0.11,0.51,,,0.49,,,0.67,0.13,0.0,0.6,0.54,1.0,0.83,0.8,0.1,0.3,0.15,0.33,0.6,0.43,1.0,,-15.9,-15.9,-30.9,-16.9,14.9,4.8,85.6,16.8,-1.1,-0.2,
NSE:SAMMAANCAP,Sammaan Capital Limited,Financial Services,Mortgage Finance,Small,15232.0,132.6,,,,,,0.57,,,-8.3,-37.6,53.0,0.0,21.0,,273.0,-5.7,0.587,47.2,-49.8,,0.0,28.34,28.34,-13.3,31.3,9201.9,-7.517656157869823,,32.3,32.3,0.0,17.0,3.1,6.2,2.7,3.3,Revenue CAGR 21.0%; Beta 0.59; Turnover/day 9201.9 L; Promoter change 1y 28.3 pts,ROE 4y avg -8.3%; 3Y CAGR -6.7%; 5Y CAGR -8.7%,"loss-making (no P/E); losses in more than one recent year; negative returns on every horizon (1Y/3Y/5Y); long-term wealth destroyer (3Y -6.7%/yr, 5Y -8.7%/yr)",,21,0.0,,0.0,,0.01,,1.0,,,,0.0,,,0.34,,,1.0,0.13,0.16,0.48,0.3,0.5,0.37,1.0,0.07,0.05,0.02,0.0,0.22,0.46,1.0,,-21.9,-21.9,-18.3,-9.6,-18.8,-6.7,26.4,6.0,-36.6,-8.7,
NSE:INDIACEM,The India Cements Limited,Construction Materials,Building Materials,Small,13713.0,295.0,99.0,2.93,17.559525,,22.358,0.9,,,-2.1,-4.1,8.2,2.1,-7.3,,12.9,0.3,0.22,40.3,-38.3,,0.0,75.0,-6.49,-25.3,39.3,710.4,5.612444967339458,,31.5,31.5,2.4,5.7,5.0,7.7,2.9,7.8,Debt/Equity 12.9; forward P/E 17.6 vs P/E 99.0; P/B 0.90; Beta 0.22,ROE 4y avg -2.1%; Revenue CAGR -7.3%; PE vs sector 2.93×,losses in more than one recent year; weak interest cover (0.3×); very expensive (P/E 99),,27,0.0,,0.0,0.34,0.09,,0.0,,1.0,0.0,0.0,,0.33,1.0,0.97,0.0,1.0,0.29,0.48,0.46,0.3,0.5,1.0,0.0,0.05,0.42,0.4,0.51,0.0,0.36,1.0,,-24.6,-24.6,-19.0,-10.0,26.8,8.3,16.4,3.9,47.0,8.0,
NSE:AFCONS,Afcons Infrastructure Limited,Construction,Engineering & Construction,Micro,8900.0,242.0,62.1,2.56,16.513767,,11.317,1.63,,,9.8,4.6,6.3,1.3,-1.8,-15.1,66.5,1.7,,34.8,-55.0,0.83,64.1,50.17,0.0,-21.5,49.5,4591.4,,,29.3,29.3,5.9,3.4,5.3,5.9,4.5,4.2,forward P/E 16.5 vs P/E 62.1; Promoter holding 50.2%; Payout ratio 64.1%; Turnover/day 4591.4 L,Revenue CAGR -1.8%; Profit CAGR -15.1%; PE vs sector 2.56×,weak interest cover (1.7×); sharp 1-year fall (-47%),,24,0.38,,0.23,0.18,0.06,,0.0,0.0,1.0,0.0,0.06,,0.8,0.69,0.77,0.21,,0.46,0.07,0.31,0.51,0.92,0.95,0.8,0.0,,,,0.05,0.16,1.0,,-46.6,-46.7,,,,,,,,,2Y n/a: listed/data from 2024-11-04; 3Y n/a: listed/data from 2024-11-04; 4Y n/a: listed/data from 2024-11-04; 5Y n/a: listed/data from 2024-11-04
NSE:NSLNISP,NMDC Steel Limited,Metals & Mining,Steel,Micro,11948.0,40.77,145.6,7.83,,,9.493,0.91,,,-6.9,-18.1,4.3,0.6,,,35.0,1.2,0.69,42.5,-53.4,,0.0,60.79,0.0,-3.7,24.1,2683.7,-9.508857942962711,,27.4,27.4,0.5,,6.4,6.8,3.5,5.5,Debt/Equity 35.0; P/B 0.91; EV/EBITDA 9.49×; Promoter holding 60.8%,ROE 4y avg -6.9%; PE vs sector 7.83×; 3Y CAGR -6.9%,losses in more than one recent year; weak interest cover (1.2×); very expensive (P/E 146); negative returns on every horizon (1Y/3Y/5Y),,24,0.0,,0.0,0.05,0.04,,,,,0.0,0.0,,0.87,0.95,0.93,0.06,0.96,0.22,0.1,0.41,0.3,0.5,1.0,0.8,0.12,0.05,,0.0,0.54,0.55,1.0,,-13.5,-13.5,-24.4,-13.1,-19.2,-6.9,,,,,4Y n/a: listed/data from 2023-02-20; 5Y n/a: listed/data from 2023-02-20
NSE:FACT,Fertilizers and Chemicals Travancore Limited,Chemicals,Agricultural Inputs,Mid,47764.0,738.15,,,,,2450.677,34.55,,,14.4,-2.9,-2.9,-1.8,-0.0,,295.1,0.8,0.194,56.3,-48.4,0.05,88.6,90.0,0.0,-11.4,30.3,5291.9,12.609769403291192,,27.3,27.3,7.6,0.0,0.2,3.3,3.1,13.0,5Y CAGR 42.3%; Beta 0.19; Turnover/day 5291.9 L; Promoter change 1y 0.0 pts,Revenue CAGR -0.0%; Debt/Equity 295.1; Operating margin -2.9%,loss-making (no P/E); high debt (D/E 295); weak interest cover (0.8×),,25,0.75,,0.0,0.04,0.04,,0.0,,,,0.0,,0.0,0.04,0.0,0.0,1.0,0.04,0.2,0.76,0.31,0.43,0.75,0.8,0.09,0.57,1.0,0.69,0.29,0.47,1.0,,-17.1,-17.1,-24.5,-13.1,38.1,11.4,575.2,61.3,483.1,42.3,
NSE:TEJASNET,Tejas Networks Limited,Telecommunication,Communication Equipment,Micro,8308.0,467.0,,,,,-13.637,2.83,,,-4.7,-31.0,-48.4,-70.4,6.1,,142.5,-3.8,-0.076,50.5,-79.5,0.42,0.0,53.33,-0.4,-0.9,27.6,13712.3,-18.5674715021528,,26.4,26.4,0.5,5.3,9.5,3.1,3.7,4.5,EV/EBITDA -13.6×; Beta -0.08; Promoter holding 53.3%; Turnover/day 13712.3 L,ROE 4y avg -4.7%; 3Y CAGR -19.6%; Revenue CAGR 6.1%,loss-making (no P/E); losses in more than one recent year; weak interest cover (-3.8×); negative returns on every horizon (1Y/3Y/5Y),,25,0.0,,0.0,0.05,0.05,,0.31,,,,0.0,,1.0,0.73,0.2,0.0,1.0,0.09,0.0,0.29,0.41,0.5,0.97,0.72,0.07,0.0,0.12,0.0,0.62,0.51,1.0,,-20.2,-20.2,-60.7,-37.4,-47.9,-19.6,-32.0,-9.2,-10.2,-2.1,
NSE:RPOWER,Reliance Power Limited,Power,Utilities - Independent Power Producers,Micro,8032.0,19.42,,,4.3059864,,8.36,0.5,,,-1.5,-17.8,18.2,-4.1,0.8,,92.3,0.9,0.827,54.2,-72.8,,0.0,24.98,0.0,-24.6,61.7,3901.8,1.1533141949440884,,25.9,25.9,3.2,0.5,10.8,4.3,2.3,4.7,P/B 0.50; EV/EBITDA 8.36×; Beta 0.83; Turnover/day 3901.8 L,ROE 4y avg -1.5%; Revenue CAGR 0.8%; 3Y CAGR 0.3%,loss-making (no P/E); losses in more than one recent year; weak interest cover (0.9×); sharp 1-year fall (-58%),,25,0.0,,0.0,0.52,0.03,,0.03,,,,0.0,,0.91,1.0,0.56,0.0,0.89,0.06,0.0,0.28,0.3,0.5,0.2,0.8,0.0,0.16,0.38,0.11,0.01,0.06,1.0,,-57.5,-57.6,-62.0,-38.4,0.8,0.3,18.0,4.2,42.7,7.4,
NSE:OLAELEC,Ola Electric Mobility Limited,Automobile and Auto Components,Auto Manufacturers,Small,16389.0,37.09,,,-12.401613,,-22.885,4.9,,,-60.0,-78.5,-64.2,-92.6,-7.5,,82.5,-4.1,1.366,63.7,-84.4,,0.0,32.97,-3.81,3.5,36.0,25438.4,,,23.7,23.7,0.1,0.0,8.8,4.0,2.3,8.5,EV/EBITDA -22.9×; Turnover/day 25438.4 L,ROE 4y avg -60.0%; Revenue CAGR -7.5%; 1Y return -33.6%,loss-making (no P/E); losses in more than one recent year; weak interest cover (-4.1×),,22,0.0,,0.0,0.01,0.01,,0.0,,,,0.0,,1.0,0.62,0.64,0.0,0.37,0.0,0.0,0.49,0.3,0.5,0.52,0.09,0.01,,,,0.77,0.4,1.0,,-33.6,-33.6,-63.9,-39.9,,,,,,,3Y n/a: listed/data from 2024-08-09; 4Y n/a: listed/data from 2024-08-09; 5Y n/a: listed/data from 2024-08-09
NSE:ABREL,Aditya Birla Real Estate Limited,Realty,Real Estate Services,Micro,12235.0,1106.5,,,18.932476,,-42.202,3.31,,,0.3,-4.2,-38.5,-25.4,-52.6,,152.4,-6.4,0.417,41.3,-64.1,0.23,40.2,50.21,0.0,-17.6,42.2,1953.4,1.2184273858861783,,23.1,23.1,0.8,0.0,10.0,3.4,4.3,4.6,P/B 3.31; EV/EBITDA -42.2×; Beta 0.42; Payout ratio 40.2%,ROE 4y avg 0.3%; Revenue CAGR -52.6%; 3Y CAGR -0.4%,loss-making (no P/E); losses in more than one recent year; high debt (D/E 152); weak interest cover (-6.4×),,25,0.0,,0.0,0.09,0.05,,0.0,,,,0.0,,1.0,0.82,0.14,0.0,1.0,0.26,0.0,0.42,0.36,1.0,0.95,0.8,0.01,0.14,0.27,0.07,0.11,0.31,1.0,,-33.2,-33.2,-61.9,-38.3,-1.2,-0.4,37.5,8.3,20.1,3.7,
NSE:TATACHEM,Tata Chemicals Limited,Chemicals,Chemicals,Small,15501.0,608.45,,,19.568405,,15.283,0.73,,,1.3,-8.9,5.1,-14.3,-4.8,,36.1,-1.9,0.576,33.7,-54.5,1.81,173.0,37.98,0.0,-13.3,35.6,9587.0,-16.17534687895589,,23.1,23.1,0.5,0.0,9.5,7.2,3.2,2.7,Debt/Equity 36.1; P/B 0.73; Beta 0.58; Turnover/day 9587.0 L,ROE 4y avg 1.3%; Revenue CAGR -4.8%; 3Y CAGR -16.0%,"loss-making (no P/E); weak interest cover (-1.9×); negative returns on every horizon (1Y/3Y/5Y); long-term wealth destroyer (3Y -16.0%/yr, 5Y -7.8%/yr)",,25,0.0,,0.0,0.06,0.02,,0.0,,,,0.0,,0.64,1.0,0.93,0.0,1.0,0.48,0.08,0.48,0.73,0.0,0.65,0.8,0.01,0.0,0.03,0.0,0.22,0.4,1.0,,-33.8,-33.8,-46.3,-26.8,-40.7,-16.0,-44.4,-13.7,-33.3,-7.8,
NSE:TTML,Tata Teleservices (Maharashtra) Limited,Telecommunication,Telecom Services,Micro,6701.0,34.28,180.4,4.08,,1.37,46.756,-0.34,,,5.0,1.1,43.6,3.2,1.5,,,0.8,0.434,52.8,-70.9,,0.0,74.36,0.0,-16.8,42.9,1397.5,-30.686992315711905,,22.5,22.5,6.9,1.0,5.1,3.0,3.5,2.8,Operating margin 43.6%; P/B -0.34; Beta 0.43; Promoter holding 74.4%,ROE 4y avg 5.0%; Revenue CAGR 1.5%; PE vs sector 4.08×,losses in more than one recent year; weak interest cover (0.8×); very expensive (P/E 180); negative returns on every horizon (1Y/3Y/5Y); sharp 1-year fall (-37%),,26,0.0,,0.06,1.0,0.15,,0.06,,,0.0,0.0,0.68,0.0,0.91,,0.0,1.0,0.07,0.0,0.23,0.3,0.5,1.0,0.8,0.0,0.0,0.13,0.0,0.12,0.29,1.0,,-36.9,-36.9,-59.1,-36.0,-64.9,-29.5,-66.1,-23.7,-6.1,-1.3,
