Sector index,Rank,Symbol,Company,Sector,Industry,Cap Class,Market Cap (Cr),Price,P/E,PE vs sector,Forward P/E,PEG,EV/EBITDA,P/B,FCF Yield %,ROE % (latest),ROE % (avg 4y),ROE % (worst yr),Operating Margin,Net Margin,Revenue CAGR %,Profit CAGR %,Debt/Equity,Interest Cover,Beta,Volatility %,Max Drawdown 3y %,Dividend Yield %,Payout Ratio,Promoter %,Promoter chg 1y (pp),Price vs 200DMA %,% Below 52W High,Turnover (Lakh/day),3-5y CAGR %,Score v2 (portfolio screen),Score v3,Score v3 (before caps),Quality (28),Growth (20),Valuation (20),Safety (17),Shareholder (8),Trend (7),Strengths,Weaknesses,Red flags,Notes,Params used,pt: ROE 4y avg,pt: ROE latest,pt: ROE worst year,pt: Operating margin,pt: Net margin,pt: FCF yield,pt: Revenue CAGR,pt: Profit CAGR,pt: Forward vs trailing P/E,pt: PE vs sector,pt: P/E,pt: PEG,pt: EV/EBITDA,pt: P/B,pt: Debt/Equity,pt: Interest cover,pt: Beta,pt: Volatility,pt: Max drawdown 3y,pt: Size (market cap),pt: Dividend yield,pt: Payout ratio,pt: Promoter holding,pt: Promoter change 1y,pt: Price vs 200-DMA,pt: % below 52W high,pt: Turnover/day,pt: 3-5y CAGR,In your lists,1Y %,1Y CAGR %,3Y %,3Y CAGR %,5Y %,5Y CAGR %,Returns note,Members,Members scored,Membership source,Not scored (outside Nifty 500 data),Why this rank
NIFTY AUTO,1,NSE:BAJAJ-AUTO,Bajaj Auto Limited,Automobile and Auto Components,Auto Manufacturers,Large,276040.0,10045.0,23.9,0.67,21.139362,1.31,17.627,7.23,,,23.9,20.6,21.5,16.3,19.5,21.0,56.4,12.9,0.635,24.5,-42.3,1.49,35.7,55.01,-0.03,-1.9,19.4,33420.5,29.52489297509149,58.0,87.4,87.4,27.0,19.1,13.9,14.4,6.7,6.2,ROE 4y avg 23.9%; Revenue CAGR 19.5%; Profit CAGR 21.0%; PE vs sector 0.67×,Max drawdown 3y -42.3%,,,26,1.0,,1.0,0.92,0.93,,0.99,0.96,0.89,0.94,0.68,0.71,0.54,0.43,0.85,1.0,0.98,0.73,0.38,1.0,0.66,1.0,0.98,0.79,0.59,0.99,1.0,1.0,,16.4,16.5,100.2,26.1,160.7,21.1,,15,15,NSE constituent file,,"#1, 2.1 pts ahead of HEROMOTOCO — leads on Quality +3.6, Growth +1.6"
NIFTY AUTO,2,NSE:HEROMOTOCO,Hero MotoCorp Limited,Automobile and Auto Components,Auto Manufacturers,Mid,103433.0,5168.0,19.0,0.54,15.87117,,12.812,4.78,,,21.8,16.9,11.6,10.7,11.7,26.9,3.6,96.0,0.468,25.8,-42.2,3.58,64.3,34.73,-0.01,-2.7,19.1,33016.1,24.073144497159447,58.2,85.3,85.3,23.4,17.5,16.4,15.1,6.8,6.1,ROE 4y avg 21.8%; Profit CAGR 26.9%; PE vs sector 0.54×; Debt/Equity 3.60,Max drawdown 3y -42.2%,,,25,1.0,,1.0,0.57,0.71,,0.71,1.0,0.95,0.99,0.8,,0.74,0.65,0.99,1.0,1.0,0.7,0.38,1.0,1.0,0.91,0.57,0.8,0.57,0.98,1.0,0.99,,-4.9,-4.9,71.4,19.7,81.5,12.7,,15,15,NSE constituent file,,"-2.1 vs #1 BAJAJ-AUTO — behind on Quality 3.6, Growth 1.6"
NIFTY AUTO,3,NSE:EICHERMOT,Eicher Motors Limited,Automobile and Auto Components,Auto Manufacturers,Large,189969.0,6920.0,32.9,0.93,25.385378,,31.943,7.56,,,21.5,19.4,19.8,23.2,17.5,23.7,2.0,100.3,0.224,26.2,-19.6,1.18,33.3,49.02,-0.05,-6.5,15.9,32272.9,28.422755839115577,59.6,84.6,84.6,27.1,19.5,9.7,16.1,6.4,5.8,ROE 4y avg 21.5%; Profit CAGR 23.7%; Revenue CAGR 17.5%; Debt/Equity 2.00,EV/EBITDA 31.9×; P/B 7.56,,,25,1.0,,1.0,0.88,0.99,,0.95,0.99,1.0,0.77,0.53,,0.06,0.35,1.0,1.0,1.0,0.68,0.86,1.0,0.59,1.0,0.93,0.79,0.46,0.92,1.0,1.0,,-1.4,-1.4,106.5,27.4,149.6,20.1,,15,15,NSE constituent file,,-0.7 vs #2 HEROMOTOCO — behind on Valuation 6.7
NIFTY AUTO,4,NSE:M&M,Mahindra & Mahindra Limited,Automobile and Auto Components,Auto Manufacturers,Large,343418.0,2860.0,17.4,0.49,18.154314,1.26,10.554,3.43,,,17.6,16.8,17.0,8.6,17.5,18.5,125.3,3.7,0.28,28.0,-24.0,1.15,20.1,18.45,0.01,-12.2,25.5,63313.5,23.288677933039192,54.4,77.8,77.8,23.3,16.4,17.0,10.9,4.7,5.5,Revenue CAGR 17.5%; Profit CAGR 18.5%; ROE 4y avg 17.6%; PE vs sector 0.49×,Debt/Equity 125.3; forward P/E 18.2 vs P/E 17.4; Promoter holding 18.4%,,,26,0.9,,1.0,0.8,0.6,,0.95,0.94,0.33,1.0,0.84,0.73,0.83,0.78,0.32,0.61,1.0,0.64,0.77,1.0,0.58,1.0,0.07,0.8,0.26,1.0,1.0,0.97,,-17.4,-17.4,86.0,23.0,245.5,28.1,,15,15,NSE constituent file,,"-6.8 vs #3 EICHERMOT — behind on Safety 5.2, Quality 3.8"
NIFTY AUTO,5,NSE:MARUTI,Maruti Suzuki India Limited,Automobile and Auto Components,Auto Manufacturers,Large,357979.0,11386.0,25.0,0.7,18.793056,0.77,16.054,3.34,,,13.9,11.1,4.8,7.3,15.9,21.1,0.1,81.1,0.228,23.4,-33.5,1.23,29.6,58.65,0.37,-17.6,34.5,44420.8,3.8189651307481753,53.1,75.0,75.0,14.3,19.0,16.2,15.7,6.7,3.1,Profit CAGR 21.1%; Revenue CAGR 15.9%; PE vs sector 0.70×; Debt/Equity 0.10,Operating margin 4.8%; Price vs 200-DMA -17.6%; 3-5y CAGR 3.8%,,,26,0.71,,0.71,0.08,0.5,,0.92,0.96,1.0,0.93,0.65,0.92,0.61,0.8,1.0,1.0,1.0,0.76,0.58,1.0,0.6,1.0,0.99,0.87,0.11,0.42,1.0,0.14,,-28.7,-28.7,10.0,3.2,59.0,9.7,,15,15,NSE constituent file,,"-2.8 vs #4 M&M — behind on Quality 9.0, Trend 2.4"
NIFTY AUTO,6,NSE:BOSCHLTD,Bosch Limited,Automobile and Auto Components,Auto Parts,Large,134148.0,45480.0,56.8,1.6,40.433975,,45.69,9.04,,,16.7,13.0,12.4,11.3,10.3,24.8,0.8,211.5,0.673,26.0,-32.5,0.59,63.9,70.54,0.0,16.8,9.0,15516.9,34.82831398711272,,69.5,69.5,21.8,17.0,2.5,15.5,6.0,6.7,Profit CAGR 24.8%; ROE 4y avg 16.7%; Debt/Equity 0.80; forward P/E 40.4 vs P/E 56.8,PE vs sector 1.60×; EV/EBITDA 45.7×; P/B 9.04,,,25,0.87,,0.87,0.6,0.75,,0.63,1.0,1.0,0.12,0.1,,0.0,0.25,1.0,1.0,0.96,0.69,0.6,1.0,0.45,0.92,1.0,0.8,1.0,0.81,1.0,1.0,,18.7,18.7,142.4,34.4,194.4,24.1,,15,15,NSE constituent file,,"-5.5 vs #5 MARUTI — behind on Valuation 13.7, Growth 2.0"
NIFTY AUTO,7,NSE:SONACOMS,Sona BLW Precision Forgings Limited,Automobile and Auto Components,Auto Parts,Mid,50242.0,805.0,71.9,2.03,47.720474,,44.5,8.37,,,14.6,10.7,16.6,14.2,18.8,17.4,7.2,47.8,0.454,36.1,-45.6,0.45,30.4,28.01,-0.01,30.6,4.6,19867.1,11.762250774378803,45.5,66.5,66.5,21.8,19.2,1.5,13.9,4.7,5.3,Revenue CAGR 18.8%; Profit CAGR 17.4%; Debt/Equity 7.20; forward P/E 47.7 vs P/E 71.9,PE vs sector 2.03×; P/E 71.9; EV/EBITDA 44.5×,,,25,0.77,,0.67,0.78,0.89,,0.98,0.92,1.0,0.0,0.0,,0.0,0.3,0.99,1.0,1.0,0.42,0.28,0.77,0.41,1.0,0.35,0.8,0.59,0.85,1.0,0.58,,94.6,94.7,37.6,11.2,43.1,7.4,,15,15,NSE constituent file,,"-3.0 vs #6 BOSCHLTD — behind on Safety 1.6, Trend 1.4"
NIFTY AUTO,8,NSE:UNOMINDA,UNO Minda Limited,Automobile and Auto Components,Auto Parts,Mid,64157.0,1111.0,53.5,1.51,35.480743,,30.209,9.39,,,16.8,15.7,7.1,5.8,20.5,22.4,37.7,10.5,0.297,35.7,-31.6,0.24,12.7,68.36,-0.35,-4.1,19.6,8446.6,21.711582423909093,48.4,66.0,66.0,18.0,19.8,2.9,14.4,5.4,5.4,Revenue CAGR 20.5%; Profit CAGR 22.4%; ROE 4y avg 16.8%; Debt/Equity 37.7,PE vs sector 1.51×; Operating margin 7.1%; P/B 9.39,,,25,0.87,,1.0,0.3,0.35,,1.0,0.97,1.0,0.15,0.12,,0.1,0.2,0.92,1.0,1.0,0.43,0.62,0.83,0.36,0.82,1.0,0.73,0.53,0.61,1.0,0.95,,-16.1,-16.1,83.7,22.5,207.8,25.2,,15,15,NSE constituent file,,-0.5 vs #7 SONACOMS — behind on Quality 3.8
NIFTY AUTO,9,NSE:HYUNDAI,Hyundai Motor India Limited,Automobile and Auto Components,Auto Manufacturers,Large,164458.0,2024.0,33.2,0.94,22.14442,,19.619,8.22,,,35.5,23.5,5.8,7.0,5.5,4.9,5.5,69.0,,29.3,-39.8,1.04,34.5,82.5,0.0,-1.0,21.9,15468.6,,46.9,64.7,64.7,19.0,7.6,11.0,14.8,6.2,6.0,ROE 4y avg 35.5%; Debt/Equity 5.50; forward P/E 22.1 vs P/E 33.2; Interest cover 69.0×,Profit CAGR 4.9%; Revenue CAGR 5.5%; Operating margin 5.8%,,,23,1.0,,1.0,0.14,0.46,,0.25,0.2,1.0,0.76,0.53,,0.47,0.33,0.99,1.0,,0.6,0.45,1.0,0.56,1.0,0.88,0.8,0.62,1.0,1.0,,,-20.2,-20.2,,,,,3Y n/a: listed/data from 2024-10-22; 5Y n/a: listed/data from 2024-10-22,15,15,NSE constituent file,,-1.3 vs #8 UNOMINDA — behind on Growth 12.2
NIFTY AUTO,10,NSE:MOTHERSON,Samvardhana Motherson International Limited,Automobile and Auto Components,Auto Parts,Large,165372.0,157.03,37.7,1.06,22.609306,,15.52,4.04,,,9.3,6.7,5.0,3.4,17.1,37.2,43.9,5.0,1.044,36.7,-47.3,0.32,8.4,48.6,0.0,15.3,9.4,25286.1,34.38679362866597,45.7,62.9,62.9,6.5,19.5,12.2,12.7,5.2,6.8,Profit CAGR 37.2%; Revenue CAGR 17.1%; Debt/Equity 43.9; forward P/E 22.6 vs P/E 37.7,ROE 4y avg 9.3%; Operating margin 5.0%; Net margin 3.4%,,,25,0.33,,0.34,0.09,0.13,,0.94,1.0,1.0,0.64,0.44,,0.63,0.68,0.91,0.85,0.75,0.4,0.23,1.0,0.38,0.71,0.92,0.8,1.0,0.86,1.0,1.0,,48.1,48.2,146.0,35.1,155.6,20.6,,15,15,NSE constituent file,,"-1.8 vs #9 HYUNDAI — behind on Quality 12.5, Safety 2.1"
NIFTY BANK,1,NSE:ICICIBANK,ICICI Bank Limited,Financial Services,Banks - Regional,Large,940802.0,1310.6,16.9,0.8,13.942553,0.53,,2.47,,16.1,16.1,14.9,38.5,27.5,18.1,16.8,,,0.26,20.2,-18.4,0.92,14.2,0.0,0.0,-3.0,11.4,137513.4,10.793165135089279,58.0,86.2,86.2,23.4,18.9,17.6,15.8,5.3,5.1,Revenue CAGR 18.1%; Profit CAGR 16.8%; ROE 4y avg 16.1%; PE vs sector 0.80×,,,widely held (no promoter) - promoter checks not applicable,21,0.84,0.84,0.99,,0.7,,0.96,0.92,0.97,0.9,0.85,0.99,,0.76,,,1.0,0.84,0.87,1.0,0.53,0.85,,,0.56,0.83,1.0,0.51,,-4.5,-4.5,39.4,11.7,89.3,13.6,,14,14,NSE constituent file,,"#1, 0.5 pts ahead of SBIN — leads on Growth +2.6, Quality +1.2"
NIFTY BANK,2,NSE:SBIN,State Bank of India,Financial Services,Banks - Regional,Large,880693.0,954.1,10.2,0.49,9.072846,0.53,,1.42,,15.2,15.4,14.0,35.7,22.4,12.2,14.4,,,0.386,24.5,-23.9,1.82,18.6,55.47,-0.03,-8.7,22.7,89740.2,19.043319209776953,60.4,85.7,85.7,22.2,16.3,19.8,14.9,6.9,5.6,Profit CAGR 14.4%; ROE 4y avg 15.4%; PE vs sector 0.49×; P/B 1.42,Price vs 200-DMA -8.7%,,,23,0.82,0.81,0.93,,0.63,,0.74,0.85,0.88,1.0,0.97,0.99,,1.0,,,1.0,0.73,0.77,1.0,0.73,0.97,0.98,0.79,0.39,1.0,1.0,0.91,,10.4,10.4,58.2,16.6,111.2,16.1,,14,14,NSE constituent file,,"-0.5 vs #1 ICICIBANK — behind on Growth 2.6, Quality 1.2"
NIFTY BANK,3,NSE:CANBK,Canara Bank,Financial Services,Banks - Regional,Large,107360.0,118.36,5.4,0.26,5.084865,,,0.91,,,16.1,14.4,44.1,43.1,5.0,20.5,,,0.498,34.2,-35.2,3.55,19.2,62.93,0.0,-12.8,27.3,20394.9,21.237200618665696,58.5,81.8,81.8,24.3,12.5,19.1,12.8,7.8,5.4,Profit CAGR 20.5%; ROE 4y avg 16.1%; PE vs sector 0.26×; P/B 0.91,Revenue CAGR 5.0%; Price vs 200-DMA -12.8%,,,21,0.84,,0.96,,0.84,,0.2,0.95,0.81,1.0,1.0,,,0.85,,,1.0,0.47,0.55,1.0,1.0,0.98,1.0,0.8,0.24,1.0,1.0,0.94,,-4.4,-4.4,53.9,15.5,234.6,27.3,,14,14,NSE constituent file,,"-3.9 vs #2 SBIN — behind on Growth 3.8, Safety 2.1"
NIFTY BANK,4,NSE:UNIONBANK,Union Bank of India,Financial Services,Banks - Regional,Large,127932.0,167.59,6.2,0.3,6.2578645,,,0.92,,15.8,13.8,10.8,48.8,40.5,7.6,31.7,,,0.9,40.0,-38.9,2.98,36.1,74.76,0.0,-4.5,18.4,20800.7,24.676496821140837,57.4,78.7,78.7,21.1,13.5,19.2,11.1,7.8,6.0,Profit CAGR 31.7%; PE vs sector 0.30×; P/B 0.92; ROE latest 15.8%,Volatility 40.0%,,,22,0.7,0.83,0.68,,0.82,,0.46,1.0,0.46,1.0,1.0,,,0.87,,,0.85,0.3,0.47,1.0,1.0,1.0,1.0,0.8,0.52,0.97,1.0,1.0,,20.8,20.8,49.5,14.4,359.8,35.7,,14,14,NSE constituent file,,"-3.1 vs #3 CANBK — behind on Quality 3.2, Safety 1.7"
NIFTY BANK,5,NSE:FEDERALBNK,The Federal Bank  Limited,Financial Services,Banks - Regional,Mid,78604.0,318.2,17.0,0.81,11.298581,,,1.96,,,12.5,10.9,43.0,30.7,16.6,11.1,,,0.27,27.5,-18.1,0.38,6.4,0.0,0.0,4.2,14.4,18753.9,29.88154890935317,61.4,77.7,77.7,18.3,16.2,18.3,14.6,4.0,6.4,Revenue CAGR 16.6%; PE vs sector 0.81×; forward P/E 11.3 vs P/E 17.0; P/B 1.96,Dividend yield 0.4%,,widely held (no promoter) - promoter checks not applicable,19,0.6,,0.69,,0.73,,0.93,0.59,1.0,0.89,0.85,,,1.0,,,1.0,0.65,0.88,0.9,0.4,0.66,,,0.8,0.89,1.0,1.0,,64.2,64.3,111.1,28.3,282.7,30.8,,14,14,NSE constituent file,,"-1.0 vs #4 UNIONBANK — behind on Shareholder 3.8, Quality 2.8"
NIFTY BANK,6,NSE:AXISBANK,Axis Bank Limited,Financial Services,Banks - Regional,Large,378967.0,1217.1,13.8,0.66,10.082773,0.54,,1.7,,13.4,13.1,8.3,49.2,36.0,12.2,34.6,,,0.42,24.3,-28.0,0.08,0.0,7.87,-0.3,-5.4,14.2,72772.5,6.118059986337432,47.4,77.0,77.0,18.1,17.9,19.3,14.6,2.7,4.4,Profit CAGR 34.6%; PE vs sector 0.66×; forward P/E 10.1 vs P/E 13.8; P/B 1.70,Dividend yield 0.1%; Promoter holding 7.9%; 3-5y CAGR 6.1%,,,23,0.65,0.67,0.43,,0.78,,0.74,1.0,1.0,0.95,0.92,0.99,,1.0,,,1.0,0.74,0.69,1.0,0.32,0.5,0.0,0.74,0.49,0.74,1.0,0.23,,5.0,5.0,16.9,5.4,58.4,9.6,,14,14,NSE constituent file,,"-0.7 vs #5 FEDERALBNK — behind on Trend 2.0, Shareholder 1.3"
NIFTY BANK,7,NSE:BANKBARODA,Bank of Baroda,Financial Services,Banks - Regional,Large,119365.0,230.82,6.6,0.31,5.3512573,,,0.71,,11.3,14.0,12.0,45.5,27.4,10.3,10.0,,,0.422,33.2,-32.2,3.68,24.2,63.97,0.0,-14.3,29.1,19755.1,6.147652308001406,55.3,74.3,74.3,19.1,13.0,17.0,13.2,7.8,4.2,PE vs sector 0.31×; forward P/E 5.4 vs P/E 6.6; P/E 6.60; Dividend yield 3.7%,Price vs 200-DMA -14.3%; 3-5y CAGR 6.1%,,,22,0.72,0.5,0.8,,0.69,,0.63,0.5,0.99,1.0,1.0,,,0.52,,,1.0,0.5,0.61,1.0,1.0,1.0,1.0,0.8,0.18,1.0,1.0,0.23,,-11.1,-11.1,6.0,1.9,180.0,22.9,,14,14,NSE constituent file,,"-2.7 vs #6 AXISBANK — behind on Growth 4.9, Valuation 2.3"
NIFTY BANK,8,NSE:HDFCBANK,HDFC Bank Limited,Financial Services,,Large,1111981.0,721.2,15.8,0.75,11.514689,0.89,,1.83,,,10.8,8.6,33.3,26.8,16.9,12.5,,,0.404,21.0,-31.0,1.8,24.0,0.0,0.0,-10.5,29.3,,-2.8469486723870063,48.4,73.5,73.5,14.6,17.1,18.4,14.7,6.7,1.9,Revenue CAGR 16.9%; PE vs sector 0.75×; forward P/E 11.5 vs P/E 15.8; P/B 1.83,3-5y CAGR -2.8%; Price vs 200-DMA -10.5%,,widely held (no promoter) - promoter checks not applicable,19,0.46,,0.46,,0.69,,0.94,0.7,1.0,0.92,0.88,0.88,,1.0,,,1.0,0.82,0.63,1.0,0.73,1.0,,,0.33,0.48,,0.0,,-25.3,-25.3,-4.4,-1.5,-8.9,-1.8,,14,14,NSE constituent file,,"-0.8 vs #7 BANKBARODA — behind on Quality 4.5, Trend 2.3"
NIFTY BANK,9,NSE:KOTAKBANK,Kotak Mahindra Bank Limited,Financial Services,Banks - Regional,Large,416170.0,418.35,20.5,0.98,17.80935,0.94,,2.3,,,13.0,10.6,34.8,28.5,13.5,8.9,,,0.285,22.7,-22.0,0.16,2.5,25.87,-0.01,5.2,7.7,62501.8,4.859979650801716,51.9,71.9,71.9,18.6,13.6,15.9,15.2,3.4,5.2,Revenue CAGR 13.5%; forward P/E 17.8 vs P/E 20.5; PEG 0.94; P/B 2.30,Dividend yield 0.2%; Promoter holding 25.9%; 3-5y CAGR 4.9%,,,22,0.64,,0.66,,0.71,,0.81,0.43,0.91,0.72,0.76,0.87,,0.85,,,1.0,0.78,0.81,1.0,0.34,0.56,0.24,0.8,0.83,0.82,1.0,0.18,,1.4,1.4,21.1,6.6,4.9,1.0,,14,14,NSE constituent file,,"-1.6 vs #8 HDFCBANK — behind on Growth 3.5, Shareholder 3.3"
NIFTY BANK,10,NSE:PNB,Punjab National Bank,Financial Services,Banks - Regional,Large,125928.0,109.57,5.7,0.27,6.388563,,,0.81,,15.0,9.4,3.3,48.0,38.1,10.0,76.4,,,0.5,34.4,-37.7,2.74,15.6,70.08,0.0,-3.9,18.9,17213.5,16.78989247619782,54.4,69.1,69.1,14.2,11.5,18.1,12.6,7.4,5.3,PE vs sector 0.27×; Net margin 38.1%; ROE latest 15.0%; P/E 5.70,ROE 4y avg 9.4%; forward P/E 6.4 vs P/E 5.7; ROE worst year 3.3%,,,22,0.34,0.8,0.17,,0.8,,0.61,0.75,0.16,1.0,1.0,,,0.68,,,1.0,0.47,0.5,1.0,0.94,0.89,1.0,0.8,0.53,0.63,1.0,0.88,,-2.6,-2.6,31.7,9.6,169.9,22.0,,14,14,NSE constituent file,,"-2.8 vs #9 KOTAKBANK — behind on Quality 4.4, Safety 2.6"
NIFTY FINANCIAL SERVICES,1,NSE:MUTHOOTFIN,Muthoot Finance Limited,Financial Services,Credit Services,Large,108280.0,2697.1,9.5,0.45,8.4489,,,2.67,,31.7,19.8,16.7,74.6,55.5,38.0,43.1,393.6,,0.517,30.8,-33.5,1.11,10.6,73.35,0.0,-18.0,35.0,26054.4,29.34582607445362,71.1,89.4,89.4,27.4,19.5,17.8,13.4,6.1,5.2,Revenue CAGR 38.0%; Profit CAGR 43.1%; ROE 4y avg 19.8%; PE vs sector 0.45×,Price vs 200-DMA -18.0%,,,22,0.99,1.0,1.0,,0.92,,1.0,1.0,0.88,1.0,0.98,,,0.67,,,1.0,0.56,0.58,1.0,0.57,0.77,1.0,0.8,0.1,1.0,1.0,1.0,,-14.2,-14.2,118.4,29.8,75.8,12.0,,20,20,NSE constituent file,,"#1, 1.9 pts ahead of PFC — leads on Growth +1.1, Safety +1.0"
NIFTY FINANCIAL SERVICES,2,NSE:PFC,Power Finance Corporation Limited,Financial Services,Credit Services,Mid,104943.0,318.0,4.0,0.19,3.517699,,,0.73,,,19.4,18.9,85.5,54.5,16.2,17.7,536.8,1.6,0.599,35.8,-38.5,4.91,18.5,55.99,0.0,-21.1,34.6,25199.2,17.349286168852295,65.3,87.5,87.5,26.9,18.4,17.2,12.4,7.7,4.9,ROE 4y avg 19.4%; Profit CAGR 17.7%; Revenue CAGR 16.2%; PE vs sector 0.19×,Price vs 200-DMA -21.1%,,,21,0.98,,1.0,,0.91,,0.92,0.93,0.89,1.0,1.0,,,0.55,,,1.0,0.43,0.48,1.0,1.0,0.96,0.98,0.8,0.06,1.0,1.0,0.89,,-22.7,-22.7,26.7,8.2,184.1,23.2,,20,20,NSE constituent file,,"-1.9 vs #1 MUTHOOTFIN — behind on Growth 1.1, Safety 1.0"
NIFTY FINANCIAL SERVICES,3,NSE:ICICIBANK,ICICI Bank Limited,Financial Services,Banks - Regional,Large,940802.0,1310.6,16.9,0.8,13.942553,0.53,,2.47,,16.1,16.1,14.9,38.5,27.5,18.1,16.8,,,0.26,20.2,-18.4,0.92,14.2,0.0,0.0,-3.0,11.4,137513.4,10.793165135089279,58.0,86.2,86.2,23.4,18.9,17.6,15.8,5.3,5.1,Revenue CAGR 18.1%; Profit CAGR 16.8%; ROE 4y avg 16.1%; PE vs sector 0.80×,,,widely held (no promoter) - promoter checks not applicable,21,0.84,0.84,0.99,,0.7,,0.96,0.92,0.97,0.9,0.85,0.99,,0.76,,,1.0,0.84,0.87,1.0,0.53,0.85,,,0.56,0.83,1.0,0.51,,-4.5,-4.5,39.4,11.7,89.3,13.6,,20,20,NSE constituent file,,"-1.3 vs #2 PFC — behind on Quality 3.5, Shareholder 2.4"
NIFTY FINANCIAL SERVICES,4,NSE:SBIN,State Bank of India,Financial Services,Banks - Regional,Large,880693.0,954.1,10.2,0.49,9.072846,0.53,,1.42,,15.2,15.4,14.0,35.7,22.4,12.2,14.4,,,0.386,24.5,-23.9,1.82,18.6,55.47,-0.03,-8.7,22.7,89740.2,19.043319209776953,60.4,85.7,85.7,22.2,16.3,19.8,14.9,6.9,5.6,Profit CAGR 14.4%; ROE 4y avg 15.4%; PE vs sector 0.49×; P/B 1.42,Price vs 200-DMA -8.7%,,,23,0.82,0.81,0.93,,0.63,,0.74,0.85,0.88,1.0,0.97,0.99,,1.0,,,1.0,0.73,0.77,1.0,0.73,0.97,0.98,0.79,0.39,1.0,1.0,0.91,,10.4,10.4,58.2,16.6,111.2,16.1,,20,20,NSE constituent file,,"-0.5 vs #3 ICICIBANK — behind on Growth 2.6, Quality 1.2"
NIFTY FINANCIAL SERVICES,5,NSE:RECLTD,REC Limited,Financial Services,Credit Services,Mid,75771.0,287.75,4.7,0.22,4.32035,,,0.9,,,19.8,19.2,96.9,68.9,14.4,13.5,607.5,,0.318,36.0,-50.7,2.15,32.2,52.63,0.0,-17.1,25.9,16721.2,10.000000000000009,62.1,85.1,85.1,27.6,16.5,19.0,10.4,7.2,4.4,ROE 4y avg 19.8%; Revenue CAGR 14.4%; PE vs sector 0.22×; Net margin 68.9%,Price vs 200-DMA -17.1%; Max drawdown 3y -50.7%,,,21,0.99,,1.0,,0.97,,0.87,0.78,0.84,1.0,1.0,,,0.83,,,1.0,0.42,0.14,0.89,0.81,1.0,0.96,0.8,0.12,1.0,1.0,0.45,,-23.8,-23.8,-1.4,-0.5,145.8,19.7,,20,20,NSE constituent file,,"-0.6 vs #4 SBIN — behind on Safety 4.5, Trend 1.2"
NIFTY FINANCIAL SERVICES,6,NSE:SHRIRAMFIN,Shriram Finance Limited,Financial Services,Credit Services,Large,222363.0,945.0,16.7,0.8,13.166549,,,2.7,,18.5,15.2,13.8,68.5,50.0,13.9,18.6,276.2,,0.606,35.1,-29.0,1.46,24.4,20.3,-5.09,-6.5,18.1,44213.9,37.25963515757014,55.9,82.1,82.1,24.4,18.2,16.3,13.2,4.2,5.9,Profit CAGR 18.6%; Revenue CAGR 13.9%; ROE 4y avg 15.2%; PE vs sector 0.80×,Promoter holding 20.3%; Promoter change 1y -5.1 pts,,,22,0.81,0.94,0.92,,0.89,,0.84,0.94,1.0,0.9,0.86,,,0.65,,,1.0,0.45,0.67,1.0,0.65,1.0,0.11,0.0,0.46,0.96,1.0,1.0,,45.7,45.7,145.8,35.0,265.0,29.6,,20,20,NSE constituent file,,"-3.0 vs #5 RECLTD — behind on Quality 3.2, Shareholder 3.0"
NIFTY FINANCIAL SERVICES,7,NSE:CHOLAFIN,Cholamandalam Investment and Finance Company Limited,Financial Services,Credit Services,Large,135487.0,1580.0,23.4,1.11,16.09232,,,4.42,,,17.8,17.2,56.6,40.5,32.8,25.2,695.3,,0.473,33.5,-28.7,0.13,3.0,49.22,-0.68,-5.9,19.1,22487.4,9.501879967445293,55.4,77.9,77.9,25.4,20.0,9.4,13.5,4.7,5.0,Revenue CAGR 32.8%; Profit CAGR 25.2%; ROE 4y avg 17.8%; forward P/E 16.1 vs P/E 23.4,P/B 4.42; Dividend yield 0.1%,,,21,0.91,,1.0,,0.82,,1.0,1.0,1.0,0.59,0.69,,,0.12,,,1.0,0.49,0.68,1.0,0.33,0.57,0.93,0.66,0.47,0.98,1.0,0.41,,-1.6,-1.6,26.0,8.0,182.8,23.1,,20,20,NSE constituent file,,"-4.2 vs #6 SHRIRAMFIN — behind on Valuation 6.9, Trend 0.9"
NIFTY FINANCIAL SERVICES,8,NSE:AXISBANK,Axis Bank Limited,Financial Services,Banks - Regional,Large,378967.0,1217.1,13.8,0.66,10.082773,0.54,,1.7,,13.4,13.1,8.3,49.2,36.0,12.2,34.6,,,0.42,24.3,-28.0,0.08,0.0,7.87,-0.3,-5.4,14.2,72772.5,6.118059986337432,47.4,77.0,77.0,18.1,17.9,19.3,14.6,2.7,4.4,Profit CAGR 34.6%; PE vs sector 0.66×; forward P/E 10.1 vs P/E 13.8; P/B 1.70,Dividend yield 0.1%; Promoter holding 7.9%; 3-5y CAGR 6.1%,,,23,0.65,0.67,0.43,,0.78,,0.74,1.0,1.0,0.95,0.92,0.99,,1.0,,,1.0,0.74,0.69,1.0,0.32,0.5,0.0,0.74,0.49,0.74,1.0,0.23,,5.0,5.0,16.9,5.4,58.4,9.6,,20,20,NSE constituent file,,"-0.9 vs #7 CHOLAFIN — behind on Quality 7.3, Growth 2.1"
NIFTY FINANCIAL SERVICES,9,NSE:BAJFINANCE,Bajaj Finance Limited,Financial Services,Credit Services,Large,589929.0,948.3,29.1,1.39,18.76588,,,5.17,,,18.5,16.7,61.6,43.5,22.6,18.2,314.8,,0.308,28.3,-26.7,0.57,16.6,54.67,-0.06,-2.5,19.4,69157.8,8.774271237426245,56.5,76.3,76.3,25.9,19.5,5.7,14.2,5.9,5.2,Revenue CAGR 22.6%; ROE 4y avg 18.5%; Profit CAGR 18.2%; forward P/E 18.8 vs P/E 29.1,PE vs sector 1.39×; P/B 5.17; 3-5y CAGR 8.8%,,,21,0.94,,1.0,,0.85,,1.0,0.93,1.0,0.28,0.59,,,0.06,,,1.0,0.63,0.72,1.0,0.44,0.92,0.97,0.79,0.58,0.99,1.0,0.36,,-4.0,-4.0,19.0,6.0,26.1,4.7,,20,20,NSE constituent file,,-0.7 vs #8 AXISBANK — behind on Valuation 13.6
NIFTY FINANCIAL SERVICES,10,NSE:LICHSGFIN,LIC Housing Finance Limited,Financial Services,Mortgage Finance,Small,27998.0,509.0,4.9,0.23,4.669868,,,0.68,,,13.6,10.6,82.4,65.2,10.3,24.7,642.5,,0.228,30.8,-41.8,1.96,9.6,45.24,0.0,-4.5,14.9,13080.0,5.0717574498580165,56.6,75.9,75.9,21.1,16.2,16.8,11.0,6.2,4.7,Profit CAGR 24.7%; PE vs sector 0.23×; Net margin 65.2%; P/E 4.90,3-5y CAGR 5.1%; Max drawdown 3y -41.8%,,,21,0.69,,0.66,,0.95,,0.63,1.0,0.78,1.0,1.0,,,0.48,,,1.0,0.56,0.4,0.62,0.77,0.74,0.83,0.8,0.52,0.9,1.0,0.19,,-11.8,-11.8,6.6,2.2,18.9,3.5,,20,20,NSE constituent file,,"-0.4 vs #9 BAJFINANCE — behind on Quality 4.8, Growth 3.3"
NIFTY FINANCIAL SERVICES 25/50,1,NSE:MUTHOOTFIN,Muthoot Finance Limited,Financial Services,Credit Services,Large,108280.0,2697.1,9.5,0.45,8.4489,,,2.67,,31.7,19.8,16.7,74.6,55.5,38.0,43.1,393.6,,0.517,30.8,-33.5,1.11,10.6,73.35,0.0,-18.0,35.0,26054.4,29.34582607445362,71.1,89.4,89.4,27.4,19.5,17.8,13.4,6.1,5.2,Revenue CAGR 38.0%; Profit CAGR 43.1%; ROE 4y avg 19.8%; PE vs sector 0.45×,Price vs 200-DMA -18.0%,,,22,0.99,1.0,1.0,,0.92,,1.0,1.0,0.88,1.0,0.98,,,0.67,,,1.0,0.56,0.58,1.0,0.57,0.77,1.0,0.8,0.1,1.0,1.0,1.0,,-14.2,-14.2,118.4,29.8,75.8,12.0,,20,20,NSE constituent file,,"#1, 1.9 pts ahead of PFC — leads on Growth +1.1, Safety +1.0"
NIFTY FINANCIAL SERVICES 25/50,2,NSE:PFC,Power Finance Corporation Limited,Financial Services,Credit Services,Mid,104943.0,318.0,4.0,0.19,3.517699,,,0.73,,,19.4,18.9,85.5,54.5,16.2,17.7,536.8,1.6,0.599,35.8,-38.5,4.91,18.5,55.99,0.0,-21.1,34.6,25199.2,17.349286168852295,65.3,87.5,87.5,26.9,18.4,17.2,12.4,7.7,4.9,ROE 4y avg 19.4%; Profit CAGR 17.7%; Revenue CAGR 16.2%; PE vs sector 0.19×,Price vs 200-DMA -21.1%,,,21,0.98,,1.0,,0.91,,0.92,0.93,0.89,1.0,1.0,,,0.55,,,1.0,0.43,0.48,1.0,1.0,0.96,0.98,0.8,0.06,1.0,1.0,0.89,,-22.7,-22.7,26.7,8.2,184.1,23.2,,20,20,NSE constituent file,,"-1.9 vs #1 MUTHOOTFIN — behind on Growth 1.1, Safety 1.0"
NIFTY FINANCIAL SERVICES 25/50,3,NSE:ICICIBANK,ICICI Bank Limited,Financial Services,Banks - Regional,Large,940802.0,1310.6,16.9,0.8,13.942553,0.53,,2.47,,16.1,16.1,14.9,38.5,27.5,18.1,16.8,,,0.26,20.2,-18.4,0.92,14.2,0.0,0.0,-3.0,11.4,137513.4,10.793165135089279,58.0,86.2,86.2,23.4,18.9,17.6,15.8,5.3,5.1,Revenue CAGR 18.1%; Profit CAGR 16.8%; ROE 4y avg 16.1%; PE vs sector 0.80×,,,widely held (no promoter) - promoter checks not applicable,21,0.84,0.84,0.99,,0.7,,0.96,0.92,0.97,0.9,0.85,0.99,,0.76,,,1.0,0.84,0.87,1.0,0.53,0.85,,,0.56,0.83,1.0,0.51,,-4.5,-4.5,39.4,11.7,89.3,13.6,,20,20,NSE constituent file,,"-1.3 vs #2 PFC — behind on Quality 3.5, Shareholder 2.4"
NIFTY FINANCIAL SERVICES 25/50,4,NSE:SBIN,State Bank of India,Financial Services,Banks - Regional,Large,880693.0,954.1,10.2,0.49,9.072846,0.53,,1.42,,15.2,15.4,14.0,35.7,22.4,12.2,14.4,,,0.386,24.5,-23.9,1.82,18.6,55.47,-0.03,-8.7,22.7,89740.2,19.043319209776953,60.4,85.7,85.7,22.2,16.3,19.8,14.9,6.9,5.6,Profit CAGR 14.4%; ROE 4y avg 15.4%; PE vs sector 0.49×; P/B 1.42,Price vs 200-DMA -8.7%,,,23,0.82,0.81,0.93,,0.63,,0.74,0.85,0.88,1.0,0.97,0.99,,1.0,,,1.0,0.73,0.77,1.0,0.73,0.97,0.98,0.79,0.39,1.0,1.0,0.91,,10.4,10.4,58.2,16.6,111.2,16.1,,20,20,NSE constituent file,,"-0.5 vs #3 ICICIBANK — behind on Growth 2.6, Quality 1.2"
NIFTY FINANCIAL SERVICES 25/50,5,NSE:RECLTD,REC Limited,Financial Services,Credit Services,Mid,75771.0,287.75,4.7,0.22,4.32035,,,0.9,,,19.8,19.2,96.9,68.9,14.4,13.5,607.5,,0.318,36.0,-50.7,2.15,32.2,52.63,0.0,-17.1,25.9,16721.2,10.000000000000009,62.1,85.1,85.1,27.6,16.5,19.0,10.4,7.2,4.4,ROE 4y avg 19.8%; Revenue CAGR 14.4%; PE vs sector 0.22×; Net margin 68.9%,Price vs 200-DMA -17.1%; Max drawdown 3y -50.7%,,,21,0.99,,1.0,,0.97,,0.87,0.78,0.84,1.0,1.0,,,0.83,,,1.0,0.42,0.14,0.89,0.81,1.0,0.96,0.8,0.12,1.0,1.0,0.45,,-23.8,-23.8,-1.4,-0.5,145.8,19.7,,20,20,NSE constituent file,,"-0.6 vs #4 SBIN — behind on Safety 4.5, Trend 1.2"
NIFTY FINANCIAL SERVICES 25/50,6,NSE:SHRIRAMFIN,Shriram Finance Limited,Financial Services,Credit Services,Large,222363.0,945.0,16.7,0.8,13.166549,,,2.7,,18.5,15.2,13.8,68.5,50.0,13.9,18.6,276.2,,0.606,35.1,-29.0,1.46,24.4,20.3,-5.09,-6.5,18.1,44213.9,37.25963515757014,55.9,82.1,82.1,24.4,18.2,16.3,13.2,4.2,5.9,Profit CAGR 18.6%; Revenue CAGR 13.9%; ROE 4y avg 15.2%; PE vs sector 0.80×,Promoter holding 20.3%; Promoter change 1y -5.1 pts,,,22,0.81,0.94,0.92,,0.89,,0.84,0.94,1.0,0.9,0.86,,,0.65,,,1.0,0.45,0.67,1.0,0.65,1.0,0.11,0.0,0.46,0.96,1.0,1.0,,45.7,45.7,145.8,35.0,265.0,29.6,,20,20,NSE constituent file,,"-3.0 vs #5 RECLTD — behind on Quality 3.2, Shareholder 3.0"
NIFTY FINANCIAL SERVICES 25/50,7,NSE:CHOLAFIN,Cholamandalam Investment and Finance Company Limited,Financial Services,Credit Services,Large,135487.0,1580.0,23.4,1.11,16.09232,,,4.42,,,17.8,17.2,56.6,40.5,32.8,25.2,695.3,,0.473,33.5,-28.7,0.13,3.0,49.22,-0.68,-5.9,19.1,22487.4,9.501879967445293,55.4,77.9,77.9,25.4,20.0,9.4,13.5,4.7,5.0,Revenue CAGR 32.8%; Profit CAGR 25.2%; ROE 4y avg 17.8%; forward P/E 16.1 vs P/E 23.4,P/B 4.42; Dividend yield 0.1%,,,21,0.91,,1.0,,0.82,,1.0,1.0,1.0,0.59,0.69,,,0.12,,,1.0,0.49,0.68,1.0,0.33,0.57,0.93,0.66,0.47,0.98,1.0,0.41,,-1.6,-1.6,26.0,8.0,182.8,23.1,,20,20,NSE constituent file,,"-4.2 vs #6 SHRIRAMFIN — behind on Valuation 6.9, Trend 0.9"
NIFTY FINANCIAL SERVICES 25/50,8,NSE:AXISBANK,Axis Bank Limited,Financial Services,Banks - Regional,Large,378967.0,1217.1,13.8,0.66,10.082773,0.54,,1.7,,13.4,13.1,8.3,49.2,36.0,12.2,34.6,,,0.42,24.3,-28.0,0.08,0.0,7.87,-0.3,-5.4,14.2,72772.5,6.118059986337432,47.4,77.0,77.0,18.1,17.9,19.3,14.6,2.7,4.4,Profit CAGR 34.6%; PE vs sector 0.66×; forward P/E 10.1 vs P/E 13.8; P/B 1.70,Dividend yield 0.1%; Promoter holding 7.9%; 3-5y CAGR 6.1%,,,23,0.65,0.67,0.43,,0.78,,0.74,1.0,1.0,0.95,0.92,0.99,,1.0,,,1.0,0.74,0.69,1.0,0.32,0.5,0.0,0.74,0.49,0.74,1.0,0.23,,5.0,5.0,16.9,5.4,58.4,9.6,,20,20,NSE constituent file,,"-0.9 vs #7 CHOLAFIN — behind on Quality 7.3, Growth 2.1"
NIFTY FINANCIAL SERVICES 25/50,9,NSE:BAJFINANCE,Bajaj Finance Limited,Financial Services,Credit Services,Large,589929.0,948.3,29.1,1.39,18.76588,,,5.17,,,18.5,16.7,61.6,43.5,22.6,18.2,314.8,,0.308,28.3,-26.7,0.57,16.6,54.67,-0.06,-2.5,19.4,69157.8,8.774271237426245,56.5,76.3,76.3,25.9,19.5,5.7,14.2,5.9,5.2,Revenue CAGR 22.6%; ROE 4y avg 18.5%; Profit CAGR 18.2%; forward P/E 18.8 vs P/E 29.1,PE vs sector 1.39×; P/B 5.17; 3-5y CAGR 8.8%,,,21,0.94,,1.0,,0.85,,1.0,0.93,1.0,0.28,0.59,,,0.06,,,1.0,0.63,0.72,1.0,0.44,0.92,0.97,0.79,0.58,0.99,1.0,0.36,,-4.0,-4.0,19.0,6.0,26.1,4.7,,20,20,NSE constituent file,,-0.7 vs #8 AXISBANK — behind on Valuation 13.6
NIFTY FINANCIAL SERVICES 25/50,10,NSE:LICHSGFIN,LIC Housing Finance Limited,Financial Services,Mortgage Finance,Small,27998.0,509.0,4.9,0.23,4.669868,,,0.68,,,13.6,10.6,82.4,65.2,10.3,24.7,642.5,,0.228,30.8,-41.8,1.96,9.6,45.24,0.0,-4.5,14.9,13080.0,5.0717574498580165,56.6,75.9,75.9,21.1,16.2,16.8,11.0,6.2,4.7,Profit CAGR 24.7%; PE vs sector 0.23×; Net margin 65.2%; P/E 4.90,3-5y CAGR 5.1%; Max drawdown 3y -41.8%,,,21,0.69,,0.66,,0.95,,0.63,1.0,0.78,1.0,1.0,,,0.48,,,1.0,0.56,0.4,0.62,0.77,0.74,0.83,0.8,0.52,0.9,1.0,0.19,,-11.8,-11.8,6.6,2.2,18.9,3.5,,20,20,NSE constituent file,,"-0.4 vs #9 BAJFINANCE — behind on Quality 4.8, Growth 3.3"
NIFTY FMCG,1,NSE:GODFRYPHLP,Godfrey Phillips India Limited,Fast Moving Consumer Goods,Tobacco,Small,28852.0,1849.7,21.1,0.51,16.500446,0.27,19.901,4.64,,,21.3,19.5,12.2,22.4,21.6,30.3,3.8,166.2,0.32,50.8,-49.8,2.7,42.2,72.58,0.0,-13.5,46.9,6103.8,40.491469954898875,65.4,85.3,85.3,23.7,20.0,16.4,12.7,7.6,4.8,ROE 4y avg 21.3%; Revenue CAGR 21.6%; Profit CAGR 30.3%; PE vs sector 0.51×,Volatility 50.8%; Max drawdown 3y -49.8%; Price vs 200-DMA -13.5%,,,26,1.0,,1.0,0.44,0.93,,1.0,1.0,1.0,1.0,0.75,1.0,0.45,0.71,0.99,1.0,1.0,0.09,0.16,0.63,0.93,1.0,1.0,0.8,0.21,0.59,1.0,1.0,,-45.2,-45.2,158.3,37.3,340.1,34.5,,15,15,NSE constituent file,,"#1, 9.1 pts ahead of VBL — leads on Valuation +6.6, Shareholder +1.9"
NIFTY FMCG,2,NSE:VBL,Varun Beverages Limited,Fast Moving Consumer Goods,Beverages - Non-Alcoholic,Large,143857.0,425.3,42.6,1.02,36.414043,,25.967,6.61,0.09,16.9,22.5,15.5,24.1,14.0,17.3,26.6,15.9,24.8,0.277,34.3,-43.1,0.47,15.0,59.43,-0.39,-8.3,23.5,28081.0,5.432831619066936,54.4,76.2,76.2,22.3,19.3,9.8,14.5,5.7,4.6,ROE 4y avg 22.5%; Profit CAGR 26.6%; Revenue CAGR 17.3%; Debt/Equity 15.9,FCF yield 0.1%; EV/EBITDA 26.0×; P/E 42.6,,,27,1.0,0.88,1.0,0.87,0.74,0.12,0.95,1.0,0.93,0.68,0.32,,0.18,0.57,0.97,1.0,1.0,0.47,0.36,1.0,0.42,0.88,1.0,0.72,0.4,1.0,1.0,0.2,,-4.0,-4.0,14.5,4.6,250.4,28.5,,15,15,NSE constituent file,,"-9.1 vs #1 GODFRYPHLP — behind on Valuation 6.6, Shareholder 1.9"
NIFTY FMCG,3,NSE:NESTLEIND,Nestle India Limited,Fast Moving Consumer Goods,Packaged Foods,Large,252166.0,1307.7,66.2,1.59,52.63626,,44.84,48.9,,,95.3,80.0,21.2,15.6,17.0,23.1,8.6,37.9,0.419,19.2,-22.0,0.92,35.4,62.76,0.0,-4.2,15.8,23088.3,6.35433810561592,59.1,74.0,74.0,25.7,19.4,1.4,16.3,6.4,4.8,ROE 4y avg 95.3%; Profit CAGR 23.1%; Revenue CAGR 17.0%; Debt/Equity 8.60,PE vs sector 1.59×; P/B 48.9; EV/EBITDA 44.8×,,,25,1.0,,1.0,0.82,0.82,,0.94,0.98,1.0,0.12,0.03,,0.0,0.07,0.98,1.0,1.0,0.87,0.81,1.0,0.53,1.0,1.0,0.8,0.52,0.92,1.0,0.24,,12.1,12.1,17.2,5.4,33.8,6.0,,15,15,NSE constituent file,,-2.2 vs #2 VBL — behind on Valuation 8.4
NIFTY FMCG,4,NSE:MARICO,Marico Limited,Fast Moving Consumer Goods,Household & Personal Products,Mid,101419.0,781.35,53.8,1.29,40.088387,1.02,41.331,24.09,,,38.9,34.3,19.3,13.2,11.8,10.6,12.4,60.9,0.174,22.2,-16.7,0.51,48.1,58.91,-0.12,-2.3,12.1,13332.1,11.788930711122635,56.2,72.9,72.9,24.5,14.1,6.7,16.3,6.0,5.3,ROE 4y avg 38.9%; Debt/Equity 12.4; forward P/E 40.1 vs P/E 53.8; Interest cover 60.9×,PE vs sector 1.29×; P/B 24.1; EV/EBITDA 41.3×,,,26,1.0,,1.0,0.76,0.68,,0.72,0.55,1.0,0.39,0.12,0.84,0.0,0.14,0.98,1.0,1.0,0.79,0.9,1.0,0.43,1.0,0.99,0.78,0.58,0.84,1.0,0.58,,11.3,11.4,35.7,10.7,42.2,7.3,,15,15,NSE constituent file,,"-1.1 vs #3 NESTLEIND — behind on Growth 5.3, Quality 1.2"
NIFTY FMCG,5,NSE:ITC,ITC Limited,Fast Moving Consumer Goods,Tobacco,Large,320656.0,255.9,16.2,0.39,15.266291,1.78,11.73,4.42,,,33.3,27.5,24.9,25.9,3.6,2.5,3.3,330.1,-0.093,19.9,-44.9,6.25,91.5,0.0,0.0,-14.2,40.0,36351.0,-12.802404465481231,51.3,72.2,72.2,27.2,5.2,15.9,15.3,4.8,3.9,ROE 4y avg 33.3%; PE vs sector 0.39×; Debt/Equity 3.30; Operating margin 24.9%,Profit CAGR 2.5%; Revenue CAGR 3.6%; Price vs 200-DMA -14.2%,,widely held (no promoter) - promoter checks not applicable,24,1.0,,1.0,0.89,0.98,,0.14,0.1,0.81,1.0,0.87,0.5,0.78,0.75,0.99,1.0,1.0,0.85,0.3,1.0,0.75,0.37,,,0.18,1.0,1.0,0.0,,-36.9,-36.9,-39.6,-15.5,12.9,2.5,,15,15,NSE constituent file,,"-0.7 vs #4 MARICO — behind on Growth 8.9, Trend 1.4"
NIFTY FMCG,6,NSE:HINDUNILVR,Hindustan Unilever Limited,Fast Moving Consumer Goods,Household & Personal Products,Large,431385.0,1836.0,40.8,0.98,34.564598,3.69,28.701,8.85,,,23.1,20.1,20.7,22.6,2.3,14.1,3.0,34.7,0.321,20.5,-36.9,2.4,91.1,61.9,0.0,-15.8,31.2,28469.9,-8.066525724285157,46.1,70.5,70.5,26.3,11.1,7.5,15.7,6.2,3.8,ROE 4y avg 23.1%; Profit CAGR 14.1%; Debt/Equity 3.00; Interest cover 34.7×,Revenue CAGR 2.3%; PEG 3.69; EV/EBITDA 28.7×,,,26,1.0,,1.0,0.8,0.95,,0.09,0.83,0.94,0.72,0.36,0.0,0.13,0.43,0.99,1.0,1.0,0.84,0.51,1.0,0.86,0.38,1.0,0.8,0.14,1.0,1.0,0.0,,-27.6,-27.6,-25.6,-9.4,-32.1,-7.5,,15,15,NSE constituent file,,"-1.7 vs #5 ITC — behind on Valuation 8.4, Quality 0.9"
NIFTY FMCG,7,NSE:COLPAL,Colgate Palmolive (India) Limited,Fast Moving Consumer Goods,Household & Personal Products,Mid,47190.0,1735.0,35.0,0.84,29.677204,,24.367,29.79,,,75.4,61.0,27.7,21.7,4.9,8.2,3.0,471.7,0.503,22.3,-52.9,2.77,96.9,51.0,0.0,-14.6,25.5,6639.1,-1.6952427508441503,52.9,69.6,69.6,27.2,8.4,9.7,14.3,6.1,3.8,ROE 4y avg 75.4%; PE vs sector 0.84×; Debt/Equity 3.00; Operating margin 27.7%,Revenue CAGR 4.9%; Profit CAGR 8.2%; P/B 29.8,,,25,1.0,,1.0,0.96,0.91,,0.2,0.39,0.94,0.86,0.5,,0.23,0.11,0.99,1.0,1.0,0.79,0.11,0.76,0.95,0.26,0.95,0.8,0.17,1.0,1.0,0.0,,-22.0,-22.0,-12.3,-4.3,2.8,0.6,,15,15,NSE constituent file,,"-0.9 vs #6 HINDUNILVR — behind on Growth 2.7, Safety 1.4"
NIFTY FMCG,8,NSE:UNITDSPR,United Spirits Limited,Fast Moving Consumer Goods,Beverages - Wineries & Distilleries,Mid,94799.0,1335.1,56.2,1.35,43.58699,,42.911,10.59,,,19.7,19.0,13.2,14.9,5.6,17.4,4.6,15.0,0.143,25.7,-26.9,1.27,58.8,56.67,0.0,-2.4,14.6,11356.2,8.858723345293296,45.5,68.6,68.6,23.3,13.5,4.4,15.7,6.6,5.0,ROE 4y avg 19.7%; Profit CAGR 17.4%; Debt/Equity 4.60; forward P/E 43.6 vs P/E 56.2,Revenue CAGR 5.6%; PE vs sector 1.35×; EV/EBITDA 42.9×,,,25,0.99,,1.0,0.51,0.8,,0.26,0.92,1.0,0.32,0.1,,0.0,0.32,0.99,1.0,1.0,0.7,0.71,0.98,0.61,1.0,0.98,0.8,0.58,0.89,1.0,0.36,,-0.9,-0.9,33.7,10.2,54.3,9.1,,15,15,NSE constituent file,,"-1.0 vs #7 COLPAL — behind on Valuation 5.3, Quality 3.9"
NIFTY FMCG,9,NSE:RADICO,Radico Khaitan Limited,Fast Moving Consumer Goods,Beverages - Wineries & Distilleries,Mid,56771.0,4237.0,80.9,1.94,53.14557,,52.172,17.11,,,12.9,10.0,18.3,11.3,24.6,40.0,15.0,13.7,0.496,34.3,-27.4,0.21,7.6,40.19,-0.03,20.3,10.7,14831.4,52.247634199916114,54.6,65.4,65.4,17.9,20.0,1.4,14.8,4.6,6.7,Revenue CAGR 24.6%; Profit CAGR 40.0%; Debt/Equity 15.0; forward P/E 53.1 vs P/E 80.9,PE vs sector 1.94×; P/E 80.9; EV/EBITDA 52.2×,,,25,0.63,,0.6,0.72,0.59,,1.0,1.0,1.0,0.02,0.0,,0.0,0.25,0.97,1.0,1.0,0.47,0.7,0.8,0.35,0.69,0.7,0.79,0.99,0.83,1.0,1.0,,45.4,45.4,253.0,52.4,372.6,36.4,,15,15,NSE constituent file,,"-3.2 vs #8 UNITDSPR — behind on Quality 5.4, Valuation 3.0"
NIFTY FMCG,10,NSE:DABUR,Dabur India Limited,Fast Moving Consumer Goods,Household & Personal Products,Mid,66390.0,374.25,33.7,0.81,28.467047,3.16,25.228,5.81,,,17.7,16.4,16.5,14.6,4.5,3.5,10.9,20.3,0.413,21.5,-42.5,2.2,72.1,66.24,0.02,-16.3,29.9,7738.7,-11.71990075115793,45.5,64.9,64.9,23.1,6.3,10.1,15.0,6.8,3.8,ROE 4y avg 17.7%; PE vs sector 0.81×; Debt/Equity 10.9; Interest cover 20.3×,Profit CAGR 3.5%; Revenue CAGR 4.5%; PEG 3.16,,,26,0.91,,1.0,0.62,0.77,,0.18,0.14,0.94,0.89,0.52,0.0,0.2,0.64,0.98,1.0,1.0,0.81,0.38,0.84,0.82,0.76,1.0,0.8,0.13,1.0,1.0,0.0,,-24.4,-24.4,-32.4,-12.3,-39.4,-9.5,,15,15,NSE constituent file,,"-0.5 vs #9 RADICO — behind on Growth 13.7, Trend 2.9"
NIFTY IT,1,NSE:OFSS,Oracle Financial Services Software Limited,Information Technology,Software - Infrastructure,Mid,90760.0,10420.0,26.6,1.0,22.98445,,19.16,13.1,3.4,49.9,28.7,24.2,59.6,38.2,10.4,13.5,0.6,1364.0,0.506,33.6,-49.0,6.38,102.2,72.41,-0.15,12.5,16.9,31183.0,39.45365297880119,64.6,78.1,78.1,26.9,15.0,9.8,14.2,5.3,6.9,ROE 4y avg 28.7%; Operating margin 59.6%; Debt/Equity 0.60; ROE latest 49.9%,P/B 13.1; Payout ratio 102.2%; Max drawdown 3y -49.0%,,,27,1.0,1.0,1.0,1.0,1.0,0.73,0.64,0.78,0.91,0.7,0.63,,0.48,0.08,1.0,1.0,1.0,0.49,0.18,0.96,0.72,0.16,1.0,0.77,1.0,0.94,1.0,1.0,,19.4,19.5,154.9,36.7,130.9,18.2,,10,10,NSE constituent file,,"#1, 3.9 pts ahead of COFORGE — leads on Quality +5.5, Valuation +3.3"
NIFTY IT,2,NSE:COFORGE,Coforge Limited,Information Technology,Information Technology Services,Mid,80899.0,1826.0,37.5,1.42,25.566042,,21.268,6.43,,,18.5,12.7,16.0,9.6,26.9,30.9,7.5,13.2,0.314,36.6,-45.6,0.88,24.6,0.0,0.0,21.7,9.7,49970.0,19.930515328992104,56.7,74.2,74.2,21.4,20.0,6.5,14.1,5.7,6.5,Revenue CAGR 26.9%; Profit CAGR 30.9%; ROE 4y avg 18.5%; Debt/Equity 7.50,PE vs sector 1.42×; P/B 6.43; EV/EBITDA 21.3×,,widely held (no promoter) - promoter checks not applicable,23,0.94,,0.85,0.66,0.47,,1.0,1.0,1.0,0.24,0.44,,0.39,0.32,0.98,1.0,1.0,0.4,0.28,0.91,0.52,1.0,,,0.93,0.8,1.0,0.92,,14.1,14.1,78.8,21.4,72.9,11.6,,10,10,NSE constituent file,,"-3.9 vs #1 OFSS — behind on Quality 5.5, Valuation 3.3"
NIFTY IT,3,NSE:TCS,Tata Consultancy Services Limited,Information Technology,Information Technology Services,Large,750753.0,2075.0,15.1,0.57,12.80243,2.71,9.965,6.85,5.29,47.7,48.6,45.9,24.0,18.1,5.8,5.3,10.2,54.4,0.166,22.6,-53.4,3.13,38.5,71.77,0.0,-16.2,38.1,74518.9,-13.8675198521933,54.5,73.8,73.8,27.2,7.7,12.7,14.7,7.8,3.8,ROE 4y avg 48.6%; PE vs sector 0.57×; Debt/Equity 10.2; Operating margin 24.0%,Profit CAGR 5.3%; Revenue CAGR 5.8%; PEG 2.71,,,28,1.0,1.0,1.0,0.9,0.92,1.0,0.28,0.22,0.94,0.98,0.9,0.12,0.85,0.28,0.98,1.0,1.0,0.78,0.1,1.0,1.0,1.0,1.0,0.8,0.13,1.0,1.0,0.0,,-28.8,-28.8,-40.9,-16.1,-44.4,-11.1,,10,10,NSE constituent file,,"-0.4 vs #2 COFORGE — behind on Growth 12.3, Trend 2.7"
NIFTY IT,4,NSE:LTM,LTM Limited,Information Technology,Information Technology Services,Large,118792.0,4007.0,22.7,0.86,17.447308,,14.289,4.84,4.36,22.0,22.7,20.3,15.5,11.9,8.4,4.4,9.9,41.0,0.266,31.3,-46.1,1.87,42.6,68.49,-0.07,-12.3,37.7,18544.7,-8.741947292260665,51.8,73.0,73.0,24.0,9.6,13.9,14.5,7.0,4.0,ROE 4y avg 22.7%; PE vs sector 0.86×; Debt/Equity 9.90; ROE latest 22.0%,Profit CAGR 4.4%; 3-5y CAGR -8.7%; Price vs 200-DMA -12.3%,,,27,1.0,1.0,1.0,0.56,0.65,0.89,0.52,0.18,1.0,0.84,0.71,,0.68,0.48,0.98,1.0,1.0,0.55,0.27,1.0,0.75,1.0,1.0,0.79,0.26,1.0,1.0,0.0,,-21.8,-21.8,-23.1,-8.4,-30.3,-7.0,,10,10,NSE constituent file,,"-0.8 vs #3 TCS — behind on Quality 3.2, Shareholder 0.8"
NIFTY IT,5,NSE:WIPRO,Wipro Limited,Information Technology,Information Technology Services,Large,157652.0,159.35,12.7,0.48,11.464524,1.32,7.985,2.03,6.88,16.1,15.0,14.5,15.7,13.9,0.8,5.2,27.4,22.9,0.393,25.5,-48.0,5.02,87.4,72.59,-0.06,-19.6,41.7,23087.5,-7.556645346235181,46.3,71.2,71.2,22.8,5.4,18.2,14.6,6.7,3.5,ROE 4y avg 15.0%; PE vs sector 0.48×; Debt/Equity 27.4; FCF yield 6.9%,Revenue CAGR 0.8%; Profit CAGR 5.2%; Price vs 200-DMA -19.6%,,,28,0.8,0.84,0.97,0.59,0.79,1.0,0.03,0.21,0.86,1.0,0.93,0.71,0.93,0.96,0.95,1.0,1.0,0.7,0.21,1.0,1.0,0.45,1.0,0.79,0.08,0.9,1.0,0.0,,-33.9,-33.9,-21.4,-7.7,-49.9,-12.9,,10,10,NSE constituent file,,"-1.8 vs #4 LTM — behind on Growth 4.2, Quality 1.2"
NIFTY IT,6,NSE:PERSISTENT,Persistent Systems Limited,Information Technology,Information Technology Services,Mid,83849.0,5367.0,43.9,1.66,30.274784,3.35,29.6,9.97,1.0,25.2,22.8,22.1,16.0,12.2,20.9,26.5,6.9,34.2,0.079,34.8,-35.0,0.67,30.3,30.29,-0.27,1.0,18.7,29516.2,22.582895440178262,58.8,71.0,71.0,22.2,20.0,2.6,14.8,5.1,6.3,ROE 4y avg 22.8%; Revenue CAGR 20.9%; Profit CAGR 26.5%; Debt/Equity 6.90,PE vs sector 1.66×; PEG 3.35; P/B 9.97,,,28,1.0,1.0,1.0,0.66,0.68,0.3,1.0,1.0,1.0,0.1,0.29,0.0,0.11,0.2,0.99,1.0,1.0,0.46,0.55,0.93,0.47,1.0,0.46,0.75,0.69,0.97,1.0,0.96,,8.3,8.3,87.4,23.3,194.6,24.1,,10,10,NSE constituent file,,"-0.2 vs #5 WIPRO — behind on Valuation 15.6, Shareholder 1.6"
NIFTY IT,7,NSE:HCLTECH,HCL Technologies Limited,Information Technology,Information Technology Services,Large,336354.0,1243.1,19.3,0.73,15.519085,2.39,1203.147,4.56,0.05,24.1,23.2,22.1,16.9,13.0,8.7,3.9,7.1,26.4,0.001,25.1,-44.8,4.83,93.4,60.88,0.07,-7.2,30.2,38371.4,2.9142466571506542,50.5,68.6,68.6,21.9,9.5,11.1,15.0,6.5,4.5,ROE 4y avg 23.2%; PE vs sector 0.73×; Debt/Equity 7.10; ROE latest 24.1%,Profit CAGR 3.9%; FCF yield 0.1%; PEG 2.39,,,28,1.0,1.0,1.0,0.71,0.74,0.11,0.54,0.16,0.99,0.92,0.79,0.24,0.0,0.56,0.99,1.0,1.0,0.71,0.31,1.0,1.0,0.33,1.0,0.81,0.43,1.0,1.0,0.11,,-10.5,-10.5,0.4,0.1,-2.4,-0.5,,10,10,NSE constituent file,,"-2.4 vs #6 PERSISTENT — behind on Growth 10.5, Trend 1.8"
NIFTY IT,8,NSE:INFY,Infosys Limited,Information Technology,Information Technology Services,Large,419211.0,1035.0,13.3,0.5,12.941654,1.83,934.68,4.54,0.08,32.0,31.1,28.2,21.2,16.4,3.4,3.6,9.5,96.9,0.108,26.0,-48.2,4.83,64.6,13.82,-0.48,-17.0,40.1,112597.8,-8.942515087654268,50.4,65.0,65.0,23.1,4.9,13.1,14.7,5.5,3.7,ROE 4y avg 31.1%; PE vs sector 0.50×; Debt/Equity 9.50; Operating margin 21.2%,Revenue CAGR 3.4%; Profit CAGR 3.6%; FCF yield 0.1%,,,28,1.0,1.0,1.0,0.85,0.85,0.12,0.14,0.14,0.66,1.0,0.92,0.48,0.0,0.6,0.98,1.0,1.0,0.69,0.2,1.0,1.0,0.91,0.0,0.7,0.12,0.99,1.0,0.0,,-28.4,-28.4,-27.8,-10.3,-37.8,-9.1,,10,10,NSE constituent file,,"-3.6 vs #7 HCLTECH — behind on Growth 4.6, Shareholder 1.0"
NIFTY IT,9,NSE:MPHASIS,MphasiS Limited,Information Technology,Information Technology Services,Mid,42938.0,2250.2,22.5,0.85,17.72187,2.4,14.967,3.79,0.92,17.7,18.3,17.3,14.8,11.6,4.8,4.4,24.7,13.3,0.489,31.7,-34.7,2.76,57.0,30.54,-9.56,-5.4,24.4,12067.2,-0.7387778193463923,38.9,64.7,64.7,20.2,6.9,12.9,14.4,5.8,4.5,ROE 4y avg 18.3%; PE vs sector 0.85×; Debt/Equity 24.7; forward P/E 17.7 vs P/E 22.5,Profit CAGR 4.4%; Revenue CAGR 4.8%; PEG 2.40,,,28,0.93,0.91,1.0,0.52,0.6,0.28,0.19,0.18,1.0,0.85,0.71,0.24,0.65,0.68,0.95,1.0,1.0,0.54,0.56,0.74,0.95,1.0,0.46,0.0,0.49,1.0,1.0,0.0,,-16.4,-16.4,-5.4,-1.9,-25.6,-5.8,,10,10,NSE constituent file,,-0.3 vs #8 INFY — behind on Quality 2.9
NIFTY IT,10,NSE:TECHM,Tech Mahindra Limited,Information Technology,Information Technology Services,Large,135812.0,1533.0,26.5,1.0,17.49139,1.86,14.036,4.58,,,14.5,8.8,14.4,8.7,2.2,-0.1,7.3,20.5,0.158,27.2,-29.1,3.33,88.2,34.97,-0.03,1.3,17.3,36818.9,9.501879967445293,46.3,58.9,58.9,15.7,4.7,12.1,15.6,5.8,5.0,Debt/Equity 7.30; forward P/E 17.5 vs P/E 26.5; Interest cover 20.5×; Dividend yield 3.3%,Profit CAGR -0.1%; Revenue CAGR 2.2%; Net margin 8.7%,,,26,0.76,,0.48,0.47,0.33,,0.09,0.0,1.0,0.7,0.63,0.46,0.69,0.52,0.99,1.0,1.0,0.66,0.67,1.0,1.0,0.44,0.57,0.79,0.7,0.67,1.0,0.41,,8.3,8.3,26.0,8.0,11.8,2.3,,10,10,NSE constituent file,,"-5.8 vs #9 MPHASIS — behind on Quality 4.5, Growth 2.2"
NIFTY MEDIA,1,NSE:SUNTV,Sun TV Network Limited,Media Entertainment & Publication,Broadcasting,Small,23657.0,600.3,15.5,0.4,13.489887,,6.899,1.87,,,15.7,11.4,43.9,34.0,4.7,-5.5,0.8,140.4,0.13,30.6,-48.3,3.33,32.2,75.0,0.0,11.1,9.6,7344.6,2.025368545859263,58.4,73.9,73.9,25.0,5.1,17.0,13.7,7.8,5.3,ROE 4y avg 15.7%; PE vs sector 0.40×; Operating margin 43.9%; Debt/Equity 0.80,Profit CAGR -5.5%; Revenue CAGR 4.7%; Max drawdown 3y -48.3%,,,25,0.83,,0.74,1.0,1.0,,0.19,0.0,0.91,1.0,0.89,,0.97,0.5,1.0,1.0,1.0,0.57,0.2,0.57,1.0,1.0,1.0,0.8,1.0,0.8,1.0,0.08,,-0.5,-0.5,-3.6,-1.2,15.2,2.9,,10,4,NSE constituent file,"DBCORP, MPSLTD, NAZARA, NETWORK18, SAREGAMA, TIPSMUSIC","#1, 28.9 pts ahead of PVRINOX — leads on Quality +18.0, Safety +6.4"
NIFTY MEDIA,2,NSE:PVRINOX,PVR INOX Limited,Media Entertainment & Publication,Entertainment,Micro,11476.0,1220.0,42.9,1.11,20.819979,,7.482,1.63,,,-1.1,-4.6,13.2,6.5,20.9,,91.9,1.3,0.327,31.2,-53.2,,0.0,27.53,0.0,16.4,10.1,6679.2,-11.934277746613864,,45.0,55.8,7.0,20.0,12.9,7.3,3.4,5.3,Revenue CAGR 20.9%; forward P/E 20.8 vs P/E 42.9; EV/EBITDA 7.48×; Beta 0.33,ROE 4y avg -1.1%; Interest cover 1.30×; ROE worst year -4.6%,losses in more than one recent year; weak interest cover (1.3×),,24,0.0,,0.0,0.59,0.51,,1.0,,1.0,0.59,0.32,,0.94,0.75,0.56,0.09,1.0,0.55,0.1,0.4,0.3,0.5,0.33,0.8,1.0,0.85,1.0,0.0,,10.6,10.6,-29.1,-10.9,-24.0,-5.3,,10,4,NSE constituent file,"DBCORP, MPSLTD, NAZARA, NETWORK18, SAREGAMA, TIPSMUSIC","-28.9 vs #1 SUNTV — behind on Quality 18.0, Safety 6.4"
NIFTY MEDIA,3,NSE:PFOCUS,Prime Focus Limited,Media Entertainment & Publication,Entertainment,Small,23359.0,299.95,215.8,5.61,30.922682,,18.277,11.16,,,116.8,-78.4,9.7,2.3,-0.3,14.1,224.6,1.7,0.116,55.1,-44.3,,0.0,60.73,-0.07,9.0,18.3,4733.4,55.01560716933418,,44.5,44.5,14.9,10.6,3.2,4.7,4.7,6.4,ROE 4y avg 116.8%; Profit CAGR 14.1%; forward P/E 30.9 vs P/E 215.8; Beta 0.12,Revenue CAGR -0.3%; PE vs sector 5.61×; Debt/Equity 224.6,losses in more than one recent year; high debt (D/E 225); weak interest cover (1.7×); very expensive (P/E 216),,25,1.0,,0.0,0.35,0.21,,0.0,0.83,1.0,0.0,0.0,,0.52,0.25,0.0,0.21,1.0,0.05,0.32,0.57,0.3,0.5,1.0,0.79,0.96,0.64,1.0,1.0,,73.9,74.0,226.9,48.5,306.1,32.4,,10,4,NSE constituent file,"DBCORP, MPSLTD, NAZARA, NETWORK18, SAREGAMA, TIPSMUSIC","-0.5 vs #2 PVRINOX — behind on Valuation 9.7, Growth 9.4"
NIFTY MEDIA,4,NSE:ZEEL,Zee Entertainment Enterprises Limited,Media Entertainment & Publication,Broadcasting,Micro,6914.0,71.98,34.1,0.89,,,,0.58,,,2.5,0.4,,,0.0,78.8,2.3,11.0,,47.3,-75.8,2.78,,3.99,0.0,,39.2,19037.2,-34.73481120656249,,43.1,43.1,0.2,7.5,16.0,11.0,4.9,3.6,Debt/Equity 2.30; PE vs sector 0.89×; P/B 0.58; Interest cover 11.0×,ROE 4y avg 2.5%; Revenue CAGR 0.0%; ROE worst year 0.4%,,,18,0.0,,0.02,,,,0.0,0.75,,0.81,0.51,,,1.0,1.0,1.0,,0.13,0.0,0.24,0.95,,0.0,0.8,,0.36,1.0,0.0,,-37.0,-37.0,-72.7,-35.2,-75.7,-24.6,,10,4,NSE constituent file,"DBCORP, MPSLTD, NAZARA, NETWORK18, SAREGAMA, TIPSMUSIC","-1.4 vs #3 PFOCUS — behind on Quality 14.7, Growth 3.1"
NIFTY METAL,1,NSE:NMDC,NMDC Limited,Metals & Mining,Steel,Mid,65622.0,74.64,8.9,0.48,7.2200704,,6.531,1.92,,,22.6,21.7,34.8,23.2,22.0,10.0,18.8,84.7,0.641,33.6,-35.8,2.68,41.3,60.79,0.0,-11.3,23.4,11996.9,18.476100030242314,60.8,88.5,88.5,26.2,15.9,18.8,14.5,7.6,5.4,ROE 4y avg 22.6%; Revenue CAGR 22.0%; PE vs sector 0.48×; Debt/Equity 18.8,Price vs 200-DMA -11.3%,,,25,1.0,,1.0,0.88,0.83,,1.0,0.5,0.99,1.0,0.99,,0.98,0.79,0.96,1.0,0.98,0.49,0.53,0.84,0.93,1.0,1.0,0.8,0.3,1.0,1.0,0.9,,-2.0,-2.0,51.2,14.8,102.8,15.2,,15,15,NSE constituent file,,"#1, 4.3 pts ahead of NATIONALUM — leads on Valuation +1.5, Shareholder +1.1"
NIFTY METAL,2,NSE:NATIONALUM,National Aluminium Company Limited,Metals & Mining,Aluminum,Mid,61509.0,334.9,9.1,0.49,8.628134,,5.763,2.85,,,20.3,10.9,47.6,34.9,7.8,59.3,0.3,341.3,0.715,41.6,-42.1,1.19,35.4,51.28,0.0,-11.0,24.8,22441.2,56.52670967396498,65.5,84.2,84.2,25.9,15.0,17.3,13.8,6.5,5.6,ROE 4y avg 20.3%; Profit CAGR 59.3%; PE vs sector 0.49×; Debt/Equity 0.30,Volatility 41.6%; Price vs 200-DMA -11.0%; Max drawdown 3y -42.1%,,,25,1.0,,0.69,0.95,0.92,,0.48,1.0,0.8,1.0,0.98,,1.0,0.47,1.0,1.0,0.94,0.25,0.39,0.82,0.59,1.0,0.96,0.8,0.31,1.0,1.0,1.0,,56.1,56.2,246.9,51.5,250.7,28.5,,15,15,NSE constituent file,,"-4.3 vs #1 NMDC — behind on Valuation 1.5, Shareholder 1.1"
NIFTY METAL,3,NSE:HINDZINC,Hindustan Zinc Limited,Metals & Mining,Other Industrial Metals & Mining,Large,234526.0,555.05,13.7,0.74,12.402908,,8.732,10.36,,,67.8,51.1,54.7,38.1,5.6,9.6,39.0,25.3,0.673,37.1,-48.0,3.78,27.2,60.71,-1.13,-5.4,24.3,27534.5,24.504706735388492,57.2,78.8,78.8,27.7,9.3,14.5,13.7,7.6,6.0,ROE 4y avg 67.8%; PE vs sector 0.74×; Operating margin 54.7%; Debt/Equity 39.0,Revenue CAGR 5.6%; P/B 10.4; Max drawdown 3y -48.0%,,,25,1.0,,1.0,1.0,0.95,,0.26,0.48,0.86,0.92,0.92,,0.9,0.16,0.92,1.0,0.96,0.39,0.21,1.0,1.0,1.0,1.0,0.57,0.49,1.0,1.0,0.99,,15.3,15.3,80.8,21.9,81.3,12.6,,15,15,NSE constituent file,,"-5.4 vs #2 NATIONALUM — behind on Growth 5.7, Valuation 2.8"
NIFTY METAL,4,NSE:VEDL,Vedanta Limited,Metals & Mining,Other Industrial Metals & Mining,Mid,98421.0,252.05,11.1,0.6,7.8392186,,4.228,1.98,,,30.6,13.8,31.2,23.2,-19.2,18.0,48.0,7.8,0.368,47.2,-68.0,13.49,118.6,54.72,-1.66,-45.9,68.3,27693.5,9.474073495968561,47.3,73.6,73.6,25.5,11.4,18.3,12.5,3.3,2.7,ROE 4y avg 30.6%; Profit CAGR 18.0%; PE vs sector 0.60×; Debt/Equity 48.0,Revenue CAGR -19.2%; Dividend yield 13.5%; Max drawdown 3y -68.0%,,,25,1.0,,0.92,0.82,0.83,,0.0,0.93,1.0,0.97,0.96,,1.0,0.74,0.9,0.93,1.0,0.13,0.0,0.99,0.3,0.0,0.97,0.45,0.0,0.03,1.0,0.41,,,,,,,,1Y blanked: unadjusted -65% move on 2026-04-30; 3Y blanked: unadjusted -65% move on 2026-04-30; 5Y blanked: unadjusted -65% move on 2026-04-30,15,15,NSE constituent file,,"-5.2 vs #3 HINDZINC — behind on Shareholder 4.3, Trend 3.3"
NIFTY METAL,5,NSE:LLOYDSME,Lloyds Metals And Energy Limited,Metals & Mining,Steel,Mid,100166.0,1780.0,20.8,1.12,12.390366,,14.722,7.22,,,18.6,-18.9,34.3,21.5,71.4,,145.2,11.7,0.077,39.4,-33.0,0.06,1.2,61.63,-2.1,11.7,16.2,8655.9,45.747232622436854,,73.6,73.6,20.9,20.0,10.7,10.7,4.4,6.9,Revenue CAGR 71.4%; ROE 4y avg 18.6%; Operating margin 34.3%; forward P/E 12.4 vs P/E 20.8,Debt/Equity 145.2; P/B 7.22; ROE worst year -18.9%,,,24,0.94,,0.0,0.85,0.78,,1.0,,1.0,0.58,0.76,,0.66,0.21,0.18,1.0,1.0,0.32,0.59,1.0,0.32,0.53,1.0,0.35,1.0,0.92,1.0,1.0,,43.8,43.8,223.1,47.9,,,5Y n/a: listed/data from 2023-07-17,15,15,NSE constituent file,,"+0.0 vs #4 VEDL — behind on Valuation 7.6, Quality 4.6"
NIFTY METAL,6,NSE:HINDCOPPER,Hindustan Copper Limited,Metals & Mining,Copper,Mid,44870.0,464.0,39.5,2.12,22.415459,,25.082,13.44,,,18.0,12.9,48.9,32.5,22.5,45.9,3.3,4111.4,1.512,48.1,-52.8,0.93,20.9,66.14,0.0,-12.9,39.0,44568.9,42.7680396740091,62.6,71.3,71.3,25.6,20.0,2.5,11.3,6.4,5.5,Revenue CAGR 22.5%; Profit CAGR 45.9%; ROE 4y avg 18.0%; Debt/Equity 3.30,PE vs sector 2.12×; P/B 13.4; EV/EBITDA 25.1×,,,25,0.92,,0.86,0.98,0.88,,1.0,1.0,1.0,0.0,0.4,,0.2,0.05,0.99,1.0,0.2,0.12,0.11,0.75,0.53,1.0,1.0,0.8,0.23,1.0,1.0,1.0,,37.8,37.9,187.2,42.2,320.7,33.3,,15,15,NSE constituent file,,"-2.3 vs #5 LLOYDSME — behind on Valuation 8.2, Trend 1.4"
NIFTY METAL,7,NSE:APLAPOLLO,APL Apollo Tubes Limited,Capital Goods,Steel,Mid,58744.0,2115.7,47.9,0.92,33.239384,,31.626,11.09,,,20.6,18.0,6.3,5.2,12.6,23.3,9.4,15.2,0.332,33.4,-26.3,0.4,13.0,28.25,-0.06,6.1,8.1,13515.4,9.334828785150373,52.5,68.5,68.5,17.1,18.0,8.4,15.0,4.4,5.6,ROE 4y avg 20.6%; Profit CAGR 23.3%; Debt/Equity 9.40; forward P/E 33.2 vs P/E 47.9,Operating margin 6.3%; Net margin 5.2%; EV/EBITDA 31.6×,,,25,1.0,,1.0,0.11,0.17,,0.76,0.98,1.0,0.78,0.2,,0.07,0.32,0.98,1.0,1.0,0.49,0.72,0.81,0.4,0.83,0.36,0.79,0.86,0.88,1.0,0.4,,22.2,22.2,29.0,8.9,149.2,20.0,,15,15,NSE constituent file,,"-2.8 vs #6 HINDCOPPER — behind on Quality 8.5, Growth 2.0"
NIFTY METAL,8,NSE:JSL,Jindal Stainless Limited,Metals & Mining,Steel,Mid,60330.0,732.2,18.6,1.0,14.106542,,11.671,13.4,,,16.9,15.0,9.1,7.4,6.4,14.7,37.5,9.3,0.539,40.2,-38.2,0.55,7.6,62.05,0.95,-1.7,17.2,5358.5,12.8196669428704,41.9,68.2,68.2,18.1,13.7,11.8,13.7,5.7,5.2,ROE 4y avg 16.9%; Profit CAGR 14.7%; Debt/Equity 37.5; forward P/E 14.1 vs P/E 18.6,Revenue CAGR 6.4%; Operating margin 9.1%; P/B 13.4,,,25,0.88,,1.0,0.25,0.42,,0.34,0.88,1.0,0.7,0.81,,0.78,0.11,0.93,0.98,1.0,0.29,0.49,0.82,0.44,0.69,1.0,0.99,0.6,0.67,1.0,0.67,,-3.9,-3.9,47.9,13.9,335.2,34.2,,15,15,NSE constituent file,,"-0.3 vs #7 APLAPOLLO — behind on Growth 4.3, Safety 1.3"
NIFTY METAL,9,NSE:HINDALCO,Hindalco Industries Limited,Metals & Mining,Aluminum,Large,209075.0,941.85,12.8,0.69,8.474311,,6.888,1.53,,,10.7,9.6,13.7,5.5,7.1,9.9,72.6,6.6,0.925,32.2,-26.2,0.53,6.8,34.66,0.02,-4.3,19.9,40391.7,24.48319961685119,44.1,65.6,65.6,12.6,11.2,18.4,13.4,4.6,5.4,PE vs sector 0.69×; forward P/E 8.5 vs P/E 12.8; Interest cover 6.60×; P/B 1.53,Net margin 5.5%,,,25,0.46,,0.56,0.52,0.28,,0.41,0.49,1.0,0.94,0.93,,0.97,0.84,0.72,0.9,0.84,0.52,0.73,1.0,0.43,0.67,0.57,0.8,0.52,0.6,1.0,0.99,,23.0,23.0,96.2,25.2,94.5,14.2,,15,15,NSE constituent file,,"-2.6 vs #8 JSL — behind on Quality 5.5, Growth 2.5"
NIFTY METAL,10,NSE:JSWSTEEL,JSW Steel Limited,Metals & Mining,Steel,Large,300973.0,1233.0,12.2,0.66,16.923319,,10.329,3.01,,,11.1,4.4,15.3,13.1,3.6,75.3,95.4,4.5,0.627,27.3,-15.0,0.58,9.8,44.29,-1.02,-0.7,8.7,19980.4,15.629814749591088,39.9,60.8,60.8,14.0,7.2,15.9,12.9,5.0,5.9,"PE vs sector 0.66×; P/E 12.2; EV/EBITDA 10.3×; Size (market cap) 300,973 Cr",Revenue CAGR 3.6%; forward P/E 16.9 vs P/E 12.2; ROE worst year 4.4%,,,25,0.49,,0.22,0.58,0.65,,0.14,0.75,0.0,0.95,0.94,,0.84,0.42,0.54,0.76,0.99,0.66,0.93,1.0,0.45,0.74,0.81,0.6,0.63,0.87,1.0,0.86,,7.6,7.6,60.1,17.0,82.9,12.8,,15,15,NSE constituent file,,"-4.8 vs #9 HINDALCO — behind on Growth 4.0, Valuation 2.5"
NIFTY PHARMA,1,NSE:ZYDUSLIFE,Zydus Lifesciences Limited,Healthcare,Drug Manufacturers - Specialty & Generic,Large,114284.0,1145.7,25.5,0.49,,,,4.25,,,17.0,11.2,,,16.5,37.0,42.3,19.1,,25.0,-36.8,0.09,,75.01,0.02,,7.0,17139.6,22.025794062320216,57.9,86.0,86.0,23.4,19.3,17.0,14.8,5.0,6.5,Profit CAGR 37.0%; Revenue CAGR 16.5%; ROE 4y avg 17.0%; PE vs sector 0.49×,Dividend yield 0.1%,,,18,0.88,,0.72,,,,0.93,1.0,,1.0,0.64,,,0.77,0.92,1.0,,0.72,0.51,1.0,0.32,,1.0,0.8,,0.83,1.0,0.96,,15.6,15.6,87.5,23.4,106.2,15.6,,20,20,NSE constituent file,,"#1, 3.3 pts ahead of AJANTPHARM — leads on Valuation +6.5, Growth +1.1"
NIFTY PHARMA,2,NSE:AJANTPHARM,Ajanta Pharma Limited,Healthcare,Drug Manufacturers - Specialty & Generic,Mid,44810.0,3586.0,39.4,0.76,30.78457,,28.358,9.9,,,22.0,17.4,25.2,19.6,13.4,21.6,5.9,86.5,0.218,28.9,-30.1,1.79,30.8,63.48,-2.78,15.0,5.5,3432.1,26.992084157455952,,82.7,82.7,25.9,18.2,10.5,15.0,6.4,6.8,ROE 4y avg 22.0%; Profit CAGR 21.6%; Revenue CAGR 13.4%; PE vs sector 0.76×,P/B 9.90; EV/EBITDA 28.4×; P/E 39.4,,,25,1.0,,1.0,0.82,0.85,,0.81,0.97,1.0,0.91,0.4,,0.13,0.34,0.99,1.0,1.0,0.61,0.65,0.75,0.73,1.0,1.0,0.2,1.0,0.85,1.0,1.0,,49.3,49.4,99.9,26.0,137.6,18.9,,20,20,NSE constituent file,,"-3.3 vs #1 ZYDUSLIFE — behind on Valuation 6.5, Growth 1.1"
NIFTY PHARMA,3,NSE:ABBOTINDIA,Abbott India Limited,Healthcare,Drug Manufacturers - Specialty & Generic,Mid,57054.0,26850.0,35.3,0.68,29.700006,,28.561,11.95,,,32.0,29.8,27.7,23.1,9.0,17.8,3.6,84.2,0.043,22.5,-28.5,1.96,62.5,,,0.1,12.4,2694.1,7.086022767352063,,80.6,80.6,26.8,15.7,11.0,15.5,6.7,5.0,ROE 4y avg 32.0%; Profit CAGR 17.8%; PE vs sector 0.68×; Debt/Equity 3.60,P/B 11.9; EV/EBITDA 28.6×; 3-5y CAGR 7.1%,,,23,1.0,,1.0,0.9,0.91,,0.56,0.93,0.94,0.94,0.49,,0.13,0.32,0.99,1.0,1.0,0.78,0.68,0.8,0.77,0.95,,,0.65,0.85,1.0,0.27,,-10.2,-10.2,16.1,5.1,21.8,4.0,,20,20,NSE constituent file,,"-2.1 vs #2 AJANTPHARM — behind on Growth 2.5, Trend 1.8"
NIFTY PHARMA,4,NSE:SUNPHARMA,Sun Pharmaceutical Industries Limited,Healthcare,Drug Manufacturers - Specialty & Generic,Large,432120.0,1801.0,35.7,0.69,27.906345,1.04,24.334,5.17,,,14.8,13.7,23.2,20.2,10.4,10.6,5.5,45.6,0.121,20.0,-19.1,0.89,31.8,54.48,0.0,-0.3,12.0,35244.2,17.39767763255111,54.7,78.8,78.8,22.9,13.5,13.8,16.4,6.3,5.9,PE vs sector 0.69×; Debt/Equity 5.50; forward P/E 27.9 vs P/E 35.7; Interest cover 45.6×,EV/EBITDA 24.3×,,,26,0.78,,0.91,0.78,0.86,,0.64,0.55,1.0,0.94,0.48,0.83,0.23,0.68,0.99,1.0,1.0,0.85,0.86,1.0,0.52,1.0,0.97,0.8,0.64,0.84,1.0,0.89,,10.1,10.1,57.8,16.4,117.9,16.9,,20,20,NSE constituent file,,"-1.8 vs #3 ABBOTINDIA — behind on Quality 3.9, Growth 2.2"
NIFTY PHARMA,5,NSE:LUPIN,Lupin Limited,Healthcare,Drug Manufacturers - Specialty & Generic,Mid,92885.0,2031.2,16.8,0.32,19.88081,,10.603,4.14,,,14.9,3.5,25.4,18.5,19.1,131.5,29.4,17.7,0.163,26.2,-22.2,0.89,9.9,46.85,-0.05,-10.3,19.7,17673.5,21.39574001175102,59.6,78.7,78.7,20.1,14.0,17.8,15.6,5.6,5.6,Revenue CAGR 19.1%; PE vs sector 0.32×; Debt/Equity 29.4; Operating margin 25.4%,forward P/E 19.9 vs P/E 16.8; ROE worst year 3.5%; Price vs 200-DMA -10.3%,,,25,0.79,,0.18,0.84,0.82,,0.98,0.75,0.03,1.0,0.85,,0.83,0.8,0.94,1.0,1.0,0.68,0.81,0.97,0.52,0.75,0.87,0.79,0.34,0.99,1.0,0.95,,2.5,2.5,73.0,20.1,110.2,16.0,,20,20,NSE constituent file,,"-0.1 vs #4 SUNPHARMA — behind on Quality 2.8, Safety 0.8"
NIFTY PHARMA,6,NSE:ALKEM,Alkem Laboratories Limited,Healthcare,Drug Manufacturers - Specialty & Generic,Mid,62413.0,5220.0,28.9,0.56,23.357908,,20.82,4.52,,,15.8,10.9,17.8,14.3,8.3,32.7,14.3,25.8,0.281,23.1,-27.7,0.38,28.3,49.7,-3.34,-4.7,12.0,7328.5,12.714815890884745,50.3,76.9,76.9,20.2,16.1,14.7,15.4,5.2,5.3,Profit CAGR 32.7%; ROE 4y avg 15.8%; PE vs sector 0.56×; Debt/Equity 14.3,Dividend yield 0.4%; Promoter change 1y -3.3 pts,,,25,0.83,,0.69,0.59,0.69,,0.52,1.0,0.99,0.98,0.59,,0.41,0.73,0.97,1.0,1.0,0.77,0.7,0.83,0.4,1.0,0.94,0.12,0.51,0.84,1.0,0.66,,-4.4,-4.4,46.1,13.5,30.8,5.5,,20,20,NSE constituent file,,-1.8 vs #5 LUPIN — behind on Valuation 3.1
NIFTY PHARMA,7,NSE:MANKIND,Mankind Pharma Limited,Healthcare,Drug Manufacturers - Specialty & Generic,Mid,104707.0,2535.0,51.3,0.99,35.703163,,28.028,6.42,,,15.8,11.7,20.6,13.9,17.7,14.3,38.1,4.7,0.452,30.5,-35.7,0.08,2.0,72.63,-0.05,10.4,4.0,11360.9,11.8155979188878,48.4,73.7,73.7,21.2,18.4,9.1,14.0,4.8,6.2,Revenue CAGR 17.7%; Profit CAGR 14.3%; ROE 4y avg 15.8%; Debt/Equity 38.1,EV/EBITDA 28.0×; P/E 51.3; Dividend yield 0.1%,,,25,0.83,,0.77,0.71,0.66,,0.95,0.84,1.0,0.71,0.14,,0.14,0.55,0.92,0.8,1.0,0.57,0.54,1.0,0.32,0.55,1.0,0.79,1.0,0.86,1.0,0.59,,3.9,3.9,41.0,12.1,,,5Y n/a: listed/data from 2023-05-09,20,20,NSE constituent file,,"-3.2 vs #6 ALKEM — behind on Valuation 5.6, Safety 1.4"
NIFTY PHARMA,8,NSE:IPCALAB,IPCA Laboratories Limited,Healthcare,Drug Manufacturers - Specialty & Generic,Mid,49345.0,1945.0,37.6,0.72,27.663897,,22.336,6.12,,,10.4,8.1,20.0,12.9,15.5,34.3,8.5,21.8,0.055,28.2,-27.2,0.31,3.9,44.72,0.0,18.9,4.6,7656.1,30.23625676689217,55.8,73.7,73.7,14.8,19.3,12.8,15.1,4.8,6.9,Profit CAGR 34.3%; Revenue CAGR 15.5%; PE vs sector 0.72×; Debt/Equity 8.50,EV/EBITDA 22.3×; Dividend yield 0.3%,,,25,0.43,,0.41,0.69,0.61,,0.91,1.0,1.0,0.93,0.44,,0.33,0.59,0.98,1.0,1.0,0.63,0.71,0.77,0.38,0.6,0.82,0.8,1.0,0.93,1.0,1.0,,46.4,46.4,107.7,27.6,60.4,9.9,,20,20,NSE constituent file,,+0.0 vs #7 MANKIND — behind on Quality 6.4
NIFTY PHARMA,9,NSE:AUROPHARMA,Aurobindo Pharma Limited,Healthcare,Drug Manufacturers - Specialty & Generic,Mid,96479.0,1676.8,26.2,0.5,17.963213,,13.512,2.57,,,9.4,7.2,15.2,10.6,10.7,22.1,21.3,15.5,0.033,29.3,-34.6,0.24,6.2,51.88,0.06,17.8,3.6,14898.5,23.266744348172665,53.1,72.5,72.5,11.1,17.0,17.3,15.1,5.1,6.9,Profit CAGR 22.1%; PE vs sector 0.50×; Debt/Equity 21.3; forward P/E 18.0 vs P/E 26.2,ROE 4y avg 9.4%; Dividend yield 0.2%; ROE worst year 7.2%,,,25,0.34,,0.36,0.45,0.48,,0.65,0.97,1.0,1.0,0.63,,0.71,0.95,0.96,1.0,1.0,0.6,0.56,0.98,0.36,0.66,0.96,0.81,1.0,0.95,1.0,0.97,,54.4,54.4,84.5,22.7,133.8,18.5,,20,20,NSE constituent file,,"-1.2 vs #8 IPCALAB — behind on Quality 3.7, Growth 2.3"
NIFTY PHARMA,10,NSE:TORNTPHARM,Torrent Pharmaceuticals Limited,Healthcare,Drug Manufacturers - Specialty & Generic,Large,181333.0,4767.3,76.3,1.47,51.178196,,38.061,19.23,,,23.8,20.1,21.8,13.9,13.3,20.2,85.4,8.5,0.137,23.7,-17.0,0.8,60.7,68.31,0.0,6.8,9.2,25738.6,38.678032640012795,62.5,71.2,71.2,24.4,18.0,1.8,14.2,6.3,6.5,ROE 4y avg 23.8%; Profit CAGR 20.2%; Revenue CAGR 13.3%; forward P/E 51.2 vs P/E 76.3,PE vs sector 1.47×; P/B 19.2; P/E 76.3,,,25,1.0,,1.0,0.76,0.66,,0.8,0.95,1.0,0.19,0.0,,0.0,0.09,0.62,0.95,1.0,0.75,0.9,1.0,0.5,0.99,1.0,0.8,0.89,0.81,1.0,1.0,,33.6,33.7,153.5,36.4,209.5,25.4,,20,20,NSE constituent file,,"-1.3 vs #9 AUROPHARMA — behind on Valuation 15.5, Safety 0.9"
NIFTY PSU BANK,1,NSE:MAHABANK,Bank of Maharashtra,Financial Services,Banks - Regional,Mid,61917.0,80.5,8.2,0.39,6.44,,,1.73,,23.0,19.4,16.5,57.5,53.4,15.6,39.1,,,0.777,39.5,-39.8,2.73,22.5,73.6,-6.0,6.4,14.8,12390.7,25.781767194354988,66.7,90.5,90.5,27.1,19.3,20.0,10.6,6.8,6.6,Profit CAGR 39.1%; ROE 4y avg 19.4%; Revenue CAGR 15.6%; PE vs sector 0.39×,Volatility 39.5%; Promoter change 1y -6.0 pts,,,22,0.98,1.0,1.0,,0.9,,0.91,1.0,1.0,1.0,1.0,,,1.0,,,0.91,0.32,0.45,0.82,0.94,1.0,1.0,0.0,0.87,0.9,1.0,1.0,,43.9,43.9,62.6,17.6,302.5,32.1,,12,11,NSE constituent file,PSB,"#1, 4.8 pts ahead of SBIN — leads on Quality +4.9, Growth +3.0"
NIFTY PSU BANK,2,NSE:SBIN,State Bank of India,Financial Services,Banks - Regional,Large,880693.0,954.1,10.2,0.49,9.072846,0.53,,1.42,,15.2,15.4,14.0,35.7,22.4,12.2,14.4,,,0.386,24.5,-23.9,1.82,18.6,55.47,-0.03,-8.7,22.7,89740.2,19.043319209776953,60.4,85.7,85.7,22.2,16.3,19.8,14.9,6.9,5.6,Profit CAGR 14.4%; ROE 4y avg 15.4%; PE vs sector 0.49×; P/B 1.42,Price vs 200-DMA -8.7%,,,23,0.82,0.81,0.93,,0.63,,0.74,0.85,0.88,1.0,0.97,0.99,,1.0,,,1.0,0.73,0.77,1.0,0.73,0.97,0.98,0.79,0.39,1.0,1.0,0.91,,10.4,10.4,58.2,16.6,111.2,16.1,,12,11,NSE constituent file,PSB,"-4.8 vs #1 MAHABANK — behind on Quality 4.9, Growth 3.0"
NIFTY PSU BANK,3,NSE:INDIANB,Indian Bank,Financial Services,Banks - Regional,Large,106834.0,793.15,8.4,0.4,7.228761,,,1.27,,16.2,13.9,11.3,48.0,36.4,10.4,28.1,,,0.285,37.5,-21.8,2.3,19.2,73.84,0.0,-8.5,20.8,14121.4,28.483361207167455,66.0,84.6,84.6,21.2,16.8,20.0,13.6,7.3,5.8,Profit CAGR 28.1%; PE vs sector 0.40×; P/B 1.27; forward P/E 7.2 vs P/E 8.4,Volatility 37.5%; Price vs 200-DMA -8.5%,,,22,0.71,0.85,0.73,,0.78,,0.64,1.0,0.92,1.0,0.99,,,1.0,,,1.0,0.38,0.81,1.0,0.84,0.98,1.0,0.8,0.39,1.0,1.0,1.0,,7.6,7.6,79.7,21.6,459.3,41.1,,12,11,NSE constituent file,PSB,"-1.1 vs #2 SBIN — behind on Safety 1.3, Quality 1.0"
NIFTY PSU BANK,4,NSE:CANBK,Canara Bank,Financial Services,Banks - Regional,Large,107360.0,118.36,5.4,0.26,5.084865,,,0.91,,,16.1,14.4,44.1,43.1,5.0,20.5,,,0.498,34.2,-35.2,3.55,19.2,62.93,0.0,-12.8,27.3,20394.9,21.237200618665696,58.5,81.8,81.8,24.3,12.5,19.1,12.8,7.8,5.4,Profit CAGR 20.5%; ROE 4y avg 16.1%; PE vs sector 0.26×; P/B 0.91,Revenue CAGR 5.0%; Price vs 200-DMA -12.8%,,,21,0.84,,0.96,,0.84,,0.2,0.95,0.81,1.0,1.0,,,0.85,,,1.0,0.47,0.55,1.0,1.0,0.98,1.0,0.8,0.24,1.0,1.0,0.94,,-4.4,-4.4,53.9,15.5,234.6,27.3,,12,11,NSE constituent file,PSB,"-2.8 vs #3 INDIANB — behind on Growth 4.3, Valuation 0.9"
NIFTY PSU BANK,5,NSE:UNIONBANK,Union Bank of India,Financial Services,Banks - Regional,Large,127932.0,167.59,6.2,0.3,6.2578645,,,0.92,,15.8,13.8,10.8,48.8,40.5,7.6,31.7,,,0.9,40.0,-38.9,2.98,36.1,74.76,0.0,-4.5,18.4,20800.7,24.676496821140837,57.4,78.7,78.7,21.1,13.5,19.2,11.1,7.8,6.0,Profit CAGR 31.7%; PE vs sector 0.30×; P/B 0.92; ROE latest 15.8%,Volatility 40.0%,,,22,0.7,0.83,0.68,,0.82,,0.46,1.0,0.46,1.0,1.0,,,0.87,,,0.85,0.3,0.47,1.0,1.0,1.0,1.0,0.8,0.52,0.97,1.0,1.0,,20.8,20.8,49.5,14.4,359.8,35.7,,12,11,NSE constituent file,PSB,"-3.1 vs #4 CANBK — behind on Quality 3.2, Safety 1.7"
NIFTY PSU BANK,6,NSE:BANKBARODA,Bank of Baroda,Financial Services,Banks - Regional,Large,119365.0,230.82,6.6,0.31,5.3512573,,,0.71,,11.3,14.0,12.0,45.5,27.4,10.3,10.0,,,0.422,33.2,-32.2,3.68,24.2,63.97,0.0,-14.3,29.1,19755.1,6.147652308001406,55.3,74.3,74.3,19.1,13.0,17.0,13.2,7.8,4.2,PE vs sector 0.31×; forward P/E 5.4 vs P/E 6.6; P/E 6.60; Dividend yield 3.7%,Price vs 200-DMA -14.3%; 3-5y CAGR 6.1%,,,22,0.72,0.5,0.8,,0.69,,0.63,0.5,0.99,1.0,1.0,,,0.52,,,1.0,0.5,0.61,1.0,1.0,1.0,1.0,0.8,0.18,1.0,1.0,0.23,,-11.1,-11.1,6.0,1.9,180.0,22.9,,12,11,NSE constituent file,PSB,"-4.4 vs #5 UNIONBANK — behind on Valuation 2.2, Quality 2.0"
NIFTY PSU BANK,7,NSE:PNB,Punjab National Bank,Financial Services,Banks - Regional,Large,125928.0,109.57,5.7,0.27,6.388563,,,0.81,,15.0,9.4,3.3,48.0,38.1,10.0,76.4,,,0.5,34.4,-37.7,2.74,15.6,70.08,0.0,-3.9,18.9,17213.5,16.78989247619782,54.4,69.1,69.1,14.2,11.5,18.1,12.6,7.4,5.3,PE vs sector 0.27×; Net margin 38.1%; ROE latest 15.0%; P/E 5.70,ROE 4y avg 9.4%; forward P/E 6.4 vs P/E 5.7; ROE worst year 3.3%,,,22,0.34,0.8,0.17,,0.8,,0.61,0.75,0.16,1.0,1.0,,,0.68,,,1.0,0.47,0.5,1.0,0.94,0.89,1.0,0.8,0.53,0.63,1.0,0.88,,-2.6,-2.6,31.7,9.6,169.9,22.0,,12,11,NSE constituent file,PSB,"-5.2 vs #6 BANKBARODA — behind on Quality 4.9, Growth 1.5"
NIFTY PSU BANK,8,NSE:IOB,Indian Overseas Bank,Financial Services,Banks - Regional,Mid,58887.0,30.58,10.3,0.49,33.97778,,,1.51,,16.5,10.8,8.5,37.1,36.6,14.2,37.1,,,0.243,43.8,-61.9,,0.0,92.44,-2.17,-10.2,26.8,968.6,-6.362950844357562,46.4,67.5,67.5,17.2,14.8,19.8,8.5,3.7,3.5,Profit CAGR 37.1%; Revenue CAGR 14.2%; PE vs sector 0.49×; P/B 1.51,forward P/E 34.0 vs P/E 10.3; Dividend yield; Max drawdown 3y -61.9%,,,22,0.46,0.86,0.45,,0.79,,0.85,1.0,0.0,1.0,0.97,,,1.0,,,1.0,0.19,0.0,0.81,0.3,0.5,0.75,0.34,0.34,0.52,1.0,0.0,,-23.2,-23.2,-37.2,-14.4,35.0,6.2,,12,11,NSE constituent file,PSB,"-1.6 vs #7 PNB — behind on Safety 4.1, Shareholder 3.7"
NIFTY PSU BANK,9,NSE:BANKINDIA,Bank of India,Financial Services,Banks - Regional,Mid,58948.0,129.48,4.8,0.23,5.139625,,,0.65,,13.7,9.7,6.4,48.5,35.0,7.3,39.0,,,0.775,37.2,-40.6,3.59,17.2,73.38,0.0,-12.2,27.4,9147.7,9.723825099576167,53.7,65.8,65.8,14.4,12.5,16.5,10.8,7.7,3.9,Profit CAGR 39.0%; PE vs sector 0.23×; P/E 4.80; Dividend yield 3.6%,ROE 4y avg 9.7%; forward P/E 5.1 vs P/E 4.8; ROE worst year 6.4%,,,22,0.37,0.7,0.32,,0.77,,0.43,1.0,0.26,1.0,1.0,,,0.44,,,0.91,0.38,0.43,0.81,1.0,0.93,1.0,0.8,0.26,0.51,1.0,0.43,,3.9,3.9,14.8,4.7,128.8,18.0,,12,11,NSE constituent file,PSB,"-1.7 vs #8 IOB — behind on Valuation 3.3, Quality 2.8"
NIFTY PSU BANK,10,NSE:CENTRALBK,Central Bank of India,Financial Services,Banks - Regional,Small,27199.0,30.05,6.1,0.29,,,,0.66,,11.6,9.1,5.7,39.7,27.8,9.3,39.2,,,0.371,41.1,-58.6,4.63,23.8,81.19,-8.08,-11.5,26.6,2224.4,-11.421510894350373,46.8,62.7,62.7,12.2,15.7,16.6,8.1,6.8,3.4,Profit CAGR 39.2%; PE vs sector 0.29×; P/E 6.10; Dividend yield 4.6%,ROE 4y avg 9.1%; ROE worst year 5.7%; Max drawdown 3y -58.6%,,,21,0.31,0.53,0.29,,0.7,,0.57,1.0,,1.0,1.0,,,0.45,,,1.0,0.27,0.02,0.61,1.0,1.0,0.9,0.0,0.29,0.52,1.0,0.0,,-20.3,-20.3,-42.9,-17.0,34.8,6.2,,12,11,NSE constituent file,PSB,"-3.1 vs #9 BANKINDIA — behind on Safety 2.7, Quality 2.2"
NIFTY PRIVATE BANK,1,NSE:ICICIBANK,ICICI Bank Limited,Financial Services,Banks - Regional,Large,940802.0,1310.6,16.9,0.8,13.942553,0.53,,2.47,,16.1,16.1,14.9,38.5,27.5,18.1,16.8,,,0.26,20.2,-18.4,0.92,14.2,0.0,0.0,-3.0,11.4,137513.4,10.793165135089279,58.0,86.2,86.2,23.4,18.9,17.6,15.8,5.3,5.1,Revenue CAGR 18.1%; Profit CAGR 16.8%; ROE 4y avg 16.1%; PE vs sector 0.80×,,,widely held (no promoter) - promoter checks not applicable,21,0.84,0.84,0.99,,0.7,,0.96,0.92,0.97,0.9,0.85,0.99,,0.76,,,1.0,0.84,0.87,1.0,0.53,0.85,,,0.56,0.83,1.0,0.51,,-4.5,-4.5,39.4,11.7,89.3,13.6,,10,10,NSE constituent file,,"#1, 8.5 pts ahead of FEDERALBNK — leads on Quality +5.1, Growth +2.7"
NIFTY PRIVATE BANK,2,NSE:FEDERALBNK,The Federal Bank  Limited,Financial Services,Banks - Regional,Mid,78604.0,318.2,17.0,0.81,11.298581,,,1.96,,,12.5,10.9,43.0,30.7,16.6,11.1,,,0.27,27.5,-18.1,0.38,6.4,0.0,0.0,4.2,14.4,18753.9,29.88154890935317,61.4,77.7,77.7,18.3,16.2,18.3,14.6,4.0,6.4,Revenue CAGR 16.6%; PE vs sector 0.81×; forward P/E 11.3 vs P/E 17.0; P/B 1.96,Dividend yield 0.4%,,widely held (no promoter) - promoter checks not applicable,19,0.6,,0.69,,0.73,,0.93,0.59,1.0,0.89,0.85,,,1.0,,,1.0,0.65,0.88,0.9,0.4,0.66,,,0.8,0.89,1.0,1.0,,64.2,64.3,111.1,28.3,282.7,30.8,,10,10,NSE constituent file,,"-8.5 vs #1 ICICIBANK — behind on Quality 5.1, Growth 2.7"
NIFTY PRIVATE BANK,3,NSE:AXISBANK,Axis Bank Limited,Financial Services,Banks - Regional,Large,378967.0,1217.1,13.8,0.66,10.082773,0.54,,1.7,,13.4,13.1,8.3,49.2,36.0,12.2,34.6,,,0.42,24.3,-28.0,0.08,0.0,7.87,-0.3,-5.4,14.2,72772.5,6.118059986337432,47.4,77.0,77.0,18.1,17.9,19.3,14.6,2.7,4.4,Profit CAGR 34.6%; PE vs sector 0.66×; forward P/E 10.1 vs P/E 13.8; P/B 1.70,Dividend yield 0.1%; Promoter holding 7.9%; 3-5y CAGR 6.1%,,,23,0.65,0.67,0.43,,0.78,,0.74,1.0,1.0,0.95,0.92,0.99,,1.0,,,1.0,0.74,0.69,1.0,0.32,0.5,0.0,0.74,0.49,0.74,1.0,0.23,,5.0,5.0,16.9,5.4,58.4,9.6,,10,10,NSE constituent file,,"-0.7 vs #2 FEDERALBNK — behind on Trend 2.0, Shareholder 1.3"
NIFTY PRIVATE BANK,4,NSE:HDFCBANK,HDFC Bank Limited,Financial Services,,Large,1111981.0,721.2,15.8,0.75,11.514689,0.89,,1.83,,,10.8,8.6,33.3,26.8,16.9,12.5,,,0.404,21.0,-31.0,1.8,24.0,0.0,0.0,-10.5,29.3,,-2.8469486723870063,48.4,73.5,73.5,14.6,17.1,18.4,14.7,6.7,1.9,Revenue CAGR 16.9%; PE vs sector 0.75×; forward P/E 11.5 vs P/E 15.8; P/B 1.83,3-5y CAGR -2.8%; Price vs 200-DMA -10.5%,,widely held (no promoter) - promoter checks not applicable,19,0.46,,0.46,,0.69,,0.94,0.7,1.0,0.92,0.88,0.88,,1.0,,,1.0,0.82,0.63,1.0,0.73,1.0,,,0.33,0.48,,0.0,,-25.3,-25.3,-4.4,-1.5,-8.9,-1.8,,10,10,NSE constituent file,,"-3.5 vs #3 AXISBANK — behind on Quality 3.5, Trend 2.5"
NIFTY PRIVATE BANK,5,NSE:KOTAKBANK,Kotak Mahindra Bank Limited,Financial Services,Banks - Regional,Large,416170.0,418.35,20.5,0.98,17.80935,0.94,,2.3,,,13.0,10.6,34.8,28.5,13.5,8.9,,,0.285,22.7,-22.0,0.16,2.5,25.87,-0.01,5.2,7.7,62501.8,4.859979650801716,51.9,71.9,71.9,18.6,13.6,15.9,15.2,3.4,5.2,Revenue CAGR 13.5%; forward P/E 17.8 vs P/E 20.5; PEG 0.94; P/B 2.30,Dividend yield 0.2%; Promoter holding 25.9%; 3-5y CAGR 4.9%,,,22,0.64,,0.66,,0.71,,0.81,0.43,0.91,0.72,0.76,0.87,,0.85,,,1.0,0.78,0.81,1.0,0.34,0.56,0.24,0.8,0.83,0.82,1.0,0.18,,1.4,1.4,21.1,6.6,4.9,1.0,,10,10,NSE constituent file,,"-1.6 vs #4 HDFCBANK — behind on Growth 3.5, Shareholder 3.3"
NIFTY PRIVATE BANK,6,NSE:YESBANK,Yes Bank Limited,Financial Services,Banks - Regional,Mid,65132.0,20.75,17.3,0.82,11.411382,,,1.25,,7.5,4.2,1.8,30.8,23.2,25.3,68.4,,,0.48,37.5,-48.7,,0.0,0.0,0.0,-4.8,19.5,13591.4,5.8509832027769715,,58.9,58.9,5.2,18.0,18.2,10.2,3.0,4.3,Revenue CAGR 25.3%; PE vs sector 0.82×; forward P/E 11.4 vs P/E 17.3; P/B 1.25,ROE 4y avg 4.2%; ROE latest 7.5%; ROE worst year 1.8%,,widely held (no promoter) - promoter checks not applicable,20,0.0,0.17,0.09,,0.65,,1.0,0.75,1.0,0.88,0.84,,,1.0,,,1.0,0.38,0.19,0.84,0.3,0.5,,,0.51,0.61,1.0,0.22,,-4.6,-4.6,20.6,6.5,61.5,10.1,,10,10,NSE constituent file,,"-13.0 vs #5 KOTAKBANK — behind on Quality 13.4, Safety 5.0"
NIFTY PRIVATE BANK,7,NSE:BANDHANBNK,Bandhan Bank Limited,Financial Services,Banks - Regional,Small,28356.0,176.0,21.0,1.0,8.687506,,,1.11,,,9.4,4.8,23.8,13.6,5.0,-17.7,,,0.792,38.1,-49.7,0.85,17.9,37.54,-3.38,-0.6,20.3,23870.0,-8.982734830038641,32.7,49.6,49.6,10.3,5.6,16.1,8.7,4.8,4.2,forward P/E 8.7 vs P/E 21.0; P/B 1.11; Turnover/day 23870.0 L; Payout ratio 17.9%,Profit CAGR -17.7%; Revenue CAGR 5.0%; ROE 4y avg 9.4%,,,21,0.34,,0.24,,0.52,,0.2,0.0,1.0,0.7,0.75,,,1.0,,,0.9,0.36,0.16,0.62,0.51,0.95,0.64,0.12,0.63,0.6,1.0,0.0,,7.6,7.6,-30.7,-11.5,-39.1,-9.4,,10,10,NSE constituent file,,"-9.3 vs #6 YESBANK — behind on Growth 12.4, Valuation 2.1"
NIFTY PRIVATE BANK,8,NSE:IDFCFIRSTB,IDFC First Bank Limited,Financial Services,Banks - Regional,Mid,69319.0,80.39,31.0,1.48,11.817558,,,1.42,,5.3,6.5,3.4,20.8,9.1,19.6,-13.5,,,0.537,31.3,-45.8,0.31,9.6,0.0,0.0,4.3,10.3,16192.3,-4.755936881908029,,46.9,46.9,4.2,11.9,10.3,11.4,4.2,4.9,Revenue CAGR 19.6%; forward P/E 11.8 vs P/E 31.0; P/B 1.42; Beta 0.54,Profit CAGR -13.5%; ROE 4y avg 6.5%; PE vs sector 1.48×,,widely held (no promoter) - promoter checks not applicable,20,0.1,0.02,0.17,,0.36,,0.99,0.0,1.0,0.17,0.56,,,1.0,,,1.0,0.55,0.28,0.86,0.38,0.74,,,0.8,0.84,1.0,0.0,,16.5,16.5,-14.6,-5.1,69.8,11.2,,10,10,NSE constituent file,,"-2.7 vs #7 BANDHANBNK — behind on Quality 6.1, Valuation 5.8"
NIFTY PRIVATE BANK,9,NSE:RBLBANK,RBL Bank Limited,Financial Services,Banks - Regional,Mid,63835.0,411.4,34.0,1.62,20.045412,,,1.52,,,6.3,4.6,15.7,11.1,12.2,-1.5,,,0.659,43.8,-49.0,0.24,8.3,60.0,60.0,19.5,4.2,18728.0,22.15996216826197,,46.8,46.8,5.8,9.9,9.6,9.2,5.5,6.8,forward P/E 20.0 vs P/E 34.0; P/B 1.52; Promoter holding 60.0%; Price vs 200-DMA 19.5%,Profit CAGR -1.5%; ROE 4y avg 6.3%; PE vs sector 1.62×,,,21,0.09,,0.23,,0.43,,0.74,0.0,1.0,0.11,0.52,,,1.0,,,0.97,0.19,0.18,0.83,0.36,0.71,1.0,1.0,1.0,0.94,1.0,0.96,,49.5,49.5,61.0,17.2,112.6,16.3,,10,10,NSE constituent file,,"-0.1 vs #8 IDFCFIRSTB — behind on Safety 2.2, Growth 2.0"
NIFTY PRIVATE BANK,10,NSE:INDUSINDBK,IndusInd Bank Limited,Financial Services,Banks - Regional,Mid,69098.0,886.85,52.3,2.49,11.241585,0.72,,1.05,,,8.3,1.4,27.3,7.6,-0.4,-50.7,,,0.491,33.6,-61.9,0.17,8.8,15.82,0.0,-4.1,17.7,17547.1,-14.913582697699878,29.4,36.9,36.9,6.0,4.0,9.6,10.0,3.3,4.0,forward P/E 11.2 vs P/E 52.3; P/B 1.05; PEG 0.72; Beta 0.49,Revenue CAGR -0.4%; Profit CAGR -50.7%; ROE 4y avg 8.3%,,,22,0.23,,0.07,,0.3,,0.0,0.0,1.0,0.0,0.13,0.93,,1.0,,,1.0,0.49,0.0,0.86,0.34,0.72,0.02,0.8,0.53,0.66,1.0,0.0,,19.3,19.4,-38.2,-14.9,-19.7,-4.3,,10,10,NSE constituent file,,"-9.9 vs #9 RBLBANK — behind on Growth 5.9, Trend 2.8"
NIFTY REALTY,1,NSE:OBEROIRLTY,Oberoi Realty Limited,Realty,Real Estate - Development,Mid,63798.0,1754.6,24.3,0.74,16.492826,,17.708,3.56,,,14.4,13.9,53.7,41.6,12.9,9.6,15.8,15.0,0.322,32.6,-38.9,0.46,11.1,67.7,0.0,4.4,11.7,8714.4,16.274419659001538,54.5,79.8,79.8,24.4,14.0,15.1,14.5,5.6,6.2,PE vs sector 0.74×; Operating margin 53.7%; Debt/Equity 15.8; forward P/E 16.5 vs P/E 24.3,,,,25,0.75,,0.93,1.0,0.91,,0.78,0.48,1.0,0.92,0.67,,0.54,0.73,0.97,1.0,1.0,0.51,0.47,0.83,0.42,0.78,1.0,0.8,0.8,0.83,1.0,0.87,,10.0,10.0,52.4,15.1,91.5,13.9,,10,10,NSE constituent file,,"#1, 10.0 pts ahead of LODHA — leads on Quality +8.5, Valuation +2.6"
NIFTY REALTY,2,NSE:LODHA,Lodha Developers Limited,Realty,Real Estate - Development,Large,110474.0,1105.6,26.8,0.82,22.528257,,19.51,4.74,,,10.3,3.8,37.1,22.7,20.4,91.7,42.2,7.2,0.611,44.2,-57.3,0.38,10.3,70.31,-1.59,9.3,17.8,27150.6,11.68213443812396,47.8,69.8,69.8,15.9,17.8,12.5,12.7,5.2,5.8,Revenue CAGR 20.4%; PE vs sector 0.82×; Debt/Equity 42.2; Operating margin 37.1%,P/B 4.74; ROE worst year 3.8%; Max drawdown 3y -57.3%,,,25,0.42,,0.19,0.91,0.72,,1.0,0.75,0.95,0.88,0.62,,0.47,0.36,0.92,0.92,0.99,0.17,0.04,1.0,0.4,0.76,1.0,0.47,0.98,0.65,1.0,0.58,,-3.0,-3.0,40.2,12.0,109.6,16.0,,10,10,NSE constituent file,,"-10.0 vs #1 OBEROIRLTY — behind on Quality 8.5, Valuation 2.6"
NIFTY REALTY,3,NSE:DLF,DLF Limited,Realty,Real Estate - Development,Large,162975.0,658.4,36.6,1.12,25.900347,0.14,125.829,3.58,,10.1,8.1,5.4,9.0,65.8,11.3,29.4,0.7,17.0,0.39,32.7,-46.1,1.22,33.4,74.08,0.0,5.8,16.3,26632.6,7.922440885679505,51.5,67.1,67.1,11.8,17.5,11.4,14.5,6.6,5.2,Profit CAGR 29.4%; Debt/Equity 0.70; Net margin 65.8%; forward P/E 25.9 vs P/E 36.6,ROE 4y avg 8.1%; Operating margin 9.0%; EV/EBITDA 125.8×,,,27,0.21,0.41,0.27,0.4,1.0,,0.69,1.0,1.0,0.58,0.46,1.0,0.0,0.64,1.0,1.0,1.0,0.51,0.27,1.0,0.6,1.0,1.0,0.8,0.85,0.69,1.0,0.3,,-8.8,-8.9,22.2,6.9,57.8,9.6,,10,10,NSE constituent file,,"-2.7 vs #2 LODHA — behind on Quality 4.1, Valuation 1.1"
NIFTY REALTY,4,NSE:ANANTRAJ,Anant Raj Limited,Realty,Real Estate - Development,Small,20765.0,577.0,35.4,1.08,20.324059,,30.38,3.59,,,8.1,5.3,26.5,22.8,37.9,54.5,11.7,54.6,0.352,49.9,-56.6,0.17,4.5,57.42,-2.7,6.1,22.4,15247.0,37.70053383994922,52.7,65.9,65.9,13.5,20.0,9.6,12.3,4.4,6.1,Revenue CAGR 37.9%; Profit CAGR 54.5%; Debt/Equity 11.7; Operating margin 26.5%,ROE 4y avg 8.1%; EV/EBITDA 30.4×; ROE worst year 5.3%,,,25,0.21,,0.27,0.83,0.76,,1.0,1.0,1.0,0.62,0.49,,0.09,0.55,0.98,1.0,1.0,0.1,0.05,0.54,0.34,0.61,0.99,0.22,0.86,0.57,1.0,1.0,,-17.3,-17.3,160.5,37.7,654.9,49.8,,10,10,NSE constituent file,,"-1.2 vs #3 DLF — behind on Safety 2.2, Shareholder 2.2"
NIFTY REALTY,5,NSE:GODREJPROP,Godrej Properties Limited,Realty,Real Estate - Development,Mid,48070.0,1595.8,30.0,0.92,14.483309,,-113.947,2.51,,,7.8,6.2,-62.3,30.8,32.4,47.9,82.1,42.9,0.467,37.4,-56.5,0.63,0.0,51.66,4.96,-12.2,32.2,11265.1,-1.4200705464087582,,65.4,65.4,8.5,20.0,16.8,11.6,5.3,3.2,Revenue CAGR 32.4%; Profit CAGR 47.9%; forward P/E 14.5 vs P/E 30.0; P/B 2.51,ROE 4y avg 7.8%; Operating margin -62.3%; ROE worst year 6.2%,,,25,0.19,,0.31,0.05,0.86,,1.0,1.0,1.0,0.78,0.57,,1.0,1.0,0.64,1.0,1.0,0.38,0.05,0.76,0.46,0.5,0.96,1.0,0.26,0.45,1.0,0.0,,-21.4,-21.4,2.6,0.9,-28.5,-6.5,,10,10,NSE constituent file,,"-0.5 vs #4 ANANTRAJ — behind on Quality 5.0, Trend 2.9"
NIFTY REALTY,6,NSE:BRIGADE,Brigade Enterprises Limited,Realty,Real Estate - Development,Small,18670.0,572.4,29.0,0.89,15.318817,,128.413,27.37,,,10.9,9.0,25.8,12.6,18.6,30.3,84.3,3.3,0.177,37.3,-55.5,0.35,9.5,41.1,-0.02,1.3,28.6,3847.9,7.433707098896636,50.1,63.1,63.1,16.0,19.8,8.7,9.2,4.9,4.5,Profit CAGR 30.3%; Revenue CAGR 18.6%; PE vs sector 0.89×; forward P/E 15.3 vs P/E 29.0,P/B 27.4; EV/EBITDA 128.4×; Max drawdown 3y -55.5%,,,25,0.47,,0.5,0.78,0.56,,0.97,1.0,1.0,0.81,0.59,,0.0,0.09,0.63,0.54,1.0,0.38,0.07,0.51,0.39,0.74,0.73,0.8,0.7,0.49,1.0,0.28,,-15.2,-15.2,30.6,9.3,84.9,13.1,,10,10,NSE constituent file,,"-2.3 vs #5 GODREJPROP — behind on Valuation 8.1, Safety 2.4"
NIFTY REALTY,7,NSE:PHOENIXLTD,The Phoenix Mills Limited,Realty,Real Estate - Diversified,Mid,69032.0,1930.0,54.0,1.65,38.688435,,28.225,6.28,,,12.0,9.4,50.8,28.2,18.4,-2.9,37.2,6.3,0.317,35.5,-31.6,0.13,7.0,47.25,-0.01,6.1,11.1,11040.2,27.670539444296672,49.5,59.6,59.6,19.8,11.7,2.7,14.0,4.9,6.5,Revenue CAGR 18.4%; Operating margin 50.8%; Debt/Equity 37.2; forward P/E 38.7 vs P/E 54.0,Profit CAGR -2.9%; PE vs sector 1.65×; P/B 6.28,,,25,0.56,,0.54,0.95,0.82,,0.97,0.0,1.0,0.11,0.12,,0.14,0.18,0.93,0.89,1.0,0.43,0.62,0.86,0.33,0.68,0.88,0.8,0.86,0.82,1.0,1.0,,23.4,23.4,112.2,28.6,301.4,32.1,,10,10,NSE constituent file,,"-3.5 vs #6 BRIGADE — behind on Growth 8.1, Valuation 6.0"
NIFTY REALTY,8,NSE:SOBHA,Sobha Limited,Realty,Real Estate - Development,Micro,12941.0,1210.0,56.0,1.71,16.737349,,35.524,2.74,,,3.1,2.0,3.9,4.1,16.3,22.9,24.6,3.0,0.428,42.9,-48.4,0.49,13.9,52.88,0.0,-11.7,30.1,1970.9,20.48415509938355,,48.3,48.3,2.7,19.2,5.6,10.4,5.7,4.7,Profit CAGR 22.9%; Revenue CAGR 16.3%; Debt/Equity 24.6; forward P/E 16.7 vs P/E 56.0,ROE 4y avg 3.1%; PE vs sector 1.71×; Operating margin 3.9%,,,25,0.0,,0.1,0.18,0.17,,0.93,0.98,1.0,0.09,0.1,,0.0,0.91,0.95,0.48,1.0,0.21,0.2,0.45,0.42,0.85,0.96,0.8,0.28,0.47,1.0,0.93,,-19.9,-19.9,74.0,20.3,55.8,9.3,,10,10,NSE constituent file,,"-11.3 vs #7 PHOENIXLTD — behind on Quality 17.1, Safety 3.6"
NIFTY REALTY,9,NSE:PRESTIGE,Prestige Estates Projects Limited,Realty,Real Estate - Diversified,Mid,64011.0,1486.1,56.2,1.72,25.953508,,24.379,3.93,,7.8,8.0,3.0,23.7,8.7,15.2,8.3,105.5,2.2,0.439,39.5,-48.4,0.13,6.8,60.94,0.0,0.8,17.7,9379.3,33.21378172652687,43.3,47.2,47.2,9.3,14.4,4.2,8.3,5.1,5.8,Revenue CAGR 15.2%; forward P/E 26.0 vs P/E 56.2; Beta 0.44; Promoter holding 60.9%,ROE 4y avg 8.0%; PE vs sector 1.72×; Profit CAGR 8.3%,,,26,0.2,0.19,0.15,0.71,0.41,,0.9,0.4,1.0,0.08,0.1,,0.23,0.45,0.46,0.34,1.0,0.32,0.2,0.83,0.33,0.67,1.0,0.8,0.68,0.66,1.0,1.0,,-3.6,-3.6,140.4,34.0,209.0,25.3,,10,10,NSE constituent file,,"-1.1 vs #8 SOBHA — behind on Growth 4.8, Safety 2.1"
NIFTY REALTY,10,NSE:ABREL,Aditya Birla Real Estate Limited,Realty,Real Estate Services,Micro,12235.0,1106.5,,,18.932476,,-42.202,3.31,,,0.3,-4.2,-38.5,-25.4,-52.6,,152.4,-6.4,0.417,41.3,-64.1,0.23,40.2,50.21,0.0,-17.6,42.2,1953.4,1.2184273858861783,,26.0,26.0,0.9,0.0,12.5,4.1,5.8,2.7,P/B 3.31; EV/EBITDA -42.2×; Beta 0.42; Payout ratio 40.2%,ROE 4y avg 0.3%; Revenue CAGR -52.6%; Operating margin -38.5%,loss-making (no P/E); losses in more than one recent year; high debt (D/E 152); weak interest cover (-6.4×),,22,0.0,,0.0,0.09,0.05,,0.0,,,,0.0,,1.0,0.82,0.14,0.0,1.0,0.26,0.0,0.42,0.36,1.0,0.95,0.8,0.11,0.31,1.0,0.05,,-33.2,-33.2,-1.2,-0.4,20.1,3.7,,10,10,NSE constituent file,,"-21.2 vs #9 PRESTIGE — behind on Growth 14.4, Quality 8.4"
NIFTY HEALTHCARE INDEX,1,NSE:ZYDUSLIFE,Zydus Lifesciences Limited,Healthcare,Drug Manufacturers - Specialty & Generic,Large,114284.0,1145.7,25.5,0.49,,,,4.25,,,17.0,11.2,,,16.5,37.0,42.3,19.1,,25.0,-36.8,0.09,,75.01,0.02,,7.0,17139.6,22.025794062320216,57.9,86.0,86.0,23.4,19.3,17.0,14.8,5.0,6.5,Profit CAGR 37.0%; Revenue CAGR 16.5%; ROE 4y avg 17.0%; PE vs sector 0.49×,Dividend yield 0.1%,,,18,0.88,,0.72,,,,0.93,1.0,,1.0,0.64,,,0.77,0.92,1.0,,0.72,0.51,1.0,0.32,,1.0,0.8,,0.83,1.0,0.96,,15.6,15.6,87.5,23.4,106.2,15.6,,20,20,NSE constituent file,,"#1, 5.4 pts ahead of ABBOTINDIA — leads on Valuation +6.0, Growth +3.6"
NIFTY HEALTHCARE INDEX,2,NSE:ABBOTINDIA,Abbott India Limited,Healthcare,Drug Manufacturers - Specialty & Generic,Mid,57054.0,26850.0,35.3,0.68,29.700006,,28.561,11.95,,,32.0,29.8,27.7,23.1,9.0,17.8,3.6,84.2,0.043,22.5,-28.5,1.96,62.5,,,0.1,12.4,2694.1,7.086022767352063,,80.6,80.6,26.8,15.7,11.0,15.5,6.7,5.0,ROE 4y avg 32.0%; Profit CAGR 17.8%; PE vs sector 0.68×; Debt/Equity 3.60,P/B 11.9; EV/EBITDA 28.6×; 3-5y CAGR 7.1%,,,23,1.0,,1.0,0.9,0.91,,0.56,0.93,0.94,0.94,0.49,,0.13,0.32,0.99,1.0,1.0,0.78,0.68,0.8,0.77,0.95,,,0.65,0.85,1.0,0.27,,-10.2,-10.2,16.1,5.1,21.8,4.0,,20,20,NSE constituent file,,"-5.4 vs #1 ZYDUSLIFE — behind on Valuation 6.0, Growth 3.6"
NIFTY HEALTHCARE INDEX,3,NSE:SUNPHARMA,Sun Pharmaceutical Industries Limited,Healthcare,Drug Manufacturers - Specialty & Generic,Large,432120.0,1801.0,35.7,0.69,27.906345,1.04,24.334,5.17,,,14.8,13.7,23.2,20.2,10.4,10.6,5.5,45.6,0.121,20.0,-19.1,0.89,31.8,54.48,0.0,-0.3,12.0,35244.2,17.39767763255111,54.7,78.8,78.8,22.9,13.5,13.8,16.4,6.3,5.9,PE vs sector 0.69×; Debt/Equity 5.50; forward P/E 27.9 vs P/E 35.7; Interest cover 45.6×,EV/EBITDA 24.3×,,,26,0.78,,0.91,0.78,0.86,,0.64,0.55,1.0,0.94,0.48,0.83,0.23,0.68,0.99,1.0,1.0,0.85,0.86,1.0,0.52,1.0,0.97,0.8,0.64,0.84,1.0,0.89,,10.1,10.1,57.8,16.4,117.9,16.9,,20,20,NSE constituent file,,"-1.8 vs #2 ABBOTINDIA — behind on Quality 3.9, Growth 2.2"
NIFTY HEALTHCARE INDEX,4,NSE:LUPIN,Lupin Limited,Healthcare,Drug Manufacturers - Specialty & Generic,Mid,92885.0,2031.2,16.8,0.32,19.88081,,10.603,4.14,,,14.9,3.5,25.4,18.5,19.1,131.5,29.4,17.7,0.163,26.2,-22.2,0.89,9.9,46.85,-0.05,-10.3,19.7,17673.5,21.39574001175102,59.6,78.7,78.7,20.1,14.0,17.8,15.6,5.6,5.6,Revenue CAGR 19.1%; PE vs sector 0.32×; Debt/Equity 29.4; Operating margin 25.4%,forward P/E 19.9 vs P/E 16.8; ROE worst year 3.5%; Price vs 200-DMA -10.3%,,,25,0.79,,0.18,0.84,0.82,,0.98,0.75,0.03,1.0,0.85,,0.83,0.8,0.94,1.0,1.0,0.68,0.81,0.97,0.52,0.75,0.87,0.79,0.34,0.99,1.0,0.95,,2.5,2.5,73.0,20.1,110.2,16.0,,20,20,NSE constituent file,,"-0.1 vs #3 SUNPHARMA — behind on Quality 2.8, Safety 0.8"
NIFTY HEALTHCARE INDEX,5,NSE:ALKEM,Alkem Laboratories Limited,Healthcare,Drug Manufacturers - Specialty & Generic,Mid,62413.0,5220.0,28.9,0.56,23.357908,,20.82,4.52,,,15.8,10.9,17.8,14.3,8.3,32.7,14.3,25.8,0.281,23.1,-27.7,0.38,28.3,49.7,-3.34,-4.7,12.0,7328.5,12.714815890884745,50.3,76.9,76.9,20.2,16.1,14.7,15.4,5.2,5.3,Profit CAGR 32.7%; ROE 4y avg 15.8%; PE vs sector 0.56×; Debt/Equity 14.3,Dividend yield 0.4%; Promoter change 1y -3.3 pts,,,25,0.83,,0.69,0.59,0.69,,0.52,1.0,0.99,0.98,0.59,,0.41,0.73,0.97,1.0,1.0,0.77,0.7,0.83,0.4,1.0,0.94,0.12,0.51,0.84,1.0,0.66,,-4.4,-4.4,46.1,13.5,30.8,5.5,,20,20,NSE constituent file,,-1.8 vs #4 LUPIN — behind on Valuation 3.1
NIFTY HEALTHCARE INDEX,6,NSE:IPCALAB,IPCA Laboratories Limited,Healthcare,Drug Manufacturers - Specialty & Generic,Mid,49345.0,1945.0,37.6,0.72,27.663897,,22.336,6.12,,,10.4,8.1,20.0,12.9,15.5,34.3,8.5,21.8,0.055,28.2,-27.2,0.31,3.9,44.72,0.0,18.9,4.6,7656.1,30.23625676689217,55.8,73.7,73.7,14.8,19.3,12.8,15.1,4.8,6.9,Profit CAGR 34.3%; Revenue CAGR 15.5%; PE vs sector 0.72×; Debt/Equity 8.50,EV/EBITDA 22.3×; Dividend yield 0.3%,,,25,0.43,,0.41,0.69,0.61,,0.91,1.0,1.0,0.93,0.44,,0.33,0.59,0.98,1.0,1.0,0.63,0.71,0.77,0.38,0.6,0.82,0.8,1.0,0.93,1.0,1.0,,46.4,46.4,107.7,27.6,60.4,9.9,,20,20,NSE constituent file,,"-3.2 vs #5 ALKEM — behind on Quality 5.4, Valuation 1.9"
NIFTY HEALTHCARE INDEX,7,NSE:MANKIND,Mankind Pharma Limited,Healthcare,Drug Manufacturers - Specialty & Generic,Mid,104707.0,2535.0,51.3,0.99,35.703163,,28.028,6.42,,,15.8,11.7,20.6,13.9,17.7,14.3,38.1,4.7,0.452,30.5,-35.7,0.08,2.0,72.63,-0.05,10.4,4.0,11360.9,11.8155979188878,48.4,73.7,73.7,21.2,18.4,9.1,14.0,4.8,6.2,Revenue CAGR 17.7%; Profit CAGR 14.3%; ROE 4y avg 15.8%; Debt/Equity 38.1,EV/EBITDA 28.0×; P/E 51.3; Dividend yield 0.1%,,,25,0.83,,0.77,0.71,0.66,,0.95,0.84,1.0,0.71,0.14,,0.14,0.55,0.92,0.8,1.0,0.57,0.54,1.0,0.32,0.55,1.0,0.79,1.0,0.86,1.0,0.59,,3.9,3.9,41.0,12.1,,,5Y n/a: listed/data from 2023-05-09,20,20,NSE constituent file,,"+0.0 vs #6 IPCALAB — behind on Valuation 3.7, Safety 1.1"
NIFTY HEALTHCARE INDEX,8,NSE:AUROPHARMA,Aurobindo Pharma Limited,Healthcare,Drug Manufacturers - Specialty & Generic,Mid,96479.0,1676.8,26.2,0.5,17.963213,,13.512,2.57,,,9.4,7.2,15.2,10.6,10.7,22.1,21.3,15.5,0.033,29.3,-34.6,0.24,6.2,51.88,0.06,17.8,3.6,14898.5,23.266744348172665,53.1,72.5,72.5,11.1,17.0,17.3,15.1,5.1,6.9,Profit CAGR 22.1%; PE vs sector 0.50×; Debt/Equity 21.3; forward P/E 18.0 vs P/E 26.2,ROE 4y avg 9.4%; Dividend yield 0.2%; ROE worst year 7.2%,,,25,0.34,,0.36,0.45,0.48,,0.65,0.97,1.0,1.0,0.63,,0.71,0.95,0.96,1.0,1.0,0.6,0.56,0.98,0.36,0.66,0.96,0.81,1.0,0.95,1.0,0.97,,54.4,54.4,84.5,22.7,133.8,18.5,,20,20,NSE constituent file,,"-1.2 vs #7 MANKIND — behind on Quality 10.1, Growth 1.4"
NIFTY HEALTHCARE INDEX,9,NSE:TORNTPHARM,Torrent Pharmaceuticals Limited,Healthcare,Drug Manufacturers - Specialty & Generic,Large,181333.0,4767.3,76.3,1.47,51.178196,,38.061,19.23,,,23.8,20.1,21.8,13.9,13.3,20.2,85.4,8.5,0.137,23.7,-17.0,0.8,60.7,68.31,0.0,6.8,9.2,25738.6,38.678032640012795,62.5,71.2,71.2,24.4,18.0,1.8,14.2,6.3,6.5,ROE 4y avg 23.8%; Profit CAGR 20.2%; Revenue CAGR 13.3%; forward P/E 51.2 vs P/E 76.3,PE vs sector 1.47×; P/B 19.2; P/E 76.3,,,25,1.0,,1.0,0.76,0.66,,0.8,0.95,1.0,0.19,0.0,,0.0,0.09,0.62,0.95,1.0,0.75,0.9,1.0,0.5,0.99,1.0,0.8,0.89,0.81,1.0,1.0,,33.6,33.7,153.5,36.4,209.5,25.4,,20,20,NSE constituent file,,"-1.3 vs #8 AUROPHARMA — behind on Valuation 15.5, Safety 0.9"
NIFTY HEALTHCARE INDEX,10,NSE:CIPLA,Cipla Limited,Healthcare,Drug Manufacturers - Specialty & Generic,Large,108578.0,1344.0,32.3,0.62,21.171803,,19.15,3.15,,,13.9,11.3,12.5,12.0,7.2,11.5,1.8,109.3,0.078,22.8,-28.3,0.97,31.2,29.21,0.02,-2.0,19.7,13928.6,3.880780545848306,49.1,69.9,69.9,16.8,12.3,15.4,15.9,5.3,4.3,PE vs sector 0.62×; Debt/Equity 1.80; forward P/E 21.2 vs P/E 32.3; Interest cover 109.3×,Operating margin 12.5%; 3-5y CAGR 3.9%,,,25,0.71,,0.73,0.36,0.57,,0.42,0.62,1.0,0.96,0.54,,0.48,0.86,1.0,1.0,1.0,0.78,0.68,1.0,0.54,1.0,0.41,0.8,0.59,0.61,1.0,0.15,,-11.2,-11.2,13.6,4.4,36.3,6.4,,20,20,NSE constituent file,,"-1.3 vs #9 TORNTPHARM — behind on Quality 7.6, Growth 5.7"
NIFTY CONSUMER DURABLES,1,NSE:LGEINDIA,LG Electronics India Limited,Consumer Durables,Consumer Electronics,Large,116206.0,1712.0,63.7,1.31,42.93779,,42.878,15.16,,,22.0,22.0,11.0,7.1,,,6.0,57.7,,,,,0.0,85.0,0.0,10.6,2.5,10791.9,,58.8,74.6,74.6,22.9,20.0,3.6,16.9,4.4,6.8,ROE 4y avg 22.0%; Debt/Equity 6.00; forward P/E 42.9 vs P/E 63.7; Interest cover 57.7×,PE vs sector 1.31×; P/B 15.2; EV/EBITDA 42.9×,,,19,1.0,,1.0,0.59,0.61,,,,1.0,0.37,0.05,,0.0,0.12,0.99,1.0,,,,1.0,0.3,0.5,0.83,0.8,1.0,0.88,1.0,,,1.9,2.0,,,,,3Y n/a: listed/data from 2025-10-14; 5Y n/a: listed/data from 2025-10-14,14,14,NSE constituent file,,"#1, 1.7 pts ahead of HAVELLS — leads on Growth +3.8, Quality +3.7"
NIFTY CONSUMER DURABLES,2,NSE:HAVELLS,Havells India Limited,Consumer Durables,Electrical Equipment & Parts,Mid,65266.0,1040.0,40.0,0.82,31.877865,0.2,30.619,6.9,,,17.2,16.2,5.3,6.9,9.9,16.4,2.8,60.5,0.296,25.2,-50.5,1.15,38.4,59.35,-0.03,-17.3,31.6,11024.7,-8.661966486459871,50.0,72.9,72.9,19.2,16.2,12.9,14.4,6.5,3.7,Profit CAGR 16.4%; ROE 4y avg 17.2%; PE vs sector 0.82×; Debt/Equity 2.80,Operating margin 5.3%; EV/EBITDA 30.6×; P/E 40.0,,,26,0.89,,1.0,0.26,0.57,,0.61,0.91,1.0,0.88,0.38,1.0,0.09,0.56,0.99,1.0,1.0,0.71,0.14,0.84,0.58,1.0,1.0,0.79,0.12,1.0,1.0,0.0,,-30.0,-30.0,-25.1,-9.2,-23.5,-5.2,,14,14,NSE constituent file,,"-1.7 vs #1 LGEINDIA — behind on Growth 3.8, Quality 3.7"
NIFTY CONSUMER DURABLES,3,NSE:KAJARIACER,Kajaria Ceramics Limited,Consumer Durables,Building Products & Equipment,Small,19329.0,1230.0,35.9,0.74,28.247335,,20.136,6.39,,,14.4,10.7,16.4,10.8,3.3,12.1,7.3,32.6,0.475,29.7,-49.4,0.98,35.0,47.69,0.21,12.6,4.9,4143.2,-3.0593057458573547,46.4,70.2,70.2,21.3,10.4,13.5,13.5,6.3,5.3,PE vs sector 0.74×; Debt/Equity 7.30; forward P/E 28.2 vs P/E 35.9; Interest cover 32.6×,Revenue CAGR 3.3%; Max drawdown 3y -49.4%; 3-5y CAGR -3.1%,,,25,0.75,,0.67,0.79,0.8,,0.13,0.67,1.0,0.92,0.48,,0.44,0.62,0.99,1.0,1.0,0.59,0.17,0.52,0.55,1.0,0.89,0.84,1.0,0.85,1.0,0.0,,2.8,2.8,-9.2,-3.2,2.1,0.4,,14,14,NSE constituent file,,"-2.7 vs #2 HAVELLS — behind on Growth 5.8, Safety 0.9"
NIFTY CONSUMER DURABLES,4,NSE:THANGAMAYL,Thangamayil Jewellery Limited,Consumer Durables,Luxury Goods,Small,15137.0,4870.0,38.7,0.8,26.719093,,26.199,10.69,,,20.3,10.8,4.9,4.1,39.2,64.0,64.5,8.9,0.564,47.4,-40.2,0.37,9.9,61.61,0.08,7.5,34.5,9431.1,58.72687575220523,65.5,69.0,69.0,17.2,18.0,10.5,11.9,5.5,6.0,ROE 4y avg 20.3%; Revenue CAGR 39.2%; PE vs sector 0.80×; forward P/E 26.7 vs P/E 38.7,Operating margin 4.9%; P/B 10.7; Net margin 4.1%,,,25,1.0,,0.68,0.14,0.38,,1.0,0.75,1.0,0.9,0.41,,0.18,0.31,0.78,0.97,1.0,0.13,0.44,0.47,0.39,0.75,1.0,0.82,0.91,0.42,1.0,1.0,,139.6,139.8,290.0,57.5,750.3,53.4,,14,14,NSE constituent file,,"-1.2 vs #3 KAJARIACER — behind on Quality 4.1, Valuation 3.0"
NIFTY CONSUMER DURABLES,5,NSE:KALYANKJIL,Kalyan Jewellers India Limited,Consumer Durables,Luxury Goods,Mid,54581.0,528.5,38.2,0.79,27.24245,,25.184,8.64,,,15.6,11.9,4.9,3.7,36.4,46.1,97.0,5.9,-0.225,45.5,-57.9,0.47,10.8,62.86,0.04,15.6,18.6,117189.8,32.950289523458665,57.1,68.6,68.6,15.2,20.0,11.3,10.1,5.6,6.5,Revenue CAGR 36.4%; Profit CAGR 46.1%; ROE 4y avg 15.6%; PE vs sector 0.79×,Operating margin 4.9%; Net margin 3.7%; EV/EBITDA 25.2×,,,25,0.82,,0.79,0.14,0.29,,1.0,1.0,1.0,0.9,0.43,,0.2,0.44,0.52,0.88,1.0,0.14,0.03,0.79,0.42,0.77,1.0,0.81,1.0,0.63,1.0,1.0,,13.6,13.6,130.1,32.1,619.0,48.4,,14,14,NSE constituent file,,"-0.4 vs #4 THANGAMAYL — behind on Quality 2.0, Safety 1.8"
NIFTY CONSUMER DURABLES,6,NSE:DIXON,Dixon Technologies (India) Limited,Consumer Durables,Consumer Electronics,Mid,77218.0,12700.0,41.3,0.85,45.273163,,38.303,14.15,,,27.2,19.9,2.3,3.6,58.6,77.9,18.5,16.6,-0.151,38.8,-48.9,0.08,2.6,28.55,-0.4,5.9,27.4,57195.5,35.82937078867556,63.3,63.7,63.7,17.1,14.8,8.6,13.6,3.6,6.0,ROE 4y avg 27.2%; Revenue CAGR 58.6%; PE vs sector 0.85×; Debt/Equity 18.5,Operating margin 2.3%; P/B 14.2; forward P/E 45.3 vs P/E 41.3,,,25,1.0,,1.0,0.03,0.26,,1.0,0.75,0.21,0.85,0.35,,0.0,0.19,0.96,1.0,1.0,0.34,0.18,0.89,0.32,0.57,0.38,0.72,0.86,0.51,1.0,1.0,,-22.8,-22.8,139.7,33.9,162.1,21.3,,14,14,NSE constituent file,,"-4.9 vs #5 KALYANKJIL — behind on Growth 5.2, Valuation 2.7"
NIFTY CONSUMER DURABLES,7,NSE:BLUESTARCO,Blue Star Limited,Consumer Durables,Building Products & Equipment,Small,30008.0,1459.6,58.8,1.21,37.799107,,35.969,8.75,,,20.2,15.4,3.5,4.0,15.8,9.6,23.6,12.1,0.146,33.5,-37.6,0.58,36.4,36.5,0.01,-13.8,28.2,7880.1,23.420115855534362,47.7,62.9,62.9,17.9,15.1,5.9,14.0,5.4,4.6,ROE 4y avg 20.2%; Revenue CAGR 15.8%; Debt/Equity 23.6; forward P/E 37.8 vs P/E 58.8,Operating margin 3.5%; EV/EBITDA 36.0×; P/E 58.8,,,25,1.0,,1.0,0.09,0.33,,0.92,0.48,1.0,0.49,0.08,,0.0,0.38,0.95,1.0,1.0,0.49,0.5,0.64,0.45,1.0,0.61,0.8,0.2,0.5,1.0,0.98,,-22.3,-22.3,64.9,18.2,221.0,26.3,,14,14,NSE constituent file,,"-0.8 vs #6 DIXON — behind on Valuation 2.7, Trend 1.4"
NIFTY CONSUMER DURABLES,8,NSE:PGEL,PG Electroplast Limited,Consumer Durables,Electronic Components,Small,13783.0,481.1,67.6,1.39,29.177223,,33.455,4.51,,,12.3,6.4,6.0,3.5,33.8,36.4,19.6,7.1,-0.16,52.0,-56.9,0.05,3.5,43.37,-0.35,-12.7,25.3,8055.6,39.14444209063734,,58.9,58.9,11.5,20.0,6.6,11.6,4.4,4.8,Revenue CAGR 33.8%; Profit CAGR 36.4%; Debt/Equity 19.6; forward P/E 29.2 vs P/E 67.6,PE vs sector 1.39×; Operating margin 6.0%; Net margin 3.5%,,,25,0.58,,0.32,0.33,0.23,,1.0,1.0,1.0,0.28,0.02,,0.03,0.88,0.96,0.91,1.0,0.08,0.05,0.46,0.31,0.59,0.78,0.73,0.24,0.53,1.0,1.0,,-5.8,-5.8,170.7,39.4,1098.9,64.4,,14,14,NSE constituent file,,"-4.0 vs #7 BLUESTARCO — behind on Quality 6.4, Safety 2.4"
NIFTY CONSUMER DURABLES,9,NSE:BATAINDIA,Bata India Limited,Consumer Durables,Footwear & Accessories,Micro,7874.0,612.6,54.0,1.11,28.756067,,18.846,4.93,,,17.3,8.4,10.6,4.1,0.6,-25.4,86.9,2.4,0.376,25.7,-63.2,5.55,79.2,50.16,0.0,-16.7,50.5,2264.6,-26.56579537950037,,50.3,50.3,17.8,4.2,10.8,8.5,6.6,2.5,ROE 4y avg 17.3%; forward P/E 28.8 vs P/E 54.0; P/B 4.93; Dividend yield 5.5%,Profit CAGR -25.4%; Revenue CAGR 0.6%; P/E 54.0,,,25,0.89,,0.44,0.55,0.38,,0.02,0.0,1.0,0.59,0.12,,0.5,0.81,0.6,0.37,1.0,0.7,0.0,0.27,0.89,0.62,0.95,0.8,0.12,0.15,1.0,0.0,,-48.4,-48.4,-62.1,-27.7,-66.6,-19.7,,14,14,NSE constituent file,,"-8.6 vs #8 PGEL — behind on Growth 15.8, Safety 3.1"
NIFTY CONSUMER DURABLES,10,NSE:WHIRLPOOL,Whirlpool of India Limited,Consumer Durables,"Furnishings, Fixtures & Appliances",Micro,10852.0,855.0,43.3,0.89,24.526539,,26.447,2.61,,,7.1,5.9,3.1,3.0,6.4,10.3,8.6,9.9,0.361,33.5,-69.9,0.58,25.3,39.76,-11.24,2.4,40.5,10907.2,-19.17519958755619,,49.3,49.3,4.2,10.9,12.9,12.6,4.7,4.0,Debt/Equity 8.60; PE vs sector 0.89×; forward P/E 24.5 vs P/E 43.3; P/B 2.61,ROE 4y avg 7.1%; Revenue CAGR 6.4%; Operating margin 3.1%,,,25,0.14,,0.3,0.06,0.17,,0.34,0.52,1.0,0.81,0.31,,0.17,1.0,0.98,1.0,1.0,0.49,0.0,0.37,0.45,1.0,0.69,0.0,0.73,0.34,1.0,0.0,,-26.5,-26.5,-47.8,-19.5,-62.4,-17.8,,14,14,NSE constituent file,,"-1.0 vs #9 BATAINDIA — behind on Quality 13.6, Shareholder 1.9"
NIFTY OIL & GAS,1,NSE:PETRONET,Petronet LNG Limited,Oil Gas & Consumable Fuels,Oil & Gas Refining & Marketing,Mid,42825.0,285.5,10.2,0.89,10.044428,,6.037,1.92,,,20.1,17.6,24.0,11.3,-9.7,5.6,10.5,23.5,0.458,27.6,-34.0,3.5,35.7,50.0,0.0,1.5,12.5,5356.3,9.362706101194028,52.2,72.7,72.7,25.1,4.3,15.6,14.8,7.7,5.3,ROE 4y avg 20.1%; Debt/Equity 10.5; PE vs sector 0.89×; Operating margin 24.0%,Revenue CAGR -9.7%; Profit CAGR 5.6%,,,25,1.0,,1.0,0.83,0.69,,0.0,0.24,0.59,0.81,0.97,,1.0,0.42,0.98,1.0,1.0,0.65,0.57,0.74,1.0,1.0,0.95,0.8,0.7,0.85,1.0,0.4,,4.0,4.0,19.3,6.1,21.2,3.9,,15,15,NSE constituent file,,"#1, 0.0 pts ahead of OIL — leads on Safety +2.1, Quality +1.0"
NIFTY OIL & GAS,2,NSE:OIL,Oil India Limited,Oil Gas & Consumable Fuels,Oil & Gas Integrated,Mid,72221.0,444.0,8.6,0.75,6.7167797,,6.599,1.25,,,15.1,11.4,40.7,21.7,-2.0,-8.8,58.7,10.3,0.256,39.7,-52.8,2.93,23.4,56.66,0.0,-4.3,16.4,12684.4,37.55975364330615,49.2,72.7,72.7,24.1,4.0,18.2,12.7,7.7,5.9,ROE 4y avg 15.1%; PE vs sector 0.75×; Operating margin 40.7%; Debt/Equity 58.7,Revenue CAGR -2.0%; Profit CAGR -8.8%; Max drawdown 3y -52.8%,,,25,0.8,,0.74,0.97,0.93,,0.0,0.0,1.0,0.92,0.99,,0.98,0.79,0.83,1.0,1.0,0.31,0.11,0.87,0.98,1.0,0.98,0.8,0.52,0.93,1.0,1.0,,8.0,8.0,126.5,31.4,166.3,21.6,,15,15,NSE constituent file,,"+0.0 vs #1 PETRONET — behind on Safety 2.1, Quality 1.0"
NIFTY OIL & GAS,3,NSE:MGL,Mahanagar Gas Limited,Oil Gas & Consumable Fuels,Utilities - Regulated Gas,Micro,10352.0,1048.0,14.5,1.27,11.213587,,7.222,1.61,,,18.7,13.1,9.9,8.4,9.3,2.1,3.5,55.1,0.74,33.2,-52.2,3.44,41.4,32.5,0.0,-4.2,21.5,2485.1,2.756644195157376,,67.4,67.4,20.5,9.3,13.3,12.8,6.8,4.7,ROE 4y avg 18.7%; Debt/Equity 3.50; forward P/E 11.2 vs P/E 14.5; Interest cover 55.1×,Profit CAGR 2.1%; Max drawdown 3y -52.2%; 3-5y CAGR 2.8%,,,25,0.95,,0.87,0.45,0.55,,0.57,0.08,1.0,0.42,0.91,,0.95,0.63,0.99,1.0,0.93,0.5,0.12,0.36,1.0,1.0,0.51,0.8,0.52,1.0,1.0,0.1,,-18.1,-18.1,-5.7,-2.0,-4.9,-1.0,,15,15,NSE constituent file,,"-5.3 vs #2 OIL — behind on Valuation 4.9, Quality 3.6"
NIFTY OIL & GAS,4,NSE:CASTROLIND,Castrol India Limited,Oil Gas & Consumable Fuels,Oil & Gas Refining & Marketing,Small,19604.0,198.2,18.5,1.62,16.769665,,12.532,10.29,3.6,57.0,43.7,40.7,24.8,17.1,6.2,5.2,2.8,139.0,0.311,30.2,-38.4,6.28,81.6,51.0,0.0,6.8,4.3,5236.0,16.397565715517292,57.6,67.3,67.3,25.8,7.7,7.2,14.1,6.1,6.4,ROE 4y avg 43.7%; Debt/Equity 2.80; Operating margin 24.8%; ROE latest 57.0%,Profit CAGR 5.2%; Revenue CAGR 6.2%; PE vs sector 1.62×,,,27,1.0,1.0,1.0,0.87,0.86,0.77,0.32,0.21,0.86,0.11,0.81,,0.75,0.11,0.99,1.0,1.0,0.58,0.48,0.53,0.74,0.57,0.95,0.8,0.89,0.86,1.0,0.87,,-1.0,-1.0,44.4,13.1,42.1,7.3,,15,15,NSE constituent file,,"-0.1 vs #3 MGL — behind on Valuation 6.1, Growth 1.6"
NIFTY OIL & GAS,5,NSE:GAIL,GAIL (India) Limited,Oil Gas & Consumable Fuels,Utilities - Regulated Gas,Large,112579.0,171.22,11.4,1.0,9.30889,,8.943,1.26,,,11.2,8.5,14.8,6.7,-0.9,10.5,27.8,11.1,0.507,30.3,-39.5,3.21,39.9,51.79,-0.09,3.4,8.4,14490.6,14.826455314437448,43.0,66.9,66.9,14.2,8.2,15.8,14.8,7.7,6.1,Debt/Equity 27.8; Interest cover 11.1×; forward P/E 9.3 vs P/E 11.4; Dividend yield 3.2%,Revenue CAGR -0.9%,,,25,0.5,,0.45,0.63,0.42,,0.0,0.54,0.98,0.7,0.95,,0.89,0.74,0.94,1.0,1.0,0.58,0.46,1.0,1.0,1.0,0.96,0.78,0.77,0.87,1.0,0.84,,-1.9,-1.9,38.1,11.4,57.4,9.5,,15,15,NSE constituent file,,-0.4 vs #4 CASTROLIND — behind on Quality 11.6
NIFTY OIL & GAS,6,NSE:BPCL,Bharat Petroleum Corporation Limited,Oil Gas & Consumable Fuels,Oil & Gas Refining & Marketing,Large,128434.0,300.6,7.5,0.66,7.576785,0.28,5.537,1.28,,,20.4,4.0,-4.0,3.5,-1.2,129.7,54.3,12.8,0.87,28.7,-34.6,6.65,56.1,52.98,0.0,-6.6,23.2,16766.4,25.316531121165433,49.1,66.2,66.2,13.6,7.8,18.4,14.4,6.7,5.2,ROE 4y avg 20.4%; PE vs sector 0.66×; Debt/Equity 54.3; PEG 0.28,Revenue CAGR -1.2%; Operating margin -4.0%; Net margin 3.5%,,,26,1.0,,0.2,0.08,0.18,,0.0,0.75,0.46,0.95,1.0,1.0,1.0,0.68,0.87,1.0,0.86,0.62,0.56,1.0,0.67,1.0,0.96,0.8,0.45,0.56,1.0,1.0,,-11.5,-11.5,76.1,20.8,38.8,6.8,,15,15,NSE constituent file,,"-0.7 vs #5 GAIL — behind on Shareholder 1.0, Trend 0.9"
NIFTY OIL & GAS,7,NSE:IOC,Indian Oil Corporation Limited,Oil Gas & Consumable Fuels,Oil & Gas Refining & Marketing,Large,185468.0,131.34,5.5,0.48,6.974254,,4.521,0.82,,,14.1,7.0,-0.1,3.9,-2.2,62.6,58.4,8.4,0.77,27.4,-38.5,6.28,40.9,51.5,0.0,-11.1,30.5,12658.1,17.783381192473556,45.3,62.7,62.7,11.5,6.0,19.5,14.1,6.9,4.7,PE vs sector 0.48×; Debt/Equity 58.4; Interest cover 8.40×; P/B 0.82,Revenue CAGR -2.2%; Operating margin -0.1%; forward P/E 7.0 vs P/E 5.5,,,25,0.73,,0.35,0.11,0.21,,0.0,0.75,0.0,1.0,1.0,,1.0,0.89,0.83,0.95,0.92,0.65,0.48,1.0,0.74,1.0,0.96,0.8,0.31,0.47,1.0,0.89,,-12.3,-12.3,45.9,13.5,54.6,9.1,,15,15,NSE constituent file,,"-3.5 vs #6 BPCL — behind on Quality 2.1, Growth 1.8"
NIFTY OIL & GAS,8,NSE:ONGC,Oil & Natural Gas Corporation Limited,Oil Gas & Consumable Fuels,Oil & Gas Integrated,Large,279748.0,222.37,6.4,0.56,5.35464,,4.355,0.75,,,12.3,10.5,2.9,6.2,-1.3,4.1,42.5,7.3,0.097,30.5,-32.3,6.52,39.0,58.89,0.0,-13.9,27.7,26198.9,11.30672947307001,45.6,62.4,62.4,12.3,5.1,19.6,14.6,6.9,4.0,PE vs sector 0.56×; Debt/Equity 42.5; forward P/E 5.4 vs P/E 6.4; P/B 0.75,Revenue CAGR -1.3%; Profit CAGR 4.1%; Operating margin 2.9%,,,25,0.58,,0.65,0.16,0.34,,0.0,0.16,0.95,0.98,1.0,,1.0,0.95,0.92,0.92,1.0,0.57,0.6,1.0,0.7,1.0,0.99,0.8,0.19,0.5,1.0,0.55,,-8.5,-8.5,20.5,6.4,52.0,8.7,,15,15,NSE constituent file,,"-0.3 vs #7 IOC — behind on Growth 0.9, Trend 0.7"
NIFTY OIL & GAS,9,NSE:AEGISLOG,Aegis Logistics Limited,Oil Gas & Consumable Fuels,Oil & Gas Refining & Marketing,Mid,49196.0,1401.6,39.4,3.46,33.329132,,27.132,8.12,,,14.2,13.1,28.0,13.9,-1.3,24.7,47.2,11.7,0.54,49.4,-38.4,0.96,16.8,58.1,0.0,51.4,8.3,19065.2,61.66235625781555,52.2,62.0,62.0,22.8,11.7,2.9,13.2,6.2,5.1,Profit CAGR 24.7%; Operating margin 28.0%; Debt/Equity 47.2; Interest cover 11.7×,Revenue CAGR -1.3%; PE vs sector 3.46×; P/B 8.12,,,25,0.74,,0.87,0.93,0.79,,0.0,1.0,0.94,0.0,0.4,,0.16,0.16,0.91,1.0,1.0,0.11,0.48,0.77,0.54,0.92,0.99,0.8,0.2,0.82,1.0,1.0,,78.0,78.1,325.9,62.2,512.1,43.7,,15,15,NSE constituent file,,"-0.4 vs #8 ONGC — behind on Valuation 16.7, Safety 1.4"
NIFTY OIL & GAS,10,NSE:CHENNPETRO,Chennai Petroleum Corporation Limited,Oil Gas & Consumable Fuels,Oil & Gas Refining & Marketing,Small,19969.0,1341.0,4.8,0.42,3.3441396,,3.327,1.8,,,29.0,2.6,5.1,5.5,-6.0,-4.2,17.7,35.7,0.042,52.5,-61.2,4.6,4.6,67.29,0.0,22.0,20.1,29570.4,41.813151057772544,53.1,61.5,61.5,14.8,4.0,17.4,12.0,7.0,6.2,ROE 4y avg 29.0%; PE vs sector 0.42×; Debt/Equity 17.7; forward P/E 3.3 vs P/E 4.8,Revenue CAGR -6.0%; Profit CAGR -4.2%; Operating margin 5.1%,,,25,1.0,,0.13,0.22,0.28,,0.0,0.0,1.0,1.0,1.0,,1.0,0.47,0.96,1.0,1.0,0.07,0.0,0.53,1.0,0.61,1.0,0.8,0.92,0.6,1.0,1.0,,77.8,77.9,167.9,39.0,988.4,61.2,,15,15,NSE constituent file,,"-0.5 vs #9 AEGISLOG — behind on Quality 8.0, Growth 7.7"
NIFTY MIDSMALL HEALTHCARE,1,NSE:AJANTPHARM,Ajanta Pharma Limited,Healthcare,Drug Manufacturers - Specialty & Generic,Mid,44810.0,3586.0,39.4,0.76,30.78457,,28.358,9.9,,,22.0,17.4,25.2,19.6,13.4,21.6,5.9,86.5,0.218,28.9,-30.1,1.79,30.8,63.48,-2.78,15.0,5.5,3432.1,26.992084157455952,,82.7,82.7,25.9,18.2,10.5,15.0,6.4,6.8,ROE 4y avg 22.0%; Profit CAGR 21.6%; Revenue CAGR 13.4%; PE vs sector 0.76×,P/B 9.90; EV/EBITDA 28.4×; P/E 39.4,,,25,1.0,,1.0,0.82,0.85,,0.81,0.97,1.0,0.91,0.4,,0.13,0.34,0.99,1.0,1.0,0.61,0.65,0.75,0.73,1.0,1.0,0.2,1.0,0.85,1.0,1.0,,49.3,49.4,99.9,26.0,137.6,18.9,,30,30,NSE constituent file,,"#1, 1.3 pts ahead of NATCOPHARM — leads on Growth +3.2, Trend +2.9"
NIFTY MIDSMALL HEALTHCARE,2,NSE:NATCOPHARM,Natco Pharma Limited,Healthcare,Drug Manufacturers - Specialty & Generic,Small,15070.0,819.0,12.9,0.25,17.29064,,12.428,1.59,,,19.6,14.7,19.0,32.8,14.5,25.6,7.7,58.8,0.163,33.8,-53.0,0.72,7.8,49.42,-0.14,-13.2,33.2,3900.2,-1.1123268348853466,59.6,81.4,81.4,25.2,15.0,18.8,13.0,5.5,3.9,Profit CAGR 25.6%; ROE 4y avg 19.6%; Revenue CAGR 14.5%; PE vs sector 0.25×,forward P/E 17.3 vs P/E 12.9; Max drawdown 3y -53.0%; Price vs 200-DMA -13.2%,,,25,0.98,,0.98,0.63,1.0,,0.87,1.0,0.0,1.0,0.93,,0.75,1.0,0.98,1.0,1.0,0.48,0.1,0.47,0.48,0.69,0.94,0.77,0.22,1.0,1.0,0.0,,1.8,1.8,-5.4,-1.8,-9.0,-1.9,,30,30,NSE constituent file,,"-1.3 vs #1 AJANTPHARM — behind on Growth 3.2, Trend 2.9"
NIFTY MIDSMALL HEALTHCARE,3,NSE:ABBOTINDIA,Abbott India Limited,Healthcare,Drug Manufacturers - Specialty & Generic,Mid,57054.0,26850.0,35.3,0.68,29.700006,,28.561,11.95,,,32.0,29.8,27.7,23.1,9.0,17.8,3.6,84.2,0.043,22.5,-28.5,1.96,62.5,,,0.1,12.4,2694.1,7.086022767352063,,80.6,80.6,26.8,15.7,11.0,15.5,6.7,5.0,ROE 4y avg 32.0%; Profit CAGR 17.8%; PE vs sector 0.68×; Debt/Equity 3.60,P/B 11.9; EV/EBITDA 28.6×; 3-5y CAGR 7.1%,,,23,1.0,,1.0,0.9,0.91,,0.56,0.93,0.94,0.94,0.49,,0.13,0.32,0.99,1.0,1.0,0.78,0.68,0.8,0.77,0.95,,,0.65,0.85,1.0,0.27,,-10.2,-10.2,16.1,5.1,21.8,4.0,,30,30,NSE constituent file,,-0.8 vs #2 NATCOPHARM — behind on Valuation 7.8
NIFTY MIDSMALL HEALTHCARE,4,NSE:LUPIN,Lupin Limited,Healthcare,Drug Manufacturers - Specialty & Generic,Mid,92885.0,2031.2,16.8,0.32,19.88081,,10.603,4.14,,,14.9,3.5,25.4,18.5,19.1,131.5,29.4,17.7,0.163,26.2,-22.2,0.89,9.9,46.85,-0.05,-10.3,19.7,17673.5,21.39574001175102,59.6,78.7,78.7,20.1,14.0,17.8,15.6,5.6,5.6,Revenue CAGR 19.1%; PE vs sector 0.32×; Debt/Equity 29.4; Operating margin 25.4%,forward P/E 19.9 vs P/E 16.8; ROE worst year 3.5%; Price vs 200-DMA -10.3%,,,25,0.79,,0.18,0.84,0.82,,0.98,0.75,0.03,1.0,0.85,,0.83,0.8,0.94,1.0,1.0,0.68,0.81,0.97,0.52,0.75,0.87,0.79,0.34,0.99,1.0,0.95,,2.5,2.5,73.0,20.1,110.2,16.0,,30,30,NSE constituent file,,"-1.9 vs #3 ABBOTINDIA — behind on Quality 6.7, Growth 1.7"
NIFTY MIDSMALL HEALTHCARE,5,NSE:ALKEM,Alkem Laboratories Limited,Healthcare,Drug Manufacturers - Specialty & Generic,Mid,62413.0,5220.0,28.9,0.56,23.357908,,20.82,4.52,,,15.8,10.9,17.8,14.3,8.3,32.7,14.3,25.8,0.281,23.1,-27.7,0.38,28.3,49.7,-3.34,-4.7,12.0,7328.5,12.714815890884745,50.3,76.9,76.9,20.2,16.1,14.7,15.4,5.2,5.3,Profit CAGR 32.7%; ROE 4y avg 15.8%; PE vs sector 0.56×; Debt/Equity 14.3,Dividend yield 0.4%; Promoter change 1y -3.3 pts,,,25,0.83,,0.69,0.59,0.69,,0.52,1.0,0.99,0.98,0.59,,0.41,0.73,0.97,1.0,1.0,0.77,0.7,0.83,0.4,1.0,0.94,0.12,0.51,0.84,1.0,0.66,,-4.4,-4.4,46.1,13.5,30.8,5.5,,30,30,NSE constituent file,,-1.8 vs #4 LUPIN — behind on Valuation 3.1
NIFTY MIDSMALL HEALTHCARE,6,NSE:GLAXO,GlaxoSmithKline Pharmaceuticals Limited,Healthcare,Drug Manufacturers - General,Mid,46756.0,2760.0,43.7,0.84,34.859486,,33.247,20.62,,,40.4,33.2,29.8,27.0,5.7,19.3,1.5,515.6,0.079,30.0,-37.8,2.06,90.4,75.0,0.0,10.2,11.6,3059.2,23.921386174908598,65.3,76.3,76.3,27.4,13.7,7.9,14.6,5.9,6.7,ROE 4y avg 40.4%; Profit CAGR 19.3%; PE vs sector 0.84×; Debt/Equity 1.50,Revenue CAGR 5.7%; P/B 20.6; EV/EBITDA 33.2×,,,25,1.0,,1.0,0.94,0.97,,0.27,0.94,1.0,0.86,0.3,,0.04,0.05,1.0,1.0,1.0,0.58,0.49,0.75,0.79,0.39,1.0,0.8,1.0,0.83,1.0,0.98,,2.7,2.7,76.5,20.9,88.6,13.5,,30,30,NSE constituent file,,"-0.6 vs #5 ALKEM — behind on Valuation 6.8, Growth 2.4"
NIFTY MIDSMALL HEALTHCARE,7,NSE:NEULANDLAB,Neuland Laboratories Limited,Healthcare,Drug Manufacturers - Specialty & Generic,Small,27623.0,21530.0,55.6,1.07,43.864296,,36.862,14.74,,,19.1,16.4,30.6,21.0,18.5,30.6,16.1,27.2,0.298,51.5,-41.2,0.16,3.1,32.62,-0.06,27.2,11.1,13791.5,82.22545822353855,,75.6,75.6,26.6,19.8,6.0,13.1,4.0,6.2,Profit CAGR 30.6%; Revenue CAGR 18.5%; ROE 4y avg 19.1%; Debt/Equity 16.1,P/B 14.7; EV/EBITDA 36.9×; P/E 55.6,,,25,0.96,,1.0,0.95,0.88,,0.97,1.0,1.0,0.63,0.11,,0.0,0.18,0.97,1.0,1.0,0.08,0.41,0.62,0.34,0.58,0.52,0.79,0.71,0.82,1.0,1.0,,39.8,39.8,474.9,79.3,1311.2,69.8,,30,30,NSE constituent file,,"-0.7 vs #6 GLAXO — behind on Valuation 1.9, Shareholder 1.9"
NIFTY MIDSMALL HEALTHCARE,8,NSE:LALPATHLAB,Dr. Lal Path Labs Ltd.,Healthcare,Diagnostics & Research,Small,33312.0,1995.0,61.4,1.18,45.712708,,40.993,13.28,,,19.1,14.3,25.5,18.7,11.1,28.3,7.8,30.3,0.188,31.5,-35.7,1.0,43.2,53.19,-0.02,24.9,2.1,7273.4,21.237200618665696,59.3,75.3,75.3,25.5,17.4,5.3,14.4,6.4,6.3,Profit CAGR 28.3%; ROE 4y avg 19.1%; Debt/Equity 7.80; Operating margin 25.5%,P/B 13.3; EV/EBITDA 41.0×; P/E 61.4,,,25,0.96,,0.95,0.86,0.83,,0.68,1.0,1.0,0.52,0.06,,0.0,0.23,0.98,1.0,1.0,0.54,0.54,0.68,0.55,1.0,0.97,0.8,0.8,0.88,1.0,0.94,,26.6,26.6,59.3,16.8,8.2,1.6,,30,30,NSE constituent file,,"-0.3 vs #7 NEULANDLAB — behind on Growth 2.4, Quality 1.1"
NIFTY MIDSMALL HEALTHCARE,9,NSE:ANTHEM,Anthem Biosciences Limited,Healthcare,Biotechnology,Mid,48223.0,858.5,85.0,1.63,56.796494,,58.483,15.85,,,19.8,18.7,28.8,28.7,26.2,15.4,1.8,127.0,,30.5,-31.5,0.23,19.8,71.42,-3.27,14.3,12.2,7166.7,,58.7,74.4,74.4,27.2,19.2,1.5,14.6,5.2,6.7,Revenue CAGR 26.2%; ROE 4y avg 19.8%; Profit CAGR 15.4%; Debt/Equity 1.80,PE vs sector 1.63×; P/B 15.8; P/E 85.0,,,23,0.99,,1.0,0.92,0.98,,1.0,0.9,1.0,0.11,0.0,,0.0,0.13,1.0,1.0,,0.57,0.62,0.76,0.36,0.99,1.0,0.13,1.0,0.84,1.0,,,11.0,11.0,,,,,3Y n/a: listed/data from 2025-07-21; 5Y n/a: listed/data from 2025-07-21,30,30,NSE constituent file,,"-0.9 vs #8 LALPATHLAB — behind on Valuation 3.8, Shareholder 1.2"
NIFTY MIDSMALL HEALTHCARE,10,NSE:IPCALAB,IPCA Laboratories Limited,Healthcare,Drug Manufacturers - Specialty & Generic,Mid,49345.0,1945.0,37.6,0.72,27.663897,,22.336,6.12,,,10.4,8.1,20.0,12.9,15.5,34.3,8.5,21.8,0.055,28.2,-27.2,0.31,3.9,44.72,0.0,18.9,4.6,7656.1,30.23625676689217,55.8,73.7,73.7,14.8,19.3,12.8,15.1,4.8,6.9,Profit CAGR 34.3%; Revenue CAGR 15.5%; PE vs sector 0.72×; Debt/Equity 8.50,EV/EBITDA 22.3×; Dividend yield 0.3%,,,25,0.43,,0.41,0.69,0.61,,0.91,1.0,1.0,0.93,0.44,,0.33,0.59,0.98,1.0,1.0,0.63,0.71,0.77,0.38,0.6,0.82,0.8,1.0,0.93,1.0,1.0,,46.4,46.4,107.7,27.6,60.4,9.9,,30,30,NSE constituent file,,-0.7 vs #9 ANTHEM — behind on Quality 12.4
NIFTY FINANCIAL SERVICES EX-BANK,1,NSE:MUTHOOTFIN,Muthoot Finance Limited,Financial Services,Credit Services,Large,108280.0,2697.1,9.5,0.45,8.4489,,,2.67,,31.7,19.8,16.7,74.6,55.5,38.0,43.1,393.6,,0.517,30.8,-33.5,1.11,10.6,73.35,0.0,-18.0,35.0,26054.4,29.34582607445362,71.1,89.4,89.4,27.4,19.5,17.8,13.4,6.1,5.2,Revenue CAGR 38.0%; Profit CAGR 43.1%; ROE 4y avg 19.8%; PE vs sector 0.45×,Price vs 200-DMA -18.0%,,,22,0.99,1.0,1.0,,0.92,,1.0,1.0,0.88,1.0,0.98,,,0.67,,,1.0,0.56,0.58,1.0,0.57,0.77,1.0,0.8,0.1,1.0,1.0,1.0,,-14.2,-14.2,118.4,29.8,75.8,12.0,,30,30,NSE constituent file,,"#1, 1.9 pts ahead of PFC — leads on Growth +1.1, Safety +1.0"
NIFTY FINANCIAL SERVICES EX-BANK,2,NSE:PFC,Power Finance Corporation Limited,Financial Services,Credit Services,Mid,104943.0,318.0,4.0,0.19,3.517699,,,0.73,,,19.4,18.9,85.5,54.5,16.2,17.7,536.8,1.6,0.599,35.8,-38.5,4.91,18.5,55.99,0.0,-21.1,34.6,25199.2,17.349286168852295,65.3,87.5,87.5,26.9,18.4,17.2,12.4,7.7,4.9,ROE 4y avg 19.4%; Profit CAGR 17.7%; Revenue CAGR 16.2%; PE vs sector 0.19×,Price vs 200-DMA -21.1%,,,21,0.98,,1.0,,0.91,,0.92,0.93,0.89,1.0,1.0,,,0.55,,,1.0,0.43,0.48,1.0,1.0,0.96,0.98,0.8,0.06,1.0,1.0,0.89,,-22.7,-22.7,26.7,8.2,184.1,23.2,,30,30,NSE constituent file,,"-1.9 vs #1 MUTHOOTFIN — behind on Growth 1.1, Safety 1.0"
NIFTY FINANCIAL SERVICES EX-BANK,3,NSE:RECLTD,REC Limited,Financial Services,Credit Services,Mid,75771.0,287.75,4.7,0.22,4.32035,,,0.9,,,19.8,19.2,96.9,68.9,14.4,13.5,607.5,,0.318,36.0,-50.7,2.15,32.2,52.63,0.0,-17.1,25.9,16721.2,10.000000000000009,62.1,85.1,85.1,27.6,16.5,19.0,10.4,7.2,4.4,ROE 4y avg 19.8%; Revenue CAGR 14.4%; PE vs sector 0.22×; Net margin 68.9%,Price vs 200-DMA -17.1%; Max drawdown 3y -50.7%,,,21,0.99,,1.0,,0.97,,0.87,0.78,0.84,1.0,1.0,,,0.83,,,1.0,0.42,0.14,0.89,0.81,1.0,0.96,0.8,0.12,1.0,1.0,0.45,,-23.8,-23.8,-1.4,-0.5,145.8,19.7,,30,30,NSE constituent file,,"-2.4 vs #2 PFC — behind on Safety 2.0, Growth 1.9"
NIFTY FINANCIAL SERVICES EX-BANK,4,NSE:BAJAJHLDNG,Bajaj Holdings & Investment Limited,Financial Services,Asset Management,Large,118706.0,10666.0,13.4,0.64,,,127.715,1.62,,11.6,12.0,10.4,84.8,734.6,19.0,25.7,0.0,,0.151,30.6,-39.5,1.22,18.2,51.46,0.0,0.3,19.5,5128.0,16.274419659001538,,82.9,82.9,18.4,19.8,19.2,12.9,6.4,6.1,Profit CAGR 25.7%; Revenue CAGR 19.0%; PE vs sector 0.64×; Net margin 734.6%,,,,21,0.56,0.53,0.64,,1.0,,0.98,1.0,,0.95,0.92,,,1.0,,,1.0,0.57,0.46,1.0,0.6,0.95,0.96,0.8,0.66,0.99,1.0,0.87,,-11.1,-11.1,52.1,15.0,125.1,17.6,,30,30,NSE constituent file,,"-2.2 vs #3 RECLTD — behind on Quality 9.2, Shareholder 0.8"
NIFTY FINANCIAL SERVICES EX-BANK,5,NSE:SHRIRAMFIN,Shriram Finance Limited,Financial Services,Credit Services,Large,222363.0,945.0,16.7,0.8,13.166549,,,2.7,,18.5,15.2,13.8,68.5,50.0,13.9,18.6,276.2,,0.606,35.1,-29.0,1.46,24.4,20.3,-5.09,-6.5,18.1,44213.9,37.25963515757014,55.9,82.1,82.1,24.4,18.2,16.3,13.2,4.2,5.9,Profit CAGR 18.6%; Revenue CAGR 13.9%; ROE 4y avg 15.2%; PE vs sector 0.80×,Promoter holding 20.3%; Promoter change 1y -5.1 pts,,,22,0.81,0.94,0.92,,0.89,,0.84,0.94,1.0,0.9,0.86,,,0.65,,,1.0,0.45,0.67,1.0,0.65,1.0,0.11,0.0,0.46,0.96,1.0,1.0,,45.7,45.7,145.8,35.0,265.0,29.6,,30,30,NSE constituent file,,"-0.8 vs #4 BAJAJHLDNG — behind on Valuation 2.9, Shareholder 2.2"
NIFTY FINANCIAL SERVICES EX-BANK,6,NSE:LICI,Life Insurance Corporation Of India,Financial Services,Insurance - Life,Large,495690.0,391.85,8.3,0.4,6.6633067,,6.249,2.81,,,49.5,32.5,6.4,6.5,7.3,16.9,0.4,432.5,0.539,28.6,-38.6,2.55,33.7,96.5,0.0,-4.8,16.4,39101.7,7.462579367714461,54.0,79.5,79.5,22.2,14.8,17.5,13.2,7.0,4.8,ROE 4y avg 49.5%; Profit CAGR 16.9%; PE vs sector 0.40×; forward P/E 6.7 vs P/E 8.3,Net margin 6.5%; 3-5y CAGR 7.5%,,,21,1.0,,1.0,,0.23,,0.43,0.92,1.0,1.0,1.0,,,0.59,,,1.0,0.62,0.48,1.0,0.9,1.0,0.75,0.8,0.51,0.93,1.0,0.28,,-13.3,-13.3,21.4,6.7,,,5Y n/a: listed/data from 2022-05-17,30,30,NSE constituent file,,"-2.6 vs #5 SHRIRAMFIN — behind on Growth 3.4, Quality 2.2"
NIFTY FINANCIAL SERVICES EX-BANK,7,NSE:CHOLAFIN,Cholamandalam Investment and Finance Company Limited,Financial Services,Credit Services,Large,135487.0,1580.0,23.4,1.11,16.09232,,,4.42,,,17.8,17.2,56.6,40.5,32.8,25.2,695.3,,0.473,33.5,-28.7,0.13,3.0,49.22,-0.68,-5.9,19.1,22487.4,9.501879967445293,55.4,77.9,77.9,25.4,20.0,9.4,13.5,4.7,5.0,Revenue CAGR 32.8%; Profit CAGR 25.2%; ROE 4y avg 17.8%; forward P/E 16.1 vs P/E 23.4,P/B 4.42; Dividend yield 0.1%,,,21,0.91,,1.0,,0.82,,1.0,1.0,1.0,0.59,0.69,,,0.12,,,1.0,0.49,0.68,1.0,0.33,0.57,0.93,0.66,0.47,0.98,1.0,0.41,,-1.6,-1.6,26.0,8.0,182.8,23.1,,30,30,NSE constituent file,,"-1.6 vs #6 LICI — behind on Valuation 8.1, Shareholder 2.3"
NIFTY FINANCIAL SERVICES EX-BANK,8,NSE:HDFCAMC,HDFC Asset Management Company Limited,Financial Services,Asset Management,Mid,99034.0,2308.1,33.6,1.6,26.361881,,23.378,10.71,,,28.0,23.3,80.2,61.6,23.9,26.2,2.4,279.5,0.55,30.3,-24.8,2.34,78.8,52.34,-0.08,-10.6,22.2,18683.7,22.427417783187863,58.2,77.3,77.3,27.5,20.0,3.5,14.1,6.5,5.6,ROE 4y avg 28.0%; Revenue CAGR 23.9%; Profit CAGR 26.2%; forward P/E 26.4 vs P/E 33.6,PE vs sector 1.60×; P/B 10.7; Price vs 200-DMA -10.6%,,,21,1.0,,1.0,,0.94,,1.0,1.0,1.0,0.12,0.52,,,0.0,,,1.0,0.58,0.75,1.0,0.85,0.62,0.96,0.78,0.33,1.0,1.0,0.96,,-16.9,-16.9,73.5,20.2,57.4,9.5,,30,30,NSE constituent file,,-0.6 vs #7 CHOLAFIN — behind on Valuation 5.9
NIFTY FINANCIAL SERVICES EX-BANK,9,NSE:BAJFINANCE,Bajaj Finance Limited,Financial Services,Credit Services,Large,589929.0,948.3,29.1,1.39,18.76588,,,5.17,,,18.5,16.7,61.6,43.5,22.6,18.2,314.8,,0.308,28.3,-26.7,0.57,16.6,54.67,-0.06,-2.5,19.4,69157.8,8.774271237426245,56.5,76.3,76.3,25.9,19.5,5.7,14.2,5.9,5.2,Revenue CAGR 22.6%; ROE 4y avg 18.5%; Profit CAGR 18.2%; forward P/E 18.8 vs P/E 29.1,PE vs sector 1.39×; P/B 5.17; 3-5y CAGR 8.8%,,,21,0.94,,1.0,,0.85,,1.0,0.93,1.0,0.28,0.59,,,0.06,,,1.0,0.63,0.72,1.0,0.44,0.92,0.97,0.79,0.58,0.99,1.0,0.36,,-4.0,-4.0,19.0,6.0,26.1,4.7,,30,30,NSE constituent file,,"-1.0 vs #8 HDFCAMC — behind on Quality 1.6, Shareholder 0.6"
NIFTY FINANCIAL SERVICES EX-BANK,10,NSE:LICHSGFIN,LIC Housing Finance Limited,Financial Services,Mortgage Finance,Small,27998.0,509.0,4.9,0.23,4.669868,,,0.68,,,13.6,10.6,82.4,65.2,10.3,24.7,642.5,,0.228,30.8,-41.8,1.96,9.6,45.24,0.0,-4.5,14.9,13080.0,5.0717574498580165,56.6,75.9,75.9,21.1,16.2,16.8,11.0,6.2,4.7,Profit CAGR 24.7%; PE vs sector 0.23×; Net margin 65.2%; P/E 4.90,3-5y CAGR 5.1%; Max drawdown 3y -41.8%,,,21,0.69,,0.66,,0.95,,0.63,1.0,0.78,1.0,1.0,,,0.48,,,1.0,0.56,0.4,0.62,0.77,0.74,0.83,0.8,0.52,0.9,1.0,0.19,,-11.8,-11.8,6.6,2.2,18.9,3.5,,30,30,NSE constituent file,,"-0.4 vs #9 BAJFINANCE — behind on Quality 4.8, Growth 3.3"
NIFTY MIDSMALL FINANCIAL SERVICES,1,NSE:RECLTD,REC Limited,Financial Services,Credit Services,Mid,75771.0,287.75,4.7,0.22,4.32035,,,0.9,,,19.8,19.2,96.9,68.9,14.4,13.5,607.5,,0.318,36.0,-50.7,2.15,32.2,52.63,0.0,-17.1,25.9,16721.2,10.000000000000009,62.1,85.1,85.1,27.6,16.5,19.0,10.4,7.2,4.4,ROE 4y avg 19.8%; Revenue CAGR 14.4%; PE vs sector 0.22×; Net margin 68.9%,Price vs 200-DMA -17.1%; Max drawdown 3y -50.7%,,,21,0.99,,1.0,,0.97,,0.87,0.78,0.84,1.0,1.0,,,0.83,,,1.0,0.42,0.14,0.89,0.81,1.0,0.96,0.8,0.12,1.0,1.0,0.45,,-23.8,-23.8,-1.4,-0.5,145.8,19.7,,30,30,NSE constituent file,,"#1, 0.5 pts ahead of INDIANB — leads on Quality +6.4"
NIFTY MIDSMALL FINANCIAL SERVICES,2,NSE:INDIANB,Indian Bank,Financial Services,Banks - Regional,Large,106834.0,793.15,8.4,0.4,7.228761,,,1.27,,16.2,13.9,11.3,48.0,36.4,10.4,28.1,,,0.285,37.5,-21.8,2.3,19.2,73.84,0.0,-8.5,20.8,14121.4,28.483361207167455,66.0,84.6,84.6,21.2,16.8,20.0,13.6,7.3,5.8,Profit CAGR 28.1%; PE vs sector 0.40×; P/B 1.27; forward P/E 7.2 vs P/E 8.4,Volatility 37.5%; Price vs 200-DMA -8.5%,,,22,0.71,0.85,0.73,,0.78,,0.64,1.0,0.92,1.0,0.99,,,1.0,,,1.0,0.38,0.81,1.0,0.84,0.98,1.0,0.8,0.39,1.0,1.0,1.0,,7.6,7.6,79.7,21.6,459.3,41.1,,30,30,NSE constituent file,,-0.5 vs #1 RECLTD — behind on Quality 6.4
NIFTY MIDSMALL FINANCIAL SERVICES,3,NSE:LICI,Life Insurance Corporation Of India,Financial Services,Insurance - Life,Large,495690.0,391.85,8.3,0.4,6.6633067,,6.249,2.81,,,49.5,32.5,6.4,6.5,7.3,16.9,0.4,432.5,0.539,28.6,-38.6,2.55,33.7,96.5,0.0,-4.8,16.4,39101.7,7.462579367714461,54.0,79.5,79.5,22.2,14.8,17.5,13.2,7.0,4.8,ROE 4y avg 49.5%; Profit CAGR 16.9%; PE vs sector 0.40×; forward P/E 6.7 vs P/E 8.3,Net margin 6.5%; 3-5y CAGR 7.5%,,,21,1.0,,1.0,,0.23,,0.43,0.92,1.0,1.0,1.0,,,0.59,,,1.0,0.62,0.48,1.0,0.9,1.0,0.75,0.8,0.51,0.93,1.0,0.28,,-13.3,-13.3,21.4,6.7,,,5Y n/a: listed/data from 2022-05-17,30,30,NSE constituent file,,"-5.1 vs #2 INDIANB — behind on Valuation 2.5, Growth 2.0"
NIFTY MIDSMALL FINANCIAL SERVICES,4,NSE:FEDERALBNK,The Federal Bank  Limited,Financial Services,Banks - Regional,Mid,78604.0,318.2,17.0,0.81,11.298581,,,1.96,,,12.5,10.9,43.0,30.7,16.6,11.1,,,0.27,27.5,-18.1,0.38,6.4,0.0,0.0,4.2,14.4,18753.9,29.88154890935317,61.4,77.7,77.7,18.3,16.2,18.3,14.6,4.0,6.4,Revenue CAGR 16.6%; PE vs sector 0.81×; forward P/E 11.3 vs P/E 17.0; P/B 1.96,Dividend yield 0.4%,,widely held (no promoter) - promoter checks not applicable,19,0.6,,0.69,,0.73,,0.93,0.59,1.0,0.89,0.85,,,1.0,,,1.0,0.65,0.88,0.9,0.4,0.66,,,0.8,0.89,1.0,1.0,,64.2,64.3,111.1,28.3,282.7,30.8,,30,30,NSE constituent file,,"-1.8 vs #3 LICI — behind on Quality 3.9, Shareholder 3.0"
NIFTY MIDSMALL FINANCIAL SERVICES,5,NSE:IEX,Indian Energy Exchange Limited,Financial Services,Capital Markets,Micro,9425.0,105.98,18.6,0.89,16.911694,,11.286,6.95,,,37.1,36.1,83.7,66.2,15.4,17.2,0.8,283.7,0.341,38.1,-53.7,3.77,61.4,0.0,0.0,-15.0,33.9,4974.1,-5.833703154052882,,76.2,76.2,27.7,18.1,11.2,7.5,7.9,3.8,ROE 4y avg 37.1%; Profit CAGR 17.2%; Revenue CAGR 15.4%; PE vs sector 0.89×,P/B 6.95; Max drawdown 3y -53.7%; Price vs 200-DMA -15.0%,,widely held (no promoter) - promoter checks not applicable,19,1.0,,1.0,,0.96,,0.91,0.92,0.85,0.81,0.81,,,0.0,,,1.0,0.36,0.09,0.32,1.0,0.97,,,0.15,1.0,1.0,0.0,,-24.9,-24.9,-20.3,-7.3,-48.7,-12.5,,30,30,NSE constituent file,,"-1.5 vs #4 FEDERALBNK — behind on Valuation 7.1, Safety 7.1"
NIFTY MIDSMALL FINANCIAL SERVICES,6,NSE:LICHSGFIN,LIC Housing Finance Limited,Financial Services,Mortgage Finance,Small,27998.0,509.0,4.9,0.23,4.669868,,,0.68,,,13.6,10.6,82.4,65.2,10.3,24.7,642.5,,0.228,30.8,-41.8,1.96,9.6,45.24,0.0,-4.5,14.9,13080.0,5.0717574498580165,56.6,75.9,75.9,21.1,16.2,16.8,11.0,6.2,4.7,Profit CAGR 24.7%; PE vs sector 0.23×; Net margin 65.2%; P/E 4.90,3-5y CAGR 5.1%; Max drawdown 3y -41.8%,,,21,0.69,,0.66,,0.95,,0.63,1.0,0.78,1.0,1.0,,,0.48,,,1.0,0.56,0.4,0.62,0.77,0.74,0.83,0.8,0.52,0.9,1.0,0.19,,-11.8,-11.8,6.6,2.2,18.9,3.5,,30,30,NSE constituent file,,"-0.3 vs #5 IEX — behind on Quality 6.6, Growth 1.9"
NIFTY MIDSMALL FINANCIAL SERVICES,7,NSE:PNBHOUSING,PNB Housing Finance Limited,Financial Services,Mortgage Finance,Small,28480.0,1092.0,12.6,0.6,10.411025,,,1.48,,,10.7,9.5,75.2,61.4,12.5,29.9,287.7,,0.308,42.2,-33.6,0.73,5.6,28.03,-0.05,10.3,9.9,10707.5,15.028348398847523,55.7,75.3,75.3,16.9,17.9,19.4,10.4,4.2,6.6,Profit CAGR 29.9%; PE vs sector 0.60×; P/B 1.48; forward P/E 10.4 vs P/E 12.6,Volatility 42.2%; Promoter holding 28.0%,,,21,0.46,,0.55,,0.93,,0.76,1.0,0.96,0.97,0.93,,,1.0,,,1.0,0.23,0.58,0.63,0.48,0.64,0.35,0.79,1.0,0.85,1.0,0.85,,23.8,23.8,47.1,13.8,108.2,15.8,,30,30,NSE constituent file,,"-0.6 vs #6 LICHSGFIN — behind on Quality 4.2, Shareholder 2.0"
NIFTY MIDSMALL FINANCIAL SERVICES,8,NSE:NAM-INDIA,Nippon Life India Asset Management Limited,Financial Services,Asset Management,Mid,66948.0,1046.0,41.5,1.98,31.265629,,29.422,14.33,,,27.9,20.6,71.1,52.5,26.1,28.3,1.6,282.7,0.63,36.3,-36.3,2.06,85.2,71.8,-0.45,1.1,17.6,11171.4,49.64359830064937,65.2,73.0,73.0,27.2,20.0,1.7,11.8,6.1,6.3,ROE 4y avg 27.9%; Revenue CAGR 26.1%; Profit CAGR 28.3%; forward P/E 31.3 vs P/E 41.5,PE vs sector 1.98×; P/B 14.3; P/E 41.5,,,21,1.0,,1.0,,0.9,,1.0,1.0,1.0,0.01,0.35,,,0.0,,,0.98,0.41,0.52,0.85,0.79,0.5,1.0,0.71,0.69,0.95,1.0,1.0,,19.4,19.4,212.1,46.2,137.4,18.9,,30,30,NSE constituent file,,-2.3 vs #7 PNBHOUSING — behind on Valuation 17.7
NIFTY MIDSMALL FINANCIAL SERVICES,9,NSE:LTF,L&T Finance Limited,Financial Services,Credit Services,Mid,66257.0,264.35,20.9,1.0,13.563199,,,2.36,,,9.6,7.5,45.9,33.1,17.7,22.5,393.4,,0.639,35.2,-31.1,1.04,21.7,65.96,-0.2,-9.4,21.9,15541.7,28.46316577124737,48.7,71.4,71.4,13.1,19.4,15.0,12.3,6.4,5.1,Profit CAGR 22.5%; Revenue CAGR 17.7%; forward P/E 13.6 vs P/E 20.9; P/B 2.36,ROE 4y avg 9.6%; ROE worst year 7.5%; Price vs 200-DMA -9.4%,,,21,0.36,,0.38,,0.75,,0.95,0.97,1.0,0.7,0.75,,,0.82,,,0.98,0.44,0.63,0.84,0.56,1.0,1.0,0.76,0.37,0.58,1.0,1.0,,2.2,2.2,95.8,25.2,194.9,24.1,,30,30,NSE constituent file,,"-1.6 vs #8 NAM-INDIA — behind on Quality 14.1, Trend 1.2"
NIFTY MIDSMALL FINANCIAL SERVICES,10,NSE:CAMS,Computer Age Management Services Limited,Financial Services,Information Technology Services,Small,16824.0,677.25,34.0,1.62,25.92015,,24.189,12.71,,,38.3,36.0,40.0,31.8,16.0,18.6,4.9,91.0,0.206,33.1,-40.3,1.89,62.9,0.0,0.0,-8.1,19.8,8409.1,10.793165135089279,53.8,70.4,70.4,26.1,18.8,3.4,10.3,6.6,5.1,ROE 4y avg 38.3%; Profit CAGR 18.6%; Revenue CAGR 16.0%; forward P/E 25.9 vs P/E 34.0,PE vs sector 1.62×; P/B 12.7,,widely held (no promoter) - promoter checks not applicable,19,1.0,,1.0,,0.74,,0.92,0.94,1.0,0.11,0.52,,,0.0,,,1.0,0.5,0.44,0.49,0.75,0.94,,,0.41,1.0,1.0,0.51,,-11.4,-11.4,34.5,10.4,13.4,2.6,,30,30,NSE constituent file,,"-1.0 vs #9 LTF — behind on Valuation 11.6, Safety 2.0"
NIFTY MIDSMALL IT & TELECOM,1,NSE:INDUSTOWER,Indus Towers Limited,Telecommunication,Telecom Services,Mid,99225.0,376.25,13.9,0.31,12.319566,,7.541,2.4,3.81,18.9,20.1,9.7,31.2,21.8,4.6,51.9,51.8,6.2,0.046,34.9,-30.7,3.72,0.0,51.26,1.26,-9.1,21.9,20549.2,28.54390945421037,59.7,83.2,83.2,24.8,13.0,18.6,14.1,6.9,5.8,ROE 4y avg 20.1%; Profit CAGR 51.9%; PE vs sector 0.31×; Debt/Equity 51.8,Revenue CAGR 4.6%; Price vs 200-DMA -9.1%,,,27,1.0,0.96,0.57,0.86,0.94,0.8,0.18,1.0,0.88,1.0,0.92,,0.94,0.82,0.89,0.89,1.0,0.45,0.64,1.0,1.0,0.5,0.96,1.0,0.38,1.0,1.0,1.0,,6.9,6.9,97.2,25.5,19.2,3.6,,20,20,NSE constituent file,,"#1, 2.4 pts ahead of HEXT — leads on Valuation +3.5, Quality +2.2"
NIFTY MIDSMALL IT & TELECOM,2,NSE:HEXT,Hexaware Technologies Limited,Information Technology,Information Technology Services,Small,29941.0,491.0,22.5,0.85,17.615406,,12.42,4.46,4.91,21.5,21.7,21.4,13.7,9.3,13.4,15.7,10.2,35.5,,38.5,-53.9,2.91,65.4,74.3,-0.27,-9.1,39.2,3358.0,,50.4,80.8,80.8,22.6,17.7,15.1,12.5,7.5,5.4,ROE 4y avg 21.7%; Profit CAGR 15.7%; Revenue CAGR 13.4%; PE vs sector 0.85×,Net margin 9.3%; Max drawdown 3y -53.9%; Volatility 38.5%,,,25,1.0,1.0,1.0,0.41,0.39,0.98,0.81,0.91,1.0,0.85,0.71,,0.75,0.64,0.98,1.0,,0.34,0.09,0.64,0.98,0.89,1.0,0.75,0.38,1.0,1.0,,,-27.5,-27.6,,,,,3Y n/a: listed/data from 2025-02-19; 5Y n/a: listed/data from 2025-02-19,20,20,NSE constituent file,,"-2.4 vs #1 INDUSTOWER — behind on Valuation 3.5, Quality 2.2"
NIFTY MIDSMALL IT & TELECOM,3,NSE:BHARTIHEXA,Bharti Hexacom Limited,Telecommunication,Telecom Services,Mid,68940.0,1378.8,37.7,0.85,21.661896,,16.092,9.62,,,18.4,11.4,31.9,19.0,12.4,46.7,85.7,5.5,0.073,37.4,-29.4,1.31,27.4,70.0,0.0,-12.1,29.5,2183.7,,52.8,79.1,79.1,24.9,18.0,12.1,12.3,6.7,5.1,Profit CAGR 46.7%; ROE 4y avg 18.4%; PE vs sector 0.85×; Operating margin 31.9%,P/B 9.62; Price vs 200-DMA -12.1%; Volatility 37.4%,,,24,0.94,,0.74,0.91,0.88,,0.75,1.0,1.0,0.85,0.44,,0.61,0.36,0.61,0.86,1.0,0.38,0.66,0.86,0.62,1.0,1.0,0.8,0.27,1.0,1.0,,,-17.0,-17.0,,,,,3Y n/a: listed/data from 2024-04-12; 5Y n/a: listed/data from 2024-04-12,20,20,NSE constituent file,,"-1.7 vs #2 HEXT — behind on Valuation 3.0, Shareholder 0.8"
NIFTY MIDSMALL IT & TELECOM,4,NSE:OFSS,Oracle Financial Services Software Limited,Information Technology,Software - Infrastructure,Mid,90760.0,10420.0,26.6,1.0,22.98445,,19.16,13.1,3.4,49.9,28.7,24.2,59.6,38.2,10.4,13.5,0.6,1364.0,0.506,33.6,-49.0,6.38,102.2,72.41,-0.15,12.5,16.9,31183.0,39.45365297880119,64.6,78.1,78.1,26.9,15.0,9.8,14.2,5.3,6.9,ROE 4y avg 28.7%; Operating margin 59.6%; Debt/Equity 0.60; ROE latest 49.9%,P/B 13.1; Payout ratio 102.2%; Max drawdown 3y -49.0%,,,27,1.0,1.0,1.0,1.0,1.0,0.73,0.64,0.78,0.91,0.7,0.63,,0.48,0.08,1.0,1.0,1.0,0.49,0.18,0.96,0.72,0.16,1.0,0.77,1.0,0.94,1.0,1.0,,19.4,19.5,154.9,36.7,130.9,18.2,,20,20,NSE constituent file,,"-1.0 vs #3 BHARTIHEXA — behind on Growth 3.0, Valuation 2.3"
NIFTY MIDSMALL IT & TELECOM,5,NSE:ZENSARTECH,Zensar Technologies Limited,Information Technology,Information Technology Services,Micro,9866.0,435.0,13.1,0.49,,,,2.1,,,15.5,11.0,,,5.5,33.2,1.7,100.2,,40.2,-55.3,3.45,,48.99,-0.07,,47.1,16900.7,-4.976921581056947,,76.8,76.8,22.0,12.5,18.9,11.8,7.5,4.0,Profit CAGR 33.2%; ROE 4y avg 15.5%; PE vs sector 0.49×; Debt/Equity 1.70,Revenue CAGR 5.5%; Max drawdown 3y -55.3%; 3-5y CAGR -5.0%,,,18,0.82,,0.7,,,,0.25,1.0,,1.0,0.93,,,0.88,1.0,1.0,,0.29,0.07,0.34,1.0,,0.92,0.79,,0.57,1.0,0.0,,-43.5,-43.5,-18.0,-6.4,-9.2,-1.9,,20,20,NSE constituent file,,"-1.3 vs #4 OFSS — behind on Quality 4.9, Trend 2.9"
NIFTY MIDSMALL IT & TELECOM,6,NSE:IKS,Inventurus Knowledge Solutions Limited,Information Technology,Health Information Services,Small,29842.0,1778.9,39.7,1.5,25.770489,,25.929,10.63,,,30.4,25.8,29.2,22.8,45.8,33.2,26.9,13.9,,39.8,-40.6,,0.0,63.72,0.0,7.8,9.7,3295.4,,61.5,75.8,75.8,27.6,20.0,4.1,13.0,4.7,6.4,ROE 4y avg 30.4%; Revenue CAGR 45.8%; Profit CAGR 33.2%; Operating margin 29.2%,PE vs sector 1.50×; P/B 10.6; EV/EBITDA 25.9×,,,23,1.0,,1.0,0.97,0.97,,1.0,1.0,1.0,0.15,0.39,,0.18,0.16,0.95,1.0,,0.31,0.43,0.64,0.3,0.5,1.0,0.8,0.92,0.8,1.0,,,19.3,19.3,,,,,3Y n/a: listed/data from 2024-12-19; 5Y n/a: listed/data from 2024-12-19,20,20,NSE constituent file,,"-1.0 vs #5 ZENSARTECH — behind on Valuation 14.8, Shareholder 2.8"
NIFTY MIDSMALL IT & TELECOM,7,NSE:KPITTECH,KPIT Technologies Limited,Information Technology,Software - Application,Small,13394.0,492.0,23.1,0.87,15.999038,,9.559,3.78,,,24.4,18.0,12.3,8.8,24.3,18.7,23.6,12.9,-0.007,41.3,-73.1,1.52,38.8,38.6,-0.85,-33.9,61.7,14751.7,-24.52157685712425,52.7,75.2,75.2,19.7,19.5,15.7,12.2,6.0,2.2,ROE 4y avg 24.4%; Revenue CAGR 24.3%; Profit CAGR 18.7%; PE vs sector 0.87×,Operating margin 12.3%; Net margin 8.8%; Max drawdown 3y -73.1%,,,25,1.0,,1.0,0.32,0.36,,1.0,0.94,1.0,0.83,0.7,,0.87,0.72,0.95,1.0,1.0,0.26,0.0,0.45,0.67,1.0,0.67,0.63,0.0,0.17,1.0,0.0,,-57.3,-57.4,-56.5,-24.2,45.5,7.8,,20,20,NSE constituent file,,"-0.6 vs #6 IKS — behind on Quality 7.9, Trend 4.2"
NIFTY MIDSMALL IT & TELECOM,8,NSE:COFORGE,Coforge Limited,Information Technology,Information Technology Services,Mid,80899.0,1826.0,37.5,1.42,25.566042,,21.268,6.43,,,18.5,12.7,16.0,9.6,26.9,30.9,7.5,13.2,0.314,36.6,-45.6,0.88,24.6,0.0,0.0,21.7,9.7,49970.0,19.930515328992104,56.7,74.2,74.2,21.4,20.0,6.5,14.1,5.7,6.5,Revenue CAGR 26.9%; Profit CAGR 30.9%; ROE 4y avg 18.5%; Debt/Equity 7.50,PE vs sector 1.42×; P/B 6.43; EV/EBITDA 21.3×,,widely held (no promoter) - promoter checks not applicable,23,0.94,,0.85,0.66,0.47,,1.0,1.0,1.0,0.24,0.44,,0.39,0.32,0.98,1.0,1.0,0.4,0.28,0.91,0.52,1.0,,,0.93,0.8,1.0,0.92,,14.1,14.1,78.8,21.4,72.9,11.6,,20,20,NSE constituent file,,-1.0 vs #7 KPITTECH — behind on Valuation 9.2
NIFTY MIDSMALL IT & TELECOM,9,NSE:PERSISTENT,Persistent Systems Limited,Information Technology,Information Technology Services,Mid,83849.0,5367.0,43.9,1.66,30.274784,3.35,29.6,9.97,1.0,25.2,22.8,22.1,16.0,12.2,20.9,26.5,6.9,34.2,0.079,34.8,-35.0,0.67,30.3,30.29,-0.27,1.0,18.7,29516.2,22.582895440178262,58.8,71.0,71.0,22.2,20.0,2.6,14.8,5.1,6.3,ROE 4y avg 22.8%; Revenue CAGR 20.9%; Profit CAGR 26.5%; Debt/Equity 6.90,PE vs sector 1.66×; PEG 3.35; P/B 9.97,,,28,1.0,1.0,1.0,0.66,0.68,0.3,1.0,1.0,1.0,0.1,0.29,0.0,0.11,0.2,0.99,1.0,1.0,0.46,0.55,0.93,0.47,1.0,0.46,0.75,0.69,0.97,1.0,0.96,,8.3,8.3,87.4,23.3,194.6,24.1,,20,20,NSE constituent file,,"-3.2 vs #8 COFORGE — behind on Valuation 3.9, Shareholder 0.6"
NIFTY MIDSMALL IT & TELECOM,10,NSE:AFFLE,Affle 3i Limited,Information Technology,Advertising Agencies,Small,20421.0,1451.0,43.0,1.62,29.289564,,28.88,5.58,,,13.5,11.9,17.9,16.8,23.6,23.0,0.4,175.9,0.104,35.3,-40.9,,0.0,54.91,-0.09,-5.0,27.2,5268.4,9.167265566578852,44.0,69.1,69.1,21.2,19.8,4.5,13.8,4.6,5.1,Revenue CAGR 23.6%; Profit CAGR 23.0%; Debt/Equity 0.40; forward P/E 29.3 vs P/E 43.0,PE vs sector 1.62×; EV/EBITDA 28.9×; P/B 5.58,,,25,0.68,,0.79,0.75,0.9,,1.0,0.98,1.0,0.11,0.31,,0.12,0.4,1.0,1.0,1.0,0.44,0.42,0.53,0.3,0.5,0.97,0.78,0.5,1.0,1.0,0.39,,-26.2,-26.2,30.0,9.2,33.9,6.0,,20,20,NSE constituent file,,"-1.9 vs #9 PERSISTENT — behind on Trend 1.2, Quality 1.0"
NIFTY CHEMICALS,1,NSE:CHAMBLFERT,Chambal Fertilizers & Chemicals Limited,Chemicals,Agricultural Inputs,Small,16006.0,399.5,8.3,0.23,8.180888,,5.771,1.54,,,17.5,14.6,15.2,9.6,-9.2,23.6,10.3,1883.0,0.292,38.4,-43.2,3.01,20.8,61.34,0.84,-10.3,23.5,1949.0,14.420525438371644,55.8,76.9,76.9,20.7,10.2,19.4,13.3,8.0,5.4,Profit CAGR 23.6%; ROE 4y avg 17.5%; PE vs sector 0.23×; Debt/Equity 10.3,Revenue CAGR -9.2%; Price vs 200-DMA -10.3%; Volatility 38.4%,,,25,0.9,,0.97,0.49,0.55,,0.0,0.99,0.59,1.0,1.0,,1.0,0.88,0.98,1.0,1.0,0.35,0.35,0.48,1.0,1.0,1.0,0.97,0.34,1.0,1.0,0.8,,-21.8,-21.8,44.9,13.2,17.5,3.3,,26,26,derived from NSE sector/industry (no constituent file published yet),,"#1, 5.4 pts ahead of SOLARINDS — leads on Valuation +19.0, Shareholder +3.0"
NIFTY CHEMICALS,2,NSE:SOLARINDS,Solar Industries India Limited,Chemicals,Specialty Chemicals,Large,175551.0,19400.0,88.5,2.42,55.25453,,57.303,27.97,,,27.1,25.3,25.5,17.5,12.4,30.4,23.3,18.7,0.245,36.5,-33.1,0.06,4.5,73.15,0.0,18.5,14.5,34748.5,62.487178475566154,63.1,71.5,71.5,26.6,18.0,0.4,14.8,5.0,6.8,ROE 4y avg 27.1%; Profit CAGR 30.4%; Debt/Equity 23.3; Operating margin 25.5%,PE vs sector 2.42×; P/B 28.0; P/E 88.5,,,25,1.0,,1.0,0.92,0.85,,0.75,1.0,1.0,0.0,0.0,,0.0,0.08,0.95,1.0,1.0,0.41,0.59,1.0,0.32,0.61,1.0,0.8,1.0,0.89,1.0,1.0,,45.1,45.1,290.0,57.5,795.3,55.0,,26,26,derived from NSE sector/industry (no constituent file published yet),,"-5.4 vs #1 CHAMBLFERT — behind on Valuation 19.0, Shareholder 3.0"
NIFTY CHEMICALS,3,NSE:PIDILITIND,Pidilite Industries Limited,Chemicals,Specialty Chemicals,Large,149114.0,1464.0,56.5,1.55,46.16904,,39.357,13.76,,,20.5,17.7,24.1,17.2,7.4,24.4,3.8,62.2,0.402,21.5,-23.7,0.79,38.5,69.24,-0.09,-2.2,14.3,12969.6,6.324860737668847,51.8,70.7,70.7,26.1,15.4,2.0,16.1,6.3,4.9,ROE 4y avg 20.5%; Profit CAGR 24.4%; Debt/Equity 3.80; Operating margin 24.1%,PE vs sector 1.55×; P/B 13.8; EV/EBITDA 39.4×,,,25,1.0,,1.0,0.86,0.83,,0.44,0.99,0.98,0.13,0.1,,0.0,0.12,0.99,1.0,1.0,0.81,0.78,1.0,0.5,1.0,1.0,0.78,0.58,0.89,1.0,0.24,,-0.8,-0.8,20.7,6.5,21.1,3.9,,26,26,derived from NSE sector/industry (no constituent file published yet),,"-0.8 vs #2 SOLARINDS — behind on Growth 2.6, Trend 1.9"
NIFTY CHEMICALS,4,NSE:NAVINFLUOR,Navin Fluorine International Limited,Chemicals,Chemicals,Mid,41755.0,8138.0,52.6,1.44,40.459194,,33.938,10.49,,,14.1,11.0,30.2,21.7,16.5,20.9,32.1,8.4,0.259,32.3,-35.5,0.19,9.8,27.08,-0.93,15.6,9.1,16066.1,22.427417783187863,52.1,70.3,70.3,23.5,19.1,3.2,14.1,3.8,6.7,Profit CAGR 20.9%; Revenue CAGR 16.5%; Operating margin 30.2%; Debt/Equity 32.1,PE vs sector 1.44×; P/B 10.5; EV/EBITDA 33.9×,,,25,0.73,,0.7,1.0,0.96,,0.93,0.96,1.0,0.22,0.13,,0.02,0.19,0.94,0.95,1.0,0.52,0.54,0.73,0.35,0.74,0.3,0.61,1.0,0.81,1.0,0.96,,75.7,75.8,113.0,28.7,118.6,16.9,,26,26,derived from NSE sector/industry (no constituent file published yet),,"-0.4 vs #3 PIDILITIND — behind on Quality 2.6, Shareholder 2.5"
NIFTY CHEMICALS,5,NSE:PARADEEP,Paradeep Phosphates Limited,Chemicals,Agricultural Inputs,Small,15682.0,151.0,14.6,0.4,13.187773,,9.608,2.31,,,9.4,2.8,10.0,4.6,28.8,48.5,101.8,4.9,-0.086,44.5,-55.2,0.99,9.7,57.86,0.66,12.2,25.1,10819.4,29.106296218777715,52.4,67.1,67.1,7.7,19.4,18.4,9.2,6.0,6.3,Revenue CAGR 28.8%; Profit CAGR 48.5%; PE vs sector 0.40×; forward P/E 13.2 vs P/E 14.6,ROE 4y avg 9.4%; Operating margin 10.0%; Net margin 4.6%,,,25,0.34,,0.14,0.33,0.19,,1.0,1.0,0.86,1.0,0.91,,0.86,0.85,0.49,0.83,1.0,0.16,0.07,0.48,0.55,0.74,0.99,0.93,1.0,0.54,1.0,1.0,,-22.9,-23.0,109.7,28.1,,,5Y n/a: listed/data from 2022-05-27,26,26,derived from NSE sector/industry (no constituent file published yet),,"-3.2 vs #4 NAVINFLUOR — behind on Quality 15.8, Safety 4.9"
NIFTY CHEMICALS,6,NSE:HSCL,Himadri Speciality Chemical Limited,Chemicals,Specialty Chemicals,Small,33357.0,661.1,41.6,1.14,32.09223,,31.893,7.09,,,13.5,9.5,20.4,16.1,3.7,51.5,16.2,17.0,0.234,43.6,-40.3,0.12,5.0,52.5,0.93,13.1,19.3,46026.6,39.91491428559337,55.3,65.9,65.9,19.8,13.2,7.3,13.5,5.2,7.0,Profit CAGR 51.5%; Debt/Equity 16.2; forward P/E 32.1 vs P/E 41.6; Interest cover 17.0×,Revenue CAGR 3.7%; EV/EBITDA 31.9×; P/B 7.09,,,25,0.68,,0.55,0.77,0.8,,0.15,1.0,1.0,0.56,0.35,,0.06,0.31,0.97,1.0,1.0,0.19,0.44,0.68,0.33,0.62,0.96,0.99,1.0,0.99,1.0,1.0,,48.4,48.4,162.1,37.9,1190.3,66.8,,26,26,derived from NSE sector/industry (no constituent file published yet),,"-1.2 vs #5 PARADEEP — behind on Valuation 11.1, Growth 6.2"
NIFTY CHEMICALS,7,NSE:COROMANDEL,Coromandel International Limited,Chemicals,Agricultural Inputs,Mid,51839.0,1760.0,28.4,0.78,18.215271,,15.786,4.13,,,19.3,15.6,6.8,5.6,10.2,-0.9,11.5,9.2,0.127,29.2,-34.9,0.62,24.1,56.35,-0.55,-14.1,29.6,2645.9,16.667573689093484,47.7,65.8,65.8,17.9,9.0,13.9,14.7,6.0,4.4,ROE 4y avg 19.3%; PE vs sector 0.78×; Debt/Equity 11.5; forward P/E 18.2 vs P/E 28.4,Profit CAGR -0.9%; Operating margin 6.8%; Net margin 5.6%,,,25,0.97,,1.0,0.19,0.26,,0.63,0.0,1.0,0.91,0.6,,0.62,0.5,0.98,0.98,1.0,0.6,0.55,0.78,0.46,1.0,0.98,0.69,0.19,0.48,1.0,0.88,,-21.7,-21.7,53.8,15.5,120.5,17.1,,26,26,derived from NSE sector/industry (no constituent file published yet),,"-0.1 vs #6 HSCL — behind on Growth 4.2, Trend 2.6"
NIFTY CHEMICALS,8,NSE:PRIVISCL,Privi Speciality Chemicals Limited,Chemicals,Specialty Chemicals,Small,13926.0,3565.0,41.1,1.12,25.549452,,22.71,9.86,,,13.3,2.7,17.2,13.1,16.6,145.2,74.4,6.4,0.059,40.2,-28.3,0.28,5.8,60.6,-9.29,10.8,5.8,2845.3,43.40300680930371,,65.0,65.0,16.3,17.5,8.0,12.0,4.4,6.9,Revenue CAGR 16.6%; forward P/E 25.5 vs P/E 41.1; Interest cover 6.40×; Beta 0.06,P/B 9.86; ROE worst year 2.7%; EV/EBITDA 22.7×,,,25,0.66,,0.14,0.61,0.72,,0.93,0.75,1.0,0.58,0.36,,0.31,0.23,0.7,0.89,1.0,0.29,0.68,0.46,0.37,0.65,1.0,0.0,1.0,0.91,1.0,1.0,,51.4,51.5,196.1,43.7,95.2,14.3,,26,26,derived from NSE sector/industry (no constituent file published yet),,"-0.8 vs #7 COROMANDEL — behind on Valuation 5.9, Safety 2.7"
NIFTY CHEMICALS,9,NSE:CLEAN,Clean Science and Technology Limited,Chemicals,Specialty Chemicals,Micro,8589.0,808.1,36.9,1.01,25.37467,,23.219,5.43,,,20.7,14.5,28.1,23.7,0.6,-8.0,0.1,875.8,0.27,31.8,-59.8,0.75,27.4,51.29,-23.68,2.8,26.4,3134.4,-17.721746386666982,,64.9,64.9,27.6,4.2,10.1,12.7,5.4,5.0,ROE 4y avg 20.7%; Debt/Equity 0.10; Operating margin 28.1%; forward P/E 25.4 vs P/E 36.9,Profit CAGR -8.0%; Revenue CAGR 0.6%; EV/EBITDA 23.2×,,,25,1.0,,0.97,0.96,0.99,,0.02,0.0,1.0,0.69,0.46,,0.29,0.42,1.0,1.0,1.0,0.54,0.0,0.3,0.49,1.0,0.96,0.0,0.75,1.0,1.0,0.0,,-26.8,-26.8,-43.0,-17.1,-61.7,-17.5,,26,26,derived from NSE sector/industry (no constituent file published yet),,"-0.1 vs #8 PRIVISCL — behind on Growth 13.3, Trend 1.9"
NIFTY CHEMICALS,10,NSE:PIIND,PI Industries Limited,Chemicals,Agricultural Inputs,Small,33921.0,2236.0,29.2,0.8,21.054615,,20.745,3.02,,,16.1,11.8,15.5,17.9,1.1,2.4,3.0,104.4,0.366,27.6,-52.3,0.67,19.5,46.09,0.0,-21.4,41.7,5714.4,-14.72981016718402,42.8,63.6,63.6,21.3,5.1,14.0,13.9,5.9,3.5,ROE 4y avg 16.1%; PE vs sector 0.80×; Debt/Equity 3.00; forward P/E 21.1 vs P/E 29.2,Revenue CAGR 1.1%; Profit CAGR 2.4%; Price vs 200-DMA -21.4%,,,25,0.84,,0.78,0.52,0.88,,0.04,0.1,1.0,0.9,0.59,,0.41,0.69,0.99,1.0,1.0,0.65,0.12,0.69,0.47,0.99,0.85,0.8,0.05,0.9,1.0,0.0,,-37.6,-37.6,-34.5,-13.2,-27.9,-6.3,,26,26,derived from NSE sector/industry (no constituent file published yet),,"-1.3 vs #9 CLEAN — behind on Quality 6.3, Trend 1.5"
NIFTY500 HEALTHCARE,1,NSE:ZYDUSLIFE,Zydus Lifesciences Limited,Healthcare,Drug Manufacturers - Specialty & Generic,Large,114284.0,1145.7,25.5,0.49,,,,4.25,,,17.0,11.2,,,16.5,37.0,42.3,19.1,,25.0,-36.8,0.09,,75.01,0.02,,7.0,17139.6,22.025794062320216,57.9,86.0,86.0,23.4,19.3,17.0,14.8,5.0,6.5,Profit CAGR 37.0%; Revenue CAGR 16.5%; ROE 4y avg 17.0%; PE vs sector 0.49×,Dividend yield 0.1%,,,18,0.88,,0.72,,,,0.93,1.0,,1.0,0.64,,,0.77,0.92,1.0,,0.72,0.51,1.0,0.32,,1.0,0.8,,0.83,1.0,0.96,,15.6,15.6,87.5,23.4,106.2,15.6,,44,44,derived from NSE sector/industry (no constituent file published yet),,"#1, 1.2 pts ahead of CAPLIPOINT — leads on Valuation +3.4, Safety +1.2"
NIFTY500 HEALTHCARE,2,NSE:CAPLIPOINT,Caplin Point Laboratories Limited,Healthcare,Drug Manufacturers - Specialty & Generic,Small,19854.0,2612.0,29.9,0.57,23.595303,,24.087,5.65,,,19.1,17.9,31.4,29.1,14.3,19.4,0.1,923.7,0.368,37.8,-42.0,0.3,8.0,70.57,0.01,23.6,12.6,4715.7,38.573959030460145,68.8,84.8,84.8,27.4,18.4,13.6,13.6,5.3,6.5,ROE 4y avg 19.1%; Profit CAGR 19.4%; Revenue CAGR 14.3%; PE vs sector 0.57×,EV/EBITDA 24.1×; Dividend yield 0.3%; Volatility 37.8%,,,25,0.96,,1.0,0.98,0.99,,0.86,0.94,1.0,0.98,0.58,,0.25,0.64,1.0,1.0,1.0,0.37,0.39,0.53,0.38,0.7,1.0,0.8,0.86,0.85,1.0,1.0,,27.9,27.9,150.6,35.9,200.1,24.6,,44,44,derived from NSE sector/industry (no constituent file published yet),,"-1.2 vs #1 ZYDUSLIFE — behind on Valuation 3.4, Safety 1.2"
NIFTY500 HEALTHCARE,3,NSE:AJANTPHARM,Ajanta Pharma Limited,Healthcare,Drug Manufacturers - Specialty & Generic,Mid,44810.0,3586.0,39.4,0.76,30.78457,,28.358,9.9,,,22.0,17.4,25.2,19.6,13.4,21.6,5.9,86.5,0.218,28.9,-30.1,1.79,30.8,63.48,-2.78,15.0,5.5,3432.1,26.992084157455952,,82.7,82.7,25.9,18.2,10.5,15.0,6.4,6.8,ROE 4y avg 22.0%; Profit CAGR 21.6%; Revenue CAGR 13.4%; PE vs sector 0.76×,P/B 9.90; EV/EBITDA 28.4×; P/E 39.4,,,25,1.0,,1.0,0.82,0.85,,0.81,0.97,1.0,0.91,0.4,,0.13,0.34,0.99,1.0,1.0,0.61,0.65,0.75,0.73,1.0,1.0,0.2,1.0,0.85,1.0,1.0,,49.3,49.4,99.9,26.0,137.6,18.9,,44,44,derived from NSE sector/industry (no constituent file published yet),,"-2.1 vs #2 CAPLIPOINT — behind on Valuation 3.1, Quality 1.5"
NIFTY500 HEALTHCARE,4,NSE:NATCOPHARM,Natco Pharma Limited,Healthcare,Drug Manufacturers - Specialty & Generic,Small,15070.0,819.0,12.9,0.25,17.29064,,12.428,1.59,,,19.6,14.7,19.0,32.8,14.5,25.6,7.7,58.8,0.163,33.8,-53.0,0.72,7.8,49.42,-0.14,-13.2,33.2,3900.2,-1.1123268348853466,59.6,81.4,81.4,25.2,15.0,18.8,13.0,5.5,3.9,Profit CAGR 25.6%; ROE 4y avg 19.6%; Revenue CAGR 14.5%; PE vs sector 0.25×,forward P/E 17.3 vs P/E 12.9; Max drawdown 3y -53.0%; Price vs 200-DMA -13.2%,,,25,0.98,,0.98,0.63,1.0,,0.87,1.0,0.0,1.0,0.93,,0.75,1.0,0.98,1.0,1.0,0.48,0.1,0.47,0.48,0.69,0.94,0.77,0.22,1.0,1.0,0.0,,1.8,1.8,-5.4,-1.8,-9.0,-1.9,,44,44,derived from NSE sector/industry (no constituent file published yet),,"-1.3 vs #3 AJANTPHARM — behind on Growth 3.2, Trend 2.9"
NIFTY500 HEALTHCARE,5,NSE:ABBOTINDIA,Abbott India Limited,Healthcare,Drug Manufacturers - Specialty & Generic,Mid,57054.0,26850.0,35.3,0.68,29.700006,,28.561,11.95,,,32.0,29.8,27.7,23.1,9.0,17.8,3.6,84.2,0.043,22.5,-28.5,1.96,62.5,,,0.1,12.4,2694.1,7.086022767352063,,80.6,80.6,26.8,15.7,11.0,15.5,6.7,5.0,ROE 4y avg 32.0%; Profit CAGR 17.8%; PE vs sector 0.68×; Debt/Equity 3.60,P/B 11.9; EV/EBITDA 28.6×; 3-5y CAGR 7.1%,,,23,1.0,,1.0,0.9,0.91,,0.56,0.93,0.94,0.94,0.49,,0.13,0.32,0.99,1.0,1.0,0.78,0.68,0.8,0.77,0.95,,,0.65,0.85,1.0,0.27,,-10.2,-10.2,16.1,5.1,21.8,4.0,,44,44,derived from NSE sector/industry (no constituent file published yet),,-0.8 vs #4 NATCOPHARM — behind on Valuation 7.8
NIFTY500 HEALTHCARE,6,NSE:SUNPHARMA,Sun Pharmaceutical Industries Limited,Healthcare,Drug Manufacturers - Specialty & Generic,Large,432120.0,1801.0,35.7,0.69,27.906345,1.04,24.334,5.17,,,14.8,13.7,23.2,20.2,10.4,10.6,5.5,45.6,0.121,20.0,-19.1,0.89,31.8,54.48,0.0,-0.3,12.0,35244.2,17.39767763255111,54.7,78.8,78.8,22.9,13.5,13.8,16.4,6.3,5.9,PE vs sector 0.69×; Debt/Equity 5.50; forward P/E 27.9 vs P/E 35.7; Interest cover 45.6×,EV/EBITDA 24.3×,,,26,0.78,,0.91,0.78,0.86,,0.64,0.55,1.0,0.94,0.48,0.83,0.23,0.68,0.99,1.0,1.0,0.85,0.86,1.0,0.52,1.0,0.97,0.8,0.64,0.84,1.0,0.89,,10.1,10.1,57.8,16.4,117.9,16.9,,44,44,derived from NSE sector/industry (no constituent file published yet),,"-1.8 vs #5 ABBOTINDIA — behind on Quality 3.9, Growth 2.2"
NIFTY500 HEALTHCARE,7,NSE:LUPIN,Lupin Limited,Healthcare,Drug Manufacturers - Specialty & Generic,Mid,92885.0,2031.2,16.8,0.32,19.88081,,10.603,4.14,,,14.9,3.5,25.4,18.5,19.1,131.5,29.4,17.7,0.163,26.2,-22.2,0.89,9.9,46.85,-0.05,-10.3,19.7,17673.5,21.39574001175102,59.6,78.7,78.7,20.1,14.0,17.8,15.6,5.6,5.6,Revenue CAGR 19.1%; PE vs sector 0.32×; Debt/Equity 29.4; Operating margin 25.4%,forward P/E 19.9 vs P/E 16.8; ROE worst year 3.5%; Price vs 200-DMA -10.3%,,,25,0.79,,0.18,0.84,0.82,,0.98,0.75,0.03,1.0,0.85,,0.83,0.8,0.94,1.0,1.0,0.68,0.81,0.97,0.52,0.75,0.87,0.79,0.34,0.99,1.0,0.95,,2.5,2.5,73.0,20.1,110.2,16.0,,44,44,derived from NSE sector/industry (no constituent file published yet),,"-0.1 vs #6 SUNPHARMA — behind on Quality 2.8, Safety 0.8"
NIFTY500 HEALTHCARE,8,NSE:EMCURE,Emcure Pharmaceuticals Limited,Healthcare,Drug Manufacturers - Specialty & Generic,Mid,36690.0,1934.0,36.3,0.7,24.920025,,20.1,7.41,,,18.0,15.3,15.4,10.4,15.4,20.2,30.6,11.4,-0.068,35.4,-40.7,0.19,5.6,77.83,-0.08,14.0,7.9,3158.8,,58.2,77.5,77.5,20.3,18.9,12.8,13.8,5.0,6.7,Profit CAGR 20.2%; ROE 4y avg 18.0%; Revenue CAGR 15.4%; PE vs sector 0.70×,Dividend yield 0.2%,,,24,0.92,,1.0,0.47,0.46,,0.91,0.95,1.0,0.93,0.47,,0.44,0.48,0.94,1.0,1.0,0.44,0.43,0.71,0.35,0.64,0.95,0.78,1.0,0.82,1.0,,,49.1,49.1,,,,,3Y n/a: listed/data from 2024-07-10; 5Y n/a: listed/data from 2024-07-10,44,44,derived from NSE sector/industry (no constituent file published yet),,"-1.2 vs #7 LUPIN — behind on Valuation 5.0, Safety 1.8"
NIFTY500 HEALTHCARE,9,NSE:ALKEM,Alkem Laboratories Limited,Healthcare,Drug Manufacturers - Specialty & Generic,Mid,62413.0,5220.0,28.9,0.56,23.357908,,20.82,4.52,,,15.8,10.9,17.8,14.3,8.3,32.7,14.3,25.8,0.281,23.1,-27.7,0.38,28.3,49.7,-3.34,-4.7,12.0,7328.5,12.714815890884745,50.3,76.9,76.9,20.2,16.1,14.7,15.4,5.2,5.3,Profit CAGR 32.7%; ROE 4y avg 15.8%; PE vs sector 0.56×; Debt/Equity 14.3,Dividend yield 0.4%; Promoter change 1y -3.3 pts,,,25,0.83,,0.69,0.59,0.69,,0.52,1.0,0.99,0.98,0.59,,0.41,0.73,0.97,1.0,1.0,0.77,0.7,0.83,0.4,1.0,0.94,0.12,0.51,0.84,1.0,0.66,,-4.4,-4.4,46.1,13.5,30.8,5.5,,44,44,derived from NSE sector/industry (no constituent file published yet),,"-0.6 vs #8 EMCURE — behind on Growth 2.8, Trend 1.4"
NIFTY500 HEALTHCARE,10,NSE:GLAXO,GlaxoSmithKline Pharmaceuticals Limited,Healthcare,Drug Manufacturers - General,Mid,46756.0,2760.0,43.7,0.84,34.859486,,33.247,20.62,,,40.4,33.2,29.8,27.0,5.7,19.3,1.5,515.6,0.079,30.0,-37.8,2.06,90.4,75.0,0.0,10.2,11.6,3059.2,23.921386174908598,65.3,76.3,76.3,27.4,13.7,7.9,14.6,5.9,6.7,ROE 4y avg 40.4%; Profit CAGR 19.3%; PE vs sector 0.84×; Debt/Equity 1.50,Revenue CAGR 5.7%; P/B 20.6; EV/EBITDA 33.2×,,,25,1.0,,1.0,0.94,0.97,,0.27,0.94,1.0,0.86,0.3,,0.04,0.05,1.0,1.0,1.0,0.58,0.49,0.75,0.79,0.39,1.0,0.8,1.0,0.83,1.0,0.98,,2.7,2.7,76.5,20.9,88.6,13.5,,44,44,derived from NSE sector/industry (no constituent file published yet),,"-0.6 vs #9 ALKEM — behind on Valuation 6.8, Growth 2.4"
NIFTY REITS & REALTY,1,NSE:OBEROIRLTY,Oberoi Realty Limited,Realty,Real Estate - Development,Mid,63798.0,1754.6,24.3,0.74,16.492826,,17.708,3.56,,,14.4,13.9,53.7,41.6,12.9,9.6,15.8,15.0,0.322,32.6,-38.9,0.46,11.1,67.7,0.0,4.4,11.7,8714.4,16.274419659001538,54.5,79.8,79.8,24.4,14.0,15.1,14.5,5.6,6.2,PE vs sector 0.74×; Operating margin 53.7%; Debt/Equity 15.8; forward P/E 16.5 vs P/E 24.3,,,,25,0.75,,0.93,1.0,0.91,,0.78,0.48,1.0,0.92,0.67,,0.54,0.73,0.97,1.0,1.0,0.51,0.47,0.83,0.42,0.78,1.0,0.8,0.8,0.83,1.0,0.87,,10.0,10.0,52.4,15.1,91.5,13.9,,11,11,derived from NSE sector/industry (no constituent file published yet),,"#1, 10.0 pts ahead of LODHA — leads on Quality +8.5, Valuation +2.6"
NIFTY REITS & REALTY,2,NSE:LODHA,Lodha Developers Limited,Realty,Real Estate - Development,Large,110474.0,1105.6,26.8,0.82,22.528257,,19.51,4.74,,,10.3,3.8,37.1,22.7,20.4,91.7,42.2,7.2,0.611,44.2,-57.3,0.38,10.3,70.31,-1.59,9.3,17.8,27150.6,11.68213443812396,47.8,69.8,69.8,15.9,17.8,12.5,12.7,5.2,5.8,Revenue CAGR 20.4%; PE vs sector 0.82×; Debt/Equity 42.2; Operating margin 37.1%,P/B 4.74; ROE worst year 3.8%; Max drawdown 3y -57.3%,,,25,0.42,,0.19,0.91,0.72,,1.0,0.75,0.95,0.88,0.62,,0.47,0.36,0.92,0.92,0.99,0.17,0.04,1.0,0.4,0.76,1.0,0.47,0.98,0.65,1.0,0.58,,-3.0,-3.0,40.2,12.0,109.6,16.0,,11,11,derived from NSE sector/industry (no constituent file published yet),,"-10.0 vs #1 OBEROIRLTY — behind on Quality 8.5, Valuation 2.6"
NIFTY REITS & REALTY,3,NSE:DLF,DLF Limited,Realty,Real Estate - Development,Large,162975.0,658.4,36.6,1.12,25.900347,0.14,125.829,3.58,,10.1,8.1,5.4,9.0,65.8,11.3,29.4,0.7,17.0,0.39,32.7,-46.1,1.22,33.4,74.08,0.0,5.8,16.3,26632.6,7.922440885679505,51.5,67.1,67.1,11.8,17.5,11.4,14.5,6.6,5.2,Profit CAGR 29.4%; Debt/Equity 0.70; Net margin 65.8%; forward P/E 25.9 vs P/E 36.6,ROE 4y avg 8.1%; Operating margin 9.0%; EV/EBITDA 125.8×,,,27,0.21,0.41,0.27,0.4,1.0,,0.69,1.0,1.0,0.58,0.46,1.0,0.0,0.64,1.0,1.0,1.0,0.51,0.27,1.0,0.6,1.0,1.0,0.8,0.85,0.69,1.0,0.3,,-8.8,-8.9,22.2,6.9,57.8,9.6,,11,11,derived from NSE sector/industry (no constituent file published yet),,"-2.7 vs #2 LODHA — behind on Quality 4.1, Valuation 1.1"
NIFTY REITS & REALTY,4,NSE:ANANTRAJ,Anant Raj Limited,Realty,Real Estate - Development,Small,20765.0,577.0,35.4,1.08,20.324059,,30.38,3.59,,,8.1,5.3,26.5,22.8,37.9,54.5,11.7,54.6,0.352,49.9,-56.6,0.17,4.5,57.42,-2.7,6.1,22.4,15247.0,37.70053383994922,52.7,65.9,65.9,13.5,20.0,9.6,12.3,4.4,6.1,Revenue CAGR 37.9%; Profit CAGR 54.5%; Debt/Equity 11.7; Operating margin 26.5%,ROE 4y avg 8.1%; EV/EBITDA 30.4×; ROE worst year 5.3%,,,25,0.21,,0.27,0.83,0.76,,1.0,1.0,1.0,0.62,0.49,,0.09,0.55,0.98,1.0,1.0,0.1,0.05,0.54,0.34,0.61,0.99,0.22,0.86,0.57,1.0,1.0,,-17.3,-17.3,160.5,37.7,654.9,49.8,,11,11,derived from NSE sector/industry (no constituent file published yet),,"-1.2 vs #3 DLF — behind on Safety 2.2, Shareholder 2.2"
NIFTY REITS & REALTY,5,NSE:GODREJPROP,Godrej Properties Limited,Realty,Real Estate - Development,Mid,48070.0,1595.8,30.0,0.92,14.483309,,-113.947,2.51,,,7.8,6.2,-62.3,30.8,32.4,47.9,82.1,42.9,0.467,37.4,-56.5,0.63,0.0,51.66,4.96,-12.2,32.2,11265.1,-1.4200705464087582,,65.4,65.4,8.5,20.0,16.8,11.6,5.3,3.2,Revenue CAGR 32.4%; Profit CAGR 47.9%; forward P/E 14.5 vs P/E 30.0; P/B 2.51,ROE 4y avg 7.8%; Operating margin -62.3%; ROE worst year 6.2%,,,25,0.19,,0.31,0.05,0.86,,1.0,1.0,1.0,0.78,0.57,,1.0,1.0,0.64,1.0,1.0,0.38,0.05,0.76,0.46,0.5,0.96,1.0,0.26,0.45,1.0,0.0,,-21.4,-21.4,2.6,0.9,-28.5,-6.5,,11,11,derived from NSE sector/industry (no constituent file published yet),,"-0.5 vs #4 ANANTRAJ — behind on Quality 5.0, Trend 2.9"
NIFTY REITS & REALTY,6,NSE:BRIGADE,Brigade Enterprises Limited,Realty,Real Estate - Development,Small,18670.0,572.4,29.0,0.89,15.318817,,128.413,27.37,,,10.9,9.0,25.8,12.6,18.6,30.3,84.3,3.3,0.177,37.3,-55.5,0.35,9.5,41.1,-0.02,1.3,28.6,3847.9,7.433707098896636,50.1,63.1,63.1,16.0,19.8,8.7,9.2,4.9,4.5,Profit CAGR 30.3%; Revenue CAGR 18.6%; PE vs sector 0.89×; forward P/E 15.3 vs P/E 29.0,P/B 27.4; EV/EBITDA 128.4×; Max drawdown 3y -55.5%,,,25,0.47,,0.5,0.78,0.56,,0.97,1.0,1.0,0.81,0.59,,0.0,0.09,0.63,0.54,1.0,0.38,0.07,0.51,0.39,0.74,0.73,0.8,0.7,0.49,1.0,0.28,,-15.2,-15.2,30.6,9.3,84.9,13.1,,11,11,derived from NSE sector/industry (no constituent file published yet),,"-2.3 vs #5 GODREJPROP — behind on Valuation 8.1, Safety 2.4"
NIFTY REITS & REALTY,7,NSE:PHOENIXLTD,The Phoenix Mills Limited,Realty,Real Estate - Diversified,Mid,69032.0,1930.0,54.0,1.65,38.688435,,28.225,6.28,,,12.0,9.4,50.8,28.2,18.4,-2.9,37.2,6.3,0.317,35.5,-31.6,0.13,7.0,47.25,-0.01,6.1,11.1,11040.2,27.670539444296672,49.5,59.6,59.6,19.8,11.7,2.7,14.0,4.9,6.5,Revenue CAGR 18.4%; Operating margin 50.8%; Debt/Equity 37.2; forward P/E 38.7 vs P/E 54.0,Profit CAGR -2.9%; PE vs sector 1.65×; P/B 6.28,,,25,0.56,,0.54,0.95,0.82,,0.97,0.0,1.0,0.11,0.12,,0.14,0.18,0.93,0.89,1.0,0.43,0.62,0.86,0.33,0.68,0.88,0.8,0.86,0.82,1.0,1.0,,23.4,23.4,112.2,28.6,301.4,32.1,,11,11,derived from NSE sector/industry (no constituent file published yet),,"-3.5 vs #6 BRIGADE — behind on Growth 8.1, Valuation 6.0"
NIFTY REITS & REALTY,8,NSE:SOBHA,Sobha Limited,Realty,Real Estate - Development,Micro,12941.0,1210.0,56.0,1.71,16.737349,,35.524,2.74,,,3.1,2.0,3.9,4.1,16.3,22.9,24.6,3.0,0.428,42.9,-48.4,0.49,13.9,52.88,0.0,-11.7,30.1,1970.9,20.48415509938355,,48.3,48.3,2.7,19.2,5.6,10.4,5.7,4.7,Profit CAGR 22.9%; Revenue CAGR 16.3%; Debt/Equity 24.6; forward P/E 16.7 vs P/E 56.0,ROE 4y avg 3.1%; PE vs sector 1.71×; Operating margin 3.9%,,,25,0.0,,0.1,0.18,0.17,,0.93,0.98,1.0,0.09,0.1,,0.0,0.91,0.95,0.48,1.0,0.21,0.2,0.45,0.42,0.85,0.96,0.8,0.28,0.47,1.0,0.93,,-19.9,-19.9,74.0,20.3,55.8,9.3,,11,11,derived from NSE sector/industry (no constituent file published yet),,"-11.3 vs #7 PHOENIXLTD — behind on Quality 17.1, Safety 3.6"
NIFTY REITS & REALTY,9,NSE:PRESTIGE,Prestige Estates Projects Limited,Realty,Real Estate - Diversified,Mid,64011.0,1486.1,56.2,1.72,25.953508,,24.379,3.93,,7.8,8.0,3.0,23.7,8.7,15.2,8.3,105.5,2.2,0.439,39.5,-48.4,0.13,6.8,60.94,0.0,0.8,17.7,9379.3,33.21378172652687,43.3,47.2,47.2,9.3,14.4,4.2,8.3,5.1,5.8,Revenue CAGR 15.2%; forward P/E 26.0 vs P/E 56.2; Beta 0.44; Promoter holding 60.9%,ROE 4y avg 8.0%; PE vs sector 1.72×; Profit CAGR 8.3%,,,26,0.2,0.19,0.15,0.71,0.41,,0.9,0.4,1.0,0.08,0.1,,0.23,0.45,0.46,0.34,1.0,0.32,0.2,0.83,0.33,0.67,1.0,0.8,0.68,0.66,1.0,1.0,,-3.6,-3.6,140.4,34.0,209.0,25.3,,11,11,derived from NSE sector/industry (no constituent file published yet),,"-1.1 vs #8 SOBHA — behind on Growth 4.8, Safety 2.1"
NIFTY REITS & REALTY,10,NSE:SIGNATURE,Signatureglobal (India) Limited,Realty,Real Estate - Development,Micro,10312.0,733.0,9.9,0.3,13.301103,,-86.246,5.57,,,-14.7,-134.3,-9.3,45.7,18.6,,161.0,24.8,0.799,35.8,-55.7,,0.0,69.54,-0.09,-13.9,36.5,3116.7,,,45.0,52.1,6.3,13.0,16.3,8.1,4.7,3.8,Revenue CAGR 18.6%; PE vs sector 0.30×; Interest cover 24.8×; Net margin 45.7%,ROE 4y avg -14.7%; Debt/Equity 161.0; Operating margin -9.3%,high debt (D/E 161),,23,0.0,,0.0,0.14,0.95,,0.97,,0.0,1.0,0.97,,1.0,0.27,0.12,1.0,0.9,0.43,0.06,0.36,0.3,0.5,1.0,0.78,0.19,0.39,1.0,,,-29.5,-29.5,54.7,15.7,,,5Y n/a: listed/data from 2023-09-27,11,11,derived from NSE sector/industry (no constituent file published yet),,"-2.2 vs #9 PRESTIGE — behind on Quality 3.0, Trend 2.0"
NIFTY CEMENT,1,NSE:ULTRACEMCO,UltraTech Cement Limited,Construction Materials,Building Materials,Large,315056.0,10710.0,36.9,1.09,24.78438,1.22,19.037,4.11,,,10.0,8.5,15.5,9.3,11.9,17.3,29.4,7.0,0.495,23.0,-20.6,2.24,26.7,59.33,0.1,-8.5,18.3,29157.7,8.378416475927363,44.4,70.1,70.1,15.6,17.2,10.2,15.6,7.3,4.2,Profit CAGR 17.3%; Debt/Equity 29.4; forward P/E 24.8 vs P/E 36.9; Interest cover 7.00×,ROE 4y avg 10.0%; P/B 4.11; Price vs 200-DMA -8.5%,,,26,0.4,,0.45,0.76,0.7,,0.72,0.92,1.0,0.61,0.46,0.75,0.49,0.18,0.94,0.91,1.0,0.77,0.84,1.0,0.83,1.0,1.0,0.82,0.39,0.64,1.0,0.33,,-11.5,-11.5,29.0,8.9,43.1,7.4,,11,11,derived from NSE sector/industry (no constituent file published yet),,"#1, 5.1 pts ahead of JKCEMENT — leads on Safety +4.1, Shareholder +2.0"
NIFTY CEMENT,2,NSE:JKCEMENT,JK Cement Limited,Construction Materials,Building Materials,Mid,38286.0,4955.0,40.5,1.2,25.440699,0.94,18.717,5.44,,,13.0,9.0,11.9,6.6,12.1,32.8,87.5,4.4,0.399,30.4,-37.6,0.4,12.3,45.66,0.0,-8.2,26.7,2846.7,14.699910738354083,,65.0,65.0,16.0,17.9,9.5,11.5,5.3,4.8,Profit CAGR 32.8%; forward P/E 25.4 vs P/E 40.5; PEG 0.94; Beta 0.40,P/B 5.44; P/E 40.5; Dividend yield 0.4%,,,26,0.64,,0.5,0.64,0.41,,0.73,1.0,1.0,0.5,0.37,0.87,0.5,0.09,0.6,0.74,1.0,0.57,0.5,0.72,0.4,0.81,0.84,0.8,0.4,0.52,1.0,0.82,,-21.5,-21.5,55.1,15.8,54.3,9.1,,11,11,derived from NSE sector/industry (no constituent file published yet),,"-5.1 vs #1 ULTRACEMCO — behind on Safety 4.1, Shareholder 2.0"
NIFTY CEMENT,3,NSE:ACC,ACC Limited,Construction Materials,Building Materials,Small,22178.0,1181.0,11.7,0.35,12.025777,2.33,9.131,1.08,,,10.6,4.7,3.4,7.6,12.9,48.7,2.1,20.2,0.349,27.9,-56.9,0.63,7.4,56.69,0.0,-17.4,40.6,1875.2,-16.222812717599446,39.1,63.3,63.3,9.6,15.8,16.2,13.5,5.5,2.7,Profit CAGR 48.7%; PE vs sector 0.35×; Debt/Equity 2.10; Interest cover 20.2×,Operating margin 3.4%; PEG 2.33; forward P/E 12.0 vs P/E 11.7,,,26,0.45,,0.24,0.05,0.59,,0.78,1.0,0.39,1.0,0.95,0.27,0.88,0.91,1.0,1.0,1.0,0.64,0.05,0.55,0.46,0.69,0.98,0.8,0.11,0.34,1.0,0.0,,-35.3,-35.3,-41.9,-16.6,-47.1,-12.0,,11,11,derived from NSE sector/industry (no constituent file published yet),,"-1.7 vs #2 JKCEMENT — behind on Quality 6.4, Trend 2.1"
NIFTY CEMENT,4,NSE:AMBUJACEM,Ambuja Cements Limited,Construction Materials,Building Materials,Mid,90013.0,362.25,20.3,0.6,24.96358,5.15,16.372,1.51,,,8.1,7.6,7.9,11.1,8.9,34.6,1.2,15.8,0.208,33.2,-47.4,0.55,11.2,67.33,-0.35,-19.8,38.5,7671.7,-6.286977545993744,40.2,58.5,58.5,10.6,12.4,12.8,14.3,5.6,2.7,Profit CAGR 34.6%; PE vs sector 0.60×; Debt/Equity 1.20; Interest cover 15.8×,ROE 4y avg 8.1%; forward P/E 25.0 vs P/E 20.3; PEG 5.15,,,26,0.21,,0.38,0.28,0.84,,0.55,1.0,0.0,0.97,0.77,0.0,0.6,0.73,1.0,1.0,1.0,0.5,0.23,0.95,0.44,0.78,1.0,0.73,0.08,0.37,1.0,0.0,,-36.6,-36.6,-16.2,-5.7,-9.9,-2.1,,11,11,derived from NSE sector/industry (no constituent file published yet),,"-4.8 vs #3 ACC — behind on Growth 3.4, Valuation 3.4"
NIFTY CEMENT,5,NSE:GRASIM,Grasim Industries Limited,Construction Materials,Building Materials,Large,200909.0,2962.0,35.3,1.04,19.612396,,12.509,1.94,,,5.9,3.8,18.8,3.1,14.3,-10.1,135.0,5.2,0.365,23.6,-19.2,0.34,11.9,43.74,0.63,-0.5,13.2,25108.3,15.878588783984092,,54.6,54.6,8.5,10.9,12.3,11.9,5.3,5.7,Revenue CAGR 14.3%; Operating margin 18.8%; forward P/E 19.6 vs P/E 35.3; Interest cover 5.20×,Profit CAGR -10.1%; ROE 4y avg 5.9%; Debt/Equity 135.0,,,25,0.06,,0.19,0.88,0.15,,0.86,0.0,1.0,0.66,0.49,,0.75,0.55,0.26,0.86,1.0,0.75,0.86,1.0,0.39,0.8,0.79,0.93,0.64,0.77,1.0,0.86,,6.2,6.2,54.8,15.7,77.3,12.1,,11,11,derived from NSE sector/industry (no constituent file published yet),,"-3.9 vs #4 AMBUJACEM — behind on Safety 2.4, Quality 2.1"
NIFTY CEMENT,6,NSE:SHREECEM,SHREE CEMENT LIMITED,Construction Materials,Building Materials,Mid,79017.0,21900.0,48.5,1.43,31.76765,0.67,16.483,3.4,,,7.8,5.2,9.4,7.4,5.7,11.1,8.0,12.1,0.283,24.3,-32.3,0.64,31.0,62.55,0.0,-13.1,27.7,6373.6,-5.683577277163366,,53.3,53.3,9.0,10.9,8.6,15.4,6.2,3.2,Debt/Equity 8.00; forward P/E 31.8 vs P/E 48.5; Interest cover 12.1×; PEG 0.67,ROE 4y avg 7.8%; Revenue CAGR 5.7%; PE vs sector 1.43×,,,26,0.19,,0.26,0.41,0.54,,0.27,0.59,1.0,0.23,0.19,0.95,0.59,0.27,0.98,1.0,1.0,0.74,0.6,0.9,0.46,1.0,1.0,0.8,0.23,0.5,1.0,0.0,,-25.2,-25.3,-14.5,-5.1,-24.7,-5.5,,11,11,derived from NSE sector/industry (no constituent file published yet),,"-1.3 vs #5 GRASIM — behind on Valuation 3.7, Trend 2.5"
NIFTY CEMENT,7,NSE:NUVOCO,Nuvoco Vistas Corporation Limited,Construction Materials,Building Materials,Micro,11486.0,321.6,29.7,0.88,19.028303,,8.431,1.12,,,1.5,0.2,11.0,3.3,2.7,183.0,48.1,2.4,0.322,32.2,-40.3,,0.0,72.02,0.0,-1.3,26.9,5432.5,-4.755936881908029,,51.0,51.0,4.9,10.9,15.8,10.7,4.7,4.0,PE vs sector 0.88×; Debt/Equity 48.1; forward P/E 19.0 vs P/E 29.7; P/B 1.12,ROE 4y avg 1.5%; Revenue CAGR 2.7%; Net margin 3.3%,,,25,0.0,,0.01,0.53,0.2,,0.11,0.75,1.0,0.82,0.58,,0.91,0.82,0.9,0.37,1.0,0.52,0.44,0.4,0.3,0.5,1.0,0.8,0.61,0.51,1.0,0.0,,-23.9,-23.9,-13.9,-4.9,-41.0,-10.0,,11,11,derived from NSE sector/industry (no constituent file published yet),,"-2.3 vs #6 SHREECEM — behind on Safety 4.7, Quality 4.1"
NIFTY CEMENT,8,NSE:DALBHARAT,Dalmia Bharat Limited,Construction Materials,Building Materials,Small,31689.0,1688.0,33.8,1.0,23.26458,,11.846,1.76,,,5.5,3.9,11.4,6.2,3.0,3.2,41.0,4.0,0.189,29.6,-34.9,0.59,18.0,55.84,0.0,-10.3,27.2,3755.4,-10.206233536698239,,48.8,48.8,7.2,6.0,13.3,12.9,6.0,3.4,Debt/Equity 41.0; forward P/E 23.3 vs P/E 33.8; Beta 0.19; Turnover/day 3755.4 L,ROE 4y avg 5.5%; Revenue CAGR 3.0%; Profit CAGR 3.2%,,,25,0.03,,0.2,0.58,0.34,,0.12,0.13,1.0,0.7,0.52,,0.78,0.64,0.92,0.67,1.0,0.59,0.55,0.66,0.45,0.95,0.98,0.8,0.34,0.51,1.0,0.0,,-24.5,-24.6,-29.1,-10.8,-20.5,-4.5,,11,11,derived from NSE sector/industry (no constituent file published yet),,"-2.2 vs #7 NUVOCO — behind on Growth 4.9, Valuation 2.5"
NIFTY CEMENT,9,NSE:RAMCOCEM,The Ramco Cements Limited,Construction Materials,Building Materials,Small,19612.0,830.0,30.5,0.9,31.650904,,17.37,2.42,,,5.5,3.7,5.1,7.0,3.3,30.5,47.9,3.9,0.106,27.0,-30.9,0.3,7.3,42.56,0.0,-14.1,31.7,1788.6,-2.3550261019707586,,47.6,47.6,4.5,10.5,12.0,12.8,4.8,3.1,Profit CAGR 30.5%; PE vs sector 0.90×; Debt/Equity 47.9; Beta 0.11,ROE 4y avg 5.5%; Revenue CAGR 3.3%; Operating margin 5.1%,,,25,0.03,,0.19,0.1,0.47,,0.13,1.0,0.35,0.8,0.57,,0.56,0.36,0.9,0.65,1.0,0.66,0.63,0.53,0.38,0.68,0.76,0.8,0.19,0.45,1.0,0.0,,-16.3,-16.3,-9.4,-3.2,-16.1,-3.5,,11,11,derived from NSE sector/industry (no constituent file published yet),,"-1.2 vs #8 DALBHARAT — behind on Quality 2.7, Valuation 1.3"
NIFTY CEMENT,10,NSE:JSWCEMENT,JSW Cement Limited,Construction Materials,Building Materials,Small,15012.0,111.17,19.7,0.58,19.544106,,14.464,2.28,,,-1.7,-11.5,10.6,10.9,4.7,,68.4,-1.2,,29.1,-32.1,0.45,0.0,72.02,-0.31,-10.7,22.5,1755.1,,,45.0,46.4,7.7,6.2,15.0,8.1,5.0,4.5,PE vs sector 0.58×; Promoter holding 72.0%; Turnover/day 1755.1 L,ROE 4y avg -1.7%; Revenue CAGR 4.7%; Interest cover -1.20×,losses in more than one recent year; weak interest cover (-1.2×),,22,0.0,,0.0,0.48,0.79,,0.19,,0.55,0.97,0.78,,0.67,0.45,0.75,0.0,,0.61,0.61,0.47,0.41,0.5,1.0,0.74,0.32,0.57,1.0,,,-19.4,-19.4,,,,,3Y n/a: listed/data from 2025-08-14; 5Y n/a: listed/data from 2025-08-14,11,11,derived from NSE sector/industry (no constituent file published yet),,"-2.6 vs #9 RAMCOCEM — behind on Safety 4.7, Growth 4.3"
