Symbol,Company,ISIN,Series,Sector,Industry,Cap Class,Market Cap (Cr),Price,P/E,P/B,52W High,52W Low,% Below 52W High,Dividend/Share (annual),Dividend Yield %,ROE %,Debt/Equity,Avg Volume,Nifty500
NSE:RELIANCE,Reliance Industries Limited,INE002A01018,EQ,Oil Gas & Consumable Fuels,Oil & Gas Refining & Marketing,Large,1580187.0,1167.7,21.1,1.75,1611.8,1160.8,27.6,6.0,0.51,,46.3,11836680.0,Y
NSE:HDFCBANK,HDFC Bank Limited,INE040A01034,EQ,Financial Services,,Large,1111981.0,721.2,15.8,1.83,1020.5,681.9,29.3,13.0,1.8,,,,Y
NSE:BHARTIARTL,Bharti Airtel Limited,INE397D01024,EQ,Telecommunication,Telecom Services,Large,1086213.0,1741.1,36.4,6.71,2174.5,1726.3,19.9,24.0,1.38,20.2,100.4,6247687.0,Y
NSE:ICICIBANK,ICICI Bank Limited,INE090A01021,EQ,Financial Services,Banks - Regional,Large,940802.0,1310.6,16.9,2.47,1480.0,1187.6,11.4,12.0,0.92,16.1,,10492400.0,Y
NSE:SBIN,State Bank of India,INE062A01020,EQ,Financial Services,Banks - Regional,Large,880693.0,954.1,10.2,1.42,1234.7,857.25,22.7,17.35,1.82,15.2,,9405746.0,Y
NSE:TCS,Tata Consultancy Services Limited,INE467B01029,EQ,Information Technology,Information Technology Services,Large,750753.0,2075.0,15.1,6.85,3350.0,1976.8,38.1,65.0,3.13,47.7,10.2,3591272.0,Y
NSE:BAJFINANCE,Bajaj Finance Limited,INE296A01032,EQ,Financial Services,Credit Services,Large,589929.0,948.3,29.1,5.17,1176.4,787.9,19.4,5.4,0.57,,314.8,7292822.0,Y
NSE:LT,Larsen & Toubro Limited,INE018A01030,EQ,Construction,Engineering & Construction,Large,508162.0,3693.4,30.7,4.65,4440.0,3288.1,16.8,38.0,1.03,,97.6,1679549.0,Y
NSE:LICI,Life Insurance Corporation Of India,INE0J1Y01017,EQ,Financial Services,Insurance - Life,Large,495690.0,391.85,8.3,2.81,468.48,360.75,16.4,10.0,2.55,,0.4,9978741.0,Y
NSE:SUNPHARMA,Sun Pharmaceutical Industries Limited,INE044A01036,EQ,Healthcare,Drug Manufacturers - Specialty & Generic,Large,432120.0,1801.0,35.7,5.17,2046.9,1583.7,12.0,16.0,0.89,,5.5,1956926.0,Y
NSE:HINDUNILVR,Hindustan Unilever Limited,INE030A01027,EQ,Fast Moving Consumer Goods,Household & Personal Products,Large,431385.0,1836.0,40.8,8.85,2667.2,1826.9,31.2,44.0,2.4,,3.0,1550646.0,Y
NSE:INFY,Infosys Limited,INE009A01021,EQ,Information Technology,Information Technology Services,Large,419211.0,1035.0,13.3,4.54,1728.0,980.4,40.1,50.0,4.83,32.0,9.5,10879010.0,Y
NSE:KOTAKBANK,Kotak Mahindra Bank Limited,INE237A01036,EQ,Financial Services,Banks - Regional,Large,416170.0,418.35,20.5,2.3,453.2,345.5,7.7,0.65,0.16,,,14940082.0,Y
NSE:TITAN,Titan Company Limited,INE280A01028,EQ,Consumer Durables,Luxury Goods,Large,400684.0,4515.7,69.4,25.53,5186.7,3378.0,12.9,15.0,0.33,,195.0,789619.0,Y
NSE:ADANIPORTS,Adani Ports and Special Economic Zone Limited,INE742F01042,EQ,Services,Marine Shipping,Large,400382.0,1737.8,29.7,4.17,1891.1,1292.0,8.1,7.5,0.43,,64.1,2123397.0,Y
NSE:ADANIENT,Adani Enterprises Limited,INE423A01024,EQ,Metals & Mining,Thermal Coal,Large,381317.0,2816.8,49.0,4.5,3245.0,1753.0,13.2,1.3,0.05,,119.6,1588099.0,Y
NSE:AXISBANK,Axis Bank Limited,INE238A01034,EQ,Financial Services,Banks - Regional,Large,378967.0,1217.1,13.8,1.7,1418.3,1150.3,14.2,1.0,0.08,13.4,,5979174.0,Y
NSE:ADANIPOWER,Adani Power Limited,INE814H01029,EQ,Power,Utilities - Independent Power Producers,Large,378385.0,196.21,26.5,5.83,254.2,128.1,22.8,0.0,,,82.3,21968201.0,Y
NSE:MARUTI,Maruti Suzuki India Limited,INE585B01010,EQ,Automobile and Auto Components,Auto Manufacturers,Large,357979.0,11386.0,25.0,3.34,17370.0,11305.0,34.5,140.0,1.23,,0.1,390135.0,Y
NSE:M&M,Mahindra & Mahindra Limited,INE101A01026,EQ,Automobile and Auto Components,Auto Manufacturers,Large,343418.0,2860.0,17.4,3.43,3839.9,2812.0,25.5,33.0,1.15,,125.3,2213759.0,Y
NSE:HCLTECH,HCL Technologies Limited,INE860A01027,EQ,Information Technology,Information Technology Services,Large,336354.0,1243.1,19.3,4.56,1780.1,1030.0,30.2,60.0,4.83,24.1,7.1,3086748.0,Y
NSE:ITC,ITC Limited,INE154A01025,EQ,Fast Moving Consumer Goods,Tobacco,Large,320656.0,255.9,16.2,4.42,426.4,254.65,40.0,16.0,6.25,,3.3,14205159.0,Y
NSE:ULTRACEMCO,UltraTech Cement Limited,INE481G01011,EQ,Construction Materials,Building Materials,Large,315056.0,10710.0,36.9,4.11,13110.0,10325.0,18.3,240.0,2.24,,29.4,272247.0,Y
NSE:HAL,Hindustan Aeronautics Limited,INE066F01020,EQ,Capital Goods,Aerospace & Defense,Large,307703.0,4601.0,33.0,7.5,5149.9,3479.1,10.7,20.0,0.43,,0.2,863025.0,Y
NSE:NTPC,NTPC Limited,INE733E01010,EQ,Power,Utilities - Regulated Electric,Large,305542.0,315.1,9.6,1.5,414.4,313.05,24.0,12.35,3.92,,128.3,8741536.0,Y
NSE:JSWSTEEL,JSW Steel Limited,INE019A01038,EQ,Metals & Mining,Steel,Large,300973.0,1233.0,12.2,3.01,1351.0,1073.2,8.7,7.1,0.58,,95.4,1620473.0,Y
NSE:ETERNAL,ETERNAL LIMITED,INE758T01015,EQ,Consumer Services,Internet Retail,Large,288957.0,313.9,667.9,9.28,368.45,212.6,14.8,0.0,,,14.8,31940569.0,Y
NSE:BEL,Bharat Electronics Limited,INE263A01024,EQ,Capital Goods,Aerospace & Defense,Large,280038.0,383.1,45.7,11.67,473.45,378.65,19.1,2.5,0.65,,0.3,10736822.0,Y
NSE:ONGC,Oil & Natural Gas Corporation Limited,INE213A01029,EQ,Oil Gas & Consumable Fuels,Oil & Gas Integrated,Large,279748.0,222.37,6.4,0.75,307.5,220.6,27.7,14.5,6.52,,42.5,11781658.0,Y
NSE:BAJAJFINSV,Bajaj Finserv Limited,INE918I01026,EQ,Financial Services,Financial Conglomerates,Large,277258.0,1732.6,27.4,3.56,2195.0,1597.0,21.1,1.3,0.08,,256.4,1052432.0,Y
NSE:BAJAJ-AUTO,Bajaj Auto Limited,INE917I01010,EQ,Automobile and Auto Components,Auto Manufacturers,Large,276040.0,10045.0,23.9,7.23,12470.0,8491.5,19.4,150.0,1.49,,56.4,332708.0,Y
NSE:COALINDIA,Coal India Limited,INE522F01014,EQ,Oil Gas & Consumable Fuels,Thermal Coal,Large,259081.0,420.4,8.3,2.18,491.25,369.6,14.4,21.0,5.0,,11.6,7906836.0,Y
NSE:NESTLEIND,Nestle India Limited,INE239A01024,EQ,Fast Moving Consumer Goods,Packaged Foods,Large,252166.0,1307.7,66.2,48.9,1553.0,1158.6,15.8,12.0,0.92,,8.6,1765562.0,Y
NSE:DMART,Avenue Supermarts Limited,INE192R01011,EQ,Consumer Services,Discount Stores,Large,248701.0,3813.0,80.9,10.14,4644.0,3529.0,17.9,0.0,,,9.9,548190.0,Y
NSE:DIVISLAB,Divi's Laboratories Limited,INE361B01024,EQ,Healthcare,Drug Manufacturers - Specialty & Generic,Large,245532.0,9249.0,84.0,14.65,9740.0,5647.5,5.0,30.0,0.32,,0.0,502276.0,Y
NSE:POWERGRID,Power Grid Corporation of India Limited,INE752E01010,EQ,Power,Utilities - Regulated Electric,Large,236747.0,254.55,12.5,2.36,324.95,250.0,21.7,10.25,4.03,,150.8,8964494.0,Y
NSE:HINDZINC,Hindustan Zinc Limited,INE267A01025,EQ,Metals & Mining,Other Industrial Metals & Mining,Large,234526.0,555.05,13.7,10.36,733.0,453.5,24.3,21.0,3.78,,39.0,4960728.0,Y
NSE:ASIANPAINT,Asian Paints Limited,INE021A01026,EQ,Consumer Durables,Specialty Chemicals,Large,230746.0,2407.0,48.5,10.8,2985.7,2115.0,19.4,27.5,1.14,,17.8,761913.0,Y
NSE:SHRIRAMFIN,Shriram Finance Limited,INE721A01047,EQ,Financial Services,Credit Services,Large,222363.0,945.0,16.7,2.7,1153.7,646.5,18.1,13.8,1.46,18.5,276.2,4678715.0,Y
NSE:TATASTEEL,Tata Steel Limited,INE081A01020,EQ,Metals & Mining,Steel,Large,222043.0,178.0,20.1,2.17,224.4,160.06,20.7,4.0,2.25,,89.0,24861583.0,Y
NSE:ADANIGREEN,Adani Green Energy Limited,INE364U01010,EQ,Power,Utilities - Renewable,Large,210196.0,1276.1,122.0,10.9,1631.5,765.0,21.8,0.0,,,346.5,1972952.0,Y
NSE:HINDALCO,Hindalco Industries Limited,INE038A01020,EQ,Metals & Mining,Aluminum,Large,209075.0,941.85,12.8,1.53,1176.0,754.45,19.9,5.0,0.53,,72.6,4288553.0,Y
NSE:GRASIM,Grasim Industries Limited,INE047A01021,EQ,Construction Materials,Building Materials,Large,200909.0,2962.0,35.3,1.94,3411.1,2502.5,13.2,10.0,0.34,,135.0,847682.0,Y
NSE:TVSMOTOR,TVS Motor Company Limited,INE494B01023,EQ,Automobile and Auto Components,Auto Manufacturers,Large,191088.0,4021.0,55.9,57.19,4484.5,3228.0,10.3,12.0,0.3,,306.1,1010274.0,Y
NSE:INDIGO,InterGlobe Aviation Limited,INE646L01027,EQ,Services,Airlines,Large,190623.0,4929.9,,27.33,5970.0,3895.2,17.4,10.0,0.19,,1112.7,718998.0,Y
NSE:EICHERMOT,Eicher Motors Limited,INE066A01021,EQ,Automobile and Auto Components,Auto Manufacturers,Large,189969.0,6920.0,32.9,7.56,8230.0,6442.0,15.9,82.0,1.18,,2.0,466372.0,Y
NSE:IOC,Indian Oil Corporation Limited,INE242A01010,EQ,Oil Gas & Consumable Fuels,Oil & Gas Refining & Marketing,Large,185468.0,131.34,5.5,0.82,188.96,130.22,30.5,8.25,6.28,,58.4,9637633.0,Y
NSE:TORNTPHARM,Torrent Pharmaceuticals Limited,INE685A01028,EQ,Healthcare,Drug Manufacturers - Specialty & Generic,Large,181333.0,4767.3,76.3,19.23,5250.0,3480.6,9.2,38.0,0.8,,85.4,539899.0,Y
NSE:SOLARINDS,Solar Industries India Limited,INE343H01029,EQ,Chemicals,Specialty Chemicals,Large,175551.0,19400.0,88.5,27.97,22700.0,11646.0,14.5,11.0,0.06,,23.3,179116.0,Y
NSE:SBILIFE,SBI Life Insurance Company Limited,INE123W01016,EQ,Financial Services,Insurance - Life,Large,172746.0,1721.6,66.7,8.58,2132.0,1652.9,19.2,2.7,0.16,13.7,,1000893.0,Y
NSE:MOTHERSON,Samvardhana Motherson International Limited,INE775A01035,EQ,Automobile and Auto Components,Auto Parts,Large,165372.0,157.03,37.7,4.04,173.27,101.01,9.4,0.5,0.32,,43.9,16102716.0,Y
NSE:HYUNDAI,Hyundai Motor India Limited,INE0V6F01027,EQ,Automobile and Auto Components,Auto Manufacturers,Large,164458.0,2024.0,33.2,8.22,2591.9,1658.0,21.9,21.0,1.04,,5.5,764261.0,Y
NSE:DLF,DLF Limited,INE271C01023,EQ,Realty,Real Estate - Development,Large,162975.0,658.4,36.6,3.58,786.5,489.4,16.3,8.0,1.22,10.1,0.7,4045045.0,Y
NSE:ADANIENSOL,Adani Energy Solutions Limited,INE931S01010,EQ,Power,Utilities - Independent Power Producers,Large,162213.0,1326.4,54.7,6.27,1789.0,803.1,25.9,0.0,,,194.5,2887328.0,Y
NSE:WIPRO,Wipro Limited,INE075A01022,EQ,Information Technology,Information Technology Services,Large,157652.0,159.35,12.7,2.03,273.1,156.79,41.7,8.0,5.02,16.1,27.4,14488518.0,Y
NSE:VAML,Vedanta Aluminium Metal Limited,INE1CDF01017,EQ,Metals & Mining,Aluminum,Large,157337.0,403.0,40.8,,537.0,398.75,25.0,16.0,3.97,,,9044284.0,Y
NSE:TMCV,Tata Motors Limited,INE1TAE01010,EQ,Capital Goods,Auto Manufacturers,Large,153977.0,418.1,36.7,12.09,509.0,306.3,17.9,4.0,0.96,,44.1,7371522.0,Y
NSE:ICICIAMC,ICICI Prudential Asset Management Company Limited,INE346A01027,EQ,Financial Services,Asset Management,Large,152133.0,3078.0,43.8,36.47,3611.0,2530.0,14.8,24.8,0.8,,4.1,475016.0,Y
NSE:PIDILITIND,Pidilite Industries Limited,INE318A01026,EQ,Chemicals,Specialty Chemicals,Large,149114.0,1464.0,56.5,13.76,1707.5,1259.0,14.3,11.5,0.79,,3.8,885905.0,Y
NSE:BHEL,Bharat Heavy Electricals Limited,INE257A01026,EQ,Capital Goods,Specialty Industrial Machinery,Large,146595.0,421.0,60.2,5.61,446.5,229.54,5.7,1.4,0.33,,31.3,9767545.0,Y
NSE:ABB,ABB India Limited,INE117A01022,EQ,Capital Goods,Specialty Industrial Machinery,Large,146217.0,6900.0,92.6,15.66,7924.5,4637.5,12.9,39.36,0.57,19.1,1.5,280480.0,Y
NSE:VBL,Varun Beverages Limited,INE200M01039,EQ,Fast Moving Consumer Goods,Beverages - Non-Alcoholic,Large,143857.0,425.3,42.6,6.61,555.8,381.0,23.5,2.0,0.47,16.9,15.9,6602637.0,Y
NSE:JIOFIN,Jio Financial Services Limited,INE758E01017,EQ,Financial Services,Asset Management,Large,140317.0,212.5,65.8,1.01,316.85,208.5,32.9,0.6,0.28,,16.3,16357129.0,Y
NSE:POWERINDIA,Hitachi Energy India Limited,INE07Y701011,EQ,Capital Goods,Electrical Equipment & Parts,Large,139467.0,31290.0,122.0,26.95,38785.0,16111.0,19.3,8.0,0.03,,1.7,118913.0,Y
NSE:CGPOWER,CG Power and Industrial Solutions Limited,INE067A01029,EQ,Capital Goods,Electrical Equipment & Parts,Large,138484.0,879.0,111.1,17.37,980.9,525.5,10.4,1.3,0.15,,1.4,3443259.0,Y
NSE:TRENT,Trent Limited,INE849A01020,EQ,Consumer Services,Apparel Retail,Large,137574.0,2580.0,76.3,19.7,4908.0,2183.67,47.4,4.0,0.16,,36.0,1031235.0,Y
NSE:IDEA,Vodafone Idea Limited,INE669E01016,EQ,Telecommunication,Telecom Services,Large,136946.0,12.64,3.6,-3.83,15.79,8.13,19.9,0.0,,,,383261554.0,Y
NSE:TECHM,Tech Mahindra Limited,INE669C01036,EQ,Information Technology,Information Technology Services,Large,135812.0,1533.0,26.5,4.58,1854.0,1304.1,17.3,51.0,3.33,,7.3,2401756.0,Y
NSE:CHOLAFIN,Cholamandalam Investment and Finance Company Limited,INE121A01024,EQ,Financial Services,Credit Services,Large,135487.0,1580.0,23.4,4.42,1952.5,1299.4,19.1,2.0,0.13,,695.3,1423254.0,Y
NSE:SIEMENS,Siemens Limited,INE003A01024,EQ,Capital Goods,Specialty Industrial Machinery,Large,135468.0,3804.0,80.0,9.79,4149.4,2826.0,8.3,18.0,0.47,,2.2,355032.0,Y
NSE:CUMMINSIND,Cummins India Limited,INE298A01020,EQ,Capital Goods,Specialty Industrial Machinery,Large,134719.0,4860.0,56.8,15.9,6100.0,3882.5,20.3,66.0,1.36,,0.4,436648.0,Y
NSE:TATACAP,Tata Capital Limited,INE976I01016,EQ,Financial Services,Credit Services,Large,134470.0,318.9,24.9,2.93,390.2,296.0,18.3,0.57,0.18,,502.9,1592107.0,Y
NSE:BOSCHLTD,Bosch Limited,INE323A01026,EQ,Automobile and Auto Components,Auto Parts,Large,134148.0,45480.0,56.8,9.04,50000.0,28610.0,9.0,270.0,0.59,,0.8,34118.0,Y
NSE:BPCL,Bharat Petroleum Corporation Limited,INE029A01011,EQ,Oil Gas & Consumable Fuels,Oil & Gas Refining & Marketing,Large,128434.0,300.6,7.5,1.28,391.65,266.6,23.2,20.0,6.65,,54.3,5577637.0,Y
NSE:UNIONBANK,Union Bank of India,INE692A01016,EQ,Financial Services,Banks - Regional,Large,127932.0,167.59,6.2,0.92,205.49,135.3,18.4,5.0,2.98,15.8,,12411684.0,Y
NSE:PNB,Punjab National Bank,INE160A01022,EQ,Financial Services,Banks - Regional,Large,125928.0,109.57,5.7,0.81,135.15,98.5,18.9,3.0,2.74,15.0,,15710030.0,Y
NSE:BSE,BSE Limited,INE118H01025,EQ,Financial Services,Financial Data & Stock Exchanges,Large,123707.0,3046.0,44.2,15.69,4446.8,2050.0,31.5,10.0,0.33,,0.0,4308583.0,Y
NSE:POLYCAB,Polycab India Limited,INE455K01017,EQ,Capital Goods,Electrical Equipment & Parts,Large,120357.0,7990.0,42.2,9.95,10126.0,6663.0,21.1,47.0,0.59,25.5,1.7,368425.0,Y
NSE:LENSKART,Lenskart Solutions Limited,INE956O01016,EQ,Consumer Services,Medical Instruments & Supplies,Large,119469.0,690.0,181.6,13.71,725.0,356.1,4.8,0.0,,,35.0,8925267.0,Y
NSE:BANKBARODA,Bank of Baroda,INE028A01039,EQ,Financial Services,Banks - Regional,Large,119365.0,230.82,6.6,0.71,325.5,223.82,29.1,8.5,3.68,11.3,,8558663.0,Y
NSE:LTM,LTM Limited,INE214T01019,EQ,Information Technology,Information Technology Services,Large,118792.0,4007.0,22.7,4.84,6429.5,3528.0,37.7,75.0,1.87,22.0,9.9,462807.0,Y
NSE:ENRIN,Siemens Energy India Limited,INE1NPP01017,EQ,Capital Goods,Utilities - Renewable,Large,118731.0,3334.0,80.0,24.67,3968.0,2115.0,16.0,4.0,0.12,,4.5,548325.0,Y
NSE:BAJAJHLDNG,Bajaj Holdings & Investment Limited,INE118A01012,EQ,Financial Services,Asset Management,Large,118706.0,10666.0,13.4,1.62,13250.0,8588.0,19.5,130.0,1.22,11.6,0.0,48078.0,Y
NSE:APOLLOHOSP,Apollo Hospitals Enterprise Limited,INE437A01024,EQ,Healthcare,Medical Care Facilities,Large,116947.0,8133.5,55.9,12.34,9070.5,6696.5,10.3,20.0,0.25,,85.1,368466.0,Y
NSE:LGEINDIA,LG Electronics India Limited,INE324D01010,EQ,Consumer Durables,Consumer Electronics,Large,116206.0,1712.0,63.7,15.16,1755.0,1304.1,2.5,0.0,,,6.0,630368.0,Y
NSE:HDFCLIFE,HDFC Life Insurance Company Limited,INE795G01014,EQ,Financial Services,Insurance - Life,Large,116031.0,534.2,58.5,5.95,788.5,508.7,32.3,2.1,0.39,10.8,15.9,3935522.0,Y
NSE:BRITANNIA,Britannia Industries Limited,INE216A01030,EQ,Fast Moving Consumer Goods,Packaged Foods,Large,115087.0,4778.0,44.2,22.54,6271.0,4737.0,23.8,90.5,1.89,,26.9,279938.0,Y
NSE:ZYDUSLIFE,Zydus Lifesciences Limited,INE010B01027,EQ,Healthcare,Drug Manufacturers - Specialty & Generic,Large,114284.0,1145.7,25.5,4.25,1232.1,835.5,7.0,1.0,0.09,,42.3,1495998.0,Y
NSE:GAIL,GAIL (India) Limited,INE129A01019,EQ,Oil Gas & Consumable Fuels,Utilities - Regulated Gas,Large,112579.0,171.22,11.4,1.26,186.87,134.36,8.4,5.5,3.21,,27.8,8463131.0,Y
NSE:JINDALSTEL,JINDAL STEEL LIMITED,INE749A01030,EQ,Metals & Mining,Steel,Large,111975.0,1100.5,41.2,2.2,1306.2,977.1,15.7,2.0,0.18,,43.6,920456.0,Y
NSE:TATAPOWER,Tata Power Company Limited,INE245A01021,EQ,Power,Utilities - Independent Power Producers,Large,111885.0,350.15,29.0,2.83,464.9,342.5,24.7,2.5,0.71,,168.1,4221990.0,Y
NSE:GROWW,Billionbrains Garage Ventures Limited,INE0HOQ01053,EQ,Financial Services,Capital Markets,Large,111634.0,180.3,45.8,11.55,227.2,112.0,20.6,0.0,,,3.0,36391167.0,Y
NSE:LODHA,Lodha Developers Limited,INE670K01029,EQ,Realty,Real Estate - Development,Large,110474.0,1105.6,26.8,4.74,1344.95,650.8,17.8,4.25,0.38,,42.2,2455735.0,Y
NSE:GVT&D,GE Vernova T&D India Limited,INE200A01026,EQ,Capital Goods,Specialty Industrial Machinery,Large,108902.0,4253.2,83.3,40.48,5650.0,2523.2,24.7,10.0,0.24,,0.9,913288.0,Y
NSE:CIPLA,Cipla Limited,INE059A01026,EQ,Healthcare,Drug Manufacturers - Specialty & Generic,Large,108578.0,1344.0,32.3,3.15,1673.0,1165.7,19.7,13.0,0.97,,1.8,1036357.0,Y
NSE:MUTHOOTFIN,Muthoot Finance Limited,INE414G01012,EQ,Financial Services,Credit Services,Large,108280.0,2697.1,9.5,2.67,4149.5,2671.0,35.0,30.0,1.11,31.7,393.6,966016.0,Y
NSE:CANBK,Canara Bank,INE476A01022,EQ,Financial Services,Banks - Regional,Large,107360.0,118.36,5.4,0.91,162.89,116.51,27.3,4.2,3.55,,,17231227.0,Y
NSE:LAURUSLABS,Laurus Labs Limited,INE947Q01028,EQ,Healthcare,Drug Manufacturers - Specialty & Generic,Large,107198.0,1984.0,98.0,20.21,2055.3,843.0,3.5,2.4,0.12,,46.4,2462329.0,Y
NSE:INDIANB,Indian Bank,INE562A01011,EQ,Financial Services,Banks - Regional,Large,106834.0,793.15,8.4,1.27,1000.9,742.0,20.8,18.25,2.3,16.2,,1780418.0,Y
NSE:PAYTM,One 97 Communications Limited,INE982J01020,EQ,Financial Services,Software - Infrastructure,Large,105886.0,1656.0,164.0,6.62,1855.5,930.6,10.8,0.0,,,1.1,4321299.0,Y
NSE:PFC,Power Finance Corporation Limited,INE134E01011,EQ,Financial Services,Credit Services,Mid,104943.0,318.0,4.0,0.73,486.5,313.35,34.6,15.6,4.91,,536.8,7924279.0,Y
NSE:MANKIND,Mankind Pharma Limited,INE634S01028,EQ,Healthcare,Drug Manufacturers - Specialty & Generic,Mid,104707.0,2535.0,51.3,6.42,2642.0,1909.7,4.0,2.0,0.08,,38.1,448161.0,Y
NSE:INDHOTEL,The Indian Hotels Company Limited,INE053A01029,EQ,Consumer Services,Lodging,Mid,103866.0,718.0,47.6,7.83,757.4,565.0,5.2,3.25,0.45,,19.0,2327259.0,Y
NSE:HEROMOTOCO,Hero MotoCorp Limited,INE158A01026,EQ,Automobile and Auto Components,Auto Manufacturers,Mid,103433.0,5168.0,19.0,4.78,6388.5,4671.5,19.1,185.0,3.58,,3.6,638856.0,Y
NSE:TMPV,Tata Motors Passenger Vehicles Limited,INE155A01022,EQ,Automobile and Auto Components,Auto Manufacturers,Mid,102903.0,279.4,,0.92,739.7,272.2,62.2,3.0,1.07,,70.4,9576779.0,Y
NSE:ABCAPITAL,Aditya Birla Capital Limited,INE674K01013,EQ,Financial Services,Financial Conglomerates,Mid,102684.0,375.05,24.3,2.85,430.7,287.7,12.9,0.0,,,495.9,3386508.0,Y
NSE:SBIFUNDS,SBI Funds Management Limited,INE640G01020,EQ,Financial Services,Asset Management,Mid,101964.0,500.6,33.2,17.1,624.95,497.0,19.9,0.0,,,2.2,4000593.0,
NSE:MARICO,Marico Limited,INE196A01026,EQ,Fast Moving Consumer Goods,Household & Personal Products,Mid,101419.0,781.35,53.8,24.09,889.1,703.95,12.1,4.0,0.51,,12.4,1706286.0,Y
NSE:MEESHO,Meesho Limited,INE0VDM01015,EQ,Consumer Services,Internet Retail,Mid,101365.0,219.0,,23.07,254.4,125.56,13.9,0.0,,,1.4,16693874.0,Y
NSE:IRFC,Indian Railway Finance Corporation Limited,INE053F01010,EQ,Financial Services,Credit Services,Mid,100706.0,77.06,14.0,1.77,137.17,76.51,43.8,2.9,3.76,,773.3,8127652.0,Y
NSE:DRREDDY,Dr. Reddy's Laboratories Limited,INE089A01031,EQ,Healthcare,Drug Manufacturers - Specialty & Generic,Mid,100475.0,1206.2,30.4,2.62,1414.9,1101.0,14.8,8.0,0.66,8.8,18.6,2080433.0,Y
NSE:LLOYDSME,Lloyds Metals And Energy Limited,INE281B01032,EQ,Metals & Mining,Steel,Mid,100166.0,1780.0,20.8,7.22,2125.0,1042.9,16.2,1.0,0.06,,145.2,486285.0,Y
NSE:GMRAIRPORT,GMR AIRPORTS LIMITED,INE776C01039,EQ,Services,Airports & Air Services,Mid,99318.0,93.16,232.9,-39.18,115.64,84.11,19.4,0.0,,,,13580314.0,Y
NSE:INDUSTOWER,Indus Towers Limited,INE121J01017,EQ,Telecommunication,Telecom Services,Mid,99225.0,376.25,13.9,2.4,481.5,337.8,21.9,14.0,3.72,18.9,51.8,5461592.0,Y
NSE:HDFCAMC,HDFC Asset Management Company Limited,INE127D01025,EQ,Financial Services,Asset Management,Mid,99034.0,2308.1,33.6,10.71,2967.25,2205.6,22.2,54.0,2.34,,2.4,809485.0,Y
NSE:VEDL,Vedanta Limited,INE205A01025,EQ,Metals & Mining,Other Industrial Metals & Mining,Mid,98421.0,252.05,11.1,1.98,795.0,247.25,68.3,34.0,13.49,,48.0,10987294.0,Y
NSE:INDIAMART,Indiamart Intermesh Limited,INE933S01016,EQ,Consumer Services,Internet Retail,Mid,97551.0,1622.0,19.8,4.39,2525.9,1590.1,35.8,30.0,1.85,23.1,1.0,118267.0,Y
NSE:AUROPHARMA,Aurobindo Pharma Limited,INE406A01037,EQ,Healthcare,Drug Manufacturers - Specialty & Generic,Mid,96479.0,1676.8,26.2,2.57,1740.0,1066.8,3.6,4.0,0.24,,21.3,888506.0,Y
NSE:UNITDSPR,United Spirits Limited,INE854D01024,EQ,Fast Moving Consumer Goods,Beverages - Wineries & Distilleries,Mid,94799.0,1335.1,56.2,10.59,1563.4,1210.8,14.6,17.0,1.27,,4.6,850588.0,Y
NSE:TATACONSUM,TATA CONSUMER PRODUCTS LIMITED,INE192A01025,EQ,Fast Moving Consumer Goods,Packaged Foods,Mid,94713.0,957.0,57.8,4.35,1282.7,945.0,25.4,10.0,1.04,,12.2,1312105.0,Y
NSE:IDBI,IDBI Bank Limited,INE008A01015,EQ,Financial Services,Banks - Regional,Mid,93653.0,87.1,10.0,1.33,118.38,61.01,26.4,2.1,2.43,13.9,,13071813.0,Y
NSE:NYKAA,FSN E-Commerce Ventures Limited,INE388Y01029,EQ,Consumer Services,Internet Retail,Mid,93107.0,324.95,361.1,64.71,349.55,232.0,7.0,0.0,,,82.8,5507877.0,Y
NSE:LUPIN,Lupin Limited,INE326A01037,EQ,Healthcare,Drug Manufacturers - Specialty & Generic,Mid,92885.0,2031.2,16.8,4.14,2529.5,1900.0,19.7,18.0,0.89,,29.4,870101.0,Y
NSE:BHARATFORG,Bharat Forge Limited,INE465A01025,EQ,Automobile and Auto Components,Metal Fabrication,Mid,91626.0,1875.0,126.6,9.36,2295.0,1179.4,18.3,8.5,0.45,,76.5,997855.0,Y
NSE:MAXHEALTH,Max Healthcare Institute Limited,INE027H01010,EQ,Healthcare,Medical Care Facilities,Mid,91584.0,940.95,63.3,8.52,1221.9,902.05,23.0,2.0,0.21,,32.4,2120567.0,Y
NSE:MANIPALHOS,Manipal Health Enterprises Limited,INE459N01021,EQ,Healthcare,Medical Care Facilities,Mid,91031.0,692.05,144.2,9.69,815.0,625.45,15.1,0.0,,,146.2,2952261.0,
NSE:OFSS,Oracle Financial Services Software Limited,INE881D01027,EQ,Information Technology,Software - Infrastructure,Mid,90760.0,10420.0,26.6,13.1,12540.0,6234.5,16.9,665.0,6.38,49.9,0.6,299261.0,Y
NSE:AMBUJACEM,Ambuja Cements Limited,INE079A01024,EQ,Construction Materials,Building Materials,Mid,90013.0,362.25,20.3,1.51,588.75,356.3,38.5,2.0,0.55,,1.2,2117800.0,Y
NSE:JSWENERGY,JSW Energy Limited,INE121E01018,EQ,Power,Utilities - Independent Power Producers,Mid,88870.0,485.0,38.0,2.77,617.35,427.75,21.4,2.0,0.41,,229.2,2011994.0,Y
NSE:ASHOKLEY,Ashok Leyland Limited,INE208A01029,EQ,Capital Goods,Farm & Heavy Construction Machinery,Mid,88390.0,150.48,25.5,6.21,215.42,134.21,30.1,3.5,2.33,,344.7,15432760.0,Y
NSE:GODREJCP,Godrej Consumer Products Limited,INE102D01028,EQ,Fast Moving Consumer Goods,Household & Personal Products,Mid,85971.0,840.0,44.8,6.8,1273.9,838.0,34.1,20.0,2.38,,34.9,1528281.0,Y
NSE:PERSISTENT,Persistent Systems Limited,INE262H01021,EQ,Information Technology,Information Technology Services,Mid,83849.0,5367.0,43.9,9.97,6599.0,4244.5,18.7,36.0,0.67,25.2,6.9,549957.0,Y
NSE:MAZDOCK,Mazagon Dock Shipbuilders Limited,INE249Z01020,EQ,Capital Goods,Aerospace & Defense,Mid,83258.0,2064.0,31.1,8.53,2929.7,2031.2,29.5,20.83,1.01,,4.5,748213.0,Y
NSE:JSWINFRA,JSW Infrastructure Limited,INE880J01026,EQ,Services,Marine Shipping,Mid,82304.0,355.5,50.2,6.81,375.5,233.42,5.3,0.9,0.25,,59.0,3650477.0,Y
NSE:MCX,Multi Commodity Exchange of India Limited,INE745G01043,EQ,Financial Services,Financial Data & Stock Exchanges,Mid,81546.0,3204.0,52.9,19.38,3481.4,1596.0,8.0,8.0,0.25,,0.1,2342607.0,Y
NSE:COFORGE,Coforge Limited,INE591G01025,EQ,Information Technology,Information Technology Services,Mid,80899.0,1826.0,37.5,6.43,2021.2,1008.1,9.7,16.0,0.88,,7.5,2736583.0,Y
NSE:SHREECEM,SHREE CEMENT LIMITED,INE070A01015,EQ,Construction Materials,Building Materials,Mid,79017.0,21900.0,48.5,3.4,30285.0,21355.0,27.7,140.0,0.64,,8.0,29103.0,Y
NSE:FEDERALBNK,The Federal Bank  Limited,INE171A01029,EQ,Financial Services,Banks - Regional,Mid,78604.0,318.2,17.0,1.96,371.7,191.8,14.4,1.2,0.38,,,5893752.0,Y
NSE:ICICIGI,ICICI Lombard General Insurance Company Limited,INE765G01017,EQ,Financial Services,Insurance - Diversified,Mid,78090.0,1563.0,32.4,4.58,2064.9,1423.1,24.3,14.0,0.9,14.6,,1151244.0,Y
NSE:NAUKRI,Info Edge (India) Limited,INE663F01032,EQ,Consumer Services,Internet Content & Information,Mid,77729.0,1200.0,48.5,2.05,1419.9,908.3,15.5,14.4,1.2,,0.6,2136972.0,Y
NSE:DIXON,Dixon Technologies (India) Limited,INE935N01020,EQ,Consumer Durables,Consumer Electronics,Mid,77218.0,12700.0,41.3,14.15,17505.0,9600.0,27.4,10.0,0.08,,18.5,450358.0,Y
NSE:NTPCGREEN,NTPC Green Energy Limited,INE0ONG01011,EQ,Power,Utilities - Renewable,Mid,76882.0,91.24,126.7,4.12,119.95,84.0,23.9,0.0,,,165.3,4680003.0,Y
NSE:RECLTD,REC Limited,INE020B01018,EQ,Financial Services,Credit Services,Mid,75771.0,287.75,4.7,0.9,388.3,286.2,25.9,6.2,2.15,,607.5,5811014.0,Y
NSE:APARINDS,Apar Industries Limited,INE372A01015,EQ,Capital Goods,Electrical Equipment & Parts,Mid,74030.0,17680.0,60.3,13.17,19265.0,6801.0,8.2,60.0,0.34,,17.7,147462.0,Y
NSE:AUBANK,AU Small Finance Bank Limited,INE949L01017,EQ,Financial Services,Banks - Regional,Mid,73967.0,987.0,26.2,3.69,1144.1,720.7,13.7,1.0,0.1,,,1566350.0,Y
NSE:SRF,SRF Limited,INE647A01010,EQ,Chemicals,Conglomerates,Mid,73692.0,2486.2,34.1,5.25,3210.0,2355.0,22.5,10.0,0.4,,36.2,369771.0,Y
NSE:HINDPETRO,Hindustan Petroleum Corporation Limited,INE094A01015,EQ,Oil Gas & Consumable Fuels,Oil & Gas Refining & Marketing,Mid,73410.0,345.0,43.8,1.12,508.45,316.2,32.1,24.25,7.03,,85.4,5419507.0,Y
NSE:OIL,Oil India Limited,INE274J01014,EQ,Oil Gas & Consumable Fuels,Oil & Gas Integrated,Mid,72221.0,444.0,8.6,1.25,531.0,395.6,16.4,13.0,2.93,,58.7,2856842.0,Y
NSE:SAIL,Steel Authority of India Limited,INE114A01011,EQ,Metals & Mining,Steel,Mid,72078.0,174.5,16.9,1.2,209.7,124.0,16.8,2.35,1.35,,52.9,18531123.0,Y
NSE:NHPC,NHPC Limited,INE848E01016,EQ,Power,Utilities - Renewable,Mid,72073.0,71.75,26.3,1.74,88.12,70.25,18.6,1.61,2.24,,113.1,11000319.0,Y
NSE:IDFCFIRSTB,IDFC First Bank Limited,INE092T01019,EQ,Financial Services,Banks - Regional,Mid,69319.0,80.39,31.0,1.42,89.61,58.08,10.3,0.25,0.31,5.3,,20142203.0,Y
NSE:BAJAJHFL,Bajaj Housing Finance Limited,INE377Y01014,EQ,Financial Services,Mortgage Finance,Mid,69269.0,83.17,25.7,3.08,113.45,72.65,26.7,0.0,,12.7,460.7,3601875.0,Y
NSE:INDUSINDBK,IndusInd Bank Limited,INE095A01012,EQ,Financial Services,Banks - Regional,Mid,69098.0,886.85,52.3,1.05,1077.85,726.3,17.7,1.5,0.17,,,1978582.0,Y
NSE:PHOENIXLTD,The Phoenix Mills Limited,INE211B01039,EQ,Realty,Real Estate - Diversified,Mid,69032.0,1930.0,54.0,6.28,2169.8,1465.6,11.1,2.5,0.13,,37.2,572031.0,Y
NSE:BHARTIHEXA,Bharti Hexacom Limited,INE343G01021,EQ,Telecommunication,Telecom Services,Mid,68940.0,1378.8,37.7,9.62,1955.6,1365.6,29.5,18.0,1.31,,85.7,158380.0,Y
NSE:WELCORP,Welspun Corp Limited,INE191B01025,EQ,Capital Goods,Steel,Mid,68038.0,2580.1,29.5,7.43,2900.0,710.0,11.0,5.0,0.19,,25.0,2058712.0,Y
NSE:WAAREEENER,Waaree Energies Limited,INE377N01017,EQ,Capital Goods,Solar,Mid,67310.0,2340.0,17.7,4.66,3718.8,2301.1,37.1,4.0,0.17,,21.4,664159.0,Y
NSE:NAM-INDIA,Nippon Life India Asset Management Limited,INE298J01013,EQ,Financial Services,Asset Management,Mid,66948.0,1046.0,41.5,14.33,1269.5,795.8,17.6,21.5,2.06,,1.6,1068011.0,Y
NSE:DABUR,Dabur India Limited,INE016A01026,EQ,Fast Moving Consumer Goods,Household & Personal Products,Mid,66390.0,374.25,33.7,5.81,534.0,368.05,29.9,8.25,2.2,,10.9,2067792.0,Y
NSE:LTF,L&T Finance Limited,INE498L01015,EQ,Financial Services,Credit Services,Mid,66257.0,264.35,20.9,2.36,338.6,234.9,21.9,2.75,1.04,,393.4,5879206.0,Y
NSE:GLENMARK,Glenmark Pharmaceuticals Limited,INE935A01035,EQ,Healthcare,Drug Manufacturers - Specialty & Generic,Mid,65787.0,2331.0,36.6,6.26,2537.6,1792.6,8.1,7.5,0.32,,5.6,555660.0,Y
NSE:NMDC,NMDC Limited,INE584A01023,EQ,Metals & Mining,Steel,Mid,65622.0,74.64,8.9,1.92,97.49,72.24,23.4,2.0,2.68,,18.8,16073055.0,Y
NSE:HAVELLS,Havells India Limited,INE176B01034,EQ,Consumer Durables,Electrical Equipment & Parts,Mid,65266.0,1040.0,40.0,6.9,1520.0,1015.1,31.6,12.0,1.15,,2.8,1060064.0,Y
NSE:YESBANK,Yes Bank Limited,INE528G01035,EQ,Financial Services,Banks - Regional,Mid,65132.0,20.75,17.3,1.25,25.78,17.2,19.5,0.0,,7.5,,65500890.0,Y
NSE:ICICIPRULI,ICICI Prudential Life Insurance Company Limited,INE726G01019,EQ,Financial Services,Insurance - Life,Mid,65002.0,448.05,38.5,4.76,706.8,441.8,36.6,1.65,0.37,12.6,18.1,1718861.0,Y
NSE:UNOMINDA,UNO Minda Limited,INE405E01023,EQ,Automobile and Auto Components,Auto Parts,Mid,64157.0,1111.0,53.5,9.39,1382.0,994.0,19.6,2.65,0.24,,37.7,760272.0,Y
NSE:ATGL,Adani Total Gas Limited,INE399L01023,EQ,Oil Gas & Consumable Fuels,Utilities - Regulated Gas,Mid,64119.0,583.0,101.0,13.18,859.85,462.8,32.2,0.25,0.04,,58.6,1706275.0,Y
NSE:PRESTIGE,Prestige Estates Projects Limited,INE811K01011,EQ,Realty,Real Estate - Diversified,Mid,64011.0,1486.1,56.2,3.93,1805.2,1090.0,17.7,2.0,0.13,7.8,105.5,631137.0,Y
NSE:RBLBANK,RBL Bank Limited,INE976G01028,EQ,Financial Services,Banks - Regional,Mid,63835.0,411.4,34.0,1.52,429.6,272.1,4.2,1.0,0.24,,,4552265.0,Y
NSE:OBEROIRLTY,Oberoi Realty Limited,INE093I01010,EQ,Realty,Real Estate - Development,Mid,63798.0,1754.6,24.3,3.56,1986.1,1391.2,11.7,8.0,0.46,,15.8,496658.0,Y
NSE:TORNTPOWER,Torrent Power Limited,INE813H01021,EQ,Power,Utilities - Independent Power Producers,Mid,62887.0,1248.0,27.1,3.3,1824.1,1188.0,31.6,20.0,1.61,,70.9,348622.0,Y
NSE:ALKEM,Alkem Laboratories Limited,INE540L01014,EQ,Healthcare,Drug Manufacturers - Specialty & Generic,Mid,62413.0,5220.0,28.9,4.52,5933.5,5051.0,12.0,20.0,0.38,,14.3,140392.0,Y
NSE:INDOMIM,INDO-MIM Limited,INE084101034,EQ,Capital Goods,Metal Fabrication,Mid,62403.0,1262.0,103.4,21.67,1349.0,700.0,6.4,0.0,,,48.5,5098998.0,
NSE:SWIGGY,Swiggy Limited,INE00H001014,EQ,Consumer Services,Internet Retail,Mid,62356.0,238.0,,3.39,459.95,235.5,48.3,0.0,,,13.9,22186353.0,Y
NSE:MAHABANK,Bank of Maharashtra,INE457A01014,EQ,Financial Services,Banks - Regional,Mid,61917.0,80.5,8.2,1.73,94.5,54.66,14.8,2.2,2.73,23.0,,15392233.0,Y
NSE:ASTERDM,Aster DM Quality Care Limited,INE914M01019,EQ,Healthcare,Medical Care Facilities,Mid,61714.0,708.0,114.7,7.97,891.3,519.1,20.6,4.0,0.56,,45.9,2425985.0,Y
NSE:NATIONALUM,National Aluminium Company Limited,INE139A01034,EQ,Metals & Mining,Aluminum,Mid,61509.0,334.9,9.1,2.85,445.15,214.5,24.8,4.0,1.19,,0.3,6700874.0,Y
NSE:BIOCON,Biocon Limited,INE376G01013,EQ,Healthcare,Biotechnology,Mid,60712.0,370.7,107.4,1.76,447.15,337.7,17.1,0.5,0.13,,42.1,4351311.0,Y
NSE:SCHAEFFLER,Schaeffler India Limited,INE513A01022,EQ,Automobile and Auto Components,Auto Parts,Mid,60349.0,3861.0,48.2,9.84,4467.7,3518.4,13.6,35.0,0.9,21.6,0.8,60878.0,Y
NSE:JSL,Jindal Stainless Limited,INE220G01021,EQ,Metals & Mining,Steel,Mid,60330.0,732.2,18.6,13.4,884.0,652.25,17.2,4.0,0.55,,37.5,731841.0,Y
NSE:MOTILALOFS,Motilal Oswal Financial Services Limited,INE338I01027,EQ,Financial Services,Capital Markets,Mid,59689.0,989.9,30.7,4.62,1097.1,614.9,9.8,11.0,1.11,,165.8,1157364.0,Y
NSE:FORTIS,Fortis Healthcare Limited,INE061F01013,EQ,Healthcare,Medical Care Facilities,Mid,59264.0,785.0,56.5,5.99,1104.3,745.35,28.9,1.0,0.13,,34.2,1443044.0,Y
NSE:BANKINDIA,Bank of India,INE084A01016,EQ,Financial Services,Banks - Regional,Mid,58948.0,129.48,4.8,0.65,178.36,122.2,27.4,4.65,3.59,13.7,,7064960.0,Y
NSE:IOB,Indian Overseas Bank,INE565A01014,EQ,Financial Services,Banks - Regional,Mid,58887.0,30.58,10.3,1.51,41.8,30.07,26.8,0.0,,16.5,,3167483.0,Y
NSE:APLAPOLLO,APL Apollo Tubes Limited,INE702C01027,EQ,Capital Goods,Steel,Mid,58744.0,2115.7,47.9,11.09,2301.4,1690.0,8.1,8.5,0.4,,9.4,638813.0,Y
NSE:ABBOTINDIA,Abbott India Limited,INE358A01014,EQ,Healthcare,Drug Manufacturers - Specialty & Generic,Mid,57054.0,26850.0,35.3,11.95,30655.0,25135.0,12.4,525.0,1.96,,3.6,10034.0,Y
NSE:GICRE,General Insurance Corporation of India,INE481Y01014,EQ,Financial Services,Insurance - Reinsurance,Mid,56834.0,323.95,6.4,0.58,417.95,316.8,22.5,13.25,4.09,9.1,,743578.0,Y
NSE:RADICO,Radico Khaitan Limited,INE944F01028,EQ,Fast Moving Consumer Goods,Beverages - Wineries & Distilleries,Mid,56771.0,4237.0,80.9,17.11,4747.0,2500.0,10.7,9.0,0.21,,15.0,350046.0,Y
NSE:ATHERENERG,Ather Energy Limited,INE0LEZ01016,EQ,Automobile and Auto Components,Auto Manufacturers,Mid,55783.0,1406.1,,20.92,1744.0,582.0,19.4,0.0,,,25.8,4833371.0,Y
NSE:KALYANKJIL,Kalyan Jewellers India Limited,INE303R01014,EQ,Consumer Durables,Luxury Goods,Mid,54581.0,528.5,38.2,8.64,648.95,327.05,18.6,2.5,0.47,,97.0,22174036.0,Y
NSE:SBICARD,SBI Cards and Payment Services Limited,INE018E01016,EQ,Financial Services,Credit Services,Mid,53597.0,563.2,23.5,3.41,965.0,560.15,41.6,2.5,0.44,,280.2,2114665.0,Y
NSE:SUZLON,Suzlon Energy Limited,INE040H01021,EQ,Capital Goods,Specialty Industrial Machinery,Mid,53487.0,38.91,17.0,5.47,61.5,38.19,36.7,0.0,,39.4,2.8,55874800.0,Y
NSE:LINDEINDIA,Linde India Limited,INE473A01011,EQ,Chemicals,Specialty Chemicals,Mid,52893.0,6202.0,96.4,12.4,8049.0,5673.0,22.9,4.0,0.06,,1.8,23685.0,Y
NSE:BERGEPAINT,Berger Paints (I) Limited,INE463A01038,EQ,Consumer Durables,Specialty Chemicals,Mid,52750.0,452.4,43.3,7.63,594.55,391.1,23.9,4.0,0.88,,9.2,389994.0,Y
NSE:MRF,MRF Limited,INE883A01011,EQ,Automobile and Auto Components,Auto Parts,Mid,52389.0,123525.0,21.7,2.5,163600.0,122000.0,24.5,464.0,0.38,,15.3,4601.0,Y
NSE:COROMANDEL,Coromandel International Limited,INE169A01031,EQ,Chemicals,Agricultural Inputs,Mid,51839.0,1760.0,28.4,4.13,2499.0,1701.0,29.6,11.0,0.62,,11.5,150333.0,Y
NSE:HDBFS,HDB Financial Services Limited,INE756I01012,EQ,Financial Services,Credit Services,Mid,51360.0,619.95,18.5,2.49,796.7,555.3,22.2,4.0,0.65,,484.3,587454.0,Y
NSE:SONACOMS,Sona BLW Precision Forgings Limited,INE073K01018,EQ,Automobile and Auto Components,Auto Parts,Mid,50242.0,805.0,71.9,8.37,844.0,404.35,4.6,3.6,0.45,,7.2,2467957.0,Y
NSE:IPCALAB,IPCA Laboratories Limited,INE571A01038,EQ,Healthcare,Drug Manufacturers - Specialty & Generic,Mid,49345.0,1945.0,37.6,6.12,2038.0,1251.6,4.6,6.0,0.31,,8.5,393628.0,Y
NSE:AEGISLOG,Aegis Logistics Limited,INE208C01025,EQ,Oil Gas & Consumable Fuels,Oil & Gas Refining & Marketing,Mid,49196.0,1401.6,39.4,8.12,1528.7,576.1,8.3,13.4,0.96,,47.2,1360244.0,Y
NSE:STLTECH,Sterlite Technologies Limited,INE089C01029,BE,Telecommunication,Communication Equipment,Mid,49110.0,955.35,208.1,20.56,955.35,84.6,0.0,0.0,,,85.6,2106090.0,Y
NSE:SUNDARMFIN,Sundaram Finance Limited,INE660A01013,EQ,Financial Services,Credit Services,Mid,48465.0,4397.2,21.8,3.28,5642.0,4000.0,22.1,40.0,0.91,,409.2,56061.0,Y
NSE:ANTHEM,Anthem Biosciences Limited,INE0CZ201020,EQ,Healthcare,Biotechnology,Mid,48223.0,858.5,85.0,15.85,977.55,579.15,12.2,2.0,0.23,,1.8,834788.0,Y
NSE:GODREJPROP,Godrej Properties Limited,INE484J01027,EQ,Realty,Real Estate - Development,Mid,48070.0,1595.8,30.0,2.51,2352.0,1434.0,32.2,10.0,0.63,,82.1,705919.0,Y
NSE:TATACOMM,Tata Communications Limited,INE151A01013,EQ,Telecommunication,Telecom Services,Mid,48060.0,1685.8,50.8,13.94,2110.0,1322.5,20.1,17.5,1.04,,335.9,272250.0,Y
NSE:PIRAMALFIN,Piramal Finance Limited,INE202B01038,EQ,Financial Services,Credit Services,Mid,47860.0,2026.7,27.1,1.59,2326.4,1260.0,12.9,11.0,0.54,6.0,286.8,366579.0,Y
NSE:FLUOROCHEM,Gujarat Fluorochemicals Limited,INE09N301011,EQ,Chemicals,Specialty Chemicals,Mid,47819.0,4353.1,77.7,6.25,4958.9,2916.6,12.2,3.0,0.07,,28.9,184111.0,Y
NSE:MFSL,Max Financial Services Limited,INE180A01020,EQ,Financial Services,Insurance - Life,Mid,47787.0,1392.0,435.0,9.05,1892.5,1344.3,26.4,0.0,,,36.5,927148.0,Y
NSE:FACT,Fertilizers and Chemicals Travancore Limited,INE188A01015,EQ,Chemicals,Agricultural Inputs,Mid,47764.0,738.15,,34.55,1058.6,652.1,30.3,0.39,0.05,,295.1,716918.0,Y
NSE:GLAND,Gland Pharma Limited,INE068V01023,EQ,Healthcare,Drug Manufacturers - Specialty & Generic,Mid,47292.0,2866.0,41.9,4.56,3042.0,1573.6,5.8,20.0,0.7,,2.7,650962.0,Y
NSE:COLPAL,Colgate Palmolive (India) Limited,INE259A01022,EQ,Fast Moving Consumer Goods,Household & Personal Products,Mid,47190.0,1735.0,35.0,29.79,2329.9,1716.1,25.5,48.0,2.77,,3.0,382659.0,Y
NSE:GLAXO,GlaxoSmithKline Pharmaceuticals Limited,INE159A01016,EQ,Healthcare,Drug Manufacturers - General,Mid,46756.0,2760.0,43.7,20.62,3120.7,2088.1,11.6,57.0,2.06,,1.5,110842.0,Y
NSE:VMM,Vishal Mega Mart Limited,INE01EA01019,EQ,Consumer Services,Department Stores,Mid,46614.0,99.5,52.4,6.26,152.18,98.0,34.6,0.0,,,26.8,12564624.0,Y
NSE:CPPLUS,Aditya Infotech Limited,INE819V01029,EQ,Capital Goods,Building Products & Equipment,Mid,46598.0,3800.0,93.5,23.85,4094.0,1304.0,7.2,1.64,0.04,,9.6,239054.0,Y
NSE:AIIL,Authum Investment & Infrastructure Limited,INE206F01022,EQ,Financial Services,Capital Markets,Mid,45773.0,539.0,28.1,3.11,683.0,400.0,21.1,0.2,0.04,,24.6,501348.0,Y
NSE:TIINDIA,Tube Investments of India Limited,INE974X01010,EQ,Automobile and Auto Components,Conglomerates,Mid,45296.0,2340.0,74.6,5.84,3335.2,2164.9,29.8,3.5,0.15,,5.4,310357.0,Y
NSE:POLICYBZR,PB Fintech Limited,INE417T01026,EQ,Financial Services,Insurance Brokers,Mid,45286.0,980.0,60.6,6.19,1964.2,963.9,50.1,0.0,,,4.9,3291236.0,Y
NSE:HINDCOPPER,Hindustan Copper Limited,INE531E01026,EQ,Metals & Mining,Copper,Mid,44870.0,464.0,39.5,13.44,760.05,308.5,39.0,4.32,0.93,,3.3,9605367.0,Y
NSE:AJANTPHARM,Ajanta Pharma Limited,INE031B01049,EQ,Healthcare,Drug Manufacturers - Specialty & Generic,Mid,44810.0,3586.0,39.4,9.9,3796.0,2380.2,5.5,64.0,1.79,,5.9,95708.0,Y
NSE:M&MFIN,Mahindra & Mahindra Financial Services Limited,INE774D01024,EQ,Financial Services,Credit Services,Mid,44468.0,320.0,13.6,1.67,415.0,269.5,22.9,7.5,2.35,,429.9,3846468.0,Y
NSE:UPL,UPL Limited,INE628A01036,EQ,Chemicals,Agricultural Inputs,Mid,43684.0,516.8,21.2,1.26,812.2,511.2,36.4,6.0,1.16,,57.1,2157492.0,Y
NSE:KEI,KEI Industries Limited,INE878B01027,EQ,Capital Goods,Electrical Equipment & Parts,Mid,43039.0,4502.0,43.3,6.46,5899.0,3728.7,23.7,4.5,0.1,,3.8,481549.0,Y
NSE:SUPREMEIND,Supreme Industries Limited,INE195A01028,EQ,Capital Goods,Building Products & Equipment,Mid,42954.0,3380.0,41.7,6.96,4293.9,3140.0,21.3,36.0,1.07,,1.5,186307.0,Y
NSE:MPHASIS,MphasiS Limited,INE356A01018,EQ,Information Technology,Information Technology Services,Mid,42938.0,2250.2,22.5,3.79,2975.0,2013.0,24.4,62.0,2.76,17.7,24.7,536272.0,Y
NSE:PETRONET,Petronet LNG Limited,INE347G01014,EQ,Oil Gas & Consumable Fuels,Oil & Gas Refining & Marketing,Mid,42825.0,285.5,10.2,1.92,326.4,235.35,12.5,10.0,3.5,,10.5,1876097.0,Y
NSE:360ONE,360 ONE WAM LIMITED,INE466L01038,EQ,Financial Services,Asset Management,Mid,42423.0,1040.0,34.6,4.29,1236.2,906.05,15.9,18.0,1.73,,162.0,1123016.0,Y
NSE:CUPID,Cupid Limited,INE509F01029,EQ,Fast Moving Consumer Goods,Household & Personal Products,Mid,41927.0,311.8,311.8,92.88,314.3,41.82,0.8,0.0,,,12.5,33505442.0,Y
NSE:NAVINFLUOR,Navin Fluorine International Limited,INE048G01026,EQ,Chemicals,Chemicals,Mid,41755.0,8138.0,52.6,10.49,8949.5,4514.5,9.1,15.1,0.19,,32.1,197421.0,Y
NSE:RVNL,Rail Vikas Nigam Limited,INE415G01027,EQ,Construction,Engineering & Construction,Mid,41075.0,197.0,45.7,4.18,400.7,194.05,50.8,3.43,1.74,,49.1,4619674.0,Y
NSE:PAGEIND,Page Industries Limited,INE761H01022,EQ,Textiles,Apparel Manufacturing,Mid,40890.0,36660.0,54.1,27.21,43855.0,29805.0,16.4,800.0,2.18,,18.4,29459.0,Y
NSE:BALKRISIND,Balkrishna Industries Limited,INE787D01026,EQ,Automobile and Auto Components,Auto Parts,Mid,40113.0,2075.0,28.5,3.66,2775.0,1970.0,25.2,16.0,0.77,,37.5,493869.0,Y
NSE:BDL,Bharat Dynamics Limited,INE171Z01026,EQ,Capital Goods,Aerospace & Defense,Mid,39878.0,1087.9,76.3,9.4,1633.4,1071.2,33.4,4.9,0.45,,0.0,1310435.0,Y
NSE:PREMIERENE,Premier Energies Limited,INE0BS701011,EQ,Capital Goods,Solar,Mid,39639.0,878.05,23.6,9.18,1134.0,660.0,22.6,1.5,0.17,,86.0,1213278.0,Y
NSE:PATANJALI,Patanjali Foods Limited,INE619A01035,EQ,Fast Moving Consumer Goods,Packaged Foods,Mid,38636.0,355.15,19.6,2.95,614.05,328.2,42.2,4.05,1.14,,21.3,5735809.0,Y
NSE:JKCEMENT,JK Cement Limited,INE823G01014,EQ,Construction Materials,Building Materials,Mid,38286.0,4955.0,40.5,5.44,6764.5,4671.5,26.7,20.0,0.4,,87.5,57451.0,Y
NSE:POONAWALLA,Poonawalla Fincorp Limited,INE511C01022,EQ,Financial Services,Credit Services,Mid,37970.0,433.5,45.5,3.38,570.4,361.2,24.0,0.0,,,468.1,1339498.0,Y
NSE:THERMAX,Thermax Limited,INE152A01029,EQ,Capital Goods,Conglomerates,Mid,37772.0,3353.1,63.6,6.81,5277.8,2742.7,36.5,14.0,0.42,,42.2,237178.0,Y
NSE:EMCURE,Emcure Pharmaceuticals Limited,INE168P01015,EQ,Healthcare,Drug Manufacturers - Specialty & Generic,Mid,36690.0,1934.0,36.3,7.41,2100.7,1306.5,7.9,3.6,0.19,,30.6,163332.0,Y
NSE:KPRMILL,K.P.R. Mill Limited,INE930H01031,EQ,Textiles,Textile Manufacturing,Mid,36578.0,1067.9,40.0,6.41,1334.0,796.1,19.9,5.0,0.47,,10.5,263051.0,Y
NSE:ENDURANCE,Endurance Technologies Limited,INE913H01037,EQ,Automobile and Auto Components,Auto Parts,Mid,36522.0,2596.4,37.7,5.34,3072.0,2142.8,15.5,11.5,0.44,,19.4,127147.0,Y
NSE:HFCL,HFCL Limited,INE548A01028,BE,Telecommunication,Communication Equipment,Mid,36477.0,238.37,62.1,7.19,256.7,59.82,7.1,0.2,0.08,,38.3,17784852.0,Y
NSE:MEDANTA,Global Health Limited,INE474Q01031,EQ,Healthcare,Medical Care Facilities,Mid,36466.0,1357.0,65.8,9.2,1544.0,956.0,12.1,0.5,0.04,,29.9,256316.0,Y
NSE:IRCTC,Indian Railway Catering And Tourism Corporation Limited,INE335Y01020,EQ,Consumer Services,Travel Services,Mid,36320.0,454.0,26.0,8.43,735.75,446.5,38.3,9.0,1.98,,1.9,826813.0,Y
NSE:ASTRAL,Astral Limited,INE006I01046,EQ,Capital Goods,Building Products & Equipment,Mid,36107.0,1344.0,62.9,8.9,1768.7,1311.6,24.0,4.0,0.3,,6.2,888733.0,Y
NSE:AIAENG,AIA Engineering Limited,INE212H01026,EQ,Capital Goods,Specialty Industrial Machinery,Mid,35594.0,3814.2,28.1,4.43,5180.0,3150.6,26.4,16.0,0.42,,0.1,60558.0,Y
NSE:NH,Narayana Hrudayalaya Ltd.,INE410P01011,EQ,Healthcare,Medical Care Facilities,Mid,35421.0,1744.0,43.2,7.81,2093.3,1589.0,16.7,4.5,0.26,,129.0,281203.0,Y
NSE:ANANDRATHI,Anand Rathi Wealth Limited,INE463V01026,EQ,Financial Services,Asset Management,Mid,35159.0,2117.5,76.9,35.22,2268.4,1353.85,6.7,7.0,0.33,,8.2,300443.0,Y
NSE:NLCINDIA,NLC India Limited,INE589A01014,EQ,Power,Utilities - Regulated Electric,Mid,35061.0,252.85,10.6,1.63,387.8,230.0,34.8,3.85,1.52,,110.4,1886655.0,Y
NSE:PWL,Physicswallah Limited,INE0LP301011,EQ,Consumer Services,Education & Training Services,Mid,34965.0,120.53,1721.9,7.68,161.99,77.72,25.6,0.0,,,23.0,13721018.0,Y
NSE:VOLTAS,Voltas Limited,INE226A01021,EQ,Consumer Durables,"Furnishings, Fixtures & Appliances",Mid,34849.0,1053.2,77.5,5.47,1582.5,1040.6,33.4,4.0,0.38,,15.5,814580.0,Y
NSE:3MINDIA,3M India Limited,INE470A01017,EQ,Capital Goods,Conglomerates,Small,34809.0,30900.0,60.4,19.69,38030.0,28730.0,18.7,160.0,0.52,,9.6,4462.0,
NSE:EXIDEIND,Exide Industries Limited,INE302A01020,EQ,Automobile and Auto Components,Auto Parts,Small,34799.0,409.4,37.3,2.5,496.4,287.0,17.5,2.0,0.49,,11.3,3954905.0,Y
NSE:LTTS,L&T Technology Services Limited,INE010V01017,EQ,Information Technology,Information Technology Services,Small,34786.0,3279.0,27.2,5.37,4726.0,3010.0,30.6,58.0,1.77,,8.9,138418.0,Y
NSE:GODREJIND,Godrej Industries Limited,INE233A01035,EQ,Diversified,Conglomerates,Small,34423.0,1021.9,29.3,3.08,1443.0,744.2,29.2,0.0,,,222.4,175916.0,Y
NSE:PIIND,PI Industries Limited,INE603J01030,EQ,Chemicals,Agricultural Inputs,Small,33921.0,2236.0,29.2,3.02,3832.9,2191.0,41.7,15.0,0.67,,3.0,255562.0,Y
NSE:COCHINSHIP,Cochin Shipyard Limited,INE704P01025,EQ,Capital Goods,Aerospace & Defense,Small,33858.0,1287.0,49.7,5.77,1890.0,1187.0,31.9,11.25,0.87,,28.5,1220230.0,Y
NSE:WOCKPHARMA,Wockhardt Limited,INE049B01025,EQ,Healthcare,Drug Manufacturers - Specialty & Generic,Small,33753.0,2077.2,82.4,6.82,2422.3,1086.7,14.2,0.0,,,42.3,894209.0,Y
NSE:CONCOR,Container Corporation of India Limited,INE111A01025,EQ,Services,Railroads,Small,33664.0,442.0,27.1,2.6,557.0,421.45,20.6,8.6,1.95,,7.4,1897800.0,Y
NSE:HSCL,Himadri Speciality Chemical Limited,INE019C01026,EQ,Chemicals,Specialty Chemicals,Small,33357.0,661.1,41.6,7.09,819.5,418.5,19.3,0.8,0.12,,16.2,6962124.0,Y
NSE:LALPATHLAB,Dr. Lal Path Labs Ltd.,INE600L01024,EQ,Healthcare,Diagnostics & Research,Small,33312.0,1995.0,61.4,13.28,2038.6,1272.6,2.1,20.0,1.0,,7.8,364580.0,Y
NSE:SYRMA,Syrma SGS Technology Limited,INE0DYJ01015,EQ,Capital Goods,Electronic Components,Small,33131.0,1720.0,89.4,11.5,1822.6,634.5,5.6,1.5,0.09,,13.0,1813818.0,Y
NSE:ITCHOTELS,ITC Hotels Limited,INE379A01028,EQ,Consumer Services,Resorts & Casinos,Small,33069.0,158.75,38.3,2.84,226.63,137.3,30.0,1.0,0.63,,0.6,2255564.0,Y
NSE:SAILIFE,Sai Life Sciences Limited,INE570L01029,EQ,Healthcare,Diagnostics & Research,Small,32925.0,1550.0,91.4,13.19,1697.0,783.85,8.7,0.0,,,11.6,603342.0,Y
NSE:PTCIL,PTC Industries Limited,INE596F01018,EQ,Capital Goods,Metal Fabrication,Small,32856.0,21915.0,261.8,21.8,24125.0,14499.0,9.2,0.0,,,17.3,29364.0,Y
NSE:KIRLOSENG,Kirloskar Oil Engines Limited,INE146L01010,EQ,Capital Goods,Specialty Industrial Machinery,Small,32752.0,2250.0,60.1,9.03,2720.0,865.55,17.3,7.0,0.31,,154.9,593786.0,Y
NSE:CRISIL,Crisil Limited,INE007A01025,EQ,Financial Services,Financial Data & Stock Exchanges,Small,32419.0,4433.0,36.7,9.91,5064.9,3686.0,12.5,40.0,0.9,29.1,10.2,64152.0,Y
NSE:AEGISVOPAK,Aegis Vopak Terminals Limited,INE0INX01018,EQ,Oil Gas & Consumable Fuels,Oil & Gas Equipment & Services,Small,32353.0,292.0,105.8,7.54,320.95,158.0,9.0,0.2,0.07,,84.4,2111925.0,Y
NSE:HUDCO,Housing & Urban Development Corporation Limited,INE031A01017,EQ,Financial Services,Credit Services,Small,32335.0,161.52,7.6,1.47,246.85,159.0,34.6,6.0,3.71,,645.8,2104227.0,Y
NSE:STARHEALTH,Star Health and Allied Insurance Company Limited,INE575P01011,EQ,Financial Services,Insurance - Life,Small,31744.0,539.5,47.5,3.13,624.9,416.55,13.7,0.0,,7.5,,657936.0,Y
NSE:DALBHARAT,Dalmia Bharat Limited,INE00R701025,EQ,Construction Materials,Building Materials,Small,31689.0,1688.0,33.8,1.76,2319.9,1605.0,27.2,10.0,0.59,,41.0,222478.0,Y
NSE:KARURVYSYA,Karur Vysya Bank Limited,INE036D01028,EQ,Financial Services,Banks - Regional,Small,31489.0,325.75,11.5,2.23,358.65,208.5,9.2,2.6,0.8,,,3499169.0,Y
NSE:UBL,United Breweries Limited,INE686F01025,EQ,Fast Moving Consumer Goods,Beverages - Brewers,Small,31242.0,1181.6,78.9,6.91,1844.0,1140.3,35.9,10.0,0.84,,29.1,134165.0,Y
NSE:IREDA,Indian Renewable Energy Development Agency Limited,INE202E01016,EQ,Financial Services,Credit Services,Small,31182.0,111.0,15.8,2.26,158.7,107.4,30.1,1.5,1.35,,565.7,4650436.0,Y
NSE:REDINGTON,Redington Limited,INE891D01026,EQ,Services,Information Technology Services,Small,31130.0,398.2,18.3,3.06,419.5,191.31,5.1,6.0,1.51,,27.3,6890987.0,Y
NSE:TATAINVEST,Tata Investment Corporation Limited,INE672A01026,EQ,Financial Services,Asset Management,Small,31116.0,615.0,71.9,1.06,1184.7,538.85,48.1,3.4,0.55,,0.0,977358.0,Y
NSE:NUVAMA,Nuvama Wealth Management Limited,INE531F01023,EQ,Financial Services,Asset Management,Small,31115.0,1686.3,29.0,7.45,2066.0,1096.9,18.4,28.0,1.65,,282.3,426540.0,Y
NSE:KIMS,Krishna Institute of Medical Sciences Limited,INE967H01025,EQ,Healthcare,Medical Care Facilities,Small,31080.0,740.0,145.7,13.18,858.0,575.8,13.8,0.0,,,166.2,578397.0,Y
NSE:ACMESOLAR,Acme Solar Holdings Limited,INE622W01025,EQ,Power,Utilities - Renewable,Small,30568.0,432.8,44.7,5.18,476.9,195.9,9.2,0.2,0.05,,393.2,2252747.0,Y
NSE:SCHNEIDER,Schneider Electric Infrastructure Limited,INE839M01018,EQ,Capital Goods,Electrical Equipment & Parts,Small,30557.0,1278.0,167.1,39.41,1548.0,571.85,17.4,0.0,,,70.8,357018.0,Y
NSE:BLUESTARCO,Blue Star Limited,INE472A01039,EQ,Consumer Durables,Building Products & Equipment,Small,30008.0,1459.6,58.8,8.75,2032.9,1432.3,28.2,8.5,0.58,,23.6,539879.0,Y
NSE:DELHIVERY,Delhivery Limited,INE148O01028,EQ,Services,Integrated Freight & Logistics,Small,29972.0,400.0,322.6,3.08,524.0,374.45,23.7,0.0,,,15.1,3592345.0,Y
NSE:HEXT,Hexaware Technologies Limited,INE093A01041,EQ,Information Technology,Information Technology Services,Small,29941.0,491.0,22.5,4.46,807.75,400.2,39.2,14.25,2.91,21.5,10.2,683916.0,Y
NSE:IKS,Inventurus Knowledge Solutions Limited,INE115Q01022,EQ,Information Technology,Health Information Services,Small,29842.0,1778.9,39.7,10.63,1970.0,1262.0,9.7,0.0,,,26.9,185248.0,Y
NSE:DHOOTTRANS,Dhoot Transmission Limited,INE01NH01023,EQ,Consumer Discretionary,Auto Parts,Small,29578.0,1446.0,68.1,11.19,1735.3,1131.0,16.7,0.0,,,37.7,4854787.0,
NSE:HONAUT,Honeywell Automation India Limited,INE671A01010,EQ,Capital Goods,Electrical Equipment & Parts,Small,29550.0,33400.0,53.7,6.62,41495.0,26220.0,19.5,110.0,0.33,,2.5,4989.0,Y
NSE:ESCORTS,Escorts Kubota Limited,INE042A01014,EQ,Capital Goods,Farm & Heavy Construction Machinery,Small,29432.0,2675.0,21.3,2.42,3987.8,2550.1,32.9,33.0,1.24,,1.3,97954.0,Y
NSE:JUBLFOOD,Jubilant Foodworks Limited,INE797F01020,EQ,Consumer Services,Restaurants,Small,29161.0,443.4,78.1,12.72,635.0,408.55,30.2,1.2,0.27,,205.3,2439967.0,Y
NSE:SHYAMMETL,Shyam Metalics and Energy Limited,INE810G01011,EQ,Capital Goods,Steel,Small,29146.0,1047.2,25.9,2.59,1148.0,746.0,8.8,4.5,0.43,,8.1,580884.0,Y
NSE:MANAPPURAM,Manappuram Finance Limited,INE522D01027,EQ,Financial Services,Credit Services,Small,29016.0,308.9,18.9,1.81,381.55,245.15,19.0,4.0,1.29,,360.2,5558750.0,Y
NSE:GODFRYPHLP,Godfrey Phillips India Limited,INE260B01028,EQ,Fast Moving Consumer Goods,Tobacco,Small,28852.0,1849.7,21.1,4.64,3486.0,1830.0,46.9,50.0,2.7,,3.8,329988.0,Y
NSE:UCOBANK,UCO Bank,INE691A01018,EQ,Financial Services,Banks - Regional,Small,28741.0,22.92,10.2,0.85,34.2,22.22,33.0,0.44,1.92,8.5,,4206153.0,Y
NSE:MRPL,Mangalore Refinery and Petrochemicals Limited,INE103A01014,EQ,Oil Gas & Consumable Fuels,Oil & Gas Refining & Marketing,Small,28730.0,163.93,9.1,2.02,212.31,136.02,22.8,4.0,2.43,,108.1,15740995.0,Y
NSE:RRKABEL,R R Kabel Limited,INE777K01022,EQ,Capital Goods,Electrical Equipment & Parts,Small,28559.0,2525.0,47.1,11.09,2983.8,1218.9,15.4,11.0,0.44,,13.1,567610.0,Y
NSE:PNBHOUSING,PNB Housing Finance Limited,INE572E01012,EQ,Financial Services,Mortgage Finance,Small,28480.0,1092.0,12.6,1.48,1211.5,729.6,9.9,8.0,0.73,,287.7,980537.0,Y
NSE:TATATECH,Tata Technologies Limited,INE142M01025,EQ,Information Technology,Information Technology Services,Small,28383.0,699.0,51.0,7.23,891.0,507.4,21.5,8.35,1.19,,23.9,1427677.0,Y
NSE:BANDHANBNK,Bandhan Bank Limited,INE545U01014,EQ,Financial Services,Banks - Regional,Small,28356.0,176.0,21.0,1.11,220.76,134.25,20.3,1.5,0.85,,,13562493.0,Y
NSE:ABSLAMC,Aditya Birla Sun Life AMC Limited,INE404A01024,EQ,Financial Services,Asset Management,Small,28269.0,976.9,28.1,6.98,1224.9,708.0,20.2,25.5,2.57,,1.6,251683.0,Y
NSE:LICHSGFIN,LIC Housing Finance Limited,INE115A01026,EQ,Financial Services,Mortgage Finance,Small,27998.0,509.0,4.9,0.68,598.2,458.9,14.9,10.0,1.96,,642.5,2569742.0,Y
NSE:NEULANDLAB,Neuland Laboratories Limited,INE794A01010,EQ,Healthcare,Drug Manufacturers - Specialty & Generic,Small,27623.0,21530.0,55.6,14.74,24225.0,11500.0,11.1,34.0,0.16,,16.1,64057.0,Y
NSE:CENTRALBK,Central Bank of India,INE483A01010,EQ,Financial Services,Banks - Regional,Small,27199.0,30.05,6.1,0.66,40.92,29.32,26.6,1.39,4.63,11.6,,7402293.0,Y
NSE:RUBICON,Rubicon Research Limited,INE506V01022,EQ,Healthcare,Drug Manufacturers - General,Small,26949.0,1628.0,93.3,20.85,1899.0,570.75,14.3,1.5,0.09,,24.1,330908.0,Y
NSE:CRAFTSMAN,Craftsman Automation Limited,INE00LO01017,EQ,Automobile and Auto Components,Auto Parts,Small,26887.0,10280.0,53.0,7.51,11999.0,6324.0,14.3,11.25,0.11,,111.0,57417.0,Y
NSE:NETWEB,Netweb Technologies India Limited,INE0NT901020,EQ,Information Technology,Computer Hardware,Small,26858.0,4518.0,98.0,35.47,5813.0,2920.0,22.3,3.0,0.07,,39.0,1388255.0,Y
NSE:SANSERA,Sansera Engineering Limited,INE953O01021,EQ,Automobile and Auto Components,Auto Parts,Small,26582.0,4258.8,82.3,8.58,4743.5,1382.7,10.2,4.0,0.09,,19.0,272338.0,Y
NSE:NIACL,The New India Assurance Company Limited,INE470Y01017,EQ,Financial Services,Insurance - Diversified,Small,26412.0,160.27,34.4,0.69,242.6,116.97,33.9,1.5,0.94,,,5821875.0,Y
NSE:PPLPHARMA,Piramal Pharma Limited,INE0DK501011,EQ,Healthcare,Drug Manufacturers - Specialty & Generic,Small,26275.0,198.3,,3.22,231.93,132.3,14.5,0.14,0.08,,70.0,5984590.0,Y
NSE:ACUTAAS,Acutaas Chemicals Limited,INE00FF01025,EQ,Healthcare,Specialty Chemicals,Small,26199.0,3200.0,68.1,15.85,3740.0,1374.0,14.4,2.5,0.08,,2.1,347833.0,Y
NSE:CDSL,Central Depository Services (India) Limited,INE736A01011,EQ,Financial Services,Capital Markets,Small,25968.0,1242.5,55.2,13.25,1673.7,1116.3,25.8,12.75,1.03,,0.1,1423654.0,Y
NSE:CHOLAHLDNG,Cholamandalam Financial Holdings Limited,INE149A01033,EQ,Financial Services,Credit Services,Small,25557.0,1361.0,9.6,1.65,2064.0,1305.0,34.1,1.3,0.09,,623.2,184992.0,Y
NSE:APOLLOTYRE,Apollo Tyres Limited,INE438A01022,EQ,Automobile and Auto Components,Auto Parts,Small,25556.0,404.0,15.0,1.53,540.5,365.3,25.3,11.0,2.72,,22.0,864489.0,Y
NSE:ZFCVINDIA,ZF Commercial Vehicle Control Systems India Limited,INE342J01019,EQ,Automobile and Auto Components,Auto Parts,Small,25436.0,2235.0,2.5,6.89,3044.0,2050.33,26.6,4.0,0.18,,1.5,133397.0,Y
NSE:ANGELONE,Angel One Limited,INE732I01021,EQ,Financial Services,Capital Markets,Small,25316.0,276.8,25.0,4.12,360.45,208.63,23.2,5.05,1.82,,129.3,5871023.0,Y
NSE:GABRIEL,Gabriel India Limited,INE524A01029,EQ,Automobile and Auto Components,Auto Parts,Small,25104.0,1310.0,74.3,13.77,1600.0,795.7,18.1,5.0,0.38,,10.6,618105.0,Y
NSE:TDPOWERSYS,TD Power Systems Limited,INE419M01035,EQ,Capital Goods,Specialty Industrial Machinery,Small,24877.0,793.0,90.2,23.12,817.55,291.35,3.0,1.05,0.13,,1.7,2784517.0,Y
NSE:IIFL,IIFL Finance Limited,INE530B01024,EQ,Financial Services,Credit Services,Small,24801.0,583.15,11.9,1.78,705.0,409.1,17.3,4.0,0.69,,447.4,2485383.0,Y
NSE:HATSUN,Hatsun Agro Product Limited,INE473B01035,EQ,Fast Moving Consumer Goods,Packaged Foods,Small,24776.0,1112.3,70.0,12.77,1349.7,855.3,17.6,20.0,1.79,,94.5,76753.0,
NSE:GRSE,Garden Reach Shipbuilders & Engineers Limited,INE382Z01011,EQ,Capital Goods,Aerospace & Defense,Small,24205.0,2113.0,30.2,9.22,3339.0,1963.7,36.7,19.6,0.93,,1.4,405400.0,Y
NSE:ASAHIINDIA,Asahi India Glass Limited,INE439A01020,EQ,Automobile and Auto Components,Auto Parts,Small,24182.0,948.6,54.6,6.15,1074.0,775.1,11.7,2.0,0.21,,55.9,164853.0,Y
NSE:CGCL,Capri Global Capital Limited,INE180C01042,EQ,Financial Services,Credit Services,Small,24056.0,250.02,21.3,3.35,287.45,151.1,13.0,0.2,0.08,,334.7,5257824.0,Y
NSE:TVSHLTD,TVS Holdings Limited,INE105A01035,EQ,Consumer Discretionary,Auto Parts,Small,24030.0,11877.0,12.2,3.72,16297.0,11661.0,27.1,86.0,0.72,,289.9,8273.0,
NSE:MTARTECH,Mtar Technologies Limited,INE864I01014,BE,Capital Goods,Specialty Industrial Machinery,Small,23903.0,7771.0,178.0,29.05,8714.0,1866.2,10.8,0.0,,,45.8,156423.0,Y
NSE:MILKYMIST,Milky Mist Dairy Food Limited,INE00IT01020,BE,Fast Moving Consumer Goods,Packaged Foods,Small,23788.0,309.0,128.2,42.86,333.11,165.0,7.2,0.0,,,362.1,19952914.0,
NSE:DATAPATTNS,Data Patterns (India) Limited,INE0IX101010,EQ,Capital Goods,Aerospace & Defense,Small,23782.0,4248.0,88.4,13.7,5000.0,2131.0,15.0,10.0,0.24,,0.3,829504.0,Y
NSE:SUNDRMFAST,Sundram Fasteners Limited,INE387A01021,EQ,Consumer Discretionary,Auto Parts,Small,23723.0,1129.0,38.8,5.55,1347.2,730.1,16.2,8.5,0.76,,14.5,211601.0,
NSE:CARBORUNIV,Carborundum Universal Limited,INE120A01034,EQ,Capital Goods,Conglomerates,Small,23718.0,1245.0,112.9,6.08,1368.9,735.2,9.1,4.0,0.32,,10.3,337023.0,Y
NSE:SUNTV,Sun TV Network Limited,INE424H01027,EQ,Media Entertainment & Publication,Broadcasting,Small,23657.0,600.3,15.5,1.87,663.9,447.2,9.6,20.0,3.33,,0.8,1223490.0,Y
NSE:JYOTICNC,Jyoti CNC Automation Limited,INE980O01024,EQ,Capital Goods,Specialty Industrial Machinery,Small,23625.0,1038.8,73.5,11.81,1134.6,580.1,8.4,0.0,,,42.6,1204160.0,Y
NSE:GODIGIT,Go Digit General Insurance Limited,INE03JT01014,EQ,Financial Services,Insurance - Property & Casualty,Small,23607.0,255.35,47.9,5.04,374.0,231.65,31.7,0.0,,,7.5,864430.0,
NSE:PFOCUS,Prime Focus Limited,INE367G01038,EQ,Media Entertainment & Publication,Entertainment,Small,23359.0,299.95,215.8,11.16,367.0,161.01,18.3,0.0,,,224.6,1578077.0,Y
NSE:TIMKEN,Timken India Limited,INE325A01013,EQ,Capital Goods,Tools & Accessories,Small,23295.0,3097.0,54.5,7.99,3925.0,2800.5,21.1,2.5,0.08,,0.5,45190.0,Y
NSE:ITI,ITI Limited,INE248A01017,EQ,Telecommunication,Communication Equipment,Small,23272.0,241.7,71.5,12.2,372.85,237.0,35.2,0.0,,,40.1,322790.0,Y
NSE:KPIL,Kalpataru Projects International Limited,INE220B01022,EQ,Construction,Engineering & Construction,Small,23210.0,1359.1,20.4,2.98,1479.6,1007.1,8.1,11.0,0.81,,45.8,205450.0,Y
NSE:URBANCO,Urban Company Limited,INE0CAZ01013,EQ,Consumer Services,Software - Application,Small,22972.0,156.0,,11.22,183.97,100.7,15.2,0.0,,,6.3,9085757.0,Y
NSE:AMBER,Amber Enterprises India Limited,INE371P01015,EQ,Consumer Durables,"Furnishings, Fixtures & Appliances",Small,22924.0,6500.0,250.0,5.23,8974.0,5400.5,27.6,0.0,,,46.6,242522.0,Y
NSE:KAYNES,Kaynes Technology India Limited,INE918Z01012,EQ,Capital Goods,Electronic Components,Small,22849.0,3399.0,66.2,4.9,7705.0,2995.0,55.9,0.0,,,19.2,1256863.0,Y
NSE:BELRISE,Belrise Industries Limited,INE894V01022,EQ,Automobile and Auto Components,Auto Parts,Small,22844.0,236.2,41.4,4.02,268.2,142.59,11.9,0.55,0.23,,29.1,4261030.0,Y
NSE:CUB,City Union Bank Limited,INE491A01021,EQ,Financial Services,Banks - Regional,Small,22788.0,230.0,16.3,2.16,248.85,157.91,7.6,2.0,0.87,,,3033156.0,Y
NSE:SJVN,SJVN Limited,INE002L01015,EQ,Power,Utilities - Renewable,Small,22754.0,57.9,32.9,1.6,92.16,56.73,37.2,1.5,2.59,,226.5,2051773.0,Y
NSE:METROBRAND,Metro Brands Limited,INE317I01021,EQ,Consumer Discretionary,Apparel Retail,Small,22711.0,833.15,55.8,11.39,1283.0,815.0,35.1,6.0,0.72,,77.5,68029.0,
NSE:AWL,AWL Agri Business Limited,INE699H01024,EQ,Fast Moving Consumer Goods,Packaged Foods,Small,22699.0,175.71,19.7,2.18,282.9,171.19,37.9,1.0,0.57,,10.6,3020325.0,Y
NSE:WELSPUNLIV,Welspun Living Limited,INE192B01031,EQ,Textiles,Textile Manufacturing,Small,22501.0,239.0,82.7,4.66,244.89,107.1,2.4,0.1,0.04,,46.5,5772118.0,Y
NSE:GRANULES,Granules India Limited,INE101D01020,EQ,Healthcare,Drug Manufacturers - Specialty & Generic,Small,22491.0,824.5,30.6,4.02,923.65,529.85,10.7,1.75,0.21,,29.7,1083133.0,Y
NSE:GILLETTE,Gillette India Limited,INE322A01010,EQ,Fast Moving Consumer Goods,Household & Personal Products,Small,22484.0,6900.0,33.7,23.76,9714.0,6860.0,29.0,180.0,2.61,,0.0,18865.0,Y
NSE:ACC,ACC Limited,INE012A01025,EQ,Construction Materials,Building Materials,Small,22178.0,1181.0,11.7,1.08,1987.0,1166.1,40.6,7.5,0.63,,2.1,158782.0,Y
NSE:FINCABLES,Finolex Cables Limited,INE235A01022,EQ,Capital Goods,Electrical Equipment & Parts,Small,22176.0,1450.0,27.7,3.64,1498.0,700.8,3.2,9.0,0.62,,0.3,1167601.0,Y
NSE:MSUMI,Motherson Sumi Wiring India Limited,INE0FS801015,EQ,Automobile and Auto Components,Auto Parts,Small,22150.0,33.4,35.5,10.25,53.59,33.07,37.7,0.58,1.73,,10.8,10374697.0,Y
NSE:FORCEMOT,FORCE MOTORS LTD,INE451A01017,EQ,Automobile and Auto Components,Auto Manufacturers,Small,22136.0,16800.0,17.7,5.37,26450.0,14911.0,36.5,50.0,0.3,,,81448.0,Y
NSE:AETHER,Aether Industries Limited,INE0BWX01014,EQ,Chemicals,Specialty Chemicals,Small,22059.0,1662.0,93.9,8.98,1798.0,728.0,7.6,0.0,,,18.6,345569.0,Y
NSE:GRINDWELL,Grindwell Norton Limited,INE536A01023,EQ,Capital Goods,Building Products & Equipment,Small,21923.0,1980.0,50.2,8.65,2455.0,1329.0,19.3,19.0,0.96,,2.4,61492.0,
NSE:LALITHAA,Lalithaa Jewellery Mart Limited,INE0K9O01026,EQ,Consumer Discretionary,Luxury Goods,Small,21605.0,386.0,22.7,6.59,395.0,240.35,2.3,0.0,,,69.8,14979107.0,
NSE:PGHH,Procter & Gamble Hygiene and Health Care Limited,INE179A01014,EQ,Fast Moving Consumer Goods,Household & Personal Products,Small,21586.0,6650.0,27.3,28.65,14509.0,6579.0,54.2,120.0,1.81,,0.1,17765.0,
NSE:GUJENERGY,GUJARAT ENERGY LIMITED,INE844O01030,EQ,Power,Utilities - Regulated Gas,Small,21578.0,229.99,8.9,1.17,443.75,225.5,48.2,8.9,3.87,,17.2,1546444.0,
NSE:HBLENGINE,HBL Engineering Limited,INE292B01021,EQ,Capital Goods,Electrical Equipment & Parts,Small,21567.0,778.05,27.6,9.66,1122.0,613.0,30.7,4.0,0.51,,3.0,1505517.0,Y
NSE:GESHIP,The Great Eastern Shipping Company Limited,INE017A01032,EQ,Services,Marine Shipping,Small,21535.0,1529.9,5.8,1.29,1798.0,1002.55,14.9,57.6,3.76,,6.4,912227.0,Y
NSE:EMMVEE,Emmvee Photovoltaic Power Limited,INE1C6T01020,EQ,Capital Goods,Solar,Small,21217.0,306.45,17.2,5.74,371.55,171.51,17.5,1.0,0.33,,9.7,2541254.0,Y
NSE:SUMICHEM,Sumitomo Chemical India Limited,INE258G01013,EQ,Chemicals,Agricultural Inputs,Small,20977.0,420.25,36.2,6.19,572.05,362.6,26.5,1.3,0.31,,1.9,997788.0,Y
NSE:NBCC,NBCC (India) Limited,INE095N01031,EQ,Construction,Engineering & Construction,Small,20898.0,77.4,28.1,6.96,125.85,76.07,38.5,1.08,1.4,,0.0,6208350.0,Y
NSE:DIACABS,Diamond Power Infrastructure Limited,INE989C01038,BE,Capital Goods,Specialty Industrial Machinery,Small,20891.0,349.3,91.9,-30.46,404.0,115.57,13.5,0.0,,,,4089541.0,
NSE:SHILPAMED,Shilpa Medicare Limited,INE790G01031,EQ,Healthcare,Drug Manufacturers - Specialty & Generic,Small,20810.0,1064.0,69.9,8.03,1095.0,259.5,2.8,0.6,0.06,,25.5,1688156.0,
NSE:ANANTRAJ,Anant Raj Limited,INE242C01024,EQ,Realty,Real Estate - Development,Small,20765.0,577.0,35.4,3.59,743.65,403.0,22.4,1.0,0.17,,11.7,2642464.0,Y
NSE:SHRIPISTON,SPR Auto Technologies Limited,INE526E01018,EQ,Automobile and Auto Components,Auto Parts,Small,20712.0,4465.1,34.9,6.78,4843.0,2525.8,7.8,10.0,0.22,,65.2,71728.0,Y
NSE:IRB,IRB Infrastructure Developers Limited,INE821I01022,EQ,Construction,Infrastructure Operations,Small,20508.0,16.98,21.8,0.96,23.95,16.75,29.1,0.2,1.18,,95.6,13269842.0,Y
NSE:SIGMAADV,SIGMA ADVANCED SYSTEMS LIMITED,INE933B01012,BE,Capital Goods,Aerospace & Defense,Small,20453.0,1076.9,113.6,40.51,1076.9,140.1,0.0,0.0,,,70.8,335629.0,
NSE:AFFLE,Affle 3i Limited,INE00WC01027,EQ,Information Technology,Advertising Agencies,Small,20421.0,1451.0,43.0,5.58,1993.7,1251.3,27.2,0.0,,,0.4,363087.0,Y
NSE:DEEPAKNTR,Deepak Nitrite Limited,INE288B01029,EQ,Chemicals,Chemicals,Small,20350.0,1492.0,26.0,3.49,1897.9,1280.0,21.4,7.5,0.5,,27.9,336699.0,Y
NSE:CEMPRO,Cemindia Projects Limited,INE686A01026,EQ,Construction,Engineering & Construction,Small,20271.0,1180.0,33.7,8.45,1649.2,503.3,28.5,3.0,0.25,,37.7,445589.0,Y
NSE:SAGILITY,SAGILITY LIMITED,INE0W2G01015,EQ,Information Technology,Health Information Services,Small,20209.0,43.17,20.4,2.06,57.89,35.83,25.4,0.2,0.46,,11.5,23077689.0,Y
NSE:CHENNPETRO,Chennai Petroleum Corporation Limited,INE178A01016,EQ,Oil Gas & Consumable Fuels,Oil & Gas Refining & Marketing,Small,19969.0,1341.0,4.8,1.8,1677.5,716.8,20.1,62.0,4.6,,17.7,2205098.0,Y
NSE:IGL,Indraprastha Gas Limited,INE203G01027,EQ,Oil Gas & Consumable Fuels,Utilities - Regulated Gas,Small,19964.0,142.6,15.6,1.73,223.5,139.2,36.2,3.0,2.1,,0.8,1940315.0,Y
NSE:TENNIND,Tenneco Clean Air India Limited,INE19RI01016,EQ,Automobile and Auto Components,Auto Parts,Small,19942.0,494.1,33.3,16.64,657.0,438.05,24.8,24.4,,,4.3,1801760.0,Y
NSE:CAPLIPOINT,Caplin Point Laboratories Limited,INE475E01026,EQ,Healthcare,Drug Manufacturers - Specialty & Generic,Small,19854.0,2612.0,29.9,5.65,2990.0,1500.3,12.6,8.0,0.3,,0.1,180541.0,Y
NSE:CREDITACC,CREDITACCESS GRAMEEN LIMITED,INE741K01010,EQ,Financial Services,Credit Services,Small,19792.0,1235.0,16.4,2.52,1634.0,1113.0,24.4,0.0,,16.4,302.9,316100.0,Y
NSE:AADHARHFC,Aadhar Housing Finance Limited,INE883F01010,EQ,Financial Services,Mortgage Finance,Small,19728.0,450.0,17.5,2.6,563.0,427.3,20.1,0.0,,,255.6,358783.0,Y
NSE:KIOCL,KIOCL Limited,INE880L01014,EQ,Materials,Steel,Small,19624.0,322.9,496.8,11.3,634.55,290.65,49.1,0.0,,,11.1,154827.0,
NSE:RAMCOCEM,The Ramco Cements Limited,INE331A01037,EQ,Construction Materials,Building Materials,Small,19612.0,830.0,30.5,2.42,1214.5,816.15,31.7,2.5,0.3,,47.9,215498.0,Y
NSE:CASTROLIND,Castrol India Limited,INE172A01027,EQ,Oil Gas & Consumable Fuels,Oil & Gas Refining & Marketing,Small,19604.0,198.2,18.5,10.29,207.2,170.1,4.3,12.5,6.28,57.0,2.8,2641762.0,Y
NSE:INOXINDIA,INOX India Limited,INE616N01034,EQ,Capital Goods,Specialty Industrial Machinery,Small,19604.0,2156.1,77.1,17.51,2339.5,1068.2,7.8,2.0,0.09,,7.3,361180.0,Y
NSE:PINELABS,Pine Labs Limited,INE15B701018,EQ,Financial Services,Software - Infrastructure,Small,19349.0,167.56,151.0,3.24,284.0,134.73,41.0,0.0,,,7.5,28932898.0,Y
NSE:KAJARIACER,Kajaria Ceramics Limited,INE217B01036,EQ,Consumer Durables,Building Products & Equipment,Small,19329.0,1230.0,35.9,6.39,1293.8,869.6,4.9,12.0,0.98,,7.3,336843.0,Y
NSE:TATAELXSI,Tata Elxsi Limited,INE670A01012,EQ,Information Technology,Software - Application,Small,19268.0,3092.8,29.4,6.34,5950.0,3046.2,48.0,75.0,2.42,,5.3,319674.0,Y
NSE:THELEELA,Leela Palaces Hotels & Resorts Limited,INE0AQ201015,EQ,Consumer Discretionary,Lodging,Small,19032.0,569.9,42.1,2.95,586.95,384.5,2.9,0.0,,,28.1,510954.0,
NSE:ABDL,Allied Blenders and Distillers Limited,INE552Z01027,EQ,Fast Moving Consumer Goods,Beverages - Wineries & Distilleries,Small,19020.0,680.0,86.3,11.44,753.8,382.1,9.8,5.4,0.79,,68.3,668342.0,Y
NSE:HAPPYFORGE,Happy Forgings Limited,INE330T01021,EQ,Capital Goods,Metal Fabrication,Small,18909.0,2003.0,57.8,8.88,2470.0,888.75,18.9,4.0,0.2,,15.5,98285.0,
NSE:BRIGADE,Brigade Enterprises Limited,INE791I01019,EQ,Realty,Real Estate - Development,Small,18670.0,572.4,29.0,27.37,802.01,450.75,28.6,2.0,0.35,,84.3,672233.0,Y
NSE:EIHOTEL,EIH Limited,INE230A01023,EQ,Consumer Services,Lodging,Small,18601.0,297.45,26.1,3.53,413.95,271.15,28.1,1.5,0.5,,4.7,299564.0,Y
NSE:AZAD,Azad Engineering Limited,INE02IJ01035,EQ,Capital Goods,Specialty Industrial Machinery,Small,18425.0,2853.0,132.9,12.06,3127.9,1360.0,8.8,0.0,,,31.0,751157.0,Y
NSE:ELGIEQUIP,Elgi Equipments Limited,INE285A01027,EQ,Capital Goods,Specialty Industrial Machinery,Small,18423.0,584.4,41.1,8.25,653.4,408.25,10.6,2.7,0.46,,23.9,485735.0,Y
NSE:RATNAMANI,Ratnamani Metals & Tubes Limited,INE703B01027,EQ,Materials,Steel,Small,18364.0,2620.0,42.4,4.47,3345.0,1936.5,21.7,10.0,0.38,,7.5,81806.0,
NSE:CHALET,Chalet Hotels Limited,INE427F01016,EQ,Consumer Discretionary,Lodging,Small,18284.0,834.9,34.7,4.94,989.0,691.35,15.6,2.0,0.24,,64.0,167249.0,
NSE:AEQUS,Aequs Limited,INE947N01017,EQ,Capital Goods,Aerospace & Defense,Small,17940.0,273.95,,11.12,285.95,113.3,4.2,0.0,,,47.2,5269904.0,
NSE:TBOTEK,TBO Tek Limited,INE673O01025,EQ,Consumer Services,Travel Services,Small,17929.0,1679.0,68.3,11.58,1764.8,1004.2,4.9,0.0,,,48.8,227149.0,Y
NSE:PFIZER,Pfizer Limited,INE182A01018,EQ,Healthcare,Drug Manufacturers - General,Small,17645.0,3857.0,24.0,4.2,5578.5,3792.1,30.9,75.0,1.94,,1.7,48421.0,
NSE:ENGINERSIN,Engineers India Limited,INE510A01028,EQ,Construction,Engineering & Construction,Small,17536.0,312.0,22.4,5.59,321.4,163.55,2.9,5.0,1.6,,0.5,4479234.0,Y
NSE:LMW,LMW Limited,INE269B01029,EQ,Capital Goods,Specialty Industrial Machinery,Small,17521.0,16401.0,100.1,6.11,20151.0,11920.0,18.6,35.0,0.21,,,5507.0,
NSE:IFCI,IFCI Limited,INE039A01010,EQ,Financial Services,Credit Services,Small,17516.0,65.01,98.5,1.92,107.5,46.23,39.5,0.0,,,22.7,59799551.0,Y
NSE:SARDAEN,Sarda Energy & Minerals Limited,INE385C01021,EQ,Metals & Mining,Steel,Small,17478.0,496.0,15.5,2.37,624.0,453.1,20.5,2.0,0.4,,35.2,765127.0,Y
NSE:CESC,CESC Limited,INE486A01021,EQ,Power,Utilities - Regulated Electric,Small,17430.0,131.49,11.2,1.39,204.5,129.75,35.7,6.0,4.56,,164.3,1602223.0,Y
NSE:MOLBIO,Molbio Diagnostics Limited,INE869T01028,EQ,Healthcare,Medical Devices,Small,17367.0,1507.0,69.6,14.53,1686.8,926.35,10.7,0.0,,,34.4,4092465.0,
NSE:COHANCE,Cohance Lifesciences Limited,INE03QK01018,EQ,Healthcare,Drug Manufacturers - Specialty & Generic,Small,17332.0,453.0,164.7,4.44,917.85,266.7,50.6,0.0,,,9.9,1085913.0,Y
NSE:ATUL,Atul Limited,INE100A01010,EQ,Chemicals,Specialty Chemicals,Small,17281.0,5869.5,21.7,2.78,7180.0,5560.5,18.3,30.0,0.51,,2.9,47907.0,Y
NSE:JINDALSAW,Jindal Saw Limited,INE324A01032,EQ,Capital Goods,Steel,Small,17280.0,271.0,26.5,1.37,320.0,153.0,15.3,2.0,0.74,,38.2,2179416.0,Y
NSE:FSL,Firstsource Solutions Limited,INE684F01012,EQ,Services,Information Technology Services,Small,17267.0,250.05,26.3,3.94,371.75,202.0,32.7,5.5,2.2,,67.1,3365490.0,Y
NSE:ONESOURCE,Onesource Specialty Pharma Limited,INE013P01021,EQ,Healthcare,Biotechnology,Small,17201.0,1500.0,,2.96,1925.0,1057.0,22.1,0.0,,,25.8,302523.0,Y
NSE:ALIVUS,Alivus Life Sciences Limited,INE03Q201024,EQ,Healthcare,Drug Manufacturers - Specialty & Generic,Small,16942.0,1380.0,28.1,5.09,1493.8,819.0,7.6,5.0,0.36,,1.7,158044.0,
NSE:AARTIIND,Aarti Industries Limited,INE769A01020,EQ,Chemicals,Specialty Chemicals,Small,16875.0,465.2,31.9,2.82,551.75,338.05,15.7,1.0,0.22,,83.4,1061006.0,Y
NSE:TRITURBINE,Triveni Turbine Limited,INE152M01016,EQ,Capital Goods,Specialty Industrial Machinery,Small,16836.0,529.6,50.2,11.63,787.6,428.35,32.8,4.0,0.75,,2.5,662038.0,Y
NSE:CAMS,Computer Age Management Services Limited,INE596I01020,EQ,Financial Services,Information Technology Services,Small,16824.0,677.25,34.0,12.71,844.9,611.4,19.8,12.8,1.89,,4.9,1241654.0,Y
NSE:ESDS,ESDS Software Solution Limited,INE0DRI01029,EQ,Information Technology,Information Technology Services,Small,16809.0,1434.1,135.2,26.49,1859.2,756.0,22.9,0.0,,,17.7,3607543.0,
NSE:POLYMED,Poly Medicure Limited,INE205C01021,EQ,Healthcare,Medical Instruments & Supplies,Small,16644.0,1642.0,52.8,5.36,2094.3,1182.0,21.6,3.5,0.21,,11.2,144757.0,Y
NSE:ECLERX,eClerx Services Limited,INE738I01010,EQ,Services,Information Technology Services,Small,16593.0,1803.1,23.4,6.51,2497.5,1320.0,27.8,1.0,0.06,,15.0,341466.0,Y
NSE:ERIS,Eris Lifesciences Limited,INE406M01024,EQ,Healthcare,Drug Manufacturers - Specialty & Generic,Small,16521.0,1190.8,25.4,4.17,1740.0,1162.9,31.6,14.42,1.21,,60.5,92690.0,
NSE:DEEPAKFERT,Deepak Fertilizers and Petrochemicals Corporation Limited,INE501A01019,EQ,Chemicals,Chemicals,Small,16501.0,1305.8,16.8,2.41,1681.0,866.4,22.3,10.0,0.77,,76.0,333174.0,Y
NSE:OLAELEC,Ola Electric Mobility Limited,INE0LXG01040,EQ,Automobile and Auto Components,Auto Manufacturers,Small,16389.0,37.09,,4.9,57.95,22.25,36.0,0.0,,,82.5,68585698.0,Y
NSE:BEML,BEML Limited,INE258A01024,EQ,Capital Goods,Conglomerates,Small,16325.0,1960.0,91.1,5.56,2275.75,1355.0,13.9,17.68,0.9,,10.5,380848.0,Y
NSE:SHADOWFAX,Shadowfax Technologies Limited,INE12UN01015,EQ,Capital Goods,Integrated Freight & Logistics,Small,16211.0,276.2,95.2,9.3,292.2,98.55,5.5,0.0,,,14.2,8434387.0,
NSE:APLLTD,Alembic Pharmaceuticals Limited,INE901L01018,EQ,Healthcare,Drug Manufacturers - Specialty & Generic,Small,16099.0,819.0,23.2,2.84,998.0,635.8,17.9,12.0,1.47,,25.2,152019.0,
NSE:EMAMILTD,Emami Limited,INE548C01032,EQ,Fast Moving Consumer Goods,Household & Personal Products,Small,16044.0,372.8,21.8,5.57,560.0,361.15,33.4,12.0,3.22,,5.5,1382402.0,Y
NSE:CHAMBLFERT,Chambal Fertilizers & Chemicals Limited,INE085A01013,EQ,Chemicals,Agricultural Inputs,Small,16006.0,399.5,8.3,1.54,522.0,396.5,23.5,12.0,3.01,,10.3,487848.0,Y
NSE:GRWRHITECH,Garware Hi-Tech Films Limited,INE291A01017,EQ,Materials,Specialty Chemicals,Small,15977.0,6877.0,41.2,6.01,7990.0,2690.7,13.9,12.0,0.17,,0.6,65650.0,
NSE:BAYERCROP,Bayer Cropscience Limited,INE462A01022,EQ,Materials,Agricultural Inputs,Small,15972.0,3554.0,21.8,5.39,5149.9,3513.0,31.0,150.0,4.22,,2.8,33193.0,
NSE:CHOICEIN,Choice International Limited,INE102B01014,EQ,Financial Services,Capital Markets,Small,15929.0,715.0,67.1,8.46,860.5,568.7,16.9,0.0,,,49.8,686861.0,Y
NSE:TRAVELFOOD,Travel Food Services Limited,INE103V01028,EQ,Consumer Discretionary,Restaurants,Small,15871.0,1205.0,33.5,11.0,1470.9,1035.3,18.1,10.25,0.85,,16.7,68570.0,
NSE:ZYDUSWELL,Zydus Wellness Limited,INE768C01028,EQ,Fast Moving Consumer Goods,Packaged Foods,Small,15865.0,498.65,84.2,2.72,611.85,367.55,18.5,1.2,0.24,,55.0,447318.0,Y
NSE:JUBLPHARMA,Jubilant Pharmova Limited,INE700A01033,EQ,Healthcare,Drug Manufacturers - Specialty & Generic,Small,15839.0,1000.0,45.1,2.23,1184.8,786.05,15.6,5.0,0.5,,50.9,274783.0,
NSE:FINEORG,Fine Organic Industries Limited,INE686Y01026,EQ,Materials,Specialty Chemicals,Small,15790.0,5150.0,36.0,5.93,5407.0,3856.0,4.8,11.0,0.21,,3.5,24998.0,
NSE:TEGA,Tega Industries Limited,INE011K01018,EQ,Capital Goods,Specialty Industrial Machinery,Small,15754.0,2097.0,556.2,4.62,2198.0,1473.0,4.6,2.0,0.1,,11.7,402133.0,Y
NSE:DEVYANI,Devyani International Limited,INE872J01023,EQ,Consumer Services,Restaurants,Small,15683.0,127.2,,10.17,169.75,91.55,25.1,0.0,,,203.3,4151285.0,Y
NSE:PARADEEP,Paradeep Phosphates Limited,INE088F01024,EQ,Chemicals,Agricultural Inputs,Small,15682.0,151.0,14.6,2.31,201.59,99.7,25.1,1.5,0.99,,101.8,7165169.0,Y
NSE:MINDACORP,Minda Corporation Limited,INE842C01021,EQ,Automobile and Auto Components,Auto Parts,Small,15641.0,664.55,31.7,5.93,769.0,468.5,13.6,1.6,0.24,,55.4,409334.0,Y
NSE:NAVA,NAVA LIMITED,INE725A01030,EQ,Power,Conglomerates,Small,15577.0,549.8,20.6,1.78,739.4,501.65,25.6,8.5,1.54,,20.7,274074.0,Y
NSE:GMDCLTD,Gujarat Mineral Development Corporation Limited,INE131A01031,EQ,Metals & Mining,Thermal Coal,Small,15531.0,488.4,16.2,2.2,771.9,466.4,36.7,9.5,1.95,,4.5,1072277.0,Y
NSE:TATACHEM,Tata Chemicals Limited,INE092A01019,EQ,Chemicals,Chemicals,Small,15501.0,608.45,,0.73,944.5,580.3,35.6,11.0,1.81,,36.1,1575650.0,Y
NSE:AGARWALEYE,Dr. Agarwal's Health Care Limited,INE943P01029,EQ,Healthcare,Medical Instruments & Supplies,Small,15491.0,488.65,104.6,7.64,568.0,401.0,14.0,0.0,,,50.3,1050524.0,
NSE:J&KBANK,The Jammu & Kashmir Bank Limited,INE168A01041,EQ,Financial Services,Banks - Regional,Small,15417.0,140.0,6.7,0.91,201.75,97.35,30.6,2.15,1.43,14.6,,4210866.0,Y
NSE:ASTRAMICRO,Astra Microwave Products Limited,INE386C01029,EQ,Information Technology,Communication Equipment,Small,15400.0,1622.0,81.8,11.72,1960.0,851.0,17.2,2.4,0.15,,21.9,441408.0,
NSE:GRAPHITE,Graphite India Limited,INE371A01025,EQ,Capital Goods,Electrical Equipment & Parts,Small,15378.0,787.1,72.0,2.62,874.35,516.2,10.0,7.0,0.89,,6.3,2225797.0,Y
NSE:JNPR,Juniper Green Energy Limited,INE05C901015,EQ,Power,Utilities - Renewable,Small,15352.0,269.8,296.5,3.85,282.75,232.11,4.6,0.0,,,401.9,3514384.0,
NSE:VTL,Vardhman Textiles Limited,INE825A01020,EQ,Textiles,Textile Manufacturing,Small,15342.0,530.0,17.8,1.43,688.0,385.5,23.0,5.0,0.94,,17.5,726540.0,Y
NSE:SEDEMAC,SEDEMAC Mechatronics Limited,INE00XB01019,EQ,Consumer Discretionary,Auto Parts,Small,15322.0,3469.0,127.9,33.84,3596.0,1413.1,3.5,0.0,,,16.1,178870.0,
NSE:CLEANMAX,Clean Max Enviro Energy Solutions Limited,INE647U01026,EQ,Power,Utilities - Renewable,Small,15234.0,1299.0,97.0,3.28,1536.0,727.1,15.4,0.0,,,231.9,519591.0,Y
NSE:SAMMAANCAP,Sammaan Capital Limited,INE148I01020,EQ,Financial Services,Mortgage Finance,Small,15232.0,132.6,,0.57,192.95,129.0,31.3,0.0,,,273.0,6939563.0,Y
NSE:LLOYDSENGG,LLOYDS ENGINEERING WORKS LIMITED,INE093R01011,EQ,Capital Goods,Specialty Industrial Machinery,Small,15224.0,98.25,57.5,8.7,104.2,37.4,5.7,0.25,0.25,,6.4,11974695.0,
NSE:AVALON,Avalon Technologies Limited,INE0LCL01028,EQ,Information Technology,Electronic Components,Small,15196.0,2272.0,114.5,21.03,2618.0,777.3,13.2,0.0,,,29.5,556959.0,
NSE:THANGAMAYL,Thangamayil Jewellery Limited,INE085J01014,EQ,Consumer Durables,Luxury Goods,Small,15137.0,4870.0,38.7,10.69,7430.0,1939.5,34.5,18.0,0.37,,64.5,193657.0,Y
NSE:NATCOPHARM,Natco Pharma Limited,INE987B01026,EQ,Healthcare,Drug Manufacturers - Specialty & Generic,Small,15070.0,819.0,12.9,1.59,1226.8,792.05,33.2,5.95,0.72,,7.7,476212.0,Y
NSE:USHAMART,Usha Martin Limited,INE228A01035,EQ,Capital Goods,Steel,Small,15037.0,494.0,28.3,4.56,542.6,380.0,9.0,3.75,0.76,,6.9,740069.0,Y
NSE:ASTRAZEN,AstraZeneca Pharma India Limited,INE203A01020,EQ,Healthcare,Drug Manufacturers - Specialty & Generic,Small,15025.0,6010.0,89.0,17.21,9849.5,5986.0,39.0,36.0,0.6,,12.7,11545.0,
NSE:JSWCEMENT,JSW Cement Limited,INE718I01012,EQ,Construction Materials,Building Materials,Small,15012.0,111.17,19.7,2.28,143.4,106.65,22.5,0.5,0.45,,68.4,1578780.0,Y
NSE:PSB,Punjab & Sind Bank,INE608A01012,EQ,Financial Services,Banks - Regional,Small,14943.0,21.06,10.8,1.02,32.46,20.5,35.1,0.39,1.86,9.8,,1172447.0,
NSE:FIVESTAR,Five-Star Business Finance Limited,INE128S01021,EQ,Financial Services,Credit Services,Small,14901.0,504.8,13.5,2.02,666.0,338.15,24.2,2.0,0.4,,111.9,657640.0,Y
NSE:BASF,BASF India Limited,INE373A01013,EQ,Materials,Specialty Chemicals,Small,14834.0,3427.0,24.0,3.75,4829.9,3122.2,29.0,25.0,0.73,,3.4,39541.0,
NSE:NAZARA,Nazara Technologies Limited,INE418L01047,EQ,Media Entertainment & Telecom,Electronic Gaming & Multimedia,Small,14807.0,384.9,,4.86,401.9,215.7,4.2,0.0,,,6.1,2334727.0,
NSE:SPLPETRO,Supreme Petrochem Limited,INE663A01033,EQ,Materials,Specialty Chemicals,Small,14780.0,786.0,30.5,6.22,899.0,462.3,12.6,10.5,1.35,,5.6,265077.0,
NSE:CENTURYPLY,Century Plyboards (India) Limited,INE348B01021,EQ,Materials,Lumber & Wood Production,Small,14730.0,663.0,50.5,5.65,859.0,618.5,22.8,1.0,0.15,,67.1,81959.0,
NSE:APOLLO,Apollo Micro Systems Limited,INE713T01028,EQ,Capital Goods,Aerospace & Defense,Small,14663.0,394.6,112.4,10.37,466.5,179.5,15.4,0.25,0.06,,41.5,7346180.0,
NSE:VIJAYA,Vijaya Diagnostic Centre Limited,INE043W01024,EQ,Healthcare,Diagnostics & Research,Small,14657.0,1423.0,78.4,15.29,1593.6,848.0,10.7,2.0,0.14,,44.2,187588.0,Y
NSE:MARKSANS,Marksans Pharma Limited,INE750C01026,EQ,Healthcare,Drug Manufacturers - General,Small,14639.0,323.05,28.3,4.84,350.95,155.0,7.9,0.9,0.28,,11.2,3331669.0,
NSE:CONCORDBIO,Concord Biotech Limited,INE338H01029,EQ,Healthcare,Biotechnology,Small,14636.0,1399.0,48.3,7.26,1647.8,987.0,15.1,7.55,0.55,,0.1,162915.0,Y
NSE:SYNGENE,Syngene International Limited,INE398R01022,EQ,Healthcare,Diagnostics & Research,Small,14452.0,359.05,65.4,2.98,678.95,353.3,47.1,1.25,0.35,,9.5,1039349.0,Y
NSE:ACE,Action Construction Equipment Limited,INE731H01025,EQ,Capital Goods,Farm & Heavy Construction Machinery,Small,14433.0,1212.6,33.0,7.18,1268.0,745.1,4.4,2.0,0.16,,0.4,491921.0,Y
NSE:KFINTECH,Kfin Technologies Limited,INE138Y01010,EQ,Financial Services,Software - Application,Small,14383.0,832.0,42.2,8.58,1215.0,784.95,31.5,12.0,1.44,,3.3,1059936.0,Y
NSE:INDGN,Indegene Limited,INE065X01017,EQ,Healthcare,Health Information Services,Small,14328.0,595.0,35.8,4.57,627.0,414.0,5.1,2.25,0.38,,5.0,600296.0,
NSE:CIEINDIA,CIE Automotive India Limited,INE536H01010,EQ,Automobile and Auto Components,Auto Parts,Small,14228.0,375.05,16.3,1.84,526.0,366.9,28.7,7.0,1.86,12.2,6.6,412994.0,Y
NSE:SWANDEF,Swan Defence and Heavy Industries Limited,INE542F01020,BE,Capital Goods,Aerospace & Defense,Small,14225.0,2700.1,,204.27,2804.9,636.2,3.7,0.0,,,4002.9,21898.0,
NSE:ZENTEC,Zen Technologies Limited,INE251B01027,EQ,Capital Goods,Aerospace & Defense,Small,14170.0,1575.5,78.7,7.88,2043.7,1223.0,22.9,1.0,0.06,,1.0,464532.0,Y
NSE:BBOX,Black Box Limited,INE676A01027,EQ,Information Technology,Software - Application,Small,14133.0,795.8,61.0,10.98,1103.0,444.3,27.9,1.0,0.13,,89.6,475410.0,Y
NSE:MAHSCOOTER,Maharashtra Scooters Limited,INE288A01013,EQ,Financial Services,Asset Management,Small,14114.0,12350.0,50.6,0.51,17733.0,10901.0,30.4,220.0,1.78,,,4521.0,
NSE:KIRLOSBROS,Kirloskar Brothers Limited,INE732A01036,EQ,Capital Goods,Specialty Industrial Machinery,Small,14111.0,1777.0,37.8,5.73,2189.2,1335.0,18.8,7.0,0.4,,10.1,79198.0,Y
NSE:KANSAINER,Kansai Nerolac Paints Limited,INE531A01024,EQ,Materials,Specialty Chemicals,Small,14095.0,174.26,23.5,2.1,264.0,157.91,34.0,2.5,1.43,,4.5,290810.0,
NSE:CCL,CCL Products (India) Limited,INE421D01022,EQ,Fast Moving Consumer Goods,Packaged Foods,Small,14074.0,1055.5,32.6,6.0,1242.2,815.5,15.0,5.75,0.54,,56.5,168363.0,Y
NSE:ARVIND,Arvind Limited,INE034A01011,EQ,Consumer Discretionary,Textile Manufacturing,Small,14064.0,536.5,33.9,3.48,607.15,277.9,11.6,4.5,0.84,,40.1,668287.0,
NSE:DCMSHRIRAM,DCM Shriram Limited,INE499A01024,EQ,Capital Goods,Conglomerates,Small,14053.0,907.5,9.9,1.88,1409.0,886.3,35.6,16.0,1.76,,37.8,128898.0,
NSE:KSB,Ksb Limited,INE999A01023,EQ,Capital Goods,Specialty Industrial Machinery,Small,14042.0,806.85,57.2,8.26,1028.3,666.65,21.5,4.4,0.55,15.2,0.4,243807.0,Y
NSE:TMB,Tamilnad Mercantile Bank Limited,INE668A01016,EQ,Financial Services,Banks - Regional,Small,14014.0,885.0,9.7,1.39,954.2,420.0,7.3,12.5,1.43,14.5,,342920.0,
NSE:HORIZONIND,Horizon Industrial Parks Limited,INE685T01010,EQ,Realty,Real Estate - Development,Small,14011.0,48.6,,2.1,60.25,48.11,19.3,0.0,,,117.8,7782718.0,
NSE:GPIL,Godawari Power And Ispat limited,INE177H01039,EQ,Capital Goods,Steel,Small,13992.0,215.01,17.1,2.27,320.0,210.42,32.8,1.0,0.46,,7.6,1563136.0,Y
NSE:HONASA,Honasa Consumer Limited,INE0J5401028,EQ,Fast Moving Consumer Goods,Household & Personal Products,Small,13986.0,429.0,56.3,9.87,509.8,248.4,15.8,3.0,0.7,,9.6,1599434.0,Y
NSE:PRIVISCL,Privi Speciality Chemicals Limited,INE959A01019,EQ,Chemicals,Specialty Chemicals,Small,13926.0,3565.0,41.1,9.86,3785.3,2380.2,5.8,10.0,0.28,,74.4,79811.0,Y
NSE:SHAILY,Shaily Engineering Plastics Limited,INE151G01028,EQ,Materials,Specialty Chemicals,Small,13891.0,3020.0,79.0,19.37,3615.2,1770.9,16.5,3.0,0.1,,24.8,189942.0,
NSE:LTFOODS,LT Foods Limited,INE818H01020,EQ,Fast Moving Consumer Goods,Packaged Foods,Small,13869.0,399.4,21.7,7.78,490.7,333.15,18.6,4.0,1.0,,35.6,1291410.0,Y
NSE:CANHLIFE,Canara HSBC Life Insurance Company Limited,INE01TY01017,EQ,Financial Services,Insurance - Life,Small,13824.0,145.9,105.7,8.48,166.69,106.0,12.5,0.4,0.28,8.3,15.3,2037680.0,Y
NSE:PGEL,PG Electroplast Limited,INE457L01029,EQ,Consumer Durables,Electronic Components,Small,13783.0,481.1,67.6,4.51,644.4,436.55,25.3,0.25,0.05,,19.6,1674403.0,Y
NSE:JSWDULUX,JSW Dulux Limited,INE133A01011,EQ,Materials,Specialty Chemicals,Small,13713.0,3011.1,7.0,5.59,3745.0,2658.7,19.6,50.0,1.66,,3.2,24173.0,
NSE:INDIACEM,The India Cements Limited,INE383A01012,EQ,Construction Materials,Building Materials,Small,13713.0,295.0,99.0,0.9,485.8,290.25,39.3,0.0,,,12.9,240812.0,Y
NSE:BALRAMCHIN,Balrampur Chini Mills Limited,INE119A01028,EQ,Fast Moving Consumer Goods,Confectioners,Small,13712.0,648.0,35.7,3.16,780.95,393.55,17.0,7.0,1.08,,76.6,3110949.0,Y
NSE:ARE&M,Amara Raja Energy & Mobility Limited,INE885A01032,EQ,Automobile and Auto Components,Electrical Equipment & Parts,Small,13686.0,747.75,14.8,1.69,1023.0,670.0,26.9,10.6,1.42,,5.0,840379.0,Y
NSE:CARTRADE,Cartrade Tech Limited,INE290S01011,EQ,Consumer Services,Auto & Truck Dealerships,Small,13612.0,2800.0,60.3,5.4,3290.5,1600.0,14.9,0.0,,,5.4,528833.0,Y
NSE:SUDEEPPHRM,Sudeep Pharma Limited,INE0QPI01025,EQ,Healthcare,Drug Manufacturers - Specialty & Generic,Small,13610.0,1205.0,74.4,15.41,1378.0,524.05,12.6,1.5,0.13,,16.7,281438.0,
NSE:IGIL,International Gemological Institute Limited,INE0Q9301021,EQ,Services,Other Precious Metals & Mining,Small,13505.0,312.5,26.4,9.08,388.3,287.0,19.5,5.1,1.63,,9.6,593626.0,Y
NSE:TI,Tilaknagar Industries Limited,INE133E01013,EQ,Fast Moving Consumer Goods,Beverages - Wineries & Distilleries,Small,13486.0,544.0,,4.53,607.8,381.55,10.5,1.0,0.18,,77.2,907256.0,
NSE:NIVABUPA,Niva Bupa Health Insurance Company Limited,INE995S01015,EQ,Financial Services,Insurance - Life,Small,13427.0,72.59,72.6,3.5,91.4,67.5,20.6,0.0,,12.1,6.8,1490177.0,
NSE:LUMAXTECH,Lumax Auto Technologies Limited,INE872H01027,EQ,Consumer Discretionary,Auto Parts,Small,13420.0,1969.0,41.5,11.09,2190.0,1120.0,10.1,5.5,0.28,,83.4,247134.0,
NSE:KPITTECH,KPIT Technologies Limited,INE04I401011,EQ,Information Technology,Software - Application,Small,13394.0,492.0,23.1,3.78,1284.9,484.5,61.7,7.5,1.52,,23.6,2998309.0,Y
NSE:E2E,E2E Networks Limited,INE255Z01027,BE,Information Technology,Software - Infrastructure,Small,13355.0,650.0,239.0,7.73,698.0,183.36,6.9,0.0,,,9.4,1297129.0,
NSE:CEATLTD,CEAT Limited,INE482A01020,EQ,Automobile and Auto Components,Auto Parts,Small,13286.0,3284.5,22.5,2.26,4438.0,3061.2,26.0,35.0,1.06,,64.7,114174.0,Y
NSE:SKFINDUS,SKF India (Industrial) Limited,INE2J8701016,EQ,Capital Goods,Tools & Accessories,Small,13274.0,2685.0,63.8,8.99,3218.7,1994.1,16.6,30.0,1.1,,0.3,70571.0,
NSE:ATLANTAELE,Atlanta Electricals Limited,INE0Z4F01028,EQ,Capital Goods,Electrical Equipment & Parts,Small,13203.0,1717.0,58.8,14.21,2152.6,707.6,20.2,0.0,,,5.5,142370.0,
NSE:INGERRAND,Ingersoll Rand (India) Limited,INE177A01018,EQ,Capital Goods,Specialty Industrial Machinery,Small,13180.0,4175.0,49.2,21.41,4955.0,3063.3,15.7,75.0,1.8,,1.5,26112.0,
NSE:ANURAS,Anupam Rasayan India Limited,INE930P01018,EQ,Chemicals,Specialty Chemicals,Small,13162.0,1156.1,75.3,3.94,1415.0,1047.9,18.3,1.5,0.13,,41.3,416556.0,Y
NSE:CROMPTON,Crompton Greaves Consumer Electricals Limited,INE299U01018,EQ,Consumer Durables,"Furnishings, Fixtures & Appliances",Small,13052.0,202.7,,4.4,310.5,201.1,34.7,3.0,1.48,,5.8,3304449.0,Y
NSE:EDELWEISS,Edelweiss Financial Services Limited,INE532F01054,EQ,Financial Services,Financial Conglomerates,Micro,12996.0,137.3,18.4,2.81,146.0,98.0,6.0,1.5,1.09,,320.0,6029220.0,
NSE:RAINBOW,Rainbow Childrens Medicare Limited,INE961O01016,EQ,Healthcare,Medical Care Facilities,Micro,12986.0,1280.0,45.5,7.88,1610.0,1084.0,20.5,3.5,0.27,,53.6,109000.0,Y
NSE:VENTIVE,Ventive Hospitality Limited,INE781S01027,EQ,Consumer Discretionary,Lodging,Micro,12962.0,555.0,34.3,2.35,793.95,542.6,30.1,0.0,,,38.1,25677.0,
NSE:SOBHA,Sobha Limited,INE671H01015,EQ,Realty,Real Estate - Development,Micro,12941.0,1210.0,56.0,2.74,1732.0,1130.0,30.1,6.0,0.49,,24.6,162887.0,Y
NSE:JBMA,JBM Auto Limited,INE927D01051,EQ,Automobile and Auto Components,Auto Parts,Micro,12884.0,544.8,57.5,11.28,738.5,477.0,26.2,0.85,0.16,,190.3,493641.0,Y
NSE:RKFORGE,Ramkrishna Forgings Limited,INE399G01023,EQ,Automobile and Auto Components,Metal Fabrication,Micro,12863.0,694.5,118.9,3.82,772.8,460.15,10.1,2.0,0.29,,74.4,1436664.0,Y
NSE:VGUARD,V-Guard Industries Limited,INE951I01027,EQ,Capital Goods,Electrical Equipment & Parts,Micro,12860.0,294.35,35.5,5.42,384.0,288.8,23.3,1.5,0.51,,7.0,1249940.0,
NSE:PRUDENT,Prudent Corporate Advisory Services Limited,INE00F201020,EQ,Financial Services,Asset Management,Micro,12842.0,3101.5,52.3,14.55,4105.5,2121.0,24.5,3.5,0.11,,3.9,39843.0,
NSE:GALLANTT,Gallantt Ispat Limited,INE297H01019,EQ,Capital Goods,Steel,Micro,12820.0,531.35,29.5,3.87,948.0,496.25,44.0,2.0,0.38,,16.5,119109.0,Y
NSE:DOMS,DOMS Industries Limited,INE321T01012,EQ,Fast Moving Consumer Goods,Business Equipment & Supplies,Micro,12805.0,2110.0,59.2,10.5,2755.0,2020.0,23.4,3.65,0.17,,10.8,41988.0,Y
NSE:UJJIVANSFB,Ujjivan Small Finance Bank Limited,INE551W01018,EQ,Financial Services,Banks - Regional,Micro,12799.0,65.6,14.3,1.87,73.94,47.31,11.3,0.0,,,,18694044.0,
NSE:VEDPOWER,Vedanta Power Limited,INE694L01019,EQ,Power,Utilities - Independent Power Producers,Micro,12786.0,32.75,,2.87,49.88,30.44,34.3,0.0,,0.9,,21208811.0,Y
NSE:PCJEWELLER,PC Jeweller Limited,INE785M01021,EQ,Consumer Discretionary,Luxury Goods,Micro,12672.0,12.92,14.7,1.21,14.86,7.47,13.1,0.0,,,14.3,337312103.0,
NSE:VARROC,Varroc Engineering Limited,INE665L01035,EQ,Consumer Discretionary,Auto Parts,Micro,12667.0,829.0,64.4,7.11,912.2,462.0,9.1,1.5,0.18,,50.9,561469.0,
NSE:VINATIORGA,Vinati Organics Limited,INE410B01037,EQ,Materials,Specialty Chemicals,Micro,12655.0,1219.9,28.2,4.0,1739.0,1143.6,29.9,8.5,0.7,,,58607.0,
NSE:PCBL,PCBL Chemical Limited,INE602A01031,EQ,Chemicals,Specialty Chemicals,Micro,12636.0,321.15,48.7,3.15,394.0,226.5,18.5,4.5,1.4,,124.1,2063455.0,Y
NSE:SHREEJISPG,Shreeji Shipping Global Limited,INE1B6101010,EQ,Capital Goods,Marine Shipping,Micro,12635.0,775.55,76.3,16.4,780.0,222.0,0.6,2.0,0.26,,36.2,1043508.0,
NSE:BIKAJI,Bikaji Foods International Limited,INE00E101023,EQ,Fast Moving Consumer Goods,Packaged Foods,Micro,12620.0,503.3,48.7,7.85,768.5,497.65,34.5,1.25,0.25,,17.5,226500.0,
NSE:MANYAVAR,Vedant Fashions Limited,INE825V01034,EQ,Consumer Discretionary,Apparel Manufacturing,Micro,12583.0,517.85,32.6,6.4,705.0,329.2,26.5,7.75,1.49,,23.3,1201541.0,
NSE:WABAG,VA Tech Wabag Limited,INE956G01038,EQ,Capital Goods,Engineering & Construction,Micro,12555.0,2009.0,35.0,4.87,2319.0,1033.0,13.4,5.0,0.25,,8.9,698275.0,
NSE:SCI,Shipping Corporation Of India Limited,INE109A01011,EQ,Services,Marine Shipping,Micro,12507.0,268.5,7.7,1.37,368.75,195.55,27.2,7.5,2.81,,29.5,2265603.0,Y
NSE:VOGL,Vedanta Oil and Gas Limited,INE704J01044,EQ,Oil Gas & Consumable Fuels,Other Industrial Metals & Mining,Micro,12501.0,32.02,,-0.16,47.6,30.42,32.7,0.0,,,,51902693.0,Y
NSE:SKYGOLD,SKY GOLD AND DIAMONDS LIMITED,INE01IU01018,EQ,Consumer Discretionary,Luxury Goods,Micro,12498.0,807.0,37.1,10.43,868.8,275.8,7.1,0.0,,,72.1,1117700.0,
NSE:AKUMS,Akums Drugs and Pharmaceuticals Limited,INE09XN01023,EQ,Healthcare,Drug Manufacturers - Specialty & Generic,Micro,12490.0,815.8,42.9,3.77,838.8,409.3,2.7,1.0,0.12,,5.8,365609.0,
NSE:JSWHL,JSW Holdings Limited,INE824G01012,EQ,Financial Services,Asset Management,Micro,12486.0,11250.0,90.8,0.38,22790.0,10530.0,50.6,0.0,,,,5527.0,
NSE:SOUTHBANK,The South Indian Bank Limited,INE683A01023,EQ,Financial Services,Banks - Regional,Micro,12443.0,47.5,8.2,1.05,50.68,29.85,6.3,0.45,0.95,13.6,,13530251.0,
NSE:FRACTAL,Fractal Analytics Limited,INE212S01015,EQ,Information Technology,Software - Infrastructure,Micro,12399.0,721.0,37.7,3.77,1118.0,708.3,35.5,0.0,,,13.1,347928.0,Y
NSE:UTLSOLAR,Fujiyama Power Systems Limited,INE12UR01024,EQ,Information Technology,Solar,Micro,12307.0,401.0,41.8,9.35,494.25,172.0,18.9,0.0,,,40.8,410099.0,
NSE:KTKBANK,The Karnataka Bank Limited,INE614B01018,EQ,Financial Services,Banks - Regional,Micro,12249.0,323.9,8.5,0.93,345.9,170.26,6.4,5.0,1.55,,,2634750.0,
NSE:ABREL,Aditya Birla Real Estate Limited,INE055A01016,EQ,Realty,Real Estate Services,Micro,12235.0,1106.5,,3.31,1914.0,1072.4,42.2,2.5,0.23,,152.4,176536.0,Y
NSE:ASKAUTOLTD,ASK Automotive Limited,INE491J01022,EQ,Consumer Discretionary,Auto Parts,Micro,12183.0,618.0,38.5,9.29,687.7,375.3,10.1,1.85,0.3,,51.8,789932.0,
NSE:GODREJAGRO,Godrej Agrovet Limited,INE850D01014,EQ,Fast Moving Consumer Goods,Packaged Foods,Micro,12180.0,633.0,27.3,5.99,698.4,506.1,9.4,11.0,1.74,,72.8,450413.0,
NSE:VISL,Vedanta Iron and Steel Limited,INE1CLE01013,EQ,Metals & Mining,Steel,Micro,12122.0,31.0,,-4.18,44.78,19.06,30.8,0.0,,,,37307136.0,Y
NSE:QPOWER,Quality Power Electrical Equipments Limited,INE0SII01026,EQ,Capital Goods,Electrical Equipment & Parts,Micro,12043.0,1555.0,90.4,22.22,1675.0,581.0,7.2,1.0,0.06,,5.2,240788.0,
NSE:EIDPARRY,EID Parry India Limited,INE126A01031,EQ,Fast Moving Consumer Goods,Agricultural Inputs,Micro,11976.0,673.0,25.8,1.36,1118.0,672.3,39.8,0.0,,,23.6,517047.0,Y
NSE:NSLNISP,NMDC Steel Limited,INE0NNS01018,EQ,Metals & Mining,Steel,Micro,11948.0,40.77,145.6,0.91,53.75,33.01,24.1,0.0,,,35.0,6582579.0,Y
NSE:MANORAMA,Manorama Industries Limited,INE00VM01036,EQ,Fast Moving Consumer Goods,Packaged Foods,Micro,11930.0,1890.0,43.9,16.54,2149.5,1060.6,12.1,0.8,0.04,,52.2,441564.0,
NSE:BLUESTONE,BlueStone Jewellery and Lifestyle Limited,INE304W01038,EQ,Consumer Discretionary,Luxury Goods,Micro,11918.0,780.0,198.0,6.59,969.9,399.8,19.6,0.0,,,110.0,4471590.0,
NSE:AMAGI,Amagi Media Labs Limited,INE121R01077,EQ,Information Technology,Software - Application,Micro,11909.0,550.5,116.9,6.97,727.4,310.2,24.3,0.0,,,1.8,784215.0,
NSE:INOXWIND,Inox Wind Limited,INE066P01011,EQ,Capital Goods,Specialty Industrial Machinery,Micro,11882.0,68.75,33.5,1.61,159.3,67.1,56.8,0.0,,,20.6,12002864.0,Y
NSE:LLOYDSENT,Lloyds Enterprises Limited,INE080I01025,EQ,Materials,Steel,Micro,11833.0,77.51,138.4,2.8,84.7,40.69,8.5,0.25,0.32,,14.7,4369001.0,
NSE:JMFINANCIL,JM Financial Limited,INE780C01023,EQ,Financial Services,Capital Markets,Micro,11807.0,123.37,11.4,1.11,182.5,112.0,32.4,1.75,1.42,,102.4,2851465.0,Y
NSE:PGIL,Pearl Global Industries Limited,INE940H01022,EQ,Consumer Discretionary,Apparel Manufacturing,Micro,11787.0,1275.9,38.0,8.07,1357.9,600.0,6.0,10.5,0.83,,65.6,266189.0,
NSE:HOMEFIRST,Home First Finance Company India Limited,INE481N01025,EQ,Financial Services,Mortgage Finance,Micro,11714.0,1120.3,20.3,2.68,1317.7,893.7,15.0,5.2,0.46,,243.9,205322.0,Y
NSE:PARKHOSPS,Park Medi World Limited,INE119201023,EQ,Healthcare,Medical Care Facilities,Micro,11662.0,270.0,41.2,5.32,305.0,138.1,11.5,0.0,,,17.3,706149.0,
NSE:TECHNOE,Techno Electric & Engineering Company Limited,INE285K01026,EQ,Construction,Engineering & Construction,Micro,11642.0,1001.0,27.0,2.8,1389.6,870.0,28.0,7.0,0.7,,1.7,172995.0,Y
NSE:CYIENT,Cyient Limited,INE136B01020,EQ,Information Technology,Conglomerates,Micro,11557.0,1110.2,32.6,2.16,1222.0,750.3,9.1,32.0,2.9,,7.5,892552.0,Y
NSE:NUVOCO,Nuvoco Vistas Corporation Limited,INE118D01016,EQ,Construction Materials,Building Materials,Micro,11486.0,321.6,29.7,1.12,439.85,276.25,26.9,0.0,,,48.1,1689214.0,Y
NSE:PVRINOX,PVR INOX Limited,INE191H01014,EQ,Media Entertainment & Publication,Entertainment,Micro,11476.0,1220.0,42.9,1.63,1357.8,907.4,10.1,0.0,,,91.9,547474.0,Y
NSE:LOTUSDEV,Sri Lotus Developers and Realty Limited,INE0V9Q01010,BE,Capital Goods,Engineering & Construction,Micro,11338.0,232.0,46.0,5.92,235.75,102.2,1.6,0.5,0.22,,6.8,2650432.0,
NSE:TRIDENT,Trident Limited,INE064C01022,EQ,Textiles,Textile Manufacturing,Micro,11333.0,22.24,28.5,2.38,30.94,21.98,28.1,1.0,4.51,,38.3,4088109.0,Y
NSE:UTIAMC,UTI Asset Management Company Limited,INE094J01016,EQ,Financial Services,Asset Management,Micro,11312.0,880.0,24.6,2.51,1409.0,866.0,37.5,40.0,4.53,,3.1,201167.0,Y
NSE:APTUS,Aptus Value Housing Finance India Limited,INE852O01025,EQ,Financial Services,Mortgage Finance,Micro,11269.0,225.0,11.5,2.23,326.15,193.03,31.0,5.0,2.21,,156.2,1333611.0,Y
NSE:METROPOLIS,Metropolis Healthcare Limited,INE112L01020,EQ,Healthcare,Diagnostics & Research,Micro,11161.0,538.0,55.2,7.37,609.05,412.25,11.7,2.0,0.37,,15.2,270394.0,
NSE:BLACKBUCK,BLACKBUCK LIMITED,INE0UIZ01018,EQ,Information Technology,Software - Application,Micro,11078.0,607.9,66.0,7.81,748.0,496.0,18.7,0.0,,,4.2,610425.0,
NSE:IIFLCAPS,IIFL Capital Services Limited,INE489L01022,EQ,Financial Services,Capital Markets,Micro,10880.0,345.0,19.9,3.5,411.3,240.4,16.1,3.0,0.87,,59.3,408341.0,
NSE:WHIRLPOOL,Whirlpool of India Limited,INE716A01013,EQ,Consumer Durables,"Furnishings, Fixtures & Appliances",Micro,10852.0,855.0,43.3,2.61,1437.0,706.0,40.5,5.0,0.58,,8.6,1275691.0,Y
NSE:BLUEDART,Blue Dart Express Limited,INE233B01017,EQ,Capital Goods,Integrated Freight & Logistics,Micro,10668.0,4496.0,37.2,6.0,7036.0,4460.0,36.1,25.0,0.56,,64.3,23228.0,
NSE:ELANTAS,Elantas Beck India Limited,INE280B01018,EQ,Materials,Specialty Chemicals,Micro,10636.0,13416.0,60.0,9.63,15150.0,8900.0,11.4,7.5,0.06,17.4,,4005.0,
NSE:VOLTAMP,Voltamp Transformers Limited,INE540H01012,EQ,Capital Goods,Electrical Equipment & Parts,Micro,10587.0,10464.0,33.3,6.44,12863.0,6666.0,18.7,100.0,0.96,,0.0,40631.0,
NSE:IRCON,Ircon International Limited,INE962Y01021,EQ,Construction,Engineering & Construction,Micro,10412.0,110.7,16.8,1.57,186.44,101.6,40.6,1.9,1.72,,85.8,2889386.0,Y
NSE:MGL,Mahanagar Gas Limited,INE002S01010,EQ,Oil Gas & Consumable Fuels,Utilities - Regulated Gas,Micro,10352.0,1048.0,14.5,1.61,1335.4,900.0,21.5,36.0,3.44,,3.5,237124.0,Y
NSE:SIGNATURE,Signatureglobal (India) Limited,INE903U01023,EQ,Realty,Real Estate - Development,Micro,10312.0,733.0,9.9,5.57,1153.9,705.2,36.5,0.0,,,161.0,425203.0,Y
NSE:PARAS,Paras Defence and Space Technologies Limited,INE045601023,EQ,Capital Goods,Aerospace & Defense,Micro,10299.0,1278.0,108.9,14.18,1585.0,580.5,19.4,1.0,0.08,,3.7,1320988.0,
NSE:GRAVITA,Gravita India Limited,INE024L01027,EQ,Metals & Mining,Metal Fabrication,Micro,10293.0,1413.1,26.3,4.2,1913.6,1266.9,26.2,11.55,0.64,,29.9,254214.0,Y
NSE:VIYASH,Viyash Scientific Limited,INE807F01027,EQ,Healthcare,Drug Manufacturers - Specialty & Generic,Micro,10236.0,232.0,48.8,3.48,298.0,178.13,22.1,0.0,,,15.7,4470335.0,
NSE:JPPOWER,Jaiprakash Power Ventures Limited,INE351F01018,EQ,Power,Utilities - Independent Power Producers,Micro,10177.0,14.85,21.2,1.14,24.5,13.15,39.4,0.0,,,26.6,57373086.0,Y
NSE:RITES,RITES Limited,INE320J01015,EQ,Construction,Engineering & Construction,Micro,10142.0,211.02,24.3,3.79,259.7,175.0,18.7,11.0,5.25,,0.2,3444590.0,Y
NSE:JUBLINGREA,Jubilant Ingrevia Limited,INE0BY001018,EQ,Chemicals,Specialty Chemicals,Micro,10036.0,636.3,32.7,3.22,795.0,537.3,20.0,5.0,0.78,,25.3,422077.0,Y
NSE:STAR,Strides Pharma Science Limited,INE939A01011,EQ,Healthcare,Drug Manufacturers - Specialty & Generic,Micro,10001.0,1085.0,16.3,3.22,1260.9,768.65,14.0,5.0,0.46,,55.8,362741.0,
NSE:YATHARTH,Yatharth Hospital & Trauma Care Services Limited,INE0JO301016,EQ,Healthcare,Medical Care Facilities,Micro,9973.0,1035.0,54.9,5.6,1184.0,538.25,12.6,1.0,0.1,,14.6,523931.0,
NSE:KEC,KEC International Limited,INE389H01022,EQ,Construction,Engineering & Construction,Micro,9940.0,373.4,17.9,1.61,893.0,367.5,58.2,5.5,1.48,,87.3,1050836.0,Y
NSE:RATEGAIN,Rategain Travel Technologies Limited,INE0CLI01024,EQ,Information Technology,Software - Application,Micro,9902.0,836.15,40.8,4.92,1050.0,437.0,20.4,0.0,,,47.3,444675.0,
NSE:HCG,Healthcare Global Enterprises Limited,INE075I01017,EQ,Healthcare,Medical Care Facilities,Micro,9894.0,662.7,430.3,7.2,804.65,513.3,17.6,0.0,,,123.1,191262.0,
NSE:SUDARSCHEM,Sudarshan Chemical Industries Limited,INE659A01023,EQ,Materials,Specialty Chemicals,Micro,9892.0,1242.5,137.1,2.83,1360.4,726.4,8.7,5.0,0.4,,64.2,410443.0,
NSE:ELECON,Elecon Engineering Company Limited,INE205B01031,EQ,Capital Goods,Specialty Industrial Machinery,Micro,9874.0,440.0,41.8,4.28,626.0,352.0,29.7,2.0,0.45,,11.8,1196757.0,Y
NSE:ZENSARTECH,Zensar Technologies Limited,INE520A01027,EQ,Information Technology,Information Technology Services,Micro,9866.0,435.0,13.1,2.1,822.0,416.15,47.1,15.0,3.45,,1.7,3885212.0,Y
NSE:AXISCADES,AXISCADES Technologies Limited,INE555B01013,EQ,Capital Goods,Engineering & Construction,Micro,9833.0,2311.9,156.5,13.54,2349.6,1063.3,1.6,0.0,,,52.8,218041.0,
NSE:JKTYRE,JK Tyre & Industries Limited,INE573A01042,EQ,Automobile and Auto Components,Auto Parts,Micro,9822.0,340.7,14.8,1.62,611.9,333.1,44.3,4.0,1.18,,80.6,747412.0,Y
NSE:JAINREC,Jain Resource Recycling Limited,INE0YD401026,EQ,Metals & Mining,Other Industrial Metals & Mining,Micro,9800.0,284.0,26.6,6.42,593.95,271.0,52.2,0.0,,,81.9,1686500.0,Y
NSE:WELENT,Welspun Enterprises Limited,INE625G01013,EQ,Capital Goods,Engineering & Construction,Micro,9778.0,721.0,29.4,3.21,841.9,412.0,14.4,3.0,0.41,,60.9,623422.0,
NSE:AVANTIFEED,Avanti Feeds Limited,INE871C01038,EQ,Fast Moving Consumer Goods,Packaged Foods,Micro,9714.0,713.0,18.3,2.96,1593.8,636.0,55.3,10.0,1.41,,0.4,416295.0,Y
NSE:TITAGARH,TITAGARH RAIL SYSTEMS LIMITED,INE615H01020,EQ,Capital Goods,Railroads,Micro,9647.0,804.75,55.2,4.45,971.0,568.7,17.1,1.0,0.12,,25.4,478035.0,Y
NSE:AAVAS,Aavas Financiers Limited,INE216P01012,EQ,Financial Services,Mortgage Finance,Micro,9595.0,1210.0,14.0,1.9,1771.9,1060.4,31.7,0.0,,,310.6,99864.0,Y
NSE:JWL,Jupiter Wagons Limited,INE209L01016,EQ,Capital Goods,Railroads,Micro,9543.0,223.3,57.1,3.23,358.25,218.45,37.7,2.0,0.69,,33.4,1287151.0,Y
NSE:SAREGAMA,Saregama India Limited,INE979A01025,EQ,Media Entertainment & Telecom,Entertainment,Micro,9464.0,493.0,42.8,5.69,574.5,307.05,14.2,9.0,1.82,,4.3,630813.0,
NSE:IEX,Indian Energy Exchange Limited,INE022Q01020,EQ,Financial Services,Capital Markets,Micro,9425.0,105.98,18.6,6.95,160.27,104.18,33.9,4.0,3.77,,0.8,4693410.0,Y
NSE:BLUEJET,Blue Jet Healthcare Limited,INE0KBH01020,EQ,Healthcare,Biotechnology,Micro,9402.0,542.0,40.0,6.91,692.9,325.0,21.8,1.2,0.22,,3.1,813635.0,
NSE:MONEYVIEW,Moneyview Limited,INE0PTN01011,EQ,Information Technology,Software - Application,Micro,9396.0,53.38,27.0,,62.0,50.27,13.9,0.0,,13.6,,655464953.0,
NSE:KENNAMET,Kennametal India Limited,INE717A01029,EQ,Capital Goods,Tools & Accessories,Micro,9385.0,4270.0,48.0,11.7,5136.0,2405.2,16.9,40.0,0.94,,0.2,42990.0,
NSE:CANFINHOME,Can Fin Homes Limited,INE477A01020,EQ,Financial Services,Mortgage Finance,Micro,9374.0,704.0,8.3,1.57,971.5,700.0,27.5,16.0,2.25,,636.6,256079.0,Y
NSE:DYNAMATECH,Dynamatic Technologies Limited,INE221B01012,EQ,Consumer Discretionary,Auto Parts,Micro,9372.0,13800.0,222.9,11.81,13996.0,6765.0,1.4,8.0,0.06,,80.4,19284.0,
NSE:SBFC,SBFC Finance Limited,INE423Y01016,EQ,Financial Services,Credit Services,Micro,9345.0,84.32,19.3,2.5,123.0,79.6,31.4,0.0,,,195.7,1872682.0,
NSE:SGMART,SG Mart Limited,INE385F01024,EQ,Capital Goods,Industrial Distribution,Micro,9342.0,741.0,75.1,5.85,860.6,313.1,13.9,0.0,,,16.8,569431.0,
NSE:BBTC,The Bombay Burmah Trading Corporation Limited,INE050A01025,EQ,Fast Moving Consumer Goods,Packaged Foods,Micro,9341.0,1338.8,7.2,1.33,2135.0,1307.0,37.3,34.0,2.55,,16.6,318669.0,
NSE:FINPIPE,Finolex Industries Limited,INE183A01024,EQ,Capital Goods,Building Products & Equipment,Micro,9318.0,150.7,15.1,1.5,206.69,147.54,27.1,2.0,1.33,,7.2,455389.0,
NSE:MAHSEAMLES,Maharashtra Seamless Limited,INE271B01025,EQ,Materials,Steel,Micro,9317.0,695.3,12.6,1.36,768.0,500.7,9.5,10.0,1.43,,0.2,274314.0,
NSE:KRN,KRN Heat Exchanger and Refrigeration Limited,INE0Q3J01015,EQ,Information Technology,Electronic Components,Micro,9278.0,1417.4,91.1,15.38,1687.0,589.8,16.0,0.0,,,32.6,181594.0,
NSE:WEWORK,WeWork India Management Limited,INE085001019,EQ,Realty,Real Estate Services,Micro,9207.0,663.0,109.2,29.89,794.5,420.0,16.6,0.0,,,1855.0,333379.0,
NSE:PRECWIRE,Precision Wires India Limited,INE372C01037,EQ,Capital Goods,Electrical Equipment & Parts,Micro,9195.0,503.0,52.5,11.91,524.9,193.05,4.2,1.75,0.35,,39.4,767651.0,
NSE:MAXESTATES,Max Estates Limited,INE03EI01018,EQ,Realty,Real Estate - Development,Micro,9111.0,557.0,752.7,3.76,652.8,305.45,14.7,0.0,,,76.2,231243.0,
NSE:WESTLIFE,WESTLIFE FOODWORLD LIMITED,INE274F01020,EQ,Consumer Discretionary,Restaurants,Micro,9080.0,585.0,284.0,14.96,690.75,398.4,15.3,0.8,0.14,,291.5,296152.0,
NSE:SMLMAH,SML Mahindra Limited,INE294B01019,EQ,Consumer Discretionary,Auto Manufacturers,Micro,9044.0,6249.5,57.8,17.41,6898.5,2719.0,9.4,23.5,0.38,,55.7,163616.0,
NSE:ABLBL,Aditya Birla Lifestyle Brands Limited,INE14LE01019,EQ,Consumer Discretionary,Apparel Retail,Micro,9037.0,74.4,51.3,6.43,150.79,73.41,50.7,0.5,0.67,,213.7,1328643.0,
NSE:TSFINV,TSF INVESTMENTS LIMITED,INE202Z01029,EQ,Financial Services,Asset Management,Micro,9026.0,409.0,18.7,1.51,701.5,331.7,41.7,12.7,3.1,,3.8,89319.0,
NSE:KWIL,Kwality Wall's (India) Limited,INE2KCE01013,EQ,Fast Moving Consumer Goods,Packaged Foods,Micro,9025.0,38.41,,13.43,50.68,22.24,24.2,0.0,,,81.5,20746410.0,
NSE:PRICOLLTD,Pricol Limited,INE726V01018,EQ,Consumer Discretionary,Auto Parts,Micro,9018.0,739.9,33.7,7.19,823.0,499.9,10.1,4.0,0.54,,30.2,491010.0,
NSE:UNIMECH,Unimech Aerospace and Manufacturing Limited,INE0U3I01011,EQ,Capital Goods,Aerospace & Defense,Micro,9004.0,1768.9,124.7,12.21,1868.2,695.0,5.3,0.0,,,17.2,251507.0,
NSE:OLECTRA,Olectra Greentech Limited,INE260D01016,EQ,Automobile and Auto Components,Farm & Heavy Construction Machinery,Micro,8991.0,1095.4,50.7,7.33,1578.0,866.6,30.6,0.6,0.05,,30.8,387270.0,Y
NSE:KIRLPNU,Kirloskar Pneumatic Company Limited,INE811A01038,EQ,Capital Goods,Specialty Industrial Machinery,Micro,8940.0,687.9,34.0,7.16,1098.55,495.05,37.4,6.0,0.88,,0.3,255818.0,
NSE:JAYNECOIND,Jayaswal Neco Industries Limited,INE854B01010,EQ,Materials,Steel,Micro,8933.0,92.0,15.8,3.14,117.0,64.4,21.4,0.0,,,74.7,5154307.0,
NSE:BLS,BLS International Services Limited,INE153T01027,EQ,Consumer Services,Specialty Business Services,Micro,8924.0,216.85,12.7,3.62,359.0,212.0,39.6,2.5,1.15,,15.5,1950760.0,Y
NSE:TIMETECHNO,Time Technoplast Limited,INE508G01029,EQ,Consumer Discretionary,Packaging & Containers,Micro,8908.0,180.46,16.0,2.18,227.5,154.0,20.7,1.5,0.83,,17.6,3455723.0,
NSE:AFCONS,Afcons Infrastructure Limited,INE101I01011,EQ,Construction,Engineering & Construction,Micro,8900.0,242.0,62.1,1.63,479.4,225.35,49.5,2.0,0.83,,66.5,1897265.0,Y
NSE:ALKYLAMINE,Alkyl Amines Chemicals Limited,INE150B01039,EQ,Materials,Specialty Chemicals,Micro,8893.0,1738.6,39.6,5.8,2115.0,1212.0,17.8,10.0,0.57,,0.1,119954.0,
NSE:AARTIPHARM,Aarti Pharmalabs Limited,INE0LRU01027,EQ,Healthcare,Drug Manufacturers - Specialty & Generic,Micro,8887.0,980.0,43.4,4.18,1002.4,585.0,2.2,4.0,0.41,,37.4,766159.0,
NSE:KINGFA,Kingfa Science & Technology (India) Limited,INE473D01015,EQ,Materials,Specialty Chemicals,Micro,8876.0,6550.0,38.4,6.34,6628.0,3649.9,1.2,20.0,0.3,,1.1,15816.0,
NSE:PGHL,Procter & Gamble Health Limited,INE199A01012,EQ,Healthcare,Drug Manufacturers - Specialty & Generic,Micro,8867.0,5342.0,24.9,16.9,6975.0,4707.0,23.4,155.0,2.89,,1.8,16689.0,
NSE:ICIL,Indo Count Industries Limited,INE483B01026,EQ,Consumer Discretionary,Textile Manufacturing,Micro,8809.0,444.8,58.3,3.74,485.95,216.9,8.5,1.5,0.34,,57.0,990186.0,
NSE:SHIPROCKET,Shiprocket Limited,INE0FOO01011,EQ,Information Technology,Software - Application,Micro,8753.0,120.3,,,156.9,116.64,23.3,0.0,,,22.6,21430954.0,
NSE:SANOFICONR,Sanofi Consumer Healthcare India Limited,INE0UOS01011,EQ,Healthcare,Drug Manufacturers - General,Micro,8707.0,3775.2,32.7,24.99,5255.0,3691.0,28.2,75.0,1.98,87.9,6.0,8142.0,
NSE:SUVEN,Suven Life Sciences Limited,INE495B01038,EQ,Healthcare,Drug Manufacturers - Specialty & Generic,Micro,8678.0,307.1,,13.69,403.35,124.11,23.9,0.0,,,2.8,1017975.0,
NSE:GNFC,Gujarat Narmada Valley Fertilizers and Chemicals Limited,INE113A01013,EQ,Materials,Chemicals,Micro,8614.0,586.2,8.3,0.95,636.0,365.0,7.8,21.0,3.56,,0.1,751462.0,
NSE:SANDUMA,Sandur Manganese & Iron Ores Limited,INE149K01016,EQ,Materials,Steel,Micro,8611.0,177.15,12.0,2.65,273.0,170.51,35.1,0.5,0.28,,30.6,650552.0,
NSE:CLEAN,Clean Science and Technology Limited,INE227W01023,EQ,Chemicals,Specialty Chemicals,Micro,8589.0,808.1,36.9,5.43,1097.9,652.0,26.4,6.0,0.75,,0.1,387868.0,Y
NSE:ESABINDIA,Esab India Limited,INE284A01012,EQ,Capital Goods,Tools & Accessories,Micro,8572.0,5569.0,38.6,19.96,7319.5,4710.0,23.9,100.0,1.82,,0.8,5420.0,
NSE:KRBL,KRBL Limited,INE001B01026,EQ,Fast Moving Consumer Goods,Packaged Foods,Micro,8570.0,374.4,11.3,1.48,452.8,274.65,17.3,4.5,1.2,,2.9,602244.0,
NSE:JLHL,Jupiter Life Line Hospitals Limited,INE682M01020,EQ,Healthcare,Medical Care Facilities,Micro,8553.0,260.9,45.6,5.54,340.0,235.6,23.3,0.2,0.08,,37.8,192508.0,
NSE:SWANCORP,SWAN CORP LIMITED,INE665A01038,EQ,Chemicals,Conglomerates,Micro,8548.0,272.7,38.7,1.13,493.6,267.95,44.8,0.15,0.05,,24.6,1853526.0,Y
NSE:TARIL,Transformers And Rectifiers (India) Limited,INE763I01026,EQ,Capital Goods,Electrical Equipment & Parts,Micro,8525.0,284.0,32.0,5.51,501.2,224.05,43.3,0.25,0.09,,29.6,2504174.0,Y
NSE:PNGJL,P N Gadgil Jewellers Limited,INE953R01016,EQ,Consumer Discretionary,Luxury Goods,Micro,8516.0,578.5,17.6,4.0,736.4,503.0,21.4,0.0,,,88.5,606577.0,
NSE:INTELLECT,Intellect Design Arena Limited,INE306R01017,EQ,Information Technology,Software - Application,Micro,8504.0,609.5,24.5,2.67,1244.6,593.2,51.0,4.0,0.65,,5.0,416476.0,Y
NSE:LEMONTREE,Lemon Tree Hotels Limited,INE970X01018,EQ,Consumer Services,Lodging,Micro,8493.0,107.25,36.1,6.1,174.2,99.61,38.4,0.0,,,96.4,3240591.0,Y
NSE:WAAREERTL,Waaree Renewable Technologies Limited,INE299N01021,EQ,Capital Goods,Engineering & Construction,Micro,8454.0,809.95,16.6,9.02,1358.0,779.5,40.4,0.0,,,15.6,149848.0,
NSE:THYROCARE,Thyrocare Technologies Limited,INE594H01019,EQ,Healthcare,Diagnostics & Research,Micro,8451.0,531.0,48.1,14.43,662.0,342.55,19.8,16.33,3.06,,8.6,734335.0,
NSE:BANCOINDIA,Banco Products (I) Limited,INE213C01025,EQ,Consumer Discretionary,Auto Parts,Micro,8446.0,590.5,17.1,5.01,879.8,502.0,32.9,16.0,2.71,,36.4,124763.0,
NSE:FIRSTCRY,Brainbees Solutions Limited,INE02RE01045,EQ,Consumer Services,Internet Retail,Micro,8433.0,173.8,,1.73,389.65,163.37,55.4,0.0,,,29.8,3713129.0,Y
NSE:MMTC,MMTC Limited,INE123F01029,EQ,Services,Conglomerates,Micro,8430.0,56.2,18.9,3.98,78.35,50.1,28.3,0.0,,,0.1,2141121.0,Y
NSE:GALAXYSURF,Galaxy Surfactants Limited,INE600K01018,EQ,Materials,Specialty Chemicals,Micro,8374.0,2362.0,23.7,3.05,2648.0,1510.0,10.8,22.0,0.93,,8.6,50421.0,
NSE:TEJASNET,Tejas Networks Limited,INE010J01012,EQ,Telecommunication,Communication Equipment,Micro,8308.0,467.0,,2.83,644.75,294.0,27.6,2.5,0.42,,142.5,2936245.0,Y
NSE:RPEL,Raghav Productivity Enhancers Limited,INE912T01018,EQ,Materials,Chemicals,Micro,8280.0,1803.0,132.2,33.85,1943.7,561.3,7.2,1.0,0.05,,2.2,103213.0,
NSE:SETL,Standard Engineering Technology Limited,INE0M4D01010,EQ,Capital Goods,Specialty Industrial Machinery,Micro,8268.0,414.45,96.6,10.51,468.15,104.56,11.5,0.0,,,10.4,1003893.0,
NSE:RAILTEL,Railtel Corporation Of India Limited,INE0DD101019,EQ,Telecommunication,Telecom Services,Micro,8264.0,257.5,23.9,3.65,400.8,245.0,35.8,3.25,1.26,16.3,2.8,825867.0,Y
NSE:TIPSMUSIC,Tips Music Limited,INE716B01029,EQ,Media Entertainment & Telecom,Entertainment,Micro,8225.0,646.8,38.5,31.81,741.0,481.15,12.7,16.0,2.48,,2.0,557393.0,
NSE:VESUVIUS,Vesuvius India Limited,INE386A01023,EQ,Capital Goods,Specialty Industrial Machinery,Micro,8225.0,405.25,32.1,4.71,607.9,383.0,33.3,1.5,0.37,,0.8,245150.0,
NSE:NCC,NCC Limited,INE868B01028,EQ,Construction,Engineering & Construction,Micro,8137.0,129.6,11.6,1.03,217.25,126.65,40.3,2.2,1.69,,57.4,2652222.0,Y
NSE:MIDHANI,Mishra Dhatu Nigam Limited,INE099Z01011,EQ,Materials,Steel,Micro,8065.0,430.5,59.8,5.26,482.4,266.65,10.8,2.5,0.58,,26.6,1738798.0,
NSE:RPOWER,Reliance Power Limited,INE614G01033,EQ,Power,Utilities - Independent Power Producers,Micro,8032.0,19.42,,0.5,50.73,19.09,61.7,0.0,,,92.3,20091879.0,Y
NSE:EBGNG,GNG Electronics Limited,INE18JU01028,EQ,Information Technology,Computer Hardware,Micro,8026.0,704.0,56.5,10.58,730.0,239.0,3.6,0.0,,,58.5,718285.0,
NSE:GPPL,Gujarat Pipavav Port Limited,INE517F01014,EQ,Capital Goods,Marine Shipping,Micro,8023.0,165.9,14.4,3.41,200.09,141.55,17.1,10.0,6.03,,1.5,1701623.0,
NSE:RHIM,RHI MAGNESITA INDIA LIMITED,INE743M01012,EQ,Capital Goods,Metal Fabrication,Micro,7983.0,386.6,,2.24,508.3,323.05,23.9,2.5,0.65,,12.6,893420.0,Y
NSE:RAYMOND,Raymond Limited,INE301A01014,EQ,Capital Goods,Specialty Industrial Machinery,Micro,7953.0,1195.0,181.6,2.8,1241.0,320.0,3.7,0.0,,,34.1,2542959.0,
NSE:GMRP&UI,GMR Power and Urban Infra Limited,INE0CU601026,EQ,Oil Gas & Consumable Fuels,Thermal Coal,Micro,7927.0,101.49,13.0,4.16,136.3,86.8,25.5,0.0,,,549.8,1312927.0,
NSE:HEGAM,HEG Advanced Materials Limited,INE545A01024,EQ,Capital Goods,Electrical Equipment & Parts,Micro,7906.0,239.71,12.8,,753.9,214.1,68.2,3.4,1.42,,16.7,2195229.0,Y
NSE:BATAINDIA,Bata India Limited,INE176A01028,EQ,Consumer Durables,Footwear & Accessories,Micro,7874.0,612.6,54.0,4.93,1238.0,605.0,50.5,34.0,5.55,,86.9,369667.0,Y
NSE:EMIL,Electronics Mart India Limited,INE02YR01019,EQ,Consumer Discretionary,Specialty Retail,Micro,7849.0,204.0,38.0,4.84,208.98,84.9,2.4,0.0,,,122.8,6526416.0,
NSE:SUNFLAG,Sunflag Iron And Steel Company Limited,INE947A01014,EQ,Materials,Steel,Micro,7830.0,434.45,38.1,0.88,471.0,192.15,7.8,1.0,0.23,,5.9,366662.0,
NSE:POWERMECH,Power Mech Projects Limited,INE211R01019,EQ,Capital Goods,Engineering & Construction,Micro,7822.0,2474.0,20.0,3.11,3007.5,1717.7,17.7,1.5,0.06,,25.6,64353.0,
NSE:MEDPLUS,Medplus Health Services Limited,INE804L01022,EQ,Healthcare,Pharmaceutical Retailers,Micro,7808.0,650.2,37.1,3.95,1022.2,642.6,36.4,0.0,,,72.1,198366.0,
NSE:EQUITASBNK,Equitas Small Finance Bank Limited,INE063P01018,EQ,Financial Services,Banks - Regional,Micro,7803.0,68.2,15.3,1.27,83.9,51.25,18.7,0.0,,,94.2,2763439.0,
NSE:EMBDL,Embassy Developments Limited,INE069I01010,EQ,Realty,Real Estate - Diversified,Micro,7784.0,56.0,,0.79,97.42,39.46,42.5,0.0,,,53.4,2704226.0,
NSE:KIRLFER,Kirloskar Ferrous Industries Limited,INE884B01025,EQ,Capital Goods,Metal Fabrication,Micro,7757.0,469.7,22.1,2.01,513.0,408.0,8.4,6.0,1.29,,26.8,119436.0,
NSE:GENUSPOWER,Genus Power Infrastructures Limited,INE955D01029,EQ,Capital Goods,Electrical Equipment & Parts,Micro,7748.0,280.1,11.9,3.49,363.0,206.36,22.8,0.5,0.18,,103.8,2297821.0,
NSE:GRINFRA,G R Infraprojects Limited,INE201P01022,EQ,Capital Goods,Engineering & Construction,Micro,7731.0,799.0,7.6,0.82,1309.8,775.0,39.0,5.0,0.63,,51.9,31619.0,
NSE:RELIGARE,Religare Enterprises Limited,INE621H01010,EQ,Financial Services,Insurance - Life,Micro,7722.0,224.0,149.3,2.56,280.0,196.51,20.0,0.0,,,12.7,1042660.0,
NSE:HEROMOTORS,Hero Motors Limited,INE012G01022,EQ,Consumer Discretionary,Auto Parts,Micro,7622.0,167.8,174.8,,167.8,80.5,0.0,0.32,,9.1,111.1,116302877.0,
NSE:BSOFT,BIRLASOFT LIMITED,INE836A01035,EQ,Information Technology,Information Technology Services,Micro,7550.0,270.0,13.2,1.83,474.0,267.05,43.0,6.5,2.41,,3.4,1795063.0,Y
NSE:GARFIBRES,Garware Technical Fibres Limited,INE276A01018,EQ,Consumer Discretionary,Textile Manufacturing,Micro,7514.0,769.5,36.3,5.64,863.4,579.75,10.9,9.0,1.17,,3.2,58611.0,
NSE:OMNI,Omnitech Engineering Limited,INE0UH301010,EQ,Capital Goods,Specialty Industrial Machinery,Micro,7500.0,606.45,72.1,9.87,764.85,176.25,20.7,0.0,,,64.0,1241871.0,
NSE:MAHLIFE,Mahindra Lifespace Developers Limited,INE813A01018,EQ,Realty,Real Estate - Development,Micro,7487.0,350.5,22.3,2.06,427.05,286.8,17.9,3.5,1.0,12.0,18.3,212678.0,
NSE:PAISALO,Paisalo Digital Limited,INE420C01059,EQ,Financial Services,Credit Services,Micro,7474.0,79.51,28.7,4.0,94.88,30.0,16.2,0.1,0.13,,243.2,15598281.0,
NSE:KMEW,Knowledge Marine & Engineering Works Limited,INE0CJD01029,EQ,Capital Goods,Marine Shipping,Micro,7470.0,2945.0,59.1,12.63,3175.0,1084.6,7.2,0.0,,,38.8,116072.0,
NSE:SUPRIYA,Supriya Lifescience Limited,INE07RO01027,EQ,Healthcare,Biotechnology,Micro,7445.0,925.0,37.5,6.22,1085.0,545.5,14.7,1.0,0.11,,0.5,359640.0,
NSE:AVL,Aditya Vision Limited,INE679V01027,EQ,Consumer Discretionary,Specialty Retail,Micro,7413.0,574.0,53.3,10.72,705.0,436.55,18.6,1.25,0.22,,83.2,192336.0,
NSE:ORKLAINDIA,Orkla India Limited,INE16NZ01023,EQ,Fast Moving Consumer Goods,Packaged Foods,Micro,7396.0,539.9,25.1,2.67,760.0,530.05,29.0,0.0,,,2.3,94933.0,
NSE:EPL,EPL Limited,INE255A01020,EQ,Consumer Discretionary,Packaging & Containers,Micro,7385.0,230.2,19.1,2.57,274.03,176.4,16.0,5.0,2.15,,33.6,4187986.0,
NSE:POWERICA,Powerica Limited,INE921L01032,EQ,Capital Goods,Specialty Industrial Machinery,Micro,7378.0,583.0,26.2,3.26,676.95,365.1,13.9,0.0,,,28.5,215259.0,
NSE:TIMEX,Timex Group India Limited,INE064A01026,EQ,Consumer Discretionary,Luxury Goods,Micro,7369.0,730.0,87.0,97.75,748.0,323.0,2.4,0.0,,,31.9,492578.0,
NSE:BLISSGVS,Bliss GVS Pharma Limited,INE416D01022,BE,Healthcare,Drug Manufacturers - Specialty & Generic,Micro,7331.0,689.5,54.8,6.11,739.9,118.0,6.8,2.0,0.29,,1.8,394877.0,
NSE:V2RETAIL,V2 Retail Limited,INE945H01021,EQ,Consumer Discretionary,Apparel Retail,Micro,7324.0,200.85,40.1,8.12,259.25,172.03,22.5,0.0,,,110.2,930859.0,
NSE:MOREPENLAB,Morepen Laboratories Limited,INE083A01026,EQ,Healthcare,Drug Manufacturers - Specialty & Generic,Micro,7321.0,133.6,52.4,6.03,135.29,33.05,1.2,0.2,0.15,,16.7,21617506.0,
NSE:ENTERO,Entero Healthcare Solutions Limited,INE010601016,EQ,Healthcare,Medical Distribution,Micro,7290.0,1675.0,58.3,4.32,1920.0,944.0,12.8,0.0,,,38.6,255211.0,
NSE:CORDELIA,Waterways Leisure Tourism Limited,INE0LZF01039,EQ,Capital Goods,Marine Shipping,Micro,7282.0,100.59,,81.71,118.53,62.31,15.1,0.0,,,146.8,5039606.0,
NSE:MBAPL,Madhya Bharat Agro Products Limited,INE900L01028,EQ,Materials,Agricultural Inputs,Micro,7273.0,166.0,47.0,13.23,174.94,76.56,5.1,0.1,0.06,,156.7,1293560.0,
NSE:OPTIEMUS,Optiemus Infracom Limited,INE350C01017,EQ,Information Technology,Electronics & Computer Distribution,Micro,7267.0,805.9,100.2,9.2,850.65,288.0,5.3,0.0,,,45.4,673113.0,
NSE:NEOGEN,Neogen Chemicals Limited,INE136S01016,EQ,Materials,Specialty Chemicals,Micro,7240.0,2410.0,185.4,7.78,2499.7,966.7,3.6,1.0,0.04,,170.9,195893.0,
NSE:NESCO,Nesco Limited,INE317F01035,EQ,Capital Goods,Conglomerates,Micro,7222.0,1025.0,17.3,2.41,1422.8,996.0,28.0,7.0,0.68,,9.1,55383.0,
NSE:GAEL,Gujarat Ambuja Exports Limited,INE036B01030,EQ,Fast Moving Consumer Goods,Packaged Foods,Micro,7216.0,157.32,17.3,2.19,184.99,101.2,15.0,0.3,0.19,,13.4,1351336.0,
NSE:CELLO,Cello World Limited,INE0LMW01024,EQ,Consumer Discretionary,"Furnishings, Fixtures & Appliances",Micro,7216.0,326.7,22.7,2.67,673.8,314.0,51.5,1.5,0.46,,1.4,924892.0,
NSE:SKFINDIA,SKF India Limited,INE640A01023,EQ,Capital Goods,Tools & Accessories,Micro,7192.0,1454.8,34.4,5.41,5074.0,1404.0,71.3,40.0,2.76,,0.2,78704.0,
NSE:STARCEMENT,Star Cement Limited,INE460H01021,EQ,Materials,Building Materials,Micro,7162.0,177.2,19.4,2.25,273.0,175.2,35.1,2.0,1.12,,18.9,246754.0,
NSE:IXIGO,Le Travenues Technology Limited,INE0HV901016,EQ,Consumer Discretionary,Travel Services,Micro,7141.0,161.9,83.0,3.51,339.15,151.27,52.3,0.0,,,2.2,1153756.0,
NSE:CYIENTDLM,Cyient DLM Limited,INE055S01018,EQ,Capital Goods,Aerospace & Defense,Micro,7063.0,890.0,85.8,6.98,1009.0,265.2,11.8,0.0,,,17.0,925194.0,
NSE:INDIASHLTR,India Shelter Finance Corporation Limited,INE922K01024,EQ,Financial Services,Mortgage Finance,Micro,7053.0,645.9,13.6,2.2,924.0,620.15,30.1,10.0,1.55,,195.3,120369.0,
NSE:SONATSOFTW,Sonata Software Limited,INE269A01021,EQ,Information Technology,Information Technology Services,Micro,7047.0,254.6,15.2,3.7,400.5,207.15,36.4,7.9,3.11,,38.0,2020747.0,
NSE:RELAXO,Relaxo Footwears Limited,INE131B01039,EQ,Consumer Discretionary,Footwear & Accessories,Micro,7023.0,282.1,37.9,3.18,454.75,236.5,38.0,3.5,1.23,,10.5,1086660.0,
NSE:RAIN,Rain Industries Limited,INE855B01025,EQ,Materials,Specialty Chemicals,Micro,7018.0,208.65,13.1,0.88,252.0,99.9,17.2,1.0,0.48,8.5,130.5,5105548.0,
NSE:TTKPRESTIG,TTK Prestige Limited,INE690A01028,EQ,Consumer Discretionary,"Furnishings, Fixtures & Appliances",Micro,7010.0,511.8,36.2,3.54,771.2,423.0,33.6,7.5,1.48,,8.8,294856.0,
NSE:SANOFI,Sanofi India Limited,INE058A01010,EQ,Healthcare,Drug Manufacturers - General,Micro,7001.0,3040.0,21.6,8.48,4898.0,3001.1,37.9,240.0,7.9,40.3,1.8,22463.0,
NSE:KSHINTL,KSH International Limited,INE987S01020,EQ,Capital Goods,Electrical Equipment & Parts,Micro,6972.0,1029.0,53.8,8.62,1198.0,330.0,14.1,0.0,,,39.7,346610.0,
NSE:HNDFDS,Hindustan Foods Limited,INE254N01026,EQ,Capital Goods,Conglomerates,Micro,6966.0,574.25,43.6,5.97,677.75,442.0,15.3,0.0,,,93.4,96187.0,
NSE:SJS,S.J.S. Enterprises Limited,INE284S01014,EQ,Consumer Discretionary,Auto Parts,Micro,6963.0,2159.2,33.2,7.96,2590.0,1447.1,16.6,3.5,0.16,,2.6,153957.0,
NSE:BENGALASM,Bengal & Assam Company Limited,INE083K01017,EQ,Consumer Discretionary,Auto Parts,Micro,6956.0,6099.5,8.5,0.65,6700.0,5900.0,9.0,0.0,,,6.0,728.0,
NSE:JKPAPER,JK Paper Limited,INE789E01012,EQ,Materials,Paper & Paper Products,Micro,6954.0,383.55,21.9,1.26,442.0,304.85,13.2,4.0,1.05,,44.5,696365.0,
NSE:CENTUM,Centum Electronics Limited,INE320B01020,EQ,Information Technology,Electronic Components,Micro,6917.0,4686.0,73.3,20.13,4999.5,2044.2,6.3,5.0,0.11,,38.0,79140.0,
NSE:MANINDS,Man Industries (India) Limited,INE993A01026,EQ,Materials,Steel,Micro,6916.0,922.0,33.9,3.21,1039.7,302.05,11.3,0.0,,,30.1,1152803.0,
NSE:ZEEL,Zee Entertainment Enterprises Limited,INE256A01028,EQ,Media Entertainment & Publication,Broadcasting,Micro,6914.0,71.98,34.1,0.58,118.35,68.0,39.2,2.0,2.78,,2.3,26447955.0,Y
NSE:AEROFLEX,Aeroflex Industries Limited,INE024001021,EQ,Capital Goods,Metal Fabrication,Micro,6868.0,519.0,100.6,15.36,584.15,158.0,11.2,0.4,0.08,,2.0,1468485.0,
NSE:ETHOSLTD,Ethos Limited,INE04TZ01018,EQ,Consumer Discretionary,Luxury Goods,Micro,6820.0,2548.9,65.4,4.58,3245.9,1919.4,21.5,0.0,,,19.4,93382.0,
NSE:KPIGREEN,KPI Green Energy Limited,INE542W01025,EQ,Power,Utilities - Renewable,Micro,6798.0,343.9,14.9,2.24,542.25,271.9,36.6,1.0,0.29,,158.8,1724009.0,
NSE:EUREKAFORB,Eureka Forbes Limited,INE0KCE01017,EQ,Consumer Discretionary,"Furnishings, Fixtures & Appliances",Micro,6778.0,350.05,37.6,1.47,668.3,348.0,47.6,0.0,,,0.6,172119.0,
NSE:ISGEC,Isgec Heavy Engineering Limited,INE858B01029,EQ,Capital Goods,Specialty Industrial Machinery,Micro,6765.0,920.1,61.0,2.47,1113.9,683.95,17.4,6.0,0.65,,32.9,74273.0,
NSE:JYOTHYLAB,Jyothy Labs Limited,INE668F01031,EQ,Fast Moving Consumer Goods,Household & Personal Products,Micro,6753.0,183.89,23.8,4.25,325.0,180.01,43.4,3.5,1.91,,3.2,848978.0,
NSE:TCI,Transport Corporation of India Limited,INE688A01022,EQ,Capital Goods,Integrated Freight & Logistics,Micro,6752.0,878.75,14.8,2.63,1242.0,797.0,29.2,10.0,1.14,,12.0,132359.0,
NSE:SFL,Sheela Foam Limited,INE916U01025,EQ,Consumer Discretionary,"Furnishings, Fixtures & Appliances",Micro,6743.0,617.5,31.5,2.07,832.45,456.8,25.8,1.0,0.16,,27.8,273359.0,
NSE:SAPPHIRE,Sapphire Foods India Limited,INE806T01020,EQ,Consumer Discretionary,Restaurants,Micro,6726.0,209.04,,4.83,310.5,139.91,32.7,0.0,,,102.1,1842874.0,
NSE:SAFARI,Safari Industries (India) Limited,INE429E01023,EQ,Consumer Discretionary,Footwear & Accessories,Micro,6718.0,1371.1,40.8,6.03,2507.1,1363.1,45.3,4.0,0.29,,10.5,39262.0,
NSE:AJAXENGG,Ajax Engineering Limited,INE274Y01021,EQ,Capital Goods,Farm & Heavy Construction Machinery,Micro,6705.0,586.0,29.7,4.82,678.0,394.8,13.6,0.0,,,0.1,103411.0,
NSE:TTML,Tata Teleservices (Maharashtra) Limited,INE517B01013,EQ,Telecommunication,Telecom Services,Micro,6701.0,34.28,180.4,-0.34,60.08,31.22,42.9,0.0,,,,4076780.0,Y
NSE:BALAMINES,Balaji Amines Limited,INE050E01027,EQ,Materials,Specialty Chemicals,Micro,6665.0,2057.0,32.7,3.37,2629.8,968.1,21.8,11.0,0.54,,6.2,261323.0,
NSE:INOXGREEN,Inox Green Energy Services Limited,INE510W01014,EQ,Power,Utilities - Renewable,Micro,6651.0,158.51,50.3,3.63,279.0,132.58,43.2,0.0,,,5.1,1253828.0,
NSE:SKIPPER,Skipper Limited,INE439E01022,EQ,Capital Goods,Engineering & Construction,Micro,6644.0,543.9,27.3,4.09,616.8,327.05,11.8,0.1,0.02,,63.6,979285.0,
NSE:CEIGALL,Ceigall India Limited,INE0AG901020,EQ,Capital Goods,Engineering & Construction,Micro,6637.0,381.0,20.5,3.04,405.7,222.61,6.1,0.5,0.13,,61.1,456270.0,
NSE:IBULLSLTD,Indiabulls Limited,INE126M01010,EQ,Realty,Real Estate - Development,Micro,6629.0,29.58,15.5,2.23,32.5,8.9,9.0,0.0,,,14.8,12844825.0,
NSE:BORORENEW,BOROSIL RENEWABLES LIMITED,INE666D01022,EQ,Information Technology,Solar,Micro,6623.0,450.0,16.0,4.17,721.0,374.4,37.6,0.0,,,10.7,601503.0,
NSE:KISSHT,OnEMI Technology Solutions Limited,INE12F801023,EQ,Financial Services,Credit Services,Micro,6621.0,371.75,19.8,3.29,386.25,190.0,3.8,0.0,,,180.9,1814898.0,
NSE:SPECTRUM,Spectrum Electrical Industries Limited,INE01EO01010,BE,Capital Goods,Electrical Equipment & Parts,Micro,6608.0,3867.0,116.7,24.81,3980.0,1050.0,2.8,0.0,,,101.8,39487.0,
NSE:INNOVACAP,Innova Captab Limited,INE0DUT01020,EQ,Healthcare,Drug Manufacturers - Specialty & Generic,Micro,6598.0,1153.0,42.9,6.05,1353.5,622.0,14.8,4.0,0.34,,31.5,97075.0,
NSE:TIIL,Technocraft Industries (India) Limited,INE545H01011,EQ,Capital Goods,Tools & Accessories,Micro,6584.0,2904.0,19.4,3.26,3565.3,1868.5,18.5,40.0,1.38,,40.2,42938.0,
NSE:CERA,Cera Sanitaryware Limited,INE739E01017,EQ,Capital Goods,Building Products & Equipment,Micro,6558.0,5086.0,32.3,4.46,6740.0,4461.1,24.5,75.0,1.47,,3.2,9876.0,
NSE:RBA,Restaurant Brands Asia Limited,INE07T201019,EQ,Consumer Discretionary,Restaurants,Micro,6552.0,92.0,,7.44,111.15,57.15,17.2,0.0,,,285.7,9574678.0,
NSE:SUPRAJIT,Suprajit Engineering Limited,INE399C01030,EQ,Consumer Discretionary,Auto Parts,Micro,6552.0,477.6,35.1,4.56,559.25,389.95,14.6,3.5,0.73,,69.1,130977.0,
NSE:KOVAI,Kovai Medical Center & Hospital Limited,INE177F01017,EQ,Healthcare,Medical Care Facilities,Micro,6545.0,5981.0,25.5,4.96,6444.0,2576.65,7.2,15.0,0.25,,30.5,4764.0,
NSE:NEPHROPLUS,Nephrocare Health Services Limited,INE428V01029,EQ,Healthcare,Medical Care Facilities,Micro,6513.0,647.7,76.2,5.82,781.5,446.0,17.1,0.0,,,7.1,354618.0,
NSE:GMMPFAUDLR,GMM Pfaudler Limited,INE541A01023,EQ,Capital Goods,Specialty Industrial Machinery,Micro,6510.0,1448.0,92.1,5.4,1533.6,735.0,5.6,2.0,0.14,,84.5,384308.0,
NSE:FCL,Fineotex Chemical Limited,INE045J01034,EQ,Materials,Specialty Chemicals,Micro,6500.0,55.82,206.7,5.26,62.4,19.1,10.5,0.13,0.23,,0.9,17986314.0,
NSE:BAJAJCON,Bajaj Consumer Care Limited,INE933K01021,EQ,Fast Moving Consumer Goods,Household & Personal Products,Micro,6492.0,497.0,29.5,8.81,692.0,235.15,28.2,0.0,,,2.1,913143.0,
NSE:BECTORFOOD,Mrs. Bectors Food Specialities Limited,INE495P01020,EQ,Fast Moving Consumer Goods,Packaged Foods,Micro,6478.0,211.22,43.6,5.12,279.9,165.0,24.5,1.3,0.61,,15.0,5818600.0,
NSE:DBL,Dilip Buildcon Limited,INE917M01012,EQ,Capital Goods,Engineering & Construction,Micro,6465.0,398.0,5.2,0.76,538.2,381.55,26.0,1.0,0.25,,115.5,653884.0,
NSE:NEWGEN,Newgen Software Technologies Limited,INE619B01017,EQ,Information Technology,Software - Infrastructure,Micro,6457.0,456.8,20.6,3.63,1041.95,401.05,56.2,6.0,1.31,,2.2,2744311.0,
NSE:DCBBANK,DCB Bank Limited,INE503A01015,EQ,Financial Services,Banks - Regional,Micro,6444.0,200.0,8.2,0.99,234.8,127.41,14.8,1.45,0.73,,,1958121.0,
NSE:SHARDACROP,Sharda Cropchem Limited,INE221J01015,EQ,Materials,Agricultural Inputs,Micro,6433.0,713.0,10.3,2.05,1297.0,697.6,45.0,15.0,2.12,,0.1,161349.0,
NSE:TANLA,Tanla Platforms Limited,INE483C01032,EQ,Information Technology,Software - Application,Micro,6431.0,487.0,12.1,2.6,748.45,365.9,34.9,12.0,2.46,,2.1,1118238.0,
NSE:TFCILTD,Tourism Finance Corporation of India Limited,INE305A01023,EQ,Financial Services,Credit Services,Micro,6427.0,138.81,41.7,4.9,148.5,51.0,6.5,0.6,0.43,,81.9,14352184.0,
NSE:IMFA,Indian Metals & Ferro Alloys Limited,INE919H01018,EQ,Materials,Other Industrial Metals & Mining,Micro,6415.0,1189.0,12.2,2.36,1679.9,1064.1,29.2,12.5,1.06,,35.1,134093.0,
NSE:BIRLACORPN,Birla Corporation Limited,INE340A01012,EQ,Materials,Building Materials,Micro,6391.0,829.9,11.5,0.87,1346.1,769.6,38.3,12.5,1.51,,46.0,81889.0,
NSE:REDTAPE,Redtape Limited,INE0LXT01019,EQ,Consumer Discretionary,Footwear & Accessories,Micro,6348.0,114.84,25.8,6.22,158.99,107.53,27.8,2.0,1.73,,70.5,1012969.0,
NSE:RPTECH,Rashi Peripherals Limited,INE0J1F01024,EQ,Information Technology,Electronics & Computer Distribution,Micro,6327.0,952.8,20.2,3.1,1004.7,313.05,5.2,2.0,0.21,,48.6,549461.0,
NSE:TRANSRAILL,Transrail Lighting Limited,INE454P01035,EQ,Capital Goods,Engineering & Construction,Micro,6313.0,470.2,15.6,2.77,766.8,400.65,38.7,2.0,0.42,,29.7,1021215.0,
NSE:SPARC,Sun Pharma Advanced Research Company Limited,INE232I01014,EQ,Healthcare,Drug Manufacturers - Specialty & Generic,Micro,6308.0,194.38,4.0,4.71,289.0,108.0,32.7,0.0,,,41.8,1485979.0,
NSE:CAMPUS,Campus Activewear Limited,INE278Y01022,EQ,Consumer Discretionary,Footwear & Accessories,Micro,6297.0,206.0,40.9,6.95,287.8,199.54,28.4,1.5,0.73,,26.1,1407275.0,
NSE:GOKULAGRO,Gokul Agro Resources Limited,INE314T01033,EQ,Fast Moving Consumer Goods,Packaged Foods,Micro,6226.0,211.0,14.8,4.39,259.8,151.0,18.8,0.0,,,41.4,555075.0,
NSE:IOLCP,IOL Chemicals and Pharmaceuticals Limited,INE485C01029,EQ,Healthcare,Drug Manufacturers - Specialty & Generic,Micro,6179.0,210.5,36.8,3.44,219.04,67.19,3.9,1.0,0.48,,7.5,5133278.0,
NSE:SBCL,Shivalik Bimetal Controls Limited,INE386D01027,EQ,Capital Goods,Metal Fabrication,Micro,6176.0,1072.1,58.1,12.78,1215.7,368.6,11.8,4.0,0.38,,14.8,626843.0,
NSE:SENORES,Senores Pharmaceuticals Limited,INE0RB801010,EQ,Healthcare,Drug Manufacturers - General,Micro,6150.0,1335.3,47.1,5.68,1599.0,700.75,16.5,0.0,,,35.5,268642.0,
NSE:SSWL,Steel Strips Wheels Limited,INE802C01033,EQ,Consumer Discretionary,Auto Parts,Micro,6141.0,390.5,29.0,3.4,419.8,169.0,7.0,1.5,0.38,,45.9,1870685.0,
NSE:MARINE,Marine Electricals (India) Limited,INE01JE01028,EQ,Capital Goods,Electrical Equipment & Parts,Micro,6074.0,434.0,93.7,12.24,450.0,150.86,3.6,0.3,0.07,,17.7,1402363.0,
NSE:DODLA,Dodla Dairy Limited,INE021O01019,EQ,Fast Moving Consumer Goods,Food Distribution,Micro,6039.0,1001.0,24.7,3.61,1400.0,964.1,28.5,5.0,0.5,,3.4,27321.0,
NSE:LEAPIND,LEAP India Limited,INE00GO01025,EQ,Capital Goods,Integrated Freight & Logistics,Micro,6035.0,137.0,88.4,8.14,172.29,128.55,20.5,0.0,,,114.4,9078942.0,
NSE:WHEELS,Wheels India Limited,INE715A01015,EQ,Consumer Discretionary,Auto Parts,Micro,6004.0,2235.0,33.5,5.24,2498.0,705.85,10.5,14.44,0.64,,72.8,354825.0,
NSE:JSLL,Jeena Sikho Lifecare Limited,INE0J5801029,EQ,Healthcare,Medical Care Facilities,Micro,5981.0,481.2,25.3,12.81,839.0,474.0,42.6,4.5,0.94,,27.3,533224.0,
NSE:BALUFORGE,Balu Forge Industries Limited,INE011E01029,EQ,Capital Goods,Metal Fabrication,Micro,5936.0,489.0,20.1,3.17,678.0,341.05,27.9,0.15,0.03,,9.5,1389555.0,
NSE:STYL,Seshaasai Technologies Limited,INE04VU01023,EQ,Information Technology,Software - Infrastructure,Micro,5906.0,365.0,21.6,4.14,434.7,209.11,16.0,2.5,0.68,,5.9,201629.0,
NSE:VMART,V-Mart Retail Limited,INE665J01013,EQ,Consumer Discretionary,Department Stores,Micro,5897.0,741.1,43.0,6.19,888.0,457.9,16.5,1.0,0.13,,100.7,120845.0,
NSE:JKLAKSHMI,JK Lakshmi Cement Limited,INE786A01032,EQ,Materials,Building Materials,Micro,5884.0,473.95,15.9,1.51,884.95,471.6,46.4,6.5,1.36,,66.6,192514.0,
NSE:RCF,Rashtriya Chemicals and Fertilizers Limited,INE027A01015,EQ,Materials,Agricultural Inputs,Micro,5876.0,106.51,13.2,1.15,157.2,106.0,32.2,3.66,3.43,,80.6,1411424.0,
NSE:LCL,Lohia Corp Limited,INE0QJW01029,EQ,Capital Goods,Specialty Industrial Machinery,Micro,5874.0,556.0,24.1,11.26,609.4,461.0,8.8,0.0,,,34.0,1399353.0,
NSE:GSFC,Gujarat State Fertilizers & Chemicals Limited,INE026A01025,EQ,Materials,Agricultural Inputs,Micro,5874.0,147.4,8.5,0.48,199.87,138.83,26.3,5.0,3.4,,0.2,795828.0,
NSE:ACI,Archean Chemical Industries Limited,INE128X01021,EQ,Materials,Chemicals,Micro,5849.0,473.75,59.6,3.02,685.35,446.0,30.9,2.5,0.53,,24.1,367336.0,
NSE:GANESHHOU,GANESH HOUSING LIMITED,INE460C01014,EQ,Realty,Real Estate - Development,Micro,5820.0,698.0,21.9,2.5,899.7,500.0,22.4,1.5,0.21,,13.1,82266.0,
NSE:ELEVATE,Elevate Campuses Limited,INE147X01013,EQ,Consumer Discretionary,Lodging,Micro,5814.0,345.0,28.1,1.09,372.75,290.1,7.4,0.0,,20.9,,26969181.0,
NSE:SMARTWORKS,Smartworks Coworking Spaces Limited,INE0NAZ01010,EQ,Realty,Real Estate Services,Micro,5811.0,508.0,207.3,10.98,619.0,361.5,17.9,0.0,,,900.4,126955.0,
NSE:PICCADIL,Piccadily Agro Industries Limited,INE546C01010,EQ,Fast Moving Consumer Goods,Beverages - Wineries & Distilleries,Micro,5796.0,588.0,40.8,6.31,809.7,515.0,27.4,1.0,0.17,,58.9,299452.0,
NSE:ROSSTECH,Rossell Techsys Limited,INE0OJW01016,EQ,Capital Goods,Aerospace & Defense,Micro,5786.0,1529.0,223.2,37.13,1536.8,551.9,0.5,0.3,0.02,,264.4,330423.0,
NSE:RAMRAT,Ram Ratna Wires Limited,INE207E01023,EQ,Capital Goods,Electrical Equipment & Parts,Micro,5760.0,617.0,45.5,9.94,620.0,268.0,0.5,2.5,0.41,,115.4,348965.0,
NSE:SIS,SIS LIMITED,INE285J01028,EQ,Capital Goods,Security & Protection Services,Micro,5756.0,413.6,39.8,2.3,480.95,257.05,14.0,14.0,3.39,,70.3,242845.0,
NSE:ITDC,India Tourism Development Corporation Limited,INE353K01014,EQ,Consumer Discretionary,Lodging,Micro,5728.0,667.8,69.7,13.55,822.0,368.0,18.8,2.95,0.44,,0.2,2043872.0,
NSE:KRISHANA,Krishana Phoschem Limited,INE506W01020,EQ,Materials,Agricultural Inputs,Micro,5657.0,183.0,30.9,10.09,206.39,90.86,11.3,0.1,0.05,,130.8,1174854.0,
NSE:TVSSCS,TVS Supply Chain Solutions Limited,INE395N01027,EQ,Capital Goods,Integrated Freight & Logistics,Micro,5648.0,128.01,87.7,2.78,146.5,90.32,12.6,0.0,,,133.6,1433092.0,
NSE:FEDFINA,Fedbank Financial Services Limited,INE007N01010,EQ,Financial Services,Credit Services,Micro,5645.0,150.48,14.8,1.92,178.48,119.07,15.7,0.0,,,467.3,1347228.0,
NSE:KALPATARU,Kalpataru Limited,INE227J01012,EQ,Realty,Real Estate - Development,Micro,5642.0,274.0,46.6,1.37,410.7,250.0,33.3,0.0,,,224.8,133802.0,
NSE:VIKRAMSOLR,Vikram Solar Limited,INE078V01014,EQ,Information Technology,Solar,Micro,5616.0,155.0,14.8,1.77,354.4,151.6,56.3,0.0,,,20.4,3621825.0,
NSE:SHAKTIPUMP,Shakti Pumps (India) Limited,INE908D01010,EQ,Capital Goods,Specialty Industrial Machinery,Micro,5586.0,452.7,26.4,3.28,829.95,447.4,45.5,1.0,0.22,,29.6,948255.0,
NSE:PRAJIND,Praj Industries Limited,INE074A01025,EQ,Capital Goods,Engineering & Construction,Micro,5577.0,303.4,185.0,4.26,427.65,273.0,29.1,3.6,1.19,,13.2,769889.0,
NSE:JAIBALAJI,Jai Balaji Industries Limited,INE091G01026,EQ,Materials,Steel,Micro,5565.0,61.0,38.6,2.51,100.68,53.65,39.4,0.0,,,18.5,650099.0,
NSE:JUSTDIAL,Just Dial Limited,INE599M01018,EQ,Media Entertainment & Telecom,Internet Content & Information,Micro,5541.0,651.55,11.0,1.09,878.6,480.5,25.8,0.0,,,1.7,1808996.0,
NSE:STYLAMIND,Stylam Industries Limited,INE239C01020,EQ,Consumer Discretionary,"Furnishings, Fixtures & Appliances",Micro,5512.0,3250.0,32.5,6.89,4150.0,1700.0,21.7,0.0,,,3.6,84617.0,
NSE:LGBBROSLTD,LG Balakrishnan & Bros Limited,INE337A01034,EQ,Consumer Discretionary,Auto Parts,Micro,5492.0,1721.7,17.2,2.55,2048.0,1314.9,15.9,22.0,1.29,,10.7,25476.0,
NSE:NIRLON,Nirlon Limited,INE910A01012,EQ,Realty,Real Estate Services,Micro,5452.0,605.0,15.3,11.64,657.0,543.0,7.9,30.0,4.94,,244.7,8532.0,
NSE:FDC,FDC Limited,INE258B01022,EQ,Healthcare,Drug Manufacturers - Specialty & Generic,Micro,5449.0,334.7,18.6,2.19,476.4,312.95,29.7,10.0,2.98,,0.6,190128.0,
NSE:ABFRL,Aditya Birla Fashion and Retail Limited,INE647O01011,EQ,Consumer Discretionary,Apparel Manufacturing,Micro,5421.0,44.55,,0.93,88.99,44.04,49.9,0.0,,,98.8,5488366.0,
NSE:GULFOILLUB,Gulf Oil Lubricants India Limited,INE635Q01029,EQ,Materials,Specialty Chemicals,Micro,5416.0,1093.0,14.6,3.51,1289.4,865.0,15.2,60.0,5.49,,35.8,78072.0,
NSE:GREENLAM,Greenlam Industries Limited,INE544R01021,EQ,Materials,Lumber & Wood Production,Micro,5413.0,212.15,58.1,4.59,278.55,197.59,23.8,0.4,0.19,,98.4,129090.0,
NSE:SHARDAMOTR,Sharda Motor Industries Limited,INE597I01028,EQ,Consumer Discretionary,Auto Parts,Micro,5358.0,933.35,16.1,4.08,1189.9,700.0,21.6,20.0,2.15,,3.7,70555.0,
NSE:CCAVENUE,AvenuesAI Limited,INE483S01020,EQ,Information Technology,Software - Infrastructure,Micro,5340.0,15.34,16.0,0.92,20.5,12.92,25.2,0.0,,,8.6,14924672.0,
NSE:NRBBEARING,NRB Bearing Limited,INE349A01021,EQ,Consumer Discretionary,Auto Parts,Micro,5323.0,549.25,36.0,5.53,559.9,212.55,1.9,12.25,2.26,,15.7,640163.0,
NSE:BOSCH-HCIL,BOSCH HOME COMFORT INDIA LIMITED,INE782A01015,EQ,Consumer Discretionary,"Furnishings, Fixtures & Appliances",Micro,5302.0,1950.0,1242.0,10.62,1985.0,1021.3,1.8,51.0,3.81,,16.3,52586.0,
NSE:HCC,Hindustan Construction Company Limited,INE549A01026,EQ,Capital Goods,Engineering & Construction,Micro,5299.0,20.23,29.3,2.49,29.5,13.65,31.4,0.0,,,47.9,26307991.0,
NSE:JAMNAAUTO,Jamna Auto Industries Limited,INE039C01032,EQ,Consumer Discretionary,Auto Parts,Micro,5258.0,131.45,22.5,4.57,152.6,89.74,13.9,2.5,1.9,,13.1,2370015.0,
NSE:SSRETAIL,SS Retail Limited,INE1EQW01028,EQ,Consumer Discretionary,Specialty Retail,Micro,5221.0,702.0,87.5,20.51,888.0,603.05,20.9,0.0,,30.6,84.8,25292632.0,
NSE:PRSMJOHNSN,Prism Johnson Limited,INE010A01011,EQ,Materials,Building Materials,Micro,5220.0,103.7,26.2,3.42,165.9,97.1,37.5,0.0,,,77.2,1858570.0,
NSE:GREAVESCOT,Greaves Cotton Limited,INE224A01026,EQ,Capital Goods,Specialty Industrial Machinery,Micro,5220.0,224.1,52.7,3.65,271.9,119.99,17.6,2.0,0.89,,26.1,2368997.0,
NSE:SENCO,Senco Gold Limited,INE602W01027,EQ,Consumer Discretionary,Luxury Goods,Micro,5198.0,317.15,9.1,2.07,430.0,276.0,26.2,1.75,0.55,,107.4,1879560.0,
NSE:CSBBANK,CSB Bank Limited,INE679A01013,EQ,Financial Services,Banks - Regional,Micro,5188.0,306.1,8.0,1.08,574.4,295.0,46.7,0.0,,,,647957.0,
NSE:TEXRAIL,Texmaco Rail & Engineering Limited,INE621L01012,EQ,Capital Goods,Railroads,Micro,5177.0,127.25,23.9,2.18,143.1,78.05,11.1,0.75,0.59,,37.1,2699337.0,
NSE:AGI,AGI Greenpac Limited,INE415A01038,EQ,Consumer Discretionary,Packaging & Containers,Micro,5176.0,800.0,14.3,2.15,896.15,465.0,10.7,7.0,0.89,,10.1,167217.0,
NSE:VADILALIND,Vadilal Industries Limited,INE694D01016,EQ,Fast Moving Consumer Goods,Packaged Foods,Micro,5175.0,7200.0,23.6,6.09,8447.0,3996.0,14.8,43.0,0.6,,27.0,24530.0,
NSE:LUMAXIND,Lumax Industries Limited,INE162B01018,EQ,Consumer Discretionary,Auto Parts,Micro,5172.0,5533.0,27.6,5.64,6934.5,4480.0,20.2,55.0,0.99,,106.1,18148.0,
NSE:ROLEXRINGS,Rolex Rings Limited,INE645S01024,EQ,Capital Goods,Metal Fabrication,Micro,5168.0,197.0,35.8,4.42,198.45,99.79,0.7,0.0,,,,3627352.0,
NSE:SAATVIKGL,Saatvik Green Energy Limited,INE13B501022,EQ,Information Technology,Solar,Micro,5168.0,406.6,21.0,3.58,567.0,328.0,28.3,0.0,,,69.0,152812.0,
NSE:TRIVENI,Triveni Engineering & Industries Limited,INE256C01024,EQ,Fast Moving Consumer Goods,Confectioners,Micro,5128.0,232.7,18.4,1.53,490.1,220.05,52.5,5.25,2.27,,64.6,912611.0,
NSE:ARVINDFASN,Arvind Fashions Limited,INE955V01021,EQ,Consumer Discretionary,Apparel Retail,Micro,5112.0,382.3,42.3,5.41,569.0,366.2,32.8,1.6,0.42,,115.1,272493.0,
NSE:JSFB,Jana Small Finance Bank Limited,INE953L01027,EQ,Financial Services,Banks - Regional,Micro,5111.0,483.0,13.4,1.14,606.95,330.0,20.4,0.0,,,,1088487.0,
NSE:LXCHEM,Laxmi Organic Industries Limited,INE576O01020,EQ,Materials,Specialty Chemicals,Micro,5089.0,183.1,40.4,2.56,215.01,107.6,14.8,0.3,0.17,,27.3,1567569.0,
NSE:BANSALWIRE,Bansal Wire Industries Limited,INE0B9K01025,EQ,Materials,Steel,Micro,5083.0,324.7,35.8,3.55,370.0,222.5,12.2,0.0,,,38.8,150551.0,
NSE:SOTL,Savita Oil Technologies Limited,INE035D01020,EQ,Materials,Specialty Chemicals,Micro,5025.0,733.0,12.1,2.77,860.4,285.8,14.8,5.0,0.69,,0.1,841086.0,
NSE:INDIGOPNTS,Indigo Paints Limited,INE09VQ01012,EQ,Materials,Specialty Chemicals,Micro,5021.0,1052.0,31.3,4.34,1345.9,708.05,21.8,5.0,0.47,,1.8,104303.0,
NSE:GOKEX,Gokaldas Exports Limited,INE887G01027,EQ,Consumer Discretionary,Apparel Manufacturing,Micro,5005.0,683.0,51.4,2.32,954.9,531.0,28.5,0.0,,,58.9,280539.0,
NSE:QUESS,Quess Corp Limited,INE615P01015,EQ,Capital Goods,Staffing & Employment Services,Micro,4994.0,334.3,19.8,4.27,388.75,166.3,14.0,6.0,1.78,,10.7,904363.0,
NSE:MASFIN,MAS Financial Services Limited,INE348L01012,EQ,Financial Services,Credit Services,Micro,4990.0,275.0,12.7,1.68,358.85,268.95,23.4,2.0,0.73,,339.8,201003.0,
NSE:ORCHPHARMA,Orchid Pharma Limited,INE191A01027,EQ,Healthcare,Drug Manufacturers - Specialty & Generic,Micro,4988.0,983.45,300.7,3.87,1143.5,480.0,14.0,0.0,,,28.2,175332.0,
NSE:IONEXCHANG,ION Exchange (India) Limited,INE570A01022,EQ,Capital Goods,Pollution & Treatment Controls,Micro,4987.0,405.65,48.9,3.59,486.0,312.7,16.5,1.25,0.31,,36.0,718792.0,
NSE:VRLLOG,VRL Logistics Limited,INE366I01010,EQ,Capital Goods,Trucking,Micro,4986.0,285.0,18.7,4.36,310.2,225.0,8.1,10.0,3.51,,101.0,373807.0,
NSE:GOODLUCK,Goodluck India Limited,INE127I01024,EQ,Materials,Steel,Micro,4986.0,500.0,24.6,3.02,557.37,305.0,10.3,2.0,0.4,,73.2,726469.0,
NSE:PURVA,Puravankara Limited,INE323I01011,EQ,Realty,Real Estate - Development,Micro,4980.0,210.0,31.1,2.79,287.3,160.69,26.9,0.0,,,315.0,1110200.0,
NSE:GUJTHEM,Gujarat Themis Biosyn Limited,INE942C01045,EQ,Healthcare,Drug Manufacturers - Specialty & Generic,Micro,4974.0,382.2,85.5,14.47,479.0,225.05,20.2,0.67,0.18,,56.2,344125.0,
NSE:DBREALTY,Valor Estate Limited,INE879I01012,EQ,Realty,Real Estate - Development,Micro,4974.0,91.7,416.8,0.98,163.5,83.5,43.9,0.0,,,18.4,861477.0,
NSE:UNIVCABLES,Universal Cables Limited,INE279A01012,EQ,Capital Goods,Electrical Equipment & Parts,Micro,4969.0,1432.3,24.9,2.63,1774.9,576.0,19.3,4.5,0.31,,62.3,168357.0,
NSE:MSTCLTD,Mstc Limited,INE255X01014,EQ,Capital Goods,Conglomerates,Micro,4963.0,705.0,21.2,5.49,805.0,362.15,12.4,15.7,2.22,,16.0,385628.0,
NSE:DEEDEV,DEE Development Engineers Limited,INE841L01016,EQ,Capital Goods,Metal Fabrication,Micro,4959.0,659.05,57.1,5.18,760.0,183.0,13.3,1.0,0.15,,86.6,182498.0,
NSE:MANINFRA,Man Infraconstruction Limited,INE949H01023,EQ,Capital Goods,Engineering & Construction,Micro,4945.0,124.7,23.3,2.22,150.86,77.12,17.3,1.62,1.3,,2.8,2104643.0,
NSE:PDSL,PDS Limited,INE111Q01021,EQ,Capital Goods,Specialty Business Services,Micro,4901.0,347.0,41.8,2.78,418.5,246.05,17.1,3.3,0.95,,68.0,303739.0,
NSE:LATENTVIEW,Latent View Analytics Limited,INE0I7C01011,EQ,Capital Goods,Consulting Services,Micro,4887.0,235.98,25.0,2.78,517.5,230.0,54.4,0.0,,,1.9,812451.0,
NSE:RPGLIFE,RPG Life Sciences Limited,INE105J01010,EQ,Healthcare,Drug Manufacturers - Specialty & Generic,Micro,4879.0,2949.9,40.8,8.06,3127.8,1733.0,5.7,24.0,0.82,,3.3,33116.0,
NSE:JUNIPER,Juniper Hotels Limited,INE696F01016,EQ,Consumer Discretionary,Lodging,Micro,4859.0,218.4,29.3,1.69,288.45,188.5,24.3,0.0,,,41.6,240844.0,
NSE:NOVARTIND,Novartis India Limited,INE234A01025,EQ,Healthcare,Drug Manufacturers - Specialty & Generic,Micro,4839.0,1960.0,49.4,5.92,2588.8,672.25,24.3,0.0,,,0.4,104172.0,
NSE:WSTCSTPAPR,West Coast Paper Mills Limited,INE976A01021,EQ,Materials,Paper & Paper Products,Micro,4833.0,731.8,21.0,1.34,777.0,375.0,5.8,3.0,0.41,,8.2,293844.0,
NSE:MASTEK,Mastek Limited,INE759A01021,EQ,Information Technology,Information Technology Services,Micro,4825.0,1556.0,11.6,1.56,2369.0,1334.2,34.3,24.0,1.54,,14.6,211969.0,
NSE:DEEPINDS,Deep Industries Limited,INE0FHS01024,EQ,Oil Gas & Consumable Fuels,Oil & Gas E&P,Micro,4819.0,753.0,23.3,2.41,825.0,330.0,8.7,2.5,0.33,,9.6,578047.0,
NSE:CARERATING,CARE Ratings Limited,INE752H01013,EQ,Financial Services,Financial Data & Stock Exchanges,Micro,4818.0,1601.5,27.2,5.16,1838.0,1392.7,12.9,22.0,1.37,,2.8,51465.0,
NSE:YASHO,Yasho Industries Limited,INE616Z01012,EQ,Materials,Specialty Chemicals,Micro,4817.0,3995.0,83.2,10.85,4994.0,1130.0,20.0,0.5,0.01,,125.7,55491.0,
NSE:ELLEN,Ellenbarrie Industrial Gases Limited,INE236E01022,EQ,Materials,Chemicals,Micro,4811.0,341.35,39.6,4.92,473.55,175.0,27.9,0.0,,,18.9,936284.0,
NSE:SURYAROSNI,Surya Roshni Limited,INE335A01020,EQ,Materials,Steel,Micro,4810.0,221.0,15.4,1.83,314.5,187.35,29.7,5.0,2.27,,3.0,598048.0,
NSE:KDDL,KDDL Limited,INE291D01011,EQ,Consumer Discretionary,Luxury Goods,Micro,4809.0,3910.0,49.5,4.45,4270.0,1990.0,8.4,23.0,0.59,,26.7,45857.0,
NSE:FOSECOIND,Foseco India Limited,INE519A01011,EQ,Materials,Chemicals,Micro,4803.0,6341.0,49.2,4.78,7389.5,4300.0,14.2,25.0,0.39,13.3,0.2,18087.0,
NSE:IFBIND,IFB Industries Limited,INE559A01017,EQ,Consumer Discretionary,"Furnishings, Fixtures & Appliances",Micro,4781.0,1180.0,29.9,4.81,2019.8,883.2,41.6,0.0,,,15.7,72105.0,
NSE:SAMBHV,Sambhv Steel Tubes Limited,INE12NJ01018,EQ,Materials,Steel,Micro,4759.0,161.5,27.7,4.51,167.31,81.42,3.5,0.0,,,35.4,3465315.0,
NSE:EMUDHRA,eMudhra Limited,INE01QM01018,EQ,Information Technology,Software - Application,Micro,4756.0,579.7,41.6,5.22,688.35,364.55,15.8,1.25,0.22,,3.2,939827.0,
NSE:PRASOLCHEM,Prasol Chemicals Limited,INE455U01024,EQ,Materials,Specialty Chemicals,Micro,4752.0,803.0,39.7,10.38,914.9,601.0,12.2,1.2,,,24.6,1237400.0,
NSE:THOMASCOOK,Thomas Cook  (India)  Limited,INE332A01027,EQ,Consumer Discretionary,Travel Services,Micro,4748.0,100.94,21.6,1.85,169.0,86.35,40.3,0.5,0.5,,21.4,1500286.0,
NSE:MOIL,MOIL Limited,INE490G01020,EQ,Materials,Other Industrial Metals & Mining,Micro,4737.0,232.79,15.6,1.75,404.9,230.01,42.5,14.12,6.07,,,1199025.0,
NSE:FIEMIND,Fiem Industries Limited,INE737H01014,EQ,Consumer Discretionary,Auto Parts,Micro,4722.0,1794.0,17.9,3.89,2674.8,1785.1,32.9,40.0,2.23,,5.4,84525.0,
NSE:FILATEX,Filatex India Limited,INE816B01035,EQ,Consumer Discretionary,Textile Manufacturing,Micro,4695.0,105.74,24.6,4.88,113.94,36.26,7.2,0.3,0.28,,10.0,6186977.0,
NSE:UFLEX,UFLEX Limited,INE516A01017,EQ,Consumer Discretionary,Packaging & Containers,Micro,4693.0,649.9,6.9,0.58,723.5,330.0,10.2,3.0,0.46,,125.0,569420.0,
NSE:GOLDIAM,Goldiam International Limited,INE025B01025,EQ,Consumer Discretionary,Luxury Goods,Micro,4689.0,311.45,22.4,4.24,398.2,198.75,21.8,2.81,0.9,,6.9,1033408.0,
NSE:NORTHARC,Northern Arc Capital Limited,INE850M01015,EQ,Financial Services,Credit Services,Micro,4673.0,288.8,10.8,1.2,334.0,206.0,13.5,0.0,,,315.0,1460452.0,
NSE:DATAMATICS,Datamatics Global Services Limited,INE365B01017,EQ,Information Technology,Information Technology Services,Micro,4672.0,790.5,21.6,3.03,1010.0,632.0,21.7,5.0,0.63,,14.4,146160.0,
NSE:ASHAPURMIN,Ashapura Minechem Limited,INE348A01023,EQ,Materials,Other Industrial Metals & Mining,Micro,4662.0,488.0,11.5,2.83,924.9,455.1,47.2,2.0,0.41,,87.8,445574.0,
NSE:WAKEFIT,Wakefit Innovations Limited,INE0E7301029,EQ,Consumer Discretionary,"Furnishings, Fixtures & Appliances",Micro,4626.0,139.5,24.0,4.06,224.0,111.4,37.7,0.0,,,24.0,3314818.0,
NSE:MAPMYINDIA,C.E. Info Systems Limited,INE0BV301023,EQ,Information Technology,Software - Infrastructure,Micro,4622.0,844.05,33.6,5.11,1998.0,795.0,57.8,3.5,0.41,,0.8,516536.0,
NSE:JINDWORLD,Jindal Worldwide Limited,INE247D01039,EQ,Consumer Discretionary,Textile Manufacturing,Micro,4622.0,46.1,54.2,5.39,61.99,17.85,25.6,0.0,,,64.9,22627412.0,
NSE:BAJAJHIND,Bajaj Hindusthan Sugar Limited,INE306A01021,EQ,Fast Moving Consumer Goods,Confectioners,Micro,4620.0,19.34,9.5,4.59,26.0,14.85,25.6,0.0,,,93.0,29627136.0,
NSE:SHILCTECH,Shilchar Technologies Limited,INE024F01011,EQ,Capital Goods,Electrical Equipment & Parts,Micro,4616.0,4035.0,33.6,9.4,5399.0,2852.5,25.3,12.5,0.31,,,24277.0,
NSE:ELECTCAST,Electrosteel Castings Limited,INE086A01029,EQ,Capital Goods,Building Products & Equipment,Micro,4607.0,74.52,38.2,0.78,99.0,60.15,24.7,0.9,1.21,,26.4,2404748.0,
NSE:GVPIL,GE Power India Limited,INE878A01011,EQ,Capital Goods,Engineering & Construction,Micro,4590.0,682.8,13.4,7.88,1084.0,270.9,37.0,7.0,1.03,,3.0,231350.0,
NSE:VENUSPIPES,Venus Pipes & Tubes Limited,INE0JA001018,EQ,Materials,Steel,Micro,4584.0,2213.0,44.1,6.82,2347.9,890.0,5.7,1.0,0.05,,42.9,191304.0,
NSE:HAPPSTMNDS,Happiest Minds Technologies Limited,INE419U01012,EQ,Information Technology,Information Technology Services,Micro,4583.0,305.0,20.6,2.59,534.5,300.0,42.9,7.3,2.4,13.3,98.7,1975694.0,
NSE:PTC,PTC India Limited,INE877F01012,EQ,Power,Utilities - Independent Power Producers,Micro,4583.0,154.83,9.0,0.77,229.51,149.59,32.5,11.0,7.11,,25.1,1892869.0,
NSE:RENUKA,Shree Renuka Sugars Limited,INE087H01022,EQ,Fast Moving Consumer Goods,Confectioners,Micro,4559.0,21.42,,-1.72,31.35,20.95,31.7,0.0,,,,15220961.0,
NSE:RUSTOMJEE,Keystone Realtors Limited,INE263M01029,EQ,Realty,Real Estate - Development,Micro,4548.0,360.0,38.9,1.59,634.0,331.9,43.2,1.5,0.38,,51.3,199931.0,
NSE:SHAREINDIA,Share India Securities Limited,INE932X01026,EQ,Financial Services,Capital Markets,Micro,4525.0,206.8,12.5,1.74,233.35,115.36,11.4,2.0,0.98,,27.9,5829422.0,
NSE:GUJALKALI,Gujarat Alkalies and Chemicals Limited,INE186A01019,EQ,Materials,Chemicals,Micro,4472.0,609.0,67.3,0.86,815.0,409.15,25.3,17.7,2.93,,16.3,124832.0,
NSE:MPSLTD,MPS Limited,INE943D01017,EQ,Media Entertainment & Telecom,Publishing,Micro,4454.0,2623.6,23.7,7.47,2979.0,1336.1,11.9,83.0,2.89,,10.2,71365.0,
NSE:SHOPERSTOP,Shoppers Stop Limited,INE498B01024,EQ,Consumer Discretionary,Department Stores,Micro,4447.0,403.5,,15.27,558.0,275.95,27.7,0.0,,,1139.7,248202.0,
NSE:SUBROS,Subros Limited,INE287B01021,EQ,Consumer Discretionary,Auto Parts,Micro,4443.0,681.0,26.7,3.57,1172.7,622.1,41.9,3.0,0.44,,6.0,45375.0,
NSE:SHANTIGEAR,Shanthi Gears Limited,INE631A01022,EQ,Capital Goods,Specialty Industrial Machinery,Micro,4442.0,578.9,69.6,10.09,743.0,384.0,22.1,5.0,0.87,,,384792.0,
NSE:VISHNU,Vishnu Chemicals Limited,INE270I01022,EQ,Materials,Specialty Chemicals,Micro,4429.0,658.0,29.6,4.43,744.0,460.2,11.6,0.3,0.05,,49.1,134799.0,
NSE:SMSPHARMA,SMS Pharmaceuticals Limited,INE812G01025,EQ,Healthcare,Drug Manufacturers - General,Micro,4411.0,470.95,42.5,5.61,494.45,257.29,4.8,0.4,0.08,,46.5,631103.0,
NSE:LCCPROJECT,LCC Projects Limited,INE1FPN01026,EQ,Capital Goods,Infrastructure Operations,Micro,4396.0,151.75,15.5,4.65,189.0,140.57,19.7,0.0,,38.2,123.1,5580346.0,
NSE:CAPILLARY,Capillary Technologies India Limited,INE0ILV01024,EQ,Information Technology,Software - Application,Micro,4390.0,552.4,104.8,4.29,798.95,438.15,30.9,0.0,,,5.2,722839.0,
NSE:ZOTA,Zota Health Care LImited,INE358U01012,EQ,Healthcare,Biotechnology,Micro,4340.0,1253.1,,6.26,1740.0,1022.0,28.0,1.0,0.08,,38.8,90774.0,
NSE:HARSHA,Harsha Engineers International Limited,INE0JUS01029,EQ,Capital Goods,Tools & Accessories,Micro,4322.0,474.7,27.9,3.08,484.8,313.3,2.1,1.5,0.32,,26.6,177819.0,
NSE:CRAMC,Canara Robeco Asset Management Company Limited,INE218I01013,EQ,Financial Services,Asset Management,Micro,4321.0,216.7,19.9,5.79,353.4,214.2,38.7,4.0,1.85,,2.4,890983.0,
NSE:RESPONIND,Responsive Industries Limited,INE688D01026,EQ,Materials,Specialty Chemicals,Micro,4316.0,161.9,42.6,2.77,240.9,117.25,32.8,0.1,0.06,10.2,12.5,1949908.0,
NSE:SWARAJENG,Swaraj Engines Limited,INE277A01016,EQ,Capital Goods,Farm & Heavy Construction Machinery,Micro,4307.0,3545.0,21.3,8.81,4437.4,3301.3,20.1,110.0,3.1,,0.4,10761.0,
NSE:RAYMONDREL,Raymond Realty Limited,INE1SY401010,EQ,Realty,Real Estate - Development,Micro,4299.0,646.0,14.3,2.74,741.95,349.0,12.9,2.0,0.31,,64.7,1186606.0,
NSE:PILANIINVS,Pilani Investment and Industries Corporation Limited,INE417C01014,EQ,Financial Services,Asset Management,Micro,4297.0,3880.8,,0.27,5980.0,3865.0,35.1,9.0,0.23,,15.1,2079.0,
NSE:DPABHUSHAN,D. P. Abhushan Limited,INE266Y01019,EQ,Consumer Discretionary,Luxury Goods,Micro,4292.0,1880.0,17.9,6.77,1924.4,866.1,2.3,0.0,,,48.0,126999.0,
NSE:HAWKINCOOK,Hawkins Cookers Limited,INE979B01015,EQ,Consumer Discretionary,"Furnishings, Fixtures & Appliances",Micro,4263.0,8061.0,31.4,9.57,9600.0,7109.0,16.0,140.0,1.74,,6.6,2378.0,
NSE:EPIGRAL,Epigral Limited,INE071N01016,EQ,Materials,Chemicals,Micro,4227.0,979.9,15.6,1.9,1759.7,807.0,44.3,5.0,0.51,,25.8,90744.0,
NSE:INDIQUBE,Indiqube Spaces Limited,INE06ST01018,EQ,Realty,Real Estate Services,Micro,4217.0,198.9,,8.19,235.52,131.15,15.5,0.0,,,1011.6,92785.0,
NSE:SANATHAN,Sanathan Textiles Limited,INE0JPD01013,EQ,Consumer Discretionary,Textile Manufacturing,Micro,4217.0,499.6,69.3,2.25,544.3,352.6,8.2,0.0,,,80.8,95465.0,
NSE:GUFICBIO,Gufic Biosciences Limited,INE742B01025,EQ,Healthcare,Drug Manufacturers - Specialty & Generic,Micro,4215.0,420.3,57.3,6.34,467.8,268.0,10.2,0.1,0.02,,60.9,112923.0,
NSE:TBZ,Tribhovandas Bhimji Zaveri Limited,INE760L01018,BE,Consumer Discretionary,Luxury Goods,Micro,4210.0,630.9,19.7,5.02,698.6,110.5,9.7,2.5,0.4,,105.7,2948595.0,
NSE:DHANUKA,Dhanuka Agritech Limited,INE435G01025,EQ,Materials,Agricultural Inputs,Micro,4184.0,938.6,15.8,2.52,1531.9,889.6,38.7,2.0,0.21,,1.8,30260.0,
NSE:SGFIN,SG Finserve Limited,INE618R01015,EQ,Financial Services,Capital Markets,Micro,4164.0,631.9,23.8,2.82,727.45,323.0,13.1,0.0,,,185.2,457919.0,
NSE:PITTIENG,Pitti Engineering Limited,INE450D01021,EQ,Capital Goods,Metal Fabrication,Micro,4153.0,1125.0,33.5,4.21,1228.0,675.0,8.4,2.5,0.22,,82.1,126604.0,
NSE:ICRA,ICRA Limited,INE725G01011,EQ,Financial Services,Financial Data & Stock Exchanges,Micro,4140.0,4301.0,21.2,3.51,6620.0,4198.2,35.0,70.0,1.62,,1.6,37613.0,
NSE:SUNTECK,Sunteck Realty Limited,INE805D01034,EQ,Realty,Real Estate - Development,Micro,4134.0,281.55,19.4,1.14,472.5,268.55,40.4,1.5,0.54,,17.3,270202.0,
NSE:BANARISUG,Bannari Amman Sugars Limited,INE459A01010,EQ,Fast Moving Consumer Goods,Confectioners,Micro,4121.0,3286.0,33.9,2.15,4338.0,3105.2,24.3,12.5,0.38,,0.5,2769.0,
NSE:SINDHUTRAD,Sindhu Trade Links Limited,INE325D01025,EQ,Capital Goods,Conglomerates,Micro,4116.0,22.34,62.1,2.56,28.98,17.64,22.9,0.0,,3.5,25.0,1872458.0,
NSE:MAHLOG,Mahindra Logistics Limited,INE766P01016,EQ,Capital Goods,Integrated Freight & Logistics,Micro,4115.0,414.5,97.5,3.5,450.0,275.05,7.9,2.5,0.6,,54.2,289687.0,
NSE:TATVA,Tatva Chintan Pharma Chem Limited,INE0GK401011,EQ,Materials,Specialty Chemicals,Micro,4094.0,1750.0,79.7,5.24,1880.0,1026.5,6.9,2.0,0.11,,15.4,156991.0,
NSE:SEAMECLTD,Seamec Limited,INE497B01018,EQ,Capital Goods,Marine Shipping,Micro,4075.0,1597.0,15.8,3.12,1849.0,771.75,13.6,2.0,0.13,,27.1,83665.0,
NSE:KSL,Kalyani Steels Limited,INE907A01026,EQ,Materials,Steel,Micro,4000.0,914.0,15.1,1.9,1032.9,574.0,11.5,10.0,1.1,,22.6,104800.0,
NSE:AVANTEL,Avantel Limited,INE005B01027,EQ,Information Technology,Communication Equipment,Micro,3994.0,150.29,357.8,11.81,215.0,117.05,30.1,0.2,0.13,,10.2,2009213.0,
NSE:VIPIND,VIP Industries Limited,INE054A01027,EQ,Consumer Discretionary,Footwear & Accessories,Micro,3978.0,280.05,,8.57,447.3,277.85,37.4,0.0,,,335.6,285388.0,
NSE:AYE,Aye Finance Limited,INE501X01029,EQ,Financial Services,Credit Services,Micro,3967.0,162.2,16.7,1.41,197.29,88.22,17.8,0.0,,,200.0,1597936.0,
NSE:SYMPHONY,Symphony Limited,INE225D01027,EQ,Consumer Discretionary,"Furnishings, Fixtures & Appliances",Micro,3941.0,573.95,,7.23,970.45,562.1,40.9,9.0,1.57,,31.6,159940.0,
NSE:DECNGOLD,Deccan Gold Mines Limited,INE945F01025,EQ,Materials,Gold,Micro,3922.0,195.1,,6.77,250.8,188.4,22.2,0.0,,,10.3,1516436.0,
NSE:NETWORK18,Network18 Media & Investments Limited,INE870H01013,EQ,Media Entertainment & Telecom,Entertainment,Micro,3920.0,25.38,,0.79,53.24,25.02,52.3,0.0,,,65.9,4398918.0,
NSE:MHRIL,Mahindra Holidays & Resorts India Limited,INE998I01010,EQ,Consumer Discretionary,Resorts & Casinos,Micro,3915.0,194.1,73.8,5.03,353.7,188.21,45.1,0.0,,,488.7,142078.0,
NSE:RALLIS,Rallis India Limited,INE613A01020,EQ,Materials,Agricultural Inputs,Micro,3887.0,199.9,18.2,1.9,315.0,196.76,36.5,3.0,1.5,,3.0,953406.0,
NSE:ANTELOPUS,Antelopus Selan Energy Limited,INE818A01017,EQ,Oil Gas & Consumable Fuels,Oil & Gas E&P,Micro,3875.0,1102.0,29.4,5.91,1290.9,357.0,14.6,0.0,,14.7,0.5,1528607.0,
NSE:MOSCHIP,Moschip Technologies Limited,INE935B01025,EQ,Information Technology,Semiconductor Equipment & Materials,Micro,3862.0,198.08,148.9,9.39,288.45,146.8,31.3,0.0,,,21.6,3146660.0,
NSE:SWSOLAR,Sterling and Wilson Renewable Energy Limited,INE00M201021,EQ,Information Technology,Solar,Micro,3858.0,165.2,,5.94,260.8,148.0,36.7,0.0,,,183.0,1274544.0,
NSE:HIRECT,Hirect Limited,INE835D01023,EQ,Capital Goods,Electrical Equipment & Parts,Micro,3836.0,1116.0,92.8,18.39,1399.0,565.2,20.2,1.4,0.12,,118.9,157738.0,
NSE:ASHIANA,Ashiana Housing Limited,INE365D01021,EQ,Realty,Real Estate - Development,Micro,3830.0,381.0,32.0,4.21,435.9,269.45,12.6,2.5,0.65,14.3,35.1,181391.0,
NSE:AARTIDRUGS,Aarti Drugs Limited,INE767A01016,EQ,Healthcare,Drug Manufacturers - Specialty & Generic,Micro,3824.0,419.0,20.0,2.47,534.0,318.95,21.5,2.0,0.48,,37.2,210449.0,
NSE:TRUALT,TruAlt Bioenergy Limited,INE0MWH01014,EQ,Oil Gas & Consumable Fuels,Oil & Gas Refining & Marketing,Micro,3812.0,444.5,25.7,2.5,542.0,310.2,18.0,0.0,,,104.6,323976.0,
NSE:RAYMONDLSL,Raymond Lifestyle Limited,INE02ID01020,EQ,Consumer Discretionary,Apparel Manufacturing,Micro,3807.0,625.0,87.3,0.4,1246.4,615.0,49.9,1.0,0.16,,22.7,228420.0,
NSE:GREENPLY,Greenply Industries Limited,INE461C01038,EQ,Materials,Lumber & Wood Production,Micro,3797.0,304.0,38.5,4.21,334.4,176.42,9.1,0.5,0.16,,57.5,220719.0,
NSE:RML,Rane (Madras) Limited,INE050H01012,EQ,Consumer Discretionary,Auto Parts,Micro,3748.0,1356.0,31.6,4.99,1440.0,608.5,5.8,16.0,1.19,,100.2,104317.0,
NSE:UNICHEMLAB,Unichem Laboratories Limited,INE351A01035,EQ,Healthcare,Drug Manufacturers - Specialty & Generic,Micro,3746.0,532.0,12.3,1.38,687.2,278.2,22.6,0.0,,,18.4,480074.0,
NSE:KOLTEPATIL,Kolte - Patil Developers Limited,INE094I01018,EQ,Realty,Real Estate - Development,Micro,3742.0,422.0,72.0,3.1,554.6,292.25,23.9,0.0,,,98.2,338574.0,
NSE:SANGHVIMOV,Sanghvi Movers Limited,INE989A01032,EQ,Capital Goods,Rental & Leasing Services,Micro,3740.0,432.0,18.8,2.85,528.0,223.8,18.2,2.0,0.47,,51.4,416600.0,
NSE:HERITGFOOD,Heritage Foods Limited,INE978A01027,EQ,Fast Moving Consumer Goods,Packaged Foods,Micro,3731.0,402.1,27.6,3.38,503.8,292.55,20.2,2.5,0.62,,32.6,512623.0,
NSE:VSTTILLERS,V.S.T Tillers Tractors Limited,INE764D01017,EQ,Capital Goods,Farm & Heavy Construction Machinery,Micro,3721.0,4300.0,34.3,3.4,6374.0,3950.0,32.5,25.0,0.58,,0.2,10024.0,
NSE:REFEX,Refex Industries Limited,INE056I01025,EQ,Oil Gas & Consumable Fuels,Thermal Coal,Micro,3716.0,270.8,12.8,2.47,382.4,188.0,29.2,2.0,0.74,,14.9,544362.0,
NSE:TARC,TARC Limited,INE0EK901012,EQ,Realty,Real Estate - Development,Micro,3712.0,125.79,,3.84,186.3,109.1,32.5,0.0,,,178.4,1715582.0,
NSE:63MOONS,63 moons technologies limited,INE111B01023,EQ,Information Technology,Software - Application,Micro,3705.0,804.0,,1.04,957.95,467.0,16.1,2.0,0.25,,0.1,834667.0,
NSE:VSSL,Vardhman Special Steels Limited,INE050M01012,EQ,Materials,Steel,Micro,3700.0,382.7,25.6,3.03,428.25,206.4,10.6,3.5,0.91,,7.3,342432.0,
NSE:AHLUCONT,Ahluwalia Contracts (India) Limited,INE758C01029,EQ,Capital Goods,Engineering & Construction,Micro,3698.0,552.1,16.4,1.8,1077.95,540.55,48.8,0.7,0.13,,3.6,72917.0,
NSE:GRAUWEIL,Grauer & Weil India Limited,INE266D01021,EQ,Materials,Specialty Chemicals,Micro,3695.0,81.5,23.0,3.42,115.6,62.09,29.5,0.5,0.61,,1.3,658792.0,
NSE:GHCL,GHCL Limited,INE539A01019,EQ,Materials,Chemicals,Micro,3685.0,402.0,7.2,1.02,667.2,396.0,39.7,12.0,2.99,,2.3,139409.0,
NSE:NPST,Network People Services Technologies Limited,INE0FFK01017,EQ,Information Technology,Software - Application,Micro,3680.0,1764.0,79.9,11.92,2058.0,846.6,14.3,2.0,0.11,,3.1,106549.0,
NSE:LASERPOWER,Laser Power & Infra Limited,INE17IR01028,EQ,Capital Goods,Electrical Equipment & Parts,Micro,3664.0,261.0,24.3,4.14,343.5,250.0,24.0,0.0,,,120.1,2839650.0,
NSE:PREMEXPLN,Premier Explosives Limited,INE863B01029,EQ,Materials,Specialty Chemicals,Micro,3657.0,680.0,109.5,12.69,829.8,378.4,18.1,0.5,0.07,,11.1,361514.0,
NSE:KIRLOSIND,Kirloskar Industries Limited,INE250A01039,EQ,Capital Goods,Metal Fabrication,Micro,3643.0,3465.0,23.9,0.58,4574.8,2463.0,24.3,13.0,0.37,,13.3,18892.0,
NSE:UNIPARTS,Uniparts India Limited,INE244O01017,EQ,Capital Goods,Farm & Heavy Construction Machinery,Micro,3642.0,807.1,20.2,4.19,915.95,399.8,11.9,24.25,2.96,,17.8,181986.0,
NSE:JASH,Jash Engineering Limited,INE039O01029,EQ,Capital Goods,Specialty Industrial Machinery,Micro,3642.0,579.0,42.6,7.02,619.4,327.1,6.5,1.6,0.28,,19.6,431239.0,
NSE:KSCL,Kaveri Seed Company Limited,INE455I01029,EQ,Materials,Agricultural Inputs,Micro,3642.0,713.5,14.9,1.72,1095.9,685.0,34.9,5.0,0.7,,,577129.0,
NSE:RTNPOWER,RattanIndia Power Limited,INE399K01017,EQ,Power,Utilities - Independent Power Producers,Micro,3641.0,6.78,32.3,0.78,11.94,6.66,43.2,0.0,,,80.0,15959142.0,
NSE:IDEAFORGE,Ideaforge Technology Limited,INE349Y01013,EQ,Information Technology,Computer Hardware,Micro,3635.0,731.2,830.9,5.28,992.25,366.0,26.3,0.0,,,14.0,302806.0,
NSE:STYRENIX,Styrenix Performance Materials Limited,INE189B01011,EQ,Materials,Chemicals,Micro,3625.0,2060.0,13.5,2.65,2653.0,1780.0,22.4,77.0,3.75,,40.1,60606.0,
NSE:PACEDIGITK,Pace Digitek Limited,INE0S3G01027,EQ,Information Technology,Communication Equipment,Micro,3605.0,167.0,11.8,1.49,231.95,139.81,28.0,0.0,,,43.6,1807501.0,
NSE:STEELCAS,Steelcast Limited,INE124E01038,EQ,Materials,Steel,Micro,3593.0,355.0,39.7,9.09,390.9,176.02,9.2,1.8,0.5,,,159690.0,
NSE:PNCINFRA,PNC Infratech Limited,INE195J01029,EQ,Capital Goods,Engineering & Construction,Micro,3566.0,139.0,4.9,0.52,295.9,116.4,53.0,0.6,0.43,,75.9,1156067.0,
NSE:INDOTECH,Indo Tech Transformers Limited,INE332H01014,EQ,Capital Goods,Electrical Equipment & Parts,Micro,3555.0,3347.6,35.8,9.51,4030.0,1100.0,16.9,10.0,0.3,,1.4,20942.0,
NSE:KIRIINDUS,Kiri Industries Limited,INE415I01015,EQ,Materials,Specialty Chemicals,Micro,3552.0,545.0,0.6,0.52,779.0,333.8,30.0,0.0,,,0.6,949472.0,
NSE:TCPLPACK,TCPL Packaging Limited,INE822C01015,EQ,Consumer Discretionary,Packaging & Containers,Micro,3542.0,3900.0,30.7,4.94,4410.9,2200.0,11.6,25.0,0.64,,88.2,18867.0,
NSE:CMSINFO,CMS Info Systems Limited,INE925R01014,EQ,Capital Goods,Specialty Business Services,Micro,3537.0,221.0,12.4,1.49,393.3,215.12,43.8,5.0,2.27,,9.1,859993.0,
NSE:ALOKINDS,Alok Industries Limited,INE270A01029,EQ,Consumer Discretionary,Textile Manufacturing,Micro,3510.0,7.07,,-0.16,18.45,6.92,61.7,0.0,,,,16272492.0,
NSE:DIVGIITTS,Divgi Torqtransfer Systems Limited,INE753U01022,EQ,Consumer Discretionary,Auto Parts,Micro,3508.0,1147.0,55.5,5.52,1329.8,573.7,13.7,3.27,0.29,,0.3,164715.0,
NSE:RTNINDIA,RattanIndia Enterprises Limited,INE834M01019,EQ,Consumer Discretionary,Internet Retail,Micro,3501.0,25.35,,4.55,54.5,24.4,53.5,0.0,,,143.0,1451464.0,
NSE:JKIL,J.Kumar Infraprojects Limited,INE576I01022,EQ,Capital Goods,Engineering & Construction,Micro,3490.0,461.3,9.2,1.03,672.0,425.0,31.4,4.0,0.87,,18.4,80458.0,
NSE:BAJAJELEC,Bajaj Electricals Limited,INE193E01025,EQ,Consumer Discretionary,"Furnishings, Fixtures & Appliances",Micro,3459.0,299.7,,2.17,560.95,296.0,46.6,3.0,1.0,,104.6,394195.0,
NSE:SOLARA,Solara Active Pharma Sciences Limited,INE624Z01016,EQ,Healthcare,Drug Manufacturers - Specialty & Generic,Micro,3450.0,715.0,,2.49,774.0,422.0,7.6,0.0,,,54.7,491848.0,
NSE:SAMHI,Samhi Hotels Limited,INE08U801020,EQ,Consumer Discretionary,Lodging,Micro,3435.0,154.5,6.0,2.25,217.3,127.0,28.9,0.0,,,81.1,1143921.0,
NSE:VAIBHAVGBL,Vaibhav Global Limited,INE884A01027,EQ,Consumer Discretionary,Luxury Goods,Micro,3428.0,204.4,12.1,2.07,293.25,174.13,30.3,6.0,2.95,,25.2,446356.0,
NSE:INDSWFTLAB,Ind-Swift Laboratories Limited,INE915B01019,EQ,Healthcare,Drug Manufacturers - Specialty & Generic,Micro,3426.0,394.0,58.6,2.38,424.75,87.15,7.2,0.0,,,1.5,1252584.0,
NSE:SANDHAR,Sandhar Technologies Limited,INE278H01035,EQ,Consumer Discretionary,Auto Parts,Micro,3403.0,564.0,16.3,2.55,763.2,424.0,26.1,4.0,0.71,,86.1,215280.0,
NSE:JTLIND,JTL INDUSTRIES LIMITED,INE391J01032,EQ,Materials,Steel,Micro,3403.0,86.58,27.9,2.09,94.0,40.25,7.9,0.13,0.14,,16.0,3085326.0,
NSE:VSTIND,VST Industries Limited,INE710A01016,EQ,Fast Moving Consumer Goods,Tobacco,Micro,3402.0,200.65,12.2,2.36,286.78,200.0,30.0,12.0,5.97,,,235986.0,
NSE:CMLL,Caliber Mining and Logistics Limited,INE11XY01018,EQ,Oil Gas & Consumable Fuels,Thermal Coal,Micro,3395.0,519.3,22.7,4.3,624.4,460.0,16.8,0.0,,,173.0,2137408.0,
NSE:PRABHA,Prabha Energy Limited,INE0I0M01023,EQ,Oil Gas & Consumable Fuels,Oil & Gas E&P,Micro,3387.0,217.01,2411.2,4.77,262.8,137.91,17.4,0.0,,,37.6,534709.0,
NSE:POLYPLEX,Polyplex Corporation Limited,INE633B01018,EQ,Materials,Specialty Chemicals,Micro,3383.0,1038.0,21.0,0.77,1264.0,740.0,17.9,2.0,0.19,,13.3,91206.0,
NSE:MIDWESTLTD,Midwest Limited,INE0XAD01024,EQ,Materials,Building Materials,Micro,3363.0,930.0,30.3,3.36,1859.9,860.0,50.0,0.0,,,19.7,24072.0,
NSE:BOROLTD,Borosil Limited,INE02PY01013,EQ,Consumer Discretionary,"Furnishings, Fixtures & Appliances",Micro,3353.0,280.4,47.8,3.76,363.4,213.73,22.8,0.0,,,16.7,558688.0,
NSE:NITINSPIN,Nitin Spinners Limited,INE229H01012,EQ,Consumer Discretionary,Textile Manufacturing,Micro,3350.0,595.9,15.8,2.28,665.5,302.2,10.5,3.0,0.5,,76.5,174241.0,
NSE:TVSSRICHAK,TVS Srichakra Limited,INE421C01016,EQ,Consumer Discretionary,Auto Parts,Micro,3331.0,4350.0,36.1,2.8,5760.0,3185.0,24.5,37.8,0.87,,64.5,33493.0,
NSE:INDOSTAR,IndoStar Capital Finance Limited,INE896L01010,EQ,Financial Services,Credit Services,Micro,3322.0,205.45,,0.88,292.0,179.03,29.6,0.0,,,144.8,146009.0,
NSE:POCL,Pondy Oxides & Chemicals Limited,INE063E01061,EQ,Materials,Specialty Chemicals,Micro,3322.0,435.5,24.1,4.21,647.6,392.2,32.8,2.0,0.46,,19.3,496820.0,
NSE:PARAGMILK,Parag Milk Foods Limited,INE883N01014,EQ,Fast Moving Consumer Goods,Packaged Foods,Micro,3313.0,263.95,26.1,2.62,376.95,177.84,30.0,1.1,0.42,,48.3,1204823.0,
NSE:LUXIND,Lux Industries Limited,INE150G01020,EQ,Consumer Discretionary,Apparel Manufacturing,Micro,3292.0,1094.6,32.1,1.79,1823.35,824.05,40.0,2.0,0.18,,34.0,38106.0,
NSE:ORIENTELEC,Orient Electric Limited,INE142Z01019,EQ,Consumer Discretionary,"Furnishings, Fixtures & Appliances",Micro,3290.0,154.2,30.0,4.33,217.51,149.05,29.1,1.5,0.97,,12.3,694897.0,
NSE:ARSSBL,Anand Rathi Share and Stock Brokers Limited,INE549H01021,EQ,Financial Services,Financial Conglomerates,Micro,3286.0,521.0,22.3,2.42,794.85,416.0,34.5,5.0,0.96,,63.4,203296.0,
NSE:AGIIL,Agi Infra Limited,INE976R01033,EQ,Realty,Real Estate - Development,Micro,3256.0,260.45,31.3,7.02,434.4,224.7,40.0,0.2,0.08,,38.3,1704773.0,
NSE:EIEL,Enviro Infra Engineers Limited,INE0LLY01014,EQ,Capital Goods,Engineering & Construction,Micro,3230.0,184.0,17.9,2.62,257.66,134.71,28.6,0.0,,,34.1,1669352.0,
NSE:DALMIASUG,Dalmia Bharat Sugar and Industries Limited,INE495A01022,EQ,Fast Moving Consumer Goods,Confectioners,Micro,3226.0,398.6,15.9,1.0,520.0,261.4,23.3,6.0,1.51,,55.7,686982.0,
NSE:JTEKTINDIA,Jtekt India Limited,INE643A01035,EQ,Consumer Discretionary,Auto Parts,Micro,3223.0,116.19,44.0,2.72,171.31,114.2,32.2,0.75,0.65,,28.7,201593.0,
NSE:AURIONPRO,Aurionpro Solutions Limited,INE132H01018,EQ,Information Technology,Software - Application,Micro,3206.0,595.95,16.0,1.85,1240.0,593.35,51.9,3.0,0.49,,3.5,173541.0,
NSE:AONESTEELS,A-One Steels India Limited,INE0OTC01025,EQ,Materials,Steel,Micro,3201.0,414.4,,3.38,470.0,393.7,11.8,0.0,,16.1,194.2,14841745.0,
NSE:KNRCON,KNR Constructions Limited,INE634I01029,EQ,Capital Goods,Engineering & Construction,Micro,3192.0,113.5,8.1,0.64,200.1,108.65,43.3,0.25,0.22,,49.2,1382212.0,
NSE:HEMIPROP,Hemisphere Properties India Limited,INE0AJG01018,EQ,Realty,Real Estate - Diversified,Micro,3185.0,111.7,,7.4,165.0,109.81,32.3,0.0,,,20.1,314789.0,
NSE:GOPAL,Gopal Snacks Limited,INE0L9R01028,EQ,Fast Moving Consumer Goods,Packaged Foods,Micro,3154.0,253.0,37.5,6.59,364.4,247.55,30.6,1.0,0.39,,32.2,154059.0,
NSE:WONDERLA,Wonderla Holidays Limited,INE066O01014,EQ,Consumer Discretionary,Leisure,Micro,3146.0,496.1,31.0,1.82,602.35,455.0,17.6,2.0,0.4,,0.3,110611.0,
NSE:JUBLCPL,Jubilant Agri and Consumer Products Limited,INE03CC01015,EQ,Materials,Specialty Chemicals,Micro,3143.0,2074.0,24.5,6.83,2753.1,1460.0,24.7,0.0,,,11.1,15863.0,
NSE:SANGAMIND,Sangam (India) Limited,INE495C01010,EQ,Consumer Discretionary,Textile Manufacturing,Micro,3136.0,635.9,26.3,2.97,672.5,391.2,5.4,2.0,0.32,,118.7,118178.0,
NSE:ANUP,The Anup Engineering Limited,INE294Z01018,EQ,Capital Goods,Specialty Industrial Machinery,Micro,3135.0,1565.1,37.1,4.54,2524.0,1422.3,38.0,12.0,0.77,,17.7,35327.0,
NSE:NFL,National Fertilizers Limited,INE870D01012,EQ,Materials,Agricultural Inputs,Micro,3132.0,63.84,8.6,1.1,98.3,62.81,35.1,1.04,1.63,,139.5,663858.0,
NSE:VINDHYATEL,Vindhya Telelinks Limited,INE707A01012,EQ,Capital Goods,Engineering & Construction,Micro,3105.0,2620.0,13.3,0.74,2952.6,963.9,11.3,6.0,0.23,,34.1,78483.0,
NSE:MAYURUNIQ,Mayur Uniquoters Ltd,INE040D01038,EQ,Consumer Discretionary,Textile Manufacturing,Micro,3104.0,714.4,15.0,2.74,907.0,471.2,21.2,6.0,0.84,,0.7,109847.0,
NSE:INDRAMEDCO,Indraprastha Medical Corporation Limited,INE681B01017,EQ,Healthcare,Medical Care Facilities,Micro,3099.0,338.0,16.5,4.18,640.85,335.5,47.3,4.0,1.18,,5.0,316527.0,
NSE:BEPL,Bhansali Engineering Polymers Limited,INE922A01025,EQ,Materials,Chemicals,Micro,3098.0,124.48,15.5,2.86,138.5,74.2,10.1,4.0,3.23,,,4787243.0,
NSE:APCOTEXIND,Apcotex Industries Limited,INE116A01032,EQ,Materials,Specialty Chemicals,Micro,3095.0,597.0,19.2,4.98,712.0,310.45,16.2,8.0,1.35,,15.5,291451.0,
NSE:BHAGCHEM,Bhagiradha Chemicals & Industries Limited,INE414D01027,EQ,Materials,Agricultural Inputs,Micro,3093.0,238.5,112.0,4.43,316.9,170.6,24.7,0.15,0.06,,33.6,121189.0,
NSE:RSYSTEMS,R Systems International Limited,INE411H01032,EQ,Information Technology,Information Technology Services,Micro,3090.0,260.8,16.8,2.81,435.9,213.52,40.2,16.0,6.07,17.3,28.6,2702930.0,
NSE:HLEGLAS,HLE Glascoat Limited,INE461D01028,EQ,Capital Goods,Specialty Industrial Machinery,Micro,3088.0,444.65,84.5,5.72,661.95,250.0,32.8,1.1,0.25,,56.2,440670.0,
NSE:ADFFOODS,ADF Foods Limited,INE982B01027,EQ,Fast Moving Consumer Goods,Packaged Foods,Micro,3087.0,281.0,33.6,5.4,346.95,153.1,19.0,1.2,0.43,,9.6,161340.0,
NSE:DBCORP,D.B.Corp Limited,INE950I01011,EQ,Media Entertainment & Telecom,Publishing,Micro,3067.0,172.05,8.7,1.26,280.55,169.81,38.7,7.0,4.06,,10.8,413043.0,
NSE:WINDMACHIN,Windsor Machines Limited,INE052A01021,EQ,Capital Goods,Specialty Industrial Machinery,Micro,3048.0,294.6,245.5,3.4,343.9,200.65,14.3,0.0,,,17.5,142601.0,
NSE:JAYKAY,Jaykay Enterprises Limited,INE903A01025,EQ,Capital Goods,Specialty Business Services,Micro,3047.0,202.0,14.0,2.52,219.7,115.52,8.1,0.0,,,5.6,624244.0,
NSE:NACLIND,NACL Industries Limited,INE295D01020,EQ,Materials,Agricultural Inputs,Micro,3032.0,129.45,258.9,4.44,245.0,112.62,47.2,0.0,,,45.7,1044510.0,
NSE:BUILDPRO,Shankara Buildpro Limited,INE24OJ01011,EQ,Consumer Discretionary,Home Improvement Retail,Micro,3029.0,1249.0,23.1,5.55,1380.0,636.0,9.5,5.0,0.4,25.5,11.1,111162.0,
NSE:VARMORA,Varmora Granito Limited,INE0M5301040,EQ,Materials,Building Materials,Micro,3029.0,134.0,48.9,,163.77,132.21,18.2,0.0,,7.1,,22006076.0,
NSE:ADVENZYMES,Advanced Enzyme Technologies Limited,INE837H01020,EQ,Materials,Specialty Chemicals,Micro,3027.0,274.5,18.5,1.88,419.0,251.95,34.5,2.55,0.93,,1.9,252755.0,
NSE:CHEMPLASTS,Chemplast Sanmar Limited,INE488A01050,EQ,Materials,Chemicals,Micro,3021.0,191.1,,1.72,412.65,161.0,53.7,0.0,,,111.2,814435.0,
NSE:OSWALPUMPS,Oswal Pumps Limited,INE0BYP01024,EQ,Capital Goods,Electrical Equipment & Parts,Micro,3016.0,264.55,8.7,1.7,790.0,259.2,66.5,0.0,,,14.1,617628.0,
NSE:IMAGICAA,Imagicaaworld Entertainment Limited,INE172N01012,EQ,Media Entertainment & Telecom,Entertainment,Micro,3005.0,50.99,204.0,1.61,62.0,36.84,17.8,0.0,,,27.3,1581306.0,
NSE:SEIL,Shanti Educational Initiatives Limited,INE440T01028,EQ,Fast Moving Consumer Goods,Education & Training Services,Micro,2978.0,185.0,500.0,39.59,215.6,178.26,14.2,0.0,,,7.6,249325.0,
NSE:RELTD,Ravindra Energy Limited,INE206N01018,EQ,Information Technology,Solar,Micro,2978.0,149.99,55.6,6.31,196.45,114.59,23.6,0.0,,,126.2,339628.0,
NSE:CARYSIL,CARYSIL LIMITED,INE482D01024,EQ,Consumer Discretionary,"Furnishings, Fixtures & Appliances",Micro,2972.0,1045.0,27.9,4.89,1280.9,732.1,18.4,3.0,0.29,,46.0,114398.0,
NSE:ELPROINTL,Elpro International Limited,INE579B01039,EQ,Realty,Real Estate Services,Micro,2961.0,174.74,22.9,1.46,180.89,102.0,3.4,0.0,,,59.5,42696.0,
NSE:ASHOKA,Ashoka Buildcon Limited,INE442H01029,EQ,Capital Goods,Engineering & Construction,Micro,2957.0,105.35,1.2,0.45,214.5,101.0,50.9,0.0,,,24.5,2302759.0,
NSE:KKCL,Kewal Kiran Clothing Limited,INE401H01017,EQ,Consumer Discretionary,Apparel Manufacturing,Micro,2956.0,479.7,20.0,3.15,568.45,408.35,15.6,4.0,0.84,14.9,9.5,44287.0,
NSE:PANAMAPET,Panama Petrochem Limited,INE305C01029,EQ,Oil Gas & Consumable Fuels,Oil & Gas Refining & Marketing,Micro,2951.0,487.75,6.2,2.01,599.6,229.0,18.7,3.0,0.62,,7.5,565064.0,
NSE:HEIDELBERG,HeidelbergCement India Limited,INE578A01017,EQ,Materials,Building Materials,Micro,2947.0,130.03,25.3,2.14,206.7,128.45,37.1,7.0,5.36,,1.0,145629.0,
NSE:PSPPROJECT,PSP Projects Limited,INE488V01015,EQ,Capital Goods,Engineering & Construction,Micro,2938.0,741.1,40.0,2.32,1143.0,569.2,35.2,0.0,,,26.1,93292.0,
NSE:CARRARO,Carraro India Limited,INE0V7W01012,EQ,Consumer Discretionary,Auto Parts,Micro,2938.0,516.8,22.1,5.2,667.55,416.0,22.6,6.75,1.3,,27.4,154279.0,
NSE:WEBELSOLAR,Websol Energy System Limited,INE855C01023,EQ,Information Technology,Solar,Micro,2931.0,67.52,9.4,4.85,137.9,50.4,51.0,0.25,0.36,,20.7,1965500.0,
NSE:MUTHOOTMF,Muthoot Microfin Limited,INE046W01019,EQ,Financial Services,Credit Services,Micro,2926.0,174.4,11.9,1.03,262.77,141.2,33.6,0.0,,,341.3,824498.0,
NSE:BLSE,BLS E-Services Limited,INE0NLT01010,EQ,Capital Goods,Specialty Business Services,Micro,2910.0,321.0,50.3,5.59,339.8,124.3,5.5,1.0,0.31,,1.1,800775.0,
NSE:CRIZAC,Crizac Limited,INE0S4R01014,EQ,Fast Moving Consumer Goods,Education & Training Services,Micro,2908.0,166.2,13.2,4.97,333.0,159.95,50.1,16.0,9.59,,0.3,331613.0,
NSE:RATNAVEER,Ratnaveer Precision Engineering Limited,INE05CZ01011,EQ,Materials,Steel,Micro,2895.0,345.0,18.7,3.5,354.5,130.5,2.7,0.0,,,50.1,7631453.0,
NSE:JINDALPOLY,Jindal Poly Films Limited,INE197D01010,EQ,Consumer Discretionary,Packaging & Containers,Micro,2883.0,658.4,,0.94,1026.45,365.0,35.9,5.9,0.82,-29.9,131.6,36359.0,
NSE:CONFIPET,Confidence Petroleum India Limited,INE552D01024,EQ,Oil Gas & Consumable Fuels,Oil & Gas Refining & Marketing,Micro,2863.0,86.17,21.3,2.03,93.2,28.06,7.5,0.1,0.12,,49.4,3410834.0,
NSE:SUNDROP,Sundrop Brands Limited,INE209A01019,EQ,Fast Moving Consumer Goods,Packaged Foods,Micro,2846.0,755.0,102.3,1.93,823.95,556.0,8.4,0.0,,,0.9,30677.0,
NSE:MONARCH,Monarch Networth Capital Limited,INE903D01011,EQ,Financial Services,Capital Markets,Micro,2831.0,357.0,15.7,2.91,406.95,235.45,12.3,1.0,0.29,,3.8,208929.0,
NSE:INTERARCH,Interarch Building Solutions Limited,INE00M901018,EQ,Capital Goods,Engineering & Construction,Micro,2807.0,1669.0,20.9,3.18,2762.6,1600.0,39.6,12.5,0.75,,2.0,50182.0,
NSE:NOCIL,NOCIL Limited,INE163A01018,EQ,Materials,Specialty Chemicals,Micro,2806.0,168.0,42.5,1.58,211.2,125.31,20.5,1.5,0.89,,0.5,1268542.0,
NSE:KMCSHIL,K M C Speciality Hospitals (India) Limited,INE879K01018,EQ,Healthcare,Medical Care Facilities,Micro,2800.0,171.7,50.2,13.26,178.6,128.48,3.9,0.0,,,39.8,780541.0,
NSE:STYLEBAAZA,Baazar Style Retail Limited,INE01FR01028,EQ,Consumer Discretionary,Apparel Retail,Micro,2797.0,367.4,58.3,6.08,447.1,229.95,17.8,0.0,,,221.1,1044934.0,
NSE:SBC,SBC Exports Limited,INE04AK01028,EQ,Consumer Discretionary,Apparel Manufacturing,Micro,2790.0,58.6,86.2,35.32,59.5,22.06,1.5,0.0,,,283.2,10227202.0,
NSE:NILKAMAL,Nilkamal Limited,INE310A01015,EQ,Consumer Discretionary,"Furnishings, Fixtures & Appliances",Micro,2785.0,1860.0,22.3,1.76,2149.5,1050.5,13.5,20.0,1.07,,26.5,127915.0,
NSE:RISHABH,Rishabh Instruments Limited,INE0N2P01017,EQ,Information Technology,Scientific & Technical Instruments,Micro,2778.0,718.0,34.5,3.71,852.0,315.0,15.7,2.0,0.29,,10.8,297173.0,
NSE:RPSGVENT,RPSG VENTURES LIMITED,INE425Y01011,EQ,Information Technology,Information Technology Services,Micro,2766.0,836.0,,1.1,1179.0,551.9,29.1,0.0,,,188.6,29928.0,
NSE:ROUTE,ROUTE MOBILE LIMITED,INE450U01017,EQ,Media Entertainment & Telecom,Telecom Services,Micro,2765.0,438.85,11.1,1.0,809.0,410.7,45.8,8.0,1.83,,1.5,816370.0,
NSE:GANDHAR,Gandhar Oil Refinery (India) Limited,INE717W01049,EQ,Oil Gas & Consumable Fuels,Oil & Gas Refining & Marketing,Micro,2761.0,282.1,9.2,2.04,303.17,115.0,6.9,3.25,1.15,,22.5,2843299.0,
NSE:FUSION,Fusion Finance Limited,INE139R01012,EQ,Financial Services,Credit Services,Micro,2756.0,171.5,13.9,1.13,243.0,136.5,29.4,0.0,,,227.5,771350.0,
NSE:KERNEX,Kernex Microsystems (India) Limited,INE202H01019,EQ,Information Technology,Software - Application,Micro,2755.0,1639.3,14.4,11.08,2580.0,850.0,36.5,0.0,,,65.5,304000.0,
NSE:PRINCEPIPE,Prince Pipes And Fittings Limited,INE689W01016,EQ,Capital Goods,Building Products & Equipment,Micro,2753.0,248.95,26.5,1.68,352.2,205.0,29.3,1.0,0.41,,8.8,188626.0,
NSE:MMFL,MM Forgings Limited,INE227C01017,EQ,Capital Goods,Metal Fabrication,Micro,2747.0,569.0,16.2,2.82,687.95,288.1,17.3,8.0,1.4,,126.6,159417.0,
NSE:INDNIPPON,India Nippon Electricals Limited,INE092B01025,EQ,Consumer Discretionary,Auto Parts,Micro,2737.0,1210.0,23.8,3.33,1564.0,675.0,22.6,15.5,1.27,,0.2,133122.0,
NSE:NAVNETEDUL,Navneet Education Limited,INE060A01024,EQ,Media Entertainment & Telecom,Publishing,Micro,2736.0,123.7,8.1,1.33,166.0,120.35,25.5,4.5,3.63,,5.1,182832.0,
NSE:SHUKRAPHAR,Shukra Pharmaceuticals Limited,INE551C01044,EQ,Healthcare,Drug Manufacturers - Specialty & Generic,Micro,2733.0,62.0,79.5,29.61,65.4,40.06,5.2,0.01,0.02,,5.6,3224144.0,
NSE:ADOR,Ador Welding Limited,INE045A01017,EQ,Capital Goods,Specialty Industrial Machinery,Micro,2729.0,1568.0,24.1,4.92,1766.4,848.0,11.2,23.0,1.46,,0.5,58246.0,
NSE:HGINFRA,H.G. Infra Engineering Limited,INE926X01010,EQ,Capital Goods,Engineering & Construction,Micro,2725.0,418.15,14.6,0.83,954.0,409.0,56.2,2.0,0.48,,153.3,359136.0,
NSE:BALMLAWRIE,Balmer Lawrie & Company Limited,INE164A01016,EQ,Capital Goods,Conglomerates,Micro,2725.0,159.35,9.8,1.32,211.59,148.36,24.7,17.0,10.67,,10.5,129111.0,
NSE:ARVSMART,Arvind SmartSpaces Limited,INE034S01021,EQ,Realty,Real Estate - Development,Micro,2720.0,593.0,14.7,4.01,707.85,486.8,16.2,2.25,0.38,,65.1,298241.0,
NSE:GIPCL,Gujarat Industries Power Company Limited,INE162A01010,EQ,Power,Utilities - Regulated Electric,Micro,2720.0,175.25,5.4,0.71,211.71,119.9,17.2,4.1,2.35,,93.6,674814.0,
NSE:MANGLMCEM,Mangalam Cement Limited,INE347A01017,EQ,Materials,Building Materials,Micro,2717.0,988.0,23.7,2.78,1120.0,679.35,11.8,1.5,0.15,,90.9,128491.0,
NSE:UFBL,United Foodbrands Limited,INE382M01027,BE,Consumer Discretionary,Restaurants,Micro,2711.0,693.0,,8.73,850.0,172.34,18.5,0.0,,,275.5,96162.0,
NSE:HIKAL,Hikal Limited,INE475B01022,EQ,Healthcare,Drug Manufacturers - Specialty & Generic,Micro,2694.0,218.5,,2.25,261.0,146.25,16.3,0.6,0.28,,57.0,1674067.0,
NSE:STALLION,Stallion India Fluorochemicals Limited,INE0RYC01010,BE,Materials,Specialty Chemicals,Micro,2693.0,232.0,40.0,2.8,423.8,99.32,45.3,0.0,,,5.1,1993245.0,
NSE:ALEMBICLTD,Alembic Limited,INE426A01027,EQ,Realty,Real Estate - Development,Micro,2682.0,104.45,8.4,1.1,117.72,70.46,11.3,2.4,2.31,,0.4,1222262.0,
NSE:STOVEKRAFT,Stove Kraft Limited,INE00IN01015,EQ,Consumer Discretionary,"Furnishings, Fixtures & Appliances",Micro,2682.0,810.0,55.0,5.31,877.0,447.05,7.6,3.5,0.43,,23.2,210479.0,
NSE:KABRAEXTRU,Kabra Extrusion Technik Limited,INE900B01029,BE,Capital Goods,Specialty Industrial Machinery,Micro,2676.0,765.3,5102.0,6.06,888.7,180.0,13.9,2.5,0.89,,32.9,371082.0,
NSE:MAITHANALL,Maithan Alloys Limited,INE683C01011,EQ,Materials,Steel,Micro,2675.0,919.0,9.2,0.64,1210.1,831.2,24.1,17.0,1.83,,5.7,77968.0,
NSE:XPROINDIA,Xpro India Limited,INE445C01015,EQ,Materials,Specialty Chemicals,Micro,2662.0,1134.0,79.9,3.5,1574.8,788.05,28.0,2.0,0.18,,40.7,100042.0,
NSE:SPORTKING,Sportking India Limited,INE885H01029,EQ,Consumer Discretionary,Textile Manufacturing,Micro,2661.0,209.1,16.5,2.41,241.51,78.17,13.4,1.0,0.48,,42.3,656060.0,
NSE:NSIL,Nalwa Sons Investments Limited,INE023A01030,EQ,Financial Services,Asset Management,Micro,2660.0,5179.5,46.2,0.18,8730.0,4700.0,40.7,0.0,,,0.0,2031.0,
NSE:VIMTALABS,Vimta Labs Limited,INE579C01029,EQ,Healthcare,Diagnostics & Research,Micro,2637.0,590.0,33.1,5.77,774.7,376.05,23.8,2.0,0.34,,0.7,388109.0,
NSE:SASKEN,Sasken Technologies Limited,INE231F01020,EQ,Information Technology,Information Technology Services,Micro,2624.0,1727.0,37.9,3.07,2780.2,991.0,37.9,26.0,1.51,7.0,3.2,25921.0,
NSE:RAMCOIND,Ramco Industries Limited,INE614A01028,EQ,Capital Goods,Building Products & Equipment,Micro,2623.0,302.05,8.0,0.58,395.5,230.65,23.6,1.25,0.41,,3.8,582523.0,
NSE:SUNCLAY,Sundaram Clayton Limited,INE0Q3R01026,EQ,Capital Goods,Metal Fabrication,Micro,2612.0,1185.0,10.4,2.02,1728.0,1112.8,31.4,4.5,0.38,,100.2,7814.0,
NSE:VINCOFE,Vintage Coffee And Beverages Limited,INE498Q01014,EQ,Fast Moving Consumer Goods,Beverages - Non-Alcoholic,Micro,2611.0,179.25,32.3,4.6,191.35,120.24,6.3,0.15,0.08,,21.7,2652108.0,
NSE:GANECOS,Ganesha Ecosphere Limited,INE845D01014,EQ,Consumer Discretionary,Textile Manufacturing,Micro,2609.0,975.7,46.3,2.05,1268.0,653.55,23.1,3.5,0.36,,38.9,156530.0,
NSE:PROTEAN,Protean eGov Technologies Limited,INE004A01022,EQ,Information Technology,Information Technology Services,Micro,2603.0,638.25,31.5,2.4,909.5,444.0,29.8,10.0,1.56,,8.1,780798.0,
NSE:TALBROAUTO,Talbros Automotive Components Limited,INE187D01029,EQ,Consumer Discretionary,Auto Parts,Micro,2599.0,421.0,23.2,3.5,485.8,219.9,13.3,0.75,0.18,,11.3,251237.0,
NSE:NIITMTS,NIIT Learning Systems Limited,INE342G01023,EQ,Fast Moving Consumer Goods,Education & Training Services,Micro,2590.0,187.95,10.3,1.67,443.9,185.0,57.7,3.25,1.7,,20.6,369790.0,
NSE:GATEWAY,Gateway Distriparks Limited,INE079J01017,EQ,Capital Goods,Integrated Freight & Logistics,Micro,2589.0,51.81,10.6,1.12,65.42,48.1,20.8,2.0,3.86,,25.4,977337.0,
NSE:MARATHON,Marathon Nextgen Realty Limited,INE182D01020,EQ,Realty,Real Estate - Development,Micro,2583.0,383.0,12.5,1.11,678.05,344.05,43.5,1.0,0.26,,4.3,200888.0,
NSE:MUFIN,Mufin Green Finance Limited,INE08KJ01020,EQ,Financial Services,Credit Services,Micro,2572.0,129.81,60.4,3.98,141.5,85.13,8.3,0.0,,,243.2,897473.0,
NSE:DIAMONDYD,Prataap Snacks Limited,INE393P01035,EQ,Fast Moving Consumer Goods,Packaged Foods,Micro,2572.0,1075.0,222.6,3.67,1245.0,858.9,13.7,0.5,0.05,1.4,6.5,37541.0,
NSE:DDEVPLSTIK,Ddev Plastiks Industries Limited,INE0HR601026,EQ,Materials,Specialty Chemicals,Micro,2562.0,247.55,12.0,2.53,360.0,185.15,31.2,1.75,0.71,,5.6,140417.0,
NSE:EFCIL,EFC (I) Limited,INE886D01026,EQ,Realty,Real Estate Services,Micro,2548.0,172.2,9.4,2.93,335.85,167.05,48.7,0.0,,,172.8,321642.0,
NSE:AUTOAXLES,Automotive Axles Limited,INE449A01011,EQ,Consumer Discretionary,Auto Parts,Micro,2539.0,1679.9,14.6,2.31,2115.0,1540.2,20.6,32.0,1.9,,1.3,9139.0,
NSE:DOLPHIN,Dolphin Offshore Enterprises (India) Limited,INE920A01037,EQ,Oil Gas & Consumable Fuels,Oil & Gas Equipment & Services,Micro,2520.0,630.0,34.9,7.13,749.5,322.0,15.9,0.0,,,57.5,81503.0,
NSE:SOMANYCERA,Somany Ceramics Limited,INE355A01028,EQ,Capital Goods,Building Products & Equipment,Micro,2520.0,614.45,23.8,2.99,627.3,332.0,2.0,9.0,1.47,,40.7,169452.0,
NSE:HUBTOWN,Hubtown Limited,INE703H01016,EQ,Realty,Real Estate - Development,Micro,2508.0,176.5,27.1,0.95,339.0,165.55,47.9,0.0,,,44.9,537566.0,
NSE:SATIN,Satin Creditcare Network Limited,INE836B01017,EQ,Financial Services,Credit Services,Micro,2505.0,227.73,6.1,0.87,274.14,135.81,16.9,0.0,,,383.3,432241.0,
NSE:INDORAMA,Indo Rama Synthetics (India) Limited,INE156A01020,EQ,Consumer Discretionary,Textile Manufacturing,Micro,2501.0,95.8,15.5,4.81,112.3,29.0,14.7,0.0,,,219.6,1280218.0,
NSE:DREDGECORP,Dredging Corporation of India Limited,INE506A01018,EQ,Capital Goods,Engineering & Construction,Micro,2495.0,891.0,50.5,2.01,1286.0,538.0,30.7,0.0,,3.2,88.8,130391.0,
NSE:ORIENTHOT,Oriental Hotels Limited,INE750A01020,EQ,Consumer Discretionary,Lodging,Micro,2491.0,139.5,37.5,3.27,148.8,80.0,6.3,0.65,0.46,,17.1,1804580.0,
NSE:GNA,GNA Axles Limited,INE934S01014,EQ,Consumer Discretionary,Auto Parts,Micro,2490.0,580.0,18.8,2.48,648.0,295.0,10.5,3.0,0.52,12.3,21.7,712253.0,
NSE:FMGOETZE,Federal-Mogul Goetze (India) Limited.,INE529A01010,EQ,Consumer Discretionary,Auto Parts,Micro,2487.0,447.0,14.5,1.73,641.1,358.0,30.3,15.0,3.38,,0.1,1295595.0,
NSE:MUKANDLTD,Mukand Limited,INE304A01026,EQ,Materials,Steel,Micro,2484.0,171.88,3.9,1.63,184.8,114.31,7.0,2.0,1.16,,111.5,287049.0,
NSE:PATELENG,Patel Engineering Limited,INE244B01030,EQ,Capital Goods,Engineering & Construction,Micro,2483.0,26.0,8.9,0.61,38.8,22.0,33.0,0.0,,,27.4,3378902.0,
NSE:GLOBUSSPR,Globus Spirits Limited,INE615I01010,EQ,Fast Moving Consumer Goods,Beverages - Wineries & Distilleries,Micro,2470.0,785.0,6.7,2.06,1252.8,775.0,37.3,6.53,0.83,,48.4,114511.0,
NSE:TASTYBITE,Tasty Bite Eatables Limited,INE488B01017,EQ,Fast Moving Consumer Goods,Packaged Foods,Micro,2450.0,9548.0,68.2,7.16,10544.0,6430.0,9.4,10.0,0.11,,12.3,7840.0,
NSE:EPACKPEB,EPack Prefab Technologies Limited,INE0MLS01022,EQ,Capital Goods,Engineering & Construction,Micro,2443.0,242.73,25.8,3.32,344.0,132.17,29.4,0.0,,,15.6,1039737.0,
NSE:SIYSIL,Siyaram Silk Mills Limited,INE076B01028,EQ,Consumer Discretionary,Textile Manufacturing,Micro,2436.0,537.0,10.3,1.67,848.8,433.35,36.7,17.0,3.2,,24.1,49124.0,
NSE:PIXTRANS,Pix Transmissions Limited,INE751B01018,EQ,Capital Goods,Specialty Industrial Machinery,Micro,2418.0,1774.8,18.3,3.47,2089.0,1252.0,15.0,9.0,0.5,,3.5,63700.0,
NSE:VENUSREM,Venus Remedies Limited,INE411B01019,EQ,Healthcare,Drug Manufacturers - Specialty & Generic,Micro,2416.0,1805.0,20.8,3.63,2044.3,432.1,11.7,10.0,0.56,,1.9,42047.0,
NSE:UEL,Ujaas Energy Limited,INE899L01030,EQ,Information Technology,Solar,Micro,2415.0,181.0,2011.1,27.23,284.2,101.88,36.3,0.0,,,27.1,25898.0,
NSE:JNKINDIA,JNK India Limited,INE0OAF01028,EQ,Capital Goods,Specialty Industrial Machinery,Micro,2412.0,431.0,32.0,4.25,558.0,200.92,22.8,0.3,0.07,,16.0,363470.0,
NSE:FLAIR,Flair Writing Industries Limited,INE00Y201027,EQ,Capital Goods,Business Equipment & Supplies,Micro,2410.0,228.7,17.3,2.11,345.0,216.82,33.7,1.0,0.44,,5.8,123263.0,
NSE:UTKARSHBNK,Utkarsh Small Finance Bank Limited,INE735W01017,EQ,Financial Services,Banks - Regional,Micro,2399.0,13.48,,0.86,22.03,10.12,38.8,0.0,,,,8832764.0,
NSE:BODALCHEM,Bodal Chemicals Limited,INE338D01028,BE,Materials,Specialty Chemicals,Micro,2393.0,190.0,34.9,2.06,207.7,42.81,8.5,0.0,,,70.3,1989025.0,
NSE:SAKAR,Sakar Healthcare Limited,INE732S01012,EQ,Healthcare,Drug Manufacturers - Specialty & Generic,Micro,2390.0,1089.0,79.1,7.46,1229.85,345.5,11.5,0.0,,,21.7,167431.0,
NSE:ORIENTCEM,Orient Cement Limited,INE876N01018,EQ,Materials,Building Materials,Micro,2387.0,116.2,11.4,1.11,226.86,114.3,48.8,0.5,0.43,,3.4,331563.0,
NSE:SPAL,S. P. Apparels Limited,INE212I01016,EQ,Consumer Discretionary,Apparel Manufacturing,Micro,2386.0,949.0,22.7,2.52,1221.9,600.0,22.3,3.0,0.32,,44.6,106734.0,
NSE:JGCHEM,J.G.Chemicals Limited,INE0MB501011,EQ,Materials,Other Industrial Metals & Mining,Micro,2383.0,608.05,31.7,4.55,688.0,298.4,11.6,1.1,0.18,,1.2,684871.0,
NSE:TECHNVISN,TechNVision Ventures Limited,INE314H01012,EQ,Information Technology,Software - Application,Micro,2362.0,3763.5,769.6,157.4,5550.0,3702.0,32.2,0.0,,,132.0,457.0,
NSE:AJMERA,Ajmera Realty & Infra India Limited,INE298G01035,EQ,Realty,Real Estate - Development,Micro,2362.0,120.0,15.3,1.69,221.4,98.03,45.8,1.0,0.84,,46.8,340183.0,
NSE:ROSSARI,Rossari Biotech Limited,INE02A801020,EQ,Materials,Specialty Chemicals,Micro,2354.0,425.0,15.6,1.77,690.3,375.0,38.4,0.5,0.12,,32.7,78011.0,
NSE:SHANTIGOLD,Shanti Gold International Limited,INE06ZD01017,EQ,Consumer Discretionary,Luxury Goods,Micro,2351.0,306.4,13.1,3.38,333.09,155.0,8.0,0.0,,,36.1,2645724.0,
NSE:PENIND,Pennar Industries Limited,INE932A01024,EQ,Capital Goods,Specialty Industrial Machinery,Micro,2351.0,174.2,16.5,2.02,279.9,129.1,37.8,0.0,,,99.9,535032.0,
NSE:DCAL,Dishman Carbogen Amcis Limited,INE385W01011,EQ,Healthcare,Biotechnology,Micro,2345.0,149.6,24.1,0.35,306.0,128.5,51.1,0.0,,,46.1,305061.0,
NSE:BBL,Bharat Bijlee Limited,INE464A01036,EQ,Capital Goods,Electrical Equipment & Parts,Micro,2336.0,2067.0,20.9,1.15,3411.0,2050.1,39.4,35.0,1.69,,15.1,27891.0,
NSE:GKENERGY,GK Energy Limited,INE1AG301022,EQ,Power,Utilities - Renewable,Micro,2330.0,114.88,9.6,2.63,239.6,87.2,52.1,0.5,0.44,,23.2,647998.0,
NSE:KITEX,Kitex Garments Limited,INE602G01020,EQ,Consumer Discretionary,Apparel Manufacturing,Micro,2329.0,116.75,,2.22,232.7,114.36,49.8,0.5,0.43,,96.8,450091.0,
NSE:ZAGGLE,Zaggle Prepaid Ocean Services Limited,INE07K301024,EQ,Information Technology,Software - Infrastructure,Micro,2313.0,171.7,17.8,1.77,405.4,154.36,57.6,0.0,,,3.9,2497581.0,
NSE:SAIPARENT,Sai Parenterals Limited,INE0H9F01037,EQ,Healthcare,Drug Manufacturers - General,Micro,2310.0,522.8,111.0,3.49,706.0,400.0,25.9,0.0,,,49.1,121507.0,
NSE:INDOCO,Indoco Remedies Limited,INE873D01024,EQ,Healthcare,Drug Manufacturers - Specialty & Generic,Micro,2305.0,250.05,352.2,2.24,317.35,162.19,21.2,0.2,0.08,,116.9,1062603.0,
NSE:EVEREADY,Eveready Industries India Limited,INE128A01029,EQ,Capital Goods,Electrical Equipment & Parts,Micro,2304.0,317.0,12.9,3.7,394.0,259.65,19.5,2.5,0.79,,32.4,129367.0,
NSE:EASEMYTRIP,Easy Trip Planners Limited,INE07O001026,EQ,Consumer Discretionary,Travel Services,Micro,2303.0,5.78,,2.45,10.6,5.71,45.5,0.0,,,4.4,18220357.0,
NSE:RAJRATAN,Rajratan Global Wire Limited,INE451D01029,EQ,Materials,Steel,Micro,2300.0,453.0,28.9,3.54,563.95,305.55,19.7,2.0,0.44,,49.8,195231.0,
NSE:STLNETWORK,STL Networks Limited,INE1VXE01018,EQ,Media Entertainment & Telecom,Telecom Services,Micro,2300.0,47.1,,2.87,56.5,15.75,16.6,0.0,,,116.8,3821462.0,
NSE:VEEDOL,Veedol Corporation Limited,INE484C01030,EQ,Materials,Specialty Chemicals,Micro,2298.0,1352.0,10.4,2.22,1963.8,1238.2,31.2,58.0,4.28,,1.5,11887.0,
NSE:FISCHER,Fischer Medical Ventures Limited,INE771F01041,EQ,Healthcare,Medical Devices,Micro,2298.0,33.58,74.6,5.64,121.7,31.05,72.4,0.05,0.15,,27.7,1631499.0,
NSE:FREDUN,Fredun Pharmaceuticals Limited,INE194R01017,EQ,Healthcare,Drug Manufacturers - Specialty & Generic,Micro,2295.0,1358.0,58.9,8.02,1536.0,1195.2,11.6,0.7,0.05,,87.1,52134.0,
NSE:ASIANENE,Asian Energy Services Limited,INE276G01015,EQ,Oil Gas & Consumable Fuels,Oil & Gas Equipment & Services,Micro,2284.0,470.0,37.3,4.26,565.7,230.0,16.9,1.25,0.27,,32.1,522598.0,
NSE:VENKEYS,Venky's (India) Limited,INE398A01010,EQ,Fast Moving Consumer Goods,Farm Products,Micro,2282.0,1620.0,13.2,1.43,1814.9,1165.0,10.7,10.0,0.62,,10.4,89465.0,
NSE:SIRCA,Sirca Paints India Limited,INE792Z01011,EQ,Materials,Specialty Chemicals,Micro,2277.0,400.0,33.6,4.78,539.0,385.0,25.8,2.0,0.5,,6.8,339475.0,
NSE:MVELECTRO,MV Electrosystems Limited,INE0OWZ01020,EQ,Capital Goods,Electrical Equipment & Parts,Micro,2274.0,833.55,,27.26,948.0,516.55,12.1,0.0,,,89.8,5169461.0,
NSE:SYNCOMF,Syncom Formulations (India) Limited,INE312C01025,EQ,Healthcare,Drug Manufacturers - Specialty & Generic,Micro,2255.0,23.99,26.7,5.39,27.49,10.21,12.7,0.1,0.42,,0.4,14539111.0,
NSE:ESAFSFB,ESAF Small Finance Bank Limited,INE818W01011,BE,Financial Services,Banks - Regional,Micro,2252.0,43.63,,1.26,46.0,19.78,5.2,0.0,,,,2289173.0,
NSE:THEJO,Thejo Engineering Limited,INE121N01019,EQ,Capital Goods,Specialty Industrial Machinery,Micro,2241.0,2066.0,40.1,6.32,2286.6,1443.6,9.6,5.0,0.24,,10.8,9496.0,
NSE:APOLLOPIPE,Apollo Pipes Limited,INE126J01016,EQ,Capital Goods,Building Products & Equipment,Micro,2234.0,508.7,,2.74,668.8,252.1,23.9,0.7,0.14,,13.9,325697.0,
NSE:BNAGROCHEM,BN Agrochem Limited,INE00HZ01011,EQ,Fast Moving Consumer Goods,Packaged Foods,Micro,2234.0,228.48,130.6,4.82,249.0,192.23,8.2,0.0,,,10.9,24281.0,
NSE:HINDOILEXP,Hindustan Oil Exploration Company Limited,INE345A01011,EQ,Oil Gas & Consumable Fuels,Oil & Gas E&P,Micro,2228.0,168.47,89.1,1.6,201.44,117.5,16.4,0.0,,,3.6,1254468.0,
NSE:BLUSPRING,Bluspring Enterprises Limited,INE0U4101014,EQ,Capital Goods,Specialty Business Services,Micro,2228.0,149.0,,3.28,152.5,43.98,2.3,0.0,,,18.4,592279.0,
NSE:WINDLAS,Windlas Biotech Limited,INE0H5O01029,EQ,Healthcare,Drug Manufacturers - Specialty & Generic,Micro,2220.0,1075.8,34.5,3.91,1181.9,697.4,9.0,6.3,0.58,,6.1,147766.0,
NSE:PARKHOTELS,Apeejay Surrendra Park Hotels Limited,INE988S01028,EQ,Consumer Discretionary,Lodging,Micro,2208.0,103.48,34.6,1.64,158.36,95.1,34.7,0.75,0.72,,27.8,170367.0,
NSE:KNACK,Knack Packaging Limited,INE17QZ01016,EQ,Consumer Discretionary,Packaging & Containers,Micro,2206.0,180.3,21.5,5.85,222.0,171.1,18.8,0.0,,,66.8,2406074.0,
NSE:MEDIASSIST,Medi Assist Healthcare Services Limited,INE456Z01021,EQ,Healthcare,Healthcare Plans,Micro,2204.0,295.0,23.3,2.56,575.55,291.25,48.7,2.0,0.67,,6.4,206583.0,
NSE:ARKADE,Arkade Developers Limited,INE0QRL01017,EQ,Realty,Real Estate - Development,Micro,2204.0,118.7,,2.5,180.0,92.62,34.1,2.0,1.42,,11.2,457864.0,
NSE:PANACEABIO,Panacea Biotec Limited,INE922B01023,EQ,Healthcare,Biotechnology,Micro,2196.0,358.5,,2.79,647.0,292.4,44.6,0.0,,,2.9,159180.0,
NSE:MOLDTKPAC,Mold-Tek Packaging Limited,INE893J01029,EQ,Consumer Discretionary,Packaging & Containers,Micro,2188.0,658.5,28.8,3.17,815.0,464.9,19.2,6.0,0.91,,31.9,83132.0,
NSE:GMBREW,GM Breweries Limited,INE075D01018,EQ,Fast Moving Consumer Goods,Beverages - Wineries & Distilleries,Micro,2186.0,957.0,13.0,2.03,1328.8,728.8,28.0,9.0,0.95,,3.2,55133.0,
NSE:RANEHOLDIN,Rane Holdings Limited,INE384A01010,EQ,Consumer Discretionary,Auto Parts,Micro,2185.0,1530.0,25.9,1.89,1894.5,981.0,19.2,47.0,3.09,,71.6,18533.0,
NSE:POKARNA,Pokarna Limited,INE637C01025,EQ,Capital Goods,Building Products & Equipment,Micro,2170.0,700.05,22.9,2.53,1146.2,684.55,38.9,0.6,0.09,,53.5,98293.0,
NSE:BRIGHOTEL,Brigade Hotel Ventures Limited,INE03NU01014,EQ,Consumer Discretionary,Lodging,Micro,2165.0,57.01,31.7,2.26,87.79,54.36,35.1,0.0,,,31.4,124739.0,
NSE:COSMOFIRST,COSMO FIRST LIMITED,INE757A01017,EQ,Consumer Discretionary,Packaging & Containers,Micro,2147.0,827.25,13.0,1.34,996.0,560.8,16.9,4.0,0.48,,103.9,108886.0,
NSE:AEROPLANE,Amir Chand Jagdish Kumar (Exports) Limited,INE05TO01019,EQ,Fast Moving Consumer Goods,Farm Products,Micro,2145.0,207.15,17.3,1.9,212.07,117.02,2.3,0.0,,,82.0,717239.0,
NSE:AURUM,Aurum PropTech Limited,INE898S01029,EQ,Realty,Real Estate Services,Micro,2135.0,221.16,39.4,2.69,264.64,151.9,16.4,0.0,,,44.1,275891.0,
NSE:NITCO,Nitco Limited,INE858F01012,EQ,Capital Goods,Building Products & Equipment,Micro,2134.0,84.5,,5.26,119.4,64.0,29.2,0.0,,,86.3,953766.0,
NSE:PRAKASH,Prakash Industries Limited,INE603A01013,EQ,Materials,Steel,Micro,2131.0,119.0,6.8,0.59,172.9,110.24,31.2,1.8,1.52,,14.4,496903.0,
NSE:MACPOWER,Macpower CNC Machines Limited,INE155Z01011,EQ,Capital Goods,Specialty Industrial Machinery,Micro,2131.0,2130.5,54.9,12.16,2234.7,761.0,4.7,1.5,0.07,,0.4,56790.0,
NSE:QUADFUTURE,Quadrant Future Tek Limited,INE0LRY01011,EQ,Capital Goods,Railroads,Micro,2127.0,531.75,,7.59,567.2,248.55,6.3,0.0,,,10.2,1295137.0,
NSE:SHRINGARMS,Shringar House of Mangalsutra Limited,INE1B3L01017,EQ,Consumer Discretionary,Luxury Goods,Micro,2122.0,220.0,15.6,3.13,266.5,166.0,17.4,0.0,,,27.9,560184.0,
NSE:BOMDYEING,Bombay Dyeing & Mfg Company Limited,INE032A01023,EQ,Consumer Discretionary,Textile Manufacturing,Micro,2117.0,102.5,105.7,0.93,180.75,92.0,43.3,0.4,0.39,,0.1,660483.0,
NSE:EXICOM,Exicom Tele-Systems Limited,INE777F01014,EQ,Capital Goods,Electrical Equipment & Parts,Micro,2113.0,151.92,,3.14,189.17,75.6,19.7,0.0,,,109.5,1697244.0,
NSE:GEOJITFSL,Geojit Financial Services Limited,INE007B01023,EQ,Financial Services,Capital Markets,Micro,2107.0,75.48,29.0,1.75,86.5,50.86,12.7,1.5,1.98,,9.5,377055.0,
NSE:GSPCROP,GSP Crop Science Limited,INE713R01022,EQ,Materials,Agricultural Inputs,Micro,2103.0,452.0,20.9,2.36,667.95,328.0,32.3,1.0,0.22,,34.0,407975.0,
NSE:REPCOHOME,Repco Home Finance Limited,INE612J01015,EQ,Financial Services,Mortgage Finance,Micro,2102.0,336.0,4.4,0.52,455.9,332.4,26.3,12.0,3.55,,302.1,95659.0,
NSE:ORISSAMINE,The Orissa Minerals Development Company Limited,INE725E01024,EQ,Materials,Steel,Micro,2101.0,3501.0,618.6,-38.44,6138.9,3100.5,43.0,0.0,,,,24543.0,
NSE:SMCGLOBAL,SMC Global Securities Limited,INE103C01036,EQ,Financial Services,Capital Markets,Micro,2088.0,99.7,20.5,1.6,107.0,54.44,6.8,1.2,1.21,,163.3,2351895.0,
NSE:BETA,Beta Drugs Limited,INE351Y01019,EQ,Healthcare,Drug Manufacturers - Specialty & Generic,Micro,2083.0,2055.0,46.5,8.51,2807.9,990.1,26.8,0.0,,,60.4,39435.0,
NSE:HMT,HMT Limited,INE262A01018,BZ,Capital Goods,Farm & Heavy Construction Machinery,Micro,2063.0,58.02,,-1.02,72.95,41.0,20.5,0.0,,,,14032.0,
NSE:TIL,TIL Limited,INE806C01018,BE,Capital Goods,Farm & Heavy Construction Machinery,Micro,2061.0,250.0,,15.84,334.7,161.25,25.3,0.0,,,344.4,988105.0,
NSE:KICL,Kalyani Investment Company Limited,INE029L01018,EQ,Financial Services,Asset Management,Micro,2060.0,4720.0,50.8,0.18,6554.9,4011.0,28.0,10.0,0.21,,,1591.0,
NSE:DYCL,Dynamic Cables Limited,INE600Y01019,EQ,Capital Goods,Electrical Equipment & Parts,Micro,2055.0,424.0,22.6,4.49,560.0,236.8,24.3,0.5,0.12,,9.4,1371150.0,
NSE:RAMCOSYS,Ramco Systems Limited,INE246B01019,EQ,Information Technology,Software - Application,Micro,2053.0,545.6,49.5,5.83,967.5,342.1,43.6,0.0,,,12.1,632745.0,
NSE:VERANDA,Veranda Learning Solutions Limited,INE0IQ001011,EQ,Fast Moving Consumer Goods,Education & Training Services,Micro,2049.0,212.3,14.6,2.13,272.5,130.02,22.1,0.0,,,39.9,620411.0,
NSE:SANSTAR,Sanstar Limited,INE08NE01025,EQ,Materials,Chemicals,Micro,2047.0,102.2,42.4,2.68,137.49,74.3,25.7,0.0,,,2.9,252209.0,
NSE:ADVAIT,Advait Energy Transitions Limited,INE0ALI01010,EQ,Capital Goods,Specialty Industrial Machinery,Micro,2032.0,1858.3,35.5,7.31,2485.0,1351.0,25.2,2.0,0.11,,44.0,50821.0,
NSE:MOTISONS,Motisons Jewellers Limited,INE0FRK01020,EQ,Consumer Discretionary,Luxury Goods,Micro,2032.0,17.86,26.3,3.71,19.78,10.62,9.7,0.0,,,7.8,55476018.0,
NSE:NELCO,NELCO Limited,INE045B01015,EQ,Information Technology,Communication Equipment,Micro,2029.0,889.0,526.0,15.75,1120.0,500.1,20.6,1.0,0.11,,56.5,403720.0,
NSE:OMAXE,Omaxe Limited,INE800H01010,EQ,Realty,Real Estate - Development,Micro,2011.0,109.5,,-2.22,138.89,62.5,21.2,0.0,,,,3935514.0,
NSE:JISLJALEQS,Jain Irrigation Systems Limited,INE175A01038,EQ,Capital Goods,Conglomerates,Micro,2006.0,27.35,,0.34,55.79,26.11,51.0,0.0,,,71.8,3252194.0,
NSE:INDIAGLYCO,India Glycols Limited,INE560A01023,EQ,Materials,Chemicals,Micro,2004.0,299.0,8.1,0.68,1222.0,217.0,75.5,12.5,4.18,,57.6,412634.0,
NSE:SIMPLEXINF,Simplex Infrastructures Limited,INE059B01024,EQ,Capital Goods,Engineering & Construction,Micro,1993.0,252.0,43.0,2.01,318.0,137.0,20.8,0.0,,,167.8,116351.0,
NSE:TAJGVK,Taj GVK Hotels & Resorts Limited,INE586B01026,EQ,Consumer Discretionary,Lodging,Micro,1979.0,315.55,4.8,1.94,438.25,281.35,28.0,2.0,0.64,,9.0,105284.0,
NSE:BCG,Brightcom Group Limited,INE425B01027,EQ,Media Entertainment & Telecom,Advertising Agencies,Micro,1978.0,9.8,1.9,0.19,15.11,7.7,35.1,0.0,,,,6650486.0,
NSE:KCP,KCP Limited,INE805C01028,EQ,Materials,Building Materials,Micro,1976.0,153.25,11.6,1.11,207.8,125.0,26.3,1.0,0.65,13.1,29.4,174216.0,
NSE:SAGCEM,Sagar Cements Limited,INE229C01021,EQ,Materials,Building Materials,Micro,1974.0,150.99,,1.17,257.64,141.52,41.4,0.0,,,91.8,51629.0,
NSE:DELTACORP,Delta Corp Limited,INE124G01033,EQ,Consumer Discretionary,Resorts & Casinos,Micro,1973.0,73.68,,0.88,87.9,48.3,16.2,0.5,0.68,,2.2,4473661.0,
NSE:MARSONS,Marsons Limited,INE415B01044,EQ,Capital Goods,Electrical Equipment & Parts,Micro,1962.0,114.0,44.5,9.04,175.4,100.25,35.0,0.0,,,0.3,2505808.0,
NSE:TCIEXP,TCI Express Limited,INE586V01016,EQ,Capital Goods,Integrated Freight & Logistics,Micro,1959.0,509.5,24.0,2.39,736.4,447.55,30.8,12.0,2.38,,7.7,221851.0,
NSE:EUROPRATIK,Euro Pratik Sales Limited,INE198501012,EQ,Materials,Building Materials,Micro,1952.0,191.0,22.7,6.31,390.0,184.71,51.0,0.4,0.21,,7.6,195396.0,
NSE:ONEPOINT,One Point One Solutions Limited,INE840Y01029,EQ,Capital Goods,Specialty Business Services,Micro,1951.0,74.2,43.4,4.4,74.5,40.58,0.4,0.0,,,47.6,2031047.0,
NSE:MAHASTEEL,Mahamaya Steel Industries Limited,INE451L01014,BE,Materials,Steel,Micro,1947.0,1184.8,196.5,12.25,1421.0,452.5,16.6,0.0,,,36.6,13419.0,
NSE:GREENPANEL,Greenpanel Industries Limited,INE08ZM01014,EQ,Materials,Lumber & Wood Production,Micro,1942.0,158.4,293.3,1.43,314.0,148.51,49.6,0.5,0.32,,27.3,318488.0,
NSE:INA,Insolation Energy Limited,INE0LGX01024,EQ,Information Technology,Solar,Micro,1939.0,87.95,9.7,2.41,161.81,79.75,45.6,0.0,,,109.8,1625199.0,
NSE:LANDMARK,Landmark Cars Limited,INE559R01029,EQ,Consumer Discretionary,Auto & Truck Dealerships,Micro,1931.0,465.8,43.0,3.3,662.0,339.5,29.6,1.5,0.32,,173.7,1220582.0,
NSE:HONDAPOWER,Honda India Power Products Limited,INE634A01018,EQ,Capital Goods,Specialty Industrial Machinery,Micro,1926.0,1899.0,29.3,2.4,2783.0,1816.6,31.8,148.0,7.85,,0.1,3397.0,
NSE:VIDYAWIRES,Vidya Wires Limited,INE14UN01029,EQ,Capital Goods,Electrical Equipment & Parts,Micro,1925.0,90.5,30.7,3.98,117.35,42.51,22.9,0.0,,,17.8,948316.0,
NSE:SPANDANA,Spandana Sphoorty Financial Limited,INE572J01011,EQ,Financial Services,Credit Services,Micro,1919.0,216.5,,0.81,319.4,181.1,32.2,0.0,,,185.1,267334.0,
NSE:NIBE,NIBE Limited,INE149O01018,EQ,Capital Goods,Aerospace & Defense,Micro,1915.0,1235.5,,5.16,1848.0,809.6,33.1,1.3,0.11,,33.6,69895.0,
NSE:BFUTILITIE,BF Utilities Limited,INE243D01012,EQ,Capital Goods,Infrastructure Operations,Micro,1906.0,506.0,13.9,9.46,834.0,368.7,39.3,0.0,,38.9,,222248.0,
NSE:RAMKY,Ramky Infrastructure Limited,INE874I01013,EQ,Capital Goods,Engineering & Construction,Micro,1905.0,275.25,8.1,0.88,705.0,264.5,61.0,1.0,0.36,,27.4,48298.0,
NSE:SHK,S H Kelkar and Company Limited,INE500L01026,EQ,Materials,Specialty Chemicals,Micro,1904.0,137.55,21.5,1.4,243.51,111.98,43.5,2.0,1.45,,75.5,821400.0,
NSE:ALGOQUANT,Algoquant Fintech Limited,INE598D01035,EQ,Financial Services,Capital Markets,Micro,1901.0,67.63,41.7,14.08,76.2,47.8,11.2,0.0,,,25.5,1413396.0,
NSE:BAJEL,Bajel Projects Limited,INE0KQN01018,EQ,Power,Utilities - Regulated Electric,Micro,1899.0,164.1,86.4,2.54,219.64,135.1,25.3,0.6,0.37,,49.1,257168.0,
NSE:RELINFRA,Reliance Infrastructure Limited,INE036A01016,BE,Power,Utilities - Independent Power Producers,Micro,1897.0,46.48,0.6,0.11,249.58,42.56,81.4,0.0,,,17.0,313346.0,
NSE:TECHNOCRAF,Technocraft Ventures Limited,INE1D0W01018,EQ,Capital Goods,Infrastructure Operations,Micro,1889.0,477.0,10.1,8.79,496.5,284.0,3.9,0.0,,,54.9,2549268.0,
NSE:GENESYS,Genesys International Corporation Limited,INE727B01026,EQ,Information Technology,Software - Application,Micro,1880.0,281.1,55.8,1.62,612.0,168.5,54.1,0.0,,,24.5,1310804.0,
NSE:CANTABIL,Cantabil Retail India Limited,INE068L01024,EQ,Consumer Discretionary,Apparel Manufacturing,Micro,1875.0,224.17,19.2,3.92,321.5,208.5,30.3,1.5,0.67,,113.8,210660.0,
NSE:ARMANFIN,Arman Financial Services Limited,INE109C01017,EQ,Financial Services,Credit Services,Micro,1856.0,1760.0,16.0,1.98,2158.6,1301.0,18.5,0.0,,,190.3,49051.0,
NSE:PARACABLES,Paramount Communications Limited,INE074B01023,EQ,Information Technology,Communication Equipment,Micro,1848.0,56.46,28.4,2.21,75.7,28.3,25.4,0.0,,,15.8,1724962.0,
NSE:RAJESHEXPO,Rajesh Exports Limited,INE343B01030,BZ,Consumer Discretionary,Luxury Goods,Micro,1845.0,62.5,10.9,0.11,237.88,60.25,73.7,0.0,,,5.8,206638.0,
NSE:MSPL,MSP Steel & Power Limited,INE752G01015,EQ,Materials,Steel,Micro,1845.0,32.56,51.7,1.79,46.12,26.25,29.4,0.0,,,31.2,822151.0,
NSE:EMSLIMITED,EMS Limited,INE0OV601013,EQ,Capital Goods,Engineering & Construction,Micro,1844.0,332.15,27.1,1.75,576.9,256.05,42.4,1.5,0.45,,14.6,565288.0,
NSE:DEEPA,Deepa Jewellers Limited,INE1M2N01020,EQ,Consumer Discretionary,Luxury Goods,Micro,1844.0,191.8,16.7,6.61,222.0,164.79,13.6,0.0,,,49.1,8205136.0,
NSE:PFS,PTC India Financial Services Limited,INE560K01014,EQ,Financial Services,Credit Services,Micro,1843.0,28.7,8.3,0.6,40.5,23.85,29.1,0.0,,,57.4,1227656.0,
NSE:SURAKSHA,Suraksha Diagnostic Limited,INE877V01027,EQ,Healthcare,Diagnostics & Research,Micro,1828.0,351.0,51.2,7.44,360.0,224.1,2.5,0.5,0.14,,53.5,171254.0,
NSE:HESTERBIO,Hester Biosciences Limited,INE782E01017,EQ,Healthcare,Drug Manufacturers - Specialty & Generic,Micro,1825.0,2144.9,13.5,5.07,2683.6,1239.3,20.1,11.0,0.52,,53.0,28967.0,
NSE:INDIANHUME,Indian Hume Pipe Company Limited,INE323C01030,EQ,Capital Goods,Engineering & Construction,Micro,1825.0,346.5,12.8,1.23,432.0,279.8,19.8,2.0,0.58,,28.1,162298.0,
NSE:EIHAHOTELS,EIH Associated Hotels Limited,INE276C01014,EQ,Consumer Discretionary,Lodging,Micro,1812.0,297.4,20.6,3.01,403.45,266.65,26.3,3.5,1.18,,0.7,18159.0,
NSE:TEAMLEASE,Teamlease Services Limited,INE985S01024,EQ,Capital Goods,Staffing & Employment Services,Micro,1808.0,1183.3,13.4,1.9,1872.2,1065.2,36.8,0.0,,,11.0,27664.0,
NSE:RACLGEAR,RACL Geartech Limited,INE704B01017,EQ,Consumer Discretionary,Auto Parts,Micro,1801.0,1525.0,35.8,5.04,1927.7,921.8,20.9,3.0,0.2,,66.9,68509.0,
NSE:KRSNAA,Krsnaa Diagnostics Limited,INE08LI01020,EQ,Healthcare,Diagnostics & Research,Micro,1800.0,555.0,18.7,1.84,848.1,515.0,34.6,2.0,0.36,,54.5,119184.0,
NSE:NGLFINE,NGL Fine-Chem Limited,INE887E01022,EQ,Healthcare,Drug Manufacturers - General,Micro,1792.0,2900.0,31.3,5.44,3602.0,1271.0,19.5,1.75,0.06,,37.2,12366.0,
NSE:GRANDOAK,Grand Oak Canyons Distillery Limited,INE926B01016,EQ,Financial Services,Mortgage Finance,Micro,1790.0,34.5,,2.11,40.99,32.57,15.8,0.0,,,312.0,4556.0,
NSE:SAKSOFT,Saksoft Limited,INE667G01023,EQ,Information Technology,Information Technology Services,Micro,1789.0,139.2,14.0,2.28,222.99,107.59,37.6,1.1,0.79,,5.6,1249782.0,
NSE:SILVERTUC,Silver Touch Technologies Limited,INE625X01026,EQ,Information Technology,Information Technology Services,Micro,1775.0,140.0,4.9,10.49,1117.45,100.5,87.5,0.1,0.07,,19.5,540456.0,
NSE:MMWL,Media Matrix Worldwide Limited,INE200D01020,EQ,Media Entertainment & Telecom,Entertainment,Micro,1763.0,15.56,259.3,26.33,16.57,9.02,6.1,0.0,,,115.6,50467.0,
NSE:TARSONS,Tarsons Products Limited,INE144Z01023,EQ,Healthcare,Medical Instruments & Supplies,Micro,1763.0,331.3,159.3,2.76,375.0,164.45,11.7,0.0,,,61.9,742474.0,
NSE:DCXINDIA,DCX Systems Limited,INE0KL801015,EQ,Capital Goods,Aerospace & Defense,Micro,1762.0,158.15,,1.05,252.01,153.3,37.2,0.0,,,0.2,506948.0,
NSE:OAL,Oriental Aromatics Limited,INE959C01023,EQ,Materials,Specialty Chemicals,Micro,1758.0,522.4,326.5,2.65,570.0,228.0,8.4,0.5,0.09,,60.6,75472.0,
NSE:HUHTAMAKI,Huhtamaki India Limited,INE275B01026,EQ,Consumer Discretionary,Packaging & Containers,Micro,1753.0,232.1,12.9,1.3,330.0,148.6,29.7,2.0,0.86,10.6,10.7,1183135.0,
NSE:TIRUMALCHM,Thirumalai Chemicals Limited,INE338A01024,EQ,Materials,Specialty Chemicals,Micro,1749.0,145.1,,1.12,293.75,143.12,50.6,0.0,,,139.1,579288.0,
NSE:CAMLINFINE,Camlin Fine Sciences Limited,INE052I01032,EQ,Materials,Specialty Chemicals,Micro,1748.0,91.0,,1.68,211.95,89.12,57.1,0.0,,,72.0,980376.0,
NSE:AHCL,Anlon Healthcare Limited,INE0Y8W01025,EQ,Healthcare,Drug Manufacturers - Specialty & Generic,Micro,1747.0,32.86,47.6,6.43,37.24,10.37,11.8,0.0,,,17.1,20186458.0,
NSE:VIDHIING,Vidhi Specialty Food Ingredients Limited,INE632C01026,EQ,Materials,Specialty Chemicals,Micro,1743.0,349.0,32.7,5.32,387.85,258.6,10.0,7.0,2.0,,17.6,51629.0,
NSE:IGPL,IG Petrochemicals Limited,INE204A01010,EQ,Materials,Chemicals,Micro,1740.0,565.05,21.3,1.31,609.9,315.0,7.4,5.0,0.88,,27.1,87802.0,
NSE:GOCLCORP,GOCL Corporation Limited,INE077F01035,EQ,Materials,Specialty Chemicals,Micro,1740.0,351.1,6.5,0.55,461.4,223.35,23.9,30.0,8.53,,0.0,246964.0,
NSE:DIFFNKG,Diffusion Engineers Limited,INE184O01015,EQ,Capital Goods,Specialty Industrial Machinery,Micro,1725.0,464.5,31.6,4.27,519.9,216.8,10.7,1.5,0.32,,7.1,350042.0,
NSE:HPL,HPL Electric & Power Limited,INE495S01016,EQ,Capital Goods,Electrical Equipment & Parts,Micro,1723.0,268.0,18.9,1.72,479.9,255.55,44.2,1.0,0.37,,75.3,97457.0,
NSE:LAOPALA,La Opala RG Limited,INE059D01020,EQ,Consumer Discretionary,"Furnishings, Fixtures & Appliances",Micro,1722.0,155.16,18.5,2.1,250.9,153.01,38.2,5.0,3.2,,1.1,307761.0,
NSE:RGL,Renaissance Global Limited,INE722H01024,EQ,Consumer Discretionary,Luxury Goods,Micro,1720.0,160.15,15.7,1.14,173.8,85.0,7.9,0.0,,,41.6,1654964.0,
NSE:HGS,Hinduja Global Solutions Limited,INE170I01016,EQ,Capital Goods,Specialty Business Services,Micro,1711.0,367.85,,0.21,545.0,342.05,32.5,5.0,1.36,,23.3,47145.0,
NSE:BGRENERGY,BGR Energy Systems Limited,INE661I01014,BE,Capital Goods,Engineering & Construction,Micro,1710.0,237.0,,-0.6,490.8,218.0,51.7,0.0,,,,52687.0,
NSE:NUCLEUS,Nucleus Software Exports Limited,INE096B01018,EQ,Information Technology,Software - Application,Micro,1708.0,648.9,16.2,1.88,1064.8,638.05,39.1,12.5,1.93,,0.9,30764.0,
NSE:SCILAL,Shipping Corporation of India Land and Assets Limited,INE0PB301013,EQ,Realty,Real Estate Services,Micro,1706.0,36.62,60.0,0.51,55.0,34.3,33.4,0.55,1.5,,0.0,216639.0,
NSE:VOEPL,Virtuoso Optoelectronics Limited,INE0I0T01010,EQ,Information Technology,Consumer Electronics,Micro,1705.0,497.7,88.6,3.68,593.45,428.65,16.1,0.0,,,83.6,149620.0,
NSE:KROSS,Kross Limited,INE0O6601022,EQ,Consumer Discretionary,Auto Parts,Micro,1703.0,258.0,28.8,3.4,283.0,150.52,8.8,0.0,,,11.0,1274407.0,
NSE:JINDRILL,Jindal Drilling And Industries Limited,INE742C01031,EQ,Oil Gas & Consumable Fuels,Oil & Gas Equipment & Services,Micro,1703.0,587.55,8.9,0.94,704.4,440.1,16.6,1.0,0.17,,5.1,1301146.0,
NSE:INDOKEM,Indokem Limited,INE716F01012,EQ,Materials,Specialty Chemicals,Micro,1696.0,608.2,779.7,25.39,668.0,555.0,9.0,0.0,,,41.6,5465.0,
NSE:TINNARUBR,Tinna Rubber and Infrastructure Limited,INE015C01016,EQ,Materials,Specialty Chemicals,Micro,1695.0,940.6,27.4,5.58,1322.0,527.45,28.9,3.25,0.35,,43.0,130234.0,
NSE:NDRAUTO,Ndr Auto Components Limited,INE07OG01012,EQ,Consumer Discretionary,Auto Parts,Micro,1687.0,707.05,26.0,4.7,1080.4,605.05,34.6,4.0,0.56,,17.2,25829.0,
NSE:KAPSTON,Kapston Services Limited,INE542Z01028,EQ,Capital Goods,Specialty Business Services,Micro,1685.0,553.8,55.2,14.49,616.2,244.18,10.1,0.0,,,158.3,122222.0,
NSE:FRONTSP,Frontier Springs Limited,INE572D01014,EQ,Capital Goods,Metal Fabrication,Micro,1684.0,1425.0,28.8,9.18,1569.8,1150.5,9.2,0.7,0.05,,5.9,84454.0,
NSE:AWFIS,Awfis Space Solutions Limited,INE108V01019,EQ,Capital Goods,Rental & Leasing Services,Micro,1682.0,235.0,19.8,3.04,639.4,229.05,63.2,0.0,,,271.7,718278.0,
NSE:BHAGERIA,Bhageria Industries Limited,INE354C01027,EQ,Materials,Specialty Chemicals,Micro,1665.0,381.5,24.1,2.79,415.8,127.51,8.2,2.5,0.65,,18.4,121853.0,
NSE:RUBYMILLS,The Ruby Mills Limited,INE301D01026,EQ,Consumer Discretionary,Textile Manufacturing,Micro,1662.0,497.0,38.4,2.47,522.0,169.02,4.8,2.5,0.5,,55.7,27861.0,
NSE:HATHWAY,Hathway Cable & Datacom Limited,INE982F01036,EQ,Media Entertainment & Telecom,Entertainment,Micro,1655.0,9.35,22.3,0.4,14.38,8.76,35.0,0.0,,,0.2,1509532.0,
NSE:EPACK,EPACK Durable Limited,INE0G5901015,EQ,Consumer Discretionary,"Furnishings, Fixtures & Appliances",Micro,1652.0,171.6,,1.44,358.35,168.61,52.1,0.0,,,77.0,410513.0,
NSE:BHARATRAS,Bharat Rasayan Limited,INE838B01021,EQ,Materials,Agricultural Inputs,Micro,1651.0,993.2,11.5,1.3,2987.5,977.4,66.8,0.5,0.05,,0.1,14003.0,
NSE:AYMSYNTEX,AYM Syntex Limited,INE193B01039,EQ,Consumer Discretionary,Textile Manufacturing,Micro,1649.0,280.5,87.9,2.79,330.0,141.53,15.0,0.0,,,31.9,108481.0,
NSE:MBECL,Mcnally Bharat Engineering Company Limited,INE748A01024,BE,Capital Goods,Engineering & Construction,Micro,1647.0,494.0,0.5,2.88,494.0,65.4,0.0,0.0,,,17.2,1614.0,
NSE:INSECTICID,Insecticides (India) Limited,INE070I01018,EQ,Materials,Agricultural Inputs,Micro,1645.0,565.2,13.1,1.35,775.0,518.6,27.1,4.0,0.7,,12.9,26741.0,
NSE:RICOAUTO,Rico Auto Industries Limited,INE209B01025,EQ,Consumer Discretionary,Auto Parts,Micro,1637.0,121.0,54.3,2.1,157.99,78.92,23.4,0.55,0.45,,92.8,1750989.0,
NSE:PAUSHAKLTD,Paushak Limited,INE111F01024,EQ,Materials,Specialty Chemicals,Micro,1631.0,661.35,38.5,3.32,826.75,342.5,20.0,2.5,0.38,,15.7,72783.0,
NSE:ACCELYA,Accelya Solutions India Limited,INE793A01012,EQ,Information Technology,Information Technology Services,Micro,1627.0,1090.0,17.1,6.5,1527.0,1012.4,28.6,70.0,6.4,36.1,6.3,7025.0,
NSE:WENDT,Wendt (India) Limited,INE274C01019,EQ,Capital Goods,Tools & Accessories,Micro,1620.0,8100.0,96.0,6.38,9199.0,5841.5,11.9,20.0,0.25,,0.1,10828.0,
NSE:CNL,Creative Newtech Limited,INE985W01018,EQ,Information Technology,Electronics & Computer Distribution,Micro,1617.0,1077.1,24.8,4.91,1328.0,525.0,18.9,0.5,0.05,,83.7,272328.0,
NSE:BFINVEST,BF Investment Limited,INE878K01010,EQ,Financial Services,Asset Management,Micro,1617.0,429.25,4.2,0.19,584.7,315.0,26.6,10.0,2.33,,0.0,153760.0,
NSE:PANORAMA,Panorama Studios International Limited,INE258R01028,EQ,Media Entertainment & Telecom,Entertainment,Micro,1615.0,62.0,68.1,7.36,64.8,40.0,4.3,0.0,,,59.0,603934.0,
NSE:SKYWAYS,Skyways Air Services Limited,INE0PX301025,EQ,Capital Goods,Integrated Freight & Logistics,Micro,1610.0,110.75,28.3,3.88,137.38,106.82,19.4,0.9,0.82,,126.8,13322803.0,
NSE:GOODYEAR,Goodyear India Limited,INE533A01012,EQ,Consumer Discretionary,Auto Parts,Micro,1598.0,692.85,29.7,2.64,1273.7,690.0,45.6,26.5,3.82,,4.4,11095.0,
NSE:GRMOVER,GRM Overseas Limited,INE192H01020,EQ,Fast Moving Consumer Goods,Packaged Foods,Micro,1598.0,77.01,15.6,1.18,185.45,77.0,58.5,0.0,,,60.7,1096465.0,
NSE:GCSL,Gretex Corporate Services Limited,INE199P01028,EQ,Financial Services,Capital Markets,Micro,1597.0,680.1,50.8,9.68,684.0,213.15,0.6,0.7,0.1,,6.8,656222.0,
NSE:PNGSREVA,PNGS Reva Diamond Jewellery Limited,INE1RDG01013,EQ,Consumer Discretionary,Luxury Goods,Micro,1596.0,503.6,18.9,3.1,644.0,324.25,21.8,0.0,,,32.9,375990.0,
NSE:MENONBE,Menon Bearings Limited,INE071D01033,EQ,Consumer Discretionary,Auto Parts,Micro,1592.0,284.0,37.2,8.59,330.0,101.5,13.9,4.0,1.39,,25.3,89576.0,
NSE:KOTIC,Kothari Industrial Corporation Limited,INE972A01020,EQ,Materials,Agricultural Inputs,Micro,1592.0,147.39,,5.85,163.0,123.12,9.6,0.0,,,20.8,62328.0,
NSE:GARUDA,Garuda Construction and Engineering Limited,INE0JVO01026,EQ,Capital Goods,Engineering & Construction,Micro,1592.0,171.08,11.7,3.49,249.3,130.0,31.4,0.0,,,2.6,820224.0,
NSE:SHREEPUSHK,Shree Pushkar Chemicals & Fertilisers Limited,INE712K01011,EQ,Materials,Specialty Chemicals,Micro,1585.0,490.0,22.3,2.6,545.2,272.45,10.1,2.1,0.43,,21.5,85552.0,
NSE:STUDDS,Studds Accessories Limited,INE00Q601028,EQ,Consumer Discretionary,Auto Parts,Micro,1585.0,402.85,21.2,3.03,600.0,389.15,32.9,3.0,0.75,,1.6,63430.0,
NSE:ASTEC,Astec LifeSciences Limited,INE563J01010,EQ,Materials,Agricultural Inputs,Micro,1584.0,710.8,,4.05,941.75,513.4,24.5,0.0,,,114.8,218508.0,
NSE:FERMENTA,Fermenta Biotech Limited,INE225B01021,EQ,Healthcare,Drug Manufacturers - Specialty & Generic,Micro,1583.0,552.0,27.1,3.9,575.1,426.3,4.0,3.75,0.68,,28.3,296530.0,
NSE:MODISONLTD,MODISON LIMITED,INE737D01021,BE,Capital Goods,Electrical Equipment & Parts,Micro,1577.0,486.05,15.5,5.74,546.0,114.0,11.0,6.0,1.23,,63.5,140211.0,
NSE:JAICORPLTD,Jai Corp Limited,INE070D01027,EQ,Materials,Specialty Chemicals,Micro,1560.0,88.9,9.2,1.04,173.4,87.6,48.7,0.5,0.56,,0.0,323625.0,
NSE:GOCOLORS,Go Fashion (India) Limited,INE0BJS01011,EQ,Consumer Discretionary,Apparel Retail,Micro,1559.0,296.5,29.6,2.31,715.45,237.05,58.6,0.0,,,77.1,248206.0,
NSE:YATRA,Yatra Online Limited,INE0JR601024,EQ,Consumer Discretionary,Travel Services,Micro,1552.0,98.9,49.9,1.88,202.0,89.9,51.0,0.0,,,12.4,1572446.0,
NSE:SERVOTECH,Servotech Renewable Power System Limited,INE782X01033,EQ,Capital Goods,Electrical Equipment & Parts,Micro,1550.0,68.61,42.1,5.42,141.5,57.51,51.5,0.02,0.03,,71.5,655330.0,
NSE:SDBL,Som Distilleries & Breweries Limited,INE480C01038,EQ,Fast Moving Consumer Goods,Beverages - Brewers,Micro,1549.0,74.51,,1.97,136.0,61.8,45.2,0.0,,,25.9,1998334.0,
NSE:YUKEN,Yuken India Limited,INE384C01016,EQ,Capital Goods,Specialty Industrial Machinery,Micro,1549.0,1140.0,98.9,4.15,1153.85,584.1,1.2,1.5,0.13,,30.7,19280.0,
NSE:MOBIKWIK,One Mobikwik Systems Limited,INE0HLU01028,EQ,Information Technology,Software - Infrastructure,Micro,1543.0,196.0,,2.85,296.7,151.46,33.9,0.0,,,51.2,2128076.0,
NSE:TEXINFRA,Texmaco Infrastructure & Holdings Limited,INE435C01024,EQ,Realty,Real Estate Services,Micro,1541.0,120.9,167.9,1.38,126.59,82.5,4.5,0.15,0.13,,2.6,212108.0,
NSE:MTNL,Mahanagar Telephone Nigam Limited,INE153A01019,EQ,Media Entertainment & Telecom,Telecom Services,Micro,1537.0,24.39,,-0.05,44.67,21.26,45.4,0.0,,,,1562417.0,
NSE:GKSL,Gujarat Kidney And Super Speciality Limited,INE0V0W01025,EQ,Healthcare,Medical Care Facilities,Micro,1535.0,194.65,97.3,4.8,209.8,98.36,7.2,0.0,,,11.4,1145919.0,
NSE:AVADHSUGAR,Avadh Sugar & Energy Limited,INE349W01017,EQ,Fast Moving Consumer Goods,Confectioners,Micro,1534.0,766.15,23.3,1.36,884.8,306.05,13.4,10.0,1.31,,125.1,276977.0,
NSE:JAGSNPHARM,Jagsonpal Pharmaceuticals Limited,INE048B01035,EQ,Healthcare,Drug Manufacturers - Specialty & Generic,Micro,1533.0,232.49,34.6,5.9,264.5,155.0,12.1,2.5,1.08,,3.0,477346.0,
NSE:DOLLAR,Dollar Industries Limited,INE325C01035,EQ,Consumer Discretionary,Apparel Manufacturing,Micro,1530.0,269.75,13.6,1.61,385.0,220.5,29.9,3.0,1.1,,30.5,137774.0,
NSE:NITTAGELA,Nitta Gelatin India Limited,INE265B01019,EQ,Materials,Specialty Chemicals,Micro,1527.0,1682.0,14.7,2.99,2087.2,882.0,19.4,7.0,0.42,,0.8,9947.0,
NSE:ARDEE,Ardee Industries Limited,INE0XNF01022,EQ,Capital Goods,Metal Fabrication,Micro,1527.0,48.45,17.8,8.38,73.19,46.5,33.8,0.0,,80.7,124.8,9416354.0,
NSE:ALLCARGO,Allcargo Logistics Limited,INE418H01029,EQ,Capital Goods,Integrated Freight & Logistics,Micro,1525.0,10.18,50.9,2.73,36.55,7.11,72.1,0.0,,,120.7,20413800.0,
NSE:CAPACITE,Capacit'e Infraprojects Limited,INE264T01014,EQ,Capital Goods,Engineering & Construction,Micro,1522.0,179.9,8.3,0.8,314.25,176.16,42.8,0.0,,,25.3,448083.0,
NSE:SURYODAY,Suryoday Small Finance Bank Limited,INE428Q01011,EQ,Financial Services,Banks - Regional,Micro,1520.0,143.0,7.9,0.73,218.0,115.41,34.4,1.5,1.04,,,1991713.0,
NSE:IPL,India Pesticides Limited,INE0D6701023,EQ,Materials,Agricultural Inputs,Micro,1512.0,131.25,14.1,1.5,213.25,125.0,38.5,0.75,0.57,,10.9,672737.0,
NSE:VIKRAN,Vikran Engineering Limited,INE01R501028,EQ,Capital Goods,Engineering & Construction,Micro,1509.0,58.5,15.0,1.22,118.4,51.1,50.6,0.18,0.31,,24.3,2188861.0,
NSE:INDOBORAX,Indo Borax & Chemicals Limited,INE803D01021,EQ,Materials,Chemicals,Micro,1505.0,469.0,26.7,3.89,542.8,230.01,13.6,10.0,2.13,13.9,0.4,713678.0,
NSE:ASIANHOTNR,Asian Hotels (North) Limited,INE363A01022,EQ,Consumer Discretionary,Lodging,Micro,1505.0,352.95,,1.38,423.8,247.5,16.7,0.0,,,36.3,71755.0,
NSE:IKIO,IKIO Technologies Limited,INE0LOJ01019,EQ,Information Technology,Electronic Components,Micro,1499.0,194.0,32.6,2.49,238.8,103.53,18.8,0.0,,,11.4,1782945.0,
NSE:TAALTECH,Taal Tech Limited,INE524T01029,EQ,Capital Goods,Airports & Air Services,Micro,1496.0,960.0,24.0,1.22,1234.0,833.88,22.2,7.0,,,0.4,63069.0,
NSE:KRISHNADEF,Krishna Defence And Allied Industries Limited,INE0J5601015,EQ,Capital Goods,Specialty Industrial Machinery,Micro,1496.0,1002.0,35.7,7.73,1400.0,665.0,28.4,1.25,0.12,,1.1,103055.0,
NSE:NINSYS,NINtec Systems Limited,INE395U01014,EQ,Information Technology,Information Technology Services,Micro,1495.0,804.65,44.7,16.3,935.0,281.05,13.9,0.0,,,2.1,4822.0,
NSE:5PAISA,5Paisa Capital Limited,INE618L01018,EQ,Financial Services,Capital Markets,Micro,1495.0,319.0,24.5,1.54,416.95,245.5,23.5,0.0,,,58.3,59312.0,
NSE:GALAPREC,Gala Precision Engineering Limited,INE0RE001014,EQ,Capital Goods,Specialty Industrial Machinery,Micro,1493.0,1165.0,41.2,5.09,1260.0,671.2,7.5,0.0,,,13.0,49265.0,
NSE:AMRUTANJAN,Amrutanjan Health Care Limited,INE098F01031,EQ,Healthcare,Drug Manufacturers - Specialty & Generic,Micro,1491.0,516.0,27.6,4.03,760.15,476.5,32.1,7.5,1.46,,0.5,92758.0,
NSE:GPTINFRA,GPT Infraprojects Limited,INE390G01014,EQ,Capital Goods,Engineering & Construction,Micro,1491.0,118.0,15.2,2.47,150.0,96.22,21.3,4.0,3.37,,49.8,208141.0,
NSE:MIIL,Meghna Infracon Infrastructure Limited,INE898Q01015,EQ,Realty,Real Estate - Development,Micro,1486.0,684.0,481.7,54.54,742.9,640.5,7.9,0.25,0.04,,83.4,84544.0,
NSE:SESHAPAPER,Seshasayee Paper and Boards Limited,INE630A01024,EQ,Materials,Paper & Paper Products,Micro,1482.0,235.0,14.3,0.69,293.11,209.96,19.8,2.0,0.85,,,126467.0,
NSE:KPEL,K.P. Energy Limited,INE127T01021,EQ,Capital Goods,Engineering & Construction,Micro,1477.0,217.86,8.1,2.79,463.25,206.52,53.0,0.8,0.37,,100.2,320498.0,
NSE:ARFIN,Arfin India Limited,INE784R01023,EQ,Materials,Aluminum,Micro,1473.0,87.28,79.3,8.74,106.2,47.0,17.8,0.24,0.28,,75.9,1561565.0,
NSE:RSL,Rajputana Stainless Limited,INE313L01016,EQ,Materials,Steel,Micro,1462.0,175.0,24.8,3.36,202.22,101.7,13.5,0.5,0.29,,18.9,534779.0,
NSE:MBEL,M & B Engineering Limited,INE08N601015,EQ,Capital Goods,Engineering & Construction,Micro,1453.0,254.15,14.5,2.19,535.9,223.05,52.6,1.0,0.4,,12.7,185128.0,
NSE:HITECH,Hi-Tech Pipes Limited,INE106T01025,EQ,Materials,Steel,Micro,1451.0,71.59,19.2,1.06,123.8,69.86,42.2,0.03,0.03,,20.1,648845.0,
NSE:SALSTEEL,S.A.L. Steel Limited,INE658G01014,EQ,Materials,Steel,Micro,1446.0,99.9,76.3,9.93,102.4,26.1,2.4,0.0,,,238.2,509473.0,
NSE:SUMMITSEC,Summit Securities Limited,INE519C01017,EQ,Financial Services,Capital Markets,Micro,1444.0,1319.5,12.0,0.17,2495.0,1301.0,47.1,0.0,,,,3505.0,
NSE:ALICON,Alicon Castalloy Limited,INE062D01024,EQ,Capital Goods,Metal Fabrication,Micro,1444.0,884.0,39.6,2.3,1022.0,580.0,13.5,6.0,0.69,,56.4,65987.0,
NSE:BLIL,Balmer Lawrie Investments Limited,INE525F01025,EQ,Capital Goods,Conglomerates,Micro,1443.0,65.03,8.0,1.0,73.4,64.22,11.4,0.0,,,9.8,77910.0,
NSE:DLINKINDIA,D-Link (India) Limited,INE250K01012,EQ,Information Technology,Communication Equipment,Micro,1439.0,405.25,13.4,2.85,549.2,367.65,26.2,41.0,10.08,,2.9,175853.0,
NSE:XTRANET,Xtranet Technologies Limited,INE0NG701011,EQ,Information Technology,Information Technology Services,Micro,1436.0,274.6,33.5,,358.5,122.5,23.4,0.0,,,63.1,2140203.0,
NSE:SHALBY,Shalby Limited,INE597J01018,EQ,Healthcare,Medical Care Facilities,Micro,1436.0,133.55,38.2,1.41,273.0,125.82,51.1,0.0,,,59.1,86445.0,
NSE:TTKHLTCARE,TTK Healthcare Limited,INE910C01018,EQ,Healthcare,Drug Manufacturers - General,Micro,1430.0,1012.2,19.3,1.28,1247.0,735.0,18.8,10.0,0.99,,2.2,37602.0,
NSE:MCLOUD,Magellanic Cloud Limited,INE613C01026,EQ,Information Technology,Information Technology Services,Micro,1426.0,24.2,12.9,2.07,78.19,19.4,69.0,0.03,0.12,,42.5,3292133.0,
NSE:ANDHRAPAP,ANDHRA PAPER LIMITED,INE435A01051,EQ,Materials,Paper & Paper Products,Micro,1425.0,71.64,51.5,0.73,86.89,58.0,17.6,0.5,0.7,,12.0,1326499.0,
NSE:HINDWAREAP,Hindware Home Innovation Limited,INE05AN01011,EQ,Consumer Discretionary,"Furnishings, Fixtures & Appliances",Micro,1424.0,170.2,,1.93,392.7,165.0,56.7,0.0,,,129.3,131268.0,
NSE:STEELXIND,STEEL EXCHANGE INDIA LIMITED,INE503B01021,EQ,Materials,Steel,Micro,1423.0,11.16,44.6,1.8,13.95,7.0,20.0,0.0,,,54.4,5042889.0,
NSE:JAYBARMARU,Jay Bharat Maruti Limited,INE571B01036,EQ,Consumer Discretionary,Auto Parts,Micro,1418.0,131.0,10.3,2.04,207.0,74.15,36.7,0.7,0.54,,76.3,572992.0,
NSE:CLSEL,Chaman Lal Setia Exports Limited,INE419D01026,EQ,Fast Moving Consumer Goods,Packaged Foods,Micro,1416.0,284.85,11.3,1.69,324.8,203.75,12.3,3.0,1.06,,9.9,125369.0,
NSE:SUNSHINE,Sunshine Pictures Limited,INE1B3O01011,EQ,Media Entertainment & Telecom,Entertainment,Micro,1413.0,453.55,2519.7,,524.95,326.25,13.6,0.0,,32.3,6.5,3191555.0,
NSE:ASIANTILES,Asian Granito India Limited,INE022I01019,EQ,Capital Goods,Building Products & Equipment,Micro,1408.0,47.5,81.9,0.92,79.06,42.5,39.9,0.0,,,28.5,9143380.0,
NSE:RIR,RIR Power Electronics Limited,INE302D01024,EQ,Information Technology,Semiconductors,Micro,1408.0,176.9,151.2,10.36,213.94,154.0,17.3,0.1,0.06,6.2,9.9,1577445.0,
NSE:MOL,Meghmani Organics Limited,INE0CT101020,EQ,Materials,Agricultural Inputs,Micro,1400.0,55.05,21.8,0.89,85.35,36.5,35.5,0.0,,,47.0,2008940.0,
NSE:SIGNPOST,Signpost India Limited,INE0KGZ01021,EQ,Media Entertainment & Telecom,Advertising Agencies,Micro,1399.0,261.7,19.0,4.85,336.8,191.41,22.3,0.5,0.19,,69.8,201979.0,
NSE:UDS,Updater Services Limited,INE851I01011,EQ,Capital Goods,Specialty Business Services,Micro,1398.0,207.0,16.0,1.32,261.54,125.1,20.9,4.0,1.92,,4.3,345994.0,
NSE:INFOBEAN,InfoBeans Technologies Limited,INE344S01016,EQ,Information Technology,Software - Application,Micro,1391.0,143.5,16.4,3.36,257.5,116.5,44.3,0.5,0.35,,3.5,516564.0,
NSE:AEROENTER,Aeroflex Enterprises Limited,INE065D01027,EQ,Materials,Steel,Micro,1386.0,122.5,9.2,1.68,159.6,62.2,23.2,0.4,0.33,,4.2,788665.0,
NSE:GTLINFRA,GTL Infrastructure Limited,INE221H01019,EQ,Information Technology,Communication Equipment,Micro,1383.0,1.08,1.3,-0.27,1.67,0.96,35.3,0.0,,,,36063307.0,
NSE:CEINSYS,Ceinsys Tech Limited,INE016Q01014,EQ,Capital Goods,Engineering & Construction,Micro,1380.0,659.0,9.9,1.79,1249.9,634.95,47.3,3.5,0.53,,8.4,64033.0,
NSE:JISLDVREQS,Jain Irrigation Systems Limited,IN9175A01010,EQ,Capital Goods,Conglomerates,Micro,1375.0,18.75,,0.24,34.0,18.4,44.9,0.0,,,71.8,40453.0,
NSE:KOPRAN,Kopran Limited,INE082A01010,EQ,Healthcare,Drug Manufacturers - General,Micro,1367.0,282.95,54.5,2.58,295.83,107.0,4.4,3.0,1.06,,28.8,897771.0,
NSE:BPLPHARMA,Bharat Parenterals Limited,INE365Y01019,EQ,Healthcare,Drug Manufacturers - Specialty & Generic,Micro,1364.0,1748.0,,2.2,2277.6,1201.1,23.3,1.0,0.06,,46.9,10460.0,
NSE:IFGLEXPOR,IFGL Refractories Limited,INE133Y01011,EQ,Materials,Building Materials,Micro,1352.0,187.52,33.0,1.15,338.0,119.68,44.5,2.15,1.13,,17.8,105595.0,
NSE:BHAGYANGR,Bhagyanagar India Limited,INE458B01036,EQ,Materials,Copper,Micro,1348.0,402.5,20.5,5.0,467.9,92.55,14.0,0.0,,,100.5,143413.0,
NSE:MANAKCOAT,Manaksia Coated Metals & Industries Limited,INE830Q01018,EQ,Capital Goods,Metal Fabrication,Micro,1344.0,126.05,30.0,2.94,182.82,94.2,31.1,0.05,0.04,,33.1,542769.0,
NSE:MANALIPETC,Manali Petrochemicals Limited,INE201A01024,EQ,Materials,Specialty Chemicals,Micro,1342.0,78.0,7.4,1.05,93.0,39.13,16.1,0.5,0.64,,10.7,4169609.0,
NSE:JAGRAN,Jagran Prakashan Limited,INE199G01027,EQ,Media Entertainment & Telecom,Publishing,Micro,1339.0,61.5,7.1,0.66,78.9,59.5,22.1,7.0,11.37,,5.2,195885.0,
NSE:SPMLINFRA,SPML Infra Limited,INE937A01023,EQ,Capital Goods,Engineering & Construction,Micro,1338.0,159.0,15.0,1.34,250.65,151.01,36.6,0.0,,,37.8,201901.0,
NSE:BENARAS,Benares Hotels Limited,INE664D01019,EQ,Consumer Discretionary,Lodging,Micro,1332.0,10249.0,30.3,6.27,11499.0,9965.0,10.9,0.0,,,1.8,117.0,
NSE:WALCHANNAG,Walchandnagar Industries Limited,INE711A01022,EQ,Capital Goods,Engineering & Construction,Micro,1331.0,196.0,,3.71,315.8,131.15,37.9,0.0,,,61.0,783868.0,
NSE:RHETAN,Rhetan TMT Limited,INE0KKN01029,EQ,Materials,Steel,Micro,1326.0,16.64,104.0,12.21,34.87,14.42,52.3,0.0,,,38.4,11776649.0,
NSE:AVTNPL,AVT Natural Products Limited,INE488D01021,EQ,Materials,Specialty Chemicals,Micro,1324.0,86.95,15.8,2.37,102.0,53.5,14.8,0.9,1.02,,20.3,364192.0,
NSE:EXPLEOSOL,Expleo Solutions Limited,INE201K01015,EQ,Information Technology,Information Technology Services,Micro,1321.0,851.0,9.6,1.7,1175.1,640.0,27.6,110.0,12.96,,1.0,170499.0,
NSE:BIL,Bhartiya International Limited,INE828A01016,EQ,Consumer Discretionary,Footwear & Accessories,Micro,1321.0,985.0,51.4,2.68,1150.0,602.0,14.3,0.0,,,111.2,13693.0,
NSE:DCW,DCW Limited,INE500A01029,EQ,Materials,Chemicals,Micro,1319.0,44.68,18.5,1.23,72.3,37.11,38.2,0.4,0.9,,27.0,1464152.0,
NSE:VALIANTORG,Valiant Organics Limited,INE565V01010,EQ,Materials,Chemicals,Micro,1318.0,470.05,24.3,1.73,480.6,195.0,2.2,0.0,,,33.7,61745.0,
NSE:EIMCOELECO,Eimco Elecon (India) Limited,INE158B01016,EQ,Capital Goods,Farm & Heavy Construction Machinery,Micro,1316.0,2281.1,33.2,2.81,2380.0,1405.5,4.2,4.0,0.18,,0.9,45548.0,
NSE:PVP,PVP Ventures Limited,INE362A01016,EQ,Capital Goods,Conglomerates,Micro,1314.0,50.47,265.6,6.02,72.04,23.0,29.9,0.0,,,64.7,2096870.0,
NSE:ARROWGREEN,Arrow Greentech Limited,INE570D01018,EQ,Consumer Discretionary,Packaging & Containers,Micro,1302.0,863.0,20.4,5.56,952.75,341.95,9.4,5.0,0.58,,1.0,37873.0,
NSE:SHANKESH,Shankesh Jewellers Limited,INE1WFC01025,EQ,Consumer Discretionary,Luxury Goods,Micro,1300.0,88.39,12.2,4.96,115.9,86.58,23.7,0.0,,,80.1,10275523.0,
NSE:IZMO,IZMO Limited,INE848A01014,EQ,Information Technology,Software - Application,Micro,1288.0,860.0,23.9,3.15,1175.4,562.0,26.8,0.0,,,4.1,126370.0,
NSE:BHARATSE,Bharat Seats Limited,INE415D01024,EQ,Consumer Discretionary,Auto Parts,Micro,1287.0,205.0,27.8,5.61,263.18,133.6,22.1,1.5,0.73,19.9,47.9,378636.0,
NSE:PNBGILTS,PNB Gilts Limited,INE859A01011,EQ,Financial Services,Capital Markets,Micro,1287.0,71.5,12.6,0.75,100.82,58.6,29.1,2.0,2.79,,1480.2,448272.0,
NSE:FEDDERSHOL,Fedders Holding Limited,INE417D01020,EQ,Financial Services,Credit Services,Micro,1286.0,63.85,15.0,1.78,72.77,39.0,12.3,0.0,,,9.2,7560280.0,
NSE:MWL,Mangalam Worldwide Limited,INE0JYY01029,EQ,Materials,Steel,Micro,1280.0,43.1,24.6,4.27,48.0,20.0,10.2,0.03,0.07,,160.5,1435430.0,
NSE:PUNJABCHEM,Punjab Chemicals & Crop Protection Limited,INE277B01014,EQ,Materials,Chemicals,Micro,1275.0,1040.0,19.5,3.01,1533.9,876.6,32.2,3.0,0.29,,36.4,15614.0,
NSE:NAVKARCORP,Navkar Corporation Limited,INE278M01019,EQ,Capital Goods,Integrated Freight & Logistics,Micro,1273.0,84.6,31.8,0.65,131.36,74.05,35.6,0.0,,,9.1,641227.0,
NSE:CAPITALSFB,Capital Small Finance Bank Limited,INE646H01017,EQ,Financial Services,Banks - Regional,Micro,1273.0,279.9,8.5,0.85,323.7,206.55,13.5,5.0,1.8,10.5,,42758.0,
NSE:SPIC,Southern Petrochemicals Industries Corporation  Limited,INE147A01011,EQ,Materials,Agricultural Inputs,Micro,1269.0,62.32,6.2,0.93,96.83,55.1,35.6,2.0,3.21,,51.3,373247.0,
NSE:IMPAL,India Motor Parts and Accessories Limited,INE547E01014,EQ,Consumer Discretionary,Auto Parts,Micro,1265.0,1014.0,12.9,0.55,1238.9,928.0,18.2,33.0,3.27,,,3787.0,
NSE:AGL,Allcargo Global Limited,INE1YPB01014,EQ,Capital Goods,Integrated Freight & Logistics,Micro,1257.0,12.79,,0.97,22.0,12.03,41.9,0.0,,,,4178884.0,
NSE:UGROCAP,Ugro Capital Limited,INE583D01011,EQ,Financial Services,Credit Services,Micro,1255.0,82.1,5.7,0.43,192.5,79.2,57.4,0.0,,,374.0,299422.0,
NSE:TGVSL,TGV Sraac Limited,INE284B01028,EQ,Materials,Chemicals,Micro,1252.0,116.9,9.0,,130.49,101.01,10.4,0.0,,,27.5,571656.0,
NSE:GNRL,Gujarat Natural Resources Limited,INE207H01018,EQ,Oil Gas & Consumable Fuels,Oil & Gas E&P,Micro,1251.0,97.46,79.2,7.02,119.4,94.21,18.4,0.0,,,6.4,382066.0,
NSE:PASHUPATI,Pashupati Cotspin Limited,INE124Y01028,EQ,Consumer Discretionary,Textile Manufacturing,Micro,1247.0,79.0,,7.3,118.35,67.75,33.2,0.05,0.06,,60.1,147336.0,
NSE:IGARASHI,Igarashi Motors India Limited,INE188B01013,EQ,Consumer Discretionary,Auto Parts,Micro,1246.0,396.0,75.7,2.67,558.0,271.05,29.0,1.3,0.33,,31.5,404479.0,
NSE:ONIXSOLAR,Onix Solar Energy Limited,INE173M01012,EQ,Information Technology,Solar,Micro,1242.0,337.0,20.8,1.08,464.2,262.45,27.4,0.0,,,4.7,343725.0,
NSE:ANDHRSUGAR,The Andhra Sugars Limited,INE715B01021,EQ,Materials,Chemicals,Micro,1237.0,91.24,11.9,0.74,107.23,66.5,14.9,1.0,1.1,,0.0,914342.0,
NSE:ANDREWYU,Andrew Yule & Company Limited,INE449C01025,EQ,Fast Moving Consumer Goods,Farm Products,Micro,1237.0,25.29,,3.82,31.35,24.1,19.3,0.0,,,37.3,102360.0,
NSE:ASALCBR,Associated Alcohols & Breweries Ltd.,INE073G01016,EQ,Fast Moving Consumer Goods,Beverages - Wineries & Distilleries,Micro,1235.0,615.0,14.5,1.69,1277.0,596.05,51.8,2.0,0.33,,9.9,33456.0,
NSE:GPTHEALTH,GPT Healthcare Limited,INE486R01017,EQ,Healthcare,Medical Care Facilities,Micro,1224.0,149.2,25.9,4.54,175.0,115.0,14.7,3.0,1.98,,33.8,159075.0,
NSE:GHCLTEXTIL,GHCL Textiles Limited,INE0PA801013,EQ,Consumer Discretionary,Textile Manufacturing,Micro,1216.0,127.2,12.6,0.81,144.59,65.26,12.0,0.6,0.46,,8.9,945143.0,
NSE:ALLTIME,All Time Plastics Limited,INE0GV601021,EQ,Fast Moving Consumer Goods,Household & Personal Products,Micro,1213.0,185.2,32.7,1.97,314.7,182.0,41.2,0.0,,,14.1,95189.0,
NSE:UNIENTER,Uniphos Enterprises Limited,INE037A01022,EQ,Materials,Chemicals,Micro,1208.0,86.85,29.1,0.25,158.0,86.6,45.0,3.5,4.02,,,10225.0,
NSE:DSSL,Dynacons Systems & Solutions Limited,INE417B01040,EQ,Information Technology,Information Technology Services,Micro,1204.0,945.0,14.2,3.8,1924.8,781.0,50.9,0.5,0.05,,75.0,30374.0,
NSE:GYFTR,Gyftr Limited,INE724A01017,EQ,Capital Goods,Specialty Business Services,Micro,1199.0,156.05,49.7,2.48,193.9,139.69,19.5,0.0,,5.2,0.3,81030.0,
NSE:DEN,Den Networks Limited,INE947J01015,EQ,Media Entertainment & Telecom,Entertainment,Micro,1198.0,25.12,8.1,0.31,35.95,22.52,30.1,0.0,,,0.5,354746.0,
NSE:IVALUE,Ivalue Infosolutions Limited,INE056801025,EQ,Information Technology,Information Technology Services,Micro,1194.0,218.55,11.5,2.1,340.0,200.88,35.7,0.0,,,12.2,293264.0,
NSE:ROTO,Roto Pumps Limited,INE535D01037,EQ,Capital Goods,Specialty Industrial Machinery,Micro,1190.0,62.98,42.8,4.94,80.77,47.5,22.0,0.19,0.3,,13.2,534491.0,
NSE:EKC,Everest Kanto Cylinder Limited,INE184H01027,EQ,Capital Goods,Specialty Industrial Machinery,Micro,1188.0,105.85,9.5,0.85,154.55,90.25,31.5,0.7,0.66,,19.1,566481.0,
NSE:ULTRAMAR,Ultramarine & Pigments Limited,INE405A01021,EQ,Materials,Specialty Chemicals,Micro,1186.0,406.3,12.9,1.36,455.75,364.1,10.9,6.0,1.48,,9.9,108028.0,
NSE:ATULAUTO,Atul Auto Limited,INE951D01028,EQ,Consumer Discretionary,Auto Manufacturers,Micro,1177.0,424.0,24.9,2.43,596.55,380.05,28.9,6.0,1.41,,29.5,214266.0,
NSE:CENTENKA,Century Enka Limited,INE485A01015,EQ,Consumer Discretionary,Textile Manufacturing,Micro,1170.0,535.5,8.0,0.78,671.65,371.2,20.3,11.0,2.05,,1.5,342295.0,
NSE:HMAAGRO,HMA Agro Industries Limited,INE0ECP01024,EQ,Fast Moving Consumer Goods,Packaged Foods,Micro,1169.0,23.35,5.5,1.24,34.24,19.09,31.8,0.3,1.37,,88.3,2634387.0,
NSE:GODAVARIB,Godavari Biorefineries Limited,INE497S01012,EQ,Materials,Chemicals,Micro,1167.0,227.95,4559.0,1.48,353.0,223.81,35.4,0.0,,,67.3,418697.0,
NSE:NIITLTD,NIIT Limited,INE161A01038,EQ,Fast Moving Consumer Goods,Education & Training Services,Micro,1164.0,85.0,125.0,1.1,111.1,49.0,23.5,1.0,1.18,,0.6,602770.0,
NSE:LINCOLN,Lincoln Pharmaceuticals Limited,INE405C01035,EQ,Healthcare,Drug Manufacturers - Specialty & Generic,Micro,1162.0,580.0,12.0,1.53,770.0,440.0,24.7,1.8,0.31,,0.6,46631.0,
NSE:EXCELINDUS,Excel Industries Limited,INE369A01029,EQ,Materials,Specialty Chemicals,Micro,1158.0,921.0,16.2,0.68,1168.0,800.05,21.1,13.75,1.49,,0.5,28719.0,
NSE:IRISDOREME,Iris Clothings Limited,INE01GN01025,EQ,Consumer Discretionary,Apparel Manufacturing,Micro,1158.0,60.84,66.1,8.12,68.0,26.35,10.5,0.0,,,24.2,1042545.0,
NSE:SHRIRAMPPS,Shriram Properties Limited,INE217L01019,EQ,Realty,Real Estate - Development,Micro,1156.0,67.75,12.7,0.79,99.44,60.57,31.9,0.0,,,42.2,486776.0,
NSE:HITECHGEAR,The Hi-Tech Gears Limited,INE127B01011,BE,Consumer Discretionary,Auto Parts,Micro,1152.0,612.0,58.5,2.2,897.45,521.25,31.8,4.0,0.66,,34.9,2939.0,
NSE:ALLDIGI,Alldigi Tech Limited,INE835G01018,EQ,Capital Goods,Specialty Business Services,Micro,1151.0,755.25,13.5,4.59,1000.0,700.0,24.5,60.0,7.93,,68.0,9844.0,
NSE:BIRLACABLE,Birla Cable Limited,INE800A01015,EQ,Information Technology,Communication Equipment,Micro,1146.0,382.0,24.8,4.08,418.8,104.0,8.8,1.25,0.33,,47.2,254314.0,
NSE:MMP,MMP Industries Limited,INE511Y01018,EQ,Materials,Aluminum,Micro,1146.0,451.1,22.9,3.31,498.0,185.2,9.4,2.0,0.44,,53.3,101127.0,
NSE:ONIDA,Onida Electronics Limited,INE831A01028,EQ,Consumer Discretionary,"Furnishings, Fixtures & Appliances",Micro,1138.0,30.8,,4.79,49.23,21.5,37.4,0.0,,,32.6,420267.0,
NSE:BLKASHYAP,B. L. Kashyap and Sons Limited,INE350H01032,EQ,Capital Goods,Engineering & Construction,Micro,1134.0,50.3,1676.7,2.13,63.79,40.32,21.1,0.0,,,56.8,665059.0,
NSE:RAJRILTD,Raj Rayon Industries Limited,INE533D01032,BE,Consumer Discretionary,Textile Manufacturing,Micro,1130.0,20.06,46.7,8.57,27.82,19.41,27.9,0.0,,,142.2,12848.0,
NSE:ARIS,Arisinfra Solutions Limited,INE0H9P01028,EQ,Capital Goods,Engineering & Construction,Micro,1130.0,138.15,16.5,1.53,178.3,82.18,22.5,0.0,,,9.4,1668978.0,
NSE:NRAIL,N R Agarwal Industries Limited,INE740D01017,EQ,Materials,Paper & Paper Products,Micro,1123.0,660.05,18.1,1.38,706.4,385.0,6.6,2.0,0.3,,100.6,26335.0,
NSE:AKCAPIT,AK Capital Services Limited,INE701G01012,EQ,Financial Services,Capital Markets,Micro,1118.0,1693.3,9.8,1.07,1800.0,1644.2,5.9,34.0,1.98,,272.9,1331.0,
NSE:GANDHITUBE,Gandhi Special Tubes Limited,INE524B01027,EQ,Capital Goods,Metal Fabrication,Micro,1115.0,988.0,16.1,3.8,1046.6,681.05,5.6,15.0,1.54,,0.0,13806.0,
NSE:DOLATALGO,Dolat Algotech Limited,INE966A01022,EQ,Financial Services,Capital Markets,Micro,1114.0,63.29,7.7,0.99,95.76,62.15,33.9,0.1,0.16,,25.1,135786.0,
NSE:PLATIND,Platinum Industries Limited,INE0PT501018,EQ,Materials,Specialty Chemicals,Micro,1112.0,202.5,22.1,2.51,300.25,183.5,32.6,0.0,,,2.3,86511.0,
NSE:ZSARACOM,Saraswati Commercial India Limited,INE967G01019,EQ,Financial Services,Asset Management,Micro,1112.0,10149.0,8.7,1.01,13418.0,9801.0,24.4,0.0,,,0.0,55.0,
NSE:TEMBO,Tembo Global Industries Limited,INE869Y01028,EQ,Capital Goods,Metal Fabrication,Micro,1107.0,57.2,10.3,1.88,83.7,43.34,31.7,0.2,0.35,,78.4,2077118.0,
NSE:DHAMPURSUG,Dhampur Sugar Mills Limited,INE041A01016,EQ,Fast Moving Consumer Goods,Confectioners,Micro,1106.0,172.0,15.8,0.92,199.92,110.0,14.0,4.0,2.34,5.6,75.0,895915.0,
NSE:COMSYN,Commercial Syn Bags Limited,INE073V01015,EQ,Consumer Discretionary,Packaging & Containers,Micro,1105.0,263.5,37.2,5.92,315.4,136.44,16.5,0.5,0.19,,72.4,959527.0,
NSE:SULA,Sula Vineyards Limited,INE142Q01026,EQ,Fast Moving Consumer Goods,Beverages - Wineries & Distilleries,Micro,1102.0,130.5,44.2,1.88,266.65,130.0,51.1,2.0,1.53,,56.7,424238.0,
NSE:BHARATWIRE,Bharat Wire Ropes Limited,INE316L01019,EQ,Materials,Steel,Micro,1099.0,159.8,22.1,1.35,262.0,148.01,39.0,0.0,,,9.2,187371.0,
NSE:VHL,Vardhman Holdings Limited,INE701A01023,EQ,Financial Services,Asset Management,Micro,1098.0,3440.0,4.4,0.29,4275.0,2870.0,19.5,5.0,0.15,,,743.0,
NSE:BALAJITELE,Balaji Telefilms Limited,INE794B01026,EQ,Media Entertainment & Telecom,Entertainment,Micro,1097.0,90.0,,1.73,133.23,69.52,32.4,0.0,,,3.0,255757.0,
NSE:LGHL,Laxmi Goldorna House Limited,INE258Y01016,EQ,Consumer Discretionary,Luxury Goods,Micro,1097.0,219.0,,15.53,395.31,168.0,44.6,0.0,,,153.4,22469.0,
NSE:TNPETRO,Tamilnadu PetroProducts Limited,INE148A01019,EQ,Materials,Specialty Chemicals,Micro,1091.0,121.3,7.7,1.07,146.99,78.67,17.5,1.5,1.22,,45.7,1489677.0,
NSE:SIGACHI,Sigachi Industries Limited,INE0D0K01022,EQ,Healthcare,Drug Manufacturers - Specialty & Generic,Micro,1088.0,28.44,42.4,2.1,40.85,16.65,30.4,0.1,0.35,,30.7,3390249.0,
NSE:DIGITIDE,Digitide Solutions Limited,INE0U4701011,EQ,Capital Goods,Specialty Business Services,Micro,1087.0,72.87,,1.3,185.92,69.9,60.8,0.0,,,57.9,1595129.0,
NSE:KALAMANDIR,Sai Silks (Kalamandir) Limited,INE438K01021,EQ,Consumer Discretionary,Apparel Retail,Micro,1086.0,73.68,8.0,0.86,223.03,73.1,67.0,1.5,2.02,,28.7,554282.0,
NSE:SOLARWORLD,Solarworld Energy Solutions Limited,INE0TY101024,EQ,Information Technology,Solar,Micro,1085.0,125.2,8.6,1.28,350.0,123.35,64.2,0.0,,,30.1,641917.0,
NSE:MONTECARLO,Monte Carlo Fashions Limited,INE950M01013,EQ,Consumer Discretionary,Apparel Manufacturing,Micro,1084.0,522.8,10.3,1.19,860.95,464.0,39.3,20.0,3.83,,64.0,63238.0,
NSE:NRL,Nupur Recyclers Limited,INE0JM501013,BE,Capital Goods,Waste Management,Micro,1082.0,156.61,63.4,8.06,167.26,45.1,6.4,0.0,,,22.7,100629.0,
NSE:BAJAJHCARE,Bajaj Healthcare Limited,INE411U01027,EQ,Healthcare,Drug Manufacturers - Specialty & Generic,Micro,1081.0,321.0,45.8,1.92,506.45,272.35,36.6,1.5,0.46,,46.7,220779.0,
NSE:FINOPB,Fino Payments Bank Limited,INE02NC01014,EQ,Financial Services,Banks - Regional,Micro,1080.0,129.8,51.7,1.35,339.0,110.03,61.7,0.0,,,,2931785.0,
NSE:ONEGLOBAL,One Global Service Provider Limited,INE670O01013,EQ,Healthcare,Pharmaceutical Retailers,Micro,1079.0,532.9,14.1,7.37,580.0,494.0,8.1,1.0,0.19,,0.0,15744.0,
NSE:UNITEDPOLY,United Polyfab Gujarat Limited,INE368U01029,EQ,Consumer Discretionary,Textile Manufacturing,Micro,1078.0,46.99,41.2,8.07,48.0,20.6,2.1,0.0,,,80.2,146833.0,
NSE:SUBEXLTD,Subex Limited,INE754A01055,EQ,Information Technology,Software - Application,Micro,1078.0,19.42,36.0,3.14,22.8,6.61,14.8,0.0,,,8.2,8005673.0,
NSE:SKMEGGPROD,SKM Egg Products Export (India) Limited,INE411D01023,EQ,Fast Moving Consumer Goods,Packaged Foods,Micro,1073.0,203.6,9.6,2.71,372.0,143.1,45.3,1.25,0.61,,35.9,538258.0,
NSE:MICEL,MIC Electronics Limited,INE287C01037,BE,Information Technology,Electronic Components,Micro,1072.0,36.0,,4.02,61.59,29.97,41.5,0.0,,,21.7,175307.0,
NSE:DHANBANK,Dhanlaxmi Bank Limited,INE680A01011,EQ,Financial Services,Banks - Regional,Micro,1070.0,27.12,9.3,0.71,36.85,19.45,26.4,0.0,,7.9,,1361296.0,
NSE:JYOTISTRUC,Jyoti Structures Limited,INE197A01024,EQ,Capital Goods,Specialty Industrial Machinery,Micro,1070.0,8.96,16.6,2.25,15.49,7.94,42.2,0.0,,,439.0,4893111.0,
NSE:LAXMIDENTL,Laxmi Dental Limited,INE0WO601020,EQ,Healthcare,Medical Instruments & Supplies,Micro,1062.0,193.05,34.5,4.37,344.8,155.88,44.0,0.0,,,5.3,101961.0,
NSE:IRMENERGY,IRM Energy Limited,INE07U701015,EQ,Power,Utilities - Regulated Gas,Micro,1061.0,258.45,14.5,1.06,377.0,165.4,31.4,1.5,0.58,,7.3,98306.0,
NSE:KAMDHENU,Kamdhenu Limited,INE390H01020,EQ,Materials,Steel,Micro,1060.0,37.6,12.6,2.67,43.7,16.15,14.0,0.4,1.06,,2.4,905292.0,
NSE:ASTAR,Asian Star Company Limited,INE194D01017,EQ,Consumer Discretionary,Luxury Goods,Micro,1060.0,662.0,31.9,0.64,848.0,485.0,21.9,1.5,0.23,,29.8,1251.0,
NSE:PRECAM,Precision Camshafts Limited,INE484I01029,EQ,Consumer Discretionary,Auto Parts,Micro,1059.0,111.5,25.9,1.27,205.9,103.98,45.8,1.0,0.91,,6.5,142643.0,
NSE:STEL,Stel Holdings Limited,INE577L01016,EQ,Financial Services,Asset Management,Micro,1059.0,574.0,54.6,0.66,689.95,380.0,16.8,0.0,,,,4417.0,
NSE:ADROITIND,Adroit Industries (India) Limited,INE505M01015,BE,Consumer Discretionary,Auto Parts,Micro,1057.0,235.98,40.5,6.4,258.8,235.0,8.8,0.0,,22.5,40.9,3033376.0,
NSE:JINDALPHOT,Jindal Photo Limited,INE796G01012,EQ,Financial Services,Asset Management,Micro,1056.0,1025.1,,1.03,1616.6,971.1,36.6,0.0,,,6.3,5208.0,
NSE:FAZE3Q,Faze Three Limited,INE963C01033,EQ,Consumer Discretionary,Textile Manufacturing,Micro,1055.0,434.8,34.7,2.34,650.05,322.1,33.1,0.0,,,60.9,31688.0,
NSE:UTTAMSUGAR,Uttam Sugar Mills Limited,INE786F01031,EQ,Fast Moving Consumer Goods,Confectioners,Micro,1053.0,276.0,12.1,1.2,359.3,181.1,23.2,2.5,0.91,,81.2,344007.0,
NSE:ORIENTTECH,Orient Technologies Limited,INE0PPK01015,EQ,Information Technology,Information Technology Services,Micro,1052.0,229.7,,3.13,466.73,220.8,50.8,0.0,,,18.6,814181.0,
NSE:THEMISMED,Themis Medicare Limited,INE083B01024,EQ,Healthcare,Drug Manufacturers - Specialty & Generic,Micro,1052.0,113.25,26.1,2.63,147.0,64.95,23.0,0.5,0.44,,25.1,230002.0,
NSE:NELCAST,Nelcast Limited,INE189I01024,EQ,Capital Goods,Metal Fabrication,Micro,1049.0,120.25,25.5,1.75,173.2,85.98,30.6,0.7,0.58,,42.9,292939.0,
NSE:BIRLANU,BirlaNu Limited,INE557A01011,EQ,Capital Goods,Building Products & Equipment,Micro,1048.0,1390.0,,0.94,1999.0,1190.1,30.5,15.0,1.08,,100.1,21140.0,
NSE:MUNJALAU,Munjal Auto Industries Limited,INE672B01032,EQ,Consumer Discretionary,Auto Parts,Micro,1043.0,104.3,20.8,2.33,130.6,67.2,20.1,1.0,0.96,,90.7,2566723.0,
NSE:RUPA,Rupa & Company Limited,INE895B01021,EQ,Consumer Discretionary,Apparel Manufacturing,Micro,1042.0,130.98,13.8,0.98,209.9,109.21,37.6,3.0,2.3,,24.2,168991.0,
NSE:DAMCAPITAL,Dam Capital Advisors Limited,INE284H01025,EQ,Financial Services,Capital Markets,Micro,1039.0,147.0,14.3,2.77,286.0,119.22,48.6,1.0,0.68,,25.4,742865.0,
NSE:GAYAPROJ,Gayatri Projects Limited,INE336H01023,EQ,Capital Goods,Engineering & Construction,Micro,1033.0,22.25,0.2,0.69,27.33,10.99,18.6,0.0,,,51.3,753073.0,
NSE:HARIOMPIPE,Hariom Pipe Industries Limited,INE00EV01017,EQ,Materials,Steel,Micro,1033.0,333.6,15.0,1.6,485.05,268.05,31.2,0.75,0.23,,62.2,210016.0,
NSE:PRIMESECU,Prime Securities Limited,INE032B01021,EQ,Financial Services,Capital Markets,Micro,1032.0,304.0,152.8,3.31,325.0,253.1,6.5,1.5,0.5,,0.6,36673.0,
NSE:GREENPOWER,Orient Green Power Company Limited,INE999K01014,EQ,Power,Utilities - Independent Power Producers,Micro,1031.0,8.79,16.3,0.89,14.93,7.98,41.1,0.0,,,45.4,2709764.0,
NSE:AFSL,Abans Financial Services Limited,INE00ZE01026,EQ,Financial Services,Capital Markets,Micro,1029.0,201.0,7.6,0.81,227.0,194.41,11.5,0.0,,,55.8,12685.0,
NSE:UNITECH,Unitech Limited,INE694A01020,EQ,Realty,Real Estate - Diversified,Micro,1028.0,3.93,,-0.11,7.93,3.1,50.4,0.0,,,,4495467.0,
NSE:APEX,Apex Frozen Foods Limited,INE346W01013,EQ,Fast Moving Consumer Goods,Farm Products,Micro,1028.0,328.95,20.0,1.95,514.5,219.86,36.1,2.5,0.77,,1.1,297287.0,
NSE:CREST,Crest Ventures Limited,INE559D01011,EQ,Financial Services,Financial Conglomerates,Micro,1026.0,363.0,31.3,0.79,418.0,298.15,13.2,1.0,0.28,,15.4,4774.0,
NSE:MATRIMONY,Matrimony.Com Limited,INE866R01028,EQ,Media Entertainment & Telecom,Internet Content & Information,Micro,1026.0,496.2,23.3,4.97,573.0,364.05,13.4,5.0,1.01,,23.9,47800.0,
NSE:ARIHANT,Arihant Foundations & Housing Limited,INE413D01011,EQ,Realty,Real Estate - Development,Micro,1020.0,939.4,14.8,2.52,1225.0,39.65,23.3,0.0,,,107.6,5171.0,
NSE:TNPL,Tamil Nadu Newsprint & Papers Limited,INE107A01015,EQ,Materials,Paper & Paper Products,Micro,1019.0,147.25,3.9,0.44,166.66,121.51,11.6,4.0,2.71,,69.6,318659.0,
NSE:BOROSCI,Borosil Scientific Limited,INE02L001032,EQ,Consumer Discretionary,Packaging & Containers,Micro,1018.0,114.4,23.6,2.31,180.8,96.64,36.7,0.0,,,2.0,89074.0,
NSE:KRISHIVAL,Krishival Foods Limited,INE0GGO01015,EQ,Fast Moving Consumer Goods,Packaged Foods,Micro,1012.0,395.0,42.8,4.61,508.0,282.3,22.2,0.35,0.09,,18.1,29259.0,
NSE:FINKURVE,Finkurve Financial Services Limited,INE734I01027,EQ,Financial Services,Credit Services,Micro,1011.0,72.15,34.9,2.9,134.9,48.02,46.5,0.0,,,244.3,140885.0,
NSE:SYSTMTXC,Systematix Corporate Services Limited,INE356B01024,BE,Financial Services,Capital Markets,Micro,1011.0,73.96,,3.23,177.9,51.89,58.4,0.1,0.14,,6.1,10161.0,
NSE:RMDRIP,R M Drip and Sprinklers Systems Limited,INE219Y01026,BE,Capital Goods,Farm & Heavy Construction Machinery,Micro,1011.0,23.6,28.8,5.32,72.22,14.81,67.3,0.03,0.13,,47.6,831865.0,
NSE:MVGJL,Manoj Vaibhav Gems N Jewellers Limited,INE0KNT01012,EQ,Consumer Discretionary,Luxury Goods,Micro,1008.0,206.3,8.3,1.21,233.99,129.1,11.8,0.0,,,58.9,326004.0,
NSE:MASTERTR,Master Trust Limited,INE677D01037,EQ,Financial Services,Capital Markets,Micro,1007.0,81.87,7.5,1.2,164.5,55.6,50.2,0.0,,,27.8,1417739.0,
NSE:JYOTIRES,Jyoti Resins & Adhesives Limited,INE577D01013,EQ,Materials,Specialty Chemicals,Micro,1005.0,837.4,15.4,3.43,911.0,821.2,8.1,9.0,1.07,,,9344.0,
NSE:RIIL,Reliance Industrial Infrastructure Limited,INE046A01015,EQ,Capital Goods,Engineering & Construction,Micro,1004.0,665.05,82.4,2.12,964.0,617.35,31.0,3.5,0.52,,,66515.0,
NSE:GULPOLY,Gulshan Polyols Limited,INE255D01024,EQ,Materials,Chemicals,Micro,1002.0,161.2,6.8,1.4,227.63,121.5,29.2,1.5,0.93,,43.5,547076.0,
NSE:AWHCL,Antony Waste Handling Cell Limited,INE01BK01022,EQ,Capital Goods,Waste Management,Micro,1000.0,352.5,17.1,1.35,605.0,337.55,41.7,0.5,0.14,,50.1,219078.0,
NSE:MAMATA,Mamata Machinery Limited,INE0TO701015,EQ,Capital Goods,Specialty Industrial Machinery,Micro,996.0,404.9,111.2,5.38,463.45,297.0,12.6,0.5,0.13,,4.5,73563.0,
NSE:SEKURITIND,Saint Gobain Sekurit India Limited,INE068B01017,EQ,Consumer Discretionary,Auto Parts,Micro,993.0,109.01,22.3,4.08,124.65,105.05,12.5,0.0,,,0.5,24846.0,
NSE:ESTER,Ester Industries Limited,INE778B01029,EQ,Materials,Specialty Chemicals,Micro,992.0,95.1,,1.18,132.45,68.55,28.2,0.25,0.26,,93.1,207759.0,
NSE:SWARAJ,Swaraj Suiting Limited,INE0GMR01016,BE,Consumer Discretionary,Textile Manufacturing,Micro,991.0,375.0,15.2,2.47,395.0,160.1,5.1,0.0,,,96.1,173344.0,
NSE:INDOAMIN,Indo Amines Limited,INE760F01028,EQ,Materials,Chemicals,Micro,991.0,136.49,12.4,2.61,152.65,81.9,10.6,0.5,0.37,,78.9,83192.0,
NSE:ICEMAKE,Ice Make Refrigeration Limited,INE520Y01019,EQ,Capital Goods,Specialty Industrial Machinery,Micro,989.0,626.65,82.3,7.43,920.0,602.0,31.9,2.25,0.36,,119.5,33980.0,
NSE:CONTROLPR,Control Print Limited,INE663B01015,EQ,Capital Goods,Business Equipment & Supplies,Micro,988.0,617.5,25.4,2.18,824.6,517.0,25.1,10.0,1.62,,1.5,45459.0,
NSE:DVL,Dhunseri Ventures Limited,INE477B01010,EQ,Financial Services,Capital Markets,Micro,988.0,282.0,5.2,0.3,375.9,186.99,25.0,5.0,1.79,,29.0,28520.0,
NSE:GRPLTD,GRP Limited,INE137I01015,EQ,Consumer Discretionary,Auto Parts,Micro,987.0,1850.6,174.1,5.53,2300.1,1500.0,19.5,3.5,0.18,,116.3,2399.0,
NSE:SEPC,SEPC Limited,INE964H01014,EQ,Capital Goods,Engineering & Construction,Micro,985.0,5.07,39.0,0.52,12.24,4.65,58.6,0.0,,,18.4,14525940.0,
NSE:VHLTD,Viceroy Hotels Limited,INE048C01025,BE,Consumer Discretionary,Lodging,Micro,981.0,127.7,38.3,3.23,155.36,112.98,17.8,0.0,,,98.9,39291.0,
NSE:ARIHANTCAP,Arihant Capital Markets Limited,INE420B01036,EQ,Financial Services,Capital Markets,Micro,973.0,88.8,24.6,2.01,120.0,56.97,26.0,0.5,0.56,,55.4,597107.0,
NSE:SHREDIGCEM,Shree Digvijay Cement Co.Ltd,INE232A01011,EQ,Materials,Building Materials,Micro,971.0,65.62,53.8,2.65,97.15,53.9,32.5,1.0,1.5,,140.5,90941.0,
NSE:OCCLLTD,OCCL Limited,INE0PK601023,BE,Materials,Chemicals,Micro,967.0,193.5,12.9,,195.5,75.71,1.0,2.8,1.45,,,86873.0,
NSE:BUTTERFLY,Butterfly Gandhimathi Appliances Limited,INE295F01017,EQ,Consumer Discretionary,"Furnishings, Fixtures & Appliances",Micro,966.0,540.45,20.1,2.6,823.85,522.25,34.4,0.0,,,2.1,35240.0,
NSE:WEL,Wonder Electricals Limited,INE02WG01024,EQ,Consumer Discretionary,"Furnishings, Fixtures & Appliances",Micro,962.0,71.79,79.8,10.75,183.53,68.01,60.9,0.2,0.28,,107.8,3462959.0,
NSE:SURAJEST,Suraj Estate Developers Limited,INE843S01025,EQ,Realty,Real Estate - Development,Micro,958.0,199.88,10.1,0.93,319.0,165.0,37.3,0.0,,,65.0,172525.0,
NSE:JPOLYINVST,Jindal Poly Investment and Finance Company Limited,INE147P01019,EQ,Financial Services,Asset Management,Micro,957.0,910.05,1.2,0.6,1487.7,852.1,38.8,0.0,,,1.5,12586.0,
NSE:WCIL,Western Carriers (India) Limited,INE0CJF01024,EQ,Capital Goods,Integrated Freight & Logistics,Micro,956.0,93.72,26.0,1.1,138.29,77.02,32.2,0.0,,,26.0,102402.0,
NSE:SGIL,Synergy Green Industries Limited,INE00QT01015,EQ,Capital Goods,Metal Fabrication,Micro,953.0,613.3,,8.58,697.95,420.0,12.1,1.0,0.17,,225.4,13035.0,
NSE:PREMIERPOL,Premier Polyfilm Limited,INE309M01020,EQ,Materials,Specialty Chemicals,Micro,953.0,91.0,27.2,6.47,106.0,38.0,14.2,0.15,0.17,,16.7,787781.0,
NSE:TIRUPATIFL,Tirupati Forge Limited,INE319Y01024,BE,Capital Goods,Metal Fabrication,Micro,952.0,75.16,159.9,7.14,83.9,30.11,10.4,0.0,,,31.1,511222.0,
NSE:RAJOOENG,Rajoo Engineers Limited,INE535F01024,BE,Capital Goods,Specialty Industrial Machinery,Micro,951.0,53.2,19.8,2.79,95.06,46.0,44.0,0.15,0.28,,6.8,202079.0,
NSE:CENTRUM,Centrum Capital Limited,INE660C01027,EQ,Financial Services,Financial Conglomerates,Micro,949.0,19.99,,3.12,35.9,18.71,44.3,0.0,,,1218.7,401331.0,
NSE:ELECTHERM,Electrotherm (India) Limited,INE822G01016,EQ,Materials,Steel,Micro,948.0,743.95,,-6.16,1277.0,551.0,41.7,0.0,,,,23543.0,
NSE:RSWM,RSWM Limited,INE611A01016,EQ,Consumer Discretionary,Textile Manufacturing,Micro,947.0,201.0,15.0,0.7,238.0,120.0,15.5,0.0,,3.9,124.0,61634.0,
NSE:WEALTH,Wealth First Portfolio Managers Limited,INE658T01017,EQ,Financial Services,Capital Markets,Micro,943.0,885.2,28.6,6.27,1237.9,774.95,28.5,9.0,1.01,,,3286.0,
NSE:SALZERELEC,Salzer Electronics Limited,INE457F01013,EQ,Capital Goods,Electrical Equipment & Parts,Micro,939.0,531.0,21.5,1.58,952.5,488.8,44.3,2.5,0.47,,88.8,47724.0,
NSE:UNIECOM,Unicommerce Esolutions Limited,INE00U401027,EQ,Information Technology,Software - Application,Micro,932.0,82.97,45.3,5.04,147.0,78.51,43.6,0.0,,,4.9,644642.0,
NSE:CONSOFINVT,Consolidated Finvest & Holdings Limited,INE025A01027,BE,Financial Services,Capital Markets,Micro,931.0,288.0,17.2,0.8,320.0,152.0,10.0,1.47,0.53,,,17417.0,
NSE:SRHHYPOLTD,Sree Rayalaseema Hi-Strength Hypo Limited,INE917H01012,EQ,Materials,Chemicals,Micro,931.0,542.3,9.9,0.96,670.0,382.4,19.1,3.0,0.55,,1.2,24387.0,
NSE:ARIHANTSUP,Arihant Superstructures Limited,INE643K01018,EQ,Realty,Real Estate - Development,Micro,930.0,215.0,21.8,2.56,465.0,188.8,53.8,0.25,0.12,,194.3,18134.0,
NSE:BCLIND,Bcl Industries Limited,INE412G01024,EQ,Fast Moving Consumer Goods,Beverages - Wineries & Distilleries,Micro,924.0,31.31,7.9,1.02,41.7,25.53,24.9,0.35,1.12,,59.8,1925578.0,
NSE:MADRASFERT,Madras Fertilizers Limited,INE414A01015,EQ,Materials,Agricultural Inputs,Micro,923.0,57.31,13.0,10.01,86.95,52.56,34.1,0.0,,,689.6,74562.0,
NSE:MAXIND,Max India Limited,INE0CG601016,EQ,Healthcare,Medical Care Facilities,Micro,918.0,163.0,,2.1,225.01,120.0,27.6,0.0,,,23.6,138074.0,
NSE:AMNPLST,Amines & Plasticizers Limited,INE275D01022,EQ,Materials,Chemicals,Micro,918.0,166.79,23.8,3.14,250.0,127.0,33.3,0.5,0.3,,9.3,12346.0,
NSE:GKWLIMITED,GKW Limited,INE528A01020,EQ,Capital Goods,Specialty Business Services,Micro,913.0,1530.0,,0.35,1985.4,1375.0,22.9,0.0,,,0.0,967.0,
NSE:NAHARSPING,Nahar Spinning Mills Limited,INE290A01027,EQ,Consumer Discretionary,Textile Manufacturing,Micro,912.0,253.0,11.6,0.61,349.0,149.2,27.5,1.0,0.39,,65.0,37673.0,
NSE:PDMJEPAPER,Pudumjee Paper Products Limited,INE865T01018,EQ,Materials,Paper & Paper Products,Micro,912.0,96.0,10.0,1.36,125.98,65.0,23.8,0.6,0.63,,6.4,332857.0,
NSE:JARO,Jaro Institute of Technology Management and Research Limited,INE00YJ01010,EQ,Fast Moving Consumer Goods,Education & Training Services,Micro,912.0,409.5,15.5,2.47,790.0,383.5,48.2,6.0,1.47,,2.2,112081.0,
NSE:SRM,SRM Contractors Limited,INE0R6Z01013,EQ,Capital Goods,Engineering & Construction,Micro,910.0,396.55,7.7,2.45,649.95,361.35,39.0,0.0,,,32.6,78153.0,
NSE:SWELECTES,Swelect Energy Systems Limited,INE409B01013,EQ,Information Technology,Solar,Micro,909.0,585.3,21.3,0.96,977.0,483.1,40.1,3.5,0.59,,83.6,25622.0,
NSE:WELINV,Welspun Investments and Commercials Limited,INE389K01018,BE,Financial Services,Capital Markets,Micro,909.0,2478.0,290.8,1.35,2499.9,1025.0,0.9,0.0,,0.4,,2585.0,
NSE:ZUARI,Zuari Agro Chemicals Limited,INE840M01016,EQ,Materials,Agricultural Inputs,Micro,908.0,216.0,1.0,0.44,345.6,175.1,37.5,0.0,,,30.7,117950.0,
NSE:SVLL,Shree Vasu Logistics Limited,INE00CE01017,EQ,Capital Goods,Trucking,Micro,908.0,790.0,127.0,22.78,897.45,445.15,12.0,0.0,,,509.5,15348.0,
NSE:SGRL,Shree Ganesh Remedies Limited,INE414Y01015,EQ,Healthcare,Drug Manufacturers - Specialty & Generic,Micro,898.0,699.7,58.2,5.51,749.85,490.0,6.7,0.0,,,18.9,25103.0,
NSE:BAFNAPH,Bafna Pharmaceuticals Limited,INE878I01022,BE,Healthcare,Drug Manufacturers - Specialty & Generic,Micro,896.0,378.75,114.8,9.34,378.75,94.77,0.0,0.0,,,38.9,17328.0,
NSE:GANESHBE,Ganesh Benzoplast Limited,INE388A01029,BE,Materials,Specialty Chemicals,Micro,896.0,124.4,12.4,1.47,143.0,68.4,13.0,0.0,,,12.3,635166.0,
NSE:DHARMAJ,Dharmaj Crop Guard Limited,INE00OQ01016,EQ,Materials,Agricultural Inputs,Micro,896.0,265.25,14.9,2.0,325.05,210.65,18.4,0.0,,,29.4,56025.0,
NSE:EXCELSOFT,Excelsoft Technologies Limited,INE606N01019,EQ,Information Technology,Software - Application,Micro,893.0,77.56,19.1,1.54,142.59,66.4,45.6,0.0,,,1.1,1049255.0,
NSE:HEALTHX,Health X Platform Limited,INE019J01013,EQ,Healthcare,Pharmaceutical Retailers,Micro,891.0,280.0,,1.39,363.0,252.5,22.9,0.0,,,3.4,7273.0,
NSE:LIKHITHA,Likhitha Infrastructure Limited,INE060901027,EQ,Oil Gas & Consumable Fuels,Oil & Gas Equipment & Services,Micro,890.0,225.5,27.2,2.16,272.0,131.45,17.1,0.0,,,0.1,74133.0,
NSE:BSHSL,Bombay Super Hybrid Seeds Limited,INE032Z01020,EQ,Materials,Agricultural Inputs,Micro,880.0,83.9,30.7,6.73,128.5,59.16,34.7,0.0,,,82.6,6284.0,
NSE:REGAAL,Regaal Resources Limited,INE0MHO01029,EQ,Fast Moving Consumer Goods,Packaged Foods,Micro,878.0,85.2,13.7,1.77,103.0,57.27,17.3,0.25,0.29,,125.5,458515.0,
NSE:ARMEE,ArMee Infotech Limited,INE0TWE01016,EQ,Information Technology,Information Technology Services,Micro,868.0,273.5,19.1,3.56,375.0,258.5,27.1,0.0,,28.5,36.0,9237628.0,
NSE:AMBIKCO,Ambika Cotton Mills Limited,INE540G01014,EQ,Consumer Discretionary,Textile Manufacturing,Micro,868.0,1515.6,10.7,0.91,1931.0,1101.0,21.5,37.0,2.46,,,15385.0,
NSE:LOKESHMACH,Lokesh Machines Limited,INE397H01017,EQ,Capital Goods,Specialty Industrial Machinery,Micro,868.0,398.0,180.9,3.48,411.45,138.96,3.3,0.0,,,74.2,53381.0,
NSE:NEUEON,Neueon Corporation Limited,INE333I01044,BE,Materials,Steel,Micro,862.0,15.24,,3.92,27.4,5.22,44.4,0.0,,,19.1,41575.0,
NSE:JSIPL,Jindal Supreme (India) Limited,INE1DLO01028,BE,Materials,Steel,Micro,861.0,168.82,35.2,,168.82,120.0,0.0,0.0,,,90.6,1179662.0,
NSE:ANUHPHR,Anuh Pharma Limited,INE489G01022,EQ,Healthcare,Drug Manufacturers - Specialty & Generic,Micro,857.0,85.51,23.9,2.43,99.5,67.0,14.1,1.5,1.75,,0.0,130761.0,
NSE:HEXATRADEX,Hexa Tradex Limited,INE750M01017,EQ,Financial Services,Credit Services,Micro,857.0,155.05,,0.19,182.01,147.26,14.8,0.0,,,0.2,3645.0,
NSE:VADILENT,Vadilal Enterprises Limited,INE693D01018,EQ,Fast Moving Consumer Goods,Food Distribution,Micro,855.0,9910.0,62.7,25.84,12598.0,9401.0,21.3,1.5,0.02,,187.9,43.0,
NSE:HEXAGON,Hexagon Nutrition Limited,INE0JUI01012,BE,Fast Moving Consumer Goods,Packaged Foods,Micro,849.0,69.03,34.9,3.26,78.25,48.1,11.8,0.3,0.44,,14.0,847260.0,
NSE:SUDARCOLOR,Sudarshan Colorants India Limited,INE492A01029,EQ,Materials,Specialty Chemicals,Micro,848.0,367.25,17.7,1.49,550.0,268.25,33.2,0.0,,,4.0,11425.0,
NSE:KRYSTAL,Krystal Integrated Services Limited,INE0QN801017,EQ,Capital Goods,Specialty Business Services,Micro,848.0,607.25,13.0,1.7,696.9,500.0,12.9,1.5,0.25,,24.0,38872.0,
NSE:WAAREEINDO,Indosolar Limited,INE866K01023,EQ,Information Technology,Solar,Micro,843.0,202.61,5.1,2.94,725.0,199.46,72.1,0.0,,,1.1,103885.0,
NSE:ORIRAIL,Oriental Rail Infrastructure Limited,INE457G01029,EQ,Capital Goods,Railroads,Micro,838.0,124.94,17.7,2.0,142.0,102.8,12.0,0.1,0.08,,75.9,228589.0,
NSE:ZUARIIND,ZUARI INDUSTRIES LIMITED,INE217A01012,EQ,Capital Goods,Conglomerates,Micro,835.0,280.45,7.7,0.23,379.0,210.0,26.0,1.0,0.35,,72.1,66030.0,
NSE:FAIRCHEMOR,Fairchem Organics Limited,INE0DNW01011,BE,Materials,Specialty Chemicals,Micro,834.0,662.0,58.5,3.17,846.8,428.05,21.8,1.0,0.15,,31.9,14723.0,
NSE:PANACHE,Panache Digilife Limited,INE895W01019,BE,Information Technology,Communication Equipment,Micro,827.0,516.15,49.3,7.2,559.4,237.7,7.7,0.0,,,26.2,10805.0,
NSE:KANORICHEM,Kanoria Chemicals & Industries Limited,INE138C01024,BE,Materials,Chemicals,Micro,825.0,188.84,13.9,1.44,206.0,56.0,8.3,0.0,,,50.8,47120.0,
NSE:MAFATIND,Mafatlal Industries Limited,INE270B01035,EQ,Consumer Discretionary,Textile Manufacturing,Micro,823.0,114.0,14.0,1.07,157.77,113.4,27.7,2.5,2.19,,8.2,41678.0,
NSE:IFBAGRO,IFB Agro Industries Limited,INE076C01018,EQ,Fast Moving Consumer Goods,Beverages - Wineries & Distilleries,Micro,821.0,877.0,13.8,1.22,1790.0,679.15,51.0,0.0,,,11.1,5360.0,
NSE:EMKAY,Emkay Global Financial Services Limited,INE296H01011,EQ,Financial Services,Capital Markets,Micro,820.0,293.75,43.4,2.02,370.9,186.0,20.8,1.5,0.52,,26.4,41588.0,
NSE:STERTOOLS,Sterling Tools Limited,INE334A01023,EQ,Capital Goods,Tools & Accessories,Micro,818.0,225.0,31.5,1.55,335.0,155.0,32.8,2.75,1.23,,27.9,23779.0,
NSE:RADHIKAJWE,Radhika Jeweltech Limited,INE583V01021,BE,Consumer Discretionary,Luxury Goods,Micro,817.0,69.18,10.3,2.05,97.5,50.01,29.0,0.0,,,14.6,2402367.0,
NSE:ROHLTD,Royal Orchid Hotels Limited,INE283H01019,EQ,Consumer Discretionary,Lodging,Micro,816.0,297.5,29.5,3.16,562.95,269.4,47.2,2.5,0.84,,232.5,21663.0,
NSE:GEMAROMA,Gem Aromatics Limited,INE06XZ01023,EQ,Materials,Chemicals,Micro,813.0,155.7,,1.81,263.68,133.0,41.0,0.0,,,33.7,426099.0,
NSE:CIFL,Capital India Finance Limited,INE345H01024,EQ,Financial Services,Credit Services,Micro,813.0,20.8,20.8,1.21,39.69,18.56,47.6,0.02,0.1,,145.7,133374.0,
NSE:PROZONER,Prozone Realty Limited,INE195N01013,EQ,Realty,Real Estate - Diversified,Micro,808.0,52.98,132.4,1.77,72.77,39.55,27.2,0.0,,,134.6,281536.0,
NSE:HIMATSEIDE,Himatsingka Seide Limited,INE049A01027,EQ,Consumer Discretionary,Textile Manufacturing,Micro,808.0,64.24,14.4,0.39,129.49,61.09,50.4,0.25,0.39,,123.1,583256.0,
NSE:ABINFRA,A B Infrabuild Limited,INE00YB01025,BE,Capital Goods,Engineering & Construction,Micro,805.0,12.6,42.0,4.94,23.56,8.82,46.5,0.01,0.05,,68.3,4176037.0,
NSE:DBOL,Dhampur Bio Organics Limited,INE0I3401014,EQ,Fast Moving Consumer Goods,Farm Products,Micro,805.0,121.2,31.7,0.78,139.0,69.0,12.8,1.5,1.24,,103.3,239619.0,
NSE:GAUDIUMIVF,Gaudium IVF and Women Health Limited,INE0P8B01020,EQ,Healthcare,Medical Care Facilities,Micro,797.0,109.44,34.3,4.48,163.18,69.18,32.9,0.0,,,16.1,189915.0,
NSE:CHEMCON,Chemcon Speciality Chemicals Limited,INE03YM01018,EQ,Materials,Specialty Chemicals,Micro,794.0,216.75,28.2,1.64,288.3,125.0,24.8,13.0,6.02,,11.0,29606.0,
NSE:GEECEE,GeeCee Ventures Limited,INE916G01016,BE,Realty,Real Estate - Development,Micro,793.0,379.0,17.1,0.95,390.0,215.85,2.8,2.0,0.54,,,3263.0,
NSE:KECL,Kirloskar Electric Company Limited,INE134B01017,EQ,Capital Goods,Specialty Industrial Machinery,Micro,792.0,119.3,397.7,6.01,155.0,75.47,23.0,0.0,,,76.2,212679.0,
NSE:SUYOG,Suyog Telematics Limited,INE442P01014,EQ,Media Entertainment & Telecom,Telecom Services,Micro,792.0,676.0,13.6,1.62,921.15,526.5,26.6,1.0,0.14,,75.8,31759.0,
NSE:PROSTARM,Prostarm Info Systems Limited,INE0BX301013,EQ,Capital Goods,Electrical Equipment & Parts,Micro,791.0,134.35,21.7,2.76,208.7,114.64,35.6,0.0,,,32.4,276123.0,
NSE:ORICONENT,Oricon Enterprises Limited,INE730A01022,EQ,Consumer Discretionary,Packaging & Containers,Micro,790.0,50.0,33.8,0.67,73.12,47.04,31.6,0.2,0.4,,0.3,86243.0,
NSE:PARIN,Parin Enterprises Limited,INE00U801010,EQ,Consumer Discretionary,"Furnishings, Fixtures & Appliances",Micro,789.0,709.8,126.3,10.47,789.0,502.9,10.0,0.0,,10.4,118.3,11170.0,
NSE:RITCO,Ritco Logistics Limited,INE01EG01016,EQ,Capital Goods,Integrated Freight & Logistics,Micro,789.0,277.0,24.3,2.17,331.15,167.1,16.4,0.0,,,132.2,133168.0,
NSE:RBZJEWEL,RBZ Jewellers Limited,INE0PEQ01016,BE,Consumer Discretionary,Luxury Goods,Micro,787.0,196.87,13.9,2.63,207.66,100.0,5.2,0.0,,,56.6,693308.0,
NSE:STANLEY,Stanley Lifestyles Limited,INE01A001028,EQ,Consumer Discretionary,"Furnishings, Fixtures & Appliances",Micro,781.0,136.7,166.7,1.68,304.0,123.0,55.0,0.0,,,65.4,121591.0,
NSE:VIVIANA,Viviana Power Tech Limited,INE0MEG01014,EQ,Capital Goods,Engineering & Construction,Micro,780.0,770.0,14.0,7.16,1860.0,565.0,58.6,1.0,0.13,,86.0,22198.0,
NSE:DWARKESH,Dwarikesh Sugar Industries Limited,INE366A01041,EQ,Fast Moving Consumer Goods,Confectioners,Micro,778.0,42.0,53.8,0.94,59.9,32.13,29.9,0.1,0.24,,40.6,3441664.0,
NSE:PRECOT,Precot Limited,INE283A01014,EQ,Consumer Discretionary,Textile Manufacturing,Micro,773.0,644.5,15.1,1.61,899.0,300.05,28.3,4.0,0.63,,72.2,6902.0,
NSE:DECCANCE,Deccan Cements Limited,INE583C01021,EQ,Materials,Building Materials,Micro,770.0,550.0,130.0,1.03,1102.2,525.0,50.1,0.5,0.09,,100.3,26758.0,
NSE:KILITCH,Kilitch Drugs (India) Limited,INE729D01010,BE,Healthcare,Drug Manufacturers - Specialty & Generic,Micro,769.0,220.0,25.0,2.75,232.5,117.25,5.4,0.0,,,32.0,29608.0,
NSE:ELDEHSG,Eldeco Housing And Industries Limited,INE668G01021,EQ,Realty,Real Estate Services,Micro,769.0,782.0,20.7,1.92,1044.1,701.55,25.1,9.0,1.15,,38.6,3680.0,
NSE:SEJALLTD,Sejal Glass Limited,INE955I01044,EQ,Capital Goods,Building Products & Equipment,Micro,768.0,654.95,22.7,4.93,1036.7,381.0,36.8,0.0,,,133.1,12183.0,
NSE:MUKKA,Mukka Proteins Limited,INE0CG401037,BE,Fast Moving Consumer Goods,Packaged Foods,Micro,768.0,25.6,11.0,1.53,33.29,18.27,23.1,0.0,,,147.4,799935.0,
NSE:NCLIND,NCL Industries Limited,INE732C01016,EQ,Materials,Building Materials,Micro,767.0,169.55,6.4,0.77,214.8,147.5,21.1,4.0,2.35,,31.9,48748.0,
NSE:NDTV,New Delhi Television Limited,INE155G01029,EQ,Media Entertainment & Telecom,Broadcasting,Micro,767.0,68.0,,5.98,117.8,58.75,42.3,0.0,,,199.4,176415.0,
NSE:ARYAMAN,Aryaman Financial Services Limited,INE032E01017,EQ,Financial Services,Capital Markets,Micro,764.0,624.0,25.1,3.79,674.95,570.0,7.5,0.0,,,,1164.0,
NSE:DMCC,DMCC SPECIALITY CHEMICALS LIMITED,INE505A01010,EQ,Materials,Chemicals,Micro,763.0,306.0,19.1,3.07,332.9,191.35,8.1,2.5,0.81,,34.9,103463.0,
NSE:KRONOX,Kronox Lab Sciences Limited,INE0ATZ01017,BE,Materials,Specialty Chemicals,Micro,763.0,205.57,26.4,6.5,227.74,96.0,9.7,0.5,0.24,,1.4,717625.0,
NSE:SADHNANIQ,Sadhana Nitrochem Limited,INE888C01040,BE,Materials,Chemicals,Micro,761.0,2.51,,0.24,10.8,1.27,76.8,0.0,,,25.0,1776235.0,
NSE:ADVANCE,Advance Agrolife Limited,INE1B0W01010,EQ,Materials,Agricultural Inputs,Micro,757.0,117.78,15.5,2.7,154.0,84.1,23.5,0.0,,,31.6,363616.0,
NSE:TRANSPEK,Transpek Industry Limited,INE687A01016,BE,Materials,Chemicals,Micro,753.0,1349.0,19.3,0.98,1475.0,952.3,8.5,20.0,1.48,,,14536.0,
NSE:SWASTIKAIN,Swastika Infra Limited,INE1QJA01015,BE,Capital Goods,Engineering & Construction,Micro,752.0,220.5,17.7,,220.5,199.5,0.0,0.0,,35.4,73.2,2658999.0,
NSE:SHIVAUM,Shiv Aum Steels Limited,INE719F01016,EQ,Materials,Steel,Micro,750.0,551.5,104.6,6.21,559.5,275.0,1.4,0.0,,,80.4,49866.0,
NSE:KOKUYOCMLN,Kokuyo Camlin Limited,INE760A01029,EQ,Capital Goods,Business Equipment & Supplies,Micro,749.0,74.63,33.9,2.32,110.89,71.05,32.7,0.3,0.4,,11.4,37052.0,
NSE:SANDESH,The Sandesh Limited,INE583B01015,EQ,Media Entertainment & Telecom,Publishing,Micro,749.0,989.65,7.0,0.52,1270.0,811.0,22.1,5.0,0.51,,,3005.0,
NSE:VASCONEQ,Vascon Engineers Limited,INE893I01013,EQ,Capital Goods,Engineering & Construction,Micro,746.0,32.1,25.7,0.65,74.59,26.75,57.0,0.0,,4.4,26.1,471570.0,
NSE:QUICKHEAL,Quick Heal Technologies Limited,INE306L01010,EQ,Information Technology,Software - Application,Micro,746.0,137.5,,1.75,371.4,125.0,63.0,0.0,,,0.0,111608.0,
NSE:ECORECO,Eco Recycling Limited,INE316A01038,EQ,Capital Goods,Waste Management,Micro,745.0,386.0,31.3,6.93,493.6,385.0,21.8,1.0,0.26,,5.2,10461.0,
NSE:EVERESTIND,Everest Industries Limited,INE295A01018,BE,Capital Goods,Building Products & Equipment,Micro,744.0,469.5,,1.51,717.0,284.9,34.5,1.0,0.21,,45.9,12427.0,
NSE:SPECIALITY,Speciality Restaurants Limited,INE247M01014,BE,Consumer Discretionary,Restaurants,Micro,742.0,153.89,31.3,2.14,167.46,82.7,8.1,1.0,0.65,,39.0,70221.0,
NSE:TVSELECT,TVS Electronics Limited,INE236G01019,EQ,Information Technology,Computer Hardware,Micro,742.0,394.1,,7.66,739.35,336.2,46.7,0.0,,,55.9,103879.0,
NSE:ISTLTD,I S T Limited,INE684B01029,EQ,Consumer Discretionary,Auto Parts,Micro,741.0,635.0,4.5,0.44,749.95,605.0,15.3,0.0,,,0.3,735.0,
NSE:KOTHARIPET,Kothari Petrochemicals Limited,INE720A01015,EQ,Materials,Specialty Chemicals,Micro,740.0,125.8,10.3,1.99,155.47,94.75,19.1,2.0,1.58,,0.6,122727.0,
NSE:SCODATUBES,Scoda Tubes Limited,INE090501011,EQ,Materials,Steel,Micro,740.0,123.5,19.8,1.96,181.48,110.0,31.9,0.0,,,48.0,256118.0,
NSE:ZIMLAB,Zim Laboratories Limited,INE518E01015,EQ,Healthcare,Drug Manufacturers - Specialty & Generic,Micro,739.0,138.0,168.3,2.49,144.49,59.31,4.5,0.0,,,42.7,81008.0,
NSE:AMANTA,Amanta Healthcare Limited,INE084K01015,BE,Healthcare,Drug Manufacturers - Specialty & Generic,Micro,739.0,190.4,50.2,2.97,209.95,92.0,9.3,0.0,,,111.0,66458.0,
NSE:SARLAPOLY,Sarla Performance Fibers Limited,INE453D01025,EQ,Consumer Discretionary,Textile Manufacturing,Micro,738.0,92.8,197.4,1.78,111.0,68.4,16.4,2.0,2.17,,39.9,66581.0,
NSE:SUMEETINDS,Sumeet Industries Limited,INE235C01036,EQ,Consumer Discretionary,Textile Manufacturing,Micro,732.0,10.54,39.0,2.49,40.5,9.26,74.0,0.0,,,76.1,4504946.0,
NSE:RAMASTEEL,Rama Steel Tubes Limited,INE230R01035,BE,Materials,Steel,Micro,731.0,4.47,63.9,1.34,11.29,3.43,60.4,0.0,,,26.9,2004228.0,
NSE:MODIS,Modis Navnirman Limited,INE0L0L01012,EQ,Realty,Real Estate - Development,Micro,729.0,372.0,23.6,4.65,429.05,276.0,13.3,0.0,,,4.0,76355.0,
NSE:MEIL,Mangal Electrical Industries Limited,INE0PKD01011,EQ,Capital Goods,Electrical Equipment & Parts,Micro,729.0,264.0,14.0,1.22,495.0,206.26,46.7,0.0,,,7.7,56227.0,
NSE:SOLEX,Solex Energy Limited,INE880Y01017,EQ,Information Technology,Solar,Micro,727.0,673.0,9.1,2.87,1985.0,651.2,66.1,0.55,0.08,,132.2,57897.0,
NSE:20MICRONS,20 Microns Limited,INE144J01027,EQ,Materials,Other Industrial Metals & Mining,Micro,725.0,205.35,10.7,1.5,237.4,129.61,13.5,1.25,0.6,,32.0,192925.0,
NSE:SALASAR,Salasar Techno Engineering Limited,INE170V01027,EQ,Materials,Steel,Micro,722.0,4.13,51.6,0.87,10.99,3.8,62.4,0.0,,,50.6,5018289.0,
NSE:OMINFRAL,OM INFRA LIMITED,INE239D01028,EQ,Capital Goods,Engineering & Construction,Micro,722.0,75.0,21.7,0.95,134.7,71.5,44.3,0.5,0.66,,10.6,131665.0,
NSE:VLSFINANCE,VLS Finance Limited,INE709A01018,EQ,Financial Services,Capital Markets,Micro,722.0,230.0,14.2,0.36,339.0,198.81,32.2,1.5,0.65,,0.0,11737.0,
NSE:MANAKSTEEL,Manaksia Steels Limited,INE824Q01011,BE,Materials,Steel,Micro,721.0,110.0,12.9,2.21,120.76,45.11,8.9,0.0,,,46.4,109019.0,
NSE:BORANA,Borana Weaves Limited,INE16SF01016,EQ,Consumer Discretionary,Textile Manufacturing,Micro,720.0,270.1,10.4,2.56,420.0,216.61,35.7,0.0,,,25.1,35215.0,
NSE:MAGADSUGAR,Magadh Sugar & Energy Limited,INE347W01011,EQ,Fast Moving Consumer Goods,Confectioners,Micro,719.0,510.3,14.1,0.82,634.95,417.0,19.6,12.5,2.44,,78.5,53690.0,
NSE:VISAKAIND,Visaka Industries Limited,INE392A01021,BE,Capital Goods,Building Products & Equipment,Micro,719.0,83.21,8.4,0.87,104.41,50.2,20.3,2.2,2.63,,36.6,581077.0,
NSE:GICHSGFIN,GIC Housing Finance Limited,INE289B01019,EQ,Financial Services,Mortgage Finance,Micro,716.0,132.98,4.5,0.34,184.0,130.05,27.7,4.5,3.39,,432.9,88464.0,
NSE:PATELRMART,Patel Retail Limited,INE0R8B01010,EQ,Consumer Discretionary,Department Stores,Micro,714.0,213.65,15.5,1.96,266.0,150.25,19.7,0.0,,,44.9,161458.0,
NSE:EMAMIPAP,Emami Paper Mills Limited,INE830C01026,BE,Materials,Paper & Paper Products,Micro,708.0,117.0,8.6,1.48,133.7,55.0,12.5,3.2,2.74,,142.1,132944.0,
NSE:MERCURYEV,Mercury Ev-Tech Limited,INE763M01028,EQ,Consumer Discretionary,Auto Manufacturers,Micro,707.0,37.2,155.0,2.55,44.05,30.16,15.6,0.0,,,,424708.0,
NSE:MANBA,Manba Finance Limited,INE939X01013,EQ,Financial Services,Credit Services,Micro,702.0,139.7,14.4,1.72,154.0,98.0,9.3,1.25,0.9,,379.6,181314.0,
NSE:GLOBAL,Global Education Limited,INE291W01037,EQ,Fast Moving Consumer Goods,Education & Training Services,Micro,701.0,137.7,26.9,5.18,143.0,55.3,3.7,1.0,0.73,20.9,,139750.0,
NSE:KAMATHOTEL,Kamat Hotels (I) Limited,INE967C01018,EQ,Consumer Discretionary,Lodging,Micro,701.0,237.9,16.4,2.93,329.6,140.2,27.8,0.0,,,70.1,75798.0,
NSE:JITFINFRA,JITF Infralogistics Limited,INE863T01013,EQ,Capital Goods,Engineering & Construction,Micro,697.0,271.0,,-1.36,433.15,222.35,37.4,0.0,,,,35617.0,
NSE:DENTA,Denta Water and Infra Solutions Limited,INE0R4L01018,EQ,Capital Goods,Engineering & Construction,Micro,696.0,260.8,13.0,1.52,479.6,222.0,45.6,2.5,0.96,,2.6,228965.0,
NSE:DCMSIL,DCM Shriram International Limited,INE0OU201013,EQ,Capital Goods,Industrial Distribution,Micro,696.0,80.0,,1.86,105.27,49.5,24.0,0.4,0.5,,19.9,81060.0,
NSE:SICALLOG,Sical Logistics Limited,INE075B01020,BE,Capital Goods,Integrated Freight & Logistics,Micro,694.0,87.0,8.8,4.1,122.5,60.11,29.0,0.0,,,179.9,51386.0,
NSE:LOTUSCHO,Lotus Chocolate Company Limited,INE026D01011,EQ,Fast Moving Consumer Goods,Confectioners,Micro,690.0,537.0,,11.57,671.0,533.7,20.0,0.0,,,170.1,3569.0,
NSE:WANBURY,Wanbury Limited,INE107F01022,EQ,Healthcare,Drug Manufacturers - Specialty & Generic,Micro,688.0,196.9,12.1,4.08,358.85,161.5,45.1,0.0,,,155.3,460814.0,
NSE:RAJPALAYAM,Rajapalayam Mills Limited,INE296E01026,EQ,Consumer Discretionary,Textile Manufacturing,Micro,687.0,744.9,5.5,0.28,875.0,314.45,14.9,0.5,0.07,,47.2,1524.0,
NSE:HERANBA,Heranba Industries Limited,INE694N01015,EQ,Materials,Agricultural Inputs,Micro,687.0,171.6,,0.9,327.0,155.38,47.5,1.0,0.61,,74.8,94466.0,
NSE:SATIA,Satia Industries Limited,INE170E01023,EQ,Materials,Paper & Paper Products,Micro,685.0,68.5,,0.63,83.8,50.8,18.3,0.4,0.59,,28.7,141256.0,
NSE:HTEL,Hy-Tech Engineers Limited,INE0LEG01024,EQ,Capital Goods,Specialty Industrial Machinery,Micro,683.0,72.0,29.6,4.93,86.45,62.91,16.7,0.0,,,24.4,2666295.0,
NSE:CHEVIOT,Cheviot Company Limited,INE974B01016,EQ,Consumer Discretionary,Textile Manufacturing,Micro,683.0,1170.0,10.0,0.97,1370.5,898.0,14.6,25.0,2.14,,1.2,3793.0,
NSE:ASAL,Automotive Stampings and Assemblies Limited,INE900C01027,EQ,Consumer Discretionary,Auto Parts,Micro,681.0,429.0,22.8,18.82,612.0,374.5,29.9,0.0,,,344.0,22786.0,
NSE:SREEL,Sreeleathers Limited,INE099F01013,BE,Consumer Discretionary,Footwear & Accessories,Micro,681.0,294.0,20.5,1.37,400.0,165.25,26.5,2.0,0.68,,0.4,39495.0,
NSE:KUANTUM,Kuantum Papers Limited,INE529I01021,EQ,Materials,Paper & Paper Products,Micro,680.0,77.89,18.8,0.55,112.2,65.01,30.6,2.5,3.26,,70.8,144084.0,
NSE:TREL,Transindia Real Estate Limited,INE0O3901029,EQ,Realty,Real Estate Services,Micro,677.0,27.55,16.6,0.53,32.0,21.47,13.9,0.0,,,,145528.0,
NSE:ATL,Allcargo Terminals Limited,INE0NN701020,EQ,Capital Goods,Integrated Freight & Logistics,Micro,674.0,23.1,15.9,1.91,40.4,18.2,42.8,0.0,,,218.1,212720.0,
NSE:BAJAJINDEF,Indef Manufacturing Limited,INE0O9T01021,EQ,Capital Goods,Farm & Heavy Construction Machinery,Micro,672.0,210.0,28.4,2.49,442.6,201.5,52.6,2.0,0.96,,1.8,23304.0,
NSE:VALIANTLAB,Valiant Laboratories Limited,INE0JWS01017,BE,Healthcare,Drug Manufacturers - Specialty & Generic,Micro,671.0,123.6,44.0,2.19,132.25,49.51,6.5,0.0,,,14.9,110837.0,
NSE:ADVENTHTL,Advent Hotels International Limited,INE28GN01010,EQ,Consumer Discretionary,Lodging,Micro,669.0,123.99,18.2,0.74,345.05,120.02,64.1,0.0,,,78.1,316036.0,
NSE:DPSCLTD,DPSC Limited,INE360C01024,BE,Power,Utilities - Regulated Electric,Micro,666.0,6.84,85.5,1.06,12.25,6.71,44.2,0.05,0.7,1.4,14.2,85605.0,
NSE:XCHANGING,Xchanging Solutions Limited,INE692G01013,EQ,Information Technology,Information Technology Services,Micro,665.0,59.7,10.9,1.68,103.0,47.5,42.0,2.0,3.35,,18.0,101017.0,
NSE:EIFFL,Euro India Fresh Foods Limited,INE546V01010,BE,Fast Moving Consumer Goods,Packaged Foods,Micro,664.0,267.75,123.4,8.64,381.96,204.98,29.9,0.0,,,76.9,9002.0,
NSE:BLAL,BEML Land Assets Limited,INE0N7W01012,EQ,Financial Services,Shell Companies,Micro,664.0,159.4,289.8,597.0,221.21,155.5,27.9,0.0,,,1062.5,20129.0,
NSE:SOFTTECH,Softtech Engineers Limited,INE728Z01015,EQ,Information Technology,Software - Application,Micro,664.0,480.0,131.5,3.87,545.0,215.0,11.9,0.0,,,22.8,5040.0,
NSE:TUTIALKA,Tuticorin Alkali Chemicals & Fertilizers Limited,INE400A01014,EQ,Materials,Agricultural Inputs,Micro,663.0,54.39,19.9,3.67,62.9,52.0,13.5,0.0,,,66.4,11249.0,
NSE:SCPL,Sheetal Cool Products Limited,INE501Y01019,BE,Fast Moving Consumer Goods,Packaged Foods,Micro,659.0,628.0,31.7,4.2,690.0,190.03,9.0,0.0,,,31.8,61925.0,
NSE:KELLTONTEC,Kellton Tech Solutions Limited,INE164B01030,EQ,Information Technology,Software - Application,Micro,658.0,12.39,7.1,0.88,24.47,12.2,49.4,0.0,,,28.6,2910347.0,
NSE:SHALPAINTS,Shalimar Paints Limited,INE849C01026,BE,Materials,Specialty Chemicals,Micro,657.0,78.51,,2.62,95.95,35.21,18.2,0.0,,,65.6,510206.0,
NSE:JAYAGROGN,Jayant Agro Organics Limited,INE785A01026,EQ,Materials,Specialty Chemicals,Micro,651.0,216.99,12.0,1.07,265.0,147.26,18.1,3.5,1.66,,20.4,22316.0,
NSE:SUPREMEINF,Supreme Infrastructure India Limited,INE550H01011,EQ,Capital Goods,Engineering & Construction,Micro,644.0,66.0,0.1,2.22,110.88,58.11,40.5,0.0,,,632.1,119564.0,
NSE:ZFSTEERING,ZF Steering Gear (India) Limited,INE116C01012,EQ,Consumer Discretionary,Auto Parts,Micro,644.0,710.0,32.5,,894.98,620.65,20.7,0.0,,,22.2,7305.0,
NSE:PVSL,Popular Vehicles and Services Limited,INE772T01024,EQ,Consumer Discretionary,Auto & Truck Dealerships,Micro,641.0,90.0,,1.02,163.0,82.41,44.8,0.0,,,223.9,56898.0,
NSE:UGARSUGAR,The Ugar Sugar Works Limited,INE071E01023,BE,Fast Moving Consumer Goods,Confectioners,Micro,639.0,56.8,22.2,2.73,66.77,33.75,14.9,0.1,0.18,,310.6,1035611.0,
NSE:SHIVALIK,Shivalik Rasayan Limited,INE788J01021,EQ,Materials,Agricultural Inputs,Micro,639.0,398.3,44.2,1.05,471.0,206.4,15.4,0.5,0.13,,19.0,70109.0,
NSE:ONWARDTEC,Onward Technologies Limited,INE229A01017,EQ,Information Technology,Information Technology Services,Micro,639.0,291.25,15.4,2.61,355.0,208.25,18.0,8.0,2.75,,15.7,146480.0,
NSE:STCINDIA,The State Trading Corporation of India Limited,INE655A01013,EQ,Capital Goods,Conglomerates,Micro,636.0,105.99,1.0,-0.16,150.0,97.04,29.3,0.0,,,,32327.0,
NSE:HARDWYN,Hardwyn India Limited,INE626Z01029,EQ,Capital Goods,Building Products & Equipment,Micro,635.0,9.29,48.9,1.57,20.2,7.61,54.0,0.0,,,1.6,3624394.0,
NSE:ECOSMOBLTY,Ecos (India) Mobility & Hospitality Limited,INE06HJ01020,EQ,Capital Goods,Rental & Leasing Services,Micro,633.0,105.53,10.8,2.38,260.05,102.0,59.4,2.38,2.27,,2.9,63327.0,
NSE:INDOFARM,Indo Farm Equipment Limited,INE622H01018,EQ,Capital Goods,Farm & Heavy Construction Machinery,Micro,632.0,131.5,25.3,1.14,271.69,110.7,51.6,0.0,,,26.9,423628.0,
NSE:BIRLAMONEY,Aditya Birla Money Limited,INE865C01022,EQ,Financial Services,Capital Markets,Micro,631.0,111.73,11.6,2.1,179.85,95.0,37.9,0.0,,,734.6,71623.0,
NSE:FABTECH,Fabtech Technologies Limited,INE0HF201011,EQ,Healthcare,Health Information Services,Micro,631.0,142.02,13.0,1.3,262.8,132.7,46.0,0.6,0.42,,16.6,97815.0,
NSE:ARIES,Aries Agro Limited,INE298I01015,BE,Materials,Agricultural Inputs,Micro,629.0,483.95,13.2,1.88,524.75,285.35,7.8,1.5,0.31,,16.5,67366.0,
NSE:GTPL,GTPL Hathway Limited,INE869I01013,EQ,Media Entertainment & Telecom,Entertainment,Micro,627.0,55.76,83.2,0.55,118.25,50.85,52.8,2.0,3.61,,39.6,73397.0,
NSE:COFFEEDAY,Coffee Day Enterprises Limited,INE335K01011,EQ,Consumer Discretionary,Restaurants,Micro,627.0,29.7,3.6,0.22,44.8,21.0,33.7,0.0,,,26.2,588045.0,
NSE:PRAVEG,Praveg Limited,INE722B01019,EQ,Media Entertainment & Telecom,Advertising Agencies,Micro,627.0,240.0,,1.41,281.0,230.0,14.6,0.5,0.21,,36.5,61817.0,
NSE:PRIMO,Primo Chemicals Limited,INE607A01022,EQ,Materials,Chemicals,Micro,625.0,25.8,39.7,1.54,29.8,16.1,13.4,0.0,,,32.3,300991.0,
NSE:AHLWEST,Asian Hotels (West) Limited,INE915K01010,BE,Consumer Discretionary,Lodging,Micro,623.0,535.05,8.8,-46.4,751.4,137.0,28.8,0.0,,,,645.0,
NSE:LAXMIINDIA,Laxmi India Finance Limited,INE06WU01026,EQ,Financial Services,Credit Services,Micro,621.0,118.44,10.3,1.33,159.59,71.06,25.8,0.0,,,287.3,177232.0,
NSE:ORBTEXP,Orbit Exports Limited,INE231G01010,EQ,Consumer Discretionary,Textile Manufacturing,Micro,621.0,242.3,15.2,2.12,282.85,135.0,14.3,1.0,0.41,,5.3,16262.0,
NSE:BESTAGRO,Best Agrolife Limited,INE052T01021,EQ,Materials,Agricultural Inputs,Micro,617.0,17.41,20.7,0.8,34.4,12.3,49.4,0.1,0.57,,57.5,2150729.0,
NSE:PASUPTAC,Pasupati Acrylon Limited,INE818B01023,EQ,Consumer Discretionary,Textile Manufacturing,Micro,616.0,69.06,6.4,1.41,81.29,40.41,15.0,0.0,,,24.6,133101.0,
NSE:ADSL,Allied Digital Services Limited,INE102I01027,EQ,Information Technology,Information Technology Services,Micro,608.0,107.35,17.5,0.99,204.65,86.27,47.5,1.5,1.41,,20.3,253925.0,
NSE:KANPRPLA,Kanpur Plastipack Limited,INE694E01014,EQ,Consumer Discretionary,Packaging & Containers,Micro,607.0,248.0,13.1,2.26,283.14,151.25,12.4,1.2,0.49,,41.8,55094.0,
NSE:TVTODAY,TV Today Network Limited,INE038F01029,EQ,Media Entertainment & Telecom,Broadcasting,Micro,605.0,101.4,26.3,0.68,153.01,93.5,33.7,3.0,2.73,,1.6,34296.0,
NSE:INNOVISION,Innovision Limited,INE0ADB01012,EQ,Capital Goods,Staffing & Employment Services,Micro,605.0,254.0,15.1,4.69,470.0,246.2,46.0,0.0,,,42.5,48588.0,
NSE:GANESHCP,Ganesh Consumer Products Limited,INE652V01016,EQ,Fast Moving Consumer Goods,Packaged Foods,Micro,599.0,148.22,12.5,1.61,309.95,146.75,52.2,5.0,3.36,,7.2,165065.0,
NSE:GFLLIMITED,GFL Limited,INE538A01037,EQ,Financial Services,Asset Management,Micro,598.0,54.5,9.9,0.23,81.0,37.25,32.7,0.0,,,,95111.0,
NSE:MAANALU,Maan Aluminium Limited,INE215I01027,EQ,Materials,Aluminum,Micro,595.0,99.2,41.9,2.12,184.74,96.0,46.3,0.0,,,19.9,65173.0,
NSE:SOUTHWEST,South West Pinnacle Exploration Limited,INE980Y01015,EQ,Oil Gas & Consumable Fuels,Oil & Gas Equipment & Services,Micro,595.0,182.3,13.9,2.67,275.0,121.0,33.7,0.0,,,39.4,276919.0,
NSE:SUTLEJTEX,Sutlej Textiles and Industries Limited,INE645H01027,BE,Consumer Discretionary,Textile Manufacturing,Micro,594.0,35.8,,0.72,42.93,24.0,16.6,0.0,,,114.1,32156.0,
NSE:CCCL,Consolidated Construction Consortium Limited,INE429I01024,EQ,Capital Goods,Engineering & Construction,Micro,594.0,13.3,,2.13,25.69,12.76,48.2,0.0,,,0.1,224795.0,
NSE:MOLDTECH,Mold-Tek Technologies Limited,INE835B01035,BE,Capital Goods,Engineering & Construction,Micro,593.0,205.9,32.1,4.59,227.0,101.1,9.3,2.0,0.98,,4.0,157806.0,
NSE:GLOSTERLTD,Gloster Limited,INE350Z01018,EQ,Consumer Discretionary,Textile Manufacturing,Micro,590.0,539.0,46.1,0.54,756.45,495.0,28.7,20.0,3.71,,88.1,2115.0,
NSE:MALLCOM,Mallcom (India) Limited,INE389C01015,EQ,Capital Goods,Security & Protection Services,Micro,590.0,945.0,22.0,1.85,1520.0,905.15,37.8,3.0,0.32,,37.8,3333.0,
NSE:DHUNINV,Dhunseri Investments Limited,INE320L01011,EQ,Financial Services,Capital Markets,Micro,590.0,968.0,6.2,0.22,1573.1,667.1,38.5,3.0,0.31,,27.1,3257.0,
NSE:SAURASHCEM,Saurashtra Cement Limited,INE626A01014,EQ,Materials,Building Materials,Micro,590.0,53.0,88.3,0.62,112.25,47.65,52.8,0.0,,,11.1,298079.0,
NSE:SHRJAGP,Shri Jagdamba Polymers Limited,INE564J01026,EQ,Consumer Discretionary,Textile Manufacturing,Micro,589.0,673.0,13.4,1.79,751.95,590.05,10.5,1.0,0.15,,28.2,722.0,
NSE:INNOVANA,Innovana Thinklabs Limited,INE403Y01018,EQ,Information Technology,Software - Application,Micro,589.0,285.0,20.3,3.5,524.95,279.2,45.7,0.0,,,20.7,15796.0,
NSE:PPL,Prakash Pipes Limited,INE050001010,BE,Capital Goods,Building Products & Equipment,Micro,587.0,245.5,11.9,1.23,334.4,163.21,26.6,3.4,1.4,,4.0,29017.0,
NSE:HITECHCORP,Hitech Corporation Limited,INE120D01012,BE,Consumer Discretionary,Packaging & Containers,Micro,585.0,340.5,33.3,2.06,346.0,112.0,1.6,1.0,0.29,,48.3,13295.0,
NSE:ORIENTBELL,Orient Bell Limited,INE607D01018,EQ,Capital Goods,Building Products & Equipment,Micro,581.0,395.1,27.6,1.77,434.95,246.55,9.2,1.0,0.25,,9.5,29296.0,
NSE:AGARIND,Agarwal Industrial Corporation Limited,INE204E01012,EQ,Materials,Specialty Chemicals,Micro,580.0,388.0,14.2,0.84,949.0,360.0,59.1,3.3,0.85,,49.5,103030.0,
NSE:SHREERAMA,Shree Rama Multi-Tech Limited,INE879A01019,EQ,Consumer Discretionary,Packaging & Containers,Micro,580.0,43.44,23.9,3.5,71.99,37.62,39.7,0.0,,,12.4,106412.0,
NSE:CHEMBONDCH,Chembond Chemicals Limited,INE0TGX01019,BE,Materials,Specialty Chemicals,Micro,578.0,215.0,15.1,2.79,290.0,104.85,25.9,1.25,0.58,19.9,,14725.0,
NSE:HMVL,Hindustan Media Ventures Limited,INE871K01015,BE,Media Entertainment & Telecom,Publishing,Micro,577.0,78.3,3.4,0.36,108.16,55.2,27.6,0.0,,,5.3,62322.0,
NSE:MAZDA,Mazda Limited,INE885E01042,BE,Capital Goods,Specialty Industrial Machinery,Micro,577.0,288.15,19.3,1.94,310.0,159.2,7.0,4.0,1.39,,,46679.0,
NSE:DICIND,DIC India Limited,INE303A01010,EQ,Materials,Specialty Chemicals,Micro,573.0,623.9,19.8,1.29,675.0,450.5,7.6,3.0,0.49,,0.7,10075.0,
NSE:HINDCOMPOS,Hindustan Composites Limited,INE310C01029,EQ,Consumer Discretionary,Auto Parts,Micro,568.0,384.4,18.0,0.5,550.0,347.1,30.1,2.0,0.53,,0.1,5320.0,
NSE:SNOWMAN,Snowman Logistics Limited,INE734N01019,EQ,Capital Goods,Integrated Freight & Logistics,Micro,567.0,33.9,105.9,1.42,54.74,30.5,38.1,0.5,1.47,,77.7,196861.0,
NSE:KSOLVES,Ksolves India Limited,INE0D6I01023,EQ,Information Technology,Software - Application,Micro,566.0,238.71,15.3,19.24,353.99,237.5,32.6,15.0,6.22,,19.4,79404.0,
NSE:KSE,KSE Limited,INE953E01022,EQ,Fast Moving Consumer Goods,Packaged Foods,Micro,566.0,176.94,12.2,1.62,665.4,173.31,73.4,15.0,8.58,,7.1,19199.0,
NSE:DCI,Dc Infotech And Communication Limited,INE0A1101019,EQ,Information Technology,Electronics & Computer Distribution,Micro,564.0,344.0,25.4,5.13,475.0,208.98,27.6,0.1,0.03,,80.9,235440.0,
NSE:PYRAMID,Pyramid Technoplast Limited,INE0MIS01010,EQ,Consumer Discretionary,Packaging & Containers,Micro,564.0,153.0,18.0,1.98,198.69,131.8,23.0,0.5,0.32,,66.5,140580.0,
NSE:NAHARPOLY,Nahar Poly Films Limited,INE308A01027,EQ,Consumer Discretionary,Packaging & Containers,Micro,556.0,226.0,7.7,0.64,338.8,200.0,33.3,1.5,0.66,,9.1,18255.0,
NSE:VAKRANGEE,Vakrangee Limited,INE051B01021,EQ,Information Technology,Information Technology Services,Micro,554.0,5.11,63.9,2.44,9.64,4.61,47.0,0.0,,,1.7,1076853.0,
NSE:NAHARINDUS,Nahar Industrial Enterprises Limited,INE289A01011,EQ,Consumer Discretionary,Textile Manufacturing,Micro,554.0,128.27,7.7,0.53,154.0,83.05,16.7,0.0,,,65.4,39929.0,
NSE:BIGBLOC,Bigbloc Construction Limited,INE412U01025,EQ,Capital Goods,Building Products & Equipment,Micro,551.0,38.92,324.3,4.01,80.0,36.8,51.4,0.0,,,137.7,44596.0,
NSE:NBIFIN,N. B. I. Industrial Finance Company Limited,INE365I01020,EQ,Financial Services,Capital Markets,Micro,548.0,1854.9,39.5,0.21,2800.0,1539.0,33.8,0.75,0.04,,,3424.0,
NSE:MAWANASUG,Mawana Sugars Limited,INE636A01039,EQ,Fast Moving Consumer Goods,Confectioners,Micro,544.0,138.99,20.7,1.04,164.0,75.08,15.2,4.0,2.88,,80.1,369278.0,
NSE:TPLPLASTEH,TPL Plastech Limited,INE413G01022,EQ,Consumer Discretionary,Packaging & Containers,Micro,542.0,69.44,17.9,3.22,90.33,50.01,23.1,1.3,1.89,,11.2,211449.0,
NSE:UNIVPHOTO,Universus Photo Imagings Limited,INE03V001013,BE,Healthcare,Medical Devices,Micro,536.0,490.0,,0.66,624.75,180.6,21.6,0.0,,,,2061.0,
NSE:ORIENTCER,ORIENT CERATECH LIMITED,INE569C01020,EQ,Materials,Specialty Chemicals,Micro,533.0,44.59,18.7,1.78,56.64,34.0,21.3,0.35,0.79,,13.1,90914.0,
NSE:SAYAJIHOTL,Sayaji Hotels Limited,INE318C01014,EQ,Consumer Discretionary,Lodging,Micro,533.0,304.0,,3.43,365.2,138.7,16.8,0.0,,,81.2,230.0,
NSE:SONA,Sonaselection India Limited,INE0LLZ01011,BE,Consumer Discretionary,Textile Manufacturing,Micro,529.0,93.1,15.6,3.8,107.42,91.5,13.3,0.0,,39.1,280.6,751906.0,
NSE:GLOTTIS,Glottis Limited,INE0TQE01026,EQ,Capital Goods,Integrated Freight & Logistics,Micro,529.0,57.22,13.1,1.89,93.0,37.0,38.5,0.0,,,18.8,60294.0,
NSE:VISACHROME,VISA Chrome Limited,INE286H01012,EQ,Materials,Steel,Micro,525.0,36.0,0.4,-1.96,73.68,27.05,51.1,0.0,,,,146055.0,
NSE:PRIORITY,Priority Jewels Limited,INE15EH01014,EQ,Consumer Discretionary,Luxury Goods,Micro,525.0,291.55,29.4,2.68,329.55,209.61,11.5,0.0,,,77.0,608329.0,
NSE:HAZOOR,Hazoor Multi Projects Limited,INE550F01049,EQ,Realty,Real Estate - Development,Micro,522.0,18.1,15.7,0.71,22.49,17.44,19.5,0.0,,,72.9,508250.0,
NSE:IL&FSENGG,IL&FS Engineering and Construction Company Limited,INE369I01014,BZ,Capital Goods,Engineering & Construction,Micro,519.0,39.55,48.8,-0.16,43.8,21.0,9.7,0.0,,,,40677.0,
NSE:CEWATER,Concord Enviro Systems Limited,INE037Z01029,EQ,Power,Utilities - Regulated Water,Micro,519.0,251.0,1004.0,0.91,516.5,235.0,51.4,0.0,,,29.3,157704.0,
NSE:MGEL,Mangalam Global Enterprise Limited,INE0APB01032,EQ,Fast Moving Consumer Goods,Farm Products,Micro,517.0,15.68,11.0,2.08,18.17,9.53,13.7,0.01,0.07,,86.6,732982.0,
NSE:ONMOBILE,OnMobile Global Limited,INE809I01019,BE,Media Entertainment & Telecom,Telecom Services,Micro,517.0,48.64,,0.83,84.0,40.21,42.1,0.0,,,12.3,237080.0,
NSE:LINC,Linc Limited,INE802B01027,EQ,Capital Goods,Business Equipment & Supplies,Micro,517.0,86.89,16.4,2.0,133.38,85.01,34.9,1.5,1.73,,10.3,26790.0,
NSE:HTMEDIA,HT Media Limited,INE501G01024,EQ,Media Entertainment & Telecom,Publishing,Micro,514.0,22.2,11.0,0.32,31.3,17.52,29.1,0.0,,,38.2,244398.0,
NSE:INTLCONV,International Conveyors Limited,INE575C01027,EQ,Capital Goods,Specialty Industrial Machinery,Micro,512.0,80.3,3.8,1.21,114.54,60.0,29.9,0.5,0.62,,17.3,56702.0,
NSE:DHABRIYA,Dhabriya Polywood Limited,INE260R01016,BE,Capital Goods,Building Products & Equipment,Micro,510.0,471.0,15.7,3.93,603.0,449.2,21.9,0.7,0.15,,59.0,16285.0,
NSE:APTECHT,Aptech Limited,INE266F01018,EQ,Fast Moving Consumer Goods,Education & Training Services,Micro,508.0,87.6,20.8,2.03,128.48,69.1,31.8,4.5,5.17,,5.1,64398.0,
NSE:SHARDUL,Shardul Securities Limited,INE037B01020,BE,Financial Services,Capital Markets,Micro,507.0,58.0,21.8,0.77,60.0,23.05,3.3,0.0,,,41.7,20947.0,
NSE:SCHAND,S Chand And Company Limited,INE807K01035,EQ,Media Entertainment & Telecom,Publishing,Micro,504.0,143.0,7.1,0.48,200.0,127.73,28.5,4.0,2.79,,12.9,30375.0,
NSE:PLASTIBLEN,Plastiblends India Limited,INE083C01022,EQ,Materials,Specialty Chemicals,Micro,502.0,193.19,11.8,1.12,216.29,121.01,10.7,3.0,1.55,,5.0,85080.0,
NSE:PTL,PTL Enterprises Limited,INE034D01049,EQ,Realty,Real Estate Services,Micro,500.0,37.78,11.0,0.59,43.77,36.1,13.7,4.25,11.22,,0.6,38493.0,
NSE:KNAGRI,KN Agri Resources Limited,INE0KNW01016,EQ,Fast Moving Consumer Goods,Farm Products,Micro,500.0,200.0,15.8,1.3,244.0,148.3,18.0,0.0,,,8.9,13787.0,
NSE:MUNJALSHOW,Munjal Showa Limited,INE577A01027,EQ,Consumer Discretionary,Auto Parts,Micro,498.0,124.5,20.0,0.73,147.1,110.3,15.4,4.5,3.61,,,60668.0,
NSE:OSWALGREEN,Oswal Greentech Limited,INE143A01010,EQ,Financial Services,Asset Management,Micro,494.0,19.25,,0.21,41.16,18.55,53.2,0.0,,,0.2,170479.0,
NSE:CSM,CSM Technologies Limited,INE0ZK601013,EQ,Information Technology,Information Technology Services,Micro,489.0,94.7,34.7,3.57,114.9,76.26,17.6,0.5,0.53,,69.9,647762.0,
NSE:VIRAT,Virat Industries Limited,INE467D01017,EQ,Consumer Discretionary,Apparel Manufacturing,Micro,487.0,335.0,78.8,3.72,494.4,268.05,32.2,0.0,,,0.4,13495.0,
NSE:UNIVASTU,Univastu India Limited,INE562X01013,BE,Capital Goods,Engineering & Construction,Micro,486.0,134.99,36.7,4.7,178.98,56.02,24.6,0.0,,,30.0,144950.0,
NSE:ALBERTDAVD,Albert David Limited,INE155C01010,EQ,Healthcare,Drug Manufacturers - Specialty & Generic,Micro,486.0,851.4,21.5,1.24,931.85,579.9,8.6,5.0,0.58,,7.6,10770.0,
NSE:PENINLAND,Peninsula Land Limited,INE138A01028,EQ,Realty,Real Estate - Development,Micro,484.0,14.6,,6.8,37.0,13.82,60.5,0.0,,,460.7,132442.0,
NSE:MOMSBELIEF,Rays of Belief Limited,INE1FCO01014,EQ,Healthcare,Medical Care Facilities,Micro,481.0,230.0,57.9,,267.61,208.03,14.1,0.0,,21.8,30.2,410347.0,
NSE:KDGREEN,KD Green Industries Limited,INE348N01042,EQ,Consumer Discretionary,Footwear & Accessories,Micro,480.0,47.3,118.2,5.6,61.49,45.81,23.1,0.0,,,30.2,137903.0,
NSE:URJA,Urja Global Limited,INE550C01020,EQ,Information Technology,Solar,Micro,479.0,8.6,286.7,2.41,13.75,8.0,37.5,0.0,,,24.8,713095.0,
NSE:KHAICHEM,Khaitan Chemicals & Fertilizers Limited,INE745B01028,EQ,Materials,Agricultural Inputs,Micro,479.0,49.4,8.2,1.65,132.9,42.92,62.8,0.05,0.1,,105.2,194692.0,
NSE:AZADIND,Azad India Mobility Limited,INE566M01017,EQ,Materials,Steel,Micro,479.0,87.99,733.2,3.58,98.99,70.41,11.1,0.0,,,0.5,46201.0,
NSE:MINDTECK,Mindteck (India) Limited,INE110B01017,EQ,Information Technology,Information Technology Services,Micro,477.0,149.14,15.3,1.57,307.68,145.13,51.5,1.0,0.66,,1.3,46235.0,
NSE:THEINVEST,The Investment Trust Of India Limited,INE924D01017,EQ,Financial Services,Capital Markets,Micro,475.0,90.91,14.2,0.64,152.99,89.0,40.6,0.0,,,7.6,5370.0,
NSE:BBTCL,B&B Triplewall Containers Limited,INE01EE01011,EQ,Consumer Discretionary,Packaging & Containers,Micro,475.0,231.7,6.7,3.6,262.0,156.0,11.6,1.0,0.44,,192.9,11886.0,
NSE:UNIDT,United Drilling Tools Limited,INE961D01019,EQ,Oil Gas & Consumable Fuels,Oil & Gas Equipment & Services,Micro,475.0,234.0,23.2,1.65,272.0,146.0,14.0,2.4,1.0,,1.2,31290.0,
NSE:MANCREDIT,Mangal Credit and Fincorp Limited,INE545L01039,EQ,Financial Services,Credit Services,Micro,474.0,224.4,26.6,2.74,287.27,152.06,21.9,0.75,0.34,,192.1,293631.0,
NSE:ZEEMEDIA,Zee Media Corporation Limited,INE966H01019,EQ,Media Entertainment & Telecom,Broadcasting,Micro,474.0,7.23,,2.04,11.57,6.65,37.5,0.0,,,37.2,3227070.0,
NSE:SUKHJITS,Sukhjit Starch & Chemicals Limited,INE450E01029,EQ,Materials,Specialty Chemicals,Micro,472.0,151.0,13.8,0.83,231.1,137.3,34.7,1.0,0.66,,60.9,19674.0,
NSE:3IINFOLTD,3i Infotech Limited,INE748C01038,BE,Information Technology,Information Technology Services,Micro,470.0,22.67,12.7,1.27,27.8,12.68,18.5,0.0,,,16.3,799011.0,
NSE:CSLFINANCE,CSL Finance Limited,INE718F01018,EQ,Financial Services,Credit Services,Micro,469.0,208.7,5.5,0.77,324.7,205.0,35.7,3.0,1.44,,137.7,40743.0,
NSE:KAVDEFENCE,Kavveri Defence & Wireless Technologies Limited,INE641C01019,BE,Information Technology,Communication Equipment,Micro,467.0,77.75,,2.46,138.56,51.51,43.9,0.0,,,3.9,298817.0,
NSE:CHEMFAB,Chemfab Alkalis Limited,INE783X01023,EQ,Materials,Specialty Chemicals,Micro,467.0,325.0,,1.23,657.05,290.35,50.5,1.25,0.38,,33.5,3769.0,
NSE:IRIS,IRIS RegTech Solutions Limited,INE864K01010,EQ,Information Technology,Software - Application,Micro,466.0,226.49,4.2,2.32,388.1,203.0,41.6,0.0,,,0.8,26928.0,
NSE:RUSHIL,Rushil Decor Limited,INE573K01025,EQ,Consumer Discretionary,"Furnishings, Fixtures & Appliances",Micro,464.0,15.83,20.0,0.72,30.0,12.49,47.2,0.05,0.31,,39.9,715603.0,
NSE:SIGMA,Sigma Solve Limited,INE0A0S01028,EQ,Information Technology,Information Technology Services,Micro,462.0,45.0,14.8,6.02,65.5,35.46,31.3,0.5,1.11,,2.6,299328.0,
NSE:MUFTI,Credo Brands Marketing Limited,INE220Q01020,EQ,Consumer Discretionary,Apparel Retail,Micro,461.0,70.5,10.6,1.05,116.82,63.06,39.7,2.0,2.85,,52.0,90742.0,
NSE:PANSARI,Pansari Developers Limited,INE697V01011,EQ,Realty,Real Estate - Development,Micro,454.0,260.0,23.0,2.94,388.9,233.3,33.1,0.0,,12.8,65.0,17087.0,
NSE:INDOTHAI,Indo Thai Securities Limited,INE337M01021,EQ,Financial Services,Capital Markets,Micro,453.0,35.19,6.5,1.59,466.35,29.0,92.5,0.2,0.57,,8.4,2360002.0,
NSE:KAYA,Kaya Limited,INE587G01015,BE,Fast Moving Consumer Goods,Household & Personal Products,Micro,453.0,298.05,,-2.96,476.2,224.01,37.4,0.0,,,,36465.0,
NSE:HALEOSLABS,HALEOS LABS LIMITED,INE320X01016,EQ,Healthcare,Biotechnology,Micro,450.0,1490.0,28.5,2.11,1774.0,1091.1,16.0,1.5,0.1,,48.2,835.0,
NSE:SILINV,SIL Investments Limited,INE923A01015,EQ,Financial Services,Asset Management,Micro,449.0,424.0,9.0,0.18,767.0,380.0,44.7,2.5,0.59,,,2192.0,
NSE:THOMASCOTT,Thomas Scott (India) Limited,INE480M01011,EQ,Consumer Discretionary,Textile Manufacturing,Micro,449.0,302.0,20.8,3.14,459.8,221.8,34.3,0.0,,,33.8,88971.0,
NSE:ENIL,Entertainment Network (India) Limited,INE265F01028,EQ,Media Entertainment & Telecom,Broadcasting,Micro,448.0,94.0,,0.59,158.0,92.55,40.5,2.0,2.14,,22.5,35366.0,
NSE:NILASPACES,Nila Spaces Limited,INE00S901012,EQ,Realty,Real Estate - Development,Micro,445.0,11.3,14.5,2.54,19.97,10.85,43.4,0.0,,,46.0,968089.0,
NSE:MCLEODRUSS,Mcleod Russel India Limited,INE942G01012,EQ,Fast Moving Consumer Goods,Packaged Foods,Micro,444.0,42.51,,-8.8,78.41,28.5,45.8,0.0,,,,252765.0,
NSE:OSWALAGRO,Oswal Agro Mills Limited,INE142A01012,EQ,Realty,Real Estate - Development,Micro,441.0,32.81,,0.49,81.0,32.36,59.5,0.0,,,,41077.0,
NSE:BMWVENTLTD,BMW Ventures Limited,INE965W01036,EQ,Materials,Steel,Micro,440.0,50.7,11.0,1.0,73.2,48.0,30.7,3.0,5.9,,58.4,89612.0,
NSE:RAMANEWS,Shree Rama Newsprint Limited,INE278B01020,EQ,Fast Moving Consumer Goods,Beverages - Non-Alcoholic,Micro,440.0,29.22,,-5.22,42.0,27.05,30.4,0.0,,,,32948.0,
NSE:OILCOUNTUB,Oil Country Tubular Limited,INE591A01010,BE,Oil Gas & Consumable Fuels,Oil & Gas Equipment & Services,Micro,439.0,78.14,,2.06,82.17,35.65,4.9,0.0,,,12.6,35152.0,
NSE:RKSWAMY,R K Swamy Limited,INE0NQ801033,EQ,Media Entertainment & Telecom,Advertising Agencies,Micro,439.0,86.9,19.3,1.66,150.01,67.15,42.1,2.0,2.31,,21.3,56703.0,
NSE:ASAHISONG,Asahi Songwon Colors Limited,INE228I01012,BE,Materials,Specialty Chemicals,Micro,438.0,371.55,12.6,1.61,413.95,179.64,10.2,1.5,0.4,,48.1,42977.0,
NSE:OMAXAUTO,Omax Autos Limited,INE090B01011,EQ,Consumer Discretionary,Auto Parts,Micro,437.0,203.85,10.8,1.26,263.4,84.5,22.6,7.5,3.73,,15.2,77495.0,
NSE:REPRO,Repro India Limited,INE461B01014,EQ,Capital Goods,Specialty Business Services,Micro,437.0,304.8,4.5,1.25,590.0,276.1,48.3,0.0,,,53.1,30163.0,
NSE:MODINATUR,Modi Naturals Limited,INE537F01012,EQ,Fast Moving Consumer Goods,Packaged Foods,Micro,436.0,328.0,8.3,2.54,524.8,252.3,37.5,0.0,,,93.7,7494.0,
NSE:UYFINCORP,U. Y. Fincorp Limited,INE152C01025,BE,Financial Services,Credit Services,Micro,435.0,22.89,7.0,1.12,22.89,11.5,0.0,0.0,,,0.9,365163.0,
NSE:ADVANIHOTR,Advani Hotels & Resorts (India) Limited,INE199C01026,EQ,Consumer Discretionary,Lodging,Micro,434.0,46.98,18.9,0.84,65.5,46.75,28.3,2.7,5.75,,0.6,26044.0,
NSE:MEDICAMEQ,Medicamen Biotech Limited,INE646B01010,BE,Healthcare,Drug Manufacturers - Specialty & Generic,Micro,433.0,319.0,43.7,1.36,447.65,212.4,28.7,1.0,0.31,,17.3,48098.0,
NSE:MANOMAY,Manomay Tex India Limited,INE784W01015,EQ,Consumer Discretionary,Textile Manufacturing,Micro,428.0,237.14,21.2,2.5,259.88,160.25,8.8,0.0,,,203.4,144503.0,
NSE:VISHAL,Vishal Fabrics Limited,INE755Q01025,EQ,Consumer Discretionary,Textile Manufacturing,Micro,427.0,17.25,12.6,0.66,22.05,17.2,21.8,0.0,,,34.9,117111.0,
NSE:SARVESHWAR,Sarveshwar Foods Limited,INE324X01026,EQ,Fast Moving Consumer Goods,Packaged Foods,Micro,426.0,3.46,11.9,0.89,6.64,2.5,47.9,0.0,,,52.8,1662794.0,
NSE:POEL,POCL Enterprises Limited,INE035S01028,EQ,Materials,Chemicals,Micro,425.0,137.76,11.7,2.13,168.97,135.91,18.5,0.0,,,69.0,29787.0,
NSE:RAMAPHO,Rama Phosphates Limited,INE809A01032,EQ,Materials,Agricultural Inputs,Micro,423.0,119.61,7.9,1.0,217.19,103.5,44.9,0.75,0.62,,32.9,28474.0,
NSE:GUJAPOLLO,Gujarat Apollo Industries Limited,INE826C01016,EQ,Capital Goods,Specialty Industrial Machinery,Micro,420.0,324.0,72.6,0.83,494.0,300.5,34.4,2.0,0.62,,8.1,12972.0,
NSE:NDLVENTURE,NDL Ventures Limited,INE353A01023,EQ,Media Entertainment & Telecom,Entertainment,Micro,419.0,124.5,541.3,6.37,140.0,80.0,11.1,0.5,0.4,,,20549.0,
NSE:DONEAR,Donear Industries Limited,INE668D01028,EQ,Consumer Discretionary,Textile Manufacturing,Micro,418.0,80.32,9.1,1.51,116.51,77.6,31.1,0.2,0.25,,154.2,21641.0,
NSE:ABCOTS,A B Cotspin India Limited,INE08PH01015,EQ,Consumer Discretionary,Textile Manufacturing,Micro,417.0,190.0,29.9,2.72,474.9,181.73,60.0,0.0,,,95.8,17935.0,
NSE:AARTISURF,Aarti Surfactants Limited,INE09EO01013,BE,Materials,Specialty Chemicals,Micro,417.0,492.5,22.7,1.7,677.7,316.0,27.3,1.0,0.2,,42.5,41978.0,
NSE:HLVLTD,HLV LIMITED,INE102A01024,EQ,Consumer Discretionary,Lodging,Micro,415.0,6.29,89.9,0.88,11.94,5.6,47.3,0.0,,,7.5,189914.0,
NSE:CYBERTECH,Cybertech Systems And Software Limited,INE214A01019,BE,Information Technology,Information Technology Services,Micro,414.0,136.79,13.4,2.01,274.8,95.3,50.2,4.0,2.94,,3.9,12919.0,
NSE:CORDSCABLE,Cords Cable Industries Limited,INE792I01017,BE,Capital Goods,Electrical Equipment & Parts,Micro,414.0,320.0,16.8,2.06,406.95,127.01,21.4,1.2,0.38,,55.4,167136.0,
NSE:LANCER,Lancer Container Lines Limited,INE359U01028,EQ,Capital Goods,Integrated Freight & Logistics,Micro,412.0,11.07,22.6,0.41,149.7,10.1,92.6,0.0,,,4.2,380745.0,
NSE:WSI,W S Industries (I) Limited,INE100D01014,EQ,Capital Goods,Engineering & Construction,Micro,409.0,53.93,158.6,0.93,95.0,52.8,43.2,0.0,,,17.4,58429.0,
NSE:VRAJ,Vraj Iron and Steel Limited,INE0S2V01010,EQ,Materials,Steel,Micro,402.0,121.85,11.2,0.94,155.75,93.0,21.8,0.0,,,9.9,42175.0,
NSE:NAHARCAP,Nahar Capital and Financial Services Limited,INE049I01012,EQ,Financial Services,Capital Markets,Micro,400.0,238.7,3.4,0.25,307.0,191.0,22.2,1.5,0.63,,0.6,4486.0,
NSE:REMSONSIND,Remsons Industries Limited,INE474C01023,EQ,Consumer Discretionary,Auto Parts,Micro,400.0,114.0,23.0,2.67,152.45,75.23,25.2,0.3,0.27,,62.8,260264.0,
NSE:SBGLP,Suratwwala Business Group Limited,INE05ST01028,EQ,Realty,Real Estate - Development,Micro,400.0,23.08,9.7,3.86,40.9,18.35,43.6,0.12,0.53,,75.2,84612.0,
NSE:LORDSCHLO,Lords Chloro Alkali Limited,INE846D01012,EQ,Materials,Chemicals,Micro,398.0,139.0,11.4,1.64,233.0,108.0,40.3,0.0,,,71.7,24885.0,
NSE:ELIN,Elin Electronics Limited,INE050401020,EQ,Capital Goods,Electrical Equipment & Parts,Micro,397.0,79.78,,0.68,222.99,78.31,64.2,0.0,,,3.0,338861.0,
NSE:GVKPIL,GVK Power & Infrastructure Limited,INE251H01024,BE,Power,Utilities - Independent Power Producers,Micro,396.0,2.51,,-0.26,3.66,2.04,31.4,0.0,,,,807427.0,
NSE:DISHTV,Dish TV India Limited,INE836F01026,EQ,Media Entertainment & Telecom,Entertainment,Micro,396.0,2.15,,-0.1,5.03,1.82,57.3,0.0,,,,1249818.0,
NSE:SHIVACEM,Shiva Cement Limited,INE555C01029,EQ,Materials,Building Materials,Micro,394.0,13.37,,-17.97,17.15,12.8,22.0,0.0,,,,83338.0,
NSE:DENORA,De Nora India Limited,INE244A01016,EQ,Capital Goods,Electrical Equipment & Parts,Micro,394.0,742.0,32.3,3.05,960.35,559.0,22.7,4.0,0.55,,,6052.0,
NSE:SAHYADRI,Sahyadri Industries Limited,INE280H01015,EQ,Capital Goods,Building Products & Equipment,Micro,394.0,360.0,8.8,0.97,408.95,200.1,12.0,4.0,1.12,,4.1,20280.0,
NSE:SINCLAIR,Sinclairs Hotels Limited,INE985A01022,EQ,Consumer Discretionary,Lodging,Micro,393.0,76.71,36.5,3.4,101.13,68.82,24.1,0.8,1.04,,28.4,28870.0,
NSE:AQYLON,Aqylon Nexus Limited,INE416A01051,EQ,Media Entertainment & Telecom,Broadcasting,Micro,392.0,15.45,13.8,-68.06,1714.9,15.45,99.1,0.0,,,,2940716.0,
NSE:VTMLTD,VTM Limited,INE222F01029,EQ,Consumer Discretionary,Textile Manufacturing,Micro,392.0,38.99,46.4,,61.9,22.95,37.0,0.0,,,23.8,69861.0,
NSE:MANAKSIA,Manaksia Limited,INE015D01022,EQ,Capital Goods,Metal Fabrication,Micro,392.0,59.85,6.2,0.54,73.4,42.1,18.5,0.0,,,4.1,52533.0,
NSE:VINYLINDIA,Vinyl Chemicals (India) Limited,INE250B01029,EQ,Materials,Specialty Chemicals,Micro,391.0,213.25,20.9,3.0,309.0,161.0,31.0,7.0,3.27,,0.4,8797.0,
NSE:AEPL,Artemis Electricals and Projects Limited,INE757T01025,EQ,Capital Goods,Electrical Equipment & Parts,Micro,389.0,15.51,44.3,4.18,20.25,13.25,23.4,0.0,,,1.8,75147.0,
NSE:DAVANGERE,Davangere Sugar Company Limited,INE179G01029,EQ,Fast Moving Consumer Goods,Confectioners,Micro,387.0,2.28,45.6,0.88,5.5,1.74,58.5,0.0,,,60.2,16680325.0,
NSE:XTGLOBAL,Xtglobal Infotech Limited,INE547B01028,EQ,Information Technology,Software - Application,Micro,386.0,28.8,33.9,2.65,43.7,25.2,34.1,0.1,0.35,,23.8,88371.0,
NSE:RADIANTCMS,Radiant Cash Management Services Limited,INE855R01021,EQ,Capital Goods,Specialty Business Services,Micro,384.0,36.0,12.3,1.39,57.49,32.33,37.4,2.5,6.97,,70.5,268389.0,
NSE:MIRZAINT,Mirza International Limited,INE771A01026,EQ,Consumer Discretionary,Footwear & Accessories,Micro,384.0,27.78,,0.68,43.3,24.95,35.8,0.0,,,3.7,319668.0,
NSE:BATLIBOI,Batliboi Limited,INE177C01022,EQ,Capital Goods,Specialty Industrial Machinery,Micro,384.0,81.27,40.8,1.66,106.5,15.7,23.7,0.6,0.73,,37.1,72884.0,
NSE:MAJESAUT,Majestic Auto Limited,INE201B01022,BE,Realty,Real Estate Services,Micro,381.0,366.4,3.9,0.57,500.0,274.0,26.7,50.0,13.65,,2.3,11311.0,
NSE:KOTHARIPRO,Kothari Products Limited,INE823A01017,EQ,Capital Goods,Conglomerates,Micro,381.0,63.8,18.8,0.33,100.42,58.0,36.5,0.0,,,8.5,10773.0,
NSE:BIRLAPREC,Birla Precision Technologies Limited,INE372E01025,BE,Capital Goods,Tools & Accessories,Micro,380.0,55.61,27.8,2.15,63.49,35.65,12.4,0.05,0.09,,30.4,325587.0,
NSE:GOKUL,Gokul Refoils and Solvent Limited,INE020J01029,EQ,Fast Moving Consumer Goods,Packaged Foods,Micro,379.0,38.25,18.3,1.04,46.8,31.0,18.3,0.0,,,106.4,175185.0,
NSE:QMSMEDI,QMS Medical Allied Services Limited,INE0FMW01018,BE,Healthcare,Medical Instruments & Supplies,Micro,378.0,195.67,37.3,6.6,216.79,68.95,9.7,0.5,0.26,,65.4,43788.0,
NSE:MONEYBOXX,Moneyboxx Finance Limited,INE296Q01012,BE,Financial Services,Credit Services,Micro,377.0,54.0,284.2,1.27,91.5,35.85,41.0,0.0,,,228.0,61378.0,
NSE:MANORG,Mangalam Organics Limited,INE370D01013,EQ,Materials,Specialty Chemicals,Micro,373.0,436.0,18.3,1.25,635.0,356.25,31.3,0.0,,,112.7,10339.0,
NSE:MARKOLINES,Markolines Pavement Technologies Limited,INE0FW001016,EQ,Capital Goods,Infrastructure Operations,Micro,372.0,168.85,13.9,1.84,191.75,131.65,11.9,0.0,,,42.6,259858.0,
NSE:AUTOIND,Autoline Industries Limited,INE718H01014,EQ,Consumer Discretionary,Auto Parts,Micro,372.0,82.0,9.2,1.89,104.0,48.35,21.2,0.0,,,164.6,195178.0,
NSE:NICCOPAR,Nicco Parks & Resorts Limited,INE653C01022,EQ,Consumer Discretionary,Leisure,Micro,372.0,79.5,63.1,3.56,98.99,72.0,19.7,1.0,1.26,,0.4,14140.0,
NSE:GOACARBON,Goa Carbon Limited,INE426D01013,EQ,Materials,Specialty Chemicals,Micro,372.0,406.0,,2.2,494.9,272.85,18.0,0.0,,,99.3,49439.0,
NSE:NILE,Nile Limited,INE445D01013,EQ,Materials,Other Industrial Metals & Mining,Micro,372.0,1240.0,7.7,1.18,1560.1,1203.5,20.5,0.0,,,3.8,3672.0,
NSE:NIMBSPROJ,Nimbus Projects Limited,INE875B01015,EQ,Realty,Real Estate - Development,Micro,371.0,191.8,,0.45,231.23,141.04,17.1,0.0,,,85.1,32470.0,
NSE:LIBERTSHOE,Liberty Shoes Limited,INE557B01019,EQ,Consumer Discretionary,Footwear & Accessories,Micro,371.0,217.6,43.4,1.58,348.75,210.5,37.6,0.0,,,71.1,70004.0,
NSE:JKIPL,Jinkushal Industries Limited,INE1FF001016,EQ,Capital Goods,Industrial Distribution,Micro,370.0,96.5,43.3,1.91,125.0,45.4,22.8,0.0,,,49.7,28474.0,
NSE:ACL,Andhra Cements Limited,INE666E01020,EQ,Materials,Building Materials,Micro,369.0,39.99,,4.57,85.57,38.4,53.3,0.0,,,1395.9,15374.0,
NSE:ALMONDZ,Almondz Global Securities Limited,INE326B01035,BE,Financial Services,Capital Markets,Micro,367.0,19.2,10.1,1.27,21.92,10.68,12.4,0.0,,,16.8,284583.0,
NSE:MBLINFRA,MBL Infrastructure Limited,INE912H01013,EQ,Capital Goods,Engineering & Construction,Micro,366.0,23.5,,0.36,45.6,18.37,48.5,0.0,,,103.5,33921.0,
NSE:NDL,Nandan Denim Limited,INE875G01048,EQ,Consumer Discretionary,Textile Manufacturing,Micro,366.0,2.54,,0.56,3.48,1.8,27.0,0.0,,,18.0,1374076.0,
NSE:BANSWRAS,Banswara Syntex Limited,INE629D01020,EQ,Consumer Discretionary,Textile Manufacturing,Micro,364.0,106.45,9.8,0.62,144.0,93.73,26.1,1.0,0.95,5.5,81.2,41470.0,
NSE:FOODSIN,Foods & Inns Limited,INE976E01023,EQ,Fast Moving Consumer Goods,Packaged Foods,Micro,364.0,49.51,14.9,0.63,88.9,44.0,44.3,0.3,0.61,,76.3,107339.0,
NSE:AVONMORE,Avonmore Capital & Management Services Limited,INE323B01024,EQ,Financial Services,Capital Markets,Micro,364.0,12.89,23.9,0.88,20.39,9.05,36.8,0.0,,,4.9,266514.0,
NSE:FOCUS,Focus Lighting and Fixtures Limited,INE593W01028,BE,Consumer Discretionary,"Furnishings, Fixtures & Appliances",Micro,364.0,54.1,71.2,2.49,98.87,53.7,45.3,0.0,,,14.3,33434.0,
NSE:ESSARSHPNG,Essar Shipping Limited,INE122M01019,EQ,Capital Goods,Marine Shipping,Micro,364.0,17.5,4.0,-0.17,43.26,15.43,59.5,0.0,,,,404371.0,
NSE:EUROBOND,Euro Panel Products Limited,INE505V01016,EQ,Capital Goods,Building Products & Equipment,Micro,363.0,148.29,14.2,2.27,225.89,126.3,34.4,0.0,,,100.9,6212.0,
NSE:TARACHAND,Tara Chand InfraLogistic Solutions Limited,INE555Z01020,EQ,Capital Goods,Farm & Heavy Construction Machinery,Micro,363.0,46.05,15.7,2.43,103.67,45.16,55.6,0.2,0.43,20.6,92.8,100438.0,
NSE:MUTHOOTCAP,Muthoot Capital Services Limited,INE296G01013,EQ,Financial Services,Credit Services,Micro,363.0,220.78,15.2,0.54,303.0,175.25,27.1,0.0,,,482.1,18639.0,
NSE:S&SPOWER,S&S Power Switchgears Limited,INE902B01017,EQ,Capital Goods,Electrical Equipment & Parts,Micro,362.0,293.0,44.7,4.06,444.95,193.5,34.1,0.0,,,44.2,4491.0,
NSE:BEDMUTHA,Bedmutha Industries Limited,INE844K01012,EQ,Materials,Steel,Micro,358.0,111.05,21.4,2.36,144.0,94.55,22.9,0.0,,,137.0,4196.0,
NSE:VARDHACRLC,Vardhman Acrylics Limited,INE116G01013,BE,Consumer Discretionary,Textile Manufacturing,Micro,357.0,44.39,8.6,1.4,48.55,27.01,8.6,1.5,3.38,,,33312.0,
NSE:VPRPL,Vishnu Prakash R Punglia Limited,INE0AE001013,EQ,Capital Goods,Engineering & Construction,Micro,357.0,28.5,,0.56,100.42,23.94,71.6,0.0,,,103.1,610582.0,
NSE:SURAJLTD,Suraj Limited,INE713C01016,EQ,Materials,Steel,Micro,355.0,193.5,42.7,2.58,348.65,190.0,44.5,3.0,1.55,,43.8,2116.0,
NSE:RRECL,RDB Real Estate Constructions Limited,INE0AK901016,EQ,Realty,Real Estate Services,Micro,355.0,135.0,,1.43,152.0,111.2,11.2,0.0,,,209.9,697.0,
NSE:NURECA,Nureca Limited,INE0DSF01015,BE,Healthcare,Medical Devices,Micro,351.0,350.8,77.8,1.85,376.0,204.0,6.7,0.0,,,1.2,35517.0,
NSE:VIJIFIN,Viji Finance Limited,INE159N01027,BE,Financial Services,Credit Services,Micro,350.0,15.16,65.9,9.28,17.24,2.01,12.1,0.0,,,31.0,254611.0,
NSE:TRANSWORLD,TRANSWORLD SHIPPING LINES LIMITED,INE757B01015,BE,Capital Goods,Marine Shipping,Micro,349.0,159.0,,0.52,258.0,111.56,38.4,1.5,0.94,,44.8,7288.0,
NSE:AAREYDRUGS,Aarey Drugs & Pharmaceuticals Limited,INE198H01019,EQ,Healthcare,Drug Manufacturers - Specialty & Generic,Micro,349.0,104.5,81.0,1.98,107.85,50.31,3.1,0.0,,,40.4,150644.0,
NSE:EMAMIREAL,Emami Realty Limited,INE778K01012,EQ,Realty,Real Estate - Development,Micro,349.0,67.02,,-1.18,115.3,48.2,41.9,0.0,,,,11827.0,
NSE:IGCL,Indogulf Cropsciences Limited,INE05J901018,EQ,Materials,Agricultural Inputs,Micro,347.0,54.9,9.0,0.6,111.4,49.46,50.7,0.0,,,39.9,141580.0,
NSE:PAKKA,PAKKA LIMITED,INE551D01018,EQ,Materials,Paper & Paper Products,Micro,347.0,72.75,50.2,0.71,159.9,69.1,54.5,0.0,,,99.4,156126.0,
NSE:ORIENTPPR,Orient Paper & Industries Limited,INE592A01026,EQ,Materials,Paper & Paper Products,Micro,347.0,16.35,,0.24,27.59,13.25,40.7,0.0,,,19.9,278805.0,
NSE:DEVX,Dev Accelerator Limited,INE0VOV01021,EQ,Realty,Real Estate Services,Micro,345.0,36.5,29.0,2.13,54.0,29.95,32.4,0.0,,,199.5,109740.0,
NSE:KALYANIFRG,Kalyani Forge Limited,INE314G01014,BE,Consumer Discretionary,Auto Parts,Micro,343.0,942.0,27.7,3.59,1192.25,523.6,21.0,4.0,0.42,,110.5,9668.0,
NSE:GINNIFILA,Ginni Filaments Limited,INE424C01010,BE,Consumer Discretionary,Textile Manufacturing,Micro,343.0,40.1,9.7,1.44,57.85,31.5,30.7,0.0,,,17.4,61658.0,
NSE:RUBFILA,Rubfila International Limited,INE642C01025,EQ,Materials,Specialty Chemicals,Micro,342.0,63.0,13.3,1.08,86.0,57.31,26.7,2.0,3.16,8.4,0.3,38428.0,
NSE:ABMKNO,ABM Knowledgeware Limited,INE850B01026,EQ,Information Technology,Software - Application,Micro,339.0,169.47,40.2,1.15,200.0,161.55,15.3,1.25,0.74,,,1503.0,
NSE:AFIL,Akme Fintrade (India) Limited,INE916Y01027,EQ,Financial Services,Credit Services,Micro,339.0,7.94,7.9,0.8,11.1,3.92,28.5,0.0,,,118.8,622582.0,
NSE:TRACXN,Tracxn Technologies Limited,INE0HMF01019,EQ,Information Technology,Software - Application,Micro,339.0,31.66,,6.43,55.9,25.39,43.4,0.0,,,,156486.0,
NSE:TOLINS,Tolins Tyres Limited,INE0RWQ01014,EQ,Consumer Discretionary,Auto Parts,Micro,337.0,85.3,10.5,0.93,197.69,83.04,56.9,0.0,,,3.0,42924.0,
NSE:KESORAMIND,Kesoram Industries Limited,INE087A01019,EQ,Materials,Building Materials,Micro,336.0,10.8,,0.91,14.26,4.55,24.3,0.0,,,59.0,428847.0,
NSE:HARRMALAYA,Harrisons  Malayalam Limited,INE544A01019,EQ,Fast Moving Consumer Goods,Farm Products,Micro,336.0,182.3,12.4,1.88,237.9,153.66,23.4,0.0,,,62.1,16478.0,
NSE:INSPIRISYS,Inspirisys Solutions Limited,INE020G01017,EQ,Information Technology,Information Technology Services,Micro,333.0,83.99,9.0,3.32,133.9,69.92,37.3,0.0,,,82.3,4826.0,
NSE:KRITINUT,Kriti Nutrients Limited,INE798K01010,EQ,Fast Moving Consumer Goods,Packaged Foods,Micro,332.0,66.32,10.0,1.45,102.99,51.36,35.6,0.3,0.34,,4.0,18871.0,
NSE:SHEMAROO,Shemaroo Entertainment Limited,INE363M01019,EQ,Media Entertainment & Telecom,Entertainment,Micro,331.0,115.22,,1.17,143.0,73.0,19.4,0.0,,,112.9,10140.0,
NSE:PPAP,PPAP Automotive Limited,INE095I01015,BE,Consumer Discretionary,Auto Parts,Micro,331.0,233.9,7.1,0.97,379.5,176.0,38.4,2.5,1.09,,60.8,124256.0,
NSE:DCMSRIND,DCM Shriram Industries Limited,INE843D01027,EQ,Fast Moving Consumer Goods,Confectioners,Micro,330.0,37.89,24.0,0.9,180.0,31.9,79.0,0.4,1.06,,116.6,317866.0,
NSE:HCL-INSYS,HCL Infosystems Limited,INE236A01020,EQ,Information Technology,Electronics & Computer Distribution,Micro,330.0,10.02,,-1.11,16.5,9.01,39.3,0.0,,,,234035.0,
NSE:SWISSMLTRY,Swiss Military Consumer Goods Limited,INE010C01025,BE,Consumer Discretionary,Apparel Manufacturing,Micro,330.0,13.99,46.6,2.35,18.5,13.11,24.4,0.1,0.72,,11.6,151391.0,
NSE:CINELINE,Cineline India Limited,INE704H01022,EQ,Media Entertainment & Telecom,Entertainment,Micro,328.0,86.0,23.8,1.9,104.4,73.35,17.6,1.25,1.45,,77.9,33586.0,
NSE:DREAMFOLKS,Dreamfolks Services Limited,INE0JS101016,EQ,Capital Goods,Airports & Air Services,Micro,328.0,61.57,,1.04,160.0,56.0,61.5,0.0,,,3.9,53427.0,
NSE:OMFREIGHT,Om Freight Forwarders Limited,INE1BZC01019,BE,Capital Goods,Integrated Freight & Logistics,Micro,327.0,97.0,16.2,1.57,114.33,58.95,15.2,0.0,,,24.3,11948.0,
NSE:QUINT,Quint Digital Limited,INE641R01017,BE,Media Entertainment & Telecom,Entertainment,Micro,325.0,68.74,10.1,1.0,90.0,35.58,23.6,0.0,,,39.0,79647.0,
NSE:PKTEA,The Peria Karamalai Tea & Produce Company Limited,INE431F01018,BE,Fast Moving Consumer Goods,Farm Products,Micro,325.0,1050.0,,0.72,1169.0,605.0,10.2,0.75,0.07,,10.1,4239.0,
NSE:BELLACASA,Bella Casa Fashion & Retail Limited,INE344T01014,EQ,Consumer Discretionary,Textile Manufacturing,Micro,325.0,243.0,18.1,1.9,497.35,214.68,51.1,2.0,0.83,,47.1,13989.0,
NSE:KOTYARK,Kotyark Industries Limited,INE0J0B01017,EQ,Materials,Specialty Chemicals,Micro,325.0,28.75,,1.8,45.5,17.38,36.8,0.45,1.61,,35.6,224168.0,
NSE:CPEDU,Career Point Edutech Limited,INE0P6P01016,EQ,Fast Moving Consumer Goods,Education & Training Services,Micro,324.0,178.3,13.7,,338.75,141.0,47.4,5.0,2.84,,,12160.0,
NSE:VGL,VARVEE GLOBAL LIMITED,INE273D01027,EQ,Consumer Discretionary,Textile Manufacturing,Micro,324.0,62.95,,4.21,84.75,43.7,25.7,0.0,,,3.7,100397.0,
NSE:KRITI,Kriti Industries (India) Limited,INE479D01038,EQ,Capital Goods,Building Products & Equipment,Micro,323.0,61.25,,1.45,132.9,53.0,53.9,0.0,,,41.0,17439.0,
NSE:HILINFRA,Highway Infrastructure Limited,INE00RL01028,EQ,Capital Goods,Infrastructure Operations,Micro,323.0,45.0,12.1,1.33,86.35,40.1,47.9,0.0,,,45.4,87522.0,
NSE:TREJHARA,TREJHARA SOLUTIONS LIMITED,INE00CA01015,EQ,Information Technology,Software - Application,Micro,321.0,133.0,24.9,1.02,284.85,127.03,53.3,0.0,,,7.6,30301.0,
NSE:PONNIERODE,Ponni Sugars (Erode) Limited,INE838E01017,EQ,Fast Moving Consumer Goods,Confectioners,Micro,319.0,371.5,6.5,0.56,455.0,252.4,18.4,5.0,1.34,,,52217.0,
NSE:SHAH,Shah Metacorp Limited,INE482J01021,EQ,Materials,Steel,Micro,317.0,3.09,20.6,0.93,5.88,2.56,47.4,0.0,,,77.5,7668590.0,
NSE:GULFPETRO,GP Petroleums Limited,INE586G01017,BE,Oil Gas & Consumable Fuels,Oil & Gas Refining & Marketing,Micro,316.0,62.0,7.8,0.89,71.4,23.25,13.2,0.5,0.8,,6.6,200899.0,
NSE:GEEKAYWIRE,Geekay Wires Limited,INE669X01032,EQ,Capital Goods,Electrical Equipment & Parts,Micro,316.0,30.25,19.9,0.18,36.8,18.51,17.8,0.35,1.2,17.4,88.9,217137.0,
NSE:CLEDUCATE,CL Educate Limited,INE201M01029,EQ,Fast Moving Consumer Goods,Education & Training Services,Micro,315.0,57.96,,1.23,94.48,35.48,38.7,0.0,,,109.0,22111.0,
NSE:UCAL,UCAL LIMITED,INE139B01016,BE,Consumer Discretionary,Auto Parts,Micro,313.0,141.4,,0.96,163.8,77.0,13.7,0.0,,,56.9,30518.0,
NSE:DIGISPICE,DiGiSPICE Technologies Limited,INE927C01020,EQ,Financial Services,Financial Conglomerates,Micro,313.0,14.99,16.1,1.57,28.98,14.4,48.3,0.0,,,35.4,87707.0,
NSE:DAMODARIND,Damodar Industries Limited,INE497D01022,BE,Consumer Discretionary,Textile Manufacturing,Micro,313.0,26.89,10.9,0.42,37.2,20.0,27.7,0.0,,,113.3,4247.0,
NSE:HPAL,HP Adhesives Limited,INE0GSL01024,EQ,Materials,Specialty Chemicals,Micro,312.0,33.96,169.8,1.65,53.0,26.52,35.9,0.4,1.18,,2.3,84160.0,
NSE:AVG,AVG Logistics Limited,INE680Z01018,BE,Capital Goods,Integrated Freight & Logistics,Micro,312.0,166.9,9.5,0.93,264.43,116.66,36.9,1.2,0.72,,81.0,20658.0,
NSE:VERTOZ,Vertoz Limited,INE188Y01031,EQ,Information Technology,Software - Infrastructure,Micro,311.0,36.45,11.5,1.44,76.8,27.02,52.5,0.1,0.28,,38.6,43347.0,
NSE:DCMNVL,DCM Nouvelle Limited,INE08KP01019,EQ,Consumer Discretionary,Textile Manufacturing,Micro,310.0,166.01,10.6,0.94,198.58,95.6,16.4,0.0,,,98.4,16817.0,
NSE:ANNU,Annu Projects Limited,INE103001017,EQ,Capital Goods,Infrastructure Operations,Micro,310.0,47.37,9.4,1.46,75.6,46.55,37.3,0.0,,23.8,33.8,1229273.0,
NSE:KCPSUGIND,KCP Sugar and Industries Corporation Limited,INE790B01024,BE,Fast Moving Consumer Goods,Confectioners,Micro,307.0,26.88,8.0,0.66,36.47,21.45,26.3,0.1,0.37,,27.8,433144.0,
NSE:AKSHARCHEM,AksharChem India Limited,INE542B01011,BE,Materials,Specialty Chemicals,Micro,305.0,379.85,21.7,1.17,472.0,141.3,19.5,0.5,0.13,,41.5,11585.0,
NSE:DBEIL,Deepak Builders & Engineers India Limited,INE0OPA01027,EQ,Capital Goods,Engineering & Construction,Micro,305.0,6.54,,0.69,17.82,5.15,63.3,0.1,1.4,,39.8,245166.0,
NSE:MODIRUBBER,Modi Rubber Limited,INE832A01018,EQ,Realty,Real Estate Services,Micro,304.0,121.47,12147.0,0.45,167.5,98.41,27.5,0.0,,,3.4,3800.0,
NSE:RUCHIRA,Ruchira Papers Limited,INE803H01014,EQ,Materials,Paper & Paper Products,Micro,304.0,101.77,9.1,0.61,151.25,95.17,32.7,2.5,2.47,,37.0,44289.0,
NSE:SHANKARA,Shankara Building Products Limited,INE274V01019,EQ,Consumer Discretionary,Home Improvement Retail,Micro,304.0,125.46,61.2,0.68,169.24,98.25,25.9,3.0,2.61,0.9,42.9,168106.0,
NSE:SAYAJIIND,Sayaji Industries Limited,INE327G01032,EQ,Fast Moving Consumer Goods,Farm Products,Micro,302.0,119.5,4.1,3.09,125.95,106.5,5.1,0.0,,,236.5,1521.0,
NSE:APOLSINHOT,Apollo Sindoori Hotels Limited,INE451F01024,EQ,Capital Goods,Specialty Business Services,Micro,301.0,1156.0,36.0,1.91,1440.0,950.0,19.7,3.0,0.26,,57.8,2047.0,
NSE:ASHIMASYN,Ashima Limited,INE440A01010,EQ,Realty,Real Estate - Development,Micro,297.0,15.48,,1.07,23.5,11.5,34.1,0.0,,,59.3,194902.0,
NSE:LYKALABS,Lyka Labs Limited,INE933A01014,BE,Healthcare,Biotechnology,Micro,295.0,81.55,,3.15,100.94,44.1,19.2,0.0,,,53.8,17813.0,
NSE:MEGASTAR,Megastar Foods Limited,INE00EM01016,EQ,Fast Moving Consumer Goods,Packaged Foods,Micro,294.0,260.3,30.3,2.86,392.0,204.4,33.6,0.0,,,127.7,15127.0,
NSE:ATLANTAA,ATLANTAA LIMITED,INE285H01022,EQ,Capital Goods,Infrastructure Operations,Micro,293.0,35.99,,1.38,73.39,31.52,51.0,0.0,,,148.3,79627.0,
NSE:IITL,Industrial Investment Trust Limited,INE886A01014,EQ,Financial Services,Credit Services,Micro,291.0,139.0,,0.73,215.0,108.0,35.3,0.0,,,0.5,117626.0,
NSE:AXITA,Axita Cotton Limited,INE02EZ01022,EQ,Consumer Discretionary,Textile Manufacturing,Micro,291.0,7.6,84.4,4.48,12.2,6.57,37.7,0.05,0.66,,,724206.0,
NSE:AMBALALSA,Ambalal Sarabhai Enterprises Limited,INE432A01017,BE,Healthcare,Drug Manufacturers - Specialty & Generic,Micro,291.0,37.93,21.4,1.84,49.98,30.15,24.1,0.0,,,35.7,166400.0,
NSE:VARDMNPOLY,Vardhman Polytex Limited,INE835A01029,EQ,Consumer Discretionary,Textile Manufacturing,Micro,289.0,5.69,0.9,-1.27,9.49,5.1,40.0,0.0,,,,212177.0,
NSE:STARTECK,Starteck Finance Limited,INE992I01013,EQ,Financial Services,Credit Services,Micro,288.0,291.0,11.8,1.1,350.0,215.1,16.9,0.25,0.09,,133.5,6080.0,
NSE:AASTHA,Aastha Spintex Limited,INE2FMX01012,EQ,Consumer Discretionary,Textile Manufacturing,Micro,286.0,32.45,12.1,1.65,70.0,32.45,53.6,0.05,0.15,,66.5,5328403.0,
NSE:HALDER,Halder Venture Limited,INE115S01010,EQ,Fast Moving Consumer Goods,Farm Products,Micro,284.0,228.1,10.8,1.59,319.0,210.0,28.5,0.0,,,197.4,24101.0,
NSE:ANNAPURNA,Annapurna Swadisht Limited,INE0MGM01017,EQ,Fast Moving Consumer Goods,Packaged Foods,Micro,283.0,129.5,9.0,0.8,287.0,120.75,54.9,0.0,,,69.3,59077.0,
NSE:DYNPRO,Dynemic Products Limited,INE256H01015,EQ,Materials,Specialty Chemicals,Micro,280.0,225.0,13.8,1.14,357.8,190.8,37.1,1.5,0.67,,29.6,14985.0,
NSE:RHL,Robust Hotels Limited,INE508K01013,EQ,Consumer Discretionary,Lodging,Micro,280.0,162.0,10.5,0.38,273.9,160.3,40.9,0.0,,,20.4,8658.0,
NSE:SAPPL,Shree Ajit Pulp & Paper Limited,INE185C01017,EQ,Materials,Paper & Paper Products,Micro,277.0,311.6,6.7,1.0,314.9,265.3,1.0,0.0,,,92.2,1952.0,
NSE:SONAMLTD,SONAM LIMITED,INE00LM01029,BE,Consumer Discretionary,"Furnishings, Fixtures & Appliances",Micro,276.0,68.89,37.6,3.86,80.32,37.4,14.2,0.6,0.87,,29.7,124979.0,
NSE:APCL,Anjani Portland Cement Limited,INE071F01012,EQ,Materials,Building Materials,Micro,276.0,94.01,,0.76,148.78,92.0,36.8,0.0,,,62.3,7406.0,
NSE:SSDL,Saraswati Saree Depot Limited,INE0PQ101010,EQ,Consumer Discretionary,Apparel Retail,Micro,275.0,69.5,11.6,1.45,90.0,46.15,22.8,3.0,4.32,,0.3,102805.0,
NSE:TIGERLOGS,Tiger Logistics (India) Limited,INE906O01029,EQ,Capital Goods,Integrated Freight & Logistics,Micro,273.0,25.78,14.1,0.52,49.14,22.9,47.5,0.0,,,31.4,155821.0,
NSE:EXXARO,Exxaro Tiles Limited,INE0GFE01026,EQ,Capital Goods,Building Products & Equipment,Micro,273.0,6.1,67.8,1.03,10.33,5.99,40.9,0.0,,,33.3,534370.0,
NSE:GENUSPAPER,Genus Paper & Boards Limited,INE949P01018,EQ,Materials,Paper & Paper Products,Micro,271.0,10.55,19.2,0.54,17.67,8.67,40.3,0.0,,,87.4,132245.0,
NSE:SIKKO,Sikko Industries Limited,INE112X01025,BE,Materials,Agricultural Inputs,Micro,271.0,6.2,17.7,2.88,6.83,3.55,9.2,0.0,,,13.6,864465.0,
NSE:TERASOFT,Tera Software Limited,INE482B01010,EQ,Information Technology,Information Technology Services,Micro,270.0,215.84,10.9,1.85,598.0,194.11,63.9,1.2,0.58,,27.0,25742.0,
NSE:PRITIKAUTO,Pritika Auto Industries Limited,INE583R01029,EQ,Capital Goods,Specialty Industrial Machinery,Micro,269.0,16.15,12.4,1.08,20.99,10.41,23.1,0.0,,,70.8,196979.0,
NSE:PODDARMENT,Poddar Pigments Limited,INE371C01013,EQ,Materials,Specialty Chemicals,Micro,269.0,254.0,17.7,0.77,333.4,201.1,23.8,4.0,1.58,,1.7,13391.0,
NSE:MAHEPC,Mahindra EPC Irrigation Limited,INE215D01010,EQ,Capital Goods,Farm & Heavy Construction Machinery,Micro,268.0,95.8,28.0,1.45,153.78,91.91,37.7,0.0,,,24.5,30335.0,
NSE:MKEXIM,M.K. Exim (India) Limited,INE227F01010,EQ,Fast Moving Consumer Goods,Household & Personal Products,Micro,267.0,66.1,13.5,2.22,72.0,52.0,8.2,0.6,0.9,,1.5,19570.0,
NSE:ELGIRUBCO,Elgi Rubber Company Limited,INE819L01012,EQ,Consumer Discretionary,Auto Parts,Micro,265.0,53.0,,3.5,70.0,32.72,24.3,0.0,,,413.2,104065.0,
NSE:SUNDRMBRAK,Sundaram Brake Linings Limited,INE073D01013,EQ,Consumer Discretionary,Auto Parts,Micro,264.0,670.0,73.5,2.58,920.0,460.0,27.2,0.65,0.1,,44.9,1620.0,
NSE:DJML,DJ Mediaprint & Logistics Limited,INE0B1K01014,EQ,Capital Goods,Specialty Business Services,Micro,262.0,73.0,22.5,2.78,124.8,52.0,41.5,0.15,0.21,,42.8,338832.0,
NSE:NATHBIOGEN,Nath Bio-Genes (India) Limited,INE448G01010,EQ,Materials,Agricultural Inputs,Micro,262.0,137.8,5.7,0.45,204.0,126.15,32.5,2.0,1.45,,20.4,19313.0,
NSE:VETO,Veto Switchgears And Cables Limited,INE918N01018,EQ,Capital Goods,Electrical Equipment & Parts,Micro,262.0,137.25,9.6,0.91,155.9,82.32,12.0,1.0,0.73,,7.4,52013.0,
NSE:SOMATEX,Soma Textiles & Industries Limited,INE314C01013,EQ,Consumer Discretionary,Textile Manufacturing,Micro,261.0,76.95,28.3,1.52,161.25,68.35,52.3,0.5,0.66,,0.2,14979.0,
NSE:AARON,Aaron Industries Limited,INE721Z01010,EQ,Capital Goods,Specialty Industrial Machinery,Micro,260.0,124.0,38.2,5.34,228.0,106.8,45.6,0.5,0.41,,57.1,29470.0,
NSE:SAB,SAB Industries Limited,INE137M01017,EQ,Capital Goods,Engineering & Construction,Micro,259.0,170.0,,0.75,192.6,165.0,11.7,0.0,,,15.3,116.0,
NSE:RNBDENIMS,R&B Denims Limited,INE012Q01039,BE,Consumer Discretionary,Textile Manufacturing,Micro,258.0,9.05,18.5,1.22,67.67,7.72,86.6,0.0,,,29.3,246155.0,
NSE:RPPINFRA,R.P.P. Infra Projects Limited,INE324L01013,EQ,Capital Goods,Engineering & Construction,Micro,258.0,52.03,,0.48,130.0,50.2,60.0,0.5,0.91,,19.7,185005.0,
NSE:CPCAP,CP Capital Limited,INE521J01018,EQ,Financial Services,Credit Services,Micro,256.0,140.8,5.7,0.45,160.5,73.51,12.3,0.0,,,13.5,39394.0,
NSE:A2ZINFRA,A2Z Infra Engineering Limited,INE619I01012,EQ,Capital Goods,Engineering & Construction,Micro,256.0,14.4,68.6,5.14,19.39,12.0,25.7,0.0,,,301.8,358775.0,
NSE:NILAINFRA,Nila Infrastructures Limited,INE937C01029,EQ,Realty,Real Estate - Development,Micro,256.0,6.5,10.3,1.37,11.2,5.9,42.0,0.0,,,12.6,183348.0,
NSE:KMSUGAR,K.M.Sugar Mills Limited,INE157H01023,BE,Fast Moving Consumer Goods,Confectioners,Micro,255.0,27.68,5.3,0.65,36.5,23.0,24.2,0.0,,,63.7,334419.0,
NSE:DPWIRES,D P Wires Limited,INE864X01013,BE,Capital Goods,Metal Fabrication,Micro,254.0,163.98,13.6,0.96,251.9,125.02,34.9,0.0,,,0.9,7090.0,
NSE:SETCO,Setco Automotive Limited,INE878E01021,BE,Consumer Discretionary,Auto Parts,Micro,251.0,18.75,,-0.35,28.62,11.56,34.5,26.0,143.41,,,76030.0,
NSE:PLAZACABLE,Plaza Wires Limited,INE0INJ01017,EQ,Capital Goods,Electrical Equipment & Parts,Micro,249.0,57.0,23.3,1.93,66.0,27.0,13.6,0.0,,,24.8,80683.0,
NSE:GICL,Globe International Carriers Limited,INE947T01022,BE,Capital Goods,Integrated Freight & Logistics,Micro,249.0,22.25,37.7,3.17,165.25,15.61,86.5,0.0,,,46.4,224230.0,
NSE:IVC,IL&FS Investment Managers Limited,INE050B01023,EQ,Financial Services,Financial Conglomerates,Micro,248.0,7.89,52.6,1.31,10.99,6.02,28.2,1.2,15.36,,,388989.0,
NSE:GLOBECIVIL,Globe Civil Projects Limited,INE0V3U01015,EQ,Capital Goods,Engineering & Construction,Micro,248.0,41.5,9.2,1.06,80.0,33.5,48.1,0.0,,,64.3,57402.0,
NSE:DSFCL,DCM Shriram Fine Chemicals Limited,INE0OFM01015,BE,Materials,Specialty Chemicals,Micro,246.0,28.24,,1.16,52.5,17.28,46.2,0.4,1.43,,6.0,55412.0,
NSE:SAHLIBHFI,Shalibhadra Finance Limited,INE861D01011,EQ,Financial Services,Credit Services,Micro,246.0,79.5,12.4,1.43,91.95,66.6,13.5,0.5,0.64,,32.6,55403.0,
NSE:BIMETAL,Bimetal Bearings Limited,INE469A01019,EQ,Consumer Discretionary,Auto Parts,Micro,245.0,640.0,21.4,1.07,750.75,470.9,14.8,13.5,2.11,,1.6,821.0,
NSE:SRD,Shankar Lal Rampal Dye-Chem Limited,INE01NE01012,EQ,Materials,Specialty Chemicals,Micro,243.0,38.03,13.2,1.98,75.79,36.0,49.8,0.05,0.13,,20.7,37677.0,
NSE:SAKUMA,Sakuma Exports Limited,INE190H01024,EQ,Fast Moving Consumer Goods,Farm Products,Micro,243.0,1.55,22.1,0.32,3.1,1.1,50.0,0.0,,,1.2,901885.0,
NSE:LOTUSEYE,Lotus Eye Hospital and Institute Limited,INE947I01017,EQ,Healthcare,Medical Care Facilities,Micro,242.0,116.2,1452.5,4.12,147.0,97.59,21.0,0.0,,,26.3,16737.0,
NSE:SHRADHA,Shradha Realty Limited,INE715Y01031,EQ,Realty,Real Estate - Development,Micro,242.0,29.89,7.9,0.81,51.81,26.34,42.3,0.6,2.01,,30.4,72100.0,
NSE:STARPAPER,Star Paper Mills Limited,INE733A01018,EQ,Materials,Paper & Paper Products,Micro,241.0,154.43,7.8,0.34,175.15,119.05,11.8,2.5,1.65,,0.6,18206.0,
NSE:NDGL,Naga Dhunseri Group Limited,INE756C01015,EQ,Financial Services,Capital Markets,Micro,241.0,2411.0,,,4050.0,2100.0,40.5,2.5,0.1,,,327.0,
NSE:GILLANDERS,Gillanders Arbuthnot & Company Limited,INE047B01011,EQ,Fast Moving Consumer Goods,Farm Products,Micro,241.0,113.0,13.8,0.93,129.4,76.0,12.7,0.0,,,57.6,9561.0,
NSE:ARVEE,Arvee Laboratories (India) Limited,INE006Z01016,EQ,Materials,Specialty Chemicals,Micro,241.0,219.0,59.5,7.17,290.78,129.11,24.7,0.0,,,3.3,14606.0,
NSE:COASTCORP,Coastal Corporation Limited,INE377E01024,EQ,Fast Moving Consumer Goods,Packaged Foods,Micro,241.0,36.0,7.4,0.85,66.7,34.25,46.0,0.28,0.78,,169.5,128745.0,
NSE:RCOM,Reliance Communications Limited,INE330H01018,BE,Media Entertainment & Telecom,Telecom Services,Micro,241.0,0.87,,-0.0,1.51,0.75,42.4,0.0,,,,2813213.0,
NSE:MARALOVER,Maral Overseas Limited,INE882A01013,EQ,Consumer Discretionary,Textile Manufacturing,Micro,240.0,57.8,11.0,2.16,68.89,34.11,16.1,0.0,,,364.7,24495.0,
NSE:JAYSREETEA,Jayshree Tea & Industries Limited,INE364A01020,EQ,Fast Moving Consumer Goods,Farm Products,Micro,240.0,83.12,,0.61,112.7,70.55,26.2,0.5,0.57,,105.9,80780.0,
NSE:RVTH,Revathi Equipment India Limited,INE0DAB01012,EQ,Capital Goods,Farm & Heavy Construction Machinery,Micro,239.0,779.0,15.6,1.7,1128.0,491.1,30.9,0.0,,,48.3,1715.0,
NSE:LANCORHOL,Lancor Holdings Limited,INE572G01025,BE,Realty,Real Estate - Development,Micro,239.0,32.5,4.1,1.0,41.75,18.12,22.2,0.2,0.63,,44.5,255683.0,
NSE:LEMERITE,Le Merite Exports Limited,INE0G1L01025,EQ,Consumer Discretionary,Textile Manufacturing,Micro,238.0,19.01,86.4,1.75,107.57,17.73,82.3,0.0,,,,402906.0,
NSE:CUBEXTUB,Cubex Tubings Limited,INE144D01012,BE,Materials,Copper,Micro,238.0,166.1,31.5,2.85,184.0,73.1,9.7,0.0,,,52.1,166691.0,
NSE:FCSSOFT,FCS Software Solutions Limited,INE512B01022,EQ,Information Technology,Information Technology Services,Micro,238.0,1.39,69.5,0.57,2.53,1.05,45.1,0.0,,,,1729579.0,
NSE:SHIVATEX,Shiva Texyarn Limited,INE705C01020,EQ,Consumer Discretionary,Textile Manufacturing,Micro,237.0,172.6,23.3,1.54,217.92,126.06,20.8,0.6,0.35,,50.4,7247.0,
NSE:CHEMBOND,Chembond Material Technologies Limited,INE995D01025,EQ,Materials,Specialty Chemicals,Micro,237.0,176.0,16.3,1.42,236.8,105.15,25.7,2.0,1.13,,2.5,14481.0,
NSE:EQUIPPP,Equippp Social Impact Technologies Limited,INE217G01035,BE,Information Technology,Information Technology Services,Micro,236.0,22.9,127.2,23.56,25.89,13.85,11.5,0.0,,,74.1,23837.0,
NSE:DIAMINESQ,Diamines & Chemicals Limited,INE591D01014,EQ,Materials,Chemicals,Micro,236.0,235.0,,1.5,332.0,208.01,29.2,1.0,0.41,,5.2,9596.0,
NSE:NIPPOBATRY,Indo-National Limited,INE567A01028,EQ,Capital Goods,Electrical Equipment & Parts,Micro,235.0,313.0,,0.78,469.0,257.0,33.3,3.75,1.19,,11.2,2223.0,
NSE:AHLEAST,Asian Hotels (East) Limited,INE926K01017,EQ,Consumer Discretionary,Lodging,Micro,235.0,136.0,3.4,1.28,175.3,127.25,22.4,1.0,0.72,,235.0,3185.0,
NSE:IWP,The Indian Wood Products Company Limited,INE586E01020,EQ,Materials,Lumber & Wood Production,Micro,235.0,36.8,40.0,0.63,42.4,32.8,13.2,0.0,,,18.6,54499.0,
NSE:RVHL,Ravinder Heights Limited,INE09E501017,EQ,Realty,Real Estate - Development,Micro,234.0,38.2,4.9,0.81,62.15,28.5,38.5,0.0,,,0.3,11902.0,
NSE:SPENCERS,Spencer's Retail Limited,INE020801028,EQ,Consumer Discretionary,Department Stores,Micro,234.0,26.01,,-0.26,61.4,24.38,57.6,0.0,,,,42969.0,
NSE:VMSTMT,VMS TMT Limited,INE0SJA01013,EQ,Materials,Steel,Micro,234.0,47.16,11.4,1.03,82.0,33.5,42.5,0.0,,,101.2,64653.0,
NSE:GENCON,Generic Engineering Construction and Projects Limited,INE854S01022,EQ,Capital Goods,Engineering & Construction,Micro,233.0,40.96,27.3,0.78,59.96,36.35,31.7,0.0,,2.9,21.9,327967.0,
NSE:IVP,IVP Limited,INE043C01018,BE,Materials,Specialty Chemicals,Micro,232.0,224.5,7.4,1.48,232.0,110.0,3.2,1.5,0.67,,41.6,26212.0,
NSE:NATIONSTD,National Standard (India) Limited,INE166R01015,EQ,Realty,Real Estate - Development,Micro,232.0,116.13,20.7,0.83,148.1,98.27,21.6,0.0,,,,63943.0,
NSE:BTTL,Bhilwara Technical Textiles Limited,INE274K01012,BE,Consumer Discretionary,Textile Manufacturing,Micro,231.0,39.5,,1.43,58.23,30.0,32.2,0.0,,,,15209.0,
NSE:WORTHPERI,Worth Peripherals Limited,INE196Y01018,EQ,Consumer Discretionary,Packaging & Containers,Micro,230.0,146.1,15.0,1.22,169.8,109.0,14.0,1.0,0.7,,20.3,18348.0,
NSE:GOLDTECH,AION-TECH SOLUTIONS LIMITED,INE805A01014,BE,Information Technology,Information Technology Services,Micro,229.0,43.79,,1.0,70.0,29.68,37.4,0.0,,,30.8,23623.0,
NSE:BI,Bilcare Limited,INE986A01012,BE,Consumer Discretionary,Packaging & Containers,Micro,228.0,96.7,20.2,1.16,113.0,85.0,14.4,0.0,,,836.8,93406.0,
NSE:CALSOFT,California Software Company Limited,INE526B01014,BE,Information Technology,Software - Application,Micro,226.0,36.5,15.4,5.47,43.13,10.9,15.4,0.0,,,3.9,226282.0,
NSE:GRAVISSHO,Graviss Hospitality Limited,INE214F01026,BE,Consumer Discretionary,Lodging,Micro,226.0,32.0,,1.17,49.9,27.9,35.9,0.0,,,4.9,52592.0,
NSE:SHIVAMAUTO,Shivam Autotech Limited,INE637H01024,EQ,Consumer Discretionary,Auto Parts,Micro,226.0,17.0,,-3.75,32.34,13.05,47.4,0.0,,,,54516.0,
NSE:SUMIT,Sumit Woods Limited,INE748Z01013,EQ,Realty,Real Estate - Development,Micro,225.0,47.0,37.0,1.34,104.0,31.74,54.8,0.2,0.42,,,40215.0,
NSE:VIKASLIFE,Vikas Lifecare Limited,INE161L01027,EQ,Fast Moving Consumer Goods,Farm Products,Micro,225.0,1.21,12.1,0.41,2.23,1.05,45.7,0.0,,3.4,19.1,2212134.0,
NSE:SILGO,Silgo Retail Limited,INE01II01013,EQ,Consumer Discretionary,Luxury Goods,Micro,224.0,70.0,29.5,1.34,86.2,61.0,18.8,0.0,,,14.6,145061.0,
NSE:BPL,BPL Limited,INE110A01019,EQ,Information Technology,Consumer Electronics,Micro,223.0,45.5,,0.94,82.7,37.61,45.0,0.0,,-3.9,84.5,66351.0,
NSE:COMPEAU,Competent Automobiles Company Limited,INE823B01015,EQ,Consumer Discretionary,Auto & Truck Dealerships,Micro,223.0,362.45,9.4,0.42,420.0,318.0,13.7,1.0,0.28,,108.8,1631.0,
NSE:UFO,UFO Moviez India Limited,INE527H01019,EQ,Media Entertainment & Telecom,Entertainment,Micro,223.0,57.44,9.3,0.69,92.97,53.75,38.2,0.0,,,28.8,35872.0,
NSE:MANAKALUCO,Manaksia Aluminium Company Limited,INE859Q01017,EQ,Materials,Aluminum,Micro,220.0,33.61,25.1,1.56,68.12,21.73,50.7,0.05,0.15,,169.4,120349.0,
NSE:SURANAT&P,Surana Telecom and Power Limited,INE130B01031,EQ,Power,Utilities - Independent Power Producers,Micro,216.0,15.9,7.3,1.34,24.12,15.5,34.1,0.0,,,34.4,62737.0,
NSE:SRGHFL,SRG Housing Finance Limited,INE559N01010,EQ,Financial Services,Mortgage Finance,Micro,215.0,137.0,6.3,0.72,335.0,118.6,59.1,0.0,,,292.4,18690.0,
NSE:RMC,RMC Switchgears Limited,INE655V01019,EQ,Capital Goods,Electrical Equipment & Parts,Micro,214.0,202.0,10.5,1.63,530.0,194.1,61.9,0.0,,,80.6,72003.0,
NSE:PAVNAIND,Pavna Industries Limited,INE07S101038,EQ,Consumer Discretionary,Auto Parts,Micro,214.0,15.34,8.1,1.08,42.3,14.11,63.7,0.0,,,52.1,89698.0,
NSE:KOTARISUG,Kothari Sugars And Chemicals Limited,INE419A01022,BE,Fast Moving Consumer Goods,Confectioners,Micro,213.0,25.7,38.9,0.72,39.94,22.5,35.7,0.0,,,23.8,177661.0,
NSE:SMARTLINK,Smartlink Holdings Limited,INE178C01020,BE,Information Technology,Communication Equipment,Micro,212.0,212.31,12.8,1.01,241.81,103.5,12.2,2.0,0.94,,1.2,7412.0,
NSE:TEAMGTY,Team India Guaranty Limited,INE289C01025,EQ,Financial Services,Asset Management,Micro,211.0,235.1,192.7,4.68,332.55,210.0,29.3,0.0,,,,3477.0,
NSE:ALANKIT,Alankit Limited,INE914E01040,EQ,Information Technology,Information Technology Services,Micro,210.0,7.73,11.0,0.65,13.12,6.8,41.1,0.0,,,6.4,110310.0,
NSE:SAKHTISUG,Sakthi Sugars Limited,INE623A01011,EQ,Fast Moving Consumer Goods,Confectioners,Micro,210.0,17.65,7.6,0.92,23.29,13.52,24.2,0.0,,,315.6,252482.0,
NSE:TRF,TRF Limited,INE391D01019,EQ,Capital Goods,Specialty Industrial Machinery,Micro,210.0,191.22,,-0.59,387.8,191.19,50.7,0.0,,-5.3,153.7,23715.0,
NSE:VSTL,Vibhor Steel Tubes Limited,INE0QTF01015,EQ,Materials,Steel,Micro,209.0,110.25,27.6,1.06,158.8,100.8,30.6,0.0,,,97.9,11783.0,
NSE:CCHHL,Country Club Hospitality & Holidays Limited,INE652F01027,EQ,Consumer Discretionary,Lodging,Micro,209.0,12.8,,0.7,18.0,10.03,28.9,0.0,,,7.9,21732.0,
NSE:UNITEDTEA,The United Nilgiri Tea Estates Company Limited,INE458F01011,EQ,Fast Moving Consumer Goods,Farm Products,Micro,208.0,417.0,10.3,0.86,590.0,405.2,29.3,3.2,0.77,,,2885.0,
NSE:KHADIM,Khadim India Limited,INE834I01025,BE,Consumer Discretionary,Footwear & Accessories,Micro,208.0,113.4,75.1,1.25,279.55,77.47,59.4,0.0,,,149.3,45466.0,
NSE:NITIRAJ,Nitiraj Engineers Limited,INE439T01012,EQ,Information Technology,Scientific & Technical Instruments,Micro,207.0,201.45,85.7,2.52,241.0,168.0,16.4,1.5,0.66,,0.0,4846.0,
NSE:ZEELEARN,Zee Learn Limited,INE565L01011,EQ,Fast Moving Consumer Goods,Education & Training Services,Micro,207.0,6.32,4.4,0.88,10.1,4.17,37.4,0.0,,,161.2,323786.0,
NSE:BALAJEE,Shree Tirupati Balajee Agro Trading Company Limited,INE0S2G01011,EQ,Consumer Discretionary,Packaging & Containers,Micro,207.0,25.37,22.5,0.68,54.48,21.1,53.4,0.0,,,66.5,34267.0,
NSE:AARVI,Aarvi Encon Limited,INE754X01016,EQ,Capital Goods,Staffing & Employment Services,Micro,204.0,137.68,10.6,1.44,168.4,115.99,18.2,2.0,1.46,,18.8,37694.0,
NSE:SINTERCOM,Sintercom India Limited,INE129Z01016,EQ,Consumer Discretionary,Auto Parts,Micro,204.0,74.27,123.8,2.01,130.0,62.99,42.9,0.0,,,51.5,30449.0,
NSE:RADIOCITY,Music Broadcast Limited,INE919I01024,EQ,Media Entertainment & Telecom,Broadcasting,Micro,204.0,5.8,,0.45,8.64,4.5,32.9,0.0,,,5.3,80878.0,
NSE:TTL,T T Limited,INE592B01024,EQ,Consumer Discretionary,Textile Manufacturing,Micro,203.0,7.87,787.0,1.63,10.6,5.5,25.8,0.05,0.78,,63.7,279486.0,
NSE:ARCHIDPLY,Archidply Industries Limited,INE877I01016,EQ,Materials,Lumber & Wood Production,Micro,203.0,101.25,15.4,1.79,124.78,60.0,18.9,0.0,,,163.1,36150.0,
NSE:MAHESHWARI,Maheshwari Logistics Limited,INE263W01010,EQ,Capital Goods,Integrated Freight & Logistics,Micro,203.0,70.0,13.1,0.96,76.81,39.04,8.9,0.0,,,126.3,14648.0,
NSE:SICAGEN,Sicagen India Limited,INE176J01011,EQ,Materials,Steel,Micro,203.0,51.4,9.9,0.41,74.06,24.35,30.6,1.0,1.96,,32.1,70577.0,
NSE:COMFINTE,Comfort Intech Limited,INE819A01049,EQ,Capital Goods,Conglomerates,Micro,201.0,6.28,,1.1,7.4,5.6,15.1,0.05,0.8,,10.4,361245.0,
NSE:RANASUG,Rana Sugars Limited,INE625B01014,EQ,Fast Moving Consumer Goods,Confectioners,Micro,201.0,13.09,36.4,0.35,16.45,10.21,20.4,0.0,,,53.6,540432.0,
NSE:NOVAAGRI,Nova Agritech Limited,INE02H701025,EQ,Materials,Agricultural Inputs,Micro,200.0,22.25,15.6,1.05,51.99,18.12,57.2,0.0,,,21.7,50362.0,
NSE:PIGL,Power & Instrumentation (Gujarat) Limited,INE557Z01018,EQ,Capital Goods,Engineering & Construction,Micro,200.0,94.55,11.7,1.31,184.8,88.05,48.8,0.2,0.2,,8.1,75612.0,
NSE:JMA,Jullundur Motor Agency (Delhi) Limited,INE412C01023,EQ,Consumer Discretionary,Auto Parts,Micro,199.0,87.2,6.2,0.73,103.7,70.25,15.9,2.0,2.28,,,16109.0,
NSE:NECLIFE,Nectar Lifesciences Limited,INE023H01027,EQ,Healthcare,Drug Manufacturers - Specialty & Generic,Micro,198.0,10.21,,0.35,22.4,9.3,54.4,0.0,,,,189076.0,
NSE:SIGIND,Signet Industries Limited,INE529F01035,BE,Capital Goods,Conglomerates,Micro,198.0,67.4,8.7,0.85,74.99,40.66,10.1,0.5,0.74,,185.8,50151.0,
NSE:MADHAVIPL,Madhav Infra Projects Limited,INE631R01026,EQ,Capital Goods,Engineering & Construction,Micro,198.0,7.34,7.6,0.82,8.47,6.93,13.3,0.0,,,68.7,133952.0,
NSE:AIRAN,Airan Limited,INE645W01026,EQ,Information Technology,Information Technology Services,Micro,196.0,15.69,12.7,1.46,26.24,12.63,40.2,0.0,,,0.6,81760.0,
NSE:AFFORDABLE,Affordable Robotic & Automation Limited,INE692Z01013,EQ,Capital Goods,Specialty Industrial Machinery,Micro,196.0,165.0,30.4,1.68,297.0,119.71,44.4,0.0,,,67.1,20106.0,
NSE:ABANSENT,Abans Enterprises Limited,INE365O01028,EQ,Financial Services,Capital Markets,Micro,194.0,27.78,6.1,0.9,32.79,25.65,15.3,0.0,,,74.5,8485.0,
NSE:RACE,Race Eco Chain Limited,INE084Q01012,EQ,Capital Goods,Waste Management,Micro,194.0,112.15,33.2,2.47,240.0,84.11,53.3,0.0,,,104.1,40507.0,
NSE:NECCLTD,North Eastern Carrying Corporation Limited,INE553C01016,BE,Capital Goods,Trucking,Micro,193.0,18.47,23.7,0.71,24.01,10.55,23.1,0.0,,,54.8,81029.0,
NSE:HINDADH,Hindustan Adhesives Limited,INE074C01013,EQ,Materials,Specialty Chemicals,Micro,193.0,377.0,8.1,1.77,402.65,342.0,6.4,0.0,,,112.5,11756.0,
NSE:ROSSELLIND,Rossell India Limited,INE847C01020,EQ,Capital Goods,Conglomerates,Micro,190.0,50.4,16.3,0.95,73.0,40.0,31.0,0.4,0.8,,32.4,85645.0,
NSE:WATERBASE,Waterbase Limited,INE054C01015,EQ,Fast Moving Consumer Goods,Packaged Foods,Micro,190.0,45.8,,,74.9,43.62,38.9,0.0,,,41.8,21911.0,
NSE:INTENTECH,Intense Technologies Limited,INE781A01025,EQ,Information Technology,Software - Infrastructure,Micro,190.0,81.56,,1.52,145.0,66.3,43.8,1.0,1.23,,0.1,31358.0,
NSE:TAINWALCHM,Tainwala Chemical and Plastic (I) Limited,INE123C01018,EQ,Materials,Specialty Chemicals,Micro,189.0,201.5,23.5,1.1,257.0,155.0,21.6,3.0,1.48,,,12516.0,
NSE:AUSOMENT,Ausom Enterprise Limited,INE218C01016,EQ,Financial Services,Capital Markets,Micro,189.0,139.0,7.6,1.17,178.0,93.0,21.9,1.0,0.72,,5.5,5717.0,
NSE:ASPINWALL,Aspinwall and Company Limited,INE991I01015,EQ,Fast Moving Consumer Goods,Farm Products,Micro,188.0,240.1,11.9,0.93,299.8,200.25,19.9,6.5,2.71,,39.6,3163.0,
NSE:DRCSYSTEMS,DRC Systems India Limited,INE03RS01027,EQ,Information Technology,Information Technology Services,Micro,187.0,13.0,8.9,1.66,21.34,11.5,39.1,0.0,,,0.4,56791.0,
NSE:MHLXMIRU,Mahalaxmi Rubtech Limited,INE112D01035,BE,Consumer Discretionary,Textile Manufacturing,Micro,186.0,175.0,8.0,2.05,244.65,105.53,28.5,0.0,,,12.8,19479.0,
NSE:RUDRA,Rudra Global Infra Products Limited,INE027T01023,EQ,Materials,Steel,Micro,186.0,18.53,14.0,1.39,29.7,14.63,37.6,0.0,,,97.1,154951.0,
NSE:SPCENET,Spacenet Enterprises India Limited,INE970N01027,EQ,Financial Services,Capital Markets,Micro,185.0,3.25,7.2,0.95,11.24,3.0,71.1,0.02,0.62,,13.7,726759.0,
NSE:TAKE,TAKE Limited,INE142I01023,EQ,Healthcare,Health Information Services,Micro,185.0,12.65,30.1,6.13,50.14,12.52,74.8,0.0,,,,573291.0,
NSE:GLOBALVECT,Global Vectra Helicorp Limited,INE792H01019,EQ,Capital Goods,Airports & Air Services,Micro,185.0,132.1,,-22.83,248.0,123.0,46.7,0.0,,,,12044.0,
NSE:ARCL,ARCL Organics Limited,INE372M01010,EQ,Materials,Specialty Chemicals,Micro,184.0,229.81,17.8,,280.7,216.89,18.1,0.0,,,,2339.0,
NSE:RRIL,RRIL Limited,INE951M01037,EQ,Consumer Discretionary,Textile Manufacturing,Micro,183.0,15.11,20.1,1.63,18.48,15.06,18.2,0.0,,,30.1,27670.0,
NSE:ZODIACLOTH,Zodiac Clothing Company Limited,INE206B01013,EQ,Consumer Discretionary,Apparel Manufacturing,Micro,183.0,66.7,,0.96,104.0,58.5,35.9,0.0,,,58.8,9696.0,
NSE:MEDICO,Medico Remedies Limited,INE630Y01024,EQ,Healthcare,Drug Manufacturers - Specialty & Generic,Micro,183.0,22.0,13.3,2.4,56.88,20.47,61.3,0.0,,,25.4,500880.0,
NSE:ASMS,Avio Smart Market Stack Limited,INE855F01042,EQ,Information Technology,Information Technology Services,Micro,182.0,5.99,28.5,5.22,16.7,5.1,64.1,0.0,,,25.6,180475.0,
NSE:AERONEU,Aeroflex Neu Limited,INE035801013,EQ,Consumer Discretionary,Packaging & Containers,Micro,181.0,70.25,250.9,1.74,105.5,63.21,33.4,0.0,,,23.0,52099.0,
NSE:ALPINETEX,Alpine Texworld Limited,INE1JCQ01037,EQ,Consumer Discretionary,Textile Manufacturing,Micro,181.0,47.26,8.4,1.7,105.0,45.5,55.0,0.0,,33.8,237.4,284946.0,
NSE:VIPCLOTHNG,VIP Clothing Limited,INE450G01024,EQ,Consumer Discretionary,Apparel Manufacturing,Micro,180.0,19.97,19.4,0.95,37.55,14.05,46.8,0.0,,,35.9,56458.0,
NSE:AGASTYAEN,Agastya Energy and Infrastructure Limited,INE753W01010,BE,Materials,Chemicals,Micro,180.0,69.55,,3.88,76.89,9.26,9.5,0.0,,,26.4,273062.0,
NSE:IPRINGLTD,IP Rings Limited,INE558A01019,EQ,Consumer Discretionary,Auto Parts,Micro,180.0,141.95,57.7,1.75,187.0,132.0,24.1,0.0,,,119.2,5429.0,
NSE:BASML,Bannari Amman Spinning Mills Limited,INE186H01022,BE,Consumer Discretionary,Textile Manufacturing,Micro,179.0,22.4,7.6,0.38,31.9,17.05,29.8,0.25,1.1,,83.8,58876.0,
NSE:EMPOWER,Empower India Limited,INE507F01023,EQ,Information Technology,Electronics & Computer Distribution,Micro,179.0,1.54,9.6,0.55,2.56,1.54,39.8,0.0,,,11.2,11855463.0,
NSE:ESSENTIA,Integra Essentia Limited,INE418N01035,EQ,Fast Moving Consumer Goods,Food Distribution,Micro,176.0,1.0,,0.75,2.08,1.0,51.9,0.0,,,25.7,3146385.0,
NSE:BCONCEPTS,Brand Concepts Limited,INE977Y01011,EQ,Consumer Discretionary,Footwear & Accessories,Micro,175.0,140.01,177.2,2.11,380.0,136.5,63.2,0.0,,,219.5,13339.0,
NSE:PILITA,PIL ITALICA LIFESTYLE LIMITED,INE600A01035,EQ,Consumer Discretionary,"Furnishings, Fixtures & Appliances",Micro,175.0,7.44,57.2,2.08,13.89,6.2,46.4,0.0,,,18.4,63303.0,
NSE:SHREYANIND,Shreyans Industries Limited,INE231C01019,EQ,Materials,Paper & Paper Products,Micro,173.0,125.01,,0.4,235.5,121.76,46.9,1.5,1.19,,14.4,7111.0,
NSE:SUPERHOUSE,Superhouse Limited,INE712B01010,EQ,Consumer Discretionary,Footwear & Accessories,Micro,171.0,155.0,20.8,0.36,189.0,128.55,18.0,0.8,0.52,,37.1,15415.0,
NSE:UMIYA-MRO,UMIYA BUILDCON LIMITED,INE398B01018,EQ,Information Technology,Communication Equipment,Micro,171.0,91.55,15.5,1.35,110.9,70.0,17.4,0.0,,,110.4,20165.0,
NSE:NATCAPSUQ,Natural Capsules Limited,INE936B01015,BE,Healthcare,Drug Manufacturers - Specialty & Generic,Micro,170.0,163.0,,0.76,253.3,136.36,35.6,0.0,,,49.2,26920.0,
NSE:HINDCON,Hindcon Chemicals Limited,INE642Y01029,EQ,Materials,Specialty Chemicals,Micro,170.0,33.3,39.6,2.99,37.75,15.66,11.8,0.0,,,18.6,40256.0,
NSE:MURUDCERA,Murudeshwar Ceramics Limited,INE692B01014,EQ,Capital Goods,Building Products & Equipment,Micro,170.0,28.0,17.2,0.39,46.0,25.16,39.1,0.5,1.64,,37.5,18050.0,
NSE:BALPHARMA,Bal Pharma Limited,INE083D01012,EQ,Healthcare,Drug Manufacturers - Specialty & Generic,Micro,169.0,106.3,23.5,2.06,124.6,60.0,14.7,1.2,1.13,,193.9,76380.0,
NSE:DELPHIFX,DELPHI WORLD MONEY LIMITED,INE726L01027,BE,Financial Services,Capital Markets,Micro,169.0,6.9,28.8,0.52,18.25,4.72,62.2,0.0,,1.6,134.6,176555.0,
NSE:SHAHALLOYS,Shah Alloys Limited,INE640C01011,BE,Materials,Steel,Micro,169.0,85.42,1.6,1.5,116.85,53.1,26.9,0.0,,,56.1,91950.0,
NSE:DTIL,Dhunseri Tea & Industries Limited,INE341R01014,BE,Fast Moving Consumer Goods,Packaged Foods,Micro,168.0,159.82,,0.32,193.79,102.0,17.5,2.0,1.26,,47.8,20484.0,
NSE:NIRAJ,Niraj Cement Structurals Limited,INE368I01016,EQ,Capital Goods,Engineering & Construction,Micro,166.0,27.8,7.0,0.62,47.35,20.15,41.3,0.0,,,28.6,36894.0,
NSE:BAIDFIN,Baid Finserv Limited,INE020D01022,EQ,Financial Services,Credit Services,Micro,165.0,10.17,9.3,0.68,12.98,8.8,21.6,0.1,0.97,,122.6,96019.0,
NSE:ALPHAGEO,Alphageo (India) Limited,INE137C01018,BE,Oil Gas & Consumable Fuels,Oil & Gas Equipment & Services,Micro,165.0,259.3,,0.65,368.0,164.8,29.5,5.0,1.94,,,37037.0,
NSE:KANCHI,Kanchi Karpooram Limited,INE081G01019,EQ,Materials,Specialty Chemicals,Micro,165.0,379.8,21.6,0.77,435.0,359.95,12.7,1.0,0.26,,0.2,2699.0,
NSE:EMMBI,Emmbi Industries Limited,INE753K01015,BE,Consumer Discretionary,Packaging & Containers,Micro,164.0,85.27,18.9,0.82,116.9,60.3,27.1,0.3,0.35,,88.7,8027.0,
NSE:METROGLOBL,Metroglobal Limited,INE085D01033,EQ,Capital Goods,Conglomerates,Micro,162.0,131.0,7.0,0.4,165.0,110.0,20.6,2.5,1.9,,0.8,5613.0,
NSE:ISFT,Intrasoft Technologies Limited,INE566K01011,BE,Consumer Discretionary,Internet Retail,Micro,162.0,99.1,11.8,0.61,114.95,54.05,13.8,0.0,,,6.5,85262.0,
NSE:AVANCE,Avance Technologies Limited,INE758A01072,EQ,Information Technology,Information Technology Services,Micro,161.0,0.81,11.6,0.43,0.94,0.77,13.8,0.0,,,41.6,5487439.0,
NSE:TRIGYN,Trigyn Technologies Limited,INE948A01012,EQ,Information Technology,Information Technology Services,Micro,159.0,51.7,15.8,0.2,86.0,37.55,39.9,0.0,,,1.3,48879.0,
NSE:MSL,Mangalam Seeds Limited,INE829S01016,EQ,Materials,Agricultural Inputs,Micro,159.0,144.99,19.1,1.74,160.0,120.0,9.4,0.0,,,54.7,379.0,
NSE:BROOKS,Brooks Laboratories Limited,INE650L01011,EQ,Healthcare,Drug Manufacturers - Specialty & Generic,Micro,158.0,53.52,11.9,1.29,138.34,36.3,61.3,0.0,,,6.9,29885.0,
NSE:FILATFASH,Filatex Fashions Limited,INE185E01021,EQ,Consumer Discretionary,Apparel Manufacturing,Micro,158.0,0.19,,0.06,0.58,0.14,67.2,0.0,,,2.5,19920647.0,
NSE:MODTHREAD,Modern Threads (India) Limited,INE794W01014,EQ,Consumer Discretionary,Textile Manufacturing,Micro,157.0,45.15,8.7,,65.65,35.61,31.2,0.0,,,,13385.0,
NSE:ATALREAL,Atal Realtech Limited,INE0ALR01029,EQ,Capital Goods,Engineering & Construction,Micro,157.0,12.7,12.6,0.85,36.7,11.7,65.4,0.0,,,4.4,10195004.0,
NSE:TEXMOPIPES,Texmo Pipes and Products Limited,INE141K01013,EQ,Capital Goods,Building Products & Equipment,Micro,156.0,53.59,10.3,0.58,64.5,33.0,16.9,0.0,,,23.8,158312.0,
NSE:ONELIFECAP,Onelife Capital Advisors Limited,INE912L01015,BE,Financial Services,Capital Markets,Micro,155.0,41.5,8.3,2.02,42.0,11.15,1.2,0.01,0.02,,42.4,63056.0,
NSE:INDOUS,Indo Us Biotech Limited,INE250Z01010,EQ,Materials,Agricultural Inputs,Micro,155.0,77.48,13.6,1.68,159.0,70.0,51.3,0.0,,,40.0,19369.0,
NSE:SHBAJRG,Shri Bajrang Alliance Limited,INE402H01015,EQ,Materials,Steel,Micro,155.0,172.0,3.4,0.4,184.0,147.98,6.5,0.0,,,27.1,5282.0,
NSE:PAR,Par Drugs And Chemicals Limited,INE04LG01015,BE,Healthcare,Drug Manufacturers - Specialty & Generic,Micro,154.0,125.0,11.7,1.38,180.0,78.05,30.6,0.0,,,,72993.0,
NSE:DOLLEX,Dollex Agrotech Limited,INE0JHH01011,EQ,Fast Moving Consumer Goods,Confectioners,Micro,154.0,38.49,19.5,1.98,42.95,26.0,10.4,0.0,,,126.9,76261.0,
NSE:BHARATGEAR,Bharat Gears Limited,INE561C01019,BE,Consumer Discretionary,Auto Parts,Micro,154.0,100.0,10.2,1.17,141.33,83.8,29.2,1.0,1.0,,55.6,18884.0,
NSE:AMJLAND,Amj Land Holdings Limited,INE606A01024,EQ,Realty,Real Estate - Development,Micro,153.0,37.24,10.5,0.72,57.39,30.3,35.1,0.2,0.54,,,11359.0,
NSE:VIRINCHI,Virinchi Limited,INE539B01017,EQ,Information Technology,Software - Application,Micro,151.0,13.4,,0.29,29.47,13.0,54.5,0.0,,,56.7,57903.0,
NSE:AARTECH,Aartech Solonics Limited,INE01C001026,BE,Capital Goods,Electrical Equipment & Parts,Micro,151.0,47.64,30.9,4.88,64.75,33.51,26.4,0.13,0.26,,16.0,102447.0,
NSE:BYKE,The Byke Hospitality Ltd,INE319B01014,EQ,Consumer Discretionary,Lodging,Micro,151.0,28.95,22.3,0.66,73.06,26.25,60.4,0.0,,,46.2,29978.0,
NSE:MKPL,M K Proteins Limited,INE964W01021,EQ,Fast Moving Consumer Goods,Packaged Foods,Micro,149.0,3.95,30.4,1.96,7.49,3.56,47.3,0.0,,,48.7,118074.0,
NSE:VIPULLTD,Vipul Limited,INE946H01037,BE,Realty,Real Estate - Diversified,Micro,149.0,10.6,,0.36,18.6,7.38,43.0,0.0,,-2.3,22.3,551780.0,
NSE:INDTERRAIN,Indian Terrain Fashions Limited,INE611L01021,EQ,Consumer Discretionary,Apparel Retail,Micro,149.0,29.5,368.8,0.8,42.62,24.56,30.8,0.0,,,55.3,38327.0,
NSE:SECMARK,SecMark Consultancy Limited,INE0BTM01013,EQ,Capital Goods,Consulting Services,Micro,148.0,135.0,43.4,6.02,179.5,95.05,24.8,0.0,,,54.9,5250.0,
NSE:PML,Paul Merchants Limited,INE291E01019,EQ,Financial Services,Capital Markets,Micro,148.0,479.6,7.2,0.16,515.0,460.7,6.9,0.0,,,1.1,288.0,
NSE:LANDSMILL,Landsmill Green Limited,INE688J01023,EQ,Capital Goods,Conglomerates,Micro,148.0,1.05,52.5,0.72,1.68,0.52,37.5,0.0,,,0.4,3767538.0,
NSE:RPPL,Rajshree Polypack Limited,INE760W01023,BE,Consumer Discretionary,Packaging & Containers,Micro,148.0,19.87,7.2,0.82,26.97,14.25,26.3,0.0,,,68.4,109537.0,
NSE:MCL,M TEK COPPER LIMITED,INE813V01022,EQ,Materials,Copper,Micro,148.0,54.49,33.0,2.95,93.2,42.0,41.5,0.0,,,82.9,56028.0,
NSE:DGCONTENT,Digicontent Limited,INE03JI01017,EQ,Media Entertainment & Telecom,Internet Content & Information,Micro,148.0,25.59,128.0,4.16,39.57,21.61,35.3,0.0,,,265.6,30712.0,
NSE:RELIABLE,Reliable Data Services Limited,INE375Y01018,EQ,Information Technology,Information Technology Services,Micro,147.0,141.96,19.3,2.05,175.0,104.74,18.9,0.05,0.04,,28.8,38727.0,
NSE:VASWANI,Vaswani Industries Limited,INE590L01019,EQ,Materials,Steel,Micro,147.0,44.47,,0.96,69.99,43.26,36.5,0.0,,,184.5,29564.0,
NSE:SRTL,Shree Ram Twistex Limited,INE19GK01015,EQ,Consumer Discretionary,Textile Manufacturing,Micro,147.0,36.85,10.3,0.56,73.36,35.75,49.8,0.0,,,15.2,40234.0,
NSE:CENTEXT,Century Extrusions Limited,INE281A01026,EQ,Materials,Aluminum,Micro,147.0,18.38,13.1,1.77,34.75,15.67,47.1,0.0,,,82.3,351458.0,
NSE:GVPTECH,GVP Infotech Limited,INE382T01030,BE,Information Technology,Information Technology Services,Micro,146.0,7.91,,1.62,11.19,5.22,29.3,0.2,2.58,,18.9,99105.0,
NSE:INCREDIBLE,INCREDIBLE INDUSTRIES LIMITED,INE452L01012,EQ,Materials,Steel,Micro,146.0,31.16,12.3,0.88,48.85,28.1,36.2,0.0,,,21.8,5991.0,
NSE:LAL,Lorenzini Apparels Limited,INE740X01023,EQ,Consumer Discretionary,Apparel Manufacturing,Micro,146.0,8.45,26.4,2.83,11.25,5.56,24.9,0.0,,,38.6,97819.0,
NSE:TARMAT,Tarmat Limited,INE924H01018,EQ,Capital Goods,Engineering & Construction,Micro,145.0,57.79,20.4,0.78,73.9,46.26,21.8,0.0,,,8.0,55650.0,
NSE:MITCON,MITCON Consultancy & Engineering Services Limited,INE828O01033,EQ,Capital Goods,Engineering & Construction,Micro,143.0,81.95,15.1,0.9,92.84,49.56,11.7,0.0,,6.0,57.0,11845.0,
NSE:VIKASECO,Vikas EcoTech Limited,INE806A01020,EQ,Materials,Specialty Chemicals,Micro,143.0,1.03,103.0,0.22,2.04,0.99,49.5,0.0,,,7.1,1918751.0,
NSE:BRIGHTBR,Bright Brothers Limited,INE630D01010,EQ,Materials,Specialty Chemicals,Micro,142.0,250.8,24.9,1.76,270.0,221.0,7.1,2.0,0.83,,135.2,2377.0,
NSE:KREBSBIO,Krebs Biochemicals and Industries Limited,INE268B01013,EQ,Healthcare,Drug Manufacturers - Specialty & Generic,Micro,141.0,65.6,,-0.87,76.85,38.33,14.6,0.0,,,,21483.0,
NSE:PRAENG,Prajay Engineers Syndicate Limited,INE505C01016,EQ,Realty,Real Estate - Development,Micro,141.0,20.1,,0.29,33.88,17.0,40.7,0.0,,,34.5,84021.0,
NSE:MAHAPEXLTD,Maha Rashtra Apex Corporation Limited,INE843B01013,EQ,Financial Services,Credit Services,Micro,141.0,50.1,,0.15,117.89,42.0,57.5,0.0,,,3.8,21387.0,
NSE:XELPMOC,Xelpmoc Design And Tech Limited,INE01P501012,EQ,Information Technology,Information Technology Services,Micro,140.0,94.5,,1.86,155.5,71.1,39.2,0.0,,,0.9,20556.0,
NSE:BRNL,Bharat Road Network Limited,INE727S01012,EQ,Capital Goods,Infrastructure Operations,Micro,139.0,16.56,,0.2,26.5,15.67,37.5,0.0,,,81.3,24458.0,
NSE:SALONA,Salona Cotspin Limited,INE498E01010,EQ,Consumer Discretionary,Textile Manufacturing,Micro,137.0,259.95,59.8,1.64,320.0,200.0,18.8,0.6,0.24,,226.4,1690.0,
NSE:INDOWIND,Indowind Energy Limited,INE227G01018,EQ,Power,Utilities - Renewable,Micro,137.0,8.54,,0.45,18.94,7.0,54.9,0.0,,,3.1,104680.0,
NSE:WIPL,The Western India Plywoods Limited,INE215F01023,EQ,Materials,Lumber & Wood Production,Micro,137.0,161.0,1006.2,3.99,193.2,133.1,16.7,1.0,0.62,,20.8,2331.0,
NSE:TIPSFILMS,Tips Films Limited,INE0LQS01015,EQ,Media Entertainment & Telecom,Entertainment,Micro,136.0,313.55,,4.54,479.25,276.75,34.6,0.0,,,630.1,19296.0,
NSE:KEYFINSERV,Keynote Financial Services Limited,INE681C01015,EQ,Financial Services,Capital Markets,Micro,136.0,244.0,23.9,0.94,382.1,220.0,36.1,1.0,0.41,,2.9,1164.0,
NSE:KAMOPAINTS,Kamdhenu Ventures Limited,INE0BTI01037,EQ,Materials,Steel,Micro,136.0,4.12,,0.72,8.89,3.6,53.7,0.0,,,19.1,261239.0,
NSE:DCM,DCM  Limited,INE498A01018,EQ,Capital Goods,Metal Fabrication,Micro,135.0,72.02,109.1,2.88,104.3,55.0,30.9,0.0,,,2.2,11999.0,
NSE:AIROLAM,Airo Lam limited,INE801L01010,EQ,Consumer Discretionary,"Furnishings, Fixtures & Appliances",Micro,134.0,89.5,25.6,1.71,117.5,78.0,23.8,0.0,,7.0,106.3,3686.0,
NSE:KRITIKA,Kritika Wires Limited,INE00Z501029,EQ,Materials,Steel,Micro,133.0,4.98,20.8,1.32,9.55,4.5,47.9,0.0,,,54.5,136590.0,
NSE:LAMBODHARA,Lambodhara Textiles Limited,INE112F01022,EQ,Consumer Discretionary,Textile Manufacturing,Micro,133.0,128.3,10.7,1.04,154.5,81.8,17.0,0.5,0.39,,30.3,54533.0,
NSE:BTML,Bodhi Tree Multimedia Limited,INE0EEJ01023,EQ,Media Entertainment & Telecom,Entertainment,Micro,131.0,7.2,20.0,1.4,10.12,5.06,28.9,0.0,,,41.6,853528.0,
NSE:HPIL,Hindprakash Industries Limited,INE05X901010,EQ,Materials,Specialty Chemicals,Micro,131.0,114.89,37.5,2.41,154.45,107.0,25.6,0.0,,,60.2,2550.0,
NSE:ISHANCH,Ishan Dyes and Chemicals Limited,INE561M01018,EQ,Materials,Chemicals,Micro,129.0,47.2,,0.87,83.37,41.71,43.4,0.0,,,63.5,58073.0,
NSE:SONAL,Sonal Mercantile Limited,INE321M01017,EQ,Financial Services,Credit Services,Micro,129.0,87.56,5.8,0.3,94.0,82.5,6.9,0.0,,,76.5,119.0,
NSE:CROWN,Crown Lifters Limited,INE491V01019,EQ,Capital Goods,Rental & Leasing Services,Micro,128.0,110.7,15.5,1.64,163.86,100.11,32.4,0.0,,,74.9,20155.0,
NSE:VITAL,Vital Chemtech Limited,INE0L4K01016,EQ,Materials,Specialty Chemicals,Micro,128.0,53.46,54.6,1.26,69.4,35.4,23.0,0.0,,,61.9,7179.0,
NSE:JOCIL,Jocil Limited,INE839G01010,EQ,Materials,Specialty Chemicals,Micro,128.0,144.51,15.6,0.6,175.12,91.25,17.5,3.5,2.41,,,5729.0,
NSE:LAGNAM,Lagnam Spintex Limited,INE548Z01017,EQ,Consumer Discretionary,Textile Manufacturing,Micro,127.0,71.65,6.9,0.93,95.9,58.6,25.3,0.0,,,264.4,11458.0,
NSE:MAGNUM,Magnum Ventures Limited,INE387I01016,EQ,Materials,Paper & Paper Products,Micro,127.0,18.63,,0.19,28.0,16.25,33.5,0.0,,-0.2,45.0,30906.0,
NSE:GSLSU,Global Surfaces Limited,INE0JSX01015,EQ,Materials,Building Materials,Micro,127.0,30.0,,0.47,139.67,23.06,78.5,0.0,,,78.9,144738.0,
NSE:CORALFINAC,Coral India Finance & Housing Limited,INE558D01021,EQ,Realty,Real Estate Services,Micro,127.0,31.39,8.8,0.61,47.19,25.01,33.5,0.2,0.64,,,80481.0,
NSE:ALPA,Alpa Laboratories Limited,INE385I01010,EQ,Healthcare,Drug Manufacturers - Specialty & Generic,Micro,125.0,59.5,29.3,0.67,93.85,46.1,36.6,0.0,,,1.3,19031.0,
NSE:MUKTAARTS,Mukta Arts Limited,INE374B01019,EQ,Media Entertainment & Telecom,Entertainment,Micro,123.0,54.6,,-1.91,72.7,37.01,24.9,0.0,,,,3854.0,
NSE:SAMPANN,Sampann Utpadan India Limited,INE735M01018,EQ,Materials,Specialty Chemicals,Micro,123.0,24.09,17.7,2.47,43.44,23.07,44.5,0.0,,20.7,201.9,19214.0,
NSE:BALAXI,BALAXI PHARMACEUTICALS LIMITED,INE618N01022,EQ,Healthcare,Drug Manufacturers - Specialty & Generic,Micro,123.0,22.28,49.5,0.49,45.31,15.2,50.8,0.0,,0.6,23.1,37372.0,
NSE:STEELCITY,Steel City Securities Limited,INE395H01011,EQ,Financial Services,Capital Markets,Micro,122.0,80.79,7.2,0.88,103.79,71.26,22.2,4.0,4.99,,7.2,22264.0,
NSE:ANIKINDS,Anik Industries Limited,INE087B01017,EQ,Fast Moving Consumer Goods,Food Distribution,Micro,122.0,44.0,,0.3,83.4,32.5,47.2,0.0,,,7.6,8384.0,
NSE:BSL,BSL Limited,INE594B01012,EQ,Consumer Discretionary,Textile Manufacturing,Micro,121.0,118.0,33.4,1.01,205.0,98.0,42.4,0.8,0.66,,366.3,4072.0,
NSE:SUPREME,Supreme Holdings & Hospitality (India) Limited,INE822E01011,EQ,Realty,Real Estate - Development,Micro,121.0,31.18,183.4,0.3,97.84,29.06,68.1,0.0,,,1.1,46812.0,
NSE:HECPROJECT,HEC Infra Projects Limited,INE558R01013,EQ,Capital Goods,Engineering & Construction,Micro,121.0,111.8,9.6,1.84,160.5,92.1,30.3,0.0,,,67.5,25287.0,
NSE:TICL,Twamev Construction and Infrastructure Limited,INE388G01026,BE,Capital Goods,Engineering & Construction,Micro,121.0,7.79,16.9,0.37,33.99,5.33,77.1,0.0,,,113.7,399288.0,
NSE:SURANASOL,Surana Solar Limited,INE272L01022,EQ,Information Technology,Solar,Micro,120.0,24.3,18.7,2.09,34.51,18.31,29.6,0.0,,,,62093.0,
NSE:AAATECH,AAA Technologies Limited,INE0D0U01013,EQ,Information Technology,Information Technology Services,Micro,120.0,93.34,55.2,3.9,136.0,81.1,31.4,1.0,1.08,,,53846.0,
NSE:WHBRADY,WH Brady & Company Limited,INE855A01019,EQ,Capital Goods,Industrial Distribution,Micro,119.0,465.0,22.6,,589.9,415.0,21.2,0.0,,,7.6,98.0,
NSE:LATTEYS,Latteys Industries Limited,INE262Z01023,EQ,Capital Goods,Specialty Industrial Machinery,Micro,119.0,20.76,33.5,5.03,37.0,15.79,43.9,0.0,,,91.4,57176.0,
NSE:ROLLT,Rollatainers Limited,INE927A01040,BE,Realty,Real Estate Services,Micro,119.0,4.74,7.0,13.17,6.57,1.07,27.9,0.0,,,121.0,547676.0,
NSE:DEVIT,Dev Information Technology Limited,INE060X01034,EQ,Information Technology,Information Technology Services,Micro,119.0,20.9,1.6,1.09,44.44,20.49,53.0,0.1,0.48,,28.0,53314.0,
NSE:CHEMCRUX,Chemcrux Enterprises Limited,INE298W01016,EQ,Materials,Specialty Chemicals,Micro,118.0,79.49,28.4,1.53,89.29,76.3,11.0,1.0,1.28,,44.7,4519.0,
NSE:SADBHAV,Sadbhav Engineering Limited,INE226H01026,EQ,Capital Goods,Engineering & Construction,Micro,117.0,6.8,3.9,-1.05,14.7,6.05,53.7,0.0,,,,260148.0,
NSE:URAVIDEF,Uravi Defence and Technology Limited,INE568Z01015,BE,Consumer Discretionary,Auto Parts,Micro,117.0,103.0,69.1,2.29,263.0,101.0,60.8,0.0,,,47.2,8834.0,
NSE:GFSTEELS,Grand Foundry Limited,INE534A01028,BE,Materials,Steel,Micro,117.0,38.29,47.9,-21.37,38.3,10.21,0.0,0.0,,,,9129.0,
NSE:OBCL,OBCL Limited,INE426Z01016,EQ,Capital Goods,Trucking,Micro,117.0,55.6,,1.4,62.0,46.51,10.3,0.0,,,86.3,14177.0,
NSE:THAKDEV,Thakkers Developers Limited,INE403F01017,EQ,Realty,Real Estate - Development,Micro,116.0,128.74,8.4,0.7,160.0,115.1,19.5,0.0,,8.6,9.4,341.0,
NSE:GATECH,GACM Technologies Limited,INE224E01028,BE,Financial Services,Asset Management,Micro,116.0,0.65,13.0,0.72,1.11,0.4,41.4,0.0,,,,22515607.0,
NSE:RUCHINFRA,Ruchi Infrastructure Limited,INE413B01023,EQ,Capital Goods,Specialty Business Services,Micro,115.0,4.87,32.5,0.69,7.72,4.05,36.9,0.0,,,40.9,74530.0,
NSE:ASSAMENT,Assam Entrade Limited,INE165G01010,EQ,Financial Services,Capital Markets,Micro,115.0,799.0,61.0,1.71,857.75,705.0,6.8,0.0,,,2.9,10.0,
NSE:AKSHOPTFBR,Aksh Optifibre Limited,INE523B01011,BE,Information Technology,Communication Equipment,Micro,115.0,7.07,,-8.78,9.01,3.82,21.5,0.0,,,,302321.0,
NSE:CFEL,Confidence Futuristic Energetech Limited,INE700F01024,BE,Power,Utilities - Regulated Gas,Micro,115.0,45.94,16.0,0.82,52.8,28.16,13.0,0.25,0.55,,81.8,77883.0,
NSE:LAHOTIOV,Lahoti Overseas Limited,INE515C01023,EQ,Consumer Discretionary,Textile Manufacturing,Micro,114.0,39.2,7.2,0.53,46.95,37.0,16.5,0.0,,,14.9,9849.0,
NSE:OSWALSEEDS,ShreeOswal Seeds And Chemicals Limited,INE00IK01029,EQ,Materials,Agricultural Inputs,Micro,114.0,12.42,9.3,2.23,20.28,9.66,38.8,0.0,,,121.2,218725.0,
NSE:GANGESSECU,Ganges Securities Limited,INE335W01016,EQ,Fast Moving Consumer Goods,Packaged Foods,Micro,114.0,114.0,39.6,0.21,178.15,103.31,36.0,0.0,,,0.0,2171.0,
NSE:VISHWARAJ,Vishwaraj Sugar Industries Limited,INE430N01022,EQ,Fast Moving Consumer Goods,Confectioners,Micro,113.0,5.18,,0.46,8.5,4.14,39.1,0.0,,-15.3,184.8,547559.0,
NSE:TOTAL,Total Transport Systems Limited,INE336X01012,BE,Capital Goods,Integrated Freight & Logistics,Micro,113.0,70.35,12.6,1.01,87.89,45.0,20.0,1.25,1.78,,44.1,21574.0,
NSE:INDIANCARD,Indian Card Clothing Company Limited,INE061A01014,EQ,Consumer Discretionary,Textile Manufacturing,Micro,113.0,189.8,18.8,0.33,278.25,153.0,31.8,0.0,,,0.9,4652.0,
NSE:BCPL,BCPL Railway Infrastructure Limited,INE00SW01015,EQ,Capital Goods,Infrastructure Operations,Micro,112.0,67.0,13.6,1.15,92.0,60.0,27.2,1.0,1.49,,71.4,10802.0,
NSE:WEIZMANIND,Weizmann Limited,INE080A01014,EQ,Consumer Discretionary,Textile Manufacturing,Micro,111.0,71.45,18.0,1.68,114.5,65.21,37.6,0.5,0.7,,9.4,1428.0,
NSE:KOHINOOR,Kohinoor Foods Limited,INE080B01012,EQ,Fast Moving Consumer Goods,Packaged Foods,Micro,111.0,29.86,1.3,-1.18,38.47,19.2,22.4,0.0,,,,214854.0,
NSE:INDBANK,Indbank Merchant Banking Services Limited,INE841B01017,EQ,Financial Services,Capital Markets,Micro,111.0,25.1,15.3,1.14,47.15,24.21,46.8,0.0,,,,59635.0,
NSE:VGCL,Vibrant Global Capital Limited,INE761Q01015,EQ,Financial Services,Capital Markets,Micro,110.0,48.0,4.0,,62.95,45.0,23.7,4.0,8.35,,26.7,5986.0,
NSE:ZENITHEXPO,Zenith Exports Limited,INE058B01018,EQ,Consumer Discretionary,Textile Manufacturing,Micro,110.0,204.0,370.9,1.3,260.0,174.0,21.5,0.0,,,2.5,571.0,
NSE:DBSTOCKBRO,DB (International) Stock Brokers Limited,INE921B01025,BE,Financial Services,Capital Markets,Micro,110.0,31.5,37.1,1.46,48.5,23.15,35.1,0.0,,,3.0,62697.0,
NSE:OPTIFIN,Optimus Finance Limited,INE031G01022,EQ,Materials,Chemicals,Micro,109.0,14.54,,1.62,17.0,11.41,14.5,0.0,,,35.1,158206.0,
NSE:VAISHALI,Vaishali Pharma Limited,INE972X01022,EQ,Healthcare,Drug Manufacturers - Specialty & Generic,Micro,109.0,8.38,,1.58,11.88,4.75,29.5,0.0,,,27.3,150739.0,
NSE:MAKERSL,Makers Laboratories Limited,INE987A01010,EQ,Healthcare,Drug Manufacturers - Specialty & Generic,Micro,108.0,183.5,31.6,1.48,236.0,150.0,22.2,0.0,,,5.0,9198.0,
NSE:NORBTEAEXP,Norben Tea & Exports Limited,INE369C01017,EQ,Fast Moving Consumer Goods,Farm Products,Micro,108.0,69.5,,5.74,99.35,47.5,30.0,0.0,,,46.9,1926.0,
NSE:GTL,GTL Limited,INE043A01012,EQ,Media Entertainment & Telecom,Telecom Services,Micro,107.0,6.81,0.1,-0.02,9.69,4.91,29.7,0.0,,,,213872.0,
NSE:VLEGOV,VL E-Governance & IT Solutions Limited,INE03HW01020,EQ,Information Technology,Information Technology Services,Micro,106.0,9.73,,2.56,29.52,8.42,67.0,0.0,,,,84264.0,
NSE:SHYAMCENT,Shyam Century Ferrous Limited,INE979R01011,BE,Materials,Steel,Micro,106.0,5.0,,0.62,7.18,3.68,30.4,0.0,,,0.6,69002.0,
NSE:SUPREMEENG,Supreme Engineering Limited,INE319Z01021,BZ,Materials,Steel,Micro,106.0,4.24,106.0,-5.31,4.24,0.68,0.0,0.0,,,,346568.0,
NSE:COMPUSOFT,Compucom Software Limited,INE453B01029,EQ,Fast Moving Consumer Goods,Education & Training Services,Micro,105.0,13.22,36.7,0.72,20.5,12.0,35.5,0.25,1.92,,34.2,31766.0,
NSE:REPL,Rudrabhishek Enterprises Limited,INE364Z01019,EQ,Capital Goods,Consulting Services,Micro,105.0,58.0,,0.75,154.49,56.0,62.5,0.0,,,20.1,4275.0,
NSE:SURYALAXMI,Suryalakshmi Cotton Mills Limited,INE713B01026,EQ,Consumer Discretionary,Textile Manufacturing,Micro,105.0,55.76,26.2,0.38,67.7,43.0,17.6,0.0,,,111.0,5446.0,
NSE:SHEKHAWATI,Shekhawati Industries Limited,INE268L01046,BE,Consumer Discretionary,Textile Manufacturing,Micro,104.0,30.1,8.4,4.72,33.26,9.12,9.5,0.0,,,6.3,70565.0,
NSE:RTSPOWR,RTS Power Corporation Limited,INE005C01017,EQ,Capital Goods,Electrical Equipment & Parts,Micro,104.0,113.6,39.0,0.71,138.05,68.88,17.7,0.0,,,21.0,16696.0,
NSE:DEEP,Deep Polymers Limited,INE00IY01012,BE,Materials,Specialty Chemicals,Micro,103.0,42.8,14.3,0.99,49.17,34.2,13.0,0.0,,,28.6,34915.0,
NSE:SAMBHAAV,Sambhaav Media Limited,INE699B01027,EQ,Media Entertainment & Telecom,Publishing,Micro,103.0,5.4,,1.24,11.53,5.07,53.2,0.0,,,5.9,36599.0,
NSE:THACKER,Thacker & Company Limited,INE077P01034,EQ,Financial Services,Asset Management,Micro,103.0,945.0,5.4,0.59,1107.0,900.1,14.6,0.0,,,0.0,36.0,
NSE:SMLT,Sarthak Metals Limited,INE017W01010,EQ,Capital Goods,Metal Fabrication,Micro,102.0,74.18,20.8,0.81,121.0,56.61,38.7,0.5,0.74,4.0,4.2,8230.0,
NSE:GROBTEA,The Grob Tea Company Limited,INE646C01018,EQ,Fast Moving Consumer Goods,Farm Products,Micro,102.0,878.0,13.3,1.1,1225.0,805.0,28.3,2.0,0.23,,57.0,235.0,
NSE:SOMICONVEY,Somi Conveyor Beltings Limited,INE323J01019,EQ,Capital Goods,Specialty Industrial Machinery,Micro,102.0,84.25,22.4,1.22,169.4,80.16,50.3,0.0,,,16.6,33853.0,
NSE:LOVABLE,Lovable Lingerie Limited,INE597L01014,EQ,Consumer Discretionary,Apparel Manufacturing,Micro,102.0,68.98,12.9,0.56,101.95,55.0,32.3,0.0,,,1.5,14469.0,
NSE:JHS,JHS Svendgaard Laboratories Limited,INE544H01014,EQ,Fast Moving Consumer Goods,Household & Personal Products,Micro,102.0,11.65,,0.58,13.9,6.26,16.2,0.0,,,8.5,239390.0,
NSE:USK,Udayshivakumar Infra Limited,INE0N0Y01013,EQ,Capital Goods,Engineering & Construction,Micro,101.0,18.3,8.6,0.59,31.3,17.77,41.5,0.0,,,45.0,19970.0,
NSE:SIL,Standard Industries Limited,INE173A01025,EQ,Consumer Discretionary,Textile Manufacturing,Micro,101.0,15.74,1.6,0.88,22.3,11.7,29.4,0.5,3.16,,3.1,100703.0,
NSE:AMARJOTHI,Amarjothi Spinning Mills Limited,INE484D01012,EQ,Consumer Discretionary,Textile Manufacturing,Micro,101.0,150.0,10.0,0.51,166.0,88.4,9.6,2.2,1.47,,28.0,1589.0,
NSE:FELDVR,Future Enterprises Limited,IN9623B01058,BZ,Consumer Discretionary,Department Stores,Micro,101.0,2.05,,0.04,3.74,1.9,45.2,0.0,,-238.3,,3957.0,
NSE:SHRIKRISH,Shri Krishna Devcon Limited,INE997I01012,EQ,Realty,Real Estate - Development,Micro,101.0,36.0,24.8,1.09,42.87,33.17,16.0,0.0,,,50.2,834.0,
NSE:LOYALTEX,Loyal Textile Mills Limited,INE970D01010,EQ,Consumer Discretionary,Textile Manufacturing,Micro,100.0,207.0,,0.49,333.99,170.04,38.0,0.0,,,105.7,1709.0,
NSE:ARTNIRMAN,Art Nirman Limited,INE738V01013,EQ,Realty,Real Estate - Development,Micro,100.0,40.0,78.4,2.4,66.97,29.39,40.3,0.0,,,195.9,1406.0,
NSE:JETFREIGHT,Jet Freight Logistics Limited,INE982V01025,EQ,Capital Goods,Integrated Freight & Logistics,Micro,99.0,19.4,11.9,1.27,25.95,12.0,25.2,0.0,,,104.6,263247.0,
NSE:AMDIND,AMD Industries Limited,INE005I01014,BE,Consumer Discretionary,Packaging & Containers,Micro,99.0,51.9,30.4,0.65,74.39,33.77,30.2,0.0,,,51.2,73879.0,
NSE:NAVKARURB,Navkar Urbanstructure Limited,INE268H01044,EQ,Materials,Building Materials,Micro,96.0,0.86,28.7,1.4,2.58,0.7,66.7,0.01,0.59,,3.6,826332.0,
NSE:DIGJAMLMTD,Digjam Limited,INE731U01028,BE,Consumer Discretionary,Textile Manufacturing,Micro,96.0,47.95,24.8,21.95,73.19,36.03,34.5,0.0,,,1361.4,51859.0,
NSE:MOTOGENFIN,The Motor & General Finance Limited,INE861B01023,EQ,Realty,Real Estate Services,Micro,95.0,24.26,0.6,0.42,34.4,17.5,29.5,0.0,,,,29900.0,
NSE:GLOBE,GLOBE ENTERPRISES (INDIA) LIMITED,INE581X01021,EQ,Consumer Discretionary,Textile Manufacturing,Micro,95.0,2.1,9.1,0.63,3.29,1.75,36.2,0.0,,,114.2,590265.0,
NSE:BHANDARI,Bhandari Hosiery Exports Limited,INE474E01029,EQ,Consumer Discretionary,Apparel Manufacturing,Micro,95.0,2.86,9.9,0.49,5.13,2.0,44.2,0.01,0.35,,57.8,115463.0,
NSE:NARMADA,Narmada Agrobase Limited,INE117Z01029,EQ,Materials,Agricultural Inputs,Micro,94.0,12.33,26.2,1.58,22.58,9.95,45.4,0.0,,,17.0,1755183.0,
NSE:PACIFICI,Pacific Industries Limited,INE883C01025,EQ,Materials,Building Materials,Micro,94.0,135.99,34.0,0.21,160.0,129.0,15.0,0.0,,,13.4,1025.0,
NSE:CRSL,Cressanda Railway Solutions Limited,INE716D01033,BE,Information Technology,Information Technology Services,Micro,93.0,2.19,,0.64,3.56,2.11,38.5,0.0,,,,910104.0,
NSE:PARSVNATH,Parsvnath Developers Limited,INE561H01026,BE,Realty,Real Estate - Development,Micro,93.0,2.13,,-0.04,18.75,1.35,88.6,0.0,,,,747453.0,
NSE:RAJSREESUG,Rajshree Sugars & Chemicals Limited,INE562B01019,EQ,Fast Moving Consumer Goods,Confectioners,Micro,93.0,28.12,,0.35,42.48,24.65,33.8,0.0,,,126.2,85029.0,
NSE:SADBHIN,Sadbhav Infrastructure Project Limited,INE764L01010,EQ,Capital Goods,Engineering & Construction,Micro,93.0,2.65,53.0,-0.16,4.79,2.06,44.7,0.0,,,,146683.0,
NSE:BVCL,Barak Valley Cements Limited,INE139I01011,EQ,Materials,Building Materials,Micro,92.0,41.7,45.8,0.73,54.9,31.2,24.0,0.0,,,23.4,45158.0,
NSE:PIONRINV,Pioneer Investcorp Limited,INE746D01014,BE,Financial Services,Capital Markets,Micro,90.0,73.0,6.3,0.52,88.99,72.5,18.0,0.0,,,61.4,1334.0,
NSE:MUKESHB,Mukesh Babu Financial Services Limited,INE596B01017,EQ,Financial Services,Capital Markets,Micro,90.0,128.8,36.9,0.26,147.0,125.0,12.4,0.0,,,13.5,13990.0,
NSE:INVENTURE,Inventure Growth & Securities Limited,INE878H01024,EQ,Financial Services,Capital Markets,Micro,90.0,0.86,28.7,0.33,1.53,0.72,43.8,0.0,,,13.3,1014324.0,
NSE:ABAN,Aban Offshore Limited,INE421A01028,BE,Oil Gas & Consumable Fuels,Oil & Gas Drilling,Micro,90.0,15.36,,-0.0,42.77,12.89,64.1,0.0,,,,43353.0,
NSE:BAGFILMS,B.A.G Films and Media Limited,INE116D01028,EQ,Media Entertainment & Telecom,Broadcasting,Micro,90.0,4.14,23.0,0.5,8.0,3.61,48.3,0.0,,,50.3,91082.0,
NSE:ALKALI,Alkali Metals Limited,INE773I01017,BE,Materials,Specialty Chemicals,Micro,89.0,87.1,83.0,1.99,107.38,46.8,18.9,1.0,1.15,,40.8,35799.0,
NSE:BLBLIMITED,BLB Limited,INE791A01024,EQ,Financial Services,Capital Markets,Micro,89.0,16.76,3.2,0.68,22.47,12.0,25.4,0.0,,,1.7,122151.0,
NSE:SUPTANERY,Super Tannery Limited,INE460D01038,BE,Consumer Discretionary,Footwear & Accessories,Micro,87.0,8.06,12.6,0.8,16.21,7.15,50.3,0.05,0.62,,83.2,315294.0,
NSE:HILTON,Hilton Metal Forging Limited,INE788H01017,EQ,Capital Goods,Metal Fabrication,Micro,87.0,16.88,10.4,0.39,50.16,13.43,66.3,0.0,,,37.0,108283.0,
NSE:BEARDSELL,Beardsell Limited,INE520H01022,EQ,Capital Goods,Building Products & Equipment,Micro,87.0,22.12,8.0,0.95,37.37,20.02,40.8,0.1,0.45,,24.2,20723.0,
NSE:SHERVANI,Shervani Industrial Syndicate Limited,INE011D01013,EQ,Realty,Real Estate - Development,Micro,86.0,335.0,331.7,0.65,374.0,303.35,10.4,2.5,0.75,,54.3,400.0,
NSE:RAJMET,Rajnandini Metal Limited,INE00KV01022,EQ,Materials,Copper,Micro,86.0,3.11,,1.56,5.28,2.72,41.1,0.0,,,23.7,361726.0,
NSE:PATINTLOG,Patel Integrated Logistics Limited,INE529D01014,EQ,Capital Goods,Integrated Freight & Logistics,Micro,85.0,13.21,8.8,0.74,16.25,8.01,18.7,0.2,1.51,,5.1,80510.0,
NSE:ADDIND,Addi Industries Limited,INE757C01021,EQ,Consumer Discretionary,Textile Manufacturing,Micro,85.0,78.5,35.0,1.02,94.6,71.05,17.0,0.0,,,,908.0,
NSE:TFL,Transwarranty Finance Limited,INE804H01012,EQ,Financial Services,Mortgage Finance,Micro,85.0,11.9,,2.32,18.5,10.21,35.7,0.0,,,107.0,9477.0,
NSE:AAKASH,Aakash Exploration Services Limited,INE087Z01024,EQ,Oil Gas & Consumable Fuels,Oil & Gas Equipment & Services,Micro,85.0,8.39,,1.3,13.4,7.21,37.4,0.0,,,41.9,131598.0,
NSE:RELCHEMQ,Reliance Chemotex Industries Limited,INE750D01016,EQ,Consumer Discretionary,Textile Manufacturing,Micro,85.0,113.04,15.4,0.6,163.0,105.01,30.7,0.5,0.44,,187.5,6294.0,
NSE:REGENCERAM,Regency Ceramics Limited,INE277C01012,EQ,Capital Goods,Building Products & Equipment,Micro,85.0,31.99,,-1.01,54.99,30.0,41.8,0.0,,,,16751.0,
NSE:PALASHSECU,Palash Securities Limited,INE471W01019,EQ,Fast Moving Consumer Goods,Packaged Foods,Micro,85.0,84.5,5.2,0.17,131.84,79.01,35.9,0.0,,,0.0,1924.0,
NSE:GOYALALUM,Goyal Aluminiums Limited,INE705X01026,EQ,Materials,Aluminum,Micro,85.0,5.93,24.7,3.37,11.37,5.3,47.8,0.0,,,42.4,66329.0,
NSE:SHILGRAVQ,Shilp Gravures Limited,INE960A01017,EQ,Capital Goods,Specialty Industrial Machinery,Micro,85.0,138.6,12.8,0.82,179.7,137.0,22.9,2.1,1.51,,0.3,8836.0,
NSE:LPDC,Landmark Property Development Company Limited,INE197J01017,EQ,Realty,Real Estate Services,Micro,84.0,6.28,10.0,1.94,9.46,5.23,33.6,0.0,,,,87664.0,
NSE:MINALIND,Minal Industries Limited,INE097E01028,BE,Consumer Discretionary,Luxury Goods,Micro,83.0,4.33,61.9,1.56,5.89,1.71,26.5,0.0,,,9.8,92374.0,
NSE:SPLIL,SPL Industries Limited,INE978G01016,EQ,Consumer Discretionary,Apparel Manufacturing,Micro,83.0,28.42,10.0,0.38,45.2,20.2,37.1,0.0,,,0.0,9828.0,
NSE:PRAXIS,Praxis Home Retail Limited,INE546Y01022,EQ,Consumer Discretionary,Specialty Retail,Micro,81.0,4.37,,-1.05,14.44,3.91,69.7,0.0,,,,136685.0,
NSE:TERAI,Terai Tea Company Limited,INE390D01011,EQ,Fast Moving Consumer Goods,Farm Products,Micro,80.0,116.75,7.1,0.49,140.0,103.0,16.6,0.0,,,23.2,332.0,
NSE:KAKATCEM,Kakatiya Cement Sugar & Industries Limited,INE437B01014,EQ,Materials,Building Materials,Micro,80.0,103.0,,0.44,165.55,85.0,37.8,3.0,2.91,,10.7,2427.0,
NSE:CINEVISTA,Cinevista Limited,INE039B01026,EQ,Media Entertainment & Telecom,Entertainment,Micro,79.0,13.7,12.9,1.39,20.9,12.16,34.4,0.0,,,27.1,14442.0,
NSE:MOKSH,Moksh Ornaments Limited,INE514Y01020,EQ,Consumer Discretionary,Luxury Goods,Micro,79.0,9.4,7.5,0.61,16.65,8.11,43.5,0.0,,,19.1,121836.0,
NSE:ORIENTLTD,Orient Press Limited,INE609C01024,BE,Consumer Discretionary,Packaging & Containers,Micro,78.0,78.26,,1.21,102.3,53.72,23.5,0.0,,,90.4,16972.0,
NSE:RHFL,Reliance Home Finance Limited,INE217K01011,BZ,Financial Services,Mortgage Finance,Micro,78.0,1.6,,-2.08,4.25,1.53,62.4,0.0,,,,593456.0,
NSE:HISARMETAL,Hisar Metal Industries Limited,INE598C01011,EQ,Materials,Steel,Micro,78.0,144.1,16.3,1.18,192.4,124.99,25.1,1.0,0.68,,131.7,1898.0,
NSE:GRADIENTE,Gradiente Infotainment Limited,INE361K01017,BE,Media Entertainment & Telecom,Entertainment,Micro,78.0,2.36,,0.21,9.4,1.95,74.9,0.0,,1.0,3.3,1136889.0,
NSE:BANARBEADS,Banaras Beads Limited,INE655B01011,EQ,Consumer Discretionary,Footwear & Accessories,Micro,77.0,116.0,40.7,1.33,164.7,96.05,29.6,0.0,,,35.6,8698.0,
NSE:RSSOFTWARE,R. S. Software (India) Limited,INE165B01029,EQ,Information Technology,Information Technology Services,Micro,77.0,30.0,,3.57,75.25,21.93,60.1,0.0,,-82.7,62.4,25262.0,
NSE:ANMOL,Anmol India Limited,INE02AR01019,BE,Oil Gas & Consumable Fuels,Thermal Coal,Micro,77.0,13.5,6.7,0.65,18.55,8.4,27.2,0.0,,,165.9,145812.0,
NSE:CGVAK,CG Vak Software & Exports Limited,INE084D01010,EQ,Information Technology,Software - Application,Micro,76.0,149.6,8.8,0.81,163.7,136.62,8.6,1.0,0.68,,3.0,2660.0,
NSE:NIBL,NRB Industrial Bearings Limited,INE047O01014,EQ,Capital Goods,Tools & Accessories,Micro,76.0,31.3,,-0.64,40.8,25.3,23.3,0.0,,,,40056.0,
NSE:DUCON,Ducon Infratechnologies Limited,INE741L01018,EQ,Capital Goods,Specialty Industrial Machinery,Micro,76.0,1.32,6.0,0.24,5.77,1.15,77.1,0.0,,,63.0,1887073.0,
NSE:FIBERWEB,Fiberweb (India) Limited,INE296C01020,EQ,Consumer Discretionary,Textile Manufacturing,Micro,76.0,26.55,14.7,0.41,46.5,25.07,42.9,0.0,,,6.4,24022.0,
NSE:ADROITINFO,Adroit Infotech Limited,INE737B01033,BE,Information Technology,Information Technology Services,Micro,76.0,13.94,17.6,0.97,15.84,7.55,12.0,0.0,,,34.1,87225.0,
NSE:CTE,Cambridge Technology Enterprises Limited,INE627H01017,BE,Information Technology,Information Technology Services,Micro,75.0,38.9,11.0,0.95,59.93,20.51,35.1,0.0,,,100.6,20165.0,
NSE:UMAEXPORTS,Uma Exports Limited,INE0GIU01018,BE,Fast Moving Consumer Goods,Farm Products,Micro,75.0,22.05,1102.5,0.38,55.9,18.12,60.6,0.0,,,72.2,29749.0,
NSE:SEMAC,Semac Construction Limited,INE617A01013,EQ,Capital Goods,Engineering & Construction,Micro,75.0,242.0,11.2,0.96,519.25,205.0,53.4,0.0,,,32.3,722.0,
NSE:CURAA,Cura Technologies Limited,INE117B01020,BE,Information Technology,Software - Application,Micro,74.0,74.8,,11.6,204.32,60.0,63.4,0.0,,,95.1,602.0,
NSE:BANKA,Banka BioLoo Limited,INE862Y01015,EQ,Capital Goods,Pollution & Treatment Controls,Micro,74.0,67.91,219.1,1.9,96.58,41.0,29.7,0.0,,,95.8,3789.0,
NSE:KHAITANLTD,Khaitan (India) Limited,INE731C01018,EQ,Capital Goods,Industrial Distribution,Micro,74.0,147.99,10.1,2.1,178.0,85.0,16.9,0.0,,,16.2,6196.0,
NSE:ZENITHSTL,Zenith Steel Pipes & Industries Limited,INE318D01020,EQ,Materials,Steel,Micro,72.0,5.08,18.8,-0.28,10.33,4.41,50.8,0.0,,,,98408.0,
NSE:VINEETLAB,Vineet Laboratories Limited,INE505Y01010,EQ,Materials,Chemicals,Micro,70.0,36.2,36.2,2.37,49.99,27.96,27.6,0.0,,3.7,99.4,89770.0,
NSE:NGIL,Nakoda Group of Industries Limited,INE236Y01012,EQ,Fast Moving Consumer Goods,Packaged Foods,Micro,70.0,40.0,41.7,2.39,43.89,22.01,8.9,0.0,,,44.6,34743.0,
NSE:HDIL,Housing Development and Infrastructure Limited,INE191I01012,BZ,Realty,Real Estate - Diversified,Micro,69.0,1.45,,-0.02,3.05,1.4,52.5,0.0,,,,144326.0,
NSE:ENERGYDEV,Energy Development Company Limited,INE306C01019,EQ,Power,Utilities - Regulated Electric,Micro,69.0,14.5,,17.6,29.69,13.15,51.2,0.0,,,,26991.0,
NSE:KSR,KSR Footwear Limited,INE1SPP01016,BE,Consumer Discretionary,Footwear & Accessories,Micro,69.0,37.5,,0.91,48.84,14.04,23.2,0.0,,,45.4,54541.0,
NSE:DIGIDRIVE,Digidrive Distributors Limited,INE0PSC01024,EQ,Consumer Discretionary,Internet Retail,Micro,69.0,17.98,12.0,0.26,31.5,16.1,42.9,0.0,,,0.3,18737.0,
NSE:DHARAN,DHARAN INFRA-EPC LIMITED,INE278R01034,BZ,Realty,Real Estate - Development,Micro,68.0,0.13,13.0,0.07,0.59,0.11,78.0,0.0,,-3.8,7.2,12505420.0,
NSE:PARASPETRO,Paras Petrofils Limited,INE162C01024,EQ,Consumer Discretionary,Textile Manufacturing,Micro,68.0,2.03,,3.93,3.23,1.53,37.2,0.0,,,,229628.0,
NSE:TOKYOPLAST,Tokyo Plast International Limited,INE932C01012,EQ,Consumer Discretionary,Packaging & Containers,Micro,67.0,71.01,197.2,0.99,135.0,53.86,47.4,0.0,,,77.2,1380.0,
NSE:APOORVA,Apoorva Leasing Finance and Investment Company Limited,INE217S01014,BE,Financial Services,Capital Markets,Micro,66.0,33.0,220.0,0.47,35.58,24.04,7.3,0.0,,,0.0,503.0,
NSE:NOIDATOLL,Noida Toll Bridge Company Limited,INE781B01015,EQ,Capital Goods,Infrastructure Operations,Micro,66.0,3.56,2.3,-5.21,7.43,2.87,52.1,0.0,,,,101436.0,
NSE:LCCINFOTEC,LCC Infotech Limited,INE938A01021,BE,Fast Moving Consumer Goods,Education & Training Services,Micro,66.0,3.9,,1.54,5.89,2.88,33.8,0.0,,,5.6,97412.0,
NSE:ODIGMA,Odigma Consultancy Solutions Limited,INE054301028,EQ,Media Entertainment & Telecom,Advertising Agencies,Micro,66.0,21.1,,1.28,43.93,20.0,52.0,0.0,,,,14920.0,
NSE:BONLON,Bonlon Industries Limited,INE0B9A01018,EQ,Materials,Other Industrial Metals & Mining,Micro,66.0,39.99,111.1,0.66,57.0,34.51,29.8,0.0,,2.9,38.2,11167.0,
NSE:HBPOR,HB Portfolio Limited,INE638B01025,EQ,Financial Services,Capital Markets,Micro,65.0,60.29,17.4,0.25,65.0,48.6,7.2,1.25,2.09,,0.8,877.0,
NSE:ROML,Raj Oil Mills Limited,INE294G01026,EQ,Fast Moving Consumer Goods,Packaged Foods,Micro,65.0,43.39,14.9,30.22,62.0,35.11,30.0,0.0,,,1222.8,2823.0,
NSE:NAGREEKEXP,Nagreeka Exports Limited,INE123B01028,EQ,Consumer Discretionary,Textile Manufacturing,Micro,65.0,20.86,20.5,0.4,35.9,17.5,41.9,0.0,,,108.5,65558.0,
NSE:ATAM,Atam Valves Limited,INE09KD01013,EQ,Capital Goods,Specialty Industrial Machinery,Micro,65.0,56.9,36.0,1.71,111.0,48.5,48.7,0.35,0.63,,39.3,16278.0,
NSE:ANSALAPI,Ansal Properties & Infrastructure Limited,INE436A01026,BZ,Realty,Real Estate - Development,Micro,64.0,4.08,,-0.04,4.64,2.51,12.1,0.0,,,,26429.0,
NSE:TOUCHWOOD,Touchwood Entertainment Limited,INE486Y01013,EQ,Media Entertainment & Telecom,Advertising Agencies,Micro,64.0,57.4,15.7,1.4,113.0,57.0,49.2,0.0,,,7.9,1527.0,
NSE:ACCURACY,Accuracy Shipping Limited,INE648Z01023,BE,Capital Goods,Integrated Freight & Logistics,Micro,63.0,4.19,16.1,0.49,7.1,3.4,41.0,0.0,,,124.6,54386.0,
NSE:AKI,AKI India Limited,INE642Z01026,BE,Consumer Discretionary,Footwear & Accessories,Micro,63.0,6.1,23.5,0.79,9.49,3.8,35.7,0.0,,,21.4,298525.0,
NSE:ANSALBU,Ansal Buildwell Limited,INE030C01015,EQ,Realty,Real Estate - Development,Micro,63.0,85.13,8.9,0.48,107.5,70.64,20.8,0.0,,,37.9,10485.0,
NSE:CAPTRUST,Capital Trust Limited,INE707C01018,BE,Financial Services,Credit Services,Micro,63.0,18.5,,1.02,34.07,10.98,45.7,0.0,,,65.2,52797.0,
NSE:IL&FSTRANS,IL&FS Transportation Networks Limited,INE975G01012,BZ,Capital Goods,Infrastructure Operations,Micro,62.0,1.87,,-0.0,3.25,1.75,42.5,0.0,,,385.7,47466.0,
NSE:PRAKASHSTL,Prakash Steelage Limited,INE696K01024,EQ,Materials,Steel,Micro,62.0,3.57,89.2,6.96,6.57,3.46,45.7,0.0,,,4.7,106865.0,
NSE:ODYCORP,Odyssey Corporation Limited,INE839E01023,EQ,Financial Services,Capital Markets,Micro,62.0,6.92,4.1,,8.48,6.11,18.4,0.05,0.72,,3.9,61447.0,
NSE:PIONEEREMB,Pioneer Embroideries Limited,INE156C01018,EQ,Consumer Discretionary,Textile Manufacturing,Micro,62.0,20.15,,0.4,38.5,19.61,47.7,0.0,,,58.4,14602.0,
NSE:ICDSLTD,ICDS Limited,INE613B01010,BE,Realty,Real Estate Services,Micro,61.0,46.5,93.0,,77.69,36.4,40.1,0.0,,,,8802.0,
NSE:GATECHDVR,GACM Technologies Limited,INE224E01036,BE,Financial Services,Asset Management,Micro,61.0,0.47,9.4,0.52,0.67,0.36,29.9,0.0,,,,690311.0,
NSE:KSHITIJPOL,Kshitij Polyline Limited,INE013801027,BE,Capital Goods,Business Equipment & Supplies,Micro,61.0,3.94,17.1,1.31,7.2,1.88,45.3,0.0,,,29.8,2253898.0,
NSE:HRYNSHP,Hariyana Ship Breakers Limited,INE400G01011,EQ,Capital Goods,Waste Management,Micro,60.0,98.0,14.7,0.41,104.05,91.0,5.8,0.0,,,3.0,1034.0,
NSE:ATLASCYCLE,Atlas Cycles (Haryana) Limited,INE446A01025,EQ,Consumer Discretionary,Leisure,Micro,60.0,92.0,,0.16,123.67,76.15,25.6,0.0,,,2.4,32934.0,
NSE:DELTAMAGNT,Delta Manufacturing Limited,INE393A01011,EQ,Consumer Discretionary,Textile Manufacturing,Micro,60.0,55.25,87.7,25.94,86.0,45.51,35.8,0.0,,,1732.8,9054.0,
NSE:SECURKLOUD,SECUREKLOUD TECHNOLOGIES LIMITED,INE650K01021,EQ,Information Technology,Software - Application,Micro,57.0,16.95,12.2,-1.1,34.18,15.6,50.4,0.0,,,,17847.0,
NSE:SGLRES,SGL Resources Limited,INE967B01028,EQ,Information Technology,Software - Application,Micro,57.0,2.27,,,2.65,2.22,14.3,0.0,,,43.5,54898.0,
NSE:RAJTV,Raj Television Network Limited,INE952H01027,BE,Media Entertainment & Telecom,Broadcasting,Micro,56.0,10.84,,0.48,46.9,7.7,76.9,0.0,,,16.6,63105.0,
NSE:3PLAND,3P Land Holdings Limited,INE105C01023,EQ,Realty,Real Estate Services,Micro,56.0,31.1,24.7,,45.01,28.51,30.9,0.0,,,,5460.0,
NSE:TPHQ,Teamo Productions HQ Limited,INE065J01024,BE,Capital Goods,Engineering & Construction,Micro,55.0,0.5,10.0,0.38,0.86,0.4,41.9,0.0,,,1.0,2696707.0,
NSE:MALUPAPER,Malu Paper Mills Limited,INE383H01017,EQ,Materials,Paper & Paper Products,Micro,55.0,31.5,,-2.13,44.11,27.0,28.6,0.0,,,,39119.0,
NSE:FMNL,Future Market Networks Limited,INE360L01017,EQ,Realty,Real Estate Services,Micro,55.0,8.18,6.8,0.44,13.29,6.74,38.4,0.0,,,130.2,44153.0,
NSE:GENSOL,Gensol Engineering Limited,INE06H201014,BZ,Information Technology,Solar,Micro,53.0,13.68,0.6,0.09,39.44,13.68,65.3,0.0,,,228.1,62762.0,
NSE:AGRITECH,Agri-Tech (India) Limited,INE449G01018,EQ,Fast Moving Consumer Goods,Farm Products,Micro,53.0,89.0,,,187.19,89.0,52.5,0.0,,,,2624.0,
NSE:LADDERUP,Ladderup Finance Limited,INE519D01015,BE,Financial Services,Capital Markets,Micro,53.0,50.0,9.3,,80.98,42.7,38.3,0.0,,,31.1,5680.0,
NSE:TNTELE,Tamilnadu Telecommunication Limited,INE141D01018,EQ,Information Technology,Communication Equipment,Micro,53.0,11.56,,-0.27,15.74,7.81,26.6,0.0,,,,38984.0,
NSE:BALKRISHNA,Balkrishna Paper Mills Limited,INE875R01011,EQ,Consumer Discretionary,Packaging & Containers,Micro,53.0,16.4,,-0.3,25.33,12.0,35.3,0.0,,,,11868.0,
NSE:RKEC,RKEC Projects Limited,INE786W01010,BE,Capital Goods,Engineering & Construction,Micro,53.0,21.94,2.6,0.27,71.95,17.4,69.5,0.0,,-32.3,171.9,57020.0,
NSE:AJOONI,Ajooni Biotech Limited,INE820Y01021,EQ,Fast Moving Consumer Goods,Packaged Foods,Micro,53.0,3.1,12.4,0.64,5.5,3.02,43.6,0.0,,4.4,29.4,358175.0,
NSE:WEWIN,WE WIN LIMITED,INE082W01014,EQ,Information Technology,Information Technology Services,Micro,52.0,50.75,11.0,4.82,78.0,35.38,34.9,0.0,,,10.8,2739.0,
NSE:MANUGRAPH,Manugraph India Limited,INE867A01022,BE,Capital Goods,Specialty Industrial Machinery,Micro,52.0,16.46,9.0,0.86,24.26,9.65,32.2,0.0,,,5.2,73091.0,
NSE:VEDAVAAG,VEDAVAAG Systems Limited,INE359B01010,EQ,Information Technology,Information Technology Services,Micro,52.0,22.25,12.6,,25.69,16.98,13.4,0.0,,,0.9,95526.0,
NSE:HGM,HandsOn Global Management (HGM) Limited,INE596H01014,EQ,Information Technology,Information Technology Services,Micro,51.0,40.1,,2.48,81.0,39.8,50.5,0.0,,,115.3,7688.0,
NSE:MOHITE,Mohite Industries Limited,INE154B01023,EQ,Consumer Discretionary,Textile Manufacturing,Micro,51.0,2.53,23.0,0.39,3.3,2.21,23.3,0.0,,,84.0,98304.0,
NSE:SHIVAMILLS,Shiva Mills Limited,INE644Y01017,EQ,Consumer Discretionary,Textile Manufacturing,Micro,51.0,58.56,15.1,0.55,74.0,43.01,20.9,0.0,,,,1616.0,
NSE:SUNDARAM,Sundaram Multi Pap Limited,INE108E01023,EQ,Materials,Paper & Paper Products,Micro,51.0,1.07,11.9,0.69,2.2,1.02,51.4,0.0,,,23.3,592821.0,
NSE:PALREDTEC,Palred Technologies Limited,INE218G01033,EQ,Information Technology,Consumer Electronics,Micro,51.0,41.67,,1.19,73.6,27.45,43.4,0.0,,,161.3,3931.0,
NSE:JAIPURKURT,Nandani Creation Limited,INE696V01013,EQ,Consumer Discretionary,Apparel Manufacturing,Micro,51.0,26.57,25.5,0.77,42.74,23.91,37.8,0.0,,,57.6,21864.0,
NSE:HYBRIDFIN,Hybrid Financial Services Limited,INE965B01022,EQ,Financial Services,Capital Markets,Micro,51.0,17.3,19.9,1.15,33.62,14.5,48.5,0.0,,,1.6,9517.0,
NSE:TRU,TruCap Finance Limited,INE615R01029,EQ,Financial Services,Credit Services,Micro,51.0,4.25,,0.68,10.99,3.9,61.3,0.0,,,649.5,126327.0,
NSE:COUNCODOS,Country Condo's Limited,INE695B01025,BE,Realty,Real Estate - Development,Micro,50.0,6.44,80.5,2.25,7.85,3.71,18.0,0.0,,,,158599.0,
NSE:GANGAFORGE,Ganga Forging Limited,INE691Z01023,EQ,Capital Goods,Metal Fabrication,Micro,50.0,1.48,,0.8,4.15,1.35,64.3,0.0,,,70.6,5199732.0,
NSE:AHLADA,Ahlada Engineers Limited,INE00PV01013,EQ,Capital Goods,Building Products & Equipment,Micro,48.0,37.49,267.8,0.35,66.44,31.22,43.6,1.6,4.33,,27.9,15510.0,
NSE:PHOENXINTL,Phoenix International Limited,INE245B01011,EQ,Consumer Discretionary,Footwear & Accessories,Micro,47.0,28.15,17.1,0.11,35.64,27.5,21.0,0.0,,,14.5,3549.0,
NSE:VIVIMEDLAB,Vivimed Labs Limited,INE526G01021,BE,Healthcare,Drug Manufacturers - Specialty & Generic,Micro,47.0,5.71,,-0.99,29.4,4.75,80.6,0.0,,,,69423.0,
NSE:BIOFILCHEM,Biofil Chemicals & Pharmaceuticals Limited,INE829A01014,EQ,Healthcare,Drug Manufacturers - Specialty & Generic,Micro,47.0,29.16,97.2,2.21,46.34,25.6,37.1,0.0,,,14.0,42049.0,
NSE:MANGALAM,Mangalam Drugs And Organics Limited,INE584F01014,EQ,Healthcare,Drug Manufacturers - Specialty & Generic,Micro,47.0,29.47,,0.45,73.5,22.8,59.9,0.0,,,109.4,50093.0,
NSE:AGROPHOS,Agro Phos India Limited,INE740V01019,EQ,Materials,Agricultural Inputs,Micro,47.0,23.0,5.7,0.67,45.89,21.0,49.9,1.0,4.17,10.4,42.4,21150.0,
NSE:SUVIDHAA,Suvidhaa Infoserve Limited,INE018401013,EQ,Information Technology,Information Technology Services,Micro,45.0,2.11,,1.1,4.25,1.77,50.4,0.0,,-30.3,4.6,150726.0,
NSE:ORCHASP,Orchasp Limited,INE215B01022,EQ,Information Technology,Software - Application,Micro,45.0,1.29,64.5,0.39,4.16,1.22,69.0,0.0,,,6.0,360600.0,
NSE:DANGEE,Dangee Dums Limited,INE688Y01022,EQ,Consumer Discretionary,Restaurants,Micro,45.0,2.93,,3.08,5.08,2.53,42.3,0.0,,,157.7,194474.0,
NSE:PRUDMOULI,Prudential Sugar Corporation Limited,INE024D01016,EQ,Fast Moving Consumer Goods,Confectioners,Micro,44.0,13.7,7.2,,29.25,11.26,53.2,0.0,,,,12145.0,
NSE:MASKINVEST,Mask Investments Limited,INE885F01015,EQ,Financial Services,Capital Markets,Micro,44.0,143.41,551.6,0.73,246.09,114.94,41.7,0.0,,,1.2,202.0,
NSE:DHATRE,Dhatre Udyog Limited,INE715T01031,EQ,Materials,Steel,Micro,44.0,4.03,,0.67,5.17,3.8,22.1,0.0,,,,47247.0,
NSE:PRITI,Priti International Limited,INE974Z01015,EQ,Consumer Discretionary,"Furnishings, Fixtures & Appliances",Micro,44.0,32.9,0.0,0.61,85.0,30.5,61.3,0.0,,,,6557.0,
NSE:BLUECOAST,Blue Coast Hotels Limited,INE472B01011,EQ,Consumer Discretionary,Lodging,Micro,43.0,22.0,,-1.4,63.0,18.57,65.1,0.0,,,,1994.0,
NSE:ABMINTLLTD,ABM International Limited,INE251C01025,BE,Materials,Specialty Chemicals,Micro,43.0,45.2,,3.49,72.8,34.0,37.9,0.0,,,72.8,2694.0,
NSE:BANG,Bang Overseas Limited,INE863I01016,EQ,Consumer Discretionary,Apparel Manufacturing,Micro,43.0,31.69,9.3,0.46,62.07,25.84,48.9,0.0,,,44.2,72059.0,
NSE:AKASH,Akash Infra-Projects Limited,INE737W01013,EQ,Capital Goods,Engineering & Construction,Micro,42.0,25.0,64.1,0.5,34.74,22.8,28.0,0.0,,,108.2,6419.0,
NSE:SIEL,Superior Industrial Enterprises Limited,INE843L01012,EQ,Consumer Discretionary,Packaging & Containers,Micro,42.0,30.46,34.6,0.6,44.54,28.1,31.6,0.0,,,18.0,2081.0,
NSE:VINNY,Vinny Overseas Limited,INE01KI01027,EQ,Consumer Discretionary,Textile Manufacturing,Micro,42.0,0.91,45.5,0.46,1.53,0.88,40.5,0.0,,,19.7,307328.0,
NSE:SUPERSPIN,Super Spinning Mills Limited,INE662A01027,BE,Consumer Discretionary,Textile Manufacturing,Micro,42.0,7.5,68.2,0.7,9.98,3.79,24.8,0.0,,,30.7,25971.0,
NSE:LEENEE,Lee & Nee Softwares Exports Limited,INE791B01014,BE,Information Technology,Information Technology Services,Micro,42.0,7.59,94.9,0.57,11.48,6.81,33.9,0.0,,,0.2,34390.0,
NSE:GOLDENTOBC,Golden Tobacco Limited,INE973A01010,BZ,Fast Moving Consumer Goods,Tobacco,Micro,42.0,23.7,14.0,-0.2,36.3,20.34,34.7,0.0,,,,2058.0,
NSE:ARCHIES,Archies Limited,INE731A01020,EQ,Consumer Discretionary,Specialty Retail,Micro,42.0,12.4,,0.34,21.5,10.86,42.3,0.0,,,34.6,17683.0,
NSE:HBSL,HB Stockholdings Limited,INE550B01022,EQ,Financial Services,Capital Markets,Micro,41.0,57.43,,0.52,108.8,42.63,47.2,1.0,2.02,,14.1,3535.0,
NSE:HAVISHA,Sri Havisha Hospitality and Infrastructure Limited,INE293B01029,EQ,Consumer Discretionary,Lodging,Micro,41.0,1.35,,1.75,2.42,1.03,44.2,0.0,,,237.2,70759.0,
NSE:AMBICAAGAR,Ambica Agarbathies & Aroma industries Limited,INE792B01012,EQ,Fast Moving Consumer Goods,Household & Personal Products,Micro,41.0,23.9,12.0,0.55,29.68,20.0,19.5,0.0,,,85.0,20128.0,
NSE:KARMAENG,Karma Energy Limited,INE725L01011,EQ,Power,Utilities - Renewable,Micro,41.0,35.65,46.9,1.01,66.25,34.38,46.2,0.0,,,3.7,8414.0,
NSE:RKDL,Ravi Kumar Distilleries Limited,INE722J01012,EQ,Fast Moving Consumer Goods,Beverages - Wineries & Distilleries,Micro,41.0,17.27,215.9,1.02,27.89,16.3,38.1,0.0,,,109.2,11732.0,
NSE:GAYAHWS,Gayatri Highways Limited,INE287Z01012,EQ,Capital Goods,Infrastructure Operations,Micro,41.0,1.71,,-0.06,4.76,1.71,64.1,0.0,,,,247647.0,
NSE:21STCENMGM,21st Century Management Services Limited,INE253B01015,EQ,Financial Services,Capital Markets,Micro,40.0,38.0,,1.21,53.79,28.25,29.4,0.0,,,,6440.0,
NSE:TOYAMSL,Toyam Sports Limited,INE457P01020,EQ,Capital Goods,Conglomerates,Micro,40.0,0.7,,,0.92,0.6,23.9,0.0,,,,1034690.0,
NSE:CELEBRITY,Celebrity Fashions Limited,INE185H01016,EQ,Consumer Discretionary,Apparel Manufacturing,Micro,40.0,6.2,,3.37,11.68,5.65,46.9,0.0,,,605.2,21550.0,
NSE:LFIC,Lakshmi Finance & Industrial Corporation Limited,INE850E01012,EQ,Financial Services,Asset Management,Micro,40.0,134.0,,0.7,224.85,111.0,40.4,2.5,1.87,,,5464.0,
NSE:SVPGLOB,SVP GLOBAL TEXTILES LIMITED,INE308E01029,EQ,Consumer Discretionary,Textile Manufacturing,Micro,40.0,3.13,0.9,-0.04,6.89,2.18,54.6,0.0,,,,35814.0,
NSE:ADL,Archidply Decor Limited,INE0CHO01012,EQ,Consumer Discretionary,"Furnishings, Fixtures & Appliances",Micro,40.0,72.52,,0.7,109.9,50.26,34.0,0.0,,,37.4,1085.0,
NSE:SAGARDEEP,Sagardeep Alloys Limited,INE976T01013,EQ,Materials,Copper,Micro,40.0,23.39,18.0,1.16,31.48,20.81,25.7,0.0,,,26.4,8083.0,
NSE:PBMPOLY,PBM Polytex Limited,INE501F01018,EQ,Consumer Discretionary,Textile Manufacturing,Micro,40.0,58.66,21.8,0.36,72.2,56.2,18.8,0.0,,,1.0,612.0,
NSE:SEYAIND,Seya Industries Limited,INE573R01012,BE,Materials,Specialty Chemicals,Micro,39.0,13.19,,0.04,23.99,8.54,45.0,0.0,,,94.4,7112.0,
NSE:SHIVAAGRO,Shiva Global Agro Industries Limited,INE960E01019,EQ,Materials,Agricultural Inputs,Micro,39.0,39.4,,0.44,45.9,36.0,14.2,0.0,,,21.2,4474.0,
NSE:DHRUV,Dhruv Consultancy Services Limited,INE506Z01015,EQ,Capital Goods,Engineering & Construction,Micro,38.0,19.95,,0.56,56.99,19.46,65.0,0.0,,,38.9,6704.0,
NSE:CYBERMEDIA,Cyber Media (India) Limited,INE278G01037,BE,Media Entertainment & Telecom,Publishing,Micro,38.0,18.23,7.9,-3.89,28.99,11.3,37.1,0.0,,,216.3,65100.0,
NSE:VIVOBIOT,Vivo Bio Tech Limited,INE380K01017,EQ,Healthcare,Biotechnology,Micro,38.0,16.9,,0.37,20.44,15.51,17.3,0.0,,,72.3,19638.0,
NSE:GTECJAINX,G-TEC JAINX EDUCATION LIMITED,INE586X01012,EQ,Fast Moving Consumer Goods,Education & Training Services,Micro,37.0,35.88,,75.38,38.35,15.54,6.4,0.0,,,238.1,7626.0,
NSE:OSIAHYPER,Osia Hyper Retail Limited,INE06IR01021,BE,Consumer Discretionary,Department Stores,Micro,36.0,2.2,1.6,0.09,24.61,2.11,91.1,0.0,,,39.5,412903.0,
NSE:ASHOKAMET,Ashoka Metcast Limited,INE760Y01011,EQ,Materials,Steel,Micro,36.0,14.53,2.1,0.21,19.4,12.13,25.1,0.0,,,43.2,66096.0,
NSE:ORIENTALTL,Oriental Trimex Limited,INE998H01012,EQ,Capital Goods,Building Products & Equipment,Micro,35.0,4.81,17.2,0.22,10.84,4.4,55.6,0.0,,,2.9,77714.0,
NSE:EASTSILK,Eastern Silk Industries Limited,INE962C01035,BE,Consumer Discretionary,Textile Manufacturing,Micro,35.0,70.12,,0.98,99.25,46.27,29.4,0.0,,,213.2,1328.0,
NSE:AKSHAR,Akshar Spintex Limited,INE256Z01025,EQ,Consumer Discretionary,Textile Manufacturing,Micro,34.0,0.43,,0.41,0.76,0.36,43.4,0.0,,,6.2,930276.0,
NSE:NKIND,NK Industries Limited,INE542C01019,EQ,Fast Moving Consumer Goods,Household & Personal Products,Micro,34.0,57.0,,-0.09,78.39,49.66,27.3,0.0,,,,6660.0,
NSE:AROGRANITE,Aro Granite Industries Limited,INE210C01013,EQ,Capital Goods,Building Products & Equipment,Micro,34.0,22.3,,0.2,39.99,18.67,44.2,0.0,,,87.2,7935.0,
NSE:SUMEDHA,Sumedha Fiscal Services Limited,INE886B01012,EQ,Financial Services,Capital Markets,Micro,34.0,43.05,12.2,0.53,48.1,36.6,10.5,0.0,,,,2916.0,
NSE:AGSTRA,AGS Transact Technologies Limited,INE583L01014,BZ,Information Technology,Software - Infrastructure,Micro,33.0,2.54,,0.06,5.44,1.85,53.3,0.0,,,200.0,143170.0,
NSE:NAGREEKCAP,Nagreeka Capital & Infrastructure Limited,INE245I01016,EQ,Financial Services,Asset Management,Micro,33.0,26.29,4.9,1.16,42.75,19.3,38.5,0.0,,,380.2,12984.0,
NSE:MOHITIND,Mohit Industries Limited,INE954E01012,EQ,Consumer Discretionary,Textile Manufacturing,Micro,32.0,22.89,,0.33,34.8,18.6,34.2,0.0,,,60.2,32025.0,
NSE:MEDICAPQ,Medi Caps Limited,INE442D01010,BE,Realty,Real Estate - Diversified,Micro,32.0,26.0,,0.29,36.8,20.33,29.3,0.0,,,,25337.0,
NSE:SITINET,Siti Networks Limited,INE965H01011,BZ,Media Entertainment & Telecom,Entertainment,Micro,32.0,0.28,,-0.02,0.49,0.27,42.9,0.0,,,,526615.0,
NSE:GKB,GKB Ophthalmics Limited,INE265D01015,EQ,Healthcare,Medical Instruments & Supplies,Micro,32.0,64.33,10.0,0.61,88.4,60.3,27.2,0.0,,,21.2,4842.0,
NSE:MITTAL,Mittal Life Style Limited,INE997Y01027,EQ,Consumer Discretionary,Textile Manufacturing,Micro,32.0,0.71,14.2,0.49,1.59,0.68,55.3,0.0,,,29.5,1107144.0,
NSE:BOHRAIND,Bohra Industries Limited,INE802W01023,EQ,Materials,Agricultural Inputs,Micro,31.0,14.74,,0.42,23.44,11.6,37.1,0.0,,,1.6,19566.0,
NSE:MADHAV,Madhav Marbles and Granites Limited,INE925C01016,EQ,Capital Goods,Building Products & Equipment,Micro,31.0,34.49,,0.25,46.79,29.0,26.3,0.0,,,6.7,4283.0,
NSE:AKG,Akg Exim Limited,INE00Y801016,EQ,Capital Goods,Industrial Distribution,Micro,31.0,9.73,88.5,0.63,15.34,8.06,36.6,0.0,,,10.8,39823.0,
NSE:LIBAS,Libas Consumer Products Limited,INE908V01012,EQ,Consumer Discretionary,Apparel Manufacturing,Micro,30.0,11.37,8.7,0.37,13.45,9.02,15.5,0.0,,,16.9,69777.0,
NSE:EASTWEST,East West Freight Carriers Limited,INE595R01023,EQ,Capital Goods,Integrated Freight & Logistics,Micro,30.0,2.36,,0.5,2.68,2.05,11.9,0.0,,,110.9,52206.0,
NSE:KAUSHALYA,Kaushalya Infrastructure Development Corporation Limited,INE234I01028,BE,Capital Goods,Engineering & Construction,Micro,29.0,834.0,,0.37,1435.95,750.0,41.9,0.0,,-0.7,,1153.0,
NSE:ANKITMETAL,Ankit Metal & Power Limited,INE106I01010,BZ,Materials,Steel,Micro,29.0,2.06,,-0.03,2.06,1.29,0.0,0.0,,,,29392.0,
NSE:SIMBHALS,Simbhaoli Sugars Limited,INE748T01016,BZ,Fast Moving Consumer Goods,Confectioners,Micro,29.0,6.72,,-0.16,13.99,6.1,52.0,0.0,,,,14582.0,
NSE:PEARLPOLY,Pearl Polymers Limited,INE844A01013,EQ,Consumer Discretionary,Packaging & Containers,Micro,29.0,17.03,,0.99,31.39,12.75,45.7,0.0,,,,9181.0,
NSE:MADHUCON,Madhucon Projects Limited,INE378D01032,EQ,Capital Goods,Engineering & Construction,Micro,29.0,3.99,,-0.02,8.28,3.61,51.8,0.0,,,,25776.0,
NSE:RETAIL,JHS Svendgaard Retail Ventures Limited,INE03DD01011,EQ,Fast Moving Consumer Goods,Grocery Stores,Micro,29.0,34.93,,1.43,36.54,15.81,4.4,0.0,,,39.8,11998.0,
NSE:KEEPLEARN,DSJ Keep Learning Limited,INE055C01020,EQ,Fast Moving Consumer Goods,Education & Training Services,Micro,29.0,1.84,,4.52,3.21,1.51,42.7,0.0,,,26.4,46782.0,
NSE:SANWARIA,Sanwaria Consumer Limited,INE890C01046,BZ,Fast Moving Consumer Goods,Farm Products,Micro,28.0,0.2,,0.02,0.35,0.18,42.9,0.0,,,,620405.0,
NSE:KJMCFIN,KJMC Financial Services Limited,INE533C01018,EQ,Financial Services,Capital Markets,Micro,28.0,58.05,11.6,0.27,84.5,55.35,31.3,1.0,1.71,,13.0,2697.0,
NSE:DNAMEDIA,Diligent Media Corporation Limited,INE016M01021,EQ,Media Entertainment & Telecom,Publishing,Micro,28.0,2.42,,-0.11,5.09,2.17,52.5,0.0,,,,47892.0,
NSE:TGBHOTELS,TGB Banquets And Hotels Limited,INE797H01018,EQ,Consumer Discretionary,Lodging,Micro,27.0,9.3,18.2,0.35,12.8,7.5,27.3,0.0,,,16.1,45456.0,
NSE:KANANIIND,Kanani Industries Limited,INE879E01037,EQ,Consumer Discretionary,Luxury Goods,Micro,27.0,1.34,11.2,0.35,2.04,1.02,34.3,0.0,,,0.7,124182.0,
NSE:GSS,GSS Infotech Limited,INE871H01011,EQ,Information Technology,Information Technology Services,Micro,27.0,10.3,,0.09,27.5,8.68,62.5,0.0,,,48.0,45630.0,
NSE:INFOMEDIA,Infomedia Press Limited,INE669A01022,EQ,Financial Services,Shell Companies,Micro,27.0,5.36,,-0.42,8.05,4.5,33.4,0.0,,,,14941.0,
NSE:PNC,PNC Media and Entertainment Limited,INE392B01011,EQ,Media Entertainment & Telecom,Entertainment,Micro,26.0,18.0,,0.43,32.89,15.7,45.3,0.0,,,2.4,18800.0,
NSE:KHANDSE,Khandwala Securities Limited,INE060B01014,EQ,Financial Services,Capital Markets,Micro,26.0,16.81,,0.92,25.5,12.2,34.1,0.0,,,10.4,2830.0,
NSE:DSKULKARNI,DS Kulkarni Developers Limited,INE891A01022,BE,Realty,Real Estate - Development,Micro,26.0,26.07,,-0.2,26.07,8.6,0.0,0.0,,,,117.0,
NSE:VCL,Vaxtex Cotfab Limited,INE098201036,BE,Consumer Discretionary,Textile Manufacturing,Micro,25.0,1.37,4.7,1.14,2.66,0.87,48.5,0.0,,,23.4,824710.0,
NSE:NEXTMEDIA,Next Mediaworks Limited,INE747B01016,EQ,Media Entertainment & Telecom,Broadcasting,Micro,24.0,3.63,,-0.68,8.48,3.16,57.2,0.0,,,,45944.0,
NSE:TARAPUR,Tarapur Transformers Limited,INE747K01017,EQ,Capital Goods,Specialty Industrial Machinery,Micro,24.0,12.21,,-12.87,39.99,10.8,69.5,0.0,,,,38204.0,
NSE:KAMANWALA,Kamanwala Housing Construction Limited,INE344D01018,EQ,Realty,Real Estate - Development,Micro,24.0,17.14,,0.21,19.51,15.0,12.1,0.0,,,15.4,21030.0,
NSE:TREEHOUSE,Tree House Education & Accessories Limited,INE040M01013,EQ,Fast Moving Consumer Goods,Education & Training Services,Micro,24.0,5.67,,0.2,11.0,5.46,48.5,0.0,,,3.3,22888.0,
NSE:WILLAMAGOR,Williamson Magor & Company Limited,INE210A01017,EQ,Financial Services,Credit Services,Micro,23.0,21.19,,-0.1,36.9,20.53,42.6,0.0,,,,2879.0,
NSE:CRESTO,CRESTO TECHNO LIMITED,INE203Y01012,BE,Media Entertainment & Telecom,Entertainment,Micro,23.0,22.05,,1.97,28.45,14.35,22.5,0.0,,-20.3,,38112.0,
NSE:LAXMICOT,Laxmi Cotspin Limited,INE801V01019,EQ,Consumer Discretionary,Textile Manufacturing,Micro,23.0,13.44,,0.39,24.44,11.36,45.0,0.0,,,70.2,21575.0,
NSE:LEXUS,Lexus Granito (India) Limited,INE500X01013,EQ,Capital Goods,Building Products & Equipment,Micro,22.0,10.81,12.9,1.21,39.25,9.58,72.5,0.0,,,305.1,28996.0,
NSE:ASIANTNE,Asian Tea & Exports Limited,INE822B01017,EQ,Fast Moving Consumer Goods,Food Distribution,Micro,22.0,8.99,81.7,0.33,10.99,8.22,18.2,0.0,,,20.4,11703.0,
NSE:FLFL,Future Lifestyle Fashions Limited,INE452O01016,BZ,Consumer Discretionary,Apparel Manufacturing,Micro,22.0,1.11,,-0.01,1.92,1.05,42.2,0.0,,,,38174.0,
NSE:BURNPUR,Burnpur Cement Limited,INE817H01022,BE,Materials,Building Materials,Micro,22.0,12.8,,-0.04,33.0,11.13,61.2,0.0,,,,55577.0,
NSE:KRIDHANINF,Kridhan Infra Limited,INE524L01026,EQ,Materials,Steel,Micro,21.0,1.86,18.6,-0.07,4.78,1.79,61.1,0.0,,,,47766.0,
NSE:ARSHIYA,Arshiya Limited,INE968D01022,BZ,Capital Goods,Integrated Freight & Logistics,Micro,21.0,0.81,,-0.01,2.12,0.68,61.8,0.0,,,,212749.0,
NSE:MPDL,MPDL Limited,INE493H01014,BE,Realty,Real Estate - Development,Micro,21.0,27.89,,0.23,45.29,23.26,38.4,0.0,,,67.8,3701.0,
NSE:MFML,Mahalaxmi Fabric Mills Limited,INE0US801024,EQ,Consumer Discretionary,Textile Manufacturing,Micro,20.0,18.84,,0.2,31.3,16.75,39.8,0.0,,,79.1,4926.0,
NSE:FEL,Future Enterprises Limited,INE623B01027,BZ,Consumer Discretionary,Department Stores,Micro,19.0,0.39,,0.01,0.57,0.34,31.6,0.0,,-238.3,,178738.0,
NSE:TIJARIA,Tijaria Polypipes Limited,INE440L01017,BE,Capital Goods,Building Products & Equipment,Micro,19.0,6.45,,-0.55,9.8,3.55,34.2,0.0,,,,148097.0,
NSE:TCIFINANCE,TCI Finance Limited,INE911B01018,EQ,Financial Services,Credit Services,Micro,19.0,14.57,,-0.24,38.46,10.0,62.1,0.0,,,,18105.0,
NSE:NIRAJISPAT,Niraj Ispat Industries Limited,INE326T01011,BE,Consumer Discretionary,Apparel Manufacturing,Micro,18.0,300.0,11.7,,429.65,155.0,30.2,0.0,,,,266.0,
NSE:EUROTEXIND,Eurotex Industries and Exports Limited,INE022C01012,EQ,Realty,Real Estate - Development,Micro,18.0,15.73,,-0.51,23.8,11.07,33.9,0.0,,,,1729.0,
NSE:SHRENIK,Shrenik Limited,INE632X01030,BZ,Materials,Paper & Paper Products,Micro,18.0,0.29,4.8,-0.08,0.65,0.27,55.4,0.0,,,,398734.0,
NSE:STLSTRINF,Steel Strips Infrastructures Limited,INE205F01016,EQ,Realty,Real Estate Services,Micro,18.0,21.4,,0.28,27.9,14.59,23.3,0.0,,,23.6,11160.0,
NSE:ACEINTEG,Ace Integrated Solutions Limited,INE543V01017,EQ,Capital Goods,Staffing & Employment Services,Micro,18.0,17.3,,1.47,27.29,14.2,36.6,0.0,,,0.5,4531.0,
NSE:TECILCHEM,TECIL Chemicals and Hydro Power Limited,INE014B01011,EQ,Financial Services,Shell Companies,Micro,18.0,9.26,,,22.08,8.0,58.1,0.0,,,,27534.0,
NSE:RADAAN,Radaan Mediaworks India Limited,INE874F01027,EQ,Media Entertainment & Telecom,Entertainment,Micro,16.0,3.01,,-1.04,3.99,2.35,24.6,0.0,,,,50260.0,
NSE:GLFL,Gujarat Lease Financing Limited,INE540A01017,EQ,Financial Services,Shell Companies,Micro,15.0,5.49,549.0,-3.69,9.34,3.66,41.2,0.0,,,,5380.0,
NSE:HEADSUP,Heads UP Ventures Limited,INE759V01019,EQ,Consumer Discretionary,Apparel Retail,Micro,14.0,6.44,,0.93,12.95,5.69,50.3,0.0,,,,17888.0,
NSE:KALYANI,Kalyani Commercials Limited,INE610E01010,BE,Consumer Discretionary,Auto & Truck Dealerships,Micro,14.0,144.99,5.9,,144.99,138.09,0.0,0.0,,,,3.0,
NSE:VIVIDHA,Visagar Polytex Limited,INE370E01029,EQ,Consumer Discretionary,Textile Manufacturing,Micro,14.0,0.49,49.0,-49.0,0.82,0.43,40.2,0.0,,,,242657.0,
NSE:MTEDUCARE,MT Educare Limited,INE472M01018,BE,Fast Moving Consumer Goods,Education & Training Services,Micro,13.0,1.74,,-2.44,2.53,1.17,31.2,0.0,,,,39796.0,
NSE:SHYAMTEL,Shyam Telecom Limited,INE635A01023,EQ,Information Technology,Communication Equipment,Micro,13.0,10.99,,-0.39,25.42,7.07,56.8,0.0,,,,6710.0,
NSE:AURUS,AURUS GEM CORPORATION LIMITED,INE142K01011,EQ,Consumer Discretionary,Luxury Goods,Micro,13.0,4.44,7.3,0.71,6.95,4.1,36.1,0.0,,,79.0,22462.0,
NSE:BILVYAPAR,BIL VYAPAR LIMITED,INE071A01013,BE,Materials,Specialty Chemicals,Micro,13.0,4.22,32.5,-0.07,13.8,3.8,69.4,0.0,,,,6579.0,
NSE:ASTRON,Astron Paper & Board Mill Limited,INE646X01014,BZ,Materials,Paper & Paper Products,Micro,13.0,2.83,,0.19,13.25,2.73,78.6,0.0,,-26.6,113.1,27807.0,
NSE:LAKPRE,Lakshmi Precision Screws Limited,INE651C01018,BZ,Capital Goods,Tools & Accessories,Micro,12.0,5.25,,0.22,6.67,4.1,21.3,0.0,,-86.2,,2202.0,
NSE:UMESLTD,Usha Martin Education & Solutions Limited,INE240C01028,EQ,Fast Moving Consumer Goods,Education & Training Services,Micro,12.0,4.58,30.5,0.95,7.14,3.76,35.9,0.0,,,9.2,39400.0,
NSE:MEP,MEP Infrastructure Developers Limited,INE776I01010,BZ,Capital Goods,Infrastructure Operations,Micro,12.0,0.68,,-0.01,2.87,0.5,76.3,0.0,,,,119444.0,
NSE:CREATIVEYE,Creative Eye Limited,INE230B01021,EQ,Media Entertainment & Telecom,Entertainment,Micro,12.0,6.15,,0.82,8.82,5.16,30.3,0.0,,,45.4,25292.0,
NSE:ORTINGLOBE,ORTIN GLOBAL LIMITED,INE749B01020,EQ,Healthcare,Drug Manufacturers - Specialty & Generic,Micro,12.0,14.59,,10.97,21.3,10.66,31.5,0.0,,,81.2,15742.0,
NSE:DCMFINSERV,DCM Financial Services Limited,INE891B01012,EQ,Financial Services,Credit Services,Micro,11.0,5.08,,-0.21,8.55,3.7,40.6,0.0,,,,12365.0,
NSE:ANTGRAPHIC,Antarctica Limited,INE414B01021,EQ,Consumer Discretionary,Packaging & Containers,Micro,11.0,0.7,,0.68,1.17,0.64,40.2,0.0,,12.2,,204622.0,
NSE:GLOBALE,Globale Tessile Limited,INE0URU01010,EQ,Consumer Discretionary,Textile Manufacturing,Micro,11.0,10.56,,1.17,15.4,9.2,31.4,0.0,,,107.5,4370.0,
NSE:UNIINFO,Uniinfo Telecom Services Limited,INE481Z01011,EQ,Media Entertainment & Telecom,Telecom Services,Micro,11.0,10.54,,0.35,18.98,9.36,44.5,0.0,,,16.8,2644.0,
NSE:ARENTERP,Rajdarshan Industries Limited,INE610C01014,EQ,Materials,Other Industrial Metals & Mining,Micro,11.0,33.79,,0.51,60.79,27.6,44.4,0.0,,,,10466.0,
NSE:TVVISION,TV Vision Limited,INE871L01013,BE,Media Entertainment & Telecom,Broadcasting,Micro,10.0,2.55,,-0.06,12.4,2.39,79.4,0.0,,,,45572.0,
NSE:FLEXITUFF,Flexituff Ventures International Limited,INE060J01017,BE,Consumer Discretionary,Textile Manufacturing,Micro,10.0,3.02,,-0.08,24.0,2.0,87.4,0.0,,,,63986.0,
NSE:AVROIND,AVRO INDIA LIMITED,INE652Z01025,EQ,Consumer Discretionary,"Furnishings, Fixtures & Appliances",Micro,9.0,6.73,,1.01,15.87,6.58,57.6,0.0,,,19.7,415636.0,
NSE:COMPINFO,Compuage Infocom Limited,INE070C01037,BZ,Information Technology,Electronics & Computer Distribution,Micro,9.0,1.08,,-0.03,2.37,0.91,54.4,0.0,,,292.8,17446.0,
NSE:PREMIER,Premier Limited,INE342A01018,BE,Capital Goods,Specialty Industrial Machinery,Micro,8.0,2.65,,-0.02,3.88,2.56,31.7,0.0,,,,11234.0,
NSE:SETUINFRA,Setubandhan Infrastructure Limited,INE023M01027,BZ,Capital Goods,Engineering & Construction,Micro,7.0,0.51,51.0,0.13,0.7,0.37,27.1,0.0,,0.2,158.5,56777.0,
NSE:SHANTI,Shanti Overseas (India) Limited,INE933X01016,EQ,Fast Moving Consumer Goods,Farm Products,Micro,6.0,5.52,,1.53,12.26,4.7,55.0,0.0,,,404.0,37920.0,
NSE:QUINTEGRA,Quintegra Solutions Limited,INE033B01011,EQ,Information Technology,Information Technology Services,Micro,4.0,1.34,,-0.28,2.05,1.1,34.6,0.0,,,,6040.0,
NSE:SGL,STL Global Limited,INE353H01010,EQ,Consumer Discretionary,Textile Manufacturing,Micro,0.0,8.5,,0.89,15.78,8.4,46.1,0.0,,,48.3,12261.0,
NSE:3BBLACKBIO,3B Blackbio Dx Limited,INE994E01018,EQ,Healthcare,Biotechnology,,,1663.0,25.1,4.28,1740.0,1099.5,4.4,5.0,0.3,,0.9,22904.0,
NSE:AARNAV,Aarnav Fashions Limited,INE750R01016,BE,Unclassified,,,,35.5,,0.76,37.6,21.0,5.6,0.0,,,55.5,73347.0,
NSE:ACGL,Automobile Corporation of Goa Limited,INE451C01013,EQ,Consumer Discretionary,Auto Parts,,,1620.0,17.0,3.2,1961.9,1605.0,17.4,45.0,2.77,,3.1,779.0,
NSE:ACSTECH,ACS Technologies Limited,INE366C01021,BE,Information Technology,Information Technology Services,,,77.85,40.8,3.42,84.38,48.42,7.7,0.0,,,34.7,283404.0,
NSE:ADVIKCA,Advik Capital Limited,INE178T01024,EQ,Financial Services,Credit Services,,,1.01,,0.43,1.26,0.86,19.8,0.0,,-14.3,100.8,366965.0,
NSE:ALFREDHE,Alfred Herbert India Limited,INE782D01027,EQ,Capital Goods,Specialty Industrial Machinery,,,2823.0,1.1,0.38,3151.0,2709.2,10.4,20.0,0.71,,0.0,49.0,
NSE:ALUFLUOR,Alufluoride Limited,INE058F01019,EQ,Materials,Chemicals,,,632.85,20.0,3.94,649.0,430.0,2.5,4.0,0.63,,36.1,12600.0,
NSE:AMAL,Amal Limited,INE841D01013,EQ,Materials,Chemicals,,,705.0,29.4,7.24,822.0,636.05,14.2,1.5,0.21,,,11015.0,
NSE:ARCIL,Asset Reconstruction Company (India) Limited,INE148G01016,EQ,Financial Services,Asset Management,,,140.35,13.0,1.21,157.0,124.5,10.6,1.0,,11.2,,7067194.0,
NSE:ARTEMISMED,Artemis Medicare Services Limited,INE025R01021,EQ,Unclassified,,,,336.0,146.7,5.69,378.8,203.35,11.3,0.0,,,27.8,733995.0,
NSE:ASHIKAG,Ashika Global Securities Limited,INE094B01013,BE,Financial Services,Credit Services,,,391.5,,1.5,451.0,381.0,13.2,0.5,0.13,,22.6,34678.0,
NSE:AUGMONT,Augmont Enterprises Limited,INE16W401027,EQ,Consumer Discretionary,Luxury Goods,,,1195.2,46.5,11.01,1195.2,806.05,0.0,0.0,,,1.9,2277574.0,
NSE:AUSTENG,Austin Engineering Company  Limited,INE759F01012,EQ,Capital Goods,Tools & Accessories,,,169.45,13.9,0.83,178.0,110.0,4.8,0.0,,,0.8,17242.0,
NSE:AXTEL,Axtel Industries Limited,INE767C01012,EQ,Capital Goods,Specialty Industrial Machinery,,,435.0,22.5,5.64,459.9,385.0,5.4,0.0,,,,6203.0,
NSE:BAJAJST,Bajaj Steel Industries Limited,INE704G01024,EQ,Capital Goods,Specialty Industrial Machinery,,,339.95,23.7,1.33,378.0,326.1,10.1,1.0,0.3,,14.7,8507.0,
NSE:BEEKAY,Beekay Steel Industries Limited,INE213D01015,EQ,Materials,Steel,,,436.0,19.3,0.77,480.0,390.2,9.2,1.0,0.23,,31.8,3476.0,
NSE:BHARATCOAL,Bharat Coking Coal Limited,INE05XR01022,EQ,Oil Gas & Consumable Fuels,Coking Coal,,,31.84,,2.57,45.09,29.74,29.4,0.0,,,38.8,6905429.0,Y
NSE:BLACKROSE,Black Rose Inds. Limited,INE761G01016,EQ,Materials,Specialty Chemicals,,,111.5,19.8,3.35,121.0,102.8,7.9,1.25,1.13,,0.8,27045.0,
NSE:BLEL,Behari Lal Engineering Limited,INE1EEM01017,EQ,Materials,Steel,,,467.7,28.9,5.96,548.0,415.0,14.7,0.0,,,5.8,3967578.0,
NSE:BLUECLOUDS,Blue Cloud Softech Solutions Limited,INE373T01047,EQ,Information Technology,Information Technology Services,,,19.88,19.3,1.63,23.99,18.85,17.1,0.0,,,29.1,5037883.0,
NSE:BNALTD,B & A Limited,INE489D01011,BE,Fast Moving Consumer Goods,Packaged Foods,,,351.8,149.1,0.8,415.7,347.2,15.4,0.0,,,68.1,565.0,
NSE:BRAHMINFRA,Brahmaputra Infrastructure Limited,INE320I01017,EQ,Capital Goods,Engineering & Construction,,,151.19,7.2,1.27,184.0,142.01,17.8,0.0,,,40.9,19614.0,
NSE:CENTEXT-RE,Century Extrusions Limited-RE,INE281A20018,BE,Unclassified,,,,3.45,,,3.84,2.4,10.2,,,,,,
NSE:CMPDI,Central Mine Planning & Design Institute Limited,INE05HV01027,EQ,Services,Other Industrial Metals & Mining,,,205.14,22.4,6.42,283.69,150.16,27.7,1.06,0.52,,0.1,2132728.0,Y
NSE:CMRGREEN,CMR Green Technologies Limited,INE00WV01027,EQ,Materials,Aluminum,,,223.4,22.9,3.19,268.96,205.25,16.9,0.0,,,82.7,750653.0,
NSE:COCKERILL,John Cockerill India Limited,INE515A01019,EQ,Capital Goods,Metal Fabrication,,,7980.0,907.8,-41.19,10871.5,5015.25,26.6,7.0,0.09,8.0,,9843.0,
NSE:CORONA,CORONA Remedies Limited,INE02ZQ01018,EQ,Healthcare,Drug Manufacturers - General,,,2021.1,62.2,16.55,2292.4,1336.6,11.8,10.0,0.49,,22.1,40874.0,
NSE:CPL,Captain Polyplast Limited,INE536P01021,EQ,Capital Goods,Farm & Heavy Construction Machinery,,,62.6,13.3,1.95,75.74,59.98,17.3,0.0,,,46.6,78646.0,
NSE:CRAVATEX,Cravatex Limited,INE145E01017,EQ,Consumer Discretionary,Leisure,,,349.0,10.5,0.76,410.0,300.0,14.9,13.0,3.72,,1.5,1134.0,
NSE:DAICHI,Dai-Ichi Karkaria Limited,INE928C01010,BE,Materials,Specialty Chemicals,,,319.95,109.6,1.29,380.0,298.1,15.8,1.5,0.47,,7.0,4111.0,
NSE:DISAQ,Disa India Limited,INE131C01011,EQ,Unclassified,,,,11400.0,,5.43,12864.0,10851.0,11.4,200.0,,18.8,,399.0,
NSE:DRAGARWQ,Dr Agarwals Eye Hospital Limited,INE934C01018,EQ,Healthcare,Medical Care Facilities,,,5180.0,32.6,7.23,5500.0,5060.5,5.8,0.0,,,94.2,1761.0,
NSE:EBIX,EBIX Limited,INE432F01032,BE,Information Technology,Software - Application,,,17.0,,-0.19,22.83,16.03,25.5,0.0,,-1289.6,3291.0,62709.0,
NSE:EKI,EKI Energy Services Limited,INE0CPR01018,BE,Capital Goods,Consulting Services,,,99.0,,0.72,108.94,67.0,9.1,0.0,,,1.4,75397.0,
NSE:ELCIDIN,EL CID Investments Limited,INE927X01018,EQ,Unclassified,,,,102155.0,,0.24,137000.0,101110.0,25.4,0.0,,,,11.0,
NSE:ELITECON,Elitecon International Limited,INE669R01026,EQ,Fast Moving Consumer Goods,Tobacco,,,7.8,6.7,3.15,17.25,7.08,54.8,0.0,,,71.0,7083581.0,
NSE:EMPIND,Empire Industries Limited,INE515H01014,EQ,Capital Goods,Conglomerates,,,1059.0,11.3,1.81,1248.0,1002.1,15.1,0.0,,,48.9,4458.0,
NSE:ENKEIWHEL,Enkei Wheels (India) Limited,INE130L01014,EQ,Consumer Discretionary,Auto Parts,,,397.9,32.8,2.86,425.0,372.0,6.4,0.0,,9.1,123.0,2910.0,
NSE:GAJA,Gaja Alternative Asset Management Limited,INE18UN01038,EQ,Financial Services,Asset Management,,,135.5,24.0,2.52,191.65,133.0,29.3,0.75,0.55,,8.7,4784877.0,
NSE:GLASSWALL,Glass Wall Systems (India) Limited,INE644Q01039,EQ,Capital Goods,Engineering & Construction,,,267.0,,,317.9,185.2,16.0,,,38.6,,36535360.0,
NSE:GSPLTRANS,GSPL Transmission Limited,INE1TUG01013,BE,Oil Gas & Consumable Fuels,Oil & Gas Midstream,,,137.18,,,159.6,137.18,14.0,0.0,,,,147509.0,
NSE:GUJRAFFIA,Gujarat Raffia Industries Limited,INE610B01024,EQ,Unclassified,,,,40.0,19.3,0.97,88.0,35.1,54.5,0.0,,,8.4,3434.0,
NSE:HALDYNGL,Haldyn Glass Limited,INE506D01020,EQ,Consumer Discretionary,Packaging & Containers,,,149.4,27.4,3.43,163.78,124.0,8.8,0.0,,,49.4,60743.0,
NSE:HAMPTON,Hampton Sky Realty Limited,INE299D01022,EQ,Financial Services,Capital Markets,,,8.09,,,9.65,7.02,16.2,0.0,,,28.0,96189.0,
NSE:HBESD,HB Estate Developers Limited,INE640B01021,EQ,Consumer Discretionary,Lodging,,,65.01,11.4,0.77,81.99,60.26,20.7,0.0,,,133.2,771.0,
NSE:HINDALUMI,Hind Aluminium Industries Limited,INE227B01019,EQ,Materials,Aluminum,,,89.71,15.2,0.62,107.5,86.3,16.5,0.0,,,8.6,3472.0,
NSE:INDPRUD,Industrial & Prudential Investment Company Limited,INE620D01011,EQ,Financial Services,Asset Management,,,6251.0,17.2,1.23,6494.0,6050.0,3.7,120.0,1.92,,,61.0,
NSE:INVPRECQ,Investment & Precision Castings Limited,INE155E01016,BE,Materials,Steel,,,1601.0,110.3,15.6,1602.0,1166.0,0.1,1.0,0.06,,69.8,4915.0,
NSE:ITL,ITL Industries Limited,INE478D01014,EQ,Capital Goods,Specialty Industrial Machinery,,,356.9,12.9,,378.95,311.1,5.8,1.25,0.36,,25.4,2345.0,
NSE:JENBURPH,Jenburkt Pharmaceuticals Limited,INE354A01013,EQ,Healthcare,Drug Manufacturers - Specialty & Generic,,,910.0,12.2,2.04,1073.9,910.0,15.3,20.7,2.26,,1.3,1603.0,
NSE:KAMAHOLD,Kama Holdings Limited,INE411F01010,EQ,Capital Goods,Conglomerates,,,2291.0,6.7,0.92,2474.8,2172.3,7.4,23.2,,,33.8,4532.0,
NSE:KANCOTEA,Kanco Tea & Industries Limited,INE398L01017,EQ,Fast Moving Consumer Goods,Farm Products,,,53.4,,0.49,58.7,46.2,9.0,0.0,,,95.5,414.0,
NSE:KANOHAR,Kanohar Electricals Limited,INE877D01025,EQ,Capital Goods,Electrical Equipment & Parts,,,914.0,,,937.7,685.1,2.5,,,42.1,10.5,8162971.0,
NSE:KARAMTARA,Karamtara Engineering Limited,INE590T01012,EQ,Information Technology,Solar,,,409.5,57.6,9.81,429.35,320.0,4.6,0.0,,20.8,91.8,9509336.0,
NSE:KIRANVYPAR,Kiran Vyapar Limited,INE555P01013,EQ,Financial Services,Capital Markets,,,179.0,372.9,0.21,221.78,169.82,19.3,1.0,0.56,,21.8,5731.0,
NSE:KLBRENG-B,Kilburn Engineering Limited,INE338F01015,EQ,Capital Goods,Specialty Industrial Machinery,,,520.0,30.6,4.14,535.0,346.0,2.8,3.0,0.57,,13.8,443547.0,
NSE:KPL,Kwality Pharmaceuticals Limited,INE552U01010,EQ,Healthcare,Drug Manufacturers - Specialty & Generic,,,3600.0,46.1,11.27,3949.0,3137.0,8.8,0.0,,,39.6,46178.0,
NSE:KUSUMGAR,Kusumgar Limited,INE0ISX01025,EQ,Consumer Discretionary,Textile Manufacturing,,,601.0,47.0,12.17,659.5,533.0,8.9,0.0,,,57.4,1062239.0,
NSE:LAKSHMIMIL,Lakshmi Mills Company Limited,INE938C01019,EQ,Consumer Discretionary,Textile Manufacturing,,,7839.0,56.7,0.77,8505.0,2405.0,7.8,10.0,0.13,,11.4,29.0,
NSE:LKPSEC,LKP Securities Limited,INE341H01023,EQ,Financial Services,Capital Markets,,,14.73,16.7,1.19,18.43,13.62,20.1,0.0,,,71.6,13216.0,
NSE:LUMINO,Lumino Industries Limited,INE185Q01025,EQ,Capital Goods,Electrical Equipment & Parts,,,96.39,17.3,3.22,122.0,94.5,21.0,0.0,,,55.0,29559162.0,
NSE:MANIKA,Manika Plastech Limited,INE0KWF01020,BE,Consumer Discretionary,Packaging & Containers,,,42.1,21.9,,43.52,39.71,3.3,0.4,,16.4,64.2,1889413.0,
NSE:MCCHRLS-B,Mac Charles India Limited,INE435D01014,EQ,Capital Goods,Conglomerates,,,690.0,,-86.1,799.0,610.5,13.6,0.0,,,,1348.0,
NSE:MENNPIS,Menon Pistons Limited,INE650G01029,BE,Consumer Discretionary,Auto Parts,,,71.49,14.0,2.05,85.8,69.55,16.7,0.0,,,2.8,72946.0,
NSE:MERCANTILE,Mercantile Ventures Limited,INE689O01013,EQ,Realty,Real Estate Services,,,22.98,34.8,0.95,29.37,21.0,21.8,0.0,,,,90806.0,
NSE:MLKFOOD,Milkfood Limited,INE588G01021,EQ,Fast Moving Consumer Goods,Packaged Foods,,,84.99,4.8,0.92,93.0,71.02,8.6,0.0,,,49.2,7208.0,
NSE:MPIMANIPAL,Manipal Payment and Identity Solutions Limited,INE241U01028,EQ,Information Technology,Software - Infrastructure,,,404.0,37.0,,458.0,315.65,11.8,0.0,,,19.3,4031210.0,
NSE:MYSORPETRO,Mysore Petro Chemicals Limited,INE741A01011,BE,Materials,Chemicals,,,118.5,7.2,0.35,182.03,111.0,34.9,2.0,1.68,,0.1,34322.0,
NSE:NEAGI,Neelamalai Agro Industries Limited,INE605D01012,EQ,Fast Moving Consumer Goods,Farm Products,,,3309.4,5.6,0.63,3600.0,3256.0,8.1,0.0,,,,28.0,
NSE:NTCIND,NTC Industries Limited,INE920C01017,EQ,Fast Moving Consumer Goods,Tobacco,,,130.37,9.5,0.9,147.0,126.3,11.3,0.0,,,36.5,2081.0,
NSE:OMPOWER,Om Power Transmission Limited,INE25E901019,EQ,Capital Goods,Engineering & Construction,,,158.0,12.8,2.97,206.0,153.5,23.3,0.0,,,34.8,110054.0,
NSE:PANCHMAHQ,Panchmahal Steel Limited,INE798F01010,EQ,Materials,Steel,,,287.5,136.9,,339.0,253.95,15.2,0.0,,,23.4,216.0,
NSE:PARNAXLAB,Parnax Lab Limited,INE383L01019,EQ,Healthcare,Drug Manufacturers - Specialty & Generic,,,115.0,14.8,1.38,149.5,104.0,23.1,0.0,,,86.9,6035.0,
NSE:PERMAGN,Permanent Magnets Limited,INE418E01018,EQ,Capital Goods,Electrical Equipment & Parts,,,866.0,58.8,4.73,929.0,784.05,6.8,2.2,0.26,,55.9,5227.0,
NSE:PERNIASPOP,Purple Style Labs Limited,INE0I1B01016,EQ,Consumer Discretionary,Apparel Retail,,,535.5,,-69.9,588.9,501.05,9.1,0.0,,,,733614.0,
NSE:POLYSPIN,Polyspin Exports Limited,INE914G01029,EQ,Consumer Discretionary,Packaging & Containers,,,29.5,5.2,0.42,36.49,27.53,19.2,0.0,,,101.8,1212.0,
NSE:PRADPME,Pradeep Metals Limited,INE770A01010,BE,Capital Goods,Metal Fabrication,,,446.0,23.3,4.69,543.9,440.0,18.0,2.5,0.56,,45.9,8943.0,
NSE:PRANAV,Pranav Constructions Limited,INE0H4201019,EQ,Realty,Real Estate - Development,,,96.89,15.3,,165.1,96.21,41.3,0.0,,,107.7,8362955.0,
NSE:PREMCO,Premco Global Limited,INE001E01012,EQ,Consumer Discretionary,Textile Manufacturing,,,399.95,55.2,1.31,409.95,370.05,2.4,8.0,2.0,,17.8,659.0,
NSE:PRISMX,Prismx Global Ventures Limited,INE286N01028,EQ,Financial Services,Capital Markets,,,0.52,4.3,0.3,0.63,0.47,17.5,0.0,,,0.1,162400.0,
NSE:RAMBHAJO,Advit Jewels Limited,INE1SJO01012,EQ,Consumer Discretionary,Luxury Goods,,,291.0,36.4,9.85,308.4,161.6,5.6,0.0,,,78.8,1308256.0,
NSE:RENTOMOJO,Rentomojo Limited,INE08T701025,EQ,Capital Goods,Rental & Leasing Services,,,527.25,52.6,,581.95,482.45,9.4,0.0,,43.5,78.8,10710845.0,
NSE:RSDFIN,RSD Finance Limited,INE616F01022,BE,Financial Services,Asset Management,,,91.35,7.4,0.54,116.79,83.01,21.8,0.0,,,0.9,1432.0,
NSE:SAICAPI,Sai Capital Limited,INE531X01018,EQ,Financial Services,Capital Markets,,,155.0,3.5,0.12,170.05,133.5,8.9,0.0,,,3.9,500.0,
NSE:SAMBANDAM,Sambandam Spinning Mills Limited,INE304D01012,EQ,Consumer Discretionary,Textile Manufacturing,,,107.1,,0.57,161.9,80.05,33.8,0.0,,,172.9,5830.0,
NSE:SCANSTL,Scan Steels Limited,INE099G01011,BE,Materials,Steel,,,48.2,11.8,0.63,66.45,47.3,27.5,0.0,,,16.0,37140.0,
NSE:SHINDL,Sharat Industries Limited,INE220Z01013,EQ,Fast Moving Consumer Goods,Farm Products,,,159.98,37.6,2.81,175.0,154.0,8.6,0.0,,,83.9,213844.0,
NSE:SHRADDHA,Shraddha Prime Projects Limited,INE311M01018,EQ,Realty,Real Estate - Development,,,155.5,9.9,4.76,179.0,142.0,13.1,0.0,,,191.6,7651.0,
NSE:SIKA,Sika Interplant Systems Limited,INE438E01032,EQ,Capital Goods,Aerospace & Defense,,,1018.0,62.5,13.17,1111.0,962.5,8.4,3.5,0.34,23.1,2.1,50010.0,
NSE:SIMPLXREA,Simplex Realty Limited,INE167H01014,EQ,Realty,Real Estate - Development,,,123.5,,0.33,149.98,114.17,17.7,0.0,,,,141.0,
NSE:SINGERIND,Singer India Limited,INE638A01035,EQ,Unclassified,,,,74.0,,2.58,91.3,57.15,18.9,0.0,,,2.8,145996.0,
NSE:SRIKPRIND,Sri KPR Industries Limited,INE009C01019,BE,Capital Goods,Building Products & Equipment,,,27.49,8.2,0.43,36.8,19.4,25.3,1.0,3.64,5.3,0.9,31177.0,
NSE:STEAMHOUSE,Steamhouse India Limited,INE0FRO01022,EQ,Power,Utilities - Regulated Gas,,,107.0,76.4,,117.6,91.6,9.0,0.0,,25.3,194.1,16601357.0,
NSE:SUNLOC,Sunil Healthcare Limited,INE671C01016,EQ,Healthcare,Drug Manufacturers - Specialty & Generic,,,70.1,20.2,1.03,82.0,67.5,14.5,0.0,,,80.1,469.0,
NSE:SUNRAKSHAK,Sunrakshakk Industries India Limited,INE671K01027,EQ,Consumer Discretionary,Textile Manufacturing,,,358.0,25.4,6.0,382.4,350.05,6.4,0.0,,,25.6,7836.0,
NSE:SUNSHIEL,Sunshield Chemicals Limited,INE199E01014,EQ,Materials,Specialty Chemicals,,,1065.0,24.6,3.71,1284.8,1025.7,17.1,0.0,,,,3234.0,
NSE:SURYALA,Suryalata Spinning Mills Limited,INE132C01027,EQ,Consumer Discretionary,Textile Manufacturing,,,377.5,4.5,0.54,424.95,371.05,11.2,0.0,,,28.6,881.0,
NSE:SVGLOBAL,S V Global Mill Limited,INE159L01013,EQ,Realty,Real Estate Services,,,135.0,,,177.5,114.3,23.9,0.0,,,,14818.0,
NSE:SWARNSAR,Swarnsarita Jewels India Limited,INE967A01012,EQ,Consumer Discretionary,Luxury Goods,,,39.09,4.8,,45.7,32.0,14.5,0.0,,,50.7,27203.0,
NSE:SYMBIOTEC,Symbiotec Pharmalab Limited,INE899I01028,EQ,Healthcare,Drug Manufacturers - General,,,1197.3,81.9,6.53,1246.0,934.2,3.9,0.0,,,34.0,3302737.0,
NSE:TAMBOLIIN,Tamboli Industries Limited,INE864J01012,BE,Capital Goods,Metal Fabrication,,,290.0,27.1,2.35,318.85,238.0,9.0,0.0,,,2.0,10415.0,
NSE:TANAA,Taneja Aerospace & Aviation Limited,INE692C01020,EQ,Capital Goods,Aerospace & Defense,,,327.9,44.0,5.41,378.95,238.0,13.5,0.0,,,0.1,65998.0,
NSE:TCC,TCC Concept Limited,INE887D01024,EQ,Unclassified,,,,47.7,,0.69,105.28,39.37,54.7,0.0,,,17.7,2740368.0,
NSE:TEMPSENS,Tempsens Instruments (India) Limited,INE1KZI01025,EQ,Information Technology,Scientific & Technical Instruments,,,504.5,61.2,,634.85,500.0,20.5,0.0,,,14.8,5593424.0,
NSE:TRANSCOR,Transcorp International Limited,INE330E01023,EQ,Financial Services,Capital Markets,,,24.18,8.1,1.06,29.0,21.0,16.6,0.8,3.31,,20.3,3889.0,
NSE:TRITONV,Triton Valves Limited,INE440G01017,EQ,Consumer Discretionary,Auto Parts,,,1076.0,30.3,4.3,1219.3,1020.0,11.8,2.5,0.23,,102.7,2755.0,
NSE:TURTLEMINT,Turtlemint Fintech Solutions Limited,INE0OC301013,EQ,Financial Services,Insurance Brokers,,,69.71,,1.23,160.0,69.25,56.4,0.0,,,6.1,2054077.0,
NSE:UDAYJEW,Uday Jewellery Industries Limited,INE551B01012,EQ,Consumer Discretionary,Luxury Goods,,,160.0,14.7,,180.89,115.04,11.5,0.5,0.31,,78.1,65852.0,
NSE:UPHOT,U P Hotels Limited,INE726E01014,EQ,Consumer Discretionary,Lodging,,,1530.0,26.1,3.87,1550.0,1320.0,1.3,0.0,,,0.1,74.0,
NSE:VASUPRADA,Shri Vasuprada Plantations Limited,INE574G01013,EQ,Fast Moving Consumer Goods,Farm Products,,,95.4,,,111.38,93.1,14.3,0.0,,,51.0,298.0,
NSE:VEEGALAND,Veegaland Developers Limited,INE1JTV01015,BE,Realty,Real Estate - Diversified,,,141.6,25.9,,154.0,135.2,8.1,0.0,,16.0,32.1,947711.0,
NSE:VELJAN,Veljan Denison Limited,INE232E01013,BE,Capital Goods,Specialty Industrial Machinery,,,2296.1,39.5,4.12,2296.1,1750.3,0.0,0.0,,,0.4,763.0,
NSE:VIJSOLX,Vijay Solvex Limited,INE362D01010,EQ,Fast Moving Consumer Goods,Packaged Foods,,,623.3,8.4,0.57,719.9,610.0,13.4,0.0,,,18.5,388.0,
NSE:VIRTUALG,Virtual Global Education Limited,INE247C01023,BE,Fast Moving Consumer Goods,Education & Training Services,,,0.44,,0.31,0.6,0.42,26.7,0.0,,,2.4,537672.0,
NSE:VOITHPAPR,Voith Paper Fabrics India Limited,INE285C01015,EQ,Materials,Paper & Paper Products,,,1405.0,14.9,,1696.0,1400.0,17.2,10.0,0.71,,0.0,426.0,
NSE:WARDINMOBI,Wardwizard Innovations & Mobility Limited,INE945P01024,EQ,Consumer Discretionary,Auto Manufacturers,,,5.32,177.3,1.05,6.99,4.69,23.9,0.0,,,101.6,292709.0,
NSE:WELSPLSOL,Welspun Specialty Solutions Limited,INE731F01037,EQ,Materials,Steel,,,52.7,122.6,7.65,61.99,46.78,15.0,0.0,,,7.7,1204822.0,
NSE:WPIL,WPIL Limited,INE765D01022,EQ,Capital Goods,Specialty Industrial Machinery,,,427.0,24.6,2.62,468.0,416.0,8.8,2.0,0.46,,25.6,60618.0,
NSE:YOGI,Yogi Limited,INE290E01011,EQ,Realty,Real Estate - Development,,,158.0,56.4,4.91,180.0,130.01,12.2,0.25,0.16,,177.9,1197.0,
NSE:ZODIAC,Zodiac Energy Limited,INE761Y01019,EQ,Unclassified,,,,218.0,58.4,2.82,415.0,201.35,47.5,0.0,,,204.7,13763.0,
