TradDt,BizDt,Sgmt,Src,FinInstrmTp,FinInstrmId,ISIN,TckrSymb,SctySrs,XpryDt,FininstrmActlXpryDt,StrkPric,OptnTp,FinInstrmNm,OpnPric,HghPric,LwPric,ClsPric,LastPric,PrvsClsgPric,UndrlygPric,SttlmPric,OpnIntrst,ChngInOpnIntrst,TtlTradgVol,TtlTrfVal,TtlNbOfTxsExctd,SsnId,NewBrdLotQty,Rmks,Rsvd1,Rsvd2,Rsvd3,Rsvd4,OnNSE
2026-10-01,2026-10-01,CM,BSE,STK,500012,INE714B01016,ANDHRAPET,X,,,,,ANDHRA PETROCHEMICALS LTD.,40.63,40.63,38.2,38.82,39.25,40.45,,38.82,,,64822,2550026.0,458,F1,1,,,,,,False
2026-10-01,2026-10-01,CM,BSE,STK,500014,INE096A01010,UTIQUE,X,,,,,UTIQUE ENTERPRISES LIMITED,4.28,4.28,3.75,3.89,3.89,3.98,,3.89,,,15888,62686.0,65,F1,1,,,,,,False
2026-10-01,2026-10-01,CM,BSE,STK,500016,INE957C01019,ARUNAHTEL,X,,,,,ARUNA HOTELS LTD.,7.75,7.75,7.01,7.26,7.26,7.07,,7.26,,,14234,104992.0,43,F1,1,,,,,,False
2026-10-01,2026-10-01,CM,BSE,STK,500028,INE447A01015,ATVPR,X,,,,,ATV PROJECTS INDIA LTD.,22.0,22.45,21.51,22.4,22.4,21.86,,22.4,,,7230,160373.0,57,F1,1,,,,,,False
2026-10-01,2026-10-01,CM,BSE,STK,500051,INE099C01010,BHAGGAS,XT,,,,,BHAGAWATI GAS LIMITED,10.65,10.65,10.65,10.65,10.65,10.15,,10.65,,,27435,292182.0,105,F1,1,,,,,,False
2026-10-01,2026-10-01,CM,BSE,STK,500058,INE819C01011,BIHSPONG,X,,,,,BIHAR SPONGE IRON LTD.,12.24,12.48,12.2,12.2,12.2,12.24,,12.2,,,20625,251683.0,54,F1,1,,,,,,False
2026-10-01,2026-10-01,CM,BSE,STK,500069,INE418C01012,QUESTCAP,X,,,,,QUEST CAPITAL MARKETS LIMITED,240.0,240.0,229.95,230.25,230.25,240.0,,230.25,,,2181,502686.0,54,F1,1,,,,,,False
2026-10-01,2026-10-01,CM,BSE,STK,500142,INE512A01016,FGP,XT,,,,,FGP LTD.,8.8,9.18,8.32,8.32,8.32,8.75,,8.32,,,1000,8648.0,11,F1,1,,,,,,False
2026-10-01,2026-10-01,CM,BSE,STK,500143,INE160F01013,PHCAP,XT,,,,,P H CAPITAL LIMITED,1320.0,1348.0,1305.0,1334.6,1334.6,1286.15,,1334.6,,,5932,7919767.0,748,F1,1,,,,,,False
2026-10-01,2026-10-01,CM,BSE,STK,500166,INE300A01016,GOODRICKE,X,,,,,GOODRICKE GROUP LTD.,226.0,227.45,216.5,218.1,221.75,225.1,,218.1,,,7974,1756455.0,90,F1,1,,,,,,False
2026-10-01,2026-10-01,CM,BSE,STK,500170,INE537A01013,GTNINDS,X,,,,,GTN INDUSTRIES LTD.,24.38,24.38,22.41,22.94,23.0,23.99,,22.94,,,6011,138052.0,16,F1,1,,,,,,False
2026-10-01,2026-10-01,CM,BSE,STK,500178,INE905C01034,HARCR,XT,,,,,HARIG CRANKSHAFTS LTD.,41.13,41.13,41.13,41.13,41.13,40.33,,41.13,,,91,3742.0,12,F1,1,,,,,,False
2026-10-01,2026-10-01,CM,BSE,STK,500192,INE962B01011,PRAGBOS,X,,,,,PRAG BOSIMI SYNTHETICS LTD.,1.78,1.79,1.45,1.6,1.63,1.73,,1.6,,,175174,271320.0,198,F1,1,,,,,,False
2026-10-01,2026-10-01,CM,BSE,STK,500202,INE333C01013,INDLEASE,X,,,,,INDIA LEASE DEVELOPMENT LTD.,7.32,7.32,7.32,7.32,7.32,7.32,,7.32,,,30,219.0,1,F1,1,,,,,,False
2026-10-01,2026-10-01,CM,BSE,STK,500206,INE680B01019,MARGOFIN,X,,,,,MARGO FINANCE LIMITED,63.05,64.5,63.05,63.06,63.06,63.03,,63.06,,,709,44850.0,14,F1,1,,,,,,False
2026-10-01,2026-10-01,CM,BSE,STK,500213,INE262B01016,ITHL,X,,,,,INTERNATIONAL TRAVEL HOUSE LTD,285.9,289.65,277.0,282.95,280.1,285.6,,282.95,,,1315,369604.0,69,F1,1,,,,,,False
2026-10-01,2026-10-01,CM,BSE,STK,500220,INE711C01028,JASCH,XT,,,,,JASCH INDUSTRIES LTD.,287.0,289.0,277.0,286.6,286.6,280.0,,286.6,,,159,45089.0,12,F1,1,,,,,,False
2026-10-01,2026-10-01,CM,BSE,STK,500236,INE252C01023,KANELIND,XT,,,,,KANEL INDUSTRIES LIMITED,80.5,80.5,74.1,75.61,79.5,77.95,,75.61,,,2070,154805.0,21,F1,1,,,,,,False
2026-10-01,2026-10-01,CM,BSE,STK,500239,INE104A01012,KGDENIM,X,,,,,KG DENIM LTD.,15.49,15.49,14.08,14.5,14.5,14.52,,14.5,,,5647,80830.0,72,F1,1,,,,,,False
2026-10-01,2026-10-01,CM,BSE,STK,500240,INE266B01017,KINETICENG,XT,,,,,KINETIC ENGINEERING LTD.,250.4,250.4,237.9,244.2,245.65,250.4,,244.2,,,9975,2407735.0,126,F1,1,,,,,,False
2026-10-01,2026-10-01,CM,BSE,STK,500246,INE601C01013,ENVAIREL,XT,,,,,ENVAIR ELECTRODYNE LTD.,60.0,60.0,60.0,60.0,60.0,61.22,,60.0,,,293,17580.0,5,F1,1,,,,,,False
2026-10-01,2026-10-01,CM,BSE,STK,500270,INE461A01024,BARODARY,X,,,,,BARODA RAYON CORPORATION LTD.,118.45,123.75,118.45,119.7,119.7,124.45,,119.7,,,693,83566.0,14,F1,1,,,,,,False
2026-10-01,2026-10-01,CM,BSE,STK,500277,INE401C01018,MIDINDIA,X,,,,,MID INDIA INDUSTRIES LTD.,6.27,6.3,5.8,5.8,5.8,6.24,,5.8,,,3217,19866.0,10,F1,1,,,,,,False
2026-10-01,2026-10-01,CM,BSE,STK,500285,INE285B01017,SPICEJET,B,,,,,SPICEJET LTD.,9.7,9.7,9.11,9.3,9.3,9.69,,9.3,,,3620918,34135626.0,4091,F1,1,,,,,,False
2026-10-01,2026-10-01,CM,BSE,STK,500298,INE585A01020,NAPEROL,X,,,,,Naperol Investments Limited,622.1,627.9,618.0,620.75,627.0,622.0,,620.75,,,401,249490.0,44,F1,1,,,,,,False
2026-10-01,2026-10-01,CM,BSE,STK,500319,INE557C01017,INDSUCR,X,,,,,INDIAN SUCROSE LTD.,72.15,73.5,70.34,71.15,71.01,71.44,,71.15,,,2052,147748.0,40,F1,1,,,,,,False
2026-10-01,2026-10-01,CM,BSE,STK,500322,INE167E01037,PANCM,XT,,,,,PANYAM CEMENTS & MINERAL INDUS,120.55,120.55,109.25,109.25,109.25,115.0,,109.25,,,324,35601.0,11,F1,1,,,,,,False
2026-10-01,2026-10-01,CM,BSE,STK,500346,INE609A01010,PUNJCOMMU,B,,,,,PUNJAB COMMUNICATIONS LTD.,56.0,56.0,54.25,55.7,55.7,55.4,,55.7,,,402,22252.0,17,F1,1,,,,,,False
2026-10-01,2026-10-01,CM,BSE,STK,500357,INE425E01013,RAMAPPR-B,Z,,,,,RAMA PAPER MILLS LTD.,17.2,17.7,16.34,17.43,17.7,17.2,,17.43,,,7531,131763.0,30,F1,1,,,,,,False
2026-10-01,2026-10-01,CM,BSE,STK,500360,INE350D01015,RAPICUT,XT,,,,,RAPICUT CARBIDES LTD.,283.85,283.85,267.25,269.8,276.75,281.3,,269.8,,,12316,3353344.0,167,F1,1,,,,,,False
2026-10-01,2026-10-01,CM,BSE,STK,500370,INE924A01013,SALORAINTL,X,,,,,SALORA INTERNATIONAL LTD.,26.63,26.63,25.1,25.69,25.91,26.06,,25.69,,,133,3458.0,7,F1,1,,,,,,False
2026-10-01,2026-10-01,CM,BSE,STK,500371,INE538C01017,SAMTELIN,XT,,,,,SAMTEL INDIA LTD.,55.85,55.85,55.85,55.85,55.85,56.98,,55.85,,,4890,273106.0,32,F1,1,,,,,,False
2026-10-01,2026-10-01,CM,BSE,STK,500388,INE970C01012,SKPMIL,XT,,,,,SHREE KRISHNA PAPER MILLS & IN,93.99,94.15,93.99,94.15,94.15,94.15,,94.15,,,1600,150632.0,8,F1,1,,,,,,False
2026-10-01,2026-10-01,CM,BSE,STK,500399,INE629B01032,STEELCO,X,,,,,STEELCO GUJARAT LTD.,203.0,210.95,202.75,202.75,202.75,206.85,,202.75,,,13110,2715415.0,108,F1,1,,,,,,False
2026-10-01,2026-10-01,CM,BSE,STK,500421,INE578C01021,TPINDIA,XT,,,,,TPI INDIA LTD.,16.65,18.32,16.6,18.14,18.31,17.45,,18.14,,,19618,347984.0,50,F1,1,,,,,,False
2026-10-01,2026-10-01,CM,BSE,STK,500422,INE019B01010,TRANSCHEM,XT,,,,,TRANSCHEM LTD.,401.0,417.0,401.0,415.15,412.0,416.5,,415.15,,,4688,1947099.0,150,F1,1,,,,,,False
2026-10-01,2026-10-01,CM,BSE,STK,500426,INE184E01024,UTLINDS,X,,,,,UTL INDUSTRIES LIMITED,1.4,1.4,1.4,1.4,1.4,1.42,,1.4,,,2675,3745.0,7,F1,1,,,,,,False
2026-10-01,2026-10-01,CM,BSE,STK,500449,INE048A01011,HOCL,T,,,,,HINDUSTAN ORGANIC CHEMICALS LT,52.76,55.6,50.32,52.84,52.84,52.96,,52.84,,,410262,21479984.0,1110,F1,1,,,,,,False
2026-10-01,2026-10-01,CM,BSE,STK,500450,INE844C01027,MPILCORPL,XT,,,,,MPIL CORPORATION LTD.,439.0,439.0,439.0,439.0,439.0,462.1,,439.0,,,10,4390.0,1,F1,1,,,,,,False
2026-10-01,2026-10-01,CM,BSE,STK,500458,INE601A01017,TEAM24,X,,,,,TEAM24 CONSUMER PRODUCTS LIMIT,26.2,27.47,25.5,27.37,27.37,27.69,,27.37,,,388,10211.0,12,F1,1,,,,,,False
2026-10-01,2026-10-01,CM,BSE,STK,500500,INE253A01025,HINDMOTORS,X,,,,,HINDUSTAN MOTORS LTD.,15.33,15.49,14.57,14.81,14.81,15.33,,14.81,,,243461,3597101.0,1416,F1,1,,,,,,False
2026-10-01,2026-10-01,CM,BSE,STK,501148,INE422D01012,DSINVEST,XT,,,,,DALAL STREET INVESTMENTS LTD.,376.0,383.0,368.5,368.5,368.5,376.0,,368.5,,,112,41423.0,7,F1,1,,,,,,False
2026-10-01,2026-10-01,CM,BSE,STK,501151,INE524U01019,KARTKIN,XT,,,,,KARTIK INVESTMENTS TRUST LTD.,7000.0,7000.0,7000.0,7000.0,7000.0,7043.0,,7000.0,,,1,7000.0,1,F1,1,,,,,,False
2026-10-01,2026-10-01,CM,BSE,STK,501261,INE567L01025,LORDSMARK,XT,,,,,Lords Mark Industries Limited,78.8,80.3,76.81,79.43,79.43,80.85,,79.43,,,1746965,136276307.0,2126,F1,1,,,,,,False
2026-10-01,2026-10-01,CM,BSE,STK,501270,INE825M01017,ANTARIKSH,XT,,,,,ANTARIKSH INDUSTRIES LIMITED,19.27,19.27,19.27,19.27,19.27,18.9,,19.27,,,1,19.0,1,F1,1,,,,,,False
2026-10-01,2026-10-01,CM,BSE,STK,501370,INE695D01021,WALCHPF,X,,,,,WALCHAND PEOPLEFIRST LTD.,124.0,130.0,121.05,128.0,128.0,124.5,,128.0,,,1745,221267.0,25,F1,1,,,,,,False
2026-10-01,2026-10-01,CM,BSE,STK,501430,INE691K01017,BOMBCYC,X,,,,,BOMBAY CYCLE & MOTOR AGENCY LT,1535.8,1536.15,1516.1,1520.0,1520.0,1530.0,,1520.0,,,137,209546.0,10,F1,1,,,,,,False
2026-10-01,2026-10-01,CM,BSE,STK,501700,INE131H01028,INDIANVSH,X,,,,,INDIANIVESH LTD.,6.8,6.8,6.55,6.72,6.72,6.54,,6.72,,,688,4639.0,10,F1,1,,,,,,False
2026-10-01,2026-10-01,CM,BSE,STK,501833,INE490A01015,CHOWGULSTM,X,,,,,CHOWGULE STEAMSHIPS LTD.,20.0,20.39,19.5,20.29,20.29,20.07,,20.29,,,3067,61516.0,32,F1,1,,,,,,False
2026-10-01,2026-10-01,CM,BSE,STK,501848,INE446C01013,GARWAOFFS,X,,,,,GARWARE OFFSHORE SERVICES LIMI,43.29,43.29,40.16,40.16,40.16,42.27,,40.16,,,21178,856011.0,110,F1,1,,,,,,False
2026-10-01,2026-10-01,CM,BSE,STK,501945,INE758D01027,DHENUBUILD,Z,,,,,DHENU BUILDCON INFRA LTD.,5.62,5.76,5.24,5.66,5.68,5.51,,5.66,,,60214,323771.0,141,F1,1,,,,,,False
2026-10-01,2026-10-01,CM,BSE,STK,502015,INE443A01030,ASIIL,X,,,,,ASI INDUSTRIES LIMITED,23.59,23.59,22.38,22.67,22.61,23.15,,22.67,,,6112,139682.0,73,F1,1,,,,,,False
2026-10-01,2026-10-01,CM,BSE,STK,502281,INE094C01011,TRIVENIGQ,XT,,,,,TRIVENI GLASS LTD.,7.38,7.38,7.3,7.3,7.3,7.44,,7.3,,,1802,13172.0,7,F1,1,,,,,,False
2026-10-01,2026-10-01,CM,BSE,STK,502445,INE906D01014,CITADEL,X,,,,,CITADEL REALTY AND DEVELOPERS,36.7,36.7,31.5,33.11,33.8,35.0,,33.11,,,5338,178439.0,75,F1,1,,,,,,False
2026-10-01,2026-10-01,CM,BSE,STK,502587,INE777A01023,NATHIND,X,,,,,NATH INDUSTRIES LIMITED,50.49,50.52,49.5,50.0,50.0,50.49,,50.0,,,4738,236824.0,22,F1,1,,,,,,False
2026-10-01,2026-10-01,CM,BSE,STK,502865,INE518A01013,FORBESCO,X,,,,,FORBES & COMPANY LTD.,297.05,303.0,281.05,289.35,289.35,298.5,,289.35,,,7714,2237444.0,193,F1,1,,,,,,False
2026-10-01,2026-10-01,CM,BSE,STK,502873,INE950C01014,HPCOTTON,X,,,,,H.P.COTTON TEXTILE MILLS LTD.,86.86,86.86,86.0,86.03,86.0,86.0,,86.03,,,26,2236.0,2,F1,1,,,,,,False
2026-10-01,2026-10-01,CM,BSE,STK,502893,INE706D01018,UNITEDINT,X,,,,,UNITED INTERACTIVE LTD.,57.1,62.78,57.1,62.78,62.78,59.85,,62.78,,,119,7346.0,10,F1,1,,,,,,False
2026-10-01,2026-10-01,CM,BSE,STK,502901,INE462D01034,JAMSHRI,X,,,,,JAMSHRI REALTY LIMITED,75.0,75.0,73.16,73.36,73.36,75.81,,73.36,,,1677,124329.0,22,F1,1,,,,,,False
2026-10-01,2026-10-01,CM,BSE,STK,502933,INE498G01015,KATRSPG,X,,,,,KATARE SPINNING MILLS LTD.,97.35,97.35,97.35,97.35,97.35,97.35,,97.35,,,1,97.0,1,F1,1,,,,,,False
2026-10-01,2026-10-01,CM,BSE,STK,503092,INE909B01020,PASUSPG,X,,,,,PASUPATI SPG.& WVG.MILLS LTD.,37.15,37.15,37.09,37.15,37.15,35.49,,37.15,,,161,5975.0,10,F1,1,,,,,,False
2026-10-01,2026-10-01,CM,BSE,STK,503127,INE491N01016,RAJABAH,X,,,,,RAJA BAHADUR INTERNATIONAL LTD,4950.0,4950.0,4950.0,4950.0,4950.0,4925.0,,4950.0,,,5,24750.0,1,F1,1,,,,,,False
2026-10-01,2026-10-01,CM,BSE,STK,503349,INE203D01016,VICTMILL,XT,,,,,VICTORIA MILLS LTD.,8330.0,8330.0,7916.0,8245.0,8245.0,8330.0,,8245.0,,,27,219560.0,10,F1,1,,,,,,False
2026-10-01,2026-10-01,CM,BSE,STK,503624,INE406N01014,ZSVARAJT,X,,,,,SVARAJ TRADING & AGENCIES LTD.,7.11,7.43,6.97,6.97,6.97,7.1,,6.97,,,1461,10408.0,9,F1,1,,,,,,False
2026-10-01,2026-10-01,CM,BSE,STK,503635,INE315N01017,SALSAIN,XT,,,,,SHREE SALASAR INVESTMENT LTD.,369.0,369.0,350.55,365.0,365.0,369.0,,365.0,,,29,10407.0,12,F1,1,,,,,,False
2026-10-01,2026-10-01,CM,BSE,STK,503639,INE314N01028,APOLLOIN,XT,,,,,Apollo Ingredients Limited,83.56,86.96,83.56,86.96,86.96,85.26,,86.96,,,11694,983231.0,39,F1,1,,,,,,False
2026-10-01,2026-10-01,CM,BSE,STK,503641,INE945J01027,ZODIACVEN,X,,,,,ZODIAC VENTURES LIMITED,1.63,1.63,1.51,1.54,1.54,1.6,,1.54,,,82257,128814.0,109,F1,1,,,,,,False
2026-10-01,2026-10-01,CM,BSE,STK,503657,INE255E01030,VEERENRGY,X,,,,,VEER ENERGY & INFRASTRUCTURE L,12.69,13.16,12.51,12.76,12.58,12.77,,12.76,,,9886,125981.0,60,F1,1,,,,,,False
2026-10-01,2026-10-01,CM,BSE,STK,503659,INE948K01011,SW1,XT,,,,,SW INVESTMENTS LTD,190.4,194.15,186.55,186.55,186.55,190.35,,186.55,,,1546,288587.0,6,F1,1,,,,,,False
2026-10-01,2026-10-01,CM,BSE,STK,503663,INE026L01022,TILAK,X,,,,,Tilak Ventures Limited,1.26,1.29,1.24,1.26,1.26,1.26,,1.26,,,792347,1004047.0,557,F1,1,,,,,,False
2026-10-01,2026-10-01,CM,BSE,STK,503675,INE786K01023,WAGEND,X,,,,,WAGEND INFRA VENTURE LIMITED,1.29,1.29,1.25,1.25,1.25,1.3,,1.25,,,19619,24685.0,17,F1,1,,,,,,False
2026-10-01,2026-10-01,CM,BSE,STK,503685,INE828I01019,MEDIAONE,Z,,,,,MEDIAONE GLOBAL ENTERTAINMENT,13.7,13.7,13.3,13.57,13.57,13.89,,13.57,,,758,10284.0,6,F1,1,,,,,,False
2026-10-01,2026-10-01,CM,BSE,STK,503772,INE380D01012,MODWOOL,X,,,,,MODELLA WOOLLENS LTD.,60.02,60.02,60.02,60.02,60.02,59.88,,60.02,,,5,300.0,2,F1,1,,,,,,False
2026-10-01,2026-10-01,CM,BSE,STK,503776,INE170C01019,MODIPON,X,,,,,MODIPON LTD.,45.04,45.04,42.79,42.79,42.79,45.04,,42.79,,,131,5607.0,8,F1,1,,,,,,False
2026-10-01,2026-10-01,CM,BSE,STK,503804,INE204C01024,SHRIDINE,XT,,,,,SHRI DINESH MILLS LTD.,364.05,370.0,364.05,368.0,368.0,372.2,,368.0,,,62,22813.0,5,F1,1,,,,,,False
2026-10-01,2026-10-01,CM,BSE,STK,503816,INE243N01029,SWADPOL,X,,,,,SWADESHI POLYTEX LTD.,32.05,33.49,30.65,32.17,32.99,32.5,,32.17,,,1943,63141.0,47,F1,1,,,,,,False
2026-10-01,2026-10-01,CM,BSE,STK,503837,INE796C01011,SHRAJSYNQ,X,,,,,SHREE RAJASTHAN SYNTEX LTD.,10.0,10.02,10.0,10.02,10.02,9.55,,10.02,,,1753,17555.0,6,F1,1,,,,,,False
2026-10-01,2026-10-01,CM,BSE,STK,504028,INE064H01021,GEE,XT,,,,,GEE LTD.,129.0,130.65,123.0,125.05,125.5,128.3,,125.05,,,110123,13754551.0,152,F1,1,,,,,,False
2026-10-01,2026-10-01,CM,BSE,STK,504076,INE511D01012,JYOTI,X,,,,,JYOTI LTD.,60.8,60.97,56.3,57.67,57.35,59.7,,57.67,,,26878,1559000.0,232,F1,1,,,,,,False
2026-10-01,2026-10-01,CM,BSE,STK,504080,INE581L01018,JSLINDL,X,,,,,JSL INDUSTRIES LTD.,857.9,857.9,857.9,857.9,857.9,857.9,,857.9,,,25,21447.0,2,F1,1,,,,,,False
2026-10-01,2026-10-01,CM,BSE,STK,504084,INE813G01023,KAYCEEI,X,,,,,KAYCEE INDUSTRIES LTD.,813.0,830.0,802.0,809.5,807.0,813.2,,809.5,,,687,557133.0,61,F1,1,,,,,,False
2026-10-01,2026-10-01,CM,BSE,STK,504093,INE795A01017,PANAENERG,X,,,,,PANASONIC ENERGY INDIA COMPANY,245.25,246.9,236.0,239.4,243.0,242.4,,239.4,,,2778,671598.0,97,F1,1,,,,,,False
2026-10-01,2026-10-01,CM,BSE,STK,504176,INE783E01023,HIGHENE,X,,,,,HIGH ENERGY BATTERIES (INDIA),580.4,593.45,566.1,572.05,572.05,580.4,,572.05,,,5475,3169283.0,257,F1,1,,,,,,False
2026-10-01,2026-10-01,CM,BSE,STK,504180,INE502C01039,STDBAT,X,,,,,STANDARD BATTERIES LTD.,47.0,47.0,41.3,41.82,41.36,42.66,,41.82,,,2427,102958.0,50,F1,1,,,,,,False
2026-10-01,2026-10-01,CM,BSE,STK,504240,INE872E01016,DLTNCBL,XT,,,,,DELTON CABLES LTD.,709.1,709.1,678.15,690.65,700.0,711.25,,690.65,,,4430,3058826.0,203,F1,1,,,,,,False
2026-10-01,2026-10-01,CM,BSE,STK,504258,INE284C01018,LAKSELEC,X,,,,,LAKSHMI ELECTRICAL CONTROL SYS,770.65,775.0,750.0,765.55,765.55,778.6,,765.55,,,119,90073.0,43,F1,1,,,,,,False
2026-10-01,2026-10-01,CM,BSE,STK,504273,INE064R01012,MODULEX,Z,,,,,MODULEX CONSTRUCTION TECHNOLOG,15.5,15.75,14.33,15.56,15.56,15.08,,15.56,,,28856,434740.0,66,F1,1,,,,,,False
2026-10-01,2026-10-01,CM,BSE,STK,504340,INE180M01033,LONGSPUR,X,,,,,Longspur International Venture,7.8,8.22,7.8,8.22,8.22,7.83,,8.22,,,10390,85358.0,28,F1,1,,,,,,False
2026-10-01,2026-10-01,CM,BSE,STK,504356,INE017P01014,ZMULTIPU,X,,,,,MULTIPURPOSE TRADING & AGENCIE,7.7,8.16,7.7,8.16,8.16,8.08,,8.16,,,105,842.0,7,F1,1,,,,,,False
2026-10-01,2026-10-01,CM,BSE,STK,504369,INE927M01029,GRANDMA,XT,,,,,GRANDMA TRADING & AGENCIES LTD,0.52,0.52,0.51,0.51,0.51,0.52,,0.51,,,2493,1295.0,11,F1,1,,,,,,False
2026-10-01,2026-10-01,CM,BSE,STK,504378,INE812K01027,NYSSACORP,X,,,,,NYSSA CORPORATION LIMITED,2.02,2.1,1.99,1.99,1.99,2.04,,1.99,,,21832,44450.0,69,F1,1,,,,,,False
2026-10-01,2026-10-01,CM,BSE,STK,504380,INE952M01019,FLOMIC,X,,,,,FLOMIC GLOBAL LOGISTICS LIMITE,45.2,45.2,44.69,44.8,44.8,45.22,,44.8,,,197,8823.0,9,F1,1,,,,,,False
2026-10-01,2026-10-01,CM,BSE,STK,504392,INE537L01010,KRISHNA,XT,,,,,KRISHNA VENTURES LIMITED,46.0,46.0,45.08,46.0,46.0,46.0,,46.0,,,5215,237247.0,8,F1,1,,,,,,False
2026-10-01,2026-10-01,CM,BSE,STK,504397,INE932M01011,GANHOLD,XT,,,,,GANESH HOLDINGS LTD.,102.0,106.0,97.75,100.05,106.0,102.5,,100.05,,,183,18318.0,14,F1,1,,,,,,False
2026-10-01,2026-10-01,CM,BSE,STK,504605,INE361D01012,UNIABEXAL,X,,,,,UNI ABEX ALLOY PRODUCTS LTD.,4630.0,4630.0,4525.05,4569.0,4569.0,4639.3,,4569.0,,,127,580191.0,36,F1,1,,,,,,False
2026-10-01,2026-10-01,CM,BSE,STK,504646,INE106G01014,BGWTATO,XT,,,,,BHAGWATI AUTOCAST LTD.,703.0,744.95,702.6,719.95,720.0,739.55,,719.95,,,1895,1345167.0,83,F1,1,,,,,,False
2026-10-01,2026-10-01,CM,BSE,STK,504648,INE089T01023,BOMBWIR,X,,,,,BOMBAY WIRE ROPES LTD.,41.0,41.0,41.0,41.0,41.0,40.9,,41.0,,,251,10291.0,5,F1,1,,,,,,False
2026-10-01,2026-10-01,CM,BSE,STK,504746,INE359D01024,INLCM,X,,,,,INDIAN LINK CHAIN MANUFACTURES,235.1,242.95,230.1,230.1,230.1,242.2,,230.1,,,7029,1628425.0,179,F1,1,,,,,,False
2026-10-01,2026-10-01,CM,BSE,STK,504810,INE123E01014,INFORTEC,X,,,,,INFORMED TECHNOLOGIES INDIA LT,80.0,80.0,76.0,76.0,76.0,80.0,,76.0,,,6,472.0,5,F1,1,,,,,,False
2026-10-01,2026-10-01,CM,BSE,STK,504840,INE375D01012,KAIRA,X,,,,,KAIRA CAN CO.LTD.,1342.0,1342.0,1342.0,1342.0,1342.0,1343.8,,1342.0,,,1,1342.0,1,F1,1,,,,,,False
2026-10-01,2026-10-01,CM,BSE,STK,504903,INE336C01016,RATHIST,XT,,,,,RATHI STEEL & POWER LTD.,21.8,21.95,20.44,20.44,20.44,21.51,,20.44,,,131834,2727130.0,188,F1,1,,,,,,False
2026-10-01,2026-10-01,CM,BSE,STK,504908,INE340F01011,DUNCANENG,X,,,,,Duncan Engineering Limited,328.35,328.35,322.15,322.15,322.15,330.0,,322.15,,,59,19215.0,4,F1,1,,,,,,False
2026-10-01,2026-10-01,CM,BSE,STK,504959,INE755D01015,STOVACQ,X,,,,,STOVEC INDUSTRIES LTD.,1620.0,1620.0,1588.0,1602.0,1602.0,1631.4,,1602.0,,,383,614126.0,36,F1,1,,,,,,False
2026-10-01,2026-10-01,CM,BSE,STK,505212,INE280F01019,JAINEX,XT,,,,,JAINEX AAMCOL LTD.,180.0,187.65,179.15,180.3,185.95,188.55,,180.3,,,88,15789.0,8,F1,1,,,,,,False
2026-10-01,2026-10-01,CM,BSE,STK,505250,INE631D01026,GGDPROP,X,,,,,G. G. Dandekar Properties Limi,85.88,85.88,76.31,84.36,80.0,84.2,,84.36,,,271,21845.0,17,F1,1,,,,,,False
2026-10-01,2026-10-01,CM,BSE,STK,505299,INE731D01024,KPT,X,,,,,KPT INDUSTRIES LIMITED,521.0,521.0,475.25,484.0,476.1,498.95,,484.0,,,666,324173.0,63,F1,1,,,,,,False
2026-10-01,2026-10-01,CM,BSE,STK,505302,INE718M01022,LAKSHMIEW,X,,,,,LAKSHMI ENGINEERING AND WAREHO,2500.1,2500.1,2375.5,2418.0,2418.0,2500.0,,2418.0,,,16,38716.0,6,F1,1,,,,,,False
2026-10-01,2026-10-01,CM,BSE,STK,505336,INE098E01026,HARSHILAGR,XT,,,,,HARSHIL AGROTECH LIMITED,0.26,0.26,0.24,0.25,0.25,0.25,,0.25,,,3470314,876337.0,501,F1,1,,,,,,False
2026-10-01,2026-10-01,CM,BSE,STK,505343,INE811D01024,MONOT,X,,,,,MONOTYPE INDIA LTD.,0.28,0.28,0.26,0.28,0.28,0.28,,0.28,,,1580673,428130.0,388,F1,1,,,,,,False
2026-10-01,2026-10-01,CM,BSE,STK,505358,INE984B01023,INTEGRAEN,X,,,,,INTEGRA ENGINEERING INDIA LTD.,186.0,188.8,177.0,180.25,180.0,185.85,,180.25,,,28845,5256225.0,155,F1,1,,,,,,False
2026-10-01,2026-10-01,CM,BSE,STK,505502,INE953M01033,PSITINFRA,XT,,,,,PS IT INFRASTRUCTURE & SERVICE,1.92,1.92,1.87,1.92,1.92,1.89,,1.92,,,48663,93417.0,38,F1,1,,,,,,False
2026-10-01,2026-10-01,CM,BSE,STK,505504,INE809Q01020,GHVINFRA,T,,,,,GHV INFRA PROJECTS LIMITED,272.5,272.5,263.0,263.75,269.0,273.5,,263.75,,,3928,1045527.0,82,F1,1,,,,,,False
2026-10-01,2026-10-01,CM,BSE,STK,505515,INE203N01015,SHYMINV,X,,,,,SHYAMKAMAL INVESTMENTS LTD.,14.79,14.8,14.07,14.71,14.8,14.7,,14.71,,,77407,1123495.0,159,F1,1,,,,,,False
2026-10-01,2026-10-01,CM,BSE,STK,505523,INE272E01027,MAHACORP,X,,,,,MAHARASHTRA CORPORATION LTD.,0.29,0.3,0.28,0.28,0.28,0.29,,0.28,,,1220966,351578.0,299,F1,1,,,,,,False
2026-10-01,2026-10-01,CM,BSE,STK,505650,INE178E01026,SKYLMILAR,X,,,,,SKYLINE MILLARS LTD.,9.24,9.47,9.24,9.4,9.4,9.06,,9.4,,,3509,32853.0,22,F1,1,,,,,,False
2026-10-01,2026-10-01,CM,BSE,STK,505690,INE856A01017,BRADYM,X,,,,,BRADY & MORRIS ENGINEERING CO.,670.45,670.45,632.3,642.8,642.8,667.15,,642.8,,,566,371175.0,52,F1,1,,,,,,False
2026-10-01,2026-10-01,CM,BSE,STK,505693,INE501N01020,LATIMMETAL,X,,,,,La Tim Metal & Industries Limi,10.28,10.28,9.95,10.03,10.0,10.29,,10.03,,,43831,439836.0,95,F1,1,,,,,,False
2026-10-01,2026-10-01,CM,BSE,STK,505712,INE705G01021,HIMTEK,XT,,,,,HIM TEKNOFORGE LIMITED,253.0,260.0,241.05,253.4,259.0,253.05,,253.4,,,20918,5235827.0,103,F1,1,,,,,,False
2026-10-01,2026-10-01,CM,BSE,STK,505720,INE688E01024,HERCULES,X,,,,,Hercules Investments Limited,111.0,111.0,107.25,108.15,108.9,109.7,,108.15,,,4369,475604.0,108,F1,1,,,,,,False
2026-10-01,2026-10-01,CM,BSE,STK,505737,INE403C01014,INTLCOMBQ,X,,,,,INTERNATIONAL COMBUSTION (INDI,433.0,441.9,421.25,437.3,426.1,430.0,,437.3,,,2391,1015549.0,30,F1,1,,,,,,False
2026-10-01,2026-10-01,CM,BSE,STK,505750,INE636D01041,JOSTS,X,,,,,JOSTS ENGINEERING CO.LTD.,225.8,226.8,213.1,215.6,215.6,225.7,,215.6,,,8100,1770228.0,164,F1,1,,,,,,False
2026-10-01,2026-10-01,CM,BSE,STK,505797,INE860N01012,MPCOSEMB,X,,,,,MIPCO SEAMLESS RINGS (GUJARAT),44.34,44.34,40.19,40.19,40.19,42.3,,40.19,,,14989,652020.0,51,F1,1,,,,,,False
2026-10-01,2026-10-01,CM,BSE,STK,505807,INE775R01013,ROLCOEN,P,,,,,ROLCON ENGINEERING CO.LTD.,497.1,497.1,497.1,497.1,497.1,522.0,,497.1,,,50,24855.0,1,F1,50,,,,,,False
2026-10-01,2026-10-01,CM,BSE,STK,505827,INE568F01017,SNL,X,,,,,SNL BEARINGS LTD.,455.25,455.25,440.15,441.85,442.75,456.6,,441.85,,,1298,586239.0,62,F1,1,,,,,,False
2026-10-01,2026-10-01,CM,BSE,STK,505840,INE058D01030,JAIPAN,XT,,,,,JAIPAN INDUSTRIES LTD.,43.13,43.13,42.9,43.13,43.13,41.08,,43.13,,,11989,517084.0,62,F1,1,,,,,,False
2026-10-01,2026-10-01,CM,BSE,STK,505893,INE724D01011,HINDHARD,X,,,,,HINDUSTAN HARDY LIMITED,784.7,785.0,745.0,766.2,752.25,769.7,,766.2,,,755,580539.0,52,F1,1,,,,,,False
2026-10-01,2026-10-01,CM,BSE,STK,506003,INE618D01015,SUDAI,X,,,,,SUDAL INDUSTRIES LTD.,53.84,54.09,51.18,53.54,53.8,53.84,,53.54,,,1651,87292.0,23,F1,1,,,,,,False
2026-10-01,2026-10-01,CM,BSE,STK,506122,INE820M01026,VOLKAI,XT,,,,,Kairosoft AI Solutions Limited,18.49,18.49,16.83,18.27,18.39,17.7,,18.27,,,145555,2620440.0,283,F1,1,,,,,,False
2026-10-01,2026-10-01,CM,BSE,STK,506134,INE512D01028,GOURMET,XT,,,,,GOURMET GATEWAY INDIA LIMITED,11.0,11.0,10.39,10.39,10.39,10.93,,10.39,,,25521,266267.0,41,F1,1,,,,,,False
2026-10-01,2026-10-01,CM,BSE,STK,506166,INE070K01014,APIS,X,,,,,APIS INDIA LTD.,52.0,52.0,50.1,50.9,50.9,50.41,,50.9,,,2075,105161.0,76,F1,1,,,,,,False
2026-10-01,2026-10-01,CM,BSE,STK,506180,INE668L01013,EMERGENT,XT,,,,,EMERGENT INDUSTRIAL SOLUTIONS,379.05,399.0,379.05,398.0,398.0,380.95,,398.0,,,44,16847.0,6,F1,1,,,,,,False
2026-10-01,2026-10-01,CM,BSE,STK,506186,INE403B01016,GSLTD,X,,,,,GALAXY SUPERMARKET LIMITED,18.85,19.21,17.82,19.19,19.2,18.4,,19.19,,,15013,287994.0,51,F1,1,,,,,,False
2026-10-01,2026-10-01,CM,BSE,STK,506365,INE320M01019,STARSOURCE,X,,,,,STARSOURCE MULTITRADE LIMITED,81.25,81.25,79.0,79.0,79.0,81.25,,79.0,,,223,18014.0,7,F1,1,,,,,,False
2026-10-01,2026-10-01,CM,BSE,STK,506520,INE693E01016,JAYCH,X,,,,,JAYSHREE CHEMICALS LTD.,6.93,6.93,6.11,6.42,6.47,6.48,,6.42,,,28296,179824.0,123,F1,1,,,,,,False
2026-10-01,2026-10-01,CM,BSE,STK,506528,INE881E01017,KELENRG,XT,,,,,KELTECH ENERGIES LTD.,14553.2,14553.2,13521.6,13873.15,13873.15,13860.2,,13873.15,,,3141,44962760.0,537,F1,1,,,,,,False
2026-10-01,2026-10-01,CM,BSE,STK,506543,INE468C01017,MPAGI,XT,,,,,M.P.AGRO INDUSTRIES LTD.,10.23,10.23,10.23,10.23,10.23,10.23,,10.23,,,41,419.0,5,F1,1,,,,,,False
2026-10-01,2026-10-01,CM,BSE,STK,506579,INE321D01016,AGVENTURES,X,,,,,AG VENTURES LIMITED,121.65,128.0,121.3,127.2,127.9,121.3,,127.2,,,8115,1017568.0,135,F1,1,,,,,,False
2026-10-01,2026-10-01,CM,BSE,STK,506605,INE752B01024,POLYCHEM,X,,,,,POLYCHEM LTD.,1841.0,1841.0,1815.0,1831.95,1839.95,1847.25,,1831.95,,,58,105914.0,19,F1,1,,,,,,False
2026-10-01,2026-10-01,CM,BSE,STK,506640,INE218N01021,ZR2,X,,,,,ZR2 BIOENERGY LIMITED,137.9,137.9,136.5,136.5,136.5,131.35,,136.5,,,5,688.0,4,F1,1,,,,,,False
2026-10-01,2026-10-01,CM,BSE,STK,506854,INE639B01023,TANFACIND,B,,,,,TANFAC INDUSTRIES LTD.,3225.05,3291.05,3209.95,3259.05,3259.05,3263.75,,3259.05,,,8390,27354122.0,782,F1,1,,,,,,False
2026-10-01,2026-10-01,CM,BSE,STK,506858,INE636P01011,GUJPETR,X,,,,,GUJARAT PETROSYNTHESE LTD.,50.1,52.8,48.3,51.36,51.36,54.4,,51.36,,,224,11466.0,20,F1,1,,,,,,False
2026-10-01,2026-10-01,CM,BSE,STK,506863,INE716M01034,SWADEIN,X,,,,,SWADESHI INDUSTRIES LEASING CO,75.99,77.99,68.1,76.08,74.5,75.38,,76.08,,,7817,575867.0,109,F1,1,,,,,,False
2026-10-01,2026-10-01,CM,BSE,STK,506935,INE423K01015,CONTCHM,X,,,,,CONTINENTAL CHEMICALS LTD.,55.12,55.12,55.12,55.12,55.12,55.12,,55.12,,,2,110.0,2,F1,1,,,,,,False
2026-10-01,2026-10-01,CM,BSE,STK,506947,INE334N01018,ADVPETR-B,XT,,,,,ADVANCE PETROCHEMICALS LTD.,864.95,868.9,855.0,868.9,868.9,827.55,,868.9,,,1251,1085396.0,85,F1,1,,,,,,False
2026-10-01,2026-10-01,CM,BSE,STK,506979,INE046E01025,APTPACK,X,,,,,APT PACKAGING LTD.,68.39,68.39,64.98,67.6,67.6,68.39,,67.6,,,1643,109932.0,15,F1,1,,,,,,False
2026-10-01,2026-10-01,CM,BSE,STK,506981,INE472D01017,BLUECHIPT,X,,,,,BLUE CHIP TEX INDUSTRIES LTD.,112.0,115.95,112.0,112.0,112.0,112.0,,112.0,,,314,35435.0,16,F1,1,,,,,,False
2026-10-01,2026-10-01,CM,BSE,STK,507155,INE574A01016,JAGAJITIND,X,,,,,JAGATJIT INDUSTRIES LTD.,147.8,147.8,137.55,138.85,138.95,144.75,,138.85,,,12633,1770117.0,173,F1,1,,,,,,False
2026-10-01,2026-10-01,CM,BSE,STK,507180,INE133B01027,KESARENT,XT,,,,,KESAR ENTERPRISES LTD.,12.69,12.69,12.69,12.69,12.69,12.45,,12.69,,,145938,1851953.0,52,F1,1,,,,,,False
2026-10-01,2026-10-01,CM,BSE,STK,507265,INE044N01021,EMERALL,XT,,,,,Emerald Leisures Limited,295.0,296.0,290.0,290.0,290.0,290.0,,290.0,,,520,153232.0,7,F1,1,,,,,,False
2026-10-01,2026-10-01,CM,BSE,STK,507300,INE615A01025,RAVALSUGAR,X,,,,,The Ravalgaon Sugar Farm Limit,905.0,905.0,891.0,891.0,891.0,900.8,,891.0,,,258,231490.0,15,F1,1,,,,,,False
2026-10-01,2026-10-01,CM,BSE,STK,507474,INE991B01010,KFBL,X,,,,,KOTHARI FERMENTATION & BIOCHEM,40.61,42.0,39.1,39.96,40.0,42.35,,39.96,,,7683,308873.0,61,F1,1,,,,,,False
2026-10-01,2026-10-01,CM,BSE,STK,507486,INE470N01010,CAPRO,X,,,,,CAPROLACTAM CHEMICALS LTD.,47.76,47.76,47.76,47.76,47.76,48.0,,47.76,,,10,477.0,1,F1,1,,,,,,False
2026-10-01,2026-10-01,CM,BSE,STK,507498,INE544C01023,PICCASUG,X,,,,,PICCADILY SUGAR & ALLIED INDUS,34.6,35.87,33.33,34.85,35.87,33.8,,34.85,,,4958,170609.0,57,F1,1,,,,,,False
2026-10-01,2026-10-01,CM,BSE,STK,507515,INE557D01015,CJGEL,X,,,,,C.J.GELATINE PRODUCTS LTD.,27.0,27.0,24.61,24.65,24.65,25.9,,24.65,,,882,22451.0,16,F1,1,,,,,,False
2026-10-01,2026-10-01,CM,BSE,STK,507598,INE014E01015,KLRFM,X,,,,,KOVILPATTI LAKSHMI ROLLER FLOU,86.99,86.99,76.0,78.97,78.97,83.33,,78.97,,,5266,409691.0,83,F1,1,,,,,,False
2026-10-01,2026-10-01,CM,BSE,STK,507609,INE286E01019,OLYOI,X,,,,,OLYMPIC OIL INDUSTRIES LTD.,30.8,30.8,30.8,30.8,30.8,30.8,,30.8,,,161,4958.0,3,F1,1,,,,,,False
2026-10-01,2026-10-01,CM,BSE,STK,507645,INE339F01021,POLSON,X,,,,,POLSON LTD.,10601.7,10601.7,10601.7,10601.7,10601.7,10601.7,,10601.7,,,1,10601.0,1,F1,1,,,,,,False
2026-10-01,2026-10-01,CM,BSE,STK,507690,INE247F01018,ORIBEVER,X,,,,,ORIENT BEVERAGES LTD.,176.9,176.9,157.0,161.85,161.85,172.05,,161.85,,,2319,381250.0,114,F1,1,,,,,,False
2026-10-01,2026-10-01,CM,BSE,STK,507759,INE891G01011,LIMECHM,X,,,,,LIME CHEMICALS LTD.,14.66,14.66,14.3,14.3,14.3,15.05,,14.3,,,3391,49449.0,12,F1,1,,,,,,False
2026-10-01,2026-10-01,CM,BSE,STK,507813,INE296D01010,NOL,X,,,,,NATIONAL OXYGEN LTD.,54.0,58.0,54.0,55.0,55.0,53.61,,55.0,,,2110,119803.0,33,F1,1,,,,,,False
2026-10-01,2026-10-01,CM,BSE,STK,507817,INE469D01013,WIREFABR,X,,,,,WIRES & FABRIKS (SA) LTD.,166.65,166.65,166.65,166.65,166.65,166.65,,166.65,,,1,166.0,1,F1,1,,,,,,False
2026-10-01,2026-10-01,CM,BSE,STK,507828,INE880B01015,ANSALHSG,X,,,,,ANSAL HOUSING LIMITED,5.0,5.3,4.8,4.95,5.0,4.83,,4.95,,,48530,244776.0,95,F1,1,,,,,,False
2026-10-01,2026-10-01,CM,BSE,STK,507833,INE607B01012,COMPUPN,X,,,,,COMPUTER POINT LTD.,3.34,3.34,3.13,3.26,3.26,3.27,,3.26,,,14951,47713.0,55,F1,1,,,,,,False
2026-10-01,2026-10-01,CM,BSE,STK,507872,INE372I01018,ASHNOOR,X,,,,,ASHNOOR TEXTILE MILLS LTD.,53.5,53.5,51.05,51.06,52.78,51.74,,51.06,,,6165,320762.0,40,F1,1,,,,,,False
2026-10-01,2026-10-01,CM,BSE,STK,507946,INE845A01028,KIDUJA,X,,,,,KIDUJA INDIA LTD.,19.3,21.49,18.9,19.21,19.65,20.99,,19.21,,,7176,137529.0,51,F1,1,,,,,,False
2026-10-01,2026-10-01,CM,BSE,STK,507948,INE130F01016,KEYCORP,X,,,,,KEY CORP LTD.,72.98,72.98,66.58,71.8,71.8,70.0,,71.8,,,1042,70288.0,25,F1,1,,,,,,False
2026-10-01,2026-10-01,CM,BSE,STK,507960,INE621C01011,GUJHOTE,X,,,,,GUJARAT HOTELS LTD.,176.55,181.1,174.0,181.0,181.0,179.0,,181.0,,,1391,245548.0,26,F1,1,,,,,,False
2026-10-01,2026-10-01,CM,BSE,STK,507962,INE455H01021,FYNX,XT,,,,,FYNX CAPITAL LIMITED,6.17,6.3,6.05,6.25,6.3,6.17,,6.25,,,6510,40684.0,27,F1,1,,,,,,False
2026-10-01,2026-10-01,CM,BSE,STK,507966,INE651D01016,RASRESOR,X,,,,,RAS RESORTS & APART HOTELS LTD,54.75,58.0,54.75,54.76,54.76,53.6,,54.76,,,96,5259.0,4,F1,1,,,,,,False
2026-10-01,2026-10-01,CM,BSE,STK,507968,INE289M01016,JOLYPLS,X,,,,,JOLLY PLASTIC INDUSTRIES LTD.,43.62,43.62,43.61,43.61,43.61,43.18,,43.61,,,21,916.0,2,F1,1,,,,,,False
2026-10-01,2026-10-01,CM,BSE,STK,507970,INE143I01013,PARMCOS-B,X,,,,,PARAMOUNT COSMETICS (INDIA) LT,36.1,36.1,34.5,34.5,34.5,36.12,,34.5,,,175,6138.0,11,F1,1,,,,,,False
2026-10-01,2026-10-01,CM,BSE,STK,507981,INE726D01016,JINDHOT,X,,,,,JINDAL HOTELS LTD.,63.47,63.47,60.06,61.0,61.0,62.23,,61.0,,,823,51300.0,16,F1,1,,,,,,False
2026-10-01,2026-10-01,CM,BSE,STK,507998,INE657D01021,SIMMOND,X,,,,,SIMMONDS MARSHALL LTD.,232.5,235.0,227.7,232.0,231.95,232.9,,232.0,,,10905,2544844.0,93,F1,1,,,,,,False
2026-10-01,2026-10-01,CM,BSE,STK,508494,INE712A01012,WARRENTEA,X,,,,,WARREN TEA LTD.,45.0,45.55,43.2,43.61,43.61,45.0,,43.61,,,1829,80921.0,22,F1,1,,,,,,False
2026-10-01,2026-10-01,CM,BSE,STK,508664,INE553F01035,BESTEAST,XT,,,,,BEST EASTERN HOTELS LTD.,14.0,14.5,14.0,14.5,14.5,14.5,,14.5,,,1555,22170.0,5,F1,1,,,,,,False
2026-10-01,2026-10-01,CM,BSE,STK,508867,INE800K01014,NEWMKTAVE,XT,,,,,NEW MARKETS AVENUE LIMITED,95.31,97.21,93.43,97.21,97.21,95.31,,97.21,,,223,21256.0,11,F1,1,,,,,,False
2026-10-01,2026-10-01,CM,BSE,STK,508875,INE861H01020,NITINCAST,XT,,,,,Nitin Castings Limited,464.0,473.0,455.45,473.0,473.0,479.4,,473.0,,,19,8802.0,8,F1,1,,,,,,False
2026-10-01,2026-10-01,CM,BSE,STK,508905,INE641A01013,NEXOME,X,,,,,NEXOME CAPITAL MARKETS LIMITED,84.75,86.89,83.03,83.12,83.03,87.4,,83.12,,,5480,458208.0,79,F1,1,,,,,,False
2026-10-01,2026-10-01,CM,BSE,STK,508918,INE791H01011,IRONWOOD,X,,,,,IRONWOOD EDUCATION LIMITED,44.0,44.11,43.5,43.5,43.5,44.11,,43.5,,,5910,259377.0,20,F1,1,,,,,,False
2026-10-01,2026-10-01,CM,BSE,STK,508941,INE013E01017,PANCARBON,X,,,,,PANASONIC CARBON INDIA CO.LTD.,398.0,403.65,392.0,393.35,397.0,398.0,,393.35,,,2635,1038899.0,50,F1,1,,,,,,False
2026-10-01,2026-10-01,CM,BSE,STK,508956,INE549B01016,HBLEAS,X,,,,,HB LEASING & FINANCE CO.LTD.,10.35,10.35,9.8,10.29,10.29,10.53,,10.29,,,6199,62039.0,34,F1,1,,,,,,False
2026-10-01,2026-10-01,CM,BSE,STK,508961,INE753D01010,SHRICON,XT,,,,,SHRICON INDUSTRIES LTD.,199.9,213.0,199.9,209.9,209.9,205.0,,209.9,,,82,16903.0,6,F1,1,,,,,,False
2026-10-01,2026-10-01,CM,BSE,STK,508969,INE673M01029,SULABEN,X,,,,,SULABH ENGINEERS & SERVICES LT,2.52,2.65,2.45,2.5,2.5,2.5,,2.5,,,8633,21486.0,41,F1,1,,,,,,False
2026-10-01,2026-10-01,CM,BSE,STK,508980,INE977E01013,FRONTCAP,XT,,,,,FRONTIER CAPITAL LIMITED,10.7,10.7,10.25,10.26,10.25,10.68,,10.26,,,7137,73544.0,8,F1,1,,,,,,False
2026-10-01,2026-10-01,CM,BSE,STK,509015,INE190F01028,THAKRAL,X,,,,,THAKRAL SERVICES (INDIA) LTD.,13.75,13.75,13.75,13.75,13.75,13.75,,13.75,,,7,96.0,2,F1,1,,,,,,False
2026-10-01,2026-10-01,CM,BSE,STK,509024,INE088E01019,GOLDLEG,X,,,,,GOLDEN LEGAND LEASING & FINANC,8.0,8.0,7.22,7.9,7.98,7.59,,7.9,,,2465,18943.0,39,F1,1,,,,,,False
2026-10-01,2026-10-01,CM,BSE,STK,509026,INE117F01013,VJTFEDU,X,,,,,VJTF EDUSERVICES LTD.,67.01,69.0,65.01,68.4,68.4,67.01,,68.4,,,65,4375.0,13,F1,1,,,,,,False
2026-10-01,2026-10-01,CM,BSE,STK,509038,INE763D01019,VOLLF,XT,,,,,VOLTAIRE LEASING & FINANCE LTD,22.55,22.55,22.55,22.55,22.55,22.44,,22.55,,,38,856.0,3,F1,1,,,,,,False
2026-10-01,2026-10-01,CM,BSE,STK,509040,INE040F01033,NETLINK,X,,,,,NETLINK SOLUTIONS (INDIA) LTD.,189.0,191.0,182.5,185.0,185.0,186.0,,185.0,,,1354,250772.0,30,F1,1,,,,,,False
2026-10-01,2026-10-01,CM,BSE,STK,509046,INE778N01016,TRILIANCE,X,,,,,TRILIANCE POLYMERS LIMITED,45.0,45.0,45.0,45.0,45.0,46.0,,45.0,,,335,15075.0,1,F1,1,,,,,,False
2026-10-01,2026-10-01,CM,BSE,STK,509051,INE300B01022,INDINFO,X,,,,,INDIAN INFOTECH & SOFTWARE LTD,0.54,0.55,0.53,0.54,0.55,0.54,,0.54,,,1426936,774005.0,1861,F1,1,,,,,,False
2026-10-01,2026-10-01,CM,BSE,STK,509053,INE521L01030,BANASFN,X,,,,,BANAS FINANCE LTD.,7.05,7.05,6.72,6.84,6.84,6.94,,6.84,,,14268,97401.0,91,F1,1,,,,,,False
2026-10-01,2026-10-01,CM,BSE,STK,509073,INE525B01016,HATHWAYB,X,,,,,HATHWAY BHAWANI CABLETEL & DAT,11.5,11.5,11.5,11.5,11.5,11.5,,11.5,,,10,115.0,2,F1,1,,,,,,False
2026-10-01,2026-10-01,CM,BSE,STK,509084,INE107J01016,PHOTON,XT,,,,,PHOTON CAPITAL ADVISORS LTD.,388.05,388.05,388.05,388.05,388.05,380.45,,388.05,,,1,388.0,1,F1,1,,,,,,False
2026-10-01,2026-10-01,CM,BSE,STK,509162,INE802D01023,INDAG,XT,,,,,INDAG RUBBER LTD.,104.8,106.4,101.0,105.45,106.4,101.35,,105.45,,,16114,1668766.0,141,F1,1,,,,,,False
2026-10-01,2026-10-01,CM,BSE,STK,509196,INE159E01026,MMRUBBR-B,X,,,,,MM RUBBER COMPANY LTD.,55.41,58.89,54.3,58.76,58.8,55.41,,58.76,,,428,24608.0,14,F1,1,,,,,,False
2026-10-01,2026-10-01,CM,BSE,STK,509423,INE367E01033,SEL,X,,,,,SANATHNAGAR ENTERPRISES LIMITE,33.48,33.48,33.47,33.47,33.47,33.48,,33.47,,,35,1171.0,2,F1,1,,,,,,False
2026-10-01,2026-10-01,CM,BSE,STK,509449,INE026I01010,BHAGWOX,X,,,,,BHAGWATI OXYGEN LTD.,40.97,40.97,38.55,38.89,38.55,40.88,,38.89,,,1052,42696.0,23,F1,1,,,,,,False
2026-10-01,2026-10-01,CM,BSE,STK,509470,INE01TL01014,BOMOXY-B1,X,,,,,BOMBAY OXYGEN INVESTMENTS LIMI,17654.95,18550.0,17654.95,17902.0,17902.0,18046.85,,17902.0,,,9,162991.0,9,F1,1,,,,,,False
2026-10-01,2026-10-01,CM,BSE,STK,509486,INE479A01018,CAPRIHANS,XT,,,,,CAPRIHANS INDIA LTD.,111.35,111.35,111.35,111.35,111.35,111.35,,111.35,,,100,11135.0,3,F1,1,,,,,,False
2026-10-01,2026-10-01,CM,BSE,STK,509563,INE925D01014,GARWAMAR,X,,,,,GARWARE MARINE INDUSTRIES LTD.,21.3,21.3,17.5,18.99,19.0,17.83,,18.99,,,6075,114218.0,72,F1,1,,,,,,False
2026-10-01,2026-10-01,CM,BSE,STK,509597,INE722D01015,HARDCAS,X,,,,,HARDCASTLE & WAUD MFG.CO.LTD.,859.95,859.95,841.9,841.9,841.9,819.4,,841.9,,,8,6779.0,3,F1,1,,,,,,False
2026-10-01,2026-10-01,CM,BSE,STK,509760,INE370A01019,MODRNSH,XT,,,,,MODERN SHARES & STOCKBROKERS L,32.3,34.0,32.3,32.3,32.3,34.0,,32.3,,,1156,37615.0,11,F1,1,,,,,,False
2026-10-01,2026-10-01,CM,BSE,STK,509762,INE848M01019,MAPROIN,XT,,,,,MAPRO INDUSTRIES LTD.,67.68,67.68,67.68,67.68,67.68,66.36,,67.68,,,1,67.0,1,F1,1,,,,,,False
2026-10-01,2026-10-01,CM,BSE,STK,509835,INE940N01012,PREMSYN,X,,,,,PREMIER SYNTHETICS LTD.,14.53,15.88,14.03,15.85,15.85,14.53,,15.85,,,897,13312.0,14,F1,1,,,,,,False
2026-10-01,2026-10-01,CM,BSE,STK,509845,INE712Z01019,RJSHAH,P,,,,,R.J.SHAH & CO.LTD.,490.0,490.0,490.0,490.0,490.0,490.0,,490.0,,,100,49000.0,2,F1,50,,,,,,False
2026-10-01,2026-10-01,CM,BSE,STK,509895,INE832D01020,HINDMILL,X,,,,,HINDOOSTAN MILLS LTD.,165.0,165.0,156.0,156.85,156.9,158.7,,156.85,,,135,21390.0,12,F1,1,,,,,,False
2026-10-01,2026-10-01,CM,BSE,STK,509953,INE961E01017,TRADWIN,XT,,,,,TRADE WINGS LTD.,473.45,473.45,460.0,460.0,460.0,451.0,,460.0,,,12,5592.0,6,F1,1,,,,,,False
2026-10-01,2026-10-01,CM,BSE,STK,510245,INE804A01025,SWASTIVI,X,,,,,SWASTI VINAYAKA SYNTHETICS LTD,3.69,3.7,3.6,3.68,3.7,3.65,,3.68,,,32618,119063.0,82,F1,1,,,,,,False
2026-10-01,2026-10-01,CM,BSE,STK,511000,INE856D01011,MSLGLOBAL,X,,,,,MSL GLOBAL LIMITED,18.17,18.17,18.17,18.17,18.17,18.17,,18.17,,,111,2016.0,2,F1,1,,,,,,False
2026-10-01,2026-10-01,CM,BSE,STK,511012,INE457N01025,YAMNINV,XT,,,,,YAMINI INVESTMENTS COMPANY LTD,0.58,0.58,0.56,0.57,0.57,0.58,,0.57,,,521159,295310.0,404,F1,1,,,,,,False
2026-10-01,2026-10-01,CM,BSE,STK,511016,INE946K01023,PREMCAP,XT,,,,,PREMIER CAPITAL SERVICES LTD.,7.19,7.19,7.19,7.19,7.19,6.85,,7.19,,,1203,8649.0,12,F1,1,,,,,,False
2026-10-01,2026-10-01,CM,BSE,STK,511018,INE679T01013,ZMILGFIN,X,,,,,MILGREY FINANCE & INVESTMENT L,46.9,46.9,43.57,45.2,45.45,45.78,,45.2,,,12580,565308.0,85,F1,1,,,,,,False
2026-10-01,2026-10-01,CM,BSE,STK,511066,INE302E01014,SAKTHIFIN,X,,,,,SAKTHI FINANCE LTD.,25.78,25.9,23.16,24.72,24.36,25.8,,24.72,,,7283,181326.0,96,F1,1,,,,,,False
2026-10-01,2026-10-01,CM,BSE,STK,511092,INE047E01031,JMDVL,XT,,,,,JMD Ventures Limited,7.35,7.35,6.69,6.95,6.72,7.03,,6.95,,,11604,82796.0,41,F1,1,,,,,,False
2026-10-01,2026-10-01,CM,BSE,STK,511110,INE848D01018,VBDESAI,X,,,,,V.B.DESAI FINANCIAL SERVICES L,17.4,17.4,17.4,17.4,17.4,18.3,,17.4,,,408,7099.0,3,F1,1,,,,,,False
2026-10-01,2026-10-01,CM,BSE,STK,511116,INE527B01020,QUADRANT,XT,,,,,QUADRANT TELEVENTURES LIMITED,0.85,0.85,0.85,0.85,0.85,0.86,,0.85,,,60092,51078.0,83,F1,1,,,,,,False
2026-10-01,2026-10-01,CM,BSE,STK,511122,INE609B01018,1STCUS,X,,,,,FIRST CUSTODIAN FUND (INDIA) L,64.95,64.95,64.95,64.95,64.95,64.95,,64.95,,,1,64.0,1,F1,1,,,,,,False
2026-10-01,2026-10-01,CM,BSE,STK,511144,INE520G01024,AXISOL,XT,,,,,AXIS SOLUTIONS LIMITED,640.1,640.1,640.1,640.1,640.1,627.55,,640.1,,,8868,5676406.0,66,F1,1,,,,,,False
2026-10-01,2026-10-01,CM,BSE,STK,511147,INE549D01012,WSFX,X,,,,,WSFX Global Pay Limited,66.3,66.3,60.15,61.2,62.5,66.54,,61.2,,,7999,496348.0,125,F1,1,,,,,,False
2026-10-01,2026-10-01,CM,BSE,STK,511153,INE096I01021,ANJANIFOODS,XT,,,,,Anjani Foods Limited,16.61,16.61,16.5,16.51,16.5,16.61,,16.51,,,981,16276.0,10,F1,1,,,,,,False
2026-10-01,2026-10-01,CM,BSE,STK,511169,INE552N01023,RKDAGRRTL,X,,,,,RKD AGRI AND RETAIL LIMITED,5.64,5.64,5.64,5.64,5.64,5.64,,5.64,,,302,1703.0,4,F1,1,,,,,,False
2026-10-01,2026-10-01,CM,BSE,STK,511187,INE570N01025,MILLENNIUM,X,,,,,Millennium Online Solutions (I,1.52,1.52,1.52,1.52,1.52,1.52,,1.52,,,20600,31312.0,6,F1,1,,,,,,False
2026-10-01,2026-10-01,CM,BSE,STK,511246,INE910D01024,BOMTALKIES,X,,,,,BOMBAY TALKIES LIMITED,3.33,3.33,3.26,3.26,3.26,3.26,,3.26,,,35,114.0,4,F1,1,,,,,,False
2026-10-01,2026-10-01,CM,BSE,STK,511260,INE088P01015,ICONIKSPEV,X,,,,,ICONIK SPORTS AND EVENTS LIMIT,33.66,33.66,31.98,31.98,31.98,33.66,,31.98,,,7934,254739.0,65,F1,1,,,,,,False
2026-10-01,2026-10-01,CM,BSE,STK,511355,INE429D01017,INDCEMCAP,XT,,,,,INDIA CEMENTS CAPITAL LTD.,26.55,26.55,26.55,26.55,26.55,26.03,,26.55,,,11577,307369.0,24,F1,1,,,,,,False
2026-10-01,2026-10-01,CM,BSE,STK,511359,INE556D01017,ADMANUM,X,,,,,AD-MANUM FINANCE LTD.,53.19,53.19,51.0,51.99,51.99,52.15,,51.99,,,1107,56674.0,8,F1,1,,,,,,False
2026-10-01,2026-10-01,CM,BSE,STK,511377,INE240B01012,MEHIF,X,,,,,MEHTA INTEGRATED FINANCE LTD.,29.4,29.4,29.4,29.4,29.4,28.0,,29.4,,,16,470.0,2,F1,1,,,,,,False
2026-10-01,2026-10-01,CM,BSE,STK,511391,INE661M01016,INTRGLB,X,,,,,INTER GLOBE FINANCE LTD.,55.15,63.95,52.75,62.14,62.0,58.61,,62.14,,,1087,67011.0,16,F1,1,,,,,,False
2026-10-01,2026-10-01,CM,BSE,STK,511411,INE472C01027,SHRISTI,X,,,,,SHRISTI INFRASTRUCTURE DEVELOP,32.94,36.39,32.1,32.56,35.99,33.1,,32.56,,,2296,78162.0,29,F1,1,,,,,,False
2026-10-01,2026-10-01,CM,BSE,STK,511441,INE034B01019,GUJCRED,X,,,,,GUJARAT CREDIT CORPORATION LTD,21.0,21.0,21.0,21.0,21.0,21.0,,21.0,,,21,441.0,3,F1,1,,,,,,False
2026-10-01,2026-10-01,CM,BSE,STK,511447,INE706F01021,SYLPH,X,,,,,Sylph Industries Limited,0.2,0.21,0.19,0.21,0.21,0.2,,0.21,,,5287719,1067994.0,703,F1,1,,,,,,False
2026-10-01,2026-10-01,CM,BSE,STK,511451,INE899D01011,DHARFIN,XT,,,,,DHARANI FINANCE LTD.,12.45,12.45,12.07,12.2,12.2,12.7,,12.2,,,42,512.0,4,F1,1,,,,,,False
2026-10-01,2026-10-01,CM,BSE,STK,511463,INE191N01012,ALEXANDER,X,,,,,Alexander Stamps And Coin Limi,8.84,8.84,8.0,8.0,8.0,8.06,,8.0,,,10821,86569.0,9,F1,1,,,,,,False
2026-10-01,2026-10-01,CM,BSE,STK,511493,INE488C01015,SHRYDUS,XT,,,,,SHRYDUS INDUSTRIES LIMITED,3.86,3.88,3.85,3.85,3.85,3.73,,3.85,,,2123,8196.0,12,F1,1,,,,,,False
2026-10-01,2026-10-01,CM,BSE,STK,511501,INE900A01013,BHARAT,X,,,,,Bharat Bhushan Finance & Commo,22.9,22.9,21.56,22.4,22.4,22.25,,22.4,,,1923,43401.0,26,F1,1,,,,,,False
2026-10-01,2026-10-01,CM,BSE,STK,511507,INE697C01011,USHAKIRA,X,,,,,USHAKIRAN FINANCE LTD.,25.5,26.77,25.5,26.77,26.77,25.5,,26.77,,,1054,26884.0,5,F1,1,,,,,,False
2026-10-01,2026-10-01,CM,BSE,STK,511523,INE882C01035,VEERHEALTH,XT,,,,,VEERHEALTH CARE LIMITED,49.01,50.3,48.4,49.88,49.85,49.58,,49.88,,,98244,4873243.0,283,F1,1,,,,,,False
2026-10-01,2026-10-01,CM,BSE,STK,511525,INE376A01032,PANINDIAC,X,,,,,PAN INDIA CORPORATION LTD.,1.36,1.6,1.33,1.44,1.45,1.34,,1.44,,,217686,325419.0,150,F1,1,,,,,,False
2026-10-01,2026-10-01,CM,BSE,STK,511533,INE135C01012,SAHARAHOUS,X,,,,,SAHARA HOUSINGFINA CORPORATION,39.9,39.9,36.15,37.35,39.0,38.1,,37.35,,,4218,154684.0,73,F1,1,,,,,,False
2026-10-01,2026-10-01,CM,BSE,STK,511535,INE026C01013,NDASEC,X,,,,,NDA SECURITIES LTD.,24.33,24.33,23.0,23.0,23.0,24.09,,23.0,,,534,12399.0,8,F1,1,,,,,,False
2026-10-01,2026-10-01,CM,BSE,STK,511543,INE777C01011,GSBFIN,XT,,,,,GSB FINANCE LTD.,49.21,49.21,45.9,45.9,45.9,46.87,,45.9,,,1016,46639.0,3,F1,1,,,,,,False
2026-10-01,2026-10-01,CM,BSE,STK,511549,INE367A01015,MORARKFI,X,,,,,MORARKA FINANCE LTD.,62.5,62.5,60.0,61.58,61.6,62.54,,61.58,,,112,6899.0,13,F1,1,,,,,,False
2026-10-01,2026-10-01,CM,BSE,STK,511557,INE732K01027,PROFINC,Z,,,,,PRO FIN CAPITAL SERVICES LTD.,2.58,2.67,2.58,2.66,2.66,2.58,,2.66,,,865246,2291314.0,227,F1,1,,,,,,False
2026-10-01,2026-10-01,CM,BSE,STK,511571,INE754C01010,CRESCENTIS,X,,,,,Crescentis Capital Limited,102.95,104.35,94.3,97.45,97.45,100.25,,97.45,,,5812,568796.0,74,F1,1,,,,,,False
2026-10-01,2026-10-01,CM,BSE,STK,511577,INE304E01010,MANTRA,X,,,,,Mantra Capital Limited,18.1,18.1,16.51,17.44,17.44,17.93,,17.44,,,3677,62170.0,30,F1,1,,,,,,False
2026-10-01,2026-10-01,CM,BSE,STK,511593,INE212B01011,LIBORDFIN,X,,,,,LIBORD FINANCE LTD,15.2,15.2,14.95,14.95,14.95,15.17,,14.95,,,113,1715.0,4,F1,1,,,,,,False
2026-10-01,2026-10-01,CM,BSE,STK,511601,INE216B01012,YASHMGM,X,,,,,YASH MANAGEMENT & SATELLITE LT,10.0,10.5,9.8,10.14,10.14,10.4,,10.14,,,2111,21435.0,29,F1,1,,,,,,False
2026-10-01,2026-10-01,CM,BSE,STK,511609,INE569B01022,ISLCONSUL,X,,,,,ISL CONSULTING LTD.,12.4,12.4,11.5,11.94,12.38,12.0,,11.94,,,19,234.0,4,F1,1,,,,,,False
2026-10-01,2026-10-01,CM,BSE,STK,511626,INE229D01011,RRFIN,XT,,,,,RR FINANCIAL CONSULTANTS LTD.,63.0,63.0,62.0,62.0,62.0,64.2,,62.0,,,218,13541.0,6,F1,1,,,,,,False
2026-10-01,2026-10-01,CM,BSE,STK,511644,INE113B01037,OMEGAIN,X,,,,,OMEGA INTERACTIVE TECHNOLOGIES,17.76,17.76,17.76,17.76,17.76,18.69,,17.76,,,47751,848057.0,365,F1,1,,,,,,False
2026-10-01,2026-10-01,CM,BSE,STK,511654,INE309D01011,SUGALDAM,X,,,,,SUGAL & DAMANI SHARE BROKERS L,64.0,68.0,64.0,67.45,67.45,65.0,,67.45,,,82,5454.0,4,F1,1,,,,,,False
2026-10-01,2026-10-01,CM,BSE,STK,511658,INE027D01019,NETTLINX,X,,,,,NETTLINX LTD.,13.16,14.2,12.56,13.72,13.75,13.86,,13.72,,,24483,326536.0,116,F1,1,,,,,,False
2026-10-01,2026-10-01,CM,BSE,STK,511664,INE443D01018,BGIL,X,,,,,BGIL FILMS & TECHNOLOGIES LTD.,7.01,7.4,6.88,6.88,6.88,7.22,,6.88,,,12589,90468.0,31,F1,1,,,,,,False
2026-10-01,2026-10-01,CM,BSE,STK,511692,INE759C01027,AJCON,X,,,,,AJCON GLOBAL SERVICES LTD.,5.93,5.93,5.64,5.64,5.64,6.08,,5.64,,,2973,16901.0,19,F1,1,,,,,,False
2026-10-01,2026-10-01,CM,BSE,STK,511696,INE953B01010,CHRTEDCA,X,,,,,CHARTERED CAPITAL & INVESTMENT,245.45,250.0,245.45,250.0,250.0,243.0,,250.0,,,70,17349.0,8,F1,1,,,,,,False
2026-10-01,2026-10-01,CM,BSE,STK,511700,INE625D01028,STANCAP,X,,,,,STANDARD CAPITAL MARKETS LTD.,0.32,0.33,0.31,0.31,0.31,0.32,,0.31,,,6790802,2166048.0,927,F1,1,,,,,,False
2026-10-01,2026-10-01,CM,BSE,STK,511710,INE717D01023,CUBIFIN,XT,,,,,CUBICAL FINANCIAL SERVICES LTD,5.81,5.81,5.81,5.81,5.81,5.92,,5.81,,,56044,325615.0,38,F1,1,,,,,,False
2026-10-01,2026-10-01,CM,BSE,STK,511712,INE452B01013,RELICTEC,X,,,,,RELIC TECHNOLOGIES LTD.,74.0,74.0,71.99,71.99,71.99,71.05,,71.99,,,131,9517.0,9,F1,1,,,,,,False
2026-10-01,2026-10-01,CM,BSE,STK,511716,INE359A01012,INVIGO,XT,,,,,Invigorated Business Consultin,8.96,9.2,8.55,8.55,8.88,8.97,,8.55,,,9665,83027.0,29,F1,1,,,,,,False
2026-10-01,2026-10-01,CM,BSE,STK,511728,INE006C01015,KZLFIN,X,,,,,K.Z.LEASING & FINANCE LTD.,15.5,15.5,15.5,15.5,15.5,15.9,,15.5,,,1000,15500.0,2,F1,1,,,,,,False
2026-10-01,2026-10-01,CM,BSE,STK,511734,INE527C01010,PASUFIN,XT,,,,,PASUPATI FINCAP LTD.,26.81,26.81,26.81,26.81,26.81,26.29,,26.81,,,26240,703494.0,24,F1,1,,,,,,False
2026-10-01,2026-10-01,CM,BSE,STK,511738,INE241B01010,MEHSECU,X,,,,,MEHTA SECURITIES LTD.,22.1,22.1,21.0,21.0,21.0,22.1,,21.0,,,300,6388.0,3,F1,1,,,,,,False
2026-10-01,2026-10-01,CM,BSE,STK,511740,INE239B01014,RFL,X,,,,,RUPAREL FOOD PRODUCTS LIMITED,80.01,83.79,75.81,77.33,75.81,79.8,,77.33,,,1835,143822.0,20,F1,1,,,,,,False
2026-10-01,2026-10-01,CM,BSE,STK,511756,INE195I01013,ABIRAFN,Z,,,,,ABIRAMI FINANCIAL SERVICES (IN,35.0,35.0,34.5,34.5,34.5,35.0,,34.5,,,21,734.0,4,F1,1,,,,,,False
2026-10-01,2026-10-01,CM,BSE,STK,511764,INE819K01014,AASTAFIN,X,,,,,Aastamangalam Finance Limited,28.94,28.94,28.58,28.79,28.79,28.04,,28.79,,,48,1381.0,9,F1,1,,,,,,False
2026-10-01,2026-10-01,CM,BSE,STK,512014,INE754D01018,SOBME,X,,,,,SOBHAGYA MERCHANTILE LTD.,1275.0,1318.9,1236.7,1312.25,1312.0,1275.0,,1312.25,,,284,367271.0,37,F1,1,,,,,,False
2026-10-01,2026-10-01,CM,BSE,STK,512018,INE135H01029,TTGIL,X,,,,,TOMORROW TECHNOLOGIES GLOBAL I,7.89,8.0,7.35,7.83,7.98,7.52,,7.83,,,16463,127499.0,52,F1,1,,,,,,False
2026-10-01,2026-10-01,CM,BSE,STK,512025,INE767M01029,ASGARD,X,,,,,ASGARD ALCOBEV LIMITED,34.29,34.29,33.01,33.64,34.0,34.39,,33.64,,,46029,1551799.0,129,F1,1,,,,,,False
2026-10-01,2026-10-01,CM,BSE,STK,512047,INE510H01015,ROYALIND,X,,,,,ROYAL INDIA CORPORATION LIMITE,5.06,5.14,4.9,5.05,5.13,4.97,,5.05,,,74009,370922.0,145,F1,1,,,,,,False
2026-10-01,2026-10-01,CM,BSE,STK,512048,INE195E01020,DHANSAFAL,X,,,,,DHANSAFAL FINSERVE LIMITED,2.53,2.58,2.4,2.44,2.54,2.48,,2.44,,,40811,101253.0,86,F1,1,,,,,,False
2026-10-01,2026-10-01,CM,BSE,STK,512062,INE896J01014,TANDHANIN,XT,,,,,TANDHAN INDUSTRIES LIMITED,148.95,148.95,144.4,145.0,148.95,152.0,,145.0,,,1467,215683.0,14,F1,1,,,,,,False
2026-10-01,2026-10-01,CM,BSE,STK,512064,INE762D01011,VISVEN,X,,,,,VISHVPRABHA VENTURES LIMITED,37.06,37.58,37.06,37.27,37.11,41.1,,37.27,,,4,148.0,4,F1,1,,,,,,False
2026-10-01,2026-10-01,CM,BSE,STK,512065,INE738D01029,MRUTR,XT,,,,,MRUGESH TRADING LTD.,75.81,75.81,75.81,75.81,75.81,77.35,,75.81,,,647,49049.0,51,F1,1,,,,,,False
2026-10-01,2026-10-01,CM,BSE,STK,512093,INE234B01023,CRANESSOFT,Z,,,,,CRANES SOFTWARE INTERNATIONAL,6.55,6.55,6.55,6.55,6.55,6.68,,6.55,,,1701211,11142932.0,74,F1,1,,,,,,False
2026-10-01,2026-10-01,CM,BSE,STK,512097,INE092G01024,SAICOM,X,,,,,SAIANAND COMMERCIAL LIMITED,0.21,0.21,0.2,0.2,0.2,0.21,,0.2,,,163467,34078.0,41,F1,1,,,,,,False
2026-10-01,2026-10-01,CM,BSE,STK,512099,INE750G01019,EY,XT,,,,,EYANTRA VENTURES LIMITED,522.0,522.0,514.0,514.0,514.0,539.0,,514.0,,,27,14046.0,4,F1,1,,,,,,False
2026-10-01,2026-10-01,CM,BSE,STK,512103,INE276H01013,NIDHGRN,X,,,,,NIDHI GRANITES LTD.,252.8,253.75,234.1,244.85,244.85,241.7,,244.85,,,3657,907277.0,48,F1,1,,,,,,False
2026-10-01,2026-10-01,CM,BSE,STK,512109,INE461H01011,AVIVA,X,,,,,AVIVA INDUSTRIES LTD.,64.19,64.19,64.19,64.19,64.19,64.19,,64.19,,,2,128.0,2,F1,1,,,,,,False
2026-10-01,2026-10-01,CM,BSE,STK,512115,INE649C01012,ROSEMER,X,,,,,ROSE MERC.LTD.,37.0,37.79,34.6,34.99,34.99,37.18,,34.99,,,3607,129757.0,73,F1,1,,,,,,False
2026-10-01,2026-10-01,CM,BSE,STK,512169,INE968E01012,CAPRICORN,XT,,,,,CAPRICORN SYSTEMS GLOBAL SOLUT,31.89,31.89,31.26,31.26,31.26,31.89,,31.26,,,112374,3522782.0,42,F1,1,,,,,,False
2026-10-01,2026-10-01,CM,BSE,STK,512175,INE685D01022,VAMA,X,,,,,VAMA INDUSTRIES LTD.,3.28,3.38,3.01,3.1,3.15,3.31,,3.1,,,23841,76447.0,74,F1,1,,,,,,False
2026-10-01,2026-10-01,CM,BSE,STK,512197,INE798C01017,SILVERO,Z,,,,,SILVER OAK COMMERCIAL LTD.,5.65,5.98,5.65,5.93,5.93,5.7,,5.93,,,165,973.0,5,F1,1,,,,,,False
2026-10-01,2026-10-01,CM,BSE,STK,512217,INE730E01016,PRISMMEDI,X,,,,,PRISM MEDICO AND PHARMACY LTD.,29.8,29.8,28.02,29.0,29.0,28.94,,29.0,,,13387,384155.0,51,F1,1,,,,,,False
2026-10-01,2026-10-01,CM,BSE,STK,512229,INE379J01029,VERITAS,XT,,,,,VERITAS (INDIA) LTD.,154.15,154.15,148.15,148.15,148.15,151.15,,148.15,,,3299,497168.0,62,F1,1,,,,,,False
2026-10-01,2026-10-01,CM,BSE,STK,512247,INE894A01026,ASHCAP,X,,,,,ASHIRWAD CAPITAL LTD.,2.55,2.59,2.5,2.51,2.51,2.59,,2.51,,,52875,134335.0,172,F1,1,,,,,,False
2026-10-01,2026-10-01,CM,BSE,STK,512257,INE895A01023,SVARTCORP,X,,,,,SWASTI VINAYAKA ART AND HERITA,3.29,3.29,3.2,3.24,3.24,3.25,,3.24,,,12920,41672.0,77,F1,1,,,,,,False
2026-10-01,2026-10-01,CM,BSE,STK,512277,INE340U01010,AUTOINT,X,,,,,AUTORIDERS INTERNATIONAL LTD.,250.0,250.0,237.7,250.0,250.0,250.2,,250.0,,,1118,266378.0,49,F1,1,,,,,,False
2026-10-01,2026-10-01,CM,BSE,STK,512301,INE417N01011,CHMBBRW,XT,,,,,CHAMBAL BREWERIES & DISTILLERI,40.0,40.0,36.51,39.32,39.55,38.21,,39.32,,,7422,282241.0,41,F1,1,,,,,,False
2026-10-01,2026-10-01,CM,BSE,STK,512344,INE068C01015,ARAVALIS,X,,,,,ARAVALI SECURITIES & FINANCE L,4.85,4.85,4.85,4.85,4.85,4.87,,4.85,,,12,58.0,2,F1,1,,,,,,False
2026-10-01,2026-10-01,CM,BSE,STK,512345,INE745A01012,LEXGLOBAL,XT,,,,,LEXORA GLOBAL LIMITED,101.95,101.95,101.95,101.95,101.95,97.1,,101.95,,,1000,101950.0,9,F1,1,,,,,,False
2026-10-01,2026-10-01,CM,BSE,STK,512359,INE093G01022,SWORDEDGE,X,,,,,SWORD-EDGE COMMERCIALS LIMITED,0.31,0.31,0.29,0.29,0.29,0.3,,0.29,,,979878,286738.0,174,F1,1,,,,,,False
2026-10-01,2026-10-01,CM,BSE,STK,512361,INE108G01010,CUPIDALBV,X,,,,,CUPID BREWERIES AND DISTILLERI,23.65,23.65,23.65,23.65,23.65,22.53,,23.65,,,48728,1152417.0,108,F1,1,,,,,,False
2026-10-01,2026-10-01,CM,BSE,STK,512377,INE664N01018,MAGANTR,XT,,,,,MAGNANIMOUS TRADE & FINANCE LT,0.26,0.26,0.26,0.26,0.26,0.25,,0.26,,,5698,1481.0,23,F1,1,,,,,,False
2026-10-01,2026-10-01,CM,BSE,STK,512399,INE017I01027,SERA,X,,,,,SERA INVESTMENTS & FINANCE IND,57.17,60.79,57.17,58.64,59.6,56.66,,58.64,,,216522,12639634.0,407,F1,1,,,,,,False
2026-10-01,2026-10-01,CM,BSE,STK,512415,INE319T01016,MERCTRD,X,,,,,MERCURY TRADE LINKS LTD.,3.95,3.96,3.55,3.61,3.63,3.94,,3.61,,,34231,128761.0,108,F1,1,,,,,,False
2026-10-01,2026-10-01,CM,BSE,STK,512437,INE412D01013,APOLLOFI,XT,,,,,APOLLO FINVEST (INDIA) LTD.,520.0,529.55,515.0,515.0,515.0,504.35,,515.0,,,875,457244.0,34,F1,1,,,,,,False
2026-10-01,2026-10-01,CM,BSE,STK,512441,INE993I01029,ENBETRD,X,,,,,Enbee Trade &amp; Finance Ltd,0.25,0.26,0.24,0.26,0.26,0.25,,0.26,,,6121956,1549538.0,538,F1,1,,,,,,False
2026-10-01,2026-10-01,CM,BSE,STK,512443,INE162L01017,GANONPRO,X,,,,,Ganon Products Limited,6.71,6.8,6.38,6.39,6.4,6.71,,6.39,,,142675,944828.0,68,F1,1,,,,,,False
2026-10-01,2026-10-01,CM,BSE,STK,512477,INE765L01017,BETXIND,X,,,,,BETEX INDIA LTD.,490.0,540.0,490.0,500.0,500.0,494.8,,500.0,,,58,29114.0,8,F1,1,,,,,,False
2026-10-01,2026-10-01,CM,BSE,STK,512485,INE977F01010,DHANCOT,XT,,,,,DHANLAXMI COTEX LTD.,128.3,128.3,128.3,128.3,128.3,135.0,,128.3,,,1,128.0,1,F1,1,,,,,,False
2026-10-01,2026-10-01,CM,BSE,STK,512489,INE876A01023,OASISEC,XT,,,,,OASIS SECURITIES LTD.,14.5,14.5,13.91,13.94,13.91,14.5,,13.94,,,16286,227632.0,22,F1,1,,,,,,False
2026-10-01,2026-10-01,CM,BSE,STK,512493,INE590B01010,GARNETINT,X,,,,,GARNET INTERNATIONAL LTD.,52.69,53.0,49.05,49.87,49.51,52.0,,49.87,,,2614,133892.0,40,F1,1,,,,,,False
2026-10-01,2026-10-01,CM,BSE,STK,512499,INE435E01020,SHALPRO,XT,,,,,SHALIMAR PRODUCTIONS LTD.,0.24,0.24,0.23,0.24,0.24,0.23,,0.24,,,831038,195606.0,334,F1,1,,,,,,False
2026-10-01,2026-10-01,CM,BSE,STK,512527,INE091C01017,SUPER,XT,,,,,SUPER SALES INDIA LTD.,1081.0,1081.0,1078.15,1078.15,1078.15,1134.85,,1078.15,,,131,141283.0,8,F1,1,,,,,,False
2026-10-01,2026-10-01,CM,BSE,STK,512587,INE077B01018,ZODJRDMKJ,X,,,,,ZODIAC-JRD-MKJ LTD.,32.77,32.77,31.3,32.19,32.17,31.65,,32.19,,,2907,93294.0,23,F1,1,,,,,,False
2026-10-01,2026-10-01,CM,BSE,STK,512589,INE579D01019,SITAENT,X,,,,,SITA ENTERPRISES LTD.,147.7,147.7,126.25,139.95,140.0,139.75,,139.95,,,4761,672794.0,80,F1,1,,,,,,False
2026-10-01,2026-10-01,CM,BSE,STK,512591,INE183U01022,PULSRIN,X,,,,,PULSAR INTERNATIONAL LTD.,0.39,0.4,0.38,0.39,0.4,0.38,,0.39,,,2379593,931503.0,370,F1,1,,,,,,False
2026-10-01,2026-10-01,CM,BSE,STK,512600,INE307N01014,ASTALLTD,X,,,,,ASTAL LABORATORIES LIMITED,70.5,70.59,69.0,69.54,69.0,70.91,,69.54,,,2708,188441.0,29,F1,1,,,,,,False
2026-10-01,2026-10-01,CM,BSE,STK,512618,INE629C01014,RLF,X,,,,,RLF LTD.,9.49,9.49,9.49,9.49,9.49,9.49,,9.49,,,200,1898.0,1,F1,1,,,,,,False
2026-10-01,2026-10-01,CM,BSE,STK,512624,INE769D01016,REGENTRP,X,,,,,Regent Enterprises Limited,5.38,5.55,5.05,5.19,5.25,5.33,,5.19,,,27297,142799.0,77,F1,1,,,,,,False
2026-10-01,2026-10-01,CM,BSE,STK,512634,INE104E01014,SAVERA,X,,,,,SAVERA INDUSTRIES LTD.,155.05,163.0,155.0,160.1,160.0,158.5,,160.1,,,5131,821975.0,51,F1,1,,,,,,False
2026-10-01,2026-10-01,CM,BSE,STK,513005,INE114E01013,CHROME,X,,,,,Chrome Silicon Limited,38.1,42.0,38.1,39.73,40.8,40.5,,39.73,,,47,1875.0,14,F1,1,,,,,,False
2026-10-01,2026-10-01,CM,BSE,STK,513043,INE158G01015,REMIEDEL,X,,,,,REMI EDELSTAHL TUBULARS LIMITE,224.3,229.85,205.0,210.15,213.0,226.6,,210.15,,,5158,1108754.0,82,F1,1,,,,,,False
2026-10-01,2026-10-01,CM,BSE,STK,513059,INE736H01024,GSAUTO,XT,,,,,G.S.AUTO INTERNATIONAL LTD.,18.25,18.56,17.82,17.9,17.9,18.19,,17.9,,,9440,169551.0,63,F1,1,,,,,,False
2026-10-01,2026-10-01,CM,BSE,STK,513063,INE360D01014,TRANSFRE,X,,,,,TRANS-FREIGHT CONTAINERS LTD.,20.99,20.99,17.5,17.98,18.0,17.77,,17.98,,,3706,67179.0,23,F1,1,,,,,,False
2026-10-01,2026-10-01,CM,BSE,STK,513117,INE991A01020,AMFORG,X,,,,,AMFORGE INDUSTRIES LTD.,5.51,5.94,5.51,5.88,5.94,5.95,,5.88,,,261,1522.0,7,F1,1,,,,,,False
2026-10-01,2026-10-01,CM,BSE,STK,513252,INE289D01015,JAYUSH,X,,,,,JAY USHIN LTD.,815.05,815.05,740.0,775.6,740.0,815.05,,775.6,,,1168,884322.0,61,F1,1,,,,,,False
2026-10-01,2026-10-01,CM,BSE,STK,513295,INE611C01020,IMEC,X,,,,,IMEC SERVICES LIMITED,96.0,96.0,88.0,88.39,89.0,96.0,,88.39,,,952,87258.0,40,F1,1,,,,,,False
2026-10-01,2026-10-01,CM,BSE,STK,513303,INE001F01019,MDRNSTL,X,,,,,MODERN STEELS LTD.,15.16,15.16,14.02,14.14,14.12,14.6,,14.14,,,3108,45576.0,47,F1,1,,,,,,False
2026-10-01,2026-10-01,CM,BSE,STK,513307,INE363L01045,BELDING,B,,,,,BELDING INDIA LIMITED,951.05,951.05,859.05,898.25,907.65,954.5,,898.25,,,88451,77363565.0,988,F1,1,,,,,,False
2026-10-01,2026-10-01,CM,BSE,STK,513337,INE145J01032,GUJTLRM,B,,,,,GUJARAT TOOLROOM LTD.,0.42,0.42,0.4,0.41,0.41,0.42,,0.41,,,2365706,972404.0,849,F1,1,,,,,,False
2026-10-01,2026-10-01,CM,BSE,STK,513353,INE105D01013,COCHINM,X,,,,,COCHIN MINERALS & RUTILE LTD.,295.0,303.0,293.0,293.4,296.95,298.8,,293.4,,,3677,1091200.0,115,F1,1,,,,,,False
2026-10-01,2026-10-01,CM,BSE,STK,513361,INE072A01029,INDIAHOMES,X,,,,,India Homes Limited,26.87,27.0,25.05,26.61,26.61,26.63,,26.61,,,568440,14802974.0,718,F1,1,,,,,,False
2026-10-01,2026-10-01,CM,BSE,STK,513369,INE013J01016,KVFORGE,XT,,,,,KRISHANVEER FORGE LIMITED,136.0,141.5,134.05,135.5,135.5,141.1,,135.5,,,515,69560.0,12,F1,1,,,,,,False
2026-10-01,2026-10-01,CM,BSE,STK,513397,INE457E01016,VALLABHSQ,XT,,,,,VALLABH STEELS LTD.,8.6,8.6,8.6,8.6,8.6,9.05,,8.6,,,311,2674.0,13,F1,1,,,,,,False
2026-10-01,2026-10-01,CM,BSE,STK,513418,INE728B01032,SMFIL,XT,,,,,SMITHS & FOUNDERS (INDIA) LIMI,8.94,9.29,8.66,8.91,8.91,8.88,,8.91,,,28766,258770.0,63,F1,1,,,,,,False
2026-10-01,2026-10-01,CM,BSE,STK,513430,INE501L01024,MAITRI,X,,,,,Maitri Enterprises Limited,37.5,37.5,37.5,37.5,37.5,37.5,,37.5,,,2,75.0,2,F1,1,,,,,,False
2026-10-01,2026-10-01,CM,BSE,STK,513456,INE791E01018,KANSHST,X,,,,,KANISHK STEEL INDUSTRIES LTD.,44.98,44.98,42.32,42.66,43.65,43.38,,42.66,,,768,33614.0,20,F1,1,,,,,,False
2026-10-01,2026-10-01,CM,BSE,STK,513460,INE257F01017,MAHALXSE,Z,,,,,MAHALAXMI SEAMLESS LTD.,9.49,9.96,9.49,9.95,9.95,9.49,,9.95,,,1637,15834.0,10,F1,1,,,,,,False
2026-10-01,2026-10-01,CM,BSE,STK,513472,INE658D01029,SIMPLEXCAS,X,,,,,SIMPLEX CASTINGS LTD.,134.9,135.95,124.0,129.2,129.2,133.95,,129.2,,,230731,29638875.0,1571,F1,1,,,,,,False
2026-10-01,2026-10-01,CM,BSE,STK,513488,INE387D01025,SSWRL,XT,,,,,SHREE STEEL WIRE ROPES LTD.,24.05,24.05,23.25,23.5,23.5,24.05,,23.5,,,534,12475.0,7,F1,1,,,,,,False
2026-10-01,2026-10-01,CM,BSE,STK,513496,INE235U01012,SIZEMASTER,XT,,,,,SIZEMASTERS TECHNOLOGY LIMITED,432.0,432.0,391.45,418.6,419.0,412.05,,418.6,,,2106,855354.0,82,F1,1,,,,,,False
2026-10-01,2026-10-01,CM,BSE,STK,513498,INE308N01012,SOUTHMG,X,,,,,SOUTHERN MAGNESIUM & CHEMICALS,80.8,81.2,76.4,77.19,76.4,80.1,,77.19,,,267,21131.0,12,F1,1,,,,,,False
2026-10-01,2026-10-01,CM,BSE,STK,513502,INE927K01023,BAROEXT,X,,,,,BARODA EXTRUSION LTD.,9.68,9.68,8.7,9.18,9.04,9.45,,9.18,,,243371,2233478.0,481,F1,1,,,,,,False
2026-10-01,2026-10-01,CM,BSE,STK,513507,INE276I01011,GUJCONT,P,,,,,GUJARAT CONTAINERS LTD.,171.2,171.2,171.2,171.2,171.2,163.05,,171.2,,,2000,342400.0,4,F1,100,,,,,,False
2026-10-01,2026-10-01,CM,BSE,STK,513513,INE570B01012,ADITYA,X,,,,,ADITYA ISPAT LTD.,7.51,8.1,7.51,8.1,8.1,8.1,,8.1,,,1002,7959.0,16,F1,1,,,,,,False
2026-10-01,2026-10-01,CM,BSE,STK,513528,INE741B01027,GLITTEKG,XT,,,,,GLITTEK GRANITES LTD.,79.87,80.0,79.87,79.87,79.87,81.49,,79.87,,,10789,862032.0,52,F1,1,,,,,,False
2026-10-01,2026-10-01,CM,BSE,STK,513544,INE277E01026,MSCTC,XT,,,,,MARDIA SAMYOUNG CAPILLARY TUBE,51.71,51.71,50.93,50.94,50.94,51.96,,50.94,,,88,4506.0,9,F1,1,,,,,,False
2026-10-01,2026-10-01,CM,BSE,STK,513548,INE385M01012,SHRDAIS,X,,,,,SHARDA ISPAT LTD.,163.0,163.0,163.0,163.0,163.0,163.5,,163.0,,,1,163.0,1,F1,1,,,,,,False
2026-10-01,2026-10-01,CM,BSE,STK,513566,INE608C01026,NOVIS,XT,,,,,NOVA IRON & STEEL LTD.,13.15,13.8,12.6,12.75,12.75,13.15,,12.75,,,2281,30104.0,25,F1,1,,,,,,False
2026-10-01,2026-10-01,CM,BSE,STK,513575,INE067E01013,STERPOW,X,,,,,STERLING POWERGENSYS LTD,22.03,23.3,21.6,22.82,23.0,22.23,,22.82,,,3632,82751.0,40,F1,1,,,,,,False
2026-10-01,2026-10-01,CM,BSE,STK,513629,INE463D01016,TULSYAN,X,,,,,TULSYAN NEC LTD.,30.0,30.0,28.63,28.63,28.63,30.13,,28.63,,,1822,52240.0,17,F1,1,,,,,,False
2026-10-01,2026-10-01,CM,BSE,STK,513642,INE197C01012,AXELPOLY,X,,,,,AXEL POLYMERS LTD.,41.0,50.78,41.0,43.69,43.99,44.54,,43.69,,,654,28159.0,26,F1,1,,,,,,False
2026-10-01,2026-10-01,CM,BSE,STK,513687,INE848B01012,SPECTRA,Z,,,,,SPECTRA INDUSTRIES LTD.,4.0,4.0,3.85,3.92,3.92,4.05,,3.92,,,804,3095.0,4,F1,1,,,,,,False
2026-10-01,2026-10-01,CM,BSE,STK,513693,INE434C01027,KAJARIR,X,,,,,KIC METALIKS LTD.,29.81,30.31,29.1,29.14,30.0,29.8,,29.14,,,1646,48778.0,27,F1,1,,,,,,False
2026-10-01,2026-10-01,CM,BSE,STK,513699,INE584G01012,SOLIDSTON,X,,,,,SOLID STONE COMPANY LTD.,25.75,27.58,25.75,26.0,26.0,25.75,,26.0,,,527,14092.0,4,F1,1,,,,,,False
2026-10-01,2026-10-01,CM,BSE,STK,513713,INE146C01019,WHITEORG,X,,,,,White Organic Agro Limited,3.9,4.0,3.26,3.49,3.4,3.88,,3.49,,,161332,562877.0,219,F1,1,,,,,,False
2026-10-01,2026-10-01,CM,BSE,STK,513721,INE614F01019,MFSINTRCRP,X,,,,,MFS INTERCORP LTD.,13.04,13.04,11.88,12.69,12.69,12.5,,12.69,,,835,10310.0,10,F1,1,,,,,,False
2026-10-01,2026-10-01,CM,BSE,STK,514010,INE723D01021,RUDRAECO,XT,,,,,RUDRA ECOVATION LIMITED,23.12,23.12,22.06,22.35,22.35,22.96,,22.35,,,40604,913773.0,85,F1,1,,,,,,False
2026-10-01,2026-10-01,CM,BSE,STK,514028,INE376L01013,RAJKSYN,X,,,,,RAJKAMAL SYNTHETICS LTD.,19.0,20.99,19.0,20.98,20.98,21.44,,20.98,,,3,60.0,3,F1,1,,,,,,False
2026-10-01,2026-10-01,CM,BSE,STK,514030,INE272C01013,DEEPAKSP,X,,,,,DEEPAK SPINNERS LTD.,153.5,153.5,142.0,147.4,147.4,151.5,,147.4,,,4096,593649.0,68,F1,1,,,,,,False
2026-10-01,2026-10-01,CM,BSE,STK,514060,INE229N01010,NEWTRAC,XT,,,,,NEWTRAC FOODS & BEVERAGES LIMI,4.45,4.6,4.22,4.54,4.5,4.44,,4.54,,,48727,215701.0,137,F1,1,,,,,,False
2026-10-01,2026-10-01,CM,BSE,STK,514113,INE207C01019,ADINATH,X,,,,,ADINATH TEXTILES LTD.,22.9,22.9,21.66,22.5,22.5,22.79,,22.5,,,222,4929.0,8,F1,1,,,,,,False
2026-10-01,2026-10-01,CM,BSE,STK,514165,INE862B01013,INDIANACRY,X,,,,,INDIAN ACRYLICS LTD.,5.45,5.88,5.45,5.65,5.65,5.7,,5.65,,,31101,175759.0,84,F1,1,,,,,,False
2026-10-01,2026-10-01,CM,BSE,STK,514171,INE760J01012,CEETAIN,X,,,,,CEETA INDUSTRIES LTD.,34.7,40.79,34.7,37.8,37.8,37.01,,37.8,,,128,4725.0,19,F1,1,,,,,,False
2026-10-01,2026-10-01,CM,BSE,STK,514177,INE351D01013,IMPERA,XT,,,,,IMPERA WORLDWIDE LIMITED,68.5,68.5,68.5,68.5,68.5,72.1,,68.5,,,5,342.0,1,F1,1,,,,,,False
2026-10-01,2026-10-01,CM,BSE,STK,514197,INE110Q01023,STCORP,X,,,,,S&T CORPORATION LTD.,4.19,4.19,3.89,3.91,3.91,4.09,,3.91,,,2645,10384.0,35,F1,1,,,,,,False
2026-10-01,2026-10-01,CM,BSE,STK,514223,INE410D01017,RAMGOPOLY,XT,,,,,RAMGOPAL POLYTEX LTD.,29.99,29.99,29.99,29.99,29.99,30.0,,29.99,,,269,8067.0,5,F1,1,,,,,,False
2026-10-01,2026-10-01,CM,BSE,STK,514238,INE874A01010,MKVENTURES,X,,,,,MKVENTURES CAPITAL LIMITED,1089.65,1118.0,1000.0,1044.8,1050.0,1062.45,,1044.8,,,633,668662.0,70,F1,1,,,,,,False
2026-10-01,2026-10-01,CM,BSE,STK,514240,INE979D01011,KUSHIND,X,,,,,Kush Industries Limited,5.98,6.19,5.91,5.91,6.0,6.2,,5.91,,,4135,24584.0,17,F1,1,,,,,,False
2026-10-01,2026-10-01,CM,BSE,STK,514248,INE377C01010,SRECR,P,,,,,SREECHEM RESINS LTD.,27.67,27.67,27.67,27.67,27.67,26.36,,27.67,,,100,2767.0,1,F1,100,,,,,,False
2026-10-01,2026-10-01,CM,BSE,STK,514260,INE899E01019,SURBHIN,XT,,,,,SURBHI INDUSTRIES LTD.,89.99,90.0,87.51,90.0,90.0,92.11,,90.0,,,1258,110724.0,36,F1,1,,,,,,False
2026-10-01,2026-10-01,CM,BSE,STK,514264,INE707B01010,SEASONST,X,,,,,SEASONS TEXTILES LTD.,17.0,17.49,17.0,17.49,17.49,17.87,,17.49,,,4,68.0,2,F1,1,,,,,,False
2026-10-01,2026-10-01,CM,BSE,STK,514266,INE106C01013,ZENIFIB,X,,,,,ZENITH FIBRES LTD.,65.99,68.0,63.4,63.47,64.48,65.44,,63.47,,,12960,858783.0,172,F1,1,,,,,,False
2026-10-01,2026-10-01,CM,BSE,STK,514272,INE436C01014,BHILSPIN,X,,,,,BHILWARA SPINNERS LTD.,126.3,134.85,122.7,124.3,129.8,127.9,,124.3,,,1138,142580.0,38,F1,1,,,,,,False
2026-10-01,2026-10-01,CM,BSE,STK,514280,INE589J01015,SANTETX,X,,,,,SANRHEA TECHNICAL TEXTILES LTD,145.05,166.45,144.0,149.55,144.0,148.0,,149.55,,,1601,248286.0,46,F1,1,,,,,,False
2026-10-01,2026-10-01,CM,BSE,STK,514302,INE660D01017,VIPPYSP,X,,,,,VIPPY SPINPRO LTD.,175.05,181.7,172.05,181.7,181.7,181.85,,181.7,,,643,110867.0,9,F1,1,,,,,,False
2026-10-01,2026-10-01,CM,BSE,STK,514312,INE156E01014,JAIHIND,X,,,,,JAIHIND INDUSTRIES LIMITED,44.0,47.0,44.0,46.75,46.75,47.64,,46.75,,,2911,136246.0,15,F1,1,,,,,,False
2026-10-01,2026-10-01,CM,BSE,STK,514316,INE969C01022,RAGHUSYN,X,,,,,RAGHUVIR SYNTHETICS LTD.,82.8,82.8,75.0,78.35,78.35,82.9,,78.35,,,7575,604847.0,105,F1,1,,,,,,False
2026-10-01,2026-10-01,CM,BSE,STK,514318,INE722N01014,JATTAINDUS,X,,,,,JATTASHANKAR INDUSTIES LTD.,600.0,658.0,590.0,594.45,615.0,597.0,,594.45,,,144,86344.0,20,F1,1,,,,,,False
2026-10-01,2026-10-01,CM,BSE,STK,514324,INE814D01010,OMNITEX,X,,,,,OMNITEX INDUSTRIES (INDIA) LTD,749.8,750.0,705.5,744.7,750.0,717.5,,744.7,,,1207,893813.0,75,F1,1,,,,,,False
2026-10-01,2026-10-01,CM,BSE,STK,514326,INE790C01014,PATSPINLTD,X,,,,,PATSPIN INDIA LTD.,5.8,6.65,5.74,6.06,6.13,6.38,,6.06,,,9282,54486.0,48,F1,1,,,,,,False
2026-10-01,2026-10-01,CM,BSE,STK,514332,INE216I01017,NEOINFRA,X,,,,,NEO INFRACON LTD.,42.5,47.95,41.85,42.75,42.7,43.1,,42.75,,,213,9189.0,17,F1,1,,,,,,False
2026-10-01,2026-10-01,CM,BSE,STK,514336,INE194N01016,CCME,XT,,,,,CCME GLOBAL LIMITED,41.51,41.51,41.51,41.51,41.51,43.69,,41.51,,,78,3237.0,15,F1,1,,,,,,False
2026-10-01,2026-10-01,CM,BSE,STK,514358,INE339D01034,EVERFIN,X,,,,,EVERLON FINANCIALS LIMITED,106.8,110.7,106.7,109.1,109.65,105.75,,109.1,,,23,2484.0,5,F1,1,,,,,,False
2026-10-01,2026-10-01,CM,BSE,STK,514360,INE078T01026,KRRAIL,X,,,,,K&R RAIL ENGINEERING LIMITED,18.64,18.64,16.85,17.7,17.7,18.4,,17.7,,,63124,1126179.0,492,F1,1,,,,,,False
2026-10-01,2026-10-01,CM,BSE,STK,514378,INE564C01013,YARNSYN,X,,,,,YARN SYNDICATE LTD.,12.5,13.15,12.02,12.94,12.95,12.5,,12.94,,,1383,17313.0,33,F1,1,,,,,,False
2026-10-01,2026-10-01,CM,BSE,STK,514386,INE004C01028,GUJCOTEX,X,,,,,GUJARAT COTEX LTD.,2.49,2.5,2.36,2.43,2.44,2.42,,2.43,,,1998164,4856075.0,323,F1,1,,,,,,False
2026-10-01,2026-10-01,CM,BSE,STK,514400,INE340D01016,GARWSYN,X,,,,,GARWARE SYNTHETICS LTD.,19.25,19.25,18.25,19.02,18.26,19.14,,19.02,,,1714,31577.0,14,F1,1,,,,,,False
2026-10-01,2026-10-01,CM,BSE,STK,514402,INE638N01012,ECOHOTELS,X,,,,,ECO HOTELS AND RESORTS LIMITED,11.19,11.19,10.7,10.72,10.98,10.7,,10.72,,,5231,56634.0,23,F1,1,,,,,,False
2026-10-01,2026-10-01,CM,BSE,STK,514414,INE114D01015,OXFORDIN,XT,,,,,OXFORD INDUSTRIES LTD.,12.47,12.47,12.47,12.47,12.47,12.72,,12.47,,,64,798.0,4,F1,1,,,,,,False
2026-10-01,2026-10-01,CM,BSE,STK,514440,INE439N01031,BPAGRI,B,,,,,Blue Pearl Agriventures Limite,7.62,7.64,6.92,7.02,7.19,7.28,,7.02,,,83495,619274.0,237,F1,1,,,,,,False
2026-10-01,2026-10-01,CM,BSE,STK,514454,INE410M01018,SOUTLAT,XT,,,,,SOUTHERN LATEX LTD.,29.8,30.0,29.8,30.0,30.0,29.8,,30.0,,,99,2967.0,14,F1,1,,,,,,False
2026-10-01,2026-10-01,CM,BSE,STK,514470,INE837B01031,WINSOMTX,X,,,,,WINSOME TEXTILE INDUSTRIES LTD,78.51,78.57,77.17,78.1,78.49,78.5,,78.1,,,68163,5346530.0,46,F1,1,,,,,,False
2026-10-01,2026-10-01,CM,BSE,STK,515008,INE219W01012,MODINSU,T,,,,,MODERN INSULATORS LTD.,428.0,438.9,411.1,423.4,427.0,428.9,,423.4,,,21174,9053477.0,327,F1,1,,,,,,False
2026-10-01,2026-10-01,CM,BSE,STK,515059,INE469C01023,MADHUDIN,X,,,,,MADHUSUDAN INDUSTRIES LTD.,35.1,36.39,32.9,33.11,32.9,35.0,,33.11,,,703,23944.0,19,F1,1,,,,,,False
2026-10-01,2026-10-01,CM,BSE,STK,515085,INE298E01022,RESTILE,X,,,,,RESTILE CERAMICS LTD.,8.06,8.83,7.25,7.53,7.54,8.05,,7.53,,,84064,674062.0,281,F1,1,,,,,,False
2026-10-01,2026-10-01,CM,BSE,STK,516003,INE932D01010,DUROPLY,X,,,,,DUROPLY INDUSTRIES LIMITED,100.2,100.7,96.25,97.1,96.5,101.45,,97.1,,,2525,248103.0,47,F1,1,,,,,,False
2026-10-01,2026-10-01,CM,BSE,STK,516020,INE112C01011,AGIOPAPER,X,,,,,AGIO PAPER & INDUSTRIES LTD.,3.7,3.7,3.7,3.7,3.7,3.69,,3.7,,,30,111.0,3,F1,1,,,,,,False
2026-10-01,2026-10-01,CM,BSE,STK,516032,INE385D01029,TAHMARENT,X,,,,,TAHMAR ENTERPRISES LIMITED,4.31,4.36,4.0,4.06,4.16,4.21,,4.06,,,81213,329715.0,124,F1,1,,,,,,False
2026-10-01,2026-10-01,CM,BSE,STK,516038,INE737E01011,KSSMART,B,,,,,KS Smart Technologies Limited,90.5,92.79,89.0,90.0,90.0,91.2,,90.0,,,6712,611333.0,111,F1,1,,,,,,False
2026-10-01,2026-10-01,CM,BSE,STK,516062,INE497C01016,NATPLY,Z,,,,,NATIONAL PLYWOOD INDUSTRIES LT,2.63,2.63,2.63,2.63,2.63,2.67,,2.63,,,530,1393.0,4,F1,1,,,,,,False
2026-10-01,2026-10-01,CM,BSE,STK,516078,INE699D01015,JUMBO,XT,,,,,JUMBO BAG LTD.,93.99,93.99,89.3,92.6,90.05,93.0,,92.6,,,10938,1014401.0,51,F1,1,,,,,,False
2026-10-01,2026-10-01,CM,BSE,STK,516096,INE384D01022,SANPA,X,,,,,SANGAL PAPERS LTD.,203.75,204.5,185.25,192.0,192.0,194.8,,192.0,,,1253,241583.0,28,F1,1,,,,,,False
2026-10-01,2026-10-01,CM,BSE,STK,516098,INE810C01044,VENTURA,X,,,,,VENTURA TEXTILES LTD.,7.3,8.5,7.3,8.06,8.06,7.9,,8.06,,,427,3266.0,22,F1,1,,,,,,False
2026-10-01,2026-10-01,CM,BSE,STK,516106,INE538D01015,SHKARTP,X,,,,,SHREE KARTHIK PAPERS LTD.,7.31,7.69,7.16,7.65,7.6,7.28,,7.65,,,2393,17443.0,26,F1,1,,,,,,False
2026-10-01,2026-10-01,CM,BSE,STK,516108,INE088G01014,STHINPA,X,,,,,SOUTH INDIA PAPER MILLS LTD.,118.15,119.9,115.6,118.0,118.0,118.15,,118.0,,,8829,1033556.0,34,F1,1,,,,,,False
2026-10-01,2026-10-01,CM,BSE,STK,516110,INE146N01016,FAMILYCARE,X,,,,,FAMILY CARE HOSPITALS LIMITED,1.93,1.93,1.74,1.76,1.74,1.85,,1.76,,,106060,192738.0,270,F1,1,,,,,,False
2026-10-01,2026-10-01,CM,BSE,STK,517063,INE919C01019,JETKINGQ,X,,,,,JETKING INFOTRAIN LTD.,123.0,123.0,116.5,120.1,118.0,120.15,,120.1,,,6912,824609.0,74,F1,1,,,,,,False
2026-10-01,2026-10-01,CM,BSE,STK,517096,INE273A01015,APLAB,X,,,,,APLAB LTD.,71.99,72.9,65.04,71.81,72.25,67.49,,71.81,,,2352,165495.0,62,F1,1,,,,,,False
2026-10-01,2026-10-01,CM,BSE,STK,517119,INE834B01012,PCS,X,,,,,PCS TECHNOLOGY LTD.,22.11,23.74,22.11,22.43,22.45,23.26,,22.43,,,5217,117825.0,85,F1,1,,,,,,False
2026-10-01,2026-10-01,CM,BSE,STK,517170,INE125G01014,EDVENSWA,X,,,,,Edvenswa Enterprises Limited,22.7,22.7,21.31,21.97,22.0,22.0,,21.97,,,8110,177819.0,41,F1,1,,,,,,False
2026-10-01,2026-10-01,CM,BSE,STK,517172,INE443P01038,PERVASIVE,XT,,,,,Pervasive Commodities Limited,12.1,12.1,12.1,12.1,12.1,11.87,,12.1,,,200,2420.0,1,F1,1,,,,,,False
2026-10-01,2026-10-01,CM,BSE,STK,517201,INE311D01017,SWITCHTE,XT,,,,,SWITCHING TECHNOLOGIES GUNTHER,166.65,166.65,153.0,165.0,165.0,158.75,,165.0,,,6861,1124509.0,108,F1,1,,,,,,False
2026-10-01,2026-10-01,CM,BSE,STK,517230,INE766A01026,AURIQUE,XT,,,,,AURIQUE LIMITED,39.16,39.16,39.16,39.16,39.16,37.3,,39.16,,,83,3250.0,4,F1,1,,,,,,False
2026-10-01,2026-10-01,CM,BSE,STK,517236,INE216C01010,CALCOM,X,,,,,CALCOM VISION LTD.,64.0,67.19,63.5,64.0,64.0,65.99,,64.0,,,2904,185203.0,23,F1,1,,,,,,False
2026-10-01,2026-10-01,CM,BSE,STK,517238,INE083E01010,DYNAVSN,X,,,,,DYNAVISION LTD.,224.25,239.6,224.0,239.6,239.6,236.1,,239.6,,,149,33403.0,7,F1,1,,,,,,False
2026-10-01,2026-10-01,CM,BSE,STK,517246,INE788D01016,BCCFUBA,XT,,,,,BCC FUBA INDIA LTD.,317.9,319.5,307.85,317.55,317.55,306.35,,317.55,,,51985,16275043.0,644,F1,1,,,,,,False
2026-10-01,2026-10-01,CM,BSE,STK,517258,INE143C01024,PRECISIO,XT,,,,,PRECISION ELECTRONICS LTD.,191.0,191.0,191.0,191.0,191.0,194.0,,191.0,,,197,37627.0,2,F1,1,,,,,,False
2026-10-01,2026-10-01,CM,BSE,STK,517264,INE087E01011,FINELINE,X,,,,,FINE-LINE CIRCUITS LTD.,63.59,63.59,60.64,62.69,62.69,63.59,,62.69,,,1278,79325.0,25,F1,1,,,,,,False
2026-10-01,2026-10-01,CM,BSE,STK,517286,INE335Q01026,RNITAI,XT,,,,,RNIT AI SOLUTIONS LIMITED,107.6,111.95,107.6,111.95,111.95,109.77,,111.95,,,187740,20807752.0,176,F1,1,,,,,,False
2026-10-01,2026-10-01,CM,BSE,STK,517288,INE541F01022,GUJARATPOLY,X,,,,,Gujarat Poly Electronics Limit,57.99,57.99,54.5,56.94,56.94,56.19,,56.94,,,706,39058.0,36,F1,1,,,,,,False
2026-10-01,2026-10-01,CM,BSE,STK,517320,INE898E01011,MAGNUS,XT,,,,,MAGNUS STEEL AND INFRA LIMITED,31.81,31.81,31.81,31.81,31.81,33.48,,31.81,,,7620,242392.0,91,F1,1,,,,,,False
2026-10-01,2026-10-01,CM,BSE,STK,517336,INE834C01028,MODMA,P,,,,,MODERN MALLEABLES LTD.,34.0,34.0,34.0,34.0,34.0,35.76,,34.0,,,500,17000.0,3,F1,100,,,,,,False
2026-10-01,2026-10-01,CM,BSE,STK,517356,INE167B01025,ACIIN,XT,,,,,ACI INFOCOM LTD.,2.51,2.52,2.51,2.52,2.52,2.48,,2.52,,,188143,474016.0,101,F1,1,,,,,,False
2026-10-01,2026-10-01,CM,BSE,STK,517360,INE689V01018,SBECSYS,X,,,,,SBEC SYSTEMS (INDIA) LTD.,18.76,19.44,18.0,19.0,19.0,18.75,,19.0,,,352,6438.0,12,F1,1,,,,,,False
2026-10-01,2026-10-01,CM,BSE,STK,517370,INE437C01012,INCAP,X,,,,,INCAP LTD.,78.91,78.91,78.5,78.5,78.5,78.91,,78.5,,,251,19806.0,3,F1,1,,,,,,False
2026-10-01,2026-10-01,CM,BSE,STK,517372,INE877E01015,GUJINTRX,X,,,,,GUJARAT INTRUX LTD.,420.0,428.75,420.0,426.2,425.0,428.55,,426.2,,,1893,797726.0,77,F1,1,,,,,,False
2026-10-01,2026-10-01,CM,BSE,STK,517393,INE043B01028,REGANTO,Z,,,,,REGANTO ENTERPRISES LIMITED,3.44,3.61,3.44,3.57,3.57,3.44,,3.57,,,157842,562731.0,330,F1,1,,,,,,False
2026-10-01,2026-10-01,CM,BSE,STK,517397,INE648E01010,PANELEC,X,,,,,PAN ELECTRONICS INDIA LTD.,25.0,25.26,25.0,25.26,25.26,26.91,,25.26,,,151,3777.0,7,F1,1,,,,,,False
2026-10-01,2026-10-01,CM,BSE,STK,517399,INE756A01019,VXLINSTR,XT,,,,,VXL INSTRUMENTS LTD.,5.62,5.89,5.33,5.47,5.88,5.61,,5.47,,,36671,211363.0,46,F1,1,,,,,,False
2026-10-01,2026-10-01,CM,BSE,STK,517417,INE082C01024,PATELSAI,XT,,,,,PATELS AIRTEMP (INDIA) LTD.,389.9,389.9,361.0,367.6,370.0,379.6,,367.6,,,7891,2924086.0,186,F1,1,,,,,,False
2026-10-01,2026-10-01,CM,BSE,STK,517429,INE576B01019,ATHENAGLO,X,,,,,Athena Global Technologies Lim,56.1,56.1,55.0,55.0,55.0,55.0,,55.0,,,2,111.0,2,F1,1,,,,,,False
2026-10-01,2026-10-01,CM,BSE,STK,517431,INE060D01028,NARMP,X,,,,,NARMADA MACPLAST DRIP IRRIGATI,22.85,23.49,22.5,22.55,22.73,22.89,,22.55,,,81168,1837190.0,148,F1,1,,,,,,False
2026-10-01,2026-10-01,CM,BSE,STK,517437,INE940C01015,DUTRON,X,,,,,DUTRON POLYMERS LTD.,108.05,108.05,102.35,103.0,103.0,107.7,,103.0,,,8,828.0,4,F1,1,,,,,,False
2026-10-01,2026-10-01,CM,BSE,STK,517449,INE437D01010,MAGNAELQ,X,,,,,MAGNA ELECTRO CASTINGS LTD.,1382.9,1382.9,1251.0,1300.35,1300.0,1389.8,,1300.35,,,2699,3559145.0,200,F1,1,,,,,,False
2026-10-01,2026-10-01,CM,BSE,STK,517477,INE033C01019,ELNET,X,,,,,ELNET TECHNOLOGIES LTD.,302.0,304.0,298.0,298.0,298.0,302.9,,298.0,,,2444,733139.0,22,F1,1,,,,,,False
2026-10-01,2026-10-01,CM,BSE,STK,517494,INE258C01038,ACCEL,X,,,,,ACCEL LIMITED,12.1,12.48,11.81,12.0,12.48,12.05,,12.0,,,2940,35408.0,28,F1,1,,,,,,False
2026-10-01,2026-10-01,CM,BSE,STK,517514,INE589D01018,DHINDIA,X,,,,,D&H INDIA LTD,203.1,206.75,199.15,200.1,201.0,209.6,,200.1,,,4795,965527.0,83,F1,1,,,,,,False
2026-10-01,2026-10-01,CM,BSE,STK,517546,INE209C01015,ALFATRAN,X,,,,,ALFA TRANSFORMERS LTD.,37.0,39.0,37.0,37.95,37.81,36.99,,37.95,,,10082,382515.0,83,F1,1,,,,,,False
2026-10-01,2026-10-01,CM,BSE,STK,517554,INE141C01036,NHCFOODS,XT,,,,,NHC FOODS LTD.,1.88,1.89,1.73,1.78,1.78,1.82,,1.78,,,12640855,22602455.0,4605,F1,1,,,,,,False
2026-10-01,2026-10-01,CM,BSE,STK,518011,INE145L01012,KEERTHI,X,,,,,KEERTHI INDUSTRIES LTD.,37.57,41.0,37.57,40.4,40.4,37.57,,40.4,,,2588,104214.0,16,F1,1,,,,,,False
2026-10-01,2026-10-01,CM,BSE,STK,518053,INE827D01020,SRICC,X,,,,,Sri Chakra Cement Limited,32.82,32.82,32.82,32.82,32.82,32.82,,32.82,,,494,16213.0,10,F1,1,,,,,,False
2026-10-01,2026-10-01,CM,BSE,STK,518075,INE069E01019,SURAJ,X,,,,,SURAJ PRODUCTS LTD.,249.0,259.45,239.2,248.0,248.0,251.65,,248.0,,,6615,1631654.0,93,F1,1,,,,,,False
2026-10-01,2026-10-01,CM,BSE,STK,519014,INE100E01012,PRSNTIN,X,,,,,PRASHANT INDIA LTD.,15.0,15.0,15.0,15.0,15.0,15.15,,15.0,,,1,15.0,1,F1,1,,,,,,False
2026-10-01,2026-10-01,CM,BSE,STK,519031,INE455D01012,SHAHFOOD,XT,,,,,SHAH FOODS LTD.,329.4,361.0,328.7,328.7,328.7,345.95,,328.7,,,410,135149.0,19,F1,1,,,,,,False
2026-10-01,2026-10-01,CM,BSE,STK,519097,INE534D01014,RITESHIN,XT,,,,,RITESH INTERNATIONAL LTD.,88.01,88.5,85.0,86.35,88.0,88.01,,86.35,,,6172,531667.0,47,F1,1,,,,,,False
2026-10-01,2026-10-01,CM,BSE,STK,519191,INE601N01010,RGRL,Z,,,,,Retro Green Revolution Limited,1.3,1.3,1.19,1.24,1.21,1.25,,1.24,,,17350,20855.0,34,F1,1,,,,,,False
2026-10-01,2026-10-01,CM,BSE,STK,519214,INE188E01017,WILLIMFI,X,,,,,WILLIAMSON FINANCIAL SERVICES,4.05,4.3,4.05,4.05,4.05,4.1,,4.05,,,355,1512.0,4,F1,1,,,,,,False
2026-10-01,2026-10-01,CM,BSE,STK,519216,INE601B01023,AJANTSOY,X,,,,,AJANTA SOYA LTD.,22.61,23.5,20.53,21.46,21.77,22.5,,21.46,,,61008,1337535.0,248,F1,1,,,,,,False
2026-10-01,2026-10-01,CM,BSE,STK,519230,INE102C01020,KISAAN,X,,,,,KISAAN PARIVAR INDUSTRIES LIMI,10.19,10.19,9.57,9.77,9.85,10.2,,9.77,,,2760,26815.0,49,F1,1,,,,,,False
2026-10-01,2026-10-01,CM,BSE,STK,519238,INE233P01017,SPTRSHI,XT,,,,,SAPTARISHI AGRO INDUSTRIES LTD,30.5,30.5,28.14,30.2,30.2,29.62,,30.2,,,2742,78012.0,18,F1,1,,,,,,False
2026-10-01,2026-10-01,CM,BSE,STK,519242,INE995U01011,FRESITA,XT,,,,,FRESITA PROTEINS LIMITED,146.95,157.2,142.3,142.3,142.3,149.76,,142.3,,,24186,3616418.0,163,F1,1,,,,,,False
2026-10-01,2026-10-01,CM,BSE,STK,519262,INE297D01018,PRIMAGR,X,,,,,PRIMA AGRO LTD.,15.6,15.6,15.6,15.6,15.6,15.68,,15.6,,,3,46.0,1,F1,1,,,,,,False
2026-10-01,2026-10-01,CM,BSE,STK,519287,INE617B01011,MODAIRY,XT,,,,,MODERN DAIRIES LTD.,54.09,54.09,49.0,53.96,54.09,51.52,,53.96,,,114999,6106626.0,416,F1,1,,,,,,False
2026-10-01,2026-10-01,CM,BSE,STK,519295,INE921D01013,BAMBINO,X,,,,,BAMBINO AGRO INDUSTRIES LTD.,251.0,251.0,239.0,248.9,248.95,251.0,,248.9,,,2307,562474.0,34,F1,1,,,,,,False
2026-10-01,2026-10-01,CM,BSE,STK,519299,INE543F01028,PRIMIND,XT,,,,,PRIME INDUSTRIES LTD.,92.65,92.65,83.83,92.65,92.65,88.24,,92.65,,,588604,53716217.0,540,F1,1,,,,,,False
2026-10-01,2026-10-01,CM,BSE,STK,519307,INE706A01022,VIKASWSP,Z,,,,,VIKAS WSP LTD.,0.85,0.86,0.81,0.81,0.86,0.85,,0.81,,,258102,219543.0,80,F1,1,,,,,,False
2026-10-01,2026-10-01,CM,BSE,STK,519331,INE923K01014,VSFPROJ,X,,,,,VSF PROJECTS LTD.,37.25,37.25,32.9,33.27,34.35,36.5,,33.27,,,4137,142184.0,31,F1,1,,,,,,False
2026-10-01,2026-10-01,CM,BSE,STK,519359,INE809E01018,POONADAL,X,,,,,POONA DAL & OIL INDUSTRIES LTD,59.04,60.0,56.51,58.0,58.0,60.0,,58.0,,,420,24515.0,17,F1,1,,,,,,False
2026-10-01,2026-10-01,CM,BSE,STK,519367,INE213P01027,TRANSFD,X,,,,,TRANSGLOBE FOODS LTD.,404.05,425.0,404.05,425.0,425.0,425.0,,425.0,,,37,15201.0,9,F1,1,,,,,,False
2026-10-01,2026-10-01,CM,BSE,STK,519457,INE295C01014,VIRATCRA,X,,,,,VIRAT CRANE INDUSTRIES LTD.,34.99,34.99,33.05,34.99,34.99,35.0,,34.99,,,1978,65965.0,21,F1,1,,,,,,False
2026-10-01,2026-10-01,CM,BSE,STK,519463,INE678B01039,IBINFO,X,,,,,IB INFOTECH ENTERPRISES LTD.,34.64,34.64,31.75,31.75,31.75,33.42,,31.75,,,1816,57966.0,25,F1,1,,,,,,False
2026-10-01,2026-10-01,CM,BSE,STK,519471,INE072V01017,AMBARPIL,XT,,,,,Ambar Protein Industries Limit,195.0,195.25,195.0,195.0,195.0,195.25,,195.0,,,54,10531.0,5,F1,1,,,,,,False
2026-10-01,2026-10-01,CM,BSE,STK,519477,INE052V01019,CIANAGRO,B,,,,,CIAN Agro Ind & Infra Ltd,1068.15,1068.15,1014.75,1015.75,1015.75,1068.15,,1015.75,,,97610,99895577.0,4234,F1,1,,,,,,False
2026-10-01,2026-10-01,CM,BSE,STK,519479,INE112B01013,OMEAG,X,,,,,OMEGA AG-SEEDS (PUNJAB) LTD.,8.6,9.04,8.6,9.04,9.04,8.61,,9.04,,,237,2129.0,7,F1,1,,,,,,False
2026-10-01,2026-10-01,CM,BSE,STK,519483,INE358D01018,TAIIND,X,,,,,TAI INDUSTRIES LTD.,27.99,27.99,24.24,25.67,26.85,26.03,,25.67,,,1031,26586.0,27,F1,1,,,,,,False
2026-10-01,2026-10-01,CM,BSE,STK,519500,INE356C01022,BKV,X,,,,,BKV INDUSTRIES LTD.,9.49,9.49,8.43,8.57,8.7,9.54,,8.57,,,625,5564.0,17,F1,1,,,,,,False
2026-10-01,2026-10-01,CM,BSE,STK,519506,INE630N01019,NCCBLUE,P,,,,,NCC BLUE WATER PRODUCTS LTD.,25.5,26.0,25.5,26.0,26.0,25.0,,26.0,,,2000,51450.0,9,F1,100,,,,,,False
2026-10-01,2026-10-01,CM,BSE,STK,519566,INE354D01017,SIMRAN,X,,,,,SIMRAN FARMS LTD.,180.65,180.65,165.0,171.1,170.0,172.05,,171.1,,,2192,370094.0,39,F1,1,,,,,,False
2026-10-01,2026-10-01,CM,BSE,STK,519574,INE092301014,HINDUST,X,,,,,HINDUSTAN AGRIGENETICS LTD.,45.0,45.0,36.0,37.3,37.3,38.98,,37.3,,,1742,68261.0,34,F1,1,,,,,,False
2026-10-01,2026-10-01,CM,BSE,STK,519604,INE565E01016,SURFI,X,,,,,SURYO FOODS & INDUSTRIES LTD.,19.84,20.5,18.68,19.09,19.5,19.66,,19.09,,,578,11208.0,11,F1,1,,,,,,False
2026-10-01,2026-10-01,CM,BSE,STK,519606,INE177M01021,INTEGFD,XT,,,,,INTEGRATED PROTEINS LTD.,12.94,12.94,12.94,12.94,12.94,13.2,,12.94,,,22806,295109.0,33,F1,1,,,,,,False
2026-10-01,2026-10-01,CM,BSE,STK,519612,INE734D01010,LAKESHORE,X,,,,,LAKE SHORE REALTY LIMITED,64.0,64.0,62.1,62.38,62.45,62.52,,62.38,,,184,11577.0,10,F1,1,,,,,,False
2026-10-01,2026-10-01,CM,BSE,STK,520075,INE706B01012,SAMKRG,X,,,,,SAMKRG PISTONS & RINGS LTD.,112.8,113.75,110.0,110.95,110.95,111.8,,110.95,,,1214,135346.0,30,F1,1,,,,,,False
2026-10-01,2026-10-01,CM,BSE,STK,520121,INE276D01012,ARCEEIN,X,,,,,ARCEE INDUSTRIES LTD.,14.45,14.45,13.11,13.34,14.43,13.79,,13.34,,,2202,28993.0,9,F1,1,,,,,,False
2026-10-01,2026-10-01,CM,BSE,STK,520123,INE125D01011,ABCINDQ,X,,,,,ABC INDIA LTD.,64.0,64.0,61.99,62.0,62.0,64.0,,62.0,,,316,19717.0,11,F1,1,,,,,,False
2026-10-01,2026-10-01,CM,BSE,STK,520127,INE654B01014,BALTE,X,,,,,BALURGHAT TECHNOLOGIES LTD.,17.1,17.43,15.0,15.47,15.25,16.73,,15.47,,,51813,820254.0,203,F1,1,,,,,,False
2026-10-01,2026-10-01,CM,BSE,STK,520131,INE229E01019,COARO,P,,,,,COASTAL ROADWAYS LTD.,21.8,21.8,21.8,21.8,21.8,22.9,,21.8,,,100,2180.0,1,F1,100,,,,,,False
2026-10-01,2026-10-01,CM,BSE,STK,520141,INE441C01014,SIBARAUT,X,,,,,SIBAR AUTO PARTS LTD.,8.18,8.18,7.7,7.76,8.04,8.09,,7.76,,,379,3004.0,27,F1,1,,,,,,False
2026-10-01,2026-10-01,CM,BSE,STK,520155,INE580C01019,STARLOG,X,,,,,Starlog Enterprises Limited,39.7,39.7,37.02,37.86,37.86,39.27,,37.86,,,737,27704.0,11,F1,1,,,,,,False
2026-10-01,2026-10-01,CM,BSE,STK,521005,INE807M01031,TITANIN,X,,,,,TITAN INTECH LIMITED,0.96,0.98,0.94,0.95,0.96,0.95,,0.95,,,4087217,3933972.0,952,F1,1,,,,,,False
2026-10-01,2026-10-01,CM,BSE,STK,521036,INE695C01015,SOURCEIND,XT,,,,,SOURCE INDUSTRIES (INDIA) LTD.,69.99,69.99,69.99,69.99,69.99,68.62,,69.99,,,200,13998.0,2,F1,1,,,,,,False
2026-10-01,2026-10-01,CM,BSE,STK,521048,INE900E01015,ADVLIFE,X,,,,,ADVANCE LIFESTYLES LTD.,26.81,26.81,26.06,26.75,26.06,27.08,,26.75,,,140,3744.0,4,F1,1,,,,,,False
2026-10-01,2026-10-01,CM,BSE,STK,521054,INE092E01011,KAKTEX,X,,,,,KAKATIYA TEXTILES LTD.,7.94,7.94,7.94,7.94,7.94,7.94,,7.94,,,35,277.0,3,F1,1,,,,,,False
2026-10-01,2026-10-01,CM,BSE,STK,521062,INE814L01013,OCTAVE,X,,,,,PERFECT-OCTAVE MEDIA PROJECTS,3.85,3.85,3.46,3.71,3.71,3.44,,3.71,,,862,3189.0,24,F1,1,,,,,,False
2026-10-01,2026-10-01,CM,BSE,STK,521068,INE689E01014,HISARSP,P,,,,,HISAR SPINNING MILLS LTD.,55.0,55.0,54.5,54.5,54.5,55.7,,54.5,,,700,38250.0,2,F1,100,,,,,,False
2026-10-01,2026-10-01,CM,BSE,STK,521080,INE604F01010,PASARI,X,,,,,PASARI SPINNING MILLS LTD.,6.78,6.78,6.7,6.7,6.7,6.78,,6.7,,,456,3055.0,4,F1,1,,,,,,False
2026-10-01,2026-10-01,CM,BSE,STK,521105,INE482O01021,OLYMPTX,X,,,,,OLYMPIA INDUSTRIES LTD.,25.4,25.4,23.04,23.05,23.05,23.34,,23.05,,,5284,122385.0,93,F1,1,,,,,,False
2026-10-01,2026-10-01,CM,BSE,STK,521113,INE691D01012,SUDTIND-B,X,,,,,SUDITI INDUSTRIES LTD.,66.52,70.0,63.01,66.86,66.86,68.2,,66.86,,,16339,1078861.0,141,F1,1,,,,,,False
2026-10-01,2026-10-01,CM,BSE,STK,521131,INE363D01018,SBFL,X,,,,,Shree Bhavya Fabrics Limited,21.75,21.9,21.75,21.9,21.9,21.51,,21.9,,,2,43.0,2,F1,1,,,,,,False
2026-10-01,2026-10-01,CM,BSE,STK,521137,INE958A01011,EUREKAI,XT,,,,,EUREKA INDUSTRIES LTD.,6.46,6.93,6.46,6.46,6.46,6.79,,6.46,,,20329,131326.0,43,F1,1,,,,,,False
2026-10-01,2026-10-01,CM,BSE,STK,521141,INE122D01026,ADITYASP,X,,,,,ADITYA SPINNERS LTD.,14.14,14.2,14.07,14.2,14.2,14.18,,14.2,,,348,4902.0,14,F1,1,,,,,,False
2026-10-01,2026-10-01,CM,BSE,STK,521149,INE419E01024,PRIMEURB,X,,,,,PRIME URBAN DEVELOPMENT INDIA,7.14,8.99,7.14,8.13,8.13,7.77,,8.13,,,1585,12458.0,28,F1,1,,,,,,False
2026-10-01,2026-10-01,CM,BSE,STK,521167,INE485D01043,MAXGROW,XT,,,,,MAXGROW INDIA LIMITED,167.15,167.15,167.15,167.15,167.15,163.9,,167.15,,,6065,1013764.0,59,F1,1,,,,,,False
2026-10-01,2026-10-01,CM,BSE,STK,521178,INE306D01017,SRMCL,X,,,,,SRI RAMAKRISHNA MILLS (COIMBAT,63.0,64.73,60.12,62.02,63.49,62.11,,62.02,,,3473,217626.0,58,F1,1,,,,,,False
2026-10-01,2026-10-01,CM,BSE,STK,521206,INE931D01020,SAMTEX,X,,,,,SAMTEX FASHIONS LTD.,1.54,1.54,1.29,1.32,1.31,1.44,,1.32,,,32420,43082.0,46,F1,1,,,,,,False
2026-10-01,2026-10-01,CM,BSE,STK,521210,INE117C01010,CITYMAN,X,,,,,CITYMAN LTD.,14.25,14.25,14.25,14.25,14.25,15.0,,14.25,,,328,4674.0,3,F1,1,,,,,,False
2026-10-01,2026-10-01,CM,BSE,STK,521216,INE220C01012,DHANROTO,X,,,,,DHANALAXMI ROTO SPINNERS LTD.,68.2,72.0,68.2,70.71,70.0,68.2,,70.71,,,1166,81838.0,20,F1,1,,,,,,False
2026-10-01,2026-10-01,CM,BSE,STK,521222,INE602D01027,SANBLUE,X,,,,,SANBLUE CORPORATION LTD.,28.1,28.1,28.1,28.1,28.1,28.1,,28.1,,,15,421.0,2,F1,1,,,,,,False
2026-10-01,2026-10-01,CM,BSE,STK,521226,INE980D01019,UNIROYAL,X,,,,,UNIROYAL INDUSTRIES LTD.,25.45,25.45,23.88,23.88,23.88,23.45,,23.88,,,5,124.0,4,F1,1,,,,,,False
2026-10-01,2026-10-01,CM,BSE,STK,521228,INE083G01031,TATIAGLOB,X,,,,,TATIA GLOBAL VENNTURE LTD.,2.12,2.14,2.04,2.07,2.08,2.08,,2.07,,,24446,50760.0,125,F1,1,,,,,,False
2026-10-01,2026-10-01,CM,BSE,STK,521234,INE443E01016,SRINACHA,X,,,,,SRI NACHAMMAI COTTON MILLS LTD,26.6,26.6,26.0,26.4,26.4,25.04,,26.4,,,3,79.0,3,F1,1,,,,,,False
2026-10-01,2026-10-01,CM,BSE,STK,521238,INE893C01032,BGDL,B,,,,,BHARAT GLOBAL DEVELOPERS LIMIT,117.45,124.6,108.7,108.7,108.7,120.75,,108.7,,,36645,4038155.0,587,F1,1,,,,,,False
2026-10-01,2026-10-01,CM,BSE,STK,521244,INE676G01024,MKPMOB,XT,,,,,MKP Mobility Limited,229.0,240.3,229.0,238.0,238.0,228.9,,238.0,,,1714,408885.0,36,F1,1,,,,,,False
2026-10-01,2026-10-01,CM,BSE,STK,522001,INE608B01010,CRANEX,XT,,,,,CRANEX LTD.,79.0,79.8,77.0,79.01,79.0,79.8,,79.01,,,1318,102118.0,22,F1,1,,,,,,False
2026-10-01,2026-10-01,CM,BSE,STK,522017,INE459C01016,FLUIDOM,X,,,,,FLUIDOMAT LTD.,730.0,739.8,719.95,720.75,719.95,744.25,,720.75,,,4311,3120819.0,146,F1,1,,,,,,False
2026-10-01,2026-10-01,CM,BSE,STK,522027,INE279D01016,EMAINDIA,X,,,,,EMA INDIA LTD.,589.55,589.55,589.55,589.55,589.55,578.0,,589.55,,,81,47753.0,4,F1,1,,,,,,False
2026-10-01,2026-10-01,CM,BSE,STK,522036,INE338P01014,MIVENMACH,X,,,,,MIVEN MACHINE TOOLS LTD.,77.0,77.0,77.0,77.0,77.0,75.0,,77.0,,,18,1386.0,3,F1,1,,,,,,False
2026-10-01,2026-10-01,CM,BSE,STK,522091,INE890G01047,UVDRHOR,X,,,,,UNITED VAN DER HORST LTD.,34.4,35.5,32.9,35.36,35.5,34.44,,35.36,,,3104,105231.0,38,F1,1,,,,,,False
2026-10-01,2026-10-01,CM,BSE,STK,522134,INE133D01023,ARTSON,X,,,,,ARTSON LIMITED,154.4,159.95,151.9,156.4,156.4,156.0,,156.4,,,4973,773044.0,107,F1,1,,,,,,False
2026-10-01,2026-10-01,CM,BSE,STK,522150,INE281H01013,ADTYFRG,XT,,,,,ADITYA FORGE LTD.,32.96,34.6,32.96,34.6,34.6,3.11,,34.6,,,32174,1113056.0,78,F1,1,,,,,,False
2026-10-01,2026-10-01,CM,BSE,STK,522152,INE410A01013,SOLIMAC,X,,,,,SOLITAIRE MACHINE TOOLS LTD.,91.9,91.9,89.0,90.0,90.0,91.9,,90.0,,,2049,184071.0,20,F1,1,,,,,,False
2026-10-01,2026-10-01,CM,BSE,STK,522165,INE867D01018,INDSILHYD,X,,,,,INDSIL HYDRO POWER AND MANGANE,38.99,38.99,37.8,38.01,37.82,38.32,,38.01,,,9537,364957.0,63,F1,1,,,,,,False
2026-10-01,2026-10-01,CM,BSE,STK,522209,INE429B01011,YOGISUNG,X,,,,,YOGI SUNG-WON (INDIA) LTD.,6.13,6.69,6.13,6.27,6.27,6.35,,6.27,,,5836,37145.0,19,F1,1,,,,,,False
2026-10-01,2026-10-01,CM,BSE,STK,522231,INE714D01020,CONART,X,,,,,CONART ENGINEERS LTD.,86.65,91.0,84.05,85.83,85.01,88.64,,85.83,,,17681,1530975.0,230,F1,1,,,,,,False
2026-10-01,2026-10-01,CM,BSE,STK,522237,INE092H01014,SHIVAGR,X,,,,,SHIVAGRICO IMPLEMENTS LTD.,20.55,20.55,19.5,19.8,19.8,20.99,,19.8,,,90,1789.0,11,F1,1,,,,,,False
2026-10-01,2026-10-01,CM,BSE,STK,522251,INE627F01011,CENLUB,X,,,,,CENLUB INDUSTRIES LTD.,175.9,175.9,167.2,169.0,170.0,171.1,,169.0,,,3516,596410.0,113,F1,1,,,,,,False
2026-10-01,2026-10-01,CM,BSE,STK,522267,INE466D01019,VJLAXMIE,X,,,,,VEEJAY LAKSHMI ENGINEERING WOR,38.0,42.0,38.0,38.75,38.75,40.7,,38.75,,,1066,42344.0,22,F1,1,,,,,,False
2026-10-01,2026-10-01,CM,BSE,STK,522273,INE868C01018,AHMDSTE,X,,,,,AHMEDABAD STEELCRAFT LTD.,169.2,173.0,158.0,158.4,158.4,166.6,,158.4,,,401,64577.0,19,F1,1,,,,,,False
2026-10-01,2026-10-01,CM,BSE,STK,522289,INE169F01014,NMSGLOBAL,X,,,,,NMS GLOBAL LIMITED,38.8,38.85,37.0,37.94,38.0,37.0,,37.94,,,5932,226394.0,84,F1,1,,,,,,False
2026-10-01,2026-10-01,CM,BSE,STK,522292,INE713D01055,CANDOUR,XT,,,,,CANDOUR TECHTEX LIMITED,70.89,70.89,69.48,69.48,69.48,70.89,,69.48,,,101,7059.0,3,F1,1,,,,,,False
2026-10-01,2026-10-01,CM,BSE,STK,522294,INE811B01010,TIGLOB,X,,,,,T & I GLOBAL LTD.,203.65,212.0,176.4,208.55,208.55,196.7,,208.55,,,20002,4084293.0,157,F1,1,,,,,,False
2026-10-01,2026-10-01,CM,BSE,STK,522650,INE142E01022,BEMHY,X,,,,,BEMCO HYDRAULICS LTD.,99.0,104.0,99.0,100.6,99.0,99.1,,100.6,,,7829,794065.0,98,F1,1,,,,,,False
2026-10-01,2026-10-01,CM,BSE,STK,523019,INE710D01028,BNRSEC,X,,,,,B.N.RATHI SECURITIES LTD.,16.91,17.39,16.31,16.65,16.85,17.19,,16.65,,,12543,210109.0,167,F1,1,,,,,,False
2026-10-01,2026-10-01,CM,BSE,STK,523021,INE989D01010,RISHITECH,X,,,,,RISHI TECHTEX LTD.,46.05,46.05,43.05,44.9,44.9,44.45,,44.9,,,668,28861.0,7,F1,1,,,,,,False
2026-10-01,2026-10-01,CM,BSE,STK,523054,INE626H01019,ZBINTXPP,XT,,,,,BINAYAK TEX PROCESSORS LTD.,1613.9,1613.9,1613.9,1613.9,1613.9,1622.0,,1613.9,,,1,1613.0,1,F1,1,,,,,,False
2026-10-01,2026-10-01,CM,BSE,STK,523100,INE124B01018,COSMOFE,X,,,,,COSMO FERRITES LTD.,157.2,172.0,157.2,170.2,163.0,165.05,,170.2,,,1744,288152.0,47,F1,1,,,,,,False
2026-10-01,2026-10-01,CM,BSE,STK,523105,INE293E01031,CROPSTER,XT,,,,,CROPSTER AGRO LIMITED,2.55,2.55,2.55,2.55,2.55,2.68,,2.55,,,2189386,5582934.0,2681,F1,1,,,,,,False
2026-10-01,2026-10-01,CM,BSE,STK,523120,INE628D01014,THRIVE,XT,,,,,THRIVE FUTURE HABITATS LIMITED,88.4,88.4,84.0,86.0,86.0,88.37,,86.0,,,207,17761.0,22,F1,1,,,,,,False
2026-10-01,2026-10-01,CM,BSE,STK,523160,INE599F01020,FOSECOC,X,,,,,FOSECO CRUCIBLE INDIA LIMITED,1974.1,2020.0,1860.0,1954.8,1954.8,1984.0,,1954.8,,,4361,8524371.0,443,F1,1,,,,,,False
2026-10-01,2026-10-01,CM,BSE,STK,523222,INE173J01018,SRMENERGY,XT,,,,,SRM ENERGY LTD.,26.2,26.23,24.2,26.2,26.2,24.99,,26.2,,,10489,273637.0,51,F1,1,,,,,,False
2026-10-01,2026-10-01,CM,BSE,STK,523232,INE369D01023,CONTPTR,X,,,,,CONTINENTAL PETROLEUMS LTD.,67.0,74.99,66.25,68.4,70.99,71.4,,68.4,,,3919,277785.0,51,F1,1,,,,,,False
2026-10-01,2026-10-01,CM,BSE,STK,523242,INE006F01018,NBFOOT,P,,,,,NB FOOTWEAR LTD.,3.6,3.6,3.6,3.6,3.6,3.57,,3.6,,,200,720.0,2,F1,100,,,,,,False
2026-10-01,2026-10-01,CM,BSE,STK,523248,INE082B01018,MACPLASQ,X,,,,,MACHINO PLASTICS LTD.,290.55,298.8,279.0,280.55,279.45,290.0,,280.55,,,347,99390.0,39,F1,1,,,,,,False
2026-10-01,2026-10-01,CM,BSE,STK,523277,INE395B01048,GVFILM,X,,,,,GV FILMS LTD.,0.41,0.42,0.4,0.4,0.41,0.41,,0.4,,,1181927,486641.0,284,F1,1,,,,,,False
2026-10-01,2026-10-01,CM,BSE,STK,523289,INE763B01013,RAMAVISION,X,,,,,RAMA VISION LTD.,186.9,186.9,170.25,172.55,172.55,173.9,,172.55,,,2358,409864.0,56,F1,1,,,,,,False
2026-10-01,2026-10-01,CM,BSE,STK,523309,INE241V01018,SHRIGANG,X,,,,,SHRI GANG INDUSTRIES AND ALLIE,54.0,54.0,49.0,49.65,49.65,53.32,,49.65,,,32521,1657928.0,267,F1,1,,,,,,False
2026-10-01,2026-10-01,CM,BSE,STK,523373,INE281E01028,MINID,X,,,,,MINI DIAMONDS (INDIA) LTD.,4.03,4.11,4.0,4.03,4.05,4.02,,4.03,,,312323,1266157.0,356,F1,1,,,,,,False
2026-10-01,2026-10-01,CM,BSE,STK,523387,INE982C01033,HOM,X,,,,,HOMRE LIMITED,1.62,1.66,1.6,1.66,1.66,1.59,,1.66,,,63605,104729.0,190,F1,1,,,,,,False
2026-10-01,2026-10-01,CM,BSE,STK,523411,INE833A01016,ADCINDIA,XT,,,,,ADC INDIA COMMUNICATIONS LIMIT,2338.0,2369.95,2210.0,2241.45,2241.45,2324.6,,2241.45,,,1877,4289868.0,112,F1,1,,,,,,False
2026-10-01,2026-10-01,CM,BSE,STK,523425,INE459D01014,SUNRAJDI,X,,,,,SUNRAJ DIAMOND EXPORTS LTD.,12.44,12.44,12.44,12.44,12.44,12.44,,12.44,,,10,124.0,1,F1,1,,,,,,False
2026-10-01,2026-10-01,CM,BSE,STK,523465,INE969D01012,INDBNK,B,,,,,IND BANK HOUSING LTD.,50.34,55.1,50.25,54.0,54.0,50.59,,54.0,,,575,31081.0,15,F1,1,,,,,,False
2026-10-01,2026-10-01,CM,BSE,STK,523467,INE250C01027,JAIMATAG,XT,,,,,JAI MATA GLASS LTD.,2.9,2.9,2.9,2.9,2.9,2.95,,2.9,,,6905,20024.0,30,F1,1,,,,,,False
2026-10-01,2026-10-01,CM,BSE,STK,523489,INE889F01017,CMMHOSP,X,,,,,CHENNAI MEENAKSHI MULTISPECIAL,36.61,36.61,36.61,36.61,36.61,36.6,,36.61,,,14,512.0,2,F1,1,,,,,,False
2026-10-01,2026-10-01,CM,BSE,STK,523519,INE951C01012,UNIOFFICE,X,,,,,UNIVERSAL OFFICE AUTOMATION LT,7.6,7.6,7.22,7.22,7.22,7.6,,7.22,,,2525,18400.0,9,F1,1,,,,,,False
2026-10-01,2026-10-01,CM,BSE,STK,523537,INE170D01025,APMIN,X,,,,,APM INDUSTRIES LTD.,58.8,58.8,55.38,57.49,57.49,58.64,,57.49,,,1156,64849.0,22,F1,1,,,,,,False
2026-10-01,2026-10-01,CM,BSE,STK,523550,INE951B01014,KRYPTONQ,X,,,,,KRYPTON INDUSTRIES LTD.,32.99,32.99,32.1,32.4,32.4,32.98,,32.4,,,1446,46761.0,16,F1,1,,,,,,False
2026-10-01,2026-10-01,CM,BSE,STK,523566,INE199D01016,MARBU,X,,,,,MARTIN BURN LTD.,42.25,43.01,42.25,43.01,43.01,42.24,,43.01,,,23,972.0,2,F1,1,,,,,,False
2026-10-01,2026-10-01,CM,BSE,STK,523586,INE826B01026,INDTONER,X,,,,,INDIAN TONERS & DEVELOPERS LTD,46.41,47.45,45.36,46.48,46.26,46.93,,46.48,,,4886,225725.0,121,F1,1,,,,,,False
2026-10-01,2026-10-01,CM,BSE,STK,523620,INE486I01016,PHRMASI,X,,,,,PHAARMASIA LTD.,87.5,92.4,87.5,92.4,92.4,88.0,,92.4,,,369,33560.0,8,F1,1,,,,,,False
2026-10-01,2026-10-01,CM,BSE,STK,523650,INE823D01011,YASHINNO,X,,,,,YASH INNOVENTURES LIMITED,42.93,42.93,39.5,40.0,40.0,41.25,,40.0,,,14760,590608.0,98,F1,1,,,,,,False
2026-10-01,2026-10-01,CM,BSE,STK,523672,INE954B01018,FLEXFO,X,,,,,FLEX FOODS LTD.,51.48,51.48,48.95,50.43,50.5,50.0,,50.43,,,7613,375249.0,33,F1,1,,,,,,False
2026-10-01,2026-10-01,CM,BSE,STK,523676,INE798D01015,GOLKUNDIA,X,,,,,GOLKUNDA DIAMONDS & JEWELLERY,308.5,322.0,302.0,306.85,310.95,317.45,,306.85,,,2941,909011.0,88,F1,1,,,,,,False
2026-10-01,2026-10-01,CM,BSE,STK,523696,INE842B01015,FORTISMLR,X,,,,,FORTIS MALAR HOSPITALS LIMITED,42.34,42.35,40.85,41.29,41.64,41.72,,41.29,,,4549,187644.0,153,F1,1,,,,,,False
2026-10-01,2026-10-01,CM,BSE,STK,523722,INE119B01018,SVAMSOF,XT,,,,,SVAM SOFTWARE LTD.,8.45,8.45,7.65,7.85,7.7,8.05,,7.85,,,23563,184764.0,57,F1,1,,,,,,False
2026-10-01,2026-10-01,CM,BSE,STK,523732,INE866A01016,ECOBOAR,X,,,,,ECOBOARD INDUSTRIES LTD.,59.95,60.01,58.16,58.91,59.0,59.82,,58.91,,,10690,634356.0,29,F1,1,,,,,,False
2026-10-01,2026-10-01,CM,BSE,STK,523752,INE502D01011,TIHIL,X,,,,,TRANS INDIA HOUSE IMPEX LIMITE,2.84,2.95,2.74,2.8,2.8,2.82,,2.8,,,54260,155496.0,99,F1,1,,,,,,False
2026-10-01,2026-10-01,CM,BSE,STK,523782,INE844D01017,MITSHI,X,,,,,Mitshi India Limited,13.5,13.99,13.01,13.98,13.98,13.41,,13.98,,,10911,148199.0,35,F1,1,,,,,,False
2026-10-01,2026-10-01,CM,BSE,STK,523790,INE344E01016,SHUKJEW,P,,,,,SHUKRA JEWELLERS LTD.,9.0,9.0,9.0,9.0,9.0,9.0,,9.0,,,300,2700.0,3,F1,100,,,,,,False
2026-10-01,2026-10-01,CM,BSE,STK,523826,INE959D01013,SOVERDIA,X,,,,,SOVEREIGN DIAMONDS LTD.,26.26,29.54,26.26,28.0,28.0,27.22,,28.0,,,1600,44684.0,31,F1,1,,,,,,False
2026-10-01,2026-10-01,CM,BSE,STK,523832,INE862C01029,MUKATPIP,X,,,,,MUKAT PIPES LTD.,14.4,14.4,13.86,14.0,13.86,14.06,,14.0,,,48,672.0,6,F1,1,,,,,,False
2026-10-01,2026-10-01,CM,BSE,STK,523840,INE965C01038,INNOVTEC,X,,,,,INNOVATIVE TECH PACK LTD.,13.72,14.5,13.72,14.14,14.14,14.0,,14.14,,,3993,55317.0,31,F1,1,,,,,,False
2026-10-01,2026-10-01,CM,BSE,STK,523844,INE537B01011,CONSTRONIC,X,,,,,CONSTRONICS INFRA LIMITED,50.9,50.9,47.0,47.0,47.0,46.99,,47.0,,,113,5664.0,3,F1,1,,,,,,False
2026-10-01,2026-10-01,CM,BSE,STK,523874,INE191C01023,EASTINDIA,XT,,,,,East India Drums and Barrels M,96.0,96.0,91.0,94.88,95.0,95.52,,94.88,,,10133,961374.0,90,F1,1,,,,,,False
2026-10-01,2026-10-01,CM,BSE,STK,523888,INE317D01014,MEGAMONT,X,,,,,MEGAMONT LIMITED,201.9,203.0,194.5,194.6,194.5,199.3,,194.6,,,6864,1380563.0,25,F1,1,,,,,,False
2026-10-01,2026-10-01,CM,BSE,STK,524031,INE637N01014,PATIDAR,X,,,,,PATIDAR BUILDCON LIMITED,5.37,5.37,5.37,5.37,5.37,5.37,,5.37,,,50,268.0,2,F1,1,,,,,,False
2026-10-01,2026-10-01,CM,BSE,STK,524038,INE204D01022,VENLONENT,X,,,,,VENLON ENTERPRISES LTD.,3.95,4.05,3.55,4.0,4.0,3.95,,4.0,,,3882,14565.0,14,F1,1,,,,,,False
2026-10-01,2026-10-01,CM,BSE,STK,524055,INE181D01014,PANIDPR,X,,,,,PANTHER INDUSTRIAL PRODUCTS LT,87.4,87.4,87.4,87.4,87.4,92.0,,87.4,,,100,8740.0,1,F1,1,,,,,,False
2026-10-01,2026-10-01,CM,BSE,STK,524080,INE681F01018,HARLETH,X,,,,,HARYANA LEATHER CHEMICALS LTD.,57.48,59.2,54.3,56.8,56.8,57.48,,56.8,,,123,6723.0,13,F1,1,,,,,,False
2026-10-01,2026-10-01,CM,BSE,STK,524136,INE417E01010,PCCOSMA,XT,,,,,PEE CEE COSMA SOPE LTD.,460.35,479.0,457.9,474.2,474.2,477.35,,474.2,,,219,103269.0,20,F1,1,,,,,,False
2026-10-01,2026-10-01,CM,BSE,STK,524156,INE034F01010,TCMLMTD,X,,,,,TCM LTD.,47.15,50.0,47.15,48.0,48.0,50.02,,48.0,,,1810,87343.0,19,F1,1,,,,,,False
2026-10-01,2026-10-01,CM,BSE,STK,524174,INE133C01033,KESARPE,X,,,,,KESAR PETROPRODUCTS LTD.,11.65,12.19,11.23,11.51,11.94,12.05,,11.51,,,88847,1033393.0,289,F1,1,,,,,,False
2026-10-01,2026-10-01,CM,BSE,STK,524202,INE058I01013,LACTOSE,X,,,,,LACTOSE (INDIA) LTD.,107.6,108.95,103.5,105.4,105.45,107.1,,105.4,,,3255,344801.0,41,F1,1,,,,,,False
2026-10-01,2026-10-01,CM,BSE,STK,524204,INE757D01011,TEEAI,X,,,,,TEESTA AGRO INDUSTRIES LTD.,116.1,116.1,111.1,115.05,115.8,115.95,,115.05,,,271,30799.0,18,F1,1,,,,,,False
2026-10-01,2026-10-01,CM,BSE,STK,524210,INE702E01015,PNTKYOR,X,,,,,PENTOKEY ORGANY (INDIA) LTD.,35.0,35.9,33.0,33.0,33.0,36.44,,33.0,,,45,1492.0,4,F1,1,,,,,,False
2026-10-01,2026-10-01,CM,BSE,STK,524218,INE486D01017,RESONANCE,XT,,,,,RESONANCE SPECIALTIES LTD.,190.95,200.0,183.0,197.05,197.75,190.95,,197.05,,,23212,4489582.0,243,F1,1,,,,,,False
2026-10-01,2026-10-01,CM,BSE,STK,524238,INE659F01022,GUJINJEC,XT,,,,,GUJARAT INJECT (KERALA) LTD.,8.99,9.55,8.99,9.18,9.18,9.4,,9.18,,,131826,1231586.0,335,F1,1,,,,,,False
2026-10-01,2026-10-01,CM,BSE,STK,524288,INE008B01013,AIMCOPEST,X,,,,,AIMCO PESTICIDES LTD.,42.93,43.74,42.16,43.24,43.4,43.81,,43.24,,,829,35424.0,19,F1,1,,,,,,False
2026-10-01,2026-10-01,CM,BSE,STK,524314,INE499G01013,GUJTERC,X,,,,,GUJARAT TERCE LABORATORIES LTD,36.1,36.1,35.0,35.16,36.0,36.09,,35.16,,,3695,130032.0,31,F1,1,,,,,,False
2026-10-01,2026-10-01,CM,BSE,STK,524322,INE323K01017,KABRADG,X,,,,,KABRA DRUGS LTD.,19.5,19.89,18.4,18.71,18.71,19.49,,18.71,,,135408,2556385.0,269,F1,1,,,,,,False
2026-10-01,2026-10-01,CM,BSE,STK,524336,INE065E01017,SHHARICH,XT,,,,,SHREE HARI CHEMICALS EXPORT LT,337.0,338.65,317.0,322.95,322.95,332.6,,322.95,,,7713,2518879.0,126,F1,1,,,,,,False
2026-10-01,2026-10-01,CM,BSE,STK,524400,INE806D01016,ISHITADR,X,,,,,ISHITA DRUGS & INDUSTRIES LTD.,74.74,76.2,71.0,76.2,76.2,74.0,,76.2,,,17060,1211643.0,14,F1,1,,,,,,False
2026-10-01,2026-10-01,CM,BSE,STK,524414,INE744C01029,NORRIS,X,,,,,NORRIS MEDICINES LTD.,16.9,16.9,16.3,16.3,16.3,17.15,,16.3,,,604,9907.0,2,F1,1,,,,,,False
2026-10-01,2026-10-01,CM,BSE,STK,524434,INE810M01019,ASINPET,X,,,,,ASIAN PETROPRODUCTS & EXPORTS,9.16,9.38,9.0,9.3,9.3,9.18,,9.3,,,46226,422833.0,58,F1,1,,,,,,False
2026-10-01,2026-10-01,CM,BSE,STK,524440,INE198C01010,CAMEXLTD,X,,,,,CAMEX LTD.,55.75,58.5,55.0,57.1,57.1,57.75,,57.1,,,3461,194104.0,52,F1,1,,,,,,False
2026-10-01,2026-10-01,CM,BSE,STK,524444,INE313M01030,EVEXIA,X,,,,,EVEXIA LIFECARE LIMITED,1.96,2.01,1.94,2.01,2.01,1.92,,2.01,,,19573263,39320189.0,900,F1,1,,,,,,False
2026-10-01,2026-10-01,CM,BSE,STK,524458,INE319N01019,INDOEURO,X,,,,,INDO EURO INDCHEM LTD.,8.7,8.7,8.1,8.1,8.1,8.26,,8.1,,,150,1245.0,3,F1,1,,,,,,False
2026-10-01,2026-10-01,CM,BSE,STK,524480,INE249D01019,RIDDHI,X,,,,,RIDDHI SIDDHI GLUCO BIOLS LTD.,736.0,736.0,702.0,710.9,711.0,735.0,,710.9,,,1344,961431.0,40,F1,1,,,,,,False
2026-10-01,2026-10-01,CM,BSE,STK,524488,INE038B01010,SVCIND,X,,,,,SVC INDUSTRIES LIMITED,2.88,3.39,2.88,2.88,2.88,3.19,,2.88,,,254348,741697.0,189,F1,1,,,,,,False
2026-10-01,2026-10-01,CM,BSE,STK,524502,INE548H01015,RAAJMEDI,XT,,,,,RAAJ MEDISAFE INDIA LTD.,95.99,99.85,95.6,98.46,98.97,95.1,,98.46,,,670,64253.0,12,F1,1,,,,,,False
2026-10-01,2026-10-01,CM,BSE,STK,524506,INE683E01017,CORALAB,XT,,,,,CORAL LABORATORIES LTD.,585.0,585.0,546.5,548.6,569.0,568.05,,548.6,,,871,479924.0,37,F1,1,,,,,,False
2026-10-01,2026-10-01,CM,BSE,STK,524514,INE276N01011,TULASEEBIOE,ZP,,,,,TULASEE BIO-ETHANOL LTD.,33.0,33.0,33.0,33.0,33.0,33.0,,33.0,,,100,3300.0,1,F1,100,,,,,,False
2026-10-01,2026-10-01,CM,BSE,STK,524516,INE711D01018,BACPHAR,XT,,,,,BACIL PHARMA LTD.,26.72,27.37,24.9,27.28,27.37,26.07,,27.28,,,22459,606913.0,120,F1,1,,,,,,False
2026-10-01,2026-10-01,CM,BSE,STK,524522,INE919B01011,LAFFANSQ,X,,,,,LAFFANS PETROCHEMICALS LTD.,29.5,30.79,27.2,29.29,29.29,29.14,,29.29,,,785,21692.0,42,F1,1,,,,,,False
2026-10-01,2026-10-01,CM,BSE,STK,524534,INE972C01018,BHASKAGR,X,,,,,BHASKAR AGROCHEMICALS LTD.,109.05,109.05,102.7,105.2,106.95,108.9,,105.2,,,687,72391.0,31,F1,1,,,,,,False
2026-10-01,2026-10-01,CM,BSE,STK,524548,INE465H01012,SHARMEH,X,,,,,SHARMA EAST INDIA HOSPITALS &,89.98,89.98,87.95,87.95,87.95,88.0,,87.95,,,74,6595.0,16,F1,1,,,,,,False
2026-10-01,2026-10-01,CM,BSE,STK,524564,INE052E01015,GAYATRIBI,XT,,,,,GAYATRI BIOORGANICS LTD.,7.95,7.95,7.85,7.9,7.9,7.79,,7.9,,,351,2775.0,9,F1,1,,,,,,False
2026-10-01,2026-10-01,CM,BSE,STK,524572,INE117D01018,PHARMAID,X,,,,,PHARMAIDS PHARMACEUTICALS LTD.,30.4,30.4,29.51,30.15,30.15,29.4,,30.15,,,2722,81509.0,47,F1,1,,,,,,False
2026-10-01,2026-10-01,CM,BSE,STK,524576,INE737C01023,VIVIDIND,X,,,,,VIVID GLOBAL INDUSTRIES LTD.,18.75,18.75,18.5,18.75,18.75,18.97,,18.75,,,2134,40000.0,10,F1,1,,,,,,False
2026-10-01,2026-10-01,CM,BSE,STK,524582,INE314D01011,TIRUSTA,X,,,,,TIRUPATI STARCH & CHEMICALS LT,120.5,123.25,118.1,120.75,120.75,122.55,,120.75,,,332,39544.0,13,F1,1,,,,,,False
2026-10-01,2026-10-01,CM,BSE,STK,524592,INE263B01022,JAYSYNTH,XT,,,,,JAYSYNTH ORGOCHEM LIMITED,16.58,16.66,15.68,16.25,16.2,16.5,,16.25,,,30022,481172.0,126,F1,1,,,,,,False
2026-10-01,2026-10-01,CM,BSE,STK,524594,INE994D01010,AEONXDIGI,X,,,,,Aeonx Digital Technology Limit,108.5,108.5,105.0,107.6,107.0,108.0,,107.6,,,346,37373.0,13,F1,1,,,,,,False
2026-10-01,2026-10-01,CM,BSE,STK,524602,INE875N01036,BANDARAM,X,,,,,BANDARAM PHARMA PACKTECH LIMIT,20.99,20.99,19.45,20.29,20.29,19.99,,20.29,,,3629,71830.0,23,F1,1,,,,,,False
2026-10-01,2026-10-01,CM,BSE,STK,524606,INE415H01017,BERLDRG,X,,,,,BERYL DRUGS LTD.,25.0,26.9,24.05,25.29,25.97,25.65,,25.29,,,4027,103741.0,69,F1,1,,,,,,False
2026-10-01,2026-10-01,CM,BSE,STK,524614,INE056E01024,INDXTRA,X,,,,,IEL LIMITED,5.22,5.5,5.03,5.35,5.17,5.12,,5.35,,,29238,156015.0,102,F1,1,,,,,,False
2026-10-01,2026-10-01,CM,BSE,STK,524622,INE532B01020,ISTRNETWK,X,,,,,ISTREET NETWORK LIMITED,46.88,46.88,43.3,44.64,46.69,45.31,,44.64,,,36004,1604544.0,135,F1,1,,,,,,False
2026-10-01,2026-10-01,CM,BSE,STK,524624,INE076D01016,GAGAN,X,,,,,GAGAN GASES LTD.,18.63,20.37,18.63,18.83,18.83,19.31,,18.83,,,1143,21609.0,37,F1,1,,,,,,False
2026-10-01,2026-10-01,CM,BSE,STK,524628,INE750B01010,PARKERAC,X,,,,,PARKER AGROCHEM EXPORTS LTD.,20.2,20.2,20.2,20.2,20.2,20.2,,20.2,,,4,80.0,1,F1,1,,,,,,False
2026-10-01,2026-10-01,CM,BSE,STK,524636,INE102E01018,OXYGENTAPH,XT,,,,,OXYGENTA PHARMACEUTICAL LIMITE,48.22,48.49,47.5,48.0,48.0,48.22,,48.0,,,4577,219557.0,46,F1,1,,,,,,False
2026-10-01,2026-10-01,CM,BSE,STK,524640,INE078I01011,ARCHITORG,XT,,,,,ARCHIT ORGANOSYS LTD.,63.85,63.88,61.06,61.82,61.7,63.49,,61.82,,,11224,700043.0,50,F1,1,,,,,,False
2026-10-01,2026-10-01,CM,BSE,STK,524661,INE331C01025,WELCURE,X,,,,,WELCURE DRUGS & PHARMACEUTICAL,0.22,0.22,0.2,0.21,0.22,0.21,,0.21,,,7040130,1501178.0,461,F1,1,,,,,,False
2026-10-01,2026-10-01,CM,BSE,STK,524663,INE994B01014,BIBCL,B,,,,,BHARAT IMMUNOLOGICALS & BIOLOG,8.82,8.84,8.16,8.18,8.18,9.06,,8.18,,,457458,3808620.0,816,F1,1,,,,,,False
2026-10-01,2026-10-01,CM,BSE,STK,524675,INE645C01010,KABSON,X,,,,,KABSONS INDUSTRIES LTD.,19.5,19.5,18.05,19.45,19.45,19.5,,19.45,,,249,4638.0,12,F1,1,,,,,,False
2026-10-01,2026-10-01,CM,BSE,STK,524687,INE473E01021,BASANTGL,X,,,,,BASANT AGRO TECH (INDIA) LTD.,11.5,11.5,10.83,10.93,11.0,11.04,,10.93,,,28837,319143.0,117,F1,1,,,,,,False
2026-10-01,2026-10-01,CM,BSE,STK,524703,INE751D01014,SANDUPHQ,X,,,,,SANDU PHARMACEUTICALS LTD.,36.8,36.8,35.3,36.53,36.52,36.2,,36.53,,,619,22177.0,24,F1,1,,,,,,False
2026-10-01,2026-10-01,CM,BSE,STK,524711,INE427C01021,VISTAPH,X,,,,,VISTA PHARMACEUTICALS LTD.,6.06,6.39,6.06,6.21,6.19,6.31,,6.21,,,5023,31099.0,41,F1,1,,,,,,False
2026-10-01,2026-10-01,CM,BSE,STK,524717,INE150C01029,TITANBIO,B,,,,,TITAN BIOTECH LTD.,386.2,404.45,386.2,391.5,392.45,393.75,,391.5,,,16909,6666623.0,461,F1,1,,,,,,False
2026-10-01,2026-10-01,CM,BSE,STK,524723,INE491D01017,ARVAYA,XT,,,,,Arvaya Healthcare Limited,120.0,120.0,120.0,120.0,120.0,122.4,,120.0,,,16,1920.0,3,F1,1,,,,,,False
2026-10-01,2026-10-01,CM,BSE,STK,524727,INE004E01016,SDL,X,,,,,Span Divergent Limited,22.95,22.95,22.95,22.95,22.95,24.15,,22.95,,,40,918.0,4,F1,1,,,,,,False
2026-10-01,2026-10-01,CM,BSE,STK,524748,INE302F01011,LINKPH,X,,,,,LINK PHARMA CHEM LTD.,29.0,29.0,25.3,26.24,28.3,28.5,,26.24,,,1113,30796.0,24,F1,1,,,,,,False
2026-10-01,2026-10-01,CM,BSE,STK,524752,INE643N01012,DECIPHER,X,,,,,DECIPHER LABS LIMITED,6.08,6.08,6.0,6.0,6.0,6.0,,6.0,,,113,678.0,6,F1,1,,,,,,False
2026-10-01,2026-10-01,CM,BSE,STK,524768,INE634B01016,EMMESSA,X,,,,,EMMESSAR BIOTECH & NUTRITION L,22.2,23.69,22.2,22.99,22.99,23.74,,22.99,,,2383,53827.0,26,F1,1,,,,,,False
2026-10-01,2026-10-01,CM,BSE,STK,524790,INE334C01029,EVERESTO,X,,,,,EVEREST ORGANICS LTD.,238.0,238.0,216.25,219.8,220.7,221.5,,219.8,,,671,149113.0,34,F1,1,,,,,,False
2026-10-01,2026-10-01,CM,BSE,STK,524808,INE037C01010,PHYTO,X,,,,,PHYTO CHEM (INDIA) LTD.,17.37,17.37,17.0,17.05,17.0,17.37,,17.05,,,615,10565.0,13,F1,1,,,,,,False
2026-10-01,2026-10-01,CM,BSE,STK,524818,INE457C01010,DYNAMIND,X,,,,,DYNAMIC INDUSTRIES LTD.,126.8,126.8,120.05,121.15,123.0,126.8,,121.15,,,1581,193052.0,55,F1,1,,,,,,False
2026-10-01,2026-10-01,CM,BSE,STK,524828,INE278D01018,BDH,X,,,,,BDH INDUSTRIES LTD.,491.0,503.95,475.0,482.2,491.0,495.15,,482.2,,,611,295602.0,64,F1,1,,,,,,False
2026-10-01,2026-10-01,CM,BSE,STK,526001,INE593O01017,JAUSPOL,X,,,,,JAUSS POLYMERS LTD.,28.83,28.83,23.8,27.89,28.0,26.21,,27.89,,,11848,327127.0,42,F1,1,,,,,,False
2026-10-01,2026-10-01,CM,BSE,STK,526025,INE064L01015,GLOBUSCON,X,,,,,GLOBUS CONSTRUCTORS & DEVELOPE,16.52,16.52,15.5,16.19,16.19,15.84,,16.19,,,11449,182116.0,49,F1,1,,,,,,False
2026-10-01,2026-10-01,CM,BSE,STK,526043,INE809B01014,POLYCHMP,X,,,,,POLYMECHPLAST MACHINES LTD.,46.25,48.99,45.0,47.02,47.89,45.75,,47.02,,,1180,54445.0,37,F1,1,,,,,,False
2026-10-01,2026-10-01,CM,BSE,STK,526071,INE395F01023,STELLANT,XT,,,,,STELLANT SECURITIES (INDIA) LT,940.0,969.9,935.0,941.75,958.4,943.4,,941.75,,,956,909138.0,83,F1,1,,,,,,False
2026-10-01,2026-10-01,CM,BSE,STK,526073,INE020S01012,GALXBRG,XT,,,,,GALAXY BEARINGS LTD.,949.0,977.0,925.4,968.0,968.0,949.4,,968.0,,,1261,1202970.0,60,F1,1,,,,,,False
2026-10-01,2026-10-01,CM,BSE,STK,526075,INE092O01028,VINRKLB,XT,,,,,REKVINA LABORATORIES LTD.,49.86,49.86,49.8,49.86,49.86,48.89,,49.86,,,2246,111973.0,8,F1,1,,,,,,False
2026-10-01,2026-10-01,CM,BSE,STK,526081,INE895E01017,SCAGRO,XT,,,,,SC Agrotech Limited,36.69,36.69,36.69,36.69,36.69,34.95,,36.69,,,51635,1894488.0,50,F1,1,,,,,,False
2026-10-01,2026-10-01,CM,BSE,STK,526095,INE427E01027,RALEGRA,X,,,,,RAVILEELA GRANITES LTD.,59.4,59.4,58.99,58.99,58.99,59.25,,58.99,,,100,5900.0,5,F1,1,,,,,,False
2026-10-01,2026-10-01,CM,BSE,STK,526113,INE602H01010,UNRYLMA,XT,,,,,UNIROYAL MARINE EXPORTS LTD.,16.4,16.4,15.58,15.58,15.58,16.4,,15.58,,,12,195.0,3,F1,1,,,,,,False
2026-10-01,2026-10-01,CM,BSE,STK,526115,INE327D01013,KARANWO,X,,,,,KARAN WOO-SIN LTD.,7.1,7.1,7.1,7.1,7.1,7.1,,7.1,,,1470,10437.0,3,F1,1,,,,,,False
2026-10-01,2026-10-01,CM,BSE,STK,526133,INE881B01054,SUPERTEX,X,,,,,SUPERTEX INDUSTRIES LTD.,5.89,5.89,5.89,5.89,5.89,5.89,,5.89,,,100,589.0,1,F1,1,,,,,,False
2026-10-01,2026-10-01,CM,BSE,STK,526137,INE278C01010,SHETR,X,,,,,SHETRON LTD.,101.0,103.8,99.15,99.4,101.75,100.15,,99.4,,,994,99372.0,23,F1,1,,,,,,False
2026-10-01,2026-10-01,CM,BSE,STK,526139,INE773D01018,TRABI,X,,,,,TRANSGENE BIOTEK LTD.,2.58,2.71,2.33,2.4,2.34,2.58,,2.4,,,61442,149081.0,62,F1,1,,,,,,False
2026-10-01,2026-10-01,CM,BSE,STK,526143,INE343A01016,MPL,X,,,,,MPL PLASTICS LTD.,6.7,6.7,6.6,6.6,6.6,6.66,,6.6,,,1620,10787.0,16,F1,1,,,,,,False
2026-10-01,2026-10-01,CM,BSE,STK,526159,INE926C01022,NIKHILAD,X,,,,,NIKHIL ADHESIVES LTD.,82.36,83.0,79.02,81.25,81.25,81.24,,81.25,,,15667,1259469.0,148,F1,1,,,,,,False
2026-10-01,2026-10-01,CM,BSE,STK,526161,INE175C01018,SPENTA,XT,,,,,SPENTA INTERNATIONAL LTD.,135.8,135.8,135.8,135.8,135.8,133.15,,135.8,,,1,135.0,1,F1,1,,,,,,False
2026-10-01,2026-10-01,CM,BSE,STK,526169,INE678F01014,MULTIBASE,X,,,,,MULTIBASE INDIA LTD.,175.5,175.5,167.15,168.95,169.0,173.75,,168.95,,,4124,700102.0,116,F1,1,,,,,,False
2026-10-01,2026-10-01,CM,BSE,STK,526179,INE983C01015,LUDLOWJUT,X,,,,,LUDLOW JUTE & SPECIALITIES LTD,323.9,340.05,323.55,329.8,326.05,323.9,,329.8,,,3384,1136252.0,59,F1,1,,,,,,False
2026-10-01,2026-10-01,CM,BSE,STK,526187,INE293C01019,ASHRAM,X,,,,,ASHRAM ONLINE.COM LTD.,5.4,5.4,5.39,5.39,5.39,5.67,,5.39,,,10300,55520.0,7,F1,1,,,,,,False
2026-10-01,2026-10-01,CM,BSE,STK,526193,INE618A01011,ROYALCU,X,,,,,ROYAL CUSHION VINYL PRODUCTS L,11.63,12.9,11.63,12.75,12.9,12.24,,12.75,,,1736,21610.0,20,F1,1,,,,,,False
2026-10-01,2026-10-01,CM,BSE,STK,526211,INE170U01011,SURJIND,X,,,,,SURAJ INDUSTRIES LTD.,55.55,56.0,54.15,55.18,56.0,56.08,,55.18,,,686,37593.0,18,F1,1,,,,,,False
2026-10-01,2026-10-01,CM,BSE,STK,526231,INE307D01015,STDSFAC,XT,,,,,STANDARD SURFACTANTS LTD.,245.6,245.6,222.25,222.25,222.25,233.91,,222.25,,,56603,13335811.0,577,F1,1,,,,,,False
2026-10-01,2026-10-01,CM,BSE,STK,526237,INE902C01015,MORGAN,X,,,,,MORGAN VENTURES LTD.,44.11,44.55,42.62,42.83,42.7,44.99,,42.83,,,722,31437.0,53,F1,1,,,,,,False
2026-10-01,2026-10-01,CM,BSE,STK,526241,INE762C01021,AMRAPLIN,XT,,,,,AMRAPALI INDUSTRIES LTD.,37.38,37.38,34.24,34.3,34.3,36.04,,34.3,,,2171,76613.0,44,F1,1,,,,,,False
2026-10-01,2026-10-01,CM,BSE,STK,526251,INE033E01015,MIDEASTP,X,,,,,MID EAST PORTFOLIO MANAGEMENT,33.85,37.99,27.25,33.95,33.95,33.99,,33.95,,,277,8655.0,21,F1,1,,,,,,False
2026-10-01,2026-10-01,CM,BSE,STK,526269,INE293N01016,CRSTCHM,X,,,,,CRESTCHEM LTD.,149.9,150.9,128.25,138.85,138.85,147.5,,138.85,,,2443,340287.0,91,F1,1,,,,,,False
2026-10-01,2026-10-01,CM,BSE,STK,526315,INE410G01010,DIVSHKT,XT,,,,,DIVYASHAKTI LIMITED,65.1,71.65,65.1,67.99,67.99,68.49,,67.99,,,3947,264364.0,31,F1,1,,,,,,False
2026-10-01,2026-10-01,CM,BSE,STK,526331,INE875S01019,ADVMULT,XT,,,,,ADVANCE MULTITECH LTD.,139.1,139.1,139.1,139.1,139.1,132.52,,139.1,,,95,13214.0,2,F1,1,,,,,,False
2026-10-01,2026-10-01,CM,BSE,STK,526335,INE115F01017,SHREYASI,X,,,,,SHREYAS INTERMEDIATES LTD.,8.0,8.9,7.11,7.6,7.32,7.66,,7.6,,,45635,376938.0,124,F1,1,,,,,,False
2026-10-01,2026-10-01,CM,BSE,STK,526345,INE744D01019,PANJON,X,,,,,PANJON LTD.,21.77,22.25,21.63,21.77,21.77,21.77,,21.77,,,2534,55055.0,16,F1,1,,,,,,False
2026-10-01,2026-10-01,CM,BSE,STK,526355,INE138B01018,DUROPACK,X,,,,,DUROPACK LTD.,56.7,57.1,56.57,57.0,56.77,60.06,,57.0,,,506,28699.0,8,F1,1,,,,,,False
2026-10-01,2026-10-01,CM,BSE,STK,526373,INE908C01012,CINDHO,X,,,,,CINDRELLA HOTELS LTD.,46.0,46.2,45.98,46.14,46.2,44.0,,46.14,,,93,4288.0,7,F1,1,,,,,,False
2026-10-01,2026-10-01,CM,BSE,STK,526409,INE301C01028,KKALPANAIND,X,,,,,KKALPANA INDUSTRIES (INDIA) LT,6.75,6.88,6.5,6.56,6.51,6.85,,6.56,,,101149,669326.0,127,F1,1,,,,,,False
2026-10-01,2026-10-01,CM,BSE,STK,526415,INE870B01024,OKPLA,X,,,,,OK PLAY INDIA LTD.,3.15,3.15,3.06,3.14,3.14,3.13,,3.14,,,173657,536762.0,195,F1,1,,,,,,False
2026-10-01,2026-10-01,CM,BSE,STK,526433,INE867C01010,ASMTEC,B,,,,,ASM TECHNOLOGIES LTD.,6685.0,6758.25,6445.0,6603.65,6603.65,6759.75,,6603.65,,,21812,144701714.0,3131,F1,1,,,,,,False
2026-10-01,2026-10-01,CM,BSE,STK,526435,INE759I01024,PERFEPA,X,,,,,PERFECTPAC LTD.,83.17,87.38,78.75,79.75,78.75,81.54,,79.75,,,361,29761.0,21,F1,1,,,,,,False
2026-10-01,2026-10-01,CM,BSE,STK,526439,INE267C01013,AMBIT,X,,,,,AMBITIOUS PLASTOMAC COMPANY LT,8.35,8.35,8.35,8.35,8.35,8.35,,8.35,,,603,5035.0,3,F1,1,,,,,,False
2026-10-01,2026-10-01,CM,BSE,STK,526441,INE515B01025,VISIONCINE,X,,,,,VISION CINEMAS LTD.,1.15,1.15,1.09,1.1,1.1,1.14,,1.1,,,8099,9033.0,31,F1,1,,,,,,False
2026-10-01,2026-10-01,CM,BSE,STK,526443,INE072B01027,AEIM,X,,,,,Artificial Electronics Intelli,57.56,57.56,57.56,57.56,57.56,63.95,,57.56,,,61918,3564000.0,596,F1,1,,,,,,False
2026-10-01,2026-10-01,CM,BSE,STK,526445,INE007C01021,INDRANIB,XT,,,,,INDRAYANI BIOTECH LTD.,10.34,10.34,9.63,9.63,9.63,10.13,,9.63,,,41465,402508.0,141,F1,1,,,,,,False
2026-10-01,2026-10-01,CM,BSE,STK,526468,INE940E01011,EUROLED,XT,,,,,EURO LEDER FASHION LTD.,24.5,24.5,23.28,24.5,24.5,24.5,,24.5,,,2608,62134.0,35,F1,1,,,,,,False
2026-10-01,2026-10-01,CM,BSE,STK,526471,INE391C01011,WINSOMBR,X,,,,,WINSOME BREWERIES LTD.,18.5,18.84,18.01,18.84,18.84,19.22,,18.84,,,7233,134188.0,113,F1,1,,,,,,False
2026-10-01,2026-10-01,CM,BSE,STK,526473,INE152E01013,ELEFLOR,X,,,,,ELEGANT FLORICULTURE & AGROTEC,4.59,4.88,4.59,4.8,4.8,4.72,,4.8,,,6066,28525.0,39,F1,1,,,,,,False
2026-10-01,2026-10-01,CM,BSE,STK,526479,INE765B01018,SKYIND,X,,,,,SKY INDUSTRIES LTD.,95.61,96.0,93.55,94.09,94.09,96.1,,94.09,,,1440,135744.0,38,F1,1,,,,,,False
2026-10-01,2026-10-01,CM,BSE,STK,526488,INE432N01010,BHUDEVI,X,,,,,BHUDEVI INFRA PROJECTS LIMITED,71.0,71.71,71.0,71.71,71.71,68.3,,71.71,,,2476,177482.0,24,F1,1,,,,,,False
2026-10-01,2026-10-01,CM,BSE,STK,526490,INE206C01029,PRATIK,X,,,,,PRATIK PANELS LTD.,3.96,3.96,3.73,3.8,3.8,3.96,,3.8,,,56963,217586.0,110,F1,1,,,,,,False
2026-10-01,2026-10-01,CM,BSE,STK,526492,INE582D01013,RISHIROOP,X,,,,,Rishiroop Limited,128.4,132.95,111.2,119.5,119.5,131.0,,119.5,,,13182,1574160.0,228,F1,1,,,,,,False
2026-10-01,2026-10-01,CM,BSE,STK,526494,INE818D01011,PROMACT,XT,,,,,Promact Plastics Limited,15.5,16.8,15.5,16.8,16.8,16.0,,16.8,,,3415,56501.0,8,F1,1,,,,,,False
2026-10-01,2026-10-01,CM,BSE,STK,526508,INE825D01016,SHAHISHIP,X,,,,,Shahi Shipping Limited,11.4,11.65,11.11,11.6,11.6,11.08,,11.6,,,4041,46514.0,32,F1,1,,,,,,False
2026-10-01,2026-10-01,CM,BSE,STK,526519,INE840D01015,ALPINEHOU,XT,,,,,ALPINE HOUSING DEVELOPMENT COR,105.2,105.2,95.55,95.75,99.95,100.25,,95.75,,,770,75820.0,16,F1,1,,,,,,False
2026-10-01,2026-10-01,CM,BSE,STK,526525,INE550D01010,WWALUM,X,,,,,WORLDWIDE ALUMINIUM LIMITED,19.39,19.39,17.59,19.0,19.0,18.5,,19.0,,,271,5245.0,4,F1,1,,,,,,False
2026-10-01,2026-10-01,CM,BSE,STK,526530,INE670C01026,IIRM,XT,,,,,IIRM HOLDINGS INDIA LIMITED,118.7,120.8,115.1,118.0,118.0,116.8,,118.0,,,22767,2651257.0,42,F1,1,,,,,,False
2026-10-01,2026-10-01,CM,BSE,STK,526532,INE716K01020,SFPIL,X,,,,,SQUARE FOUR PROJECTS INDIA LIM,8.33,8.33,8.01,8.1,8.1,8.5,,8.1,,,586,4743.0,9,F1,1,,,,,,False
2026-10-01,2026-10-01,CM,BSE,STK,526546,INE493D01013,CHOKSILA,XT,,,,,CHOKSI LABORATORIES LTD.,182.0,182.0,174.75,181.2,181.0,183.9,,181.2,,,1651,290374.0,60,F1,1,,,,,,False
2026-10-01,2026-10-01,CM,BSE,STK,526570,INE519N01022,REMAGNET,B,,,,,MIDWEST ENERGY LIMITED,403.8,403.8,378.0,378.0,378.0,397.85,,378.0,,,43916,16857107.0,1083,F1,1,,,,,,False
2026-10-01,2026-10-01,CM,BSE,STK,526574,INE439G01019,ENTRINT,X,,,,,ENTERPRISE INTERNATIONAL LTD.,22.8,24.0,22.8,24.0,24.0,24.0,,24.0,,,13,307.0,2,F1,1,,,,,,False
2026-10-01,2026-10-01,CM,BSE,STK,526604,INE845B01018,LIPPISYS,XT,,,,,LIPPI SYSTEMS LTD.,219.0,220.6,213.1,214.1,214.0,224.1,,214.1,,,3040,659814.0,67,F1,1,,,,,,False
2026-10-01,2026-10-01,CM,BSE,STK,526614,INE561D01025,EXPOEAPL,XT,,,,,EXPO ENGINEERING AND PROJECTS,88.0,92.5,86.47,91.4,91.4,91.02,,91.4,,,2433,215867.0,43,F1,1,,,,,,False
2026-10-01,2026-10-01,CM,BSE,STK,526616,INE233D01013,NATPLAS,X,,,,,NATIONAL PLASTIC INDUSTRIES LT,39.9,41.0,38.45,39.0,39.0,39.91,,39.0,,,741,29029.0,20,F1,1,,,,,,False
2026-10-01,2026-10-01,CM,BSE,STK,526622,INE244C01020,MFLINDIA,X,,,,,MFL INDIA LTD.,0.45,0.45,0.42,0.43,0.44,0.45,,0.43,,,295559,129480.0,228,F1,1,,,,,,False
2026-10-01,2026-10-01,CM,BSE,STK,526638,INE594V01028,TEXELIN,X,,,,,TEXEL INDUSTRIES LTD.,63.3,66.95,62.6,64.28,64.55,65.34,,64.28,,,6977,445962.0,57,F1,1,,,,,,False
2026-10-01,2026-10-01,CM,BSE,STK,526640,INE008C01011,RAYALEMA,X,,,,,ROYALE MANOR HOTELS & INDUSTRI,27.9,27.9,25.05,26.11,26.16,26.99,,26.11,,,2479,64002.0,26,F1,1,,,,,,False
2026-10-01,2026-10-01,CM,BSE,STK,526675,INE008N01018,TIRTPLS,X,,,,,TIRTH PLASTIC LTD.,28.26,29.5,26.76,29.36,29.5,28.16,,29.36,,,15933,457265.0,679,F1,1,,,,,,False
2026-10-01,2026-10-01,CM,BSE,STK,526703,INE423D01010,ECOPLAST,X,,,,,ECOPLAST LTD.,475.0,475.0,470.0,470.1,470.1,470.0,,470.1,,,569,267964.0,12,F1,1,,,,,,False
2026-10-01,2026-10-01,CM,BSE,STK,526705,INE095B01010,ELEMARB,X,,,,,ELEGANT MARBLES & GRANI INDUST,172.9,172.9,172.05,172.05,172.05,172.9,,172.05,,,5,861.0,2,F1,1,,,,,,False
2026-10-01,2026-10-01,CM,BSE,STK,526709,INE839A01021,BITS,X,,,,,BITS LTD.,6.73,6.94,6.19,6.6,6.62,6.73,,6.6,,,53945,355917.0,270,F1,1,,,,,,False
2026-10-01,2026-10-01,CM,BSE,STK,526711,INE627D01016,ADARSHPL,X,,,,,ADARSH PLANT PROTECT LTD.,26.32,26.32,24.3,25.63,25.7,25.8,,25.63,,,1379,34323.0,17,F1,1,,,,,,False
2026-10-01,2026-10-01,CM,BSE,STK,526717,INE136C01044,HPBL,XT,,,,,HCP PLASTENE BULKPACK LIMITED,350.1,357.9,343.25,343.25,343.25,361.3,,343.25,,,8367,2874479.0,133,F1,1,,,,,,False
2026-10-01,2026-10-01,CM,BSE,STK,526727,INE797D01017,GARNET,X,,,,,GARNET CONSTRUCTION LTD.,45.48,47.4,45.12,46.87,46.87,45.47,,46.87,,,495,22507.0,20,F1,1,,,,,,False
2026-10-01,2026-10-01,CM,BSE,STK,526739,INE869A01010,SHAWGELTIN,X,,,,,NARMADA GELATINES LTD.,452.0,453.85,433.0,438.55,438.55,448.1,,438.55,,,2693,1189496.0,156,F1,1,,,,,,False
2026-10-01,2026-10-01,CM,BSE,STK,526747,INE078D01012,PGFOILQ,X,,,,,PG FOILS LTD.,203.0,207.1,196.15,199.5,200.0,203.1,,199.5,,,10143,2034266.0,73,F1,1,,,,,,False
2026-10-01,2026-10-01,CM,BSE,STK,526755,INE548D01014,VELHO,X,,,,,VELAN HOTELS LTD.,7.08,7.08,6.53,6.92,6.92,6.75,,6.92,,,18248,128481.0,25,F1,1,,,,,,False
2026-10-01,2026-10-01,CM,BSE,STK,526761,INE931B01016,HOWARHO,X,,,,,HOWARD HOTELS LTD.,19.5,19.5,17.9,17.9,17.9,19.88,,17.9,,,2321,41848.0,20,F1,1,,,,,,False
2026-10-01,2026-10-01,CM,BSE,STK,526775,INE760B01019,VALIANT,B,,,,,VALIANT COMMUNICATIONS LTD.,1760.0,1760.0,1616.75,1686.35,1694.85,1734.0,,1686.35,,,28892,48530965.0,2331,F1,1,,,,,,False
2026-10-01,2026-10-01,CM,BSE,STK,526795,INE007G01014,MHSGRMS,ZP,,,,,MAHASAGAR TRAVELS LTD.,5.99,5.99,5.99,5.99,5.99,6.3,,5.99,,,1300,7787.0,2,F1,100,,,,,,False
2026-10-01,2026-10-01,CM,BSE,STK,526813,INE753B01014,RAGHUNAT,X,,,,,RAGHUNATH INTERNATIONAL LTD.,10.05,10.95,10.05,10.95,10.95,10.05,,10.95,,,2,21.0,2,F1,1,,,,,,False
2026-10-01,2026-10-01,CM,BSE,STK,526827,INE882D01025,SPICEISLIN,X,,,,,SPICE ISLANDS INDUSTRIES LIMIT,95.8,99.59,94.85,99.55,99.55,94.85,,99.55,,,40249,3966958.0,395,F1,1,,,,,,False
2026-10-01,2026-10-01,CM,BSE,STK,526839,INE413C01013,SIPL,X,,,,,SHELTER INFRA PROJECTS LTD.,16.51,16.51,14.86,14.86,14.86,16.51,,14.86,,,119,1943.0,14,F1,1,,,,,,False
2026-10-01,2026-10-01,CM,BSE,STK,526841,INE794C01016,SHAKTIPR,X,,,,,SHAKTI PRESS LTD.,9.4,9.44,8.96,9.07,9.07,9.36,,9.07,,,185975,1688957.0,530,F1,1,,,,,,False
2026-10-01,2026-10-01,CM,BSE,STK,526847,INE338C01012,ASHSI,X,,,,,ASHIRWAD STEELS & INDUSTRIES L,22.99,22.99,22.99,22.99,22.99,23.25,,22.99,,,1,22.0,1,F1,1,,,,,,False
2026-10-01,2026-10-01,CM,BSE,STK,526851,INE480H01011,AREXMIS,X,,,,,AREX INDUSTRIES LTD.,123.0,128.0,122.05,128.0,128.0,128.0,,128.0,,,258,32443.0,5,F1,1,,,,,,False
2026-10-01,2026-10-01,CM,BSE,STK,526859,INE973B01026,ISFL,X,,,,,ISF LIMITED,0.8,0.8,0.66,0.74,0.74,0.8,,0.74,,,116298,79932.0,33,F1,1,,,,,,False
2026-10-01,2026-10-01,CM,BSE,STK,526861,INE988D01012,RISHILASE,X,,,,,RISHI LASER LTD.,157.4,157.4,143.3,145.35,147.0,153.9,,145.35,,,10538,1561268.0,73,F1,1,,,,,,False
2026-10-01,2026-10-01,CM,BSE,STK,526865,INE966C01010,JAINCO,X,,,,,JAINCO PROJECTS (INDIA) LTD.,4.4,4.4,4.4,4.4,4.4,4.46,,4.4,,,120,528.0,3,F1,1,,,,,,False
2026-10-01,2026-10-01,CM,BSE,STK,526869,INE795E01019,KUMPFIN,X,,,,,KUMBHAT FINANCIAL SERVICES LTD,21.56,22.55,21.56,22.55,22.55,21.56,,22.55,,,128,2764.0,5,F1,1,,,,,,False
2026-10-01,2026-10-01,CM,BSE,STK,526871,INE017E01018,INTECCAP,X,,,,,INTEC CAPITAL LTD.,14.84,14.84,14.01,14.7,14.7,14.77,,14.7,,,282,4013.0,17,F1,1,,,,,,False
2026-10-01,2026-10-01,CM,BSE,STK,526873,INE184D01026,RAJSEC,X,,,,,RAJASTHAN SECURITIES LIMITED,59.2,59.2,59.0,59.2,59.2,58.99,,59.2,,,1123,66434.0,27,F1,1,,,,,,False
2026-10-01,2026-10-01,CM,BSE,STK,526877,INE797C01019,SIDDHEGA,XT,,,,,SIDDHESWARI GARMENTS LTD.,22.5,22.5,22.5,22.5,22.5,22.5,,22.5,,,10,225.0,3,F1,1,,,,,,False
2026-10-01,2026-10-01,CM,BSE,STK,526891,INE944C01017,MKTCREAT,X,,,,,MARKET CREATORS LTD.,15.8,15.8,15.8,15.8,15.8,16.1,,15.8,,,59,932.0,1,F1,1,,,,,,False
2026-10-01,2026-10-01,CM,BSE,STK,526899,INE552B01010,HFIL,X,,,,,HIMALAYA FOOD INTERNATIONAL LI,8.12,8.12,7.67,7.9,7.9,8.02,,7.9,,,20583,164325.0,112,F1,1,,,,,,False
2026-10-01,2026-10-01,CM,BSE,STK,526901,INE344I01017,SONALAD,X,,,,,SONAL ADHESIVES LTD.,49.0,49.0,47.28,48.7,48.7,48.6,,48.7,,,127,6176.0,5,F1,1,,,,,,False
2026-10-01,2026-10-01,CM,BSE,STK,526905,INE743D01011,PADMAIND,X,,,,,Padmanabh Industries Ltd,7.7,7.7,7.7,7.7,7.7,7.55,,7.7,,,1536,11827.0,7,F1,1,,,,,,False
2026-10-01,2026-10-01,CM,BSE,STK,526935,INE377D01026,KALIND,B,,,,,Kalind Limited,4.32,4.32,4.11,4.24,4.24,4.18,,4.24,,,7122032,30135353.0,1205,F1,1,,,,,,False
2026-10-01,2026-10-01,CM,BSE,STK,526945,INE945B01016,TYROON,X,,,,,TYROON TEA CO.LTD.,82.2,82.2,76.55,76.6,76.6,81.39,,76.6,,,317,25272.0,12,F1,1,,,,,,False
2026-10-01,2026-10-01,CM,BSE,STK,526961,INE404B01022,LASTMILE,X,,,,,LAST MILE ENTERPRISES LIMITED,5.6,5.74,5.24,5.37,5.37,5.51,,5.37,,,141208,749671.0,138,F1,1,,,,,,False
2026-10-01,2026-10-01,CM,BSE,STK,526965,INE372D01019,GUJCRAFT,X,,,,,GUJARAT CRAFT INDUSTRIES LTD.,90.0,92.38,86.24,90.97,90.97,90.0,,90.97,,,2119,188993.0,34,F1,1,,,,,,False
2026-10-01,2026-10-01,CM,BSE,STK,526967,INE025D01013,HEERAISP,X,,,,,HEERA ISPAT LTD.,6.3,6.3,6.3,6.3,6.3,6.3,,6.3,,,2000,12600.0,4,F1,1,,,,,,False
2026-10-01,2026-10-01,CM,BSE,STK,526971,INE313G01016,DHOOTIN,XT,,,,,DHOOT INDUSTRIAL FINANCE LTD.,256.6,259.2,243.8,244.6,251.0,256.6,,244.6,,,2249,557854.0,78,F1,1,,,,,,False
2026-10-01,2026-10-01,CM,BSE,STK,527005,INE847D01010,SHREEPAC,X,,,,,SHREE PACETRONIX LTD.,185.0,188.4,178.4,185.0,185.0,185.0,,185.0,,,5662,1047745.0,71,F1,1,,,,,,False
2026-10-01,2026-10-01,CM,BSE,STK,530025,INE607G01011,SAMYAKINT,X,,,,,SAMYAK INTERNATIONAL LTD.,21.6,22.57,20.55,21.65,21.65,21.5,,21.65,,,6800,145303.0,22,F1,1,,,,,,False
2026-10-01,2026-10-01,CM,BSE,STK,530027,INE563D01013,AADIIND,X,,,,,AADI INDUSTRIES LTD.,7.89,7.89,7.17,7.17,7.17,7.54,,7.17,,,2041,16077.0,7,F1,1,,,,,,False
2026-10-01,2026-10-01,CM,BSE,STK,530037,INE618F01010,SPARKLEGR,X,,,,,SPARKLE GOLD ROCK LIMITED,68.0,69.99,64.1,65.94,67.0,68.0,,65.94,,,5093,337027.0,66,F1,1,,,,,,False
2026-10-01,2026-10-01,CM,BSE,STK,530043,INE326C01017,ACKNIT,X,,,,,ACKNIT INDUSTRIES LTD.,316.0,316.0,286.0,304.95,302.95,319.5,,304.95,,,938,285667.0,17,F1,1,,,,,,False
2026-10-01,2026-10-01,CM,BSE,STK,530045,INE090D01017,TITANSEC,X,,,,,TITAN SECURITIES LTD.,40.0,40.0,37.52,38.47,38.85,38.79,,38.47,,,1225,47097.0,78,F1,1,,,,,,False
2026-10-01,2026-10-01,CM,BSE,STK,530053,INE055E01034,REALECO,X,,,,,REAL ECO-ENERGY LIMITED,4.7,4.9,4.43,4.5,4.51,4.68,,4.5,,,7533,34693.0,72,F1,1,,,,,,False
2026-10-01,2026-10-01,CM,BSE,STK,530057,INE984E01035,VIVANZA,X,,,,,Vivanza Biosciences Limited,1.7,1.73,1.7,1.7,1.7,1.74,,1.7,,,25563,43593.0,31,F1,1,,,,,,False
2026-10-01,2026-10-01,CM,BSE,STK,530063,INE095C01018,YASHRAJC,XT,,,,,YASHRAJ CONTAINEURS LTD.,4.49,4.49,4.11,4.11,4.11,4.31,,4.11,,,3370,14032.0,22,F1,1,,,,,,False
2026-10-01,2026-10-01,CM,BSE,STK,530065,INE689J01013,LORDSHOTL,X,,,,,LORDS ISHWAR HOTELS LIMITED,14.74,14.74,14.01,14.47,14.5,14.74,,14.47,,,880,12551.0,8,F1,1,,,,,,False
2026-10-01,2026-10-01,CM,BSE,STK,530077,INE795D01011,PURETROP,X,,,,,PURETROP FRUITS LIMITED,184.0,186.45,177.55,182.0,181.15,188.85,,182.0,,,3533,648503.0,48,F1,1,,,,,,False
2026-10-01,2026-10-01,CM,BSE,STK,530109,INE069B01023,ANUPAM,X,,,,,ANUPAM FINSERV LIMITED,1.67,1.7,1.51,1.63,1.63,1.67,,1.63,,,389332,626192.0,250,F1,1,,,,,,False
2026-10-01,2026-10-01,CM,BSE,STK,530111,INE639C01013,RAJPACK,X,,,,,RAJ PACKAGING INDUSTRIES LTD.,34.0,34.0,33.22,33.64,33.98,34.2,,33.64,,,844,28658.0,11,F1,1,,,,,,False
2026-10-01,2026-10-01,CM,BSE,STK,530119,INE444D01016,NATRAJPR,X,,,,,NATRAJ PROTEINS LTD.,38.3,38.3,38.3,38.3,38.3,38.3,,38.3,,,20,766.0,1,F1,1,,,,,,False
2026-10-01,2026-10-01,CM,BSE,STK,530125,INE103E01016,SAMRATPH,X,,,,,SAMRAT PHARMACHEM LTD.,244.0,247.95,232.0,232.85,232.0,241.7,,232.85,,,4575,1125891.0,44,F1,1,,,,,,False
2026-10-01,2026-10-01,CM,BSE,STK,530127,INE446D01011,NPRFIN,XT,,,,,NPR FINANCE LTD.,23.79,23.8,23.79,23.8,23.8,24.0,,23.8,,,3200,76156.0,10,F1,1,,,,,,False
2026-10-01,2026-10-01,CM,BSE,STK,530133,INE924B01011,AMCOIND,X,,,,,AMCO INDIA LTD.,66.0,67.0,66.0,66.58,66.51,66.0,,66.58,,,535,35531.0,8,F1,1,,,,,,False
2026-10-01,2026-10-01,CM,BSE,STK,530139,INE302C01018,KREONFIN,XT,,,,,KREON FINNANCIAL SERVICES LTD.,88.99,88.99,83.8,84.99,84.99,85.39,,84.99,,,1730,145985.0,10,F1,1,,,,,,False
2026-10-01,2026-10-01,CM,BSE,STK,530141,INE487G01018,GYANDEV,X,,,,,GYAN DEVELOPERS & BUILDERS LTD,53.5,53.5,51.9,53.5,53.5,53.5,,53.5,,,95,5079.0,4,F1,1,,,,,,False
2026-10-01,2026-10-01,CM,BSE,STK,530145,INE017C01012,KISAN,XT,,,,,KISAN MOULDINGS LTD.,21.7,21.7,21.27,21.6,21.6,21.7,,21.6,,,36777,789224.0,49,F1,1,,,,,,False
2026-10-01,2026-10-01,CM,BSE,STK,530163,INE817B01025,KERALAYUR,X,,,,,KERALA AYURVEDA LTD.,147.9,149.0,141.0,146.95,143.2,146.3,,146.95,,,16199,2374941.0,144,F1,1,,,,,,False
2026-10-01,2026-10-01,CM,BSE,STK,530167,INE153K01018,MONGIPA,XT,,,,,MOONGIPA CAPITAL FINANCE LTD.,19.01,19.52,19.01,19.5,19.5,19.92,,19.5,,,208,3983.0,6,F1,1,,,,,,False
2026-10-01,2026-10-01,CM,BSE,STK,530169,INE388C01017,MOHITPPR,X,,,,,MOHIT PAPER MILLS LTD.,25.52,26.44,24.35,26.04,26.39,26.38,,26.04,,,741,18567.0,24,F1,1,,,,,,False
2026-10-01,2026-10-01,CM,BSE,STK,530171,INE108C01019,DAULAT,X,,,,,DAULAT SECURITIES LTD.,28.97,31.99,28.97,30.48,30.48,28.97,,30.48,,,1247,36257.0,16,F1,1,,,,,,False
2026-10-01,2026-10-01,CM,BSE,STK,530175,INE213B01019,ODYSSEY,X,,,,,ODYSSEY TECHNOLOGIES LTD.,43.35,43.35,39.0,39.44,41.3,41.61,,39.44,,,3358,136894.0,61,F1,1,,,,,,False
2026-10-01,2026-10-01,CM,BSE,STK,530177,INE758B01013,VKGLOBAL,XT,,,,,VK Global Industries Limited,34.01,34.01,33.16,34.0,34.0,34.9,,34.0,,,1290,43784.0,10,F1,1,,,,,,False
2026-10-01,2026-10-01,CM,BSE,STK,530179,INE015F01019,RSCINT,XT,,,,,RSC INTERNATIONAL LTD.,108.2,108.2,104.0,104.0,104.0,106.08,,104.0,,,35888,3866890.0,33,F1,1,,,,,,False
2026-10-01,2026-10-01,CM,BSE,STK,530185,INE936A01025,SURATRAML,X,,,,,Surat Trade and Mercantile Lim,4.69,4.69,4.46,4.54,4.51,4.62,,4.54,,,71831,327566.0,150,F1,1,,,,,,False
2026-10-01,2026-10-01,CM,BSE,STK,530187,INE354E01031,ATHARVENT,XT,,,,,ATHARV ENTERPRISES LTD.,4.96,5.0,4.86,4.86,4.86,5.11,,4.86,,,20264,98845.0,33,F1,1,,,,,,False
2026-10-01,2026-10-01,CM,BSE,STK,530197,INE365H01014,FUNDVISER,X,,,,,FUNDVISER CAPITAL (INDIA) LIMI,435.0,435.2,413.5,435.2,435.2,435.2,,435.2,,,251,108952.0,8,F1,1,,,,,,False
2026-10-01,2026-10-01,CM,BSE,STK,530201,INE629F01025,KALLAM,XT,,,,,KALLAM TEXTILES LTD,2.08,2.08,2.0,2.01,2.03,2.03,,2.01,,,16959,34357.0,51,F1,1,,,,,,False
2026-10-01,2026-10-01,CM,BSE,STK,530207,INE899B01015,BRAWN,X,,,,,BRAWN BIOTECH LTD.,24.74,24.74,24.6,24.6,24.6,23.57,,24.6,,,1902,46850.0,13,F1,1,,,,,,False
2026-10-01,2026-10-01,CM,BSE,STK,530213,INE501D01013,FORINTL,X,,,,,FORTUNE INTERNATIONAL LTD.,80.0,80.0,78.5,78.5,78.5,77.77,,78.5,,,125,9817.0,4,F1,1,,,,,,False
2026-10-01,2026-10-01,CM,BSE,STK,530215,INE050N01010,KINGSINFR,X,,,,,KINGS INFRA VENTURES LIMITED,72.75,74.6,69.9,71.0,71.0,72.25,,71.0,,,139075,10143126.0,98,F1,1,,,,,,False
2026-10-01,2026-10-01,CM,BSE,STK,530217,INE295B01016,SWOJAS,X,,,,,SWOJAS FOODS LIMITED,7.42,7.42,7.03,7.03,7.03,7.39,,7.03,,,3657,25763.0,10,F1,1,,,,,,False
2026-10-01,2026-10-01,CM,BSE,STK,530231,INE690D01014,SUBSM,X,,,,,SUBHASH SILK MILLS LTD.,49.0,49.0,49.0,49.0,49.0,49.0,,49.0,,,1,49.0,1,F1,1,,,,,,False
2026-10-01,2026-10-01,CM,BSE,STK,530233,INE292C01011,AUROLAB,X,,,,,AURO LABORATORIES LTD.,246.0,246.0,235.1,243.8,243.8,245.0,,243.8,,,134,32650.0,22,F1,1,,,,,,False
2026-10-01,2026-10-01,CM,BSE,STK,530249,INE958C01025,BRIDGESE,X,,,,,BRIDGE SECURITIES LTD.,8.0,8.24,7.81,7.94,8.1,8.02,,7.94,,,469595,3753630.0,287,F1,1,,,,,,False
2026-10-01,2026-10-01,CM,BSE,STK,530251,INE001O01029,RISAINTL,X,,,,,RISA INTERNATIONAL LTD.,0.41,0.45,0.41,0.44,0.44,0.41,,0.44,,,103805,46448.0,15,F1,1,,,,,,False
2026-10-01,2026-10-01,CM,BSE,STK,530253,INE497E01020,RAJTUBE,X,,,,,RAJASTHAN TUBE MANUFACTURING C,9.98,9.98,8.28,8.61,8.87,9.19,,8.61,,,17429,149983.0,107,F1,1,,,,,,False
2026-10-01,2026-10-01,CM,BSE,STK,530255,INE961B01013,KAYPOWR,X,,,,,KAY POWER AND PAPER LTD.,9.7,10.05,9.4,9.76,9.79,10.08,,9.76,,,11530,109681.0,41,F1,1,,,,,,False
2026-10-01,2026-10-01,CM,BSE,STK,530259,INE003B01014,INTSTOIL,XT,,,,,INTER STATE OIL CARRIER LTD.,47.6,51.5,47.6,51.5,51.5,50.1,,51.5,,,407,19764.0,13,F1,1,,,,,,False
2026-10-01,2026-10-01,CM,BSE,STK,530263,INE062C01042,GLOBALCA,X,,,,,GLOBAL CAPITAL MARKETS LTD.,0.45,0.47,0.45,0.46,0.46,0.45,,0.46,,,60994,27774.0,78,F1,1,,,,,,False
2026-10-01,2026-10-01,CM,BSE,STK,530265,INE584B01013,SAINIK,X,,,,,SAINIK FINANCE & INDUSTRIES LT,41.0,41.5,38.06,38.79,38.06,42.41,,38.79,,,3577,142051.0,54,F1,1,,,,,,False
2026-10-01,2026-10-01,CM,BSE,STK,530267,INE021N01011,ARIGATO,X,,,,,ARIGATO UNIVERSE LIMITED,35.08,35.08,35.08,35.08,35.08,33.41,,35.08,,,302,10594.0,3,F1,1,,,,,,False
2026-10-01,2026-10-01,CM,BSE,STK,530271,INE652D01014,RICHUNV,X,,,,,RICH UNIVERSE NETWORK LTD.,10.1,10.49,10.1,10.3,10.3,10.1,,10.3,,,5,51.0,4,F1,1,,,,,,False
2026-10-01,2026-10-01,CM,BSE,STK,530281,INE373C01019,QUANTDIA,XT,,,,,QUANTUM DIGITAL VISION (INDIA),42.97,42.97,40.83,42.97,42.97,42.97,,42.97,,,240,10205.0,7,F1,1,,,,,,False
2026-10-01,2026-10-01,CM,BSE,STK,530289,INE102F01015,SPCAPIT,X,,,,,SP CAPITAL FINANCING LTD.,53.7,56.0,52.66,54.47,54.47,56.8,,54.47,,,3999,214629.0,13,F1,1,,,,,,False
2026-10-01,2026-10-01,CM,BSE,STK,530291,INE791C01012,PAOS,XT,,,,,PAOS INDUSTRIES LIMITED,48.0,50.0,48.0,50.0,50.0,48.0,,50.0,,,250,12496.0,2,F1,1,,,,,,False
2026-10-01,2026-10-01,CM,BSE,STK,530295,INE418K01015,SHRAJOI,X,,,,,SHRI RAJIVLOCHAN OIL EXTRACTIO,25.41,25.41,25.41,25.41,25.41,24.2,,25.41,,,500,12705.0,1,F1,1,,,,,,False
2026-10-01,2026-10-01,CM,BSE,STK,530309,INE368D01025,CHANDRAP,X,,,,,CHANDRA PRABHU INTERNATIONAL L,10.65,10.65,8.84,10.26,10.3,10.45,,10.26,,,36249,356653.0,104,F1,1,,,,,,False
2026-10-01,2026-10-01,CM,BSE,STK,530313,INE285U01025,KIMIABL,X,,,,,KIMIA BIOSCIENCES LIMITED,32.5,32.5,29.51,31.0,31.0,32.0,,31.0,,,6073,188173.0,39,F1,1,,,,,,False
2026-10-01,2026-10-01,CM,BSE,STK,530315,INE428D01019,HINDTIN,X,,,,,HINDUSTAN TIN WORKS LTD.,113.55,113.55,109.0,110.1,110.0,113.0,,110.1,,,2347,258727.0,63,F1,1,,,,,,False
2026-10-01,2026-10-01,CM,BSE,STK,530317,INE362C01012,GODAVARI,X,,,,,GODAVARI DRUGS LTD.,121.0,127.5,116.8,118.05,118.95,120.62,,118.05,,,17924,2210533.0,197,F1,1,,,,,,False
2026-10-01,2026-10-01,CM,BSE,STK,530357,INE883D01023,KBSINDIA,X,,,,,KBS INDIA LIMITED,1.31,1.56,1.21,1.28,1.26,1.3,,1.28,,,179250,247262.0,306,F1,1,,,,,,False
2026-10-01,2026-10-01,CM,BSE,STK,530361,INE428P01013,PRABHHANS,XT,,,,,PRABHHANS INDUSTRIES LIMITED,56.66,56.66,56.66,56.66,56.66,53.97,,56.66,,,4372,247717.0,21,F1,1,,,,,,False
2026-10-01,2026-10-01,CM,BSE,STK,530369,INE380C01014,VAMSHIRU,X,,,,,VAMSHI RUBBER LTD.,37.2,40.5,36.6,39.0,39.0,37.73,,39.0,,,664,25620.0,20,F1,1,,,,,,False
2026-10-01,2026-10-01,CM,BSE,STK,530401,INE526H01011,VINYOFL,X,,,,,VINYOFLEX LTD.,49.2,51.75,47.2,51.55,51.55,50.09,,51.55,,,779,37407.0,13,F1,1,,,,,,False
2026-10-01,2026-10-01,CM,BSE,STK,530405,INE356F01017,JINDCAP,X,,,,,JINDAL CAPITAL LTD.,34.65,35.0,33.02,33.27,33.2,34.65,,33.27,,,464,15885.0,35,F1,1,,,,,,False
2026-10-01,2026-10-01,CM,BSE,STK,530407,INE932F01015,EPIC,X,,,,,EPIC ENERGY LTD.,33.0,33.24,31.76,32.39,33.0,32.97,,32.39,,,5732,187161.0,45,F1,1,,,,,,False
2026-10-01,2026-10-01,CM,BSE,STK,530421,INE430F01010,KUWERIN,X,,,,,KUWER INDUSTRIES LTD.,10.25,10.98,9.61,9.92,9.99,10.99,,9.92,,,18602,188620.0,67,F1,1,,,,,,False
2026-10-01,2026-10-01,CM,BSE,STK,530427,INE865B01016,CHOKSI,X,,,,,CHOKSI ASIA LIMITED,201.7,209.45,184.0,205.05,205.05,195.55,,205.05,,,3767,736284.0,69,F1,1,,,,,,False
2026-10-01,2026-10-01,CM,BSE,STK,530429,INE831C01016,ASHISHPO,X,,,,,ASHISH POLYPLAST LTD.,32.0,32.0,26.35,28.0,28.86,28.0,,28.0,,,1667,47132.0,15,F1,1,,,,,,False
2026-10-01,2026-10-01,CM,BSE,STK,530439,INE140C01012,SIDDHA,X,,,,,SIDDHA VENTURES LTD.,4.51,4.51,4.39,4.39,4.39,4.51,,4.39,,,1977,8883.0,12,F1,1,,,,,,False
2026-10-01,2026-10-01,CM,BSE,STK,530443,INE293D01017,KIRANSY-B,X,,,,,KIRAN SYNTEX LTD.,14.85,14.85,14.8,14.8,14.8,15.57,,14.8,,,37,548.0,3,F1,1,,,,,,False
2026-10-01,2026-10-01,CM,BSE,STK,530445,INE764B01029,SUMERUIND,X,,,,,SUMERU INDUSTRIES LTD.,1.5,1.5,1.31,1.34,1.33,1.5,,1.34,,,9483,13219.0,32,F1,1,,,,,,False
2026-10-01,2026-10-01,CM,BSE,STK,530449,INE347C01013,RUNGTAIR,X,,,,,RUNGTA IRRIGATION LTD.,46.56,50.0,46.56,49.89,49.89,50.35,,49.89,,,188,9101.0,17,F1,1,,,,,,False
2026-10-01,2026-10-01,CM,BSE,STK,530457,INE959B01017,GTTDATA,X,,,,,GTT DATA SOLUTIONS LIMITED,38.44,38.78,32.5,34.26,34.26,38.06,,34.26,,,45374,1592126.0,181,F1,1,,,,,,False
2026-10-01,2026-10-01,CM,BSE,STK,530459,INE808A01018,VALSONQ,XT,,,,,VALSON INDUSTRIES LTD.,42.0,42.0,42.0,42.0,42.0,40.0,,42.0,,,1,42.0,1,F1,1,,,,,,False
2026-10-01,2026-10-01,CM,BSE,STK,530461,INE440C01016,SABOOSOD,X,,,,,SABOO SODIUM CHLORO LTD.,11.91,12.34,11.61,11.61,11.61,11.92,,11.61,,,5086,59979.0,42,F1,1,,,,,,False
2026-10-01,2026-10-01,CM,BSE,STK,530477,INE337E01010,VIKRAMTH,X,,,,,VIKRAM THERMO (INDIA) LTD.,441.85,445.0,395.0,405.9,406.0,436.2,,405.9,,,28138,11890405.0,1050,F1,1,,,,,,False
2026-10-01,2026-10-01,CM,BSE,STK,530495,INE473C01025,STRATMONT,X,,,,,STRATMONT INDUSTRIES LIMITED,58.9,58.9,56.05,56.05,56.05,58.99,,56.05,,,1320,74064.0,15,F1,1,,,,,,False
2026-10-01,2026-10-01,CM,BSE,STK,530525,INE786J01033,RRETAIL,XT,,,,,RAJNISH RETAIL LIMITED,2.05,2.09,2.03,2.08,2.08,2.05,,2.08,,,47827,98683.0,121,F1,1,,,,,,False
2026-10-01,2026-10-01,CM,BSE,STK,530545,INE949B01018,COSCO,X,,,,,COSCO (INDIA) LTD.,181.2,183.0,176.6,178.95,176.6,184.95,,178.95,,,789,141365.0,28,F1,1,,,,,,False
2026-10-01,2026-10-01,CM,BSE,STK,530557,INE132F01038,NCLRESE,XT,,,,,NCL RESEARCH & FINANCIAL SERVI,0.73,0.75,0.7,0.72,0.72,0.73,,0.72,,,4323047,3195795.0,808,F1,1,,,,,,False
2026-10-01,2026-10-01,CM,BSE,STK,530571,INE335G01019,EXPLICITFIN,X,,,,,EXPLICIT FINANCE LTD.,7.72,7.72,7.72,7.72,7.72,7.78,,7.72,,,2,15.0,1,F1,1,,,,,,False
2026-10-01,2026-10-01,CM,BSE,STK,530581,INE906L01025,EKAMLEA,XT,,,,,EKAM LEASING & FINANCE CO.LTD.,6.5,6.5,6.5,6.5,6.5,6.47,,6.5,,,9,58.0,1,F1,1,,,,,,False
2026-10-01,2026-10-01,CM,BSE,STK,530585,INE691C01022,SWASTIKA,XT,,,,,SWASTIKA INVESTMART LIMITED,150.0,150.0,141.05,146.0,146.0,147.85,,146.0,,,14598,2150824.0,66,F1,1,,,,,,False
2026-10-01,2026-10-01,CM,BSE,STK,530589,INE573B01016,PRIMAPLA,X,,,,,PRIMA PLASTICS LTD.,135.0,138.75,133.2,137.8,138.7,136.0,,137.8,,,15537,2135842.0,37,F1,1,,,,,,False
2026-10-01,2026-10-01,CM,BSE,STK,530595,INE381G01013,TELECANOR,XT,,,,,TELECANOR GLOBAL LTD.,15.38,15.38,14.01,15.07,15.1,14.65,,15.07,,,9901,148635.0,82,F1,1,,,,,,False
2026-10-01,2026-10-01,CM,BSE,STK,530615,INE194E01015,GARGFUR,XT,,,,,GARG FURNACE LTD.,235.0,245.0,230.15,230.15,230.15,242.25,,230.15,,,18864,4432914.0,238,F1,1,,,,,,False
2026-10-01,2026-10-01,CM,BSE,STK,530617,INE375C01022,SAMPRE,X,,,,,SAMPRE NUTRITIONS LTD.,6.12,6.19,5.83,5.86,5.83,6.13,,5.86,,,180913,1064636.0,176,F1,1,,,,,,False
2026-10-01,2026-10-01,CM,BSE,STK,530621,INE864E01021,AAIL,XT,,,,,Akar Auto Industries Limited,86.1,87.26,85.45,85.46,85.45,87.7,,85.46,,,1536,131893.0,33,F1,1,,,,,,False
2026-10-01,2026-10-01,CM,BSE,STK,530627,INE834D01018,VIPULORG,X,,,,,Vipul Organics Limited,269.9,278.95,252.55,259.75,262.3,269.3,,259.75,,,8675,2268616.0,144,F1,1,,,,,,False
2026-10-01,2026-10-01,CM,BSE,STK,530663,INE912B01032,GOYALASS,X,,,,,GOYAL ASSOCIATES LTD.,1.1,1.11,1.02,1.02,1.02,1.1,,1.02,,,51732,57044.0,30,F1,1,,,,,,False
2026-10-01,2026-10-01,CM,BSE,STK,530665,INE812B01026,ZENITHHE,X,,,,,ZENITH HEALTH CARE LTD.,3.25,3.25,3.08,3.15,3.11,3.19,,3.15,,,40469,127875.0,125,F1,1,,,,,,False
2026-10-01,2026-10-01,CM,BSE,STK,530675,INE057Q01018,YORKEXP,X,,,,,YORK EXPORTS LTD.,60.46,60.46,60.46,60.46,60.46,63.64,,60.46,,,100,6046.0,3,F1,1,,,,,,False
2026-10-01,2026-10-01,CM,BSE,STK,530689,INE624M01014,KROWNIQ,X,,,,,KROWNIQ LIMITED,50.01,50.85,47.81,49.29,49.3,50.01,,49.29,,,15588,774036.0,60,F1,1,,,,,,False
2026-10-01,2026-10-01,CM,BSE,STK,530695,INE233C01023,PRIMEPRO,X,,,,,PRIME PROPERTY DEVELOPMENT COR,25.0,27.24,24.57,25.88,25.75,27.0,,25.88,,,5463,140775.0,56,F1,1,,,,,,False
2026-10-01,2026-10-01,CM,BSE,STK,530697,INE546F01013,ZENLABS,X,,,,,Zenlabs Ethica Limited,27.96,30.94,27.96,28.1,28.1,27.76,,28.1,,,962,27972.0,21,F1,1,,,,,,False
2026-10-01,2026-10-01,CM,BSE,STK,530705,INE161F01011,ANIRIT,X,,,,,ANIRIT VENTURES LIMITED,38.09,40.05,38.09,38.1,38.1,40.09,,38.1,,,345,13378.0,7,F1,1,,,,,,False
2026-10-01,2026-10-01,CM,BSE,STK,530709,INE225G01012,GOWRALE,X,,,,,GOWRA LEASING & FINANCE LTD.,91.0,91.0,91.0,91.0,91.0,89.21,,91.0,,,1,91.0,1,F1,1,,,,,,False
2026-10-01,2026-10-01,CM,BSE,STK,530711,INE144C01014,JAGANLAM,X,,,,,JAGAN LAMPS LTD.,58.18,58.99,56.35,56.9,57.85,58.18,,56.9,,,328,19079.0,18,F1,1,,,,,,False
2026-10-01,2026-10-01,CM,BSE,STK,530723,INE041B01014,ASITCFIN,X,,,,,ASIT C.MEHTA FINANCIAL SERVICE,108.2,108.2,108.0,108.0,108.0,112.9,,108.0,,,255,27553.0,5,F1,1,,,,,,False
2026-10-01,2026-10-01,CM,BSE,STK,530741,INE812S01012,OVOBELE,XT,,,,,OVOBEL FOODS LTD.,265.85,270.0,257.7,260.0,260.0,266.6,,260.0,,,6000,1584856.0,125,F1,1,,,,,,False
2026-10-01,2026-10-01,CM,BSE,STK,530747,INE807A01010,CHALLANI,X,,,,,CHALLANI CAPITAL LIMITED,17.55,17.55,16.0,17.33,17.33,16.26,,17.33,,,1974,32456.0,24,F1,1,,,,,,False
2026-10-01,2026-10-01,CM,BSE,STK,530755,INE715D01019,CORNE,X,,,,,CORAL NEWSPRINTS LTD.,9.2,9.2,9.2,9.2,9.2,9.1,,9.2,,,250,2300.0,1,F1,1,,,,,,False
2026-10-01,2026-10-01,CM,BSE,STK,530757,INE0OUS01011,MIDAAS,XT,,,,,MIDAAS FASHIONS LIMITED,137.9,137.9,131.35,132.0,132.0,131.35,,132.0,,,142,18889.0,12,F1,1,,,,,,False
2026-10-01,2026-10-01,CM,BSE,STK,530779,INE118C01018,DYNAMICP,XT,,,,,DYNAMIC PORTFOLIO MANAGEMENT &,18.81,18.81,17.87,17.87,17.87,18.81,,17.87,,,319,5998.0,8,F1,1,,,,,,False
2026-10-01,2026-10-01,CM,BSE,STK,530787,INE055O01033,INLANPR,XT,,,,,INLAND PRINTERS LTD.,63.54,69.9,63.54,66.43,66.43,66.88,,66.43,,,3650,233297.0,37,F1,1,,,,,,False
2026-10-01,2026-10-01,CM,BSE,STK,530789,INE358C01010,CEEJAY,X,,,,,CEEJAY FINANCE LTD.,152.6,152.6,152.6,152.6,152.6,152.6,,152.6,,,24,3662.0,3,F1,1,,,,,,False
2026-10-01,2026-10-01,CM,BSE,STK,530795,INE584D01019,SUNCITYSY,XT,,,,,SUNCITY SYNTHETICS LTD.,12.0,12.0,12.0,12.0,12.0,12.0,,12.0,,,12,144.0,3,F1,1,,,,,,False
2026-10-01,2026-10-01,CM,BSE,STK,530799,INE336D01014,ANNAINFRA,X,,,,,ANNA INFRASTRUCTURES LTD.,23.08,26.0,23.08,23.42,23.31,25.5,,23.42,,,14,327.0,6,F1,1,,,,,,False
2026-10-01,2026-10-01,CM,BSE,STK,530805,INE125F01032,OIVL,X,,,,,ONESOURCE INDUSTRIES AND VENTU,4.05,4.17,3.6,3.88,3.9,3.97,,3.88,,,449734,1687566.0,267,F1,1,,,,,,False
2026-10-01,2026-10-01,CM,BSE,STK,530809,INE355C01016,BNRUDY,X,,,,,BNR UDYOG LTD.,36.88,37.59,36.88,37.59,37.59,36.89,,37.59,,,12,450.0,4,F1,1,,,,,,False
2026-10-01,2026-10-01,CM,BSE,STK,530821,INE838C01011,SSPDL,X,,,,,SSPDL LTD.,14.3,14.3,13.06,13.17,13.1,13.9,,13.17,,,2732,36161.0,35,F1,1,,,,,,False
2026-10-01,2026-10-01,CM,BSE,STK,530825,INE789B01018,DAIKAFFI,XT,,,,,DAIKAFFIL CHEMICALS INDIA LTD.,49.49,49.49,48.51,48.51,48.51,49.49,,48.51,,,296,14610.0,6,F1,1,,,,,,False
2026-10-01,2026-10-01,CM,BSE,STK,530829,INE830A01012,CILSEC,X,,,,,CIL SECURITIES LIMITED,35.0,39.98,35.0,36.14,36.14,37.82,,36.14,,,1917,68581.0,47,F1,1,,,,,,False
2026-10-01,2026-10-01,CM,BSE,STK,530839,INE011B01017,CLIOINFO,XT,,,,,CLIO INFOTECH LTD.,13.67,13.67,12.37,13.46,13.5,13.02,,13.46,,,24266,322748.0,65,F1,1,,,,,,False
2026-10-01,2026-10-01,CM,BSE,STK,530853,INE963A01011,HIPOLIN,XT,,,,,HIPOLIN LTD.,88.0,88.0,83.3,84.16,84.0,87.5,,84.16,,,120,10033.0,12,F1,1,,,,,,False
2026-10-01,2026-10-01,CM,BSE,STK,530855,INE545E01018,GDLLEAS,X,,,,,GDL LEASING & FINANCE LTD.,68.0,68.0,68.0,68.0,68.0,64.77,,68.0,,,2318,157624.0,8,F1,1,,,,,,False
2026-10-01,2026-10-01,CM,BSE,STK,530881,INE485K01022,ABVL,X,,,,,Arunjyoti Bio Ventures Limited,3.81,4.17,3.81,4.04,4.0,4.02,,4.04,,,104527,410868.0,280,F1,1,,,,,,False
2026-10-01,2026-10-01,CM,BSE,STK,530883,INE366G01022,SUCROSA,XT,,,,,SUPER CROP SAFE LTD.,13.5,13.5,12.9,13.36,13.43,13.23,,13.36,,,68885,916423.0,46,F1,1,,,,,,False
2026-10-01,2026-10-01,CM,BSE,STK,530889,INE061B01038,AUDROC,XT,,,,,AUDROC Limited,22.64,22.64,22.64,22.64,22.64,22.2,,22.64,,,100,2264.0,12,F1,1,,,,,,False
2026-10-01,2026-10-01,CM,BSE,STK,530897,INE825C01018,NGIND,X,,,,,N.G.INDUSTRIES LTD.,103.1,109.9,103.1,109.9,109.9,103.1,,109.9,,,74,7745.0,8,F1,1,,,,,,False
2026-10-01,2026-10-01,CM,BSE,STK,530907,INE417F01017,SICAPIT,XT,,,,,SI CAPITAL & FINANCIAL SERVICE,12.07,12.07,11.11,11.65,12.0,11.5,,11.65,,,17285,206842.0,26,F1,1,,,,,,False
2026-10-01,2026-10-01,CM,BSE,STK,530925,INE609D01014,RAMSONS,X,,,,,RAMSONS PROJECTS LTD.,80.0,80.0,80.0,80.0,80.0,79.0,,80.0,,,300,24000.0,2,F1,1,,,,,,False
2026-10-01,2026-10-01,CM,BSE,STK,530951,INE357B01022,RAMINFO,X,,,,,RAMINFO LIMITED,45.29,45.29,43.55,44.94,44.94,45.4,,44.94,,,362,16165.0,10,F1,1,,,,,,False
2026-10-01,2026-10-01,CM,BSE,STK,530953,INE224D01012,SUNILAGR,X,,,,,SUNIL AGRO FOODS LTD.,77.0,77.0,74.1,74.1,74.1,78.0,,74.1,,,2982,220969.0,10,F1,1,,,,,,False
2026-10-01,2026-10-01,CM,BSE,STK,530959,INE012E01035,DIANATEA,X,,,,,DIANA TEA CO.LTD.,28.58,28.58,26.5,27.05,27.05,28.58,,27.05,,,24324,664410.0,66,F1,1,,,,,,False
2026-10-01,2026-10-01,CM,BSE,STK,530973,INE042C01010,ALFAICA,X,,,,,ALFA ICA (INDIA) LTD.,78.99,78.99,75.3,75.3,75.3,75.3,,75.3,,,13,989.0,4,F1,1,,,,,,False
2026-10-01,2026-10-01,CM,BSE,STK,530977,INE260E01014,SKCIL,X,,,,,Shri Keshav Cements and Infra,95.35,102.41,95.0,98.5,98.5,99.98,,98.5,,,278,26604.0,23,F1,1,,,,,,False
2026-10-01,2026-10-01,CM,BSE,STK,530979,INE274E01015,INDIAHOME,X,,,,,INDIA HOME LOAN LTD.,30.05,31.75,30.05,31.54,31.5,31.8,,31.54,,,206,6510.0,12,F1,1,,,,,,False
2026-10-01,2026-10-01,CM,BSE,STK,530991,INE443C01010,ROOPAIND,X,,,,,ROOPA INDUSTRIES LTD.,47.5,48.5,43.78,46.9,46.9,45.9,,46.9,,,3498,165656.0,36,F1,1,,,,,,False
2026-10-01,2026-10-01,CM,BSE,STK,530993,INE075H01019,SARTHAKGL,XT,,,,,SARTHAK GLOBAL LTD.,44.59,44.59,40.35,41.0,41.0,42.47,,41.0,,,151,6508.0,8,F1,1,,,,,,False
2026-10-01,2026-10-01,CM,BSE,STK,530997,INE333E01019,UNIQUEO,X,,,,,UNIQUE ORGANICS LTD.,87.85,87.85,82.05,84.98,84.98,83.9,,84.98,,,1400,118615.0,31,F1,1,,,,,,False
2026-10-01,2026-10-01,CM,BSE,STK,531003,INE595G01018,SWRNASE,X,,,,,SWARNA SECURITIES LTD.,87.76,87.76,87.76,87.76,87.76,89.55,,87.76,,,12,1053.0,2,F1,1,,,,,,False
2026-10-01,2026-10-01,CM,BSE,STK,531015,INE154G01022,VENMAX,X,,,,,VENMAX DRUGS AND PHARMACEUTICA,14.99,15.0,14.11,14.5,14.76,14.81,,14.5,,,1380,20102.0,22,F1,1,,,,,,False
2026-10-01,2026-10-01,CM,BSE,STK,531017,INE190D01015,ARISE,X,,,,,ARIHANTS SECURITIES LTD.,21.35,21.4,20.0,21.31,21.0,21.5,,21.31,,,1593,32565.0,34,F1,1,,,,,,False
2026-10-01,2026-10-01,CM,BSE,STK,531025,INE309H01038,VISAGAR,X,,,,,VISAGAR FINANCIAL SERVICES LTD,0.29,0.29,0.27,0.29,0.29,0.29,,0.29,,,1459182,411664.0,326,F1,1,,,,,,False
2026-10-01,2026-10-01,CM,BSE,STK,531033,INE101E01010,REGAL,X,,,,,REGAL ENTERTAINMENT & CONSULTA,15.9,15.9,15.7,15.82,15.7,16.0,,15.82,,,82,1297.0,2,F1,1,,,,,,False
2026-10-01,2026-10-01,CM,BSE,STK,531039,INE0P4R01017,SWADHATURE,X,,,,,Swadha Nature Limited,7.87,7.87,7.87,7.87,7.87,7.5,,7.87,,,3,23.0,1,F1,1,,,,,,False
2026-10-01,2026-10-01,CM,BSE,STK,531043,INE239F01015,ZDHJERK,X,,,,,DHANVANTRI JEEVAN REKHA LTD.,22.55,22.55,22.55,22.55,22.55,23.55,,22.55,,,64,1443.0,1,F1,1,,,,,,False
2026-10-01,2026-10-01,CM,BSE,STK,531049,INE741D01015,NEELKAN,Z,,,,,NEELKANTH ROCKMINERALS LTD.,68.86,68.86,65.44,68.53,68.86,68.88,,68.53,,,1220,82346.0,20,F1,1,,,,,,False
2026-10-01,2026-10-01,CM,BSE,STK,531067,INE080G01029,CONTILI,X,,,,,CONTIL INDIA LTD.,19.15,19.74,19.0,19.0,19.0,19.15,,19.0,,,699,13332.0,12,F1,1,,,,,,False
2026-10-01,2026-10-01,CM,BSE,STK,531083,INE876E01033,NIHARINF,X,,,,,NIHAR INFO GLOBAL LTD.,4.69,4.9,4.45,4.45,4.45,4.67,,4.45,,,3311,14871.0,16,F1,1,,,,,,False
2026-10-01,2026-10-01,CM,BSE,STK,531091,INE858C01027,UNITDCR,X,,,,,UNITED CREDIT LTD.,22.06,23.0,22.0,22.0,23.0,22.06,,22.0,,,307,6755.0,4,F1,1,,,,,,False
2026-10-01,2026-10-01,CM,BSE,STK,531099,INE396H01019,CENTUPLE,XT,,,,,CENTUPLE GLOBAL LIMITED,31.48,32.7,29.91,31.88,31.88,31.48,,31.88,,,3690,111910.0,23,F1,1,,,,,,False
2026-10-01,2026-10-01,CM,BSE,STK,531119,INE418D01010,CEENIK,XT,,,,,CEENIK EXPORTS (INDIA) LTD.,230.0,230.0,218.9,218.9,218.9,230.4,,218.9,,,433,95032.0,15,F1,1,,,,,,False
2026-10-01,2026-10-01,CM,BSE,STK,531126,INE237C01016,KATIPATANG,X,,,,,KATI PATANG LIFESTYLE LIMITED,12.1,12.6,11.68,12.49,12.45,12.14,,12.49,,,33006,407606.0,56,F1,1,,,,,,False
2026-10-01,2026-10-01,CM,BSE,STK,531127,INE148B01033,MENAMANI,XT,,,,,MENA MANI INDUSTRIES LIMITED,14.1,14.15,14.05,14.05,14.05,13.93,,14.05,,,20352,286080.0,27,F1,1,,,,,,False
2026-10-01,2026-10-01,CM,BSE,STK,531129,INE635D01027,INANI,X,,,,,INANI MARBLES & INDUSTRIES LTD,11.0,12.2,10.5,11.93,11.62,10.62,,11.93,,,83606,989451.0,183,F1,1,,,,,,False
2026-10-01,2026-10-01,CM,BSE,STK,531137,INE503D01027,GEMSI,X,,,,,GEMSTONE INVESTMENTS LTD.,1.38,1.42,1.25,1.29,1.3,1.35,,1.29,,,74739,99953.0,173,F1,1,,,,,,False
2026-10-01,2026-10-01,CM,BSE,STK,531144,INE158F01017,ELFORGE,X,,,,,EL FORGE LTD.,27.6,27.6,24.36,24.36,24.36,27.06,,24.36,,,75894,1879676.0,294,F1,1,,,,,,False
2026-10-01,2026-10-01,CM,BSE,STK,531153,INE650C01036,DILIGENT,X,,,,,DILIGENT INDUSTRIES LTD.,2.09,2.14,2.06,2.09,2.1,2.09,,2.09,,,38183,80032.0,104,F1,1,,,,,,False
2026-10-01,2026-10-01,CM,BSE,STK,531155,INE601F01016,EPSOMPRO,X,,,,,EPSOM PROPERTIES LTD.,8.5,8.5,8.5,8.5,8.5,8.56,,8.5,,,3,25.0,1,F1,1,,,,,,False
2026-10-01,2026-10-01,CM,BSE,STK,531156,INE883B01027,ALFAVIO,XT,,,,,ALFAVISION OVERSEAS (INDIA) LT,12.81,13.4,12.7,12.82,12.85,12.8,,12.82,,,11231,145215.0,64,F1,1,,,,,,False
2026-10-01,2026-10-01,CM,BSE,STK,531157,INE412E01011,ORGCOAT,X,,,,,ORGANIC COATINGS LTD.,19.0,19.54,18.25,19.54,19.54,18.61,,19.54,,,15926,309216.0,29,F1,1,,,,,,False
2026-10-01,2026-10-01,CM,BSE,STK,531158,INE660B01011,CATVISION,X,,,,,CATVISION  LIMITED,19.79,19.79,18.5,19.52,19.52,19.4,,19.52,,,3295,63221.0,38,F1,1,,,,,,False
2026-10-01,2026-10-01,CM,BSE,STK,531163,INE971L01029,KEMISTAR,X,,,,,KEMISTAR CORPORATION LIMITED,49.4,49.4,49.4,49.4,49.4,47.25,,49.4,,,5,247.0,2,F1,1,,,,,,False
2026-10-01,2026-10-01,CM,BSE,STK,531168,INE771E01010,ASSOCER,X,,,,,ASSOCIATED CERAMICS LTD.,150.0,150.0,146.3,146.3,146.3,154.0,,146.3,,,54,7937.0,5,F1,1,,,,,,False
2026-10-01,2026-10-01,CM,BSE,STK,531169,INE709B01016,SKPSEC,X,,,,,SKP SECURITIES LTD.,96.0,96.0,93.0,94.39,94.0,97.55,,94.39,,,404,37960.0,28,F1,1,,,,,,False
2026-10-01,2026-10-01,CM,BSE,STK,531173,INE121D01036,SYSCHEM,X,,,,,SYSCHEM (INDIA) LTD.,36.66,36.66,34.05,34.8,34.96,35.47,,34.8,,,21651,762280.0,150,F1,1,,,,,,False
2026-10-01,2026-10-01,CM,BSE,STK,531176,INE186C01023,MEFCOMCAP,X,,,,,MEFCOM CAPITAL MARKETS LTD.,11.95,12.51,11.0,11.26,11.45,11.8,,11.26,,,17440,200667.0,65,F1,1,,,,,,False
2026-10-01,2026-10-01,CM,BSE,STK,531178,INE930A01010,HEMANG,X,,,,,HEMANG RESOURCES LIMITED,9.33,9.35,9.15,9.35,9.35,9.33,,9.35,,,401,3696.0,7,F1,1,,,,,,False
2026-10-01,2026-10-01,CM,BSE,STK,531191,INE589N01017,FILTRON,X,,,,,FILTRON ENGINEERS LTD.,71.97,71.97,71.97,71.97,71.97,70.56,,71.97,,,55,3958.0,2,F1,1,,,,,,False
2026-10-01,2026-10-01,CM,BSE,STK,531199,INE580D01017,GLANCE,X,,,,,GLANCE FINANCE LTD.,200.0,200.0,191.0,191.0,191.0,200.0,,191.0,,,26,5191.0,2,F1,1,,,,,,False
2026-10-01,2026-10-01,CM,BSE,STK,531205,INE179O01031,SPRIGHT,X,,,,,SPRIGHT AGRO LIMITED,0.4,0.42,0.35,0.37,0.37,0.39,,0.37,,,10074919,3879756.0,1545,F1,1,,,,,,False
2026-10-01,2026-10-01,CM,BSE,STK,531210,INE923C01011,COLINZ,XT,,,,,COLINZ LABORATORIES LTD.,73.55,73.55,73.0,73.5,73.5,76.69,,73.5,,,2711,198997.0,10,F1,1,,,,,,False
2026-10-01,2026-10-01,CM,BSE,STK,531212,INE606C01012,NLFL,X,,,,,NALIN LEASE FINANCE LTD.,38.6,38.6,38.4,38.4,38.4,37.4,,38.4,,,56,2150.0,2,F1,1,,,,,,False
2026-10-01,2026-10-01,CM,BSE,STK,531219,INE861E01019,SHYAMACOMP,P,,,,,Shyama Computronics and Servic,3.57,3.57,3.57,3.57,3.57,3.75,,3.57,,,1500,5355.0,4,F1,100,,,,,,False
2026-10-01,2026-10-01,CM,BSE,STK,531221,INE262W01012,MAYURFL,X,,,,,MAYUR FLOORINGS LTD.,19.0,19.0,17.86,17.87,17.87,18.8,,17.87,,,215,3842.0,9,F1,1,,,,,,False
2026-10-01,2026-10-01,CM,BSE,STK,531223,INE364D01032,ANJANI,X,,,,,ANJANI SYNTHETICS LTD.,29.99,29.99,27.22,27.53,27.86,29.81,,27.53,,,4419,123532.0,51,F1,1,,,,,,False
2026-10-01,2026-10-01,CM,BSE,STK,531228,INE821D01031,RANDER,XT,,,,,RANDER CORPORATION LTD.,12.28,12.9,12.28,12.9,12.9,12.92,,12.9,,,3,38.0,2,F1,1,,,,,,False
2026-10-01,2026-10-01,CM,BSE,STK,531233,INE822D01021,RASIELEC,X,,,,,RASI ELECTRODES LTD.,13.48,13.5,12.8,13.18,13.24,13.18,,13.18,,,15282,200190.0,78,F1,1,,,,,,False
2026-10-01,2026-10-01,CM,BSE,STK,531234,INE962E01015,SCOOBEEDAY,X,,,,,SCOOBEE DAY GARMENTS (INDIA) L,70.0,70.0,64.1,66.65,66.65,64.06,,66.65,,,909,60656.0,10,F1,1,,,,,,False
2026-10-01,2026-10-01,CM,BSE,STK,531235,INE494D01011,CITIPOR,X,,,,,CITIPORT FINANCIAL SERVICES LT,38.85,38.85,38.85,38.85,38.85,37.0,,38.85,,,3,116.0,2,F1,1,,,,,,False
2026-10-01,2026-10-01,CM,BSE,STK,531237,INE972E01014,DHRUVCA,X,,,,,DHRUVA CAPITAL SERVICES LTD.,78.41,78.41,70.95,77.74,78.2,74.68,,77.74,,,1176,87544.0,21,F1,1,,,,,,False
2026-10-01,2026-10-01,CM,BSE,STK,531246,INE723N01012,PRIMAIN,X,,,,,PRIMA INDUSTRIES LTD.,16.1,17.65,16.1,16.31,16.17,17.25,,16.31,,,1182,19768.0,19,F1,1,,,,,,False
2026-10-01,2026-10-01,CM,BSE,STK,531253,INE342D01012,INDGELA,X,,,,,INDIA GELATINE & CHEMICALS LTD,384.0,384.0,366.05,369.4,370.0,384.8,,369.4,,,3168,1175210.0,85,F1,1,,,,,,False
2026-10-01,2026-10-01,CM,BSE,STK,531255,INE015E01012,PARAGONF,X,,,,,PARAGON FINANCE LTD.,50.5,54.7,50.5,54.7,54.7,51.0,,54.7,,,12,610.0,3,F1,1,,,,,,False
2026-10-01,2026-10-01,CM,BSE,STK,531257,INE530D01012,VELLORA,X,,,,,VELLORA IMPACT LIMITED,14.65,14.65,13.51,14.37,14.37,14.01,,14.37,,,11885,167860.0,63,F1,1,,,,,,False
2026-10-01,2026-10-01,CM,BSE,STK,531259,INE328F01016,ESHAMEDIA,XT,,,,,ESHA MEDIA RESEARCH LIMITED,38.19,38.19,38.19,38.19,38.19,38.96,,38.19,,,1,38.0,1,F1,1,,,,,,False
2026-10-01,2026-10-01,CM,BSE,STK,531268,INE151B01011,B2BSOFT,X,,,,,B2B SOFTWARE TECHNOLOGIES LTD.,23.5,23.5,21.5,22.64,22.75,22.5,,22.64,,,11185,248606.0,118,F1,1,,,,,,False
2026-10-01,2026-10-01,CM,BSE,STK,531272,INE526C01012,NIKKIGL,X,,,,,NIKKI GLOBAL FINANCE LTD.,19.8,20.38,19.5,19.95,19.95,19.41,,19.95,,,985,19606.0,11,F1,1,,,,,,False
2026-10-01,2026-10-01,CM,BSE,STK,531273,INE986B01044,RADHEDE,X,,,,,RADHE DEVELOPERS (INDIA) LTD.,1.41,1.41,1.31,1.35,1.37,1.38,,1.35,,,168578,227087.0,204,F1,1,,,,,,False
2026-10-01,2026-10-01,CM,BSE,STK,531274,INE674M01019,KINETRU,XT,,,,,KINETIC TRUST LTD.,51.15,51.15,51.15,51.15,51.15,52.19,,51.15,,,8,409.0,2,F1,1,,,,,,False
2026-10-01,2026-10-01,CM,BSE,STK,531278,INE785D01012,ELIXIR,X,,,,,Elixir Capital Limited,98.0,98.98,98.0,98.0,98.0,97.28,,98.0,,,322,31560.0,10,F1,1,,,,,,False
2026-10-01,2026-10-01,CM,BSE,STK,531279,INE238C01022,TRISHAKT,XT,,,,,Trishakti Industries Limited,251.2,260.0,244.0,251.55,252.0,250.7,,251.55,,,16625,4186199.0,180,F1,1,,,,,,False
2026-10-01,2026-10-01,CM,BSE,STK,531280,INE698B01011,PANKAJPO,XT,,,,,PANKAJ POLYMERS LTD.,126.45,126.55,126.45,126.55,126.55,120.55,,126.55,,,2290,289793.0,22,F1,1,,,,,,False
2026-10-01,2026-10-01,CM,BSE,STK,531281,INE807H01023,MARBLE,XT,,,,,MARBLE CITY INDIA LIMITED,170.0,170.0,160.8,166.0,166.0,169.25,,166.0,,,2576,422626.0,30,F1,1,,,,,,False
2026-10-01,2026-10-01,CM,BSE,STK,531286,INE586D01014,ADHHATA,X,,,,,ADHATA GLOBAL LIMITED,20.53,20.53,20.53,20.53,20.53,20.5,,20.53,,,10,205.0,1,F1,1,,,,,,False
2026-10-01,2026-10-01,CM,BSE,STK,531287,INE896D01017,NATPLASTI,X,,,,,NATIONAL PLASTIC TECHNOLOGIES,219.0,219.0,210.5,213.0,213.0,218.95,,213.0,,,639,135922.0,19,F1,1,,,,,,False
2026-10-01,2026-10-01,CM,BSE,STK,531288,INE531D01010,LEADFIN,X,,,,,LEAD FINANCIAL SERVICES LTD.,17.0,17.0,17.0,17.0,17.0,17.0,,17.0,,,58,986.0,3,F1,1,,,,,,False
2026-10-01,2026-10-01,CM,BSE,STK,531289,INE643C01015,NATFIT,XT,,,,,NATIONAL FITTINGS LIMITED,323.0,330.0,311.6,311.6,311.6,328.0,,311.6,,,23486,7447213.0,264,F1,1,,,,,,False
2026-10-01,2026-10-01,CM,BSE,STK,531297,INE885B01014,ARTEFACT,X,,,,,ARTEFACT PROJECTS LTD.,51.4,53.92,51.4,52.8,52.8,52.6,,52.8,,,2138,112702.0,22,F1,1,,,,,,False
2026-10-01,2026-10-01,CM,BSE,STK,531301,INE319M01011,TUSALDAH,X,,,,,TUSALDAH LIMITED,174.15,174.15,174.15,174.15,174.15,165.9,,174.15,,,173,30127.0,4,F1,1,,,,,,False
2026-10-01,2026-10-01,CM,BSE,STK,531304,INE960H01012,NUTECGLOB,X,,,,,NUTECH GLOBAL LTD.,26.48,27.8,26.48,27.8,27.8,26.48,,27.8,,,1350,36715.0,5,F1,1,,,,,,False
2026-10-01,2026-10-01,CM,BSE,STK,531306,INE590D01016,DHPIND,X,,,,,DHP INDIA LTD.,498.05,504.8,498.05,504.8,504.8,499.9,,504.8,,,192,96031.0,12,F1,1,,,,,,False
2026-10-01,2026-10-01,CM,BSE,STK,531310,INE325G01010,AVAILFC,X,,,,,AVAILABLE FINANCE LTD.,131.5,139.0,131.5,134.1,133.5,139.2,,134.1,,,4617,622677.0,80,F1,1,,,,,,False
2026-10-01,2026-10-01,CM,BSE,STK,531314,INE366H01012,INTCAPL,X,,,,,INTEGRA CAPITAL LIMITED,12.65,12.65,12.65,12.65,12.65,12.65,,12.65,,,7,88.0,2,F1,1,,,,,,False
2026-10-01,2026-10-01,CM,BSE,STK,531319,INE368C01019,MGIL,X,,,,,MARUTI GLOBAL INDUSTRIES LIMIT,43.87,43.87,40.01,41.89,41.98,41.99,,41.89,,,3177,131034.0,39,F1,1,,,,,,False
2026-10-01,2026-10-01,CM,BSE,STK,531323,INE250D01017,JAYIND,X,,,,,JAYATMA INDUSTRIES LIMITED,12.35,12.35,12.35,12.35,12.35,13.0,,12.35,,,4,49.0,3,F1,1,,,,,,False
2026-10-01,2026-10-01,CM,BSE,STK,531324,INE475C01012,ROSELABS,X,,,,,ROSELABS FINANCE LTD.,21.48,22.49,21.09,21.09,21.09,21.48,,21.09,,,564,12101.0,6,F1,1,,,,,,False
2026-10-01,2026-10-01,CM,BSE,STK,531328,INE128R01023,KRETTOSYS,X,,,,,KRETTO SYSCON LIMITED,0.45,0.46,0.43,0.44,0.43,0.44,,0.44,,,1994966,887786.0,348,F1,1,,,,,,False
2026-10-01,2026-10-01,CM,BSE,STK,531334,INE186E01011,VIKALPS,X,,,,,VIKALP SECURITIES LTD.,22.15,22.15,22.15,22.15,22.15,21.1,,22.15,,,20,443.0,1,F1,1,,,,,,False
2026-10-01,2026-10-01,CM,BSE,STK,531340,INE348I01018,BERVINL,X,,,,,BERVIN INVESTMENT & LEASING LT,49.8,49.8,49.1,49.1,49.1,47.5,,49.1,,,41,2013.0,3,F1,1,,,,,,False
2026-10-01,2026-10-01,CM,BSE,STK,531346,INE500D01015,EASTRED,X,,,,,EASTERN TREADS LTD.,31.0,31.0,28.0,29.58,31.0,31.0,,29.58,,,2502,73988.0,20,F1,1,,,,,,False
2026-10-01,2026-10-01,CM,BSE,STK,531352,INE328D01011,PEETISEC,X,,,,,PEETI SECURITIES LTD.,19.45,20.42,19.45,20.37,20.42,19.45,,20.37,,,224,4563.0,2,F1,1,,,,,,False
2026-10-01,2026-10-01,CM,BSE,STK,531359,INE777G01012,SRAMSET,X,,,,,SHRIRAM ASSET MANAGEMENT CO.LT,268.0,268.0,251.55,257.25,257.6,258.05,,257.25,,,227,57871.0,34,F1,1,,,,,,False
2026-10-01,2026-10-01,CM,BSE,STK,531360,INE427D01011,GOLECHA,X,,,,,GOLECHHA GLOBAL FINANCE LTD.,26.58,26.58,25.01,25.01,25.01,26.32,,25.01,,,185,4744.0,6,F1,1,,,,,,False
2026-10-01,2026-10-01,CM,BSE,STK,531364,INE005E01013,EKANSH,X,,,,,Ekansh Concepts Limited,195.9,202.0,192.0,201.35,202.0,195.9,,201.35,,,1141,225517.0,41,F1,1,,,,,,False
2026-10-01,2026-10-01,CM,BSE,STK,531370,INE960B01015,SPAR,X,,,,,SPARC ELECTREX LIMITED,4.62,4.62,4.05,4.39,4.39,4.3,,4.39,,,34790,151107.0,53,F1,1,,,,,,False
2026-10-01,2026-10-01,CM,BSE,STK,531380,INE405H01018,CSURGSU,X,,,,,CENTENIAL SURGICAL SUTURE LTD.,102.85,102.85,102.0,102.0,102.0,102.85,,102.0,,,45,4593.0,5,F1,1,,,,,,False
2026-10-01,2026-10-01,CM,BSE,STK,531387,INE671D01014,HASTIFIN,XT,,,,,HASTI FINANCE LTD.,8.75,8.75,8.1,8.1,8.1,8.5,,8.1,,,153,1241.0,3,F1,1,,,,,,False
2026-10-01,2026-10-01,CM,BSE,STK,531390,INE890B01014,UPSURGE,X,,,,,UPSURGE INVESTMENT & FINANCE L,59.62,66.0,58.2,61.57,61.74,59.62,,61.57,,,60816,3826714.0,269,F1,1,,,,,,False
2026-10-01,2026-10-01,CM,BSE,STK,531395,INE448D01025,PADAMCO,XT,,,,,PADAM COTTON YARNS LTD.,0.94,0.94,0.92,0.92,0.93,0.94,,0.92,,,241661,224678.0,411,F1,1,,,,,,False
2026-10-01,2026-10-01,CM,BSE,STK,531396,INE905B01010,WOMENNET,X,,,,,WOMEN NETWORKS LTD.,6.82,6.82,6.82,6.82,6.82,6.5,,6.82,,,6,40.0,1,F1,1,,,,,,False
2026-10-01,2026-10-01,CM,BSE,STK,531397,INE262C01014,POLYCON,XT,,,,,POLYCON INTERNATIONAL LTD.,27.17,27.17,26.15,26.32,27.17,27.3,,26.32,,,144,3868.0,5,F1,1,,,,,,False
2026-10-01,2026-10-01,CM,BSE,STK,531398,INE679C01027,SOURCENTRL,X,,,,,SOURCE NATURAL FOODS & HERBAL,109.0,112.9,104.0,107.4,112.0,108.5,,107.4,,,1289,136211.0,24,F1,1,,,,,,False
2026-10-01,2026-10-01,CM,BSE,STK,531399,INE493B01017,GGAUTO,X,,,,,G.G.AUTOMOTIVE GEARS LTD.,220.0,226.9,205.0,209.3,208.95,228.2,,209.3,,,15423,3315823.0,384,F1,1,,,,,,False
2026-10-01,2026-10-01,CM,BSE,STK,531402,INE281M01013,LWSKNIT,X,,,,,LWS KNITWEAR LTD.,15.25,16.75,14.2,15.34,15.56,16.1,,15.34,,,49219,782113.0,169,F1,1,,,,,,False
2026-10-01,2026-10-01,CM,BSE,STK,531406,INE234J01018,ANSINDUS,XT,,,,,ANS INDUSTRIES LTD,20.0,20.0,19.4,20.0,20.0,20.4,,20.0,,,2092,41834.0,11,F1,1,,,,,,False
2026-10-01,2026-10-01,CM,BSE,STK,531411,INE560D01027,TUNITEX,XT,,,,,TUNI TEXTILE MILLS LTD.,2.13,2.14,2.13,2.14,2.14,2.1,,2.14,,,5456290,11626184.0,501,F1,1,,,,,,False
2026-10-01,2026-10-01,CM,BSE,STK,531412,INE576N01014,RADIXIND,X,,,,,RADIX INDUSTRIES (INDIA) LIMIT,130.3,132.15,127.05,128.5,127.25,133.0,,128.5,,,27,3469.0,5,F1,1,,,,,,False
2026-10-01,2026-10-01,CM,BSE,STK,531416,INE603F01012,NARPROP,X,,,,,NARENDRA PROPERTIES LTD.,33.0,33.9,31.07,32.85,32.85,33.0,,32.85,,,812,25643.0,23,F1,1,,,,,,False
2026-10-01,2026-10-01,CM,BSE,STK,531417,INE804B01023,MEGACOR,X,,,,,MEGA CORPORATION LTD.,2.47,2.47,2.27,2.35,2.41,2.37,,2.35,,,43138,101367.0,90,F1,1,,,,,,False
2026-10-01,2026-10-01,CM,BSE,STK,531420,INE644K01016,BMBMUMG,XT,,,,,BMB MUSIC & MAGNETICS LTD.,6.0,6.0,5.85,5.86,5.86,6.0,,5.86,,,1353,7978.0,5,F1,1,,,,,,False
2026-10-01,2026-10-01,CM,BSE,STK,531433,INE271D01013,SUNGOLD,X,,,,,SUNGOLD CAPITAL LTD.,2.9,2.9,2.85,2.85,2.85,3.0,,2.85,,,101,292.0,2,F1,1,,,,,,False
2026-10-01,2026-10-01,CM,BSE,STK,531436,INE474D01013,SAFFRON,X,,,,,SAFFRON INDUSTRIES LIMITED,23.1,23.13,22.95,23.12,23.12,23.43,,23.12,,,1207,27886.0,17,F1,1,,,,,,False
2026-10-01,2026-10-01,CM,BSE,STK,531437,INE523I01016,PWASML,X,,,,,Prakash Woollen & Synthetic Mi,20.5,23.0,20.25,21.83,21.94,22.09,,21.83,,,1928,41044.0,40,F1,1,,,,,,False
2026-10-01,2026-10-01,CM,BSE,STK,531441,INE100F01019,LYONSCO,X,,,,,LYONS CORPORATE MARKET LTD.,20.33,20.33,20.33,20.33,20.33,20.43,,20.33,,,1,20.0,1,F1,1,,,,,,False
2026-10-01,2026-10-01,CM,BSE,STK,531454,INE323D01020,POLYLINK,X,,,,,POLYLINK POLYMERS (INDIA) LTD.,22.74,23.79,21.5,21.56,21.5,21.9,,21.56,,,12393,274858.0,81,F1,1,,,,,,False
2026-10-01,2026-10-01,CM,BSE,STK,531456,INE952C01028,MINAXI,X,,,,,MINAXI TEXTILES LTD.,1.37,1.37,1.29,1.29,1.29,1.37,,1.29,,,5312,6869.0,15,F1,1,,,,,,False
2026-10-01,2026-10-01,CM,BSE,STK,531458,INE109B01019,BOSTON,XT,,,,,BOSTON COMMERCE LIMITED,10.12,10.12,10.12,10.12,10.12,9.64,,10.12,,,21701,219614.0,25,F1,1,,,,,,False
2026-10-01,2026-10-01,CM,BSE,STK,531460,INE545B01022,CONTICON,XT,,,,,CONTINENTAL CONTROLS LTD.,16.5,16.5,16.5,16.5,16.5,16.55,,16.5,,,209,3448.0,8,F1,1,,,,,,False
2026-10-01,2026-10-01,CM,BSE,STK,531465,INE317B01042,NOUVEAU,XT,,,,,NOUVEAU GLOBAL VENTURES LTD.,0.33,0.33,0.32,0.32,0.32,0.32,,0.32,,,50711,16321.0,22,F1,1,,,,,,False
2026-10-01,2026-10-01,CM,BSE,STK,531471,INE397G01019,DUKEOFS,XT,,,,,DUKE OFFSHORE LTD.,89.22,89.22,89.22,89.22,89.22,87.48,,89.22,,,6124,546383.0,39,F1,1,,,,,,False
2026-10-01,2026-10-01,CM,BSE,STK,531472,INE183D01010,CYBELEIND,X,,,,,CYBELE INDUSTRIES LTD.,35.65,36.9,35.65,36.04,35.66,35.69,,36.04,,,5037,182013.0,38,F1,1,,,,,,False
2026-10-01,2026-10-01,CM,BSE,STK,531486,INE600B01033,FILME,XT,,,,,FILMCITY MEDIA LTD.,1.5,1.55,1.43,1.53,1.53,1.5,,1.53,,,21301,31845.0,28,F1,1,,,,,,False
2026-10-01,2026-10-01,CM,BSE,STK,531502,INE404L01039,ESARIND,X,,,,,ESAAR (INDIA) LTD.,11.2,11.34,10.85,10.99,11.0,11.09,,10.99,,,588330,6497969.0,351,F1,1,,,,,,False
2026-10-01,2026-10-01,CM,BSE,STK,531503,INE866D01010,MARIS,X,,,,,MARIS SPINNERS LTD.,37.99,37.99,35.0,37.5,37.5,38.0,,37.5,,,2192,81106.0,20,F1,1,,,,,,False
2026-10-01,2026-10-01,CM,BSE,STK,531506,INE561E01015,SKRABUL,X,,,,,SHUKRA BULLIONS LTD.,31.24,31.24,31.24,31.24,31.24,29.76,,31.24,,,2965,92626.0,10,F1,1,,,,,,False
2026-10-01,2026-10-01,CM,BSE,STK,531512,INE681D01039,ORIENTTR,X,,,,,ORIENT TRADELINK LTD.,4.17,4.17,3.82,4.01,4.05,3.98,,4.01,,,138975,560598.0,241,F1,1,,,,,,False
2026-10-01,2026-10-01,CM,BSE,STK,531515,INE735D01041,MAHANIN,XT,,,,,MAHAN INDUSTRIES LTD.,27.88,27.88,27.88,27.88,27.88,26.56,,27.88,,,1483,41346.0,24,F1,1,,,,,,False
2026-10-01,2026-10-01,CM,BSE,STK,531518,INE767B01022,VIKASPROP,Z,,,,,VIKAS PROPPANT & GRANITE LTD.,0.26,0.26,0.24,0.26,0.26,0.25,,0.26,,,245625,61812.0,106,F1,1,,,,,,False
2026-10-01,2026-10-01,CM,BSE,STK,531525,INE849B01010,ACESOFT,XT,,,,,ACE SOFTWARE EXPORTS LTD.,193.1,195.0,190.25,192.05,192.05,200.25,,192.05,,,30225,5794707.0,192,F1,1,,,,,,False
2026-10-01,2026-10-01,CM,BSE,STK,531529,INE562E01021,SOFTRAKV,XT,,,,,SOFTRAK VENTURE INVESTMENT LTD,1.53,1.59,1.53,1.59,1.59,1.56,,1.59,,,16719,26336.0,24,F1,1,,,,,,False
2026-10-01,2026-10-01,CM,BSE,STK,531530,INE658E01027,BETALA,X,,,,,BETALA GLOBAL SECURITIES LTD.,25.85,27.26,25.85,27.26,27.26,24.79,,27.26,,,963,26235.0,12,F1,1,,,,,,False
2026-10-01,2026-10-01,CM,BSE,STK,531533,INE578B01015,ACCEDERE,X,,,,,ACCEDERE LIMITED,45.25,46.37,44.46,44.47,44.47,46.79,,44.47,,,1496,66854.0,40,F1,1,,,,,,False
2026-10-01,2026-10-01,CM,BSE,STK,531537,INE681K01026,MIZVEN,XT,,,,,MIZZEN VENTURES LIMITED,35.0,35.0,33.3,33.3,33.3,35.0,,33.3,,,4770,166695.0,8,F1,1,,,,,,False
2026-10-01,2026-10-01,CM,BSE,STK,531539,INE864D01015,RISHDIGA,X,,,,,RISHABH DIGHA STEEL & ALLIED P,45.28,45.28,40.98,43.79,40.98,43.13,,43.79,,,6591,292031.0,65,F1,1,,,,,,False
2026-10-01,2026-10-01,CM,BSE,STK,531540,INE392G01028,MAINFRA,X,,,,,MARUTI INFRASTRUCTURE LTD.,12.0,12.0,11.22,11.22,11.22,11.58,,11.22,,,9785,110843.0,54,F1,1,,,,,,False
2026-10-01,2026-10-01,CM,BSE,STK,531541,INE881A01015,KOBO,Z,,,,,KOBO BIOTECH LIMITED,3.62,3.69,3.62,3.62,3.62,3.69,,3.62,,,29599,107155.0,18,F1,1,,,,,,False
2026-10-01,2026-10-01,CM,BSE,STK,531550,INE865D01012,JHACC,X,,,,,JHAVERI CREDITS & CAPITAL LTD.,199.0,199.0,193.5,197.5,197.5,199.0,,197.5,,,806,156878.0,23,F1,1,,,,,,False
2026-10-01,2026-10-01,CM,BSE,STK,531552,INE754B01012,RAGHUTOB,X,,,,,RAGHUNATH TOBACCO CO.LTD.,13.75,14.4,13.03,13.8,13.8,14.27,,13.8,,,3413,46191.0,22,F1,1,,,,,,False
2026-10-01,2026-10-01,CM,BSE,STK,531553,INE193D01019,DRL,XT,,,,,DISHA RESOURCES LIMITED,35.28,35.28,34.89,34.89,34.89,35.36,,34.89,,,103,3633.0,4,F1,1,,,,,,False
2026-10-01,2026-10-01,CM,BSE,STK,531557,INE137E01014,AMITSEC,X,,,,,AMIT SECURITIES LTD.,35.14,35.14,35.14,35.14,35.14,35.5,,35.14,,,1557,54712.0,2,F1,1,,,,,,False
2026-10-01,2026-10-01,CM,BSE,STK,531569,INE860D01013,SANJIVIN,X,,,,,SANJIVANI PARANTERAL LTD.,165.3,171.45,162.0,165.1,165.1,167.0,,165.1,,,6361,1055877.0,39,F1,1,,,,,,False
2026-10-01,2026-10-01,CM,BSE,STK,531572,INE863D01017,RANJITSE,XT,,,,,RANJIT SECURITIES LTD.,59.35,59.35,59.35,59.35,59.35,62.47,,59.35,,,36,2136.0,3,F1,1,,,,,,False
2026-10-01,2026-10-01,CM,BSE,STK,531574,INE192C01013,VASINFRA,XT,,,,,VAS INFRASTRUCTURE LTD.,6.83,7.47,6.83,6.87,6.87,7.18,,6.87,,,330,2300.0,10,F1,1,,,,,,False
2026-10-01,2026-10-01,CM,BSE,STK,531582,INE508J01015,BERYLSE,X,,,,,BERYL SECURITIES LTD.,32.5,32.5,29.45,31.97,31.97,31.0,,31.97,,,3,93.0,3,F1,1,,,,,,False
2026-10-01,2026-10-01,CM,BSE,STK,531583,INE483D01014,RAP,X,,,,,RAP CORP LIMITED,32.4,32.72,30.05,30.06,30.1,31.76,,30.06,,,2305,71824.0,24,F1,1,,,,,,False
2026-10-01,2026-10-01,CM,BSE,STK,531585,INE455C01014,DEVINE,X,,,,,DEVINE IMPEX LTD.,8.1,8.1,8.1,8.1,8.1,8.1,,8.1,,,6,48.0,1,F1,1,,,,,,False
2026-10-01,2026-10-01,CM,BSE,STK,531591,INE802A01037,BAMPSL,X,,,,,BAMPSL SECURITIES LTD.,18.5,18.5,17.25,17.79,18.1,18.34,,17.79,,,2647,46822.0,38,F1,1,,,,,,False
2026-10-01,2026-10-01,CM,BSE,STK,531592,INE861N01036,GENPHARMA,X,,,,,GENPHARMASEC LIMITED,1.12,1.14,1.05,1.07,1.07,1.12,,1.07,,,299160,323433.0,302,F1,1,,,,,,False
2026-10-01,2026-10-01,CM,BSE,STK,531594,INE507D01010,INCON,XT,,,,,INCON ENGINEERS LTD.,20.91,21.05,20.91,21.01,21.01,22.01,,21.01,,,1063,22372.0,8,F1,1,,,,,,False
2026-10-01,2026-10-01,CM,BSE,STK,531608,INE792J01015,GORANIN,X,,,,,GORANI INDUSTRIES LTD.,41.86,41.86,41.01,41.02,41.02,39.0,,41.02,,,3,123.0,3,F1,1,,,,,,False
2026-10-01,2026-10-01,CM,BSE,STK,531609,INE902G01016,KGPETRO,X,,,,,KG PETROCHEM LTD.,177.65,177.65,177.65,177.65,177.65,187.0,,177.65,,,30,5329.0,5,F1,1,,,,,,False
2026-10-01,2026-10-01,CM,BSE,STK,531613,INE100C01024,MAL,XT,,,,,Meyer Apparel Limited,1.83,1.83,1.83,1.83,1.83,1.86,,1.83,,,707,1293.0,5,F1,1,,,,,,False
2026-10-01,2026-10-01,CM,BSE,STK,531626,INE628B01034,OROSMITHS,X,,,,,OROSIL SMITHS INDIA LTD.,6.76,6.82,6.58,6.64,6.62,6.63,,6.64,,,19537,131916.0,127,F1,1,,,,,,False
2026-10-01,2026-10-01,CM,BSE,STK,531628,INE173E01019,TEJASSVI,XT,,,,,TEJASSVI AAHARAM LIMITED,60.11,66.2,60.11,65.0,66.2,63.1,,65.0,,,3308,210874.0,21,F1,1,,,,,,False
2026-10-01,2026-10-01,CM,BSE,STK,531635,INE870J01019,SILVOAK,X,,,,,SILVER OAK (INDIA) LTD.,78.0,78.0,70.0,76.0,76.0,72.1,,76.0,,,413,30780.0,22,F1,1,,,,,,False
2026-10-01,2026-10-01,CM,BSE,STK,531644,INE546D01018,TOKYOFIN,X,,,,,TOKYO FINANCE LTD.,18.96,18.96,17.66,18.94,18.94,18.97,,18.94,,,296,5595.0,6,F1,1,,,,,,False
2026-10-01,2026-10-01,CM,BSE,STK,531651,INE654H01011,NATGENI,X,,,,,NATIONAL GENERAL INDUSTRIES LT,58.5,58.5,54.0,54.0,54.0,55.9,,54.0,,,17,927.0,3,F1,1,,,,,,False
2026-10-01,2026-10-01,CM,BSE,STK,531652,INE528C01018,UVS,X,,,,,UVS HOSPITALITY AND SERVICES L,77.5,79.98,75.0,76.88,76.88,79.0,,76.88,,,3410,260502.0,29,F1,1,,,,,,False
2026-10-01,2026-10-01,CM,BSE,STK,531658,INE454E01013,ABATEAS,X,,,,,ABATE AS INDUSTRIES LIMITED,8.37,8.37,7.0,7.98,7.98,7.98,,7.98,,,66809,508579.0,134,F1,1,,,,,,False
2026-10-01,2026-10-01,CM,BSE,STK,531661,INE863C01019,HITTCO,XT,,,,,HITTCO TOOLS LTD.,13.5,13.5,12.52,12.68,12.52,13.09,,12.68,,,9768,124966.0,24,F1,1,,,,,,False
2026-10-01,2026-10-01,CM,BSE,STK,531663,INE139D01020,YUVRAAJHPL,X,,,,,YUVRAAJ HYGIENE PRODUCTS LTD.,9.05,9.34,8.76,9.0,9.0,9.09,,9.0,,,287876,2591522.0,77,F1,1,,,,,,False
2026-10-01,2026-10-01,CM,BSE,STK,531667,INE117K01013,RRMETAL,XT,,,,,RR METALMAKERS INDIA LIMITED,43.11,47.63,43.11,43.24,47.44,45.37,,43.24,,,5350,232791.0,50,F1,1,,,,,,False
2026-10-01,2026-10-01,CM,BSE,STK,531668,INE661D01015,VISIONCO,XT,,,,,VISION CORPORATION LTD.,2.19,2.2,2.19,2.2,2.2,2.3,,2.2,,,3186,7008.0,9,F1,1,,,,,,False
2026-10-01,2026-10-01,CM,BSE,STK,531671,INE214D01021,KARNAWATI,X,,,,,Karnawati Innovation Limited,1.16,1.17,1.12,1.15,1.16,1.16,,1.15,,,65311,75048.0,111,F1,1,,,,,,False
2026-10-01,2026-10-01,CM,BSE,STK,531673,INE067C01025,ANKIN,X,,,,,ANKA INDIA LTD.,19.0,19.0,18.06,18.19,18.75,19.0,,18.19,,,5911,109206.0,51,F1,1,,,,,,False
2026-10-01,2026-10-01,CM,BSE,STK,531676,INE554H01021,EMROCK,XT,,,,,EMROCK CORPORATION LIMITED,253.85,254.0,241.65,250.1,251.9,253.85,,250.1,,,400,99437.0,17,F1,1,,,,,,False
2026-10-01,2026-10-01,CM,BSE,STK,531680,INE799E01011,MAYUR,XT,,,,,MAYUR LEATHER PRODUCTS LTD.,40.85,40.85,38.91,39.97,40.0,38.91,,39.97,,,2257,89535.0,35,F1,1,,,,,,False
2026-10-01,2026-10-01,CM,BSE,STK,531681,INE673C01020,AMERISE,XT,,,,,AMERISE BIOSCIENCES LIMITED,0.8,0.81,0.77,0.78,0.78,0.81,,0.78,,,6527,5090.0,21,F1,1,,,,,,False
2026-10-01,2026-10-01,CM,BSE,STK,531688,INE621B01021,PRITHVIEXCH,X,,,,,Prithvi Exchange (India) Limit,102.8,108.7,101.8,106.65,107.0,106.25,,106.65,,,1551,164626.0,36,F1,1,,,,,,False
2026-10-01,2026-10-01,CM,BSE,STK,531692,INE593B01030,KHYATI,X,,,,,KHYATI MULTIMEDIA-ENTERTAINMEN,2.86,3.1,2.86,2.99,2.99,3.0,,2.99,,,971,2878.0,11,F1,1,,,,,,False
2026-10-01,2026-10-01,CM,BSE,STK,531694,INE230F01014,RAINBOWF,X,,,,,RAINBOW FOUNDATIONS LTD.,28.2,29.68,28.0,29.16,29.17,29.48,,29.16,,,4802,137134.0,51,F1,1,,,,,,False
2026-10-01,2026-10-01,CM,BSE,STK,531716,INE843F01014,TRICOMFRU,XT,,,,,TRICOM FRUIT PRODUCTS LIMITED,1.3,1.31,1.25,1.25,1.25,1.25,,1.25,,,3976,5095.0,15,F1,1,,,,,,False
2026-10-01,2026-10-01,CM,BSE,STK,531726,INE316G01019,PANCHSHEEL,X,,,,,PANCHSHEEL ORGANICS LTD.,108.0,108.0,102.0,102.85,102.85,106.95,,102.85,,,4883,510883.0,85,F1,1,,,,,,False
2026-10-01,2026-10-01,CM,BSE,STK,531737,INE414C01045,GREENCREST,X,,,,,GREENCREST FINANCIAL SERVICES,0.56,0.6,0.56,0.6,0.6,0.58,,0.6,,,104282,62140.0,70,F1,1,,,,,,False
2026-10-01,2026-10-01,CM,BSE,STK,531739,INE509C01026,GENNEX,X,,,,,GENNEX LABORATORIES LTD.,10.06,10.07,9.7,9.8,9.8,9.95,,9.8,,,250950,2482077.0,572,F1,1,,,,,,False
2026-10-01,2026-10-01,CM,BSE,STK,531744,INE548B01018,GINISILK,X,,,,,GINI SILK MILLS LTD.,57.0,57.07,57.0,57.0,57.0,56.0,,57.0,,,714,40698.0,7,F1,1,,,,,,False
2026-10-01,2026-10-01,CM,BSE,STK,531752,INE703D01023,BIOGEN,X,,,,,BIOGEN PHARMACHEM INDUSTRIES L,0.28,0.28,0.26,0.27,0.27,0.28,,0.27,,,4865035,1317398.0,824,F1,1,,,,,,False
2026-10-01,2026-10-01,CM,BSE,STK,531758,INE131D01019,GKCONS,X,,,,,G.K.CONSULTANTS LTD.,10.85,11.35,10.4,11.35,11.35,10.5,,11.35,,,610,6558.0,19,F1,1,,,,,,False
2026-10-01,2026-10-01,CM,BSE,STK,531762,INE576D01015,UNJHAFOR,XT,,,,,UNJHA FORMULATIONS LTD.,33.5,33.5,32.5,33.0,33.0,32.5,,33.0,,,3968,129726.0,20,F1,1,,,,,,False
2026-10-01,2026-10-01,CM,BSE,STK,531769,INE600F01018,PFLINFOTC,X,,,,,PFL INFOTECH LTD.,4.4,4.49,4.4,4.49,4.49,4.49,,4.49,,,560,2511.0,7,F1,1,,,,,,False
2026-10-01,2026-10-01,CM,BSE,STK,531778,INE059E01010,KACHCHH,X,,,,,KACHCHH MINERALS LTD.,24.54,25.76,24.54,25.76,25.76,24.54,,25.76,,,784,20159.0,16,F1,1,,,,,,False
2026-10-01,2026-10-01,CM,BSE,STK,531780,INE229G01022,KACL,X,,,,,KAISER CORPORATION LIMITED,5.71,5.9,5.53,5.66,5.66,5.72,,5.66,,,26496,152991.0,95,F1,1,,,,,,False
2026-10-01,2026-10-01,CM,BSE,STK,531784,INE469F01026,KCLINFRA,X,,,,,KCL Infra Projects Limited,1.22,1.33,1.19,1.21,1.23,1.22,,1.21,,,148217,184309.0,181,F1,1,,,,,,False
2026-10-01,2026-10-01,CM,BSE,STK,531802,INE426H01014,PRERINFRA,X,,,,,PRERNA INFRABUILD LTD.,24.1,24.84,23.8,24.52,24.67,24.98,,24.52,,,10752,261200.0,51,F1,1,,,,,,False
2026-10-01,2026-10-01,CM,BSE,STK,531810,INE161E01014,METALCO,X,,,,,METAL COATINGS (INDIA) LTD.,52.9,52.9,52.57,52.57,52.57,50.99,,52.57,,,7,368.0,4,F1,1,,,,,,False
2026-10-01,2026-10-01,CM,BSE,STK,531812,INE266C01023,SGNTE,X,,,,,SGN TELECOMS LTD.,0.55,0.57,0.55,0.55,0.55,0.57,,0.55,,,5483,3047.0,26,F1,1,,,,,,False
2026-10-01,2026-10-01,CM,BSE,STK,531813,INE278O01015,GANGAPA,XT,,,,,GANGA PAPERS INDIA LTD.,86.83,86.83,85.09,85.09,85.09,86.83,,85.09,,,10,852.0,3,F1,1,,,,,,False
2026-10-01,2026-10-01,CM,BSE,STK,531814,INE297J01023,TIRSARJ,X,,,,,TIRUPATI SARJAN LTD.,7.73,7.78,7.5,7.6,7.5,7.7,,7.6,,,1792,13719.0,32,F1,1,,,,,,False
2026-10-01,2026-10-01,CM,BSE,STK,531821,INE348D01019,MUNOTHFI,XT,,,,,MUNOTH FINANCIAL SERVICES LTD.,66.05,66.05,62.15,62.15,62.15,65.4,,62.15,,,2,128.0,2,F1,1,,,,,,False
2026-10-01,2026-10-01,CM,BSE,STK,531822,INE513E01024,RODIUM,X,,,,,RODIUM REALTY LIMITED,145.7,145.7,139.9,139.9,139.9,145.0,,139.9,,,45,6376.0,4,F1,1,,,,,,False
2026-10-01,2026-10-01,CM,BSE,STK,531832,INE793H01017,NAGTECH,X,,,,,NAGARJUNA AGRI TECH LTD.,37.0,37.0,34.04,36.99,36.99,35.77,,36.99,,,5099,188432.0,26,F1,1,,,,,,False
2026-10-01,2026-10-01,CM,BSE,STK,531834,INE487B01019,NATHUEC,XT,,,,,NATURA HUE CHEM LTD.,40.95,40.95,37.05,37.22,37.05,39.0,,37.22,,,1768,70692.0,21,F1,1,,,,,,False
2026-10-01,2026-10-01,CM,BSE,STK,531840,INE172B01017,IECEDU,X,,,,,IEC EDUCATION LTD.,23.06,26.0,23.06,24.83,24.82,24.67,,24.83,,,5808,145186.0,62,F1,1,,,,,,False
2026-10-01,2026-10-01,CM,BSE,STK,531841,INE935D01013,INDUSFINL,XT,,,,,Indus Finance Limited,329.75,329.75,328.15,328.15,328.15,323.3,,328.15,,,1940,639710.0,32,F1,1,,,,,,False
2026-10-01,2026-10-01,CM,BSE,STK,531846,INE884X01011,TRINITYLEA,X,,,,,TRINITY LEAGUE INDIA LTD.,10.02,10.02,10.02,10.02,10.02,9.55,,10.02,,,297,2975.0,5,F1,1,,,,,,False
2026-10-01,2026-10-01,CM,BSE,STK,531861,INE024B01010,JOINDRE,X,,,,,JOINDRE CAPITAL SERVICES LTD.,47.6,47.95,47.05,47.45,47.45,47.53,,47.45,,,459,21703.0,19,F1,1,,,,,,False
2026-10-01,2026-10-01,CM,BSE,STK,531862,INE842D01029,BHARATAGRI,X,,,,,BHARAT AGRI FERT & REALTY LTD.,21.5,21.97,20.82,21.91,21.97,21.5,,21.91,,,5192,110837.0,53,F1,1,,,,,,False
2026-10-01,2026-10-01,CM,BSE,STK,531867,INE929K01011,UNITINT,Z,,,,,UNITECH INTERNATIONAL LTD.,3.05,3.05,2.93,2.96,2.99,3.05,,2.96,,,3669,10828.0,15,F1,1,,,,,,False
2026-10-01,2026-10-01,CM,BSE,STK,531869,INE433G01020,SACHEMT,X,,,,,SACHETA METALS LTD.,3.69,3.7,3.5,3.68,3.7,3.57,,3.68,,,34153,122855.0,90,F1,1,,,,,,False
2026-10-01,2026-10-01,CM,BSE,STK,531878,INE283D01018,ANJANIFIN,X,,,,,ANJANI FINANCE LTD.,8.25,8.25,8.1,8.1,8.1,7.54,,8.1,,,72,589.0,6,F1,1,,,,,,False
2026-10-01,2026-10-01,CM,BSE,STK,531888,INE687C01012,REXNORD,X,,,,,REXNORD ELECTRONICS & CONTROLS,93.7,97.89,92.5,94.53,95.0,99.18,,94.53,,,2739,258585.0,72,F1,1,,,,,,False
2026-10-01,2026-10-01,CM,BSE,STK,531889,INE882B01037,NWIL,X,,,,,NURTURE WELL INDUSTRIES LIMITE,20.77,20.88,19.75,20.03,20.03,20.77,,20.03,,,262064,5291478.0,1161,F1,1,,,,,,False
2026-10-01,2026-10-01,CM,BSE,STK,531893,INE248B01023,SAWACA,X,,,,,SAWACA ENTERPRISES LIMITED,0.28,0.29,0.27,0.28,0.28,0.28,,0.28,,,691931,193575.0,312,F1,1,,,,,,False
2026-10-01,2026-10-01,CM,BSE,STK,531900,INE778E01031,CCLINTER,X,,,,,CCL INTERNATIONAL LTD.,22.99,23.0,21.5,22.0,22.0,21.77,,22.0,,,3638,82659.0,30,F1,1,,,,,,False
2026-10-01,2026-10-01,CM,BSE,STK,531902,INE755J01012,GALLOPENT,XT,,,,,GALLOPS ENTERPRISE LTD.,40.0,40.0,39.99,39.99,39.99,39.4,,39.99,,,21,839.0,2,F1,1,,,,,,False
2026-10-01,2026-10-01,CM,BSE,STK,531909,INE587J01027,CROISSANCE,XT,,,,,CROISSANCE LIMITED,1.08,1.09,1.03,1.04,1.03,1.08,,1.04,,,86833,91415.0,80,F1,1,,,,,,False
2026-10-01,2026-10-01,CM,BSE,STK,531910,INE312M01024,JOJO,XT,,,,,JOJO LIMITED,221.5,225.2,221.5,225.2,225.2,225.6,,225.2,,,3284,733376.0,46,F1,1,,,,,,False
2026-10-01,2026-10-01,CM,BSE,STK,531911,INE803L01016,GALAGEX,XT,,,,,GALAXY AGRICO EXPORTS LTD.,95.0,95.0,88.1,88.17,92.0,92.45,,88.17,,,273,24862.0,9,F1,1,,,,,,False
2026-10-01,2026-10-01,CM,BSE,STK,531913,INE641H01018,CASTORA,X,,,,,CASTORA AGRI COMMODITIES LIMIT,11.5,12.23,11.07,11.87,12.0,11.65,,11.87,,,12125,143135.0,56,F1,1,,,,,,False
2026-10-01,2026-10-01,CM,BSE,STK,531918,INE02XD01011,HINDAPL,X,,,,,HINDUSTAN APPLIANCES LTD.,83.13,83.13,77.5,77.88,77.88,81.5,,77.88,,,145,11265.0,10,F1,1,,,,,,False
2026-10-01,2026-10-01,CM,BSE,STK,531923,INE956B01013,DHAMPURE,X,,,,,DHAMPURE SPECIALITY SUGARS LTD,143.0,146.75,140.0,144.45,144.45,144.7,,144.45,,,4795,681923.0,108,F1,1,,,,,,False
2026-10-01,2026-10-01,CM,BSE,STK,531925,INE545N01019,SHAQUAK,X,,,,,SHANTANU SHEOREY AQUAKULT LTD.,1.15,1.16,1.15,1.16,1.16,1.2,,1.16,,,3154,3633.0,9,F1,1,,,,,,False
2026-10-01,2026-10-01,CM,BSE,STK,531928,INE595D01015,GOLCA,X,,,,,GOLDEN CARPETS LTD.,10.25,10.25,10.25,10.25,10.25,10.25,,10.25,,,5,51.0,2,F1,1,,,,,,False
2026-10-01,2026-10-01,CM,BSE,STK,531929,INE214B01017,INNOCORP,X,,,,,INNOCORP LTD.,4.06,4.06,4.01,4.01,4.01,4.08,,4.01,,,577,2318.0,3,F1,1,,,,,,False
2026-10-01,2026-10-01,CM,BSE,STK,531930,INE074H01012,SARTHAKIND,X,,,,,SARTHAK INDUSTRIES LTD.,25.0,25.0,24.0,25.0,25.0,25.0,,25.0,,,2021,50015.0,9,F1,1,,,,,,False
2026-10-01,2026-10-01,CM,BSE,STK,531944,INE185D01015,LEXORAA,X,,,,,LEXORAA INDUSTRIES LIMITED,16.9,16.9,16.06,16.06,16.06,16.9,,16.06,,,174,2795.0,5,F1,1,,,,,,False
2026-10-01,2026-10-01,CM,BSE,STK,531950,INE316D01024,VERTEX,X,,,,,VERTEX SECURITIES LTD.,3.12,3.15,3.03,3.09,3.09,3.09,,3.09,,,5538,17154.0,34,F1,1,,,,,,False
2026-10-01,2026-10-01,CM,BSE,STK,531952,INE811H01017,RIBATEX,XT,,,,,RIBA TEXTILES LTD.,69.4,69.4,64.1,65.8,65.8,66.94,,65.8,,,1726,112117.0,21,F1,1,,,,,,False
2026-10-01,2026-10-01,CM,BSE,STK,531959,INE997D01021,NEWINFRA,X,,,,,NEWTIME INFRASTRUCTURE LIMITED,1.86,1.89,1.8,1.83,1.84,1.83,,1.83,,,78350,144339.0,186,F1,1,,,,,,False
2026-10-01,2026-10-01,CM,BSE,STK,531962,INE914B01012,SHREMETAL,X,,,,,SHREE METALLOYS LTD.,36.0,43.0,35.0,36.12,38.0,36.9,,36.12,,,1666,60741.0,50,F1,1,,,,,,False
2026-10-01,2026-10-01,CM,BSE,STK,531977,INE558F01026,CHLOGIST,XT,,,,,CHARTERED LOGISTICS LTD.,8.75,8.75,8.03,8.03,8.03,8.45,,8.03,,,144766,1186662.0,149,F1,1,,,,,,False
2026-10-01,2026-10-01,CM,BSE,STK,531982,INE547C01018,SPECFOOD,XT,,,,,SPECTRUM FOODS LTD.,18.82,19.33,17.97,18.2,18.49,18.91,,18.2,,,7146,129311.0,30,F1,1,,,,,,False
2026-10-01,2026-10-01,CM,BSE,STK,531989,INE132E01015,DECPO,X,,,,,DECCAN POLYPACKS LTD.,22.5,22.5,22.5,22.5,22.5,22.85,,22.5,,,206,4635.0,2,F1,1,,,,,,False
2026-10-01,2026-10-01,CM,BSE,STK,531991,INE735C01027,AMRAAGRI,X,,,,,AMRAWORLD AGRICO LTD.,0.57,0.57,0.52,0.52,0.52,0.54,,0.52,,,64423,34900.0,48,F1,1,,,,,,False
2026-10-01,2026-10-01,CM,BSE,STK,531994,INE706C01028,AUTOPINS,XT,,,,,AUTO PINS (INDIA) LTD.,162.15,162.15,162.15,162.15,162.15,170.65,,162.15,,,1,162.0,1,F1,1,,,,,,False
2026-10-01,2026-10-01,CM,BSE,STK,531997,INE164D01010,IKOMA,XT,,,,,IKOMA TECHNOLOGIES LIMITED,53.9,53.9,52.25,52.25,52.25,55.0,,52.25,,,5375,282243.0,51,F1,1,,,,,,False
2026-10-01,2026-10-01,CM,BSE,STK,532001,INE146H01018,INDCTST,X,,,,,INDUCTO STEEL LTD.,56.0,63.85,55.0,62.5,62.5,60.6,,62.5,,,268,15521.0,15,F1,1,,,,,,False
2026-10-01,2026-10-01,CM,BSE,STK,532005,INE653D01012,SAMINDUS,X,,,,,SAM INDUSTRIES LTD.,37.48,37.5,37.48,37.5,37.5,37.48,,37.5,,,120,4499.0,2,F1,1,,,,,,False
2026-10-01,2026-10-01,CM,BSE,STK,532007,INE981C01019,SHVFL,X,,,,,SHREEVATSAA FINANCE & LEASING,27.75,27.75,27.75,27.75,27.75,26.46,,27.75,,,10,277.0,1,F1,1,,,,,,False
2026-10-01,2026-10-01,CM,BSE,STK,532011,INE147C01017,POOJAENT,X,,,,,VASHU BHAGNANI INDUSTRIES LIMI,65.27,67.0,65.27,65.69,66.49,65.27,,65.69,,,1856,121401.0,22,F1,1,,,,,,False
2026-10-01,2026-10-01,CM,BSE,STK,532015,INE995A01013,GRAVITY,X,,,,,GRAVITY (INDIA) LTD.,14.69,14.69,13.61,13.71,13.83,14.32,,13.71,,,53881,749732.0,217,F1,1,,,,,,False
2026-10-01,2026-10-01,CM,BSE,STK,532016,INE176O01011,ESPIRE,X,,,,,ESPIRE HOSPITALITY LIMITED,147.0,157.95,147.0,148.0,148.0,153.95,,148.0,,,1013,149933.0,10,F1,1,,,,,,False
2026-10-01,2026-10-01,CM,BSE,STK,532039,INE486F01012,ZENOTECH,X,,,,,ZENOTECH LABORATORIES LTD.,41.83,42.15,41.1,41.99,42.0,41.83,,41.99,,,8071,338348.0,43,F1,1,,,,,,False
2026-10-01,2026-10-01,CM,BSE,STK,532041,INE597C01021,HINDBIO,XT,,,,,HINDUSTAN BIO SCIENCES LTD.,7.45,7.45,7.02,7.35,7.35,7.34,,7.35,,,12105,89465.0,37,F1,1,,,,,,False
2026-10-01,2026-10-01,CM,BSE,STK,532042,INE092D01013,FRONTCORP,X,,,,,FRONTLINE CORPORATION LTD.,35.5,35.5,35.48,35.48,35.48,35.16,,35.48,,,125,4435.0,3,F1,1,,,,,,False
2026-10-01,2026-10-01,CM,BSE,STK,532053,INE121B01014,WALLFORT,X,,,,,WALLFORT FINANCIAL SERVICES LT,78.6,78.6,76.1,76.15,76.15,82.71,,76.15,,,57,4469.0,7,F1,1,,,,,,False
2026-10-01,2026-10-01,CM,BSE,STK,532056,INE398H01015,TRUSTEDGE,X,,,,,Trustedge Capital Limited,132.65,137.0,132.0,134.5,137.0,132.0,,134.5,,,13,1722.0,4,F1,1,,,,,,False
2026-10-01,2026-10-01,CM,BSE,STK,532057,INE516F01016,ABHICAP,XT,,,,,ABHINAV CAPITAL SERVICES LTD.,145.0,145.0,144.0,144.0,144.0,138.1,,144.0,,,75,10805.0,3,F1,1,,,,,,False
2026-10-01,2026-10-01,CM,BSE,STK,532070,INE311N01016,GUJJUBHAI,X,,,,,GUJJUBHAI INDUSTRIES LIMITED,118.7,118.7,116.2,117.9,117.9,116.2,,117.9,,,12617,1487113.0,39,F1,1,,,,,,False
2026-10-01,2026-10-01,CM,BSE,STK,532090,INE219M01021,ATVOENT,X,,,,,Atvo Enterprises Limited,38.0,39.0,37.5,38.28,38.28,39.0,,38.28,,,47517,1802117.0,153,F1,1,,,,,,False
2026-10-01,2026-10-01,CM,BSE,STK,532092,INE807D01030,EPUJA,X,,,,,EPUJA SPIRITECH LIMITED,1.0,1.02,0.99,1.01,1.02,0.98,,1.01,,,42109,42410.0,87,F1,1,,,,,,False
2026-10-01,2026-10-01,CM,BSE,STK,532100,INE456B01014,INDOCITY,X,,,,,INDO-CITY INFOTECH LTD.,13.1,13.1,12.45,12.45,12.45,13.1,,12.45,,,1313,16443.0,15,F1,1,,,,,,False
2026-10-01,2026-10-01,CM,BSE,STK,532102,INE948G01019,SBECSUG,X,,,,,SBEC SUGAR LTD.,72.7,72.7,66.3,70.0,70.0,69.43,,70.0,,,1147,78214.0,24,F1,1,,,,,,False
2026-10-01,2026-10-01,CM,BSE,STK,532113,INE957E01031,BRIJLEAS,X,,,,,BRIJLAXMI LEASING & FINANCE LT,8.5,10.2,8.49,10.2,10.2,8.5,,10.2,,,2680,22776.0,7,F1,1,,,,,,False
2026-10-01,2026-10-01,CM,BSE,STK,532123,INE395A01016,BSELALGO,X,,,,,BSEL ALGO LIMITED,3.64,3.72,3.4,3.53,3.46,3.64,,3.53,,,108921,391098.0,247,F1,1,,,,,,False
2026-10-01,2026-10-01,CM,BSE,STK,532124,INE419H01019,RELIABVEN,XT,,,,,RELIABLE VENTURES INDIA LTD.,29.85,29.85,28.5,29.85,29.85,30.0,,29.85,,,206,6137.0,9,F1,1,,,,,,False
2026-10-01,2026-10-01,CM,BSE,STK,532145,INE731B01010,HOTLSILV,X,,,,,H.S.INDIA LTD.,11.14,11.14,10.75,11.1,11.1,11.2,,11.1,,,13,142.0,7,F1,1,,,,,,False
2026-10-01,2026-10-01,CM,BSE,STK,532154,INE560F01022,JOHNPHARMA,X,,,,,JOHNSON PHARMACARE LIMITED,0.42,0.42,0.41,0.42,0.42,0.42,,0.42,,,803590,335027.0,338,F1,1,,,,,,False
2026-10-01,2026-10-01,CM,BSE,STK,532159,INE088D01011,TRESCON,X,,,,,TRESCON LIMITED,7.07,7.15,6.1,6.96,7.0,7.07,,6.96,,,13050,86176.0,68,F1,1,,,,,,False
2026-10-01,2026-10-01,CM,BSE,STK,532160,INE944A01011,GUJSTATFIN,B,,,,,GUJARAT STATE FINANCIAL CORPOR,8.72,9.85,8.72,9.39,9.39,9.0,,9.39,,,3041,28262.0,52,F1,1,,,,,,False
2026-10-01,2026-10-01,CM,BSE,STK,532167,INE501C01015,OMKARPH,XT,,,,,OMKAR PHARMACHEM LTD.,9.73,9.73,9.73,9.73,9.73,9.73,,9.73,,,2,19.0,2,F1,1,,,,,,False
2026-10-01,2026-10-01,CM,BSE,STK,532183,INE622E01023,GAYATRI,X,,,,,GAYATRI SUGARS LTD.,7.3,7.37,7.15,7.34,7.33,7.25,,7.34,,,53918,392955.0,120,F1,1,,,,,,False
2026-10-01,2026-10-01,CM,BSE,STK,532217,INE027F01014,CMXLTD,XT,,,,,CMX HOLDINGS LIMITED,19.15,19.16,17.47,18.99,18.99,18.37,,18.99,,,242,4523.0,13,F1,1,,,,,,False
2026-10-01,2026-10-01,CM,BSE,STK,532230,INE665D01016,BENGALT,X,,,,,BENGAL TEA & FABRICS LTD.,141.0,141.0,137.0,137.0,137.0,141.0,,137.0,,,1188,162789.0,8,F1,1,,,,,,False
2026-10-01,2026-10-01,CM,BSE,STK,532262,INE920B01019,TCIIND,X,,,,,TCI INDUSTRIES LTD.,1168.5,1210.0,1168.5,1210.0,1210.0,1168.5,,1210.0,,,12,14436.0,3,F1,1,,,,,,False
2026-10-01,2026-10-01,CM,BSE,STK,532275,INE394C01023,LANDMARC,X,,,,,LANDMARC LEISURE CORPORATION L,2.05,2.19,1.95,2.0,2.0,2.04,,2.0,,,126032,255204.0,85,F1,1,,,,,,False
2026-10-01,2026-10-01,CM,BSE,STK,532284,INE389D01013,TCFCFINQ,X,,,,,TCFC FINANCE LTD.,24.18,24.29,23.84,24.0,24.0,23.95,,24.0,,,469,11352.0,13,F1,1,,,,,,False
2026-10-01,2026-10-01,CM,BSE,STK,532303,INE934A01012,INTEGHIT,X,,,,,INTEGRATED HITECH LTD.,3.11,3.11,3.0,3.0,3.0,3.1,,3.0,,,300,922.0,3,F1,1,,,,,,False
2026-10-01,2026-10-01,CM,BSE,STK,532304,INE602C01011,KJMCCORP,X,,,,,KJMC CORPORATE ADVISORS (INDIA,53.6,57.0,51.55,53.92,55.88,54.09,,53.92,,,798,42113.0,31,F1,1,,,,,,False
2026-10-01,2026-10-01,CM,BSE,STK,532315,INE042B01012,GROARC,X,,,,,GROARC INDUSTRIES INDIA LIMITE,5.99,6.14,5.8,6.13,6.13,5.85,,6.13,,,2233,13404.0,20,F1,1,,,,,,False
2026-10-01,2026-10-01,CM,BSE,STK,532320,INE418B01048,VAARAD,X,,,,,VAARAD VENTURES LTD,8.9,8.98,8.4,8.98,8.98,8.98,,8.98,,,1188,10054.0,11,F1,1,,,,,,False
2026-10-01,2026-10-01,CM,BSE,STK,532329,INE310B01013,DANLAW,XT,,,,,DANLAW TECHNOLOGIES INDIA LTD.,1549.0,1549.0,1461.0,1499.95,1500.0,1537.4,,1499.95,,,3690,5491608.0,179,F1,1,,,,,,False
2026-10-01,2026-10-01,CM,BSE,STK,532340,INE369B01019,OMNIAX,X,,,,,OMNI AXS SOFTWARE LTD.,3.1,3.1,3.1,3.1,3.1,3.11,,3.1,,,1,3.0,1,F1,1,,,,,,False
2026-10-01,2026-10-01,CM,BSE,STK,532344,INE002B01016,MADALA,X,,,,,MADALA HOLDINGS LIMITED,165.0,168.85,161.0,165.4,167.95,160.3,,165.4,,,179,29566.0,16,F1,1,,,,,,False
2026-10-01,2026-10-01,CM,BSE,STK,532350,INE243B01016,PADMALAYAT,Z,,,,,PADMALAYA TELEFILMS LTD.,3.75,4.0,3.75,3.9,3.9,3.94,,3.9,,,1261,4837.0,8,F1,1,,,,,,False
2026-10-01,2026-10-01,CM,BSE,STK,532354,INE400B01020,VIRGOGLOB,XT,,,,,Virgo Global Limited,2.95,2.95,2.95,2.95,2.95,3.1,,2.95,,,16294,48067.0,28,F1,1,,,,,,False
2026-10-01,2026-10-01,CM,BSE,STK,532355,INE448B01029,PICTUREHS,X,,,,,PICTUREHOUSE MEDIA LTD.,7.8,7.88,7.32,7.88,7.88,7.65,,7.88,,,503,3690.0,8,F1,1,,,,,,False
2026-10-01,2026-10-01,CM,BSE,STK,532359,INE309B01023,HITKITGLO,X,,,,,HIT KIT GLOBAL SOLUTIONS LTD.,2.5,2.5,2.38,2.38,2.38,2.5,,2.38,,,38828,93991.0,49,F1,1,,,,,,False
2026-10-01,2026-10-01,CM,BSE,STK,532362,INE099E01016,NAGPI,X,,,,,NAGPUR POWER & INDUSTRIES LTD.,181.05,181.05,166.0,167.4,167.0,188.5,,167.4,,,23370,3961711.0,185,F1,1,,,,,,False
2026-10-01,2026-10-01,CM,BSE,STK,532373,INE434B01029,WEPSOLN,X,,,,,WEP SOLUTIONS LTD.,32.21,34.38,32.21,33.57,33.57,33.11,,33.57,,,1385,45656.0,20,F1,1,,,,,,False
2026-10-01,2026-10-01,CM,BSE,STK,532378,INE464B01018,UNIVARTS,X,,,,,UNIVERSAL ARTS LTD.,5.4,5.4,5.4,5.4,5.4,5.4,,5.4,,,22,118.0,2,F1,1,,,,,,False
2026-10-01,2026-10-01,CM,BSE,STK,532379,INE683B01047,FIRSTFIN,XT,,,,,FIRST FINTEC LIMITED,13.23,13.89,13.23,13.49,13.32,13.23,,13.49,,,46126,639737.0,116,F1,1,,,,,,False
2026-10-01,2026-10-01,CM,BSE,STK,532380,INE893A01036,BABA,X,,,,,BABA ARTS LTD.,14.8,15.4,14.5,15.09,15.4,15.4,,15.09,,,26461,391616.0,79,F1,1,,,,,,False
2026-10-01,2026-10-01,CM,BSE,STK,532384,INE443B01012,TYCHE,X,,,,,TYCHE INDUSTRIES LTD.,109.9,109.9,103.6,104.95,105.2,106.55,,104.95,,,1023,107516.0,55,F1,1,,,,,,False
2026-10-01,2026-10-01,CM,BSE,STK,532397,INE971A01014,KONNDOR,XT,,,,,KONNDOR INDUSTRIES LIMITED,18.35,18.35,18.35,18.35,18.35,18.35,,18.35,,,476,8734.0,2,F1,1,,,,,,False
2026-10-01,2026-10-01,CM,BSE,STK,532402,INE718B01017,USGTECH,X,,,,,USG TECH SOLUTIONS LTD.,7.61,8.23,7.36,8.14,8.2,7.79,,8.14,,,10537,81989.0,36,F1,1,,,,,,False
2026-10-01,2026-10-01,CM,BSE,STK,532404,INE856B01023,7TEC,X,,,,,SAVEN TECHNOLOGIES LTD.,34.0,34.0,32.36,33.69,33.7,33.53,,33.69,,,1725,57507.0,85,F1,1,,,,,,False
2026-10-01,2026-10-01,CM,BSE,STK,532425,INE256D01014,GENUSPRIME,XT,,,,,GENUS PRIME INFRA LIMITED,26.44,26.44,26.44,26.44,26.44,27.83,,26.44,,,19744,522031.0,391,F1,1,,,,,,False
2026-10-01,2026-10-01,CM,BSE,STK,532435,INE799C01049,SANINFRA,X,,,,,SANMIT INFRA LIMITED,49.42,50.8,48.45,48.45,48.45,48.45,,48.45,,,2986,146003.0,59,F1,1,,,,,,False
2026-10-01,2026-10-01,CM,BSE,STK,532444,INE541C01037,TSPIRITUAL,X,,,,,T.SPIRITUAL WORLD LTD.,1.89,1.89,1.75,1.89,1.89,1.82,,1.89,,,4786,8933.0,25,F1,1,,,,,,False
2026-10-01,2026-10-01,CM,BSE,STK,532455,INE655D01025,SHALIWIR,X,,,,,SHALIMAR WIRES INDUSTRIES LTD.,21.84,21.84,20.05,21.34,21.44,21.63,,21.34,,,1798,37712.0,41,F1,1,,,,,,False
2026-10-01,2026-10-01,CM,BSE,STK,532645,INE052B01011,BEEYU,X,,,,,BEEYU OVERSEAS LTD.,2.6,2.6,2.6,2.6,2.6,2.69,,2.6,,,10,26.0,1,F1,1,,,,,,False
2026-10-01,2026-10-01,CM,BSE,STK,532656,INE828G01013,FACORALL,X,,,,,FACOR ALLOYS LTD.,3.09,3.09,2.93,3.03,3.07,3.04,,3.03,,,82183,248822.0,146,F1,1,,,,,,False
2026-10-01,2026-10-01,CM,BSE,STK,532676,INE160H01019,PBAINFRA,X,,,,,PBA INFRASTRUCTURE LTD.,7.75,7.75,6.41,6.41,6.41,7.12,,6.41,,,62777,405037.0,91,F1,1,,,,,,False
2026-10-01,2026-10-01,CM,BSE,STK,532701,INE266H01014,CELLA,Z,,,,,CELLA SPACE LIMITED,41.65,41.65,39.53,39.82,39.53,41.52,,39.82,,,9905,397623.0,69,F1,1,,,,,,False
2026-10-01,2026-10-01,CM,BSE,STK,532744,INE302H01017,GTNTEX,X,,,,,GTN TEXTILES LTD.,8.74,8.74,8.68,8.68,8.68,8.75,,8.68,,,162,1412.0,5,F1,1,,,,,,False
2026-10-01,2026-10-01,CM,BSE,STK,532806,INE768E01024,AICHAMP,X,,,,,AI CHAMPDANY INDUSTRIES LTD.,17.3,19.57,17.3,18.5,18.5,18.8,,18.5,,,1726,32201.0,42,F1,1,,,,,,False
2026-10-01,2026-10-01,CM,BSE,STK,532820,INE311H01018,ELAND,X,,,,,E-Land Apparel Limited,10.99,11.25,10.25,10.49,10.49,10.3,,10.49,,,1811,19791.0,32,F1,1,,,,,,False
2026-10-01,2026-10-01,CM,BSE,STK,532825,INE702H01018,JAGJANANI,XT,,,,,JAGJANANI TEXTILES LTD.,6.34,6.34,6.33,6.33,6.33,6.04,,6.33,,,3822,24204.0,8,F1,1,,,,,,False
2026-10-01,2026-10-01,CM,BSE,STK,532829,INE976H01018,LEHAR,X,,,,,LEHAR FOOTWEARS LIMITED,200.2,201.8,191.05,198.05,198.05,196.7,,198.05,,,9988,1973484.0,351,F1,1,,,,,,False
2026-10-01,2026-10-01,CM,BSE,STK,532855,INE928H01019,HARYNACAP,X,,,,,HARYANA CAPFIN LTD.,138.4,142.0,138.4,140.4,140.4,147.15,,140.4,,,631,88560.0,19,F1,1,,,,,,False
2026-10-01,2026-10-01,CM,BSE,STK,532911,INE272G01014,PARLEIND,X,,,,,PARLE INDUSTRIES LIMITED,5.9,5.9,5.5,5.62,5.62,5.63,,5.62,,,106831,603693.0,368,F1,1,,,,,,False
2026-10-01,2026-10-01,CM,BSE,STK,532918,INE575I01016,RATHIBAR,X,,,,,RATHI BARS LTD.,15.75,15.75,15.7,15.75,15.75,15.4,,15.75,,,2369,37261.0,10,F1,1,,,,,,False
2026-10-01,2026-10-01,CM,BSE,STK,532933,INE386I01018,PORWAL,X,,,,,PORWAL AUTO COMPONENTS LTD.,56.15,59.5,56.0,57.92,57.1,58.16,,57.92,,,18561,1069278.0,77,F1,1,,,,,,False
2026-10-01,2026-10-01,CM,BSE,STK,532957,INE642I01014,GOKAKTEX,X,,,,,GOKAK TEXTILES LTD.,65.44,65.44,57.63,57.71,57.71,61.18,,57.71,,,81,4831.0,12,F1,1,,,,,,False
2026-10-01,2026-10-01,CM,BSE,STK,532975,INE778I01024,TELOGICA,XT,,,,,TELOGICA LIMITED,8.01,8.33,8.01,8.1,8.1,8.17,,8.1,,,12173,100456.0,28,F1,1,,,,,,False
2026-10-01,2026-10-01,CM,BSE,STK,532992,INE790D01020,CHLLTD,X,,,,,CHL LTD.,28.24,28.25,28.24,28.25,28.25,27.13,,28.25,,,202,5705.0,6,F1,1,,,,,,False
2026-10-01,2026-10-01,CM,BSE,STK,533006,INE655I01032,BIRLACOT,XT,,,,,BIRLA COTSYN (INDIA) LTD.,13.8,13.99,13.16,13.99,13.99,13.33,,13.99,,,36060,499833.0,122,F1,1,,,,,,False
2026-10-01,2026-10-01,CM,BSE,STK,533007,INE201J01017,LGBFORGE,XT,,,,,LGB FORGE LTD.,5.08,5.1,4.74,4.76,4.74,4.98,,4.76,,,300121,1449573.0,380,F1,1,,,,,,False
2026-10-01,2026-10-01,CM,BSE,STK,533019,INE456H01029,SIMPLXPAP,X,,,,,SIMPLEX PAPERS LTD.,1225.0,1225.0,1225.0,1225.0,1225.0,1225.0,,1225.0,,,1,1225.0,1,F1,1,,,,,,False
2026-10-01,2026-10-01,CM,BSE,STK,533100,INE429K01012,PEIL,X,,,,,PREMIER ENERGY AND INFRASTRUCT,7.43,8.29,7.31,7.48,7.5,7.08,,7.48,,,9079,68430.0,55,F1,1,,,,,,False
2026-10-01,2026-10-01,CM,BSE,STK,533101,INE360J01011,SURYAAMBA,X,,,,,SURYAAMBA SPINNING MILLS LTD.,113.4,118.9,108.7,114.95,114.95,113.4,,114.95,,,361,41402.0,10,F1,1,,,,,,False
2026-10-01,2026-10-01,CM,BSE,STK,533110,INE318K01025,SPSL,X,,,,,SHREE PRECOATED STEELS LTD.,11.5,11.52,11.5,11.52,11.52,11.5,,11.52,,,121,1392.0,5,F1,1,,,,,,False
2026-10-01,2026-10-01,CM,BSE,STK,533149,INE143K01019,YUNIKM,X,,,,,Yunik Managing Advisors Limite,6.0,6.8,5.12,5.4,5.49,5.77,,5.4,,,41362,236520.0,92,F1,1,,,,,,False
2026-10-01,2026-10-01,CM,BSE,STK,533167,INE312J01012,COROENGG,X,,,,,COROMANDEL ENGINEERING COMPANY,53.6,54.01,51.51,52.0,52.0,53.72,,52.0,,,7726,412869.0,46,F1,1,,,,,,False
2026-10-01,2026-10-01,CM,BSE,STK,533202,INE639K01016,SATCH,X,,,,,SATCHMO HOLDINGS LIMITED,3.5,3.57,3.24,3.26,3.25,3.4,,3.26,,,212245,710977.0,173,F1,1,,,,,,False
2026-10-01,2026-10-01,CM,BSE,STK,533268,INE351L01016,SEATV,X,,,,,SEA TV NETWORK LTD.,3.03,3.03,2.9,2.9,2.9,3.0,,2.9,,,344,1040.0,8,F1,1,,,,,,False
2026-10-01,2026-10-01,CM,BSE,STK,533285,INE245L01028,RDBIPL,X,,,,,RDB INFRASTRUCTURE AND POWER L,14.31,15.25,13.87,14.78,14.78,14.59,,14.78,,,185963,2672112.0,346,F1,1,,,,,,False
2026-10-01,2026-10-01,CM,BSE,STK,533289,INE096L01025,KTIL,X,,,,,KESAR TERMINALS & INFRASTRUCTU,60.1,60.1,58.0,58.0,58.0,61.2,,58.0,,,10122,592882.0,28,F1,1,,,,,,False
2026-10-01,2026-10-01,CM,BSE,STK,533315,INE690J01011,INOVSYNTH,XT,,,,,INNOVASSYNTH TECHNOLOGIES (IND,157.35,157.35,157.35,157.35,157.35,154.3,,157.35,,,110951,17458139.0,62,F1,1,,,,,,False
2026-10-01,2026-10-01,CM,BSE,STK,533385,INF247L01AP3,MON100,B,,,,,MOTILAL OSWAL MOST SHARES NASD,324.36,325.66,318.95,322.06,323.6,321.09,,321.48,,,60026,19371217.0,2582,F1,1,,,,,,False
2026-10-01,2026-10-01,CM,BSE,STK,533407,INE672K01025,TRUEGREEN,T,,,,,TRUE GREEN BIO ENERGY LIMITED,181.2,189.0,179.0,182.0,182.9,184.35,,182.0,,,4650,845921.0,54,F1,1,,,,,,False
2026-10-01,2026-10-01,CM,BSE,STK,533427,INE932K01015,VMS,X,,,,,VMS INDUSTRIES LTD.,17.12,19.45,17.12,18.3,18.3,17.55,,18.3,,,120129,2248076.0,351,F1,1,,,,,,False
2026-10-01,2026-10-01,CM,BSE,STK,533570,INF846K01W80,GOLDAXIS,E,,,,,AXIS MUTUAL FUND - AXIS GOLD E,122.4,123.0,121.91,122.29,122.06,122.51,,122.36,,,30691,3752139.0,385,F1,1,,,,,,False
2026-10-01,2026-10-01,CM,BSE,STK,533602,INE050L01048,LESHAIND,X,,,,,LESHA INDUSTRIES LTD.,0.83,0.83,0.78,0.81,0.82,0.82,,0.81,,,49197,39207.0,118,F1,1,,,,,,False
2026-10-01,2026-10-01,CM,BSE,STK,533608,INE123M01017,RDBRL,X,,,,,RDB RASAYANS LTD.,164.45,164.45,159.55,159.75,162.9,161.6,,159.75,,,1156,185786.0,37,F1,1,,,,,,False
2026-10-01,2026-10-01,CM,BSE,STK,533719,INF767K01SM1,LICMFGOLD,E,,,,,LIC MUTUAL FUND - LIC MF GOLD,132.29,133.0,131.7,132.31,132.49,132.29,,132.25,,,37473,4943736.0,129,F1,1,,,,,,False
2026-10-01,2026-10-01,CM,BSE,STK,533896,INE258M01011,FERVENTSYN,X,,,,,FERVENT SYNERGIES LTD.,14.7,15.67,14.22,14.66,15.4,14.51,,14.66,,,599,8806.0,15,F1,1,,,,,,False
2026-10-01,2026-10-01,CM,BSE,STK,534060,INE793G01035,PMCFIN,X,,,,,PMC FINCORP LIMITED,1.97,2.0,1.9,1.91,1.91,1.97,,1.91,,,573737,1115940.0,457,F1,1,,,,,,False
2026-10-01,2026-10-01,CM,BSE,STK,534063,INE241F01011,FUTSOL,X,,,,,FUTURISTIC SOLUTIONS LTD.,45.85,45.85,45.85,45.85,45.85,45.85,,45.85,,,5,229.0,1,F1,1,,,,,,False
2026-10-01,2026-10-01,CM,BSE,STK,534064,INE123D01024,AIML,XT,,,,,ALLIANCE INTEGRATED METALIKS L,3.09,3.09,3.03,3.03,3.03,3.09,,3.03,,,69103,209583.0,73,F1,1,,,,,,False
2026-10-01,2026-10-01,CM,BSE,STK,534190,INE550L01013,OLPCL,X,,,,,OLYMPIC CARDS LTD.,2.9,2.9,2.9,2.9,2.9,2.9,,2.9,,,99,287.0,3,F1,1,,,,,,False
2026-10-01,2026-10-01,CM,BSE,STK,534338,INE393F01010,MAXHEIGHTS,X,,,,,Max heights Infrastucture Ltd,10.29,10.49,9.62,10.4,10.4,10.5,,10.4,,,4691,48229.0,35,F1,1,,,,,,False
2026-10-01,2026-10-01,CM,BSE,STK,534422,INE204N01013,LOOKS,X,,,,,LOOKS HEALTH SERVICES LIMITED,9.7,9.89,9.05,9.67,9.67,9.49,,9.67,,,9150,86358.0,48,F1,1,,,,,,False
2026-10-01,2026-10-01,CM,BSE,STK,534535,INE958L01034,META,T,,,,,STRING METAVERSE LIMITED,7.46,7.66,7.11,7.31,7.39,7.46,,7.31,,,880133,6441247.0,1153,F1,1,,,,,,False
2026-10-01,2026-10-01,CM,BSE,STK,534612,INE436N01029,AMTL,X,,,,,ADVANCE METERING TECHNOLOGY LT,17.47,17.47,16.15,16.29,16.28,17.31,,16.29,,,2096,34620.0,32,F1,1,,,,,,False
2026-10-01,2026-10-01,CM,BSE,STK,534623,INE524N01014,JUPITERIN,X,,,,,JUPITER INFOMEDIA LTD.,37.58,38.2,35.43,36.92,36.92,37.29,,36.92,,,19014,693341.0,99,F1,1,,,,,,False
2026-10-01,2026-10-01,CM,BSE,STK,534691,INE456N01019,COMCL,X,,,,,COMFORT COMMOTRADE LTD.,13.5,13.75,13.4,13.4,13.4,13.75,,13.4,,,1459,19939.0,16,F1,1,,,,,,False
2026-10-01,2026-10-01,CM,BSE,STK,534732,INE176N01039,CASPIAN,X,,,,,CASPIAN CORPORATE SERVICES LIM,34.5,34.75,33.02,33.86,33.95,33.57,,33.86,,,3169,107651.0,62,F1,1,,,,,,False
2026-10-01,2026-10-01,CM,BSE,STK,534733,INE175N01023,AERPACE,XT,,,,,Aerpace Industries Limited,38.47,38.48,38.45,38.45,38.45,39.23,,38.45,,,93321,3589682.0,119,F1,1,,,,,,False
2026-10-01,2026-10-01,CM,BSE,STK,534755,INE234G01022,TRIOMERC,XT,,,,,TRIO MERCANTILE & TRADING LTD.,2.34,2.41,2.21,2.27,2.3,2.3,,2.27,,,60627,139452.0,112,F1,1,,,,,,False
2026-10-01,2026-10-01,CM,BSE,STK,534796,INE198N01017,JUJHARLOGI,X,,,,,JUJHAR LOGISTICS  LIMITED,213.75,221.0,213.75,213.75,213.75,225.0,,213.75,,,248,53343.0,9,F1,1,,,,,,False
2026-10-01,2026-10-01,CM,BSE,STK,535204,INE160O01031,MUKTA,XT,,,,,Mukta Agriculture Limited,5.2,5.2,4.94,4.94,4.94,5.2,,4.94,,,17118,84575.0,20,F1,1,,,,,,False
2026-10-01,2026-10-01,CM,BSE,STK,535205,INE159O01033,MYSTICELE,X,,,,,Mystic Electronics Limited,4.25,4.4,3.92,4.11,4.29,4.28,,4.11,,,22123,90398.0,60,F1,1,,,,,,False
2026-10-01,2026-10-01,CM,BSE,STK,535267,INE274M01026,COMFINCAP,X,,,,,COMFORT FINCAP LTD.,7.7,7.7,7.49,7.53,7.68,7.58,,7.53,,,20408,153905.0,49,F1,1,,,,,,False
2026-10-01,2026-10-01,CM,BSE,STK,535276,INF200K01VT2,SBISENSEX,B,,,,,SBI MUTUAL FUND - SBI ETF SENS,812.38,815.9,795.6,801.29,805.0,812.38,,801.29,,,43760,35109253.0,721,F1,1,,,,,,False
2026-10-01,2026-10-01,CM,BSE,STK,535387,INE191O01010,LAKHOTIA,X,,,,,LAKHOTIA POLYESTERS (INDIA) LT,56.16,56.16,52.0,53.0,53.0,56.17,,53.0,,,1048,55088.0,27,F1,1,,,,,,False
2026-10-01,2026-10-01,CM,BSE,STK,535431,INE168O01026,GCMSECU,B,,,,,GCM SECURITIES LTD,0.65,0.65,0.63,0.65,0.65,0.63,,0.65,,,95793,61904.0,56,F1,1,,,,,,False
2026-10-01,2026-10-01,CM,BSE,STK,535514,INE748D01010,PRIMECAPM,XT,,,,,PRIME CAPITAL MARKET LTD.,5.6,5.6,5.6,5.6,5.6,5.6,,5.6,,,25,140.0,1,F1,1,,,,,,False
2026-10-01,2026-10-01,CM,BSE,STK,535566,INE902D01013,KIFS,X,,,,,KIFS FINANCIAL SERVICES LTD.,106.25,111.9,106.0,111.9,111.9,112.85,,111.9,,,72,7680.0,14,F1,1,,,,,,False
2026-10-01,2026-10-01,CM,BSE,STK,535657,INE860E01011,OONE,X,,,,,OBJECTONE INFORMATION SYSTEMS,7.79,7.79,7.79,7.79,7.79,7.79,,7.79,,,20,155.0,7,F1,1,,,,,,False
2026-10-01,2026-10-01,CM,BSE,STK,535667,INE474O01010,IFINSEC,X,,,,,INDIA FINSEC LTD.,250.0,250.0,233.05,250.0,236.4,250.0,,250.0,,,4330,1080805.0,43,F1,1,,,,,,False
2026-10-01,2026-10-01,CM,BSE,STK,535719,INE989J01017,AMPVOLTS,X,,,,,AMPVOLTS LIMITED,26.89,26.89,23.66,24.83,24.83,26.2,,24.83,,,33656,826683.0,121,F1,1,,,,,,False
2026-10-01,2026-10-01,CM,BSE,STK,535730,INE731G01027,KHOOBSURAT,X,,,,,KHOOBSURAT LTD,0.45,0.45,0.44,0.44,0.45,0.45,,0.44,,,574487,255692.0,183,F1,1,,,,,,False
2026-10-01,2026-10-01,CM,BSE,STK,535910,INE340O01021,MMLF,B,,,,,MONEY MASTERS LEASING & FINANC,0.72,0.72,0.61,0.61,0.61,0.72,,0.61,,,6710,4514.0,33,F1,1,,,,,,False
2026-10-01,2026-10-01,CM,BSE,STK,535916,INE030P01017,ALSL,B,,,,,ALACRITY SECURITIES LTD,50.0,50.0,46.05,47.2,47.2,48.71,,47.2,,,16864,796815.0,145,F1,1,,,,,,False
2026-10-01,2026-10-01,CM,BSE,STK,535917,INE200P01016,GCMCOMM,M,,,,,GCM COMMODITY & DERIVATIVES LT,5.05,5.05,5.03,5.03,5.03,5.29,,5.03,,,12000,60480.0,2,F1,6000,,,,,,False
2026-10-01,2026-10-01,CM,BSE,STK,536073,INE890N01027,JULIEN,X,,,,,JULIEN AGRO INFRATECH LIMITED,1.13,1.16,1.12,1.14,1.15,1.15,,1.14,,,76553,87082.0,90,F1,1,,,,,,False
2026-10-01,2026-10-01,CM,BSE,STK,536493,INE690O01011,JKAGRI,X,,,,,JK AGRI GENETICS LTD,286.7,294.9,282.5,291.95,291.95,286.65,,291.95,,,127,36188.0,14,F1,1,,,,,,False
2026-10-01,2026-10-01,CM,BSE,STK,536565,INE314I01036,NOVELIX,X,,,,,NOVELIX PHARMACEUTICALS LIMITE,70.5,70.5,66.01,70.0,70.0,70.0,,70.0,,,246,17213.0,17,F1,1,,,,,,False
2026-10-01,2026-10-01,CM,BSE,STK,536659,INE428B01021,PVVINFRA,X,,,,,PVV Infra Limited,2.24,2.24,2.15,2.16,2.16,2.19,,2.16,,,1168686,2546321.0,535,F1,1,,,,,,False
2026-10-01,2026-10-01,CM,BSE,STK,536672,INE962O01014,VCU,X,,,,,VCU DATA MANAGEMENT LTD,6.75,6.9,6.74,6.74,6.74,7.09,,6.74,,,14278,96291.0,72,F1,1,,,,,,False
2026-10-01,2026-10-01,CM,BSE,STK,536709,INE138O01029,INDRENEW,Z,,,,,IND Renewable Energy Ltd,14.35,14.35,13.91,13.91,13.91,14.64,,13.91,,,10614,148545.0,54,F1,1,,,,,,False
2026-10-01,2026-10-01,CM,BSE,STK,536737,INE218P01018,ACFSL,MT,,,,,AMRAPALI CAPITAL AND FINANCE S,92.0,92.0,83.3,83.3,83.3,87.63,,83.3,,,4800,426300.0,4,F1,1200,,,,,,False
2026-10-01,2026-10-01,CM,BSE,STK,536846,INE156M01017,YURANUS,XT,,,,,YURANUS INFRASTRUCTURE LTD,103.99,103.99,103.99,103.99,103.99,99.68,,103.99,,,3,311.0,2,F1,1,,,,,,False
2026-10-01,2026-10-01,CM,BSE,STK,536960,INF247L01023,MOM100,B,,,,,MOTILAL OSWAL MUTUAL FUND - MO,63.86,64.23,62.67,63.6,64.04,64.35,,63.69,,,153127,9683645.0,826,F1,1,,,,,,False
2026-10-01,2026-10-01,CM,BSE,STK,537007,INF109K012R6,NIFTYIETF,B,,,,,ICICI Prudential Nifty ETF,263.78,263.78,252.27,254.77,256.15,257.35,,255.1,,,84586,21568036.0,1130,F1,1,,,,,,False
2026-10-01,2026-10-01,CM,BSE,STK,537069,INE185K01036,ARNOLD,XT,,,,,ARNOLD HOLDINGS LTD,19.2,19.47,17.73,17.74,18.39,18.66,,17.74,,,13268,239305.0,51,F1,1,,,,,,False
2026-10-01,2026-10-01,CM,BSE,STK,537254,INE140B01048,JTLDEFENCE,XT,,,,,JTL DEFENCE LIMITED,743.0,743.0,713.9,713.9,713.9,728.45,,713.9,,,5732,4187452.0,184,F1,1,,,,,,False
2026-10-01,2026-10-01,CM,BSE,STK,537326,INE212P01011,CHEMTECH,X,,,,,CHEMTECH INDUSTRIAL VALVES LTD,59.75,59.75,53.9,55.79,55.79,57.27,,55.79,,,15343,860688.0,138,F1,1,,,,,,False
2026-10-01,2026-10-01,CM,BSE,STK,537392,INE392H01026,KETOMOTORS,XT,,,,,Keto Motors Limited,260.8,260.8,247.8,249.0,249.0,260.8,,249.0,,,2020,503204.0,69,F1,1,,,,,,False
2026-10-01,2026-10-01,CM,BSE,STK,537483,INF204K014N5,NIF100BEES,B,,,,,NIPPON INDIA ETF NIFTY 100,254.5,275.0,247.4,253.33,275.0,253.24,,252.35,,,5457,1366457.0,456,F1,1,,,,,,False
2026-10-01,2026-10-01,CM,BSE,STK,537536,INE051G01012,DENISCHEM,X,,,,,DENIS CHEM LAB LTD,69.99,69.99,67.02,67.41,68.19,67.81,,67.41,,,2965,199648.0,40,F1,1,,,,,,False
2026-10-01,2026-10-01,CM,BSE,STK,537669,INE920P01019,LAXMIPATI,MT,,,,,LAXMIPATI ENGINEERING WORKS LI,428.45,428.45,428.45,428.45,428.45,451.0,,428.45,,,1000,428450.0,2,F1,500,,,,,,False
2026-10-01,2026-10-01,CM,BSE,STK,537707,INE546I01025,LADDU,X,,,,,LADDU GOPAL ONLINE SERVICES LI,0.47,0.48,0.45,0.45,0.46,0.47,,0.45,,,342310,155551.0,194,F1,1,,,,,,False
2026-10-01,2026-10-01,CM,BSE,STK,537708,INF174K014P6,NIFTY1,B,,,,,KOTAK MAHINDRA MUTUAL FUND - K,251.35,251.73,247.71,249.95,250.0,251.29,,249.56,,,4076,1018803.0,154,F1,1,,,,,,False
2026-10-01,2026-10-01,CM,BSE,STK,537709,INE101H01013,HANSUGAR,XT,,,,,SHREE HANUMAN SUGAR & INDUSTRI,3.68,3.77,3.49,3.77,3.75,3.64,,3.77,,,14107,49832.0,57,F1,1,,,,,,False
2026-10-01,2026-10-01,CM,BSE,STK,537766,INE905P01028,BCP,X,,,,,B.C. POWER CONTROLS LTD,1.69,1.7,1.5,1.69,1.69,1.69,,1.69,,,248424,397313.0,163,F1,1,,,,,,False
2026-10-01,2026-10-01,CM,BSE,STK,537800,INE717C01025,MANGIND,X,,,,,MANGALAM INDUSTRIAL FINANCE LT,0.53,0.54,0.5,0.53,0.52,0.53,,0.53,,,6778649,3505032.0,808,F1,1,,,,,,False
2026-10-01,2026-10-01,CM,BSE,STK,537839,INE977M01024,HBGHOTELS,X,,,,,HBG HOTELS LIMITED,68.98,72.0,68.5,68.78,68.65,68.99,,68.78,,,7656,537246.0,53,F1,1,,,,,,False
2026-10-01,2026-10-01,CM,BSE,STK,537985,INE463B01036,INFRONICS,X,,,,,INFRONICS SYSTEMS LTD,22.31,22.31,20.28,20.3,21.45,21.34,,20.3,,,7072,144436.0,43,F1,1,,,,,,False
2026-10-01,2026-10-01,CM,BSE,STK,538057,INF457M01133,CPSEETF,B,,,,,CPSE ETF,88.38,90.64,88.38,89.71,89.71,90.65,,89.78,,,67498,6044361.0,1590,F1,1,,,,,,False
2026-10-01,2026-10-01,CM,BSE,STK,538081,INE493N01012,HARIAAPL,X,,,,,HARIA APPARELS LTD,4.98,4.98,4.82,4.82,4.82,4.98,,4.82,,,286,1392.0,5,F1,1,,,,,,False
2026-10-01,2026-10-01,CM,BSE,STK,538212,INE909D01026,SHARPINV,XT,,,,,SHARP INVESTMENTS LTD,0.3,0.32,0.3,0.32,0.32,0.31,,0.32,,,113691,34647.0,45,F1,1,,,,,,False
2026-10-01,2026-10-01,CM,BSE,STK,538273,INE401B01010,RESPONSINF,X,,,,,RESPONSE INFORMATICS LTD,19.86,19.86,19.66,19.66,19.66,19.95,,19.66,,,112,2203.0,4,F1,1,,,,,,False
2026-10-01,2026-10-01,CM,BSE,STK,538351,INE663P01015,AFEL,Z,,,,,A.F. ENTERPRISES LTD,1.61,1.76,1.61,1.76,1.76,1.69,,1.76,,,5350,8689.0,15,F1,1,,,,,,False
2026-10-01,2026-10-01,CM,BSE,STK,538382,INE266P01017,WESTLEIRES,X,,,,,WEST LEISURE RESORTS LTD,68.0,68.0,68.0,68.0,68.0,66.8,,68.0,,,1,68.0,1,F1,1,,,,,,False
2026-10-01,2026-10-01,CM,BSE,STK,538395,INE792G01011,NAM,XT,,,,,NAM SECURITIES LTD,83.0,83.0,83.0,83.0,83.0,84.9,,83.0,,,1,83.0,1,F1,1,,,,,,False
2026-10-01,2026-10-01,CM,BSE,STK,538401,INE318N01011,METSL,X,,,,,MAESTROS ELECTRONICS & TELECOM,121.0,124.75,111.1,121.45,120.0,228.05,,121.45,,,80289,9615780.0,1315,F1,1,,,,,,False
2026-10-01,2026-10-01,CM,BSE,STK,538422,INE508N01025,JACKSON,X,,,,,JACKSON INVESTMENTS LTD,0.37,0.38,0.35,0.36,0.36,0.38,,0.36,,,308175,110852.0,188,F1,1,,,,,,False
2026-10-01,2026-10-01,CM,BSE,STK,538451,INE114O01020,WORTH,X,,,,,WORTH INVESTMENT & TRADING CO,2.96,2.96,2.78,2.78,2.78,2.92,,2.78,,,411561,1156250.0,301,F1,1,,,,,,False
2026-10-01,2026-10-01,CM,BSE,STK,538464,INE901C01017,TPROJECT,X,,,,,THIRANI PROJECTS LTD,3.05,3.29,3.05,3.16,3.16,3.39,,3.16,,,3500,10785.0,11,F1,1,,,,,,False
2026-10-01,2026-10-01,CM,BSE,STK,538476,INE172D01021,CTL,XT,,,,,CAPITAL TRADE LINKS LTD,29.44,29.44,27.2,27.51,27.53,28.39,,27.51,,,12418,343894.0,203,F1,1,,,,,,False
2026-10-01,2026-10-01,CM,BSE,STK,538496,INE849M01017,TARINI,M,,,,,TARINI INTERNATIONAL LTD,8.65,8.65,6.69,6.7,6.7,7.47,,6.7,,,12000,87570.0,4,F1,3000,,,,,,False
2026-10-01,2026-10-01,CM,BSE,STK,538520,INE857P01021,SBL,X,,,,,SHIVAMSHREE BUSINESSES LIMITED,1.88,1.96,1.78,1.95,1.78,1.87,,1.95,,,18760,35064.0,19,F1,1,,,,,,False
2026-10-01,2026-10-01,CM,BSE,STK,538521,INE969E01010,YAANENT,XT,,,,,YAAN ENTERPRISES LIMITED,162.95,165.0,160.0,164.05,161.05,162.95,,164.05,,,2135,349106.0,20,F1,1,,,,,,False
2026-10-01,2026-10-01,CM,BSE,STK,538539,INE075K01013,ANVRDHI,X,,,,,ANNVRRIDHHI VENTURES LIMITED,11.03,11.49,10.31,11.02,11.39,11.03,,11.02,,,14603,161815.0,70,F1,1,,,,,,False
2026-10-01,2026-10-01,CM,BSE,STK,538540,INE516P01015,RAAMA,X,,,,,RAAMA FINANCE LIMITED,14.17,14.87,13.47,13.55,13.62,14.17,,13.55,,,183137,2609533.0,345,F1,1,,,,,,False
2026-10-01,2026-10-01,CM,BSE,STK,538542,INE634J01027,GOLDCOINHF,X,,,,,GOLD COIN HEALTH FOODS LTD,33.15,34.97,29.85,32.79,32.93,32.84,,32.79,,,380,11962.0,28,F1,1,,,,,,False
2026-10-01,2026-10-01,CM,BSE,STK,538546,INE319Q01012,BRPL,B,,,,,BANSAL ROOFING PRODUCTS LTD,173.6,173.6,165.75,168.45,169.95,171.05,,168.45,,,10207,1734425.0,245,F1,1,,,,,,False
2026-10-01,2026-10-01,CM,BSE,STK,538556,INE510P01018,ARMAN,X,,,,,ARMAN HOLDINGS LTD,134.9,135.0,131.9,134.15,134.15,134.15,,134.15,,,31426,4192224.0,90,F1,1,,,,,,False
2026-10-01,2026-10-01,CM,BSE,STK,538563,INE673E01018,SMTEL,X,,,,,SMT ENGINEERING LIMITED,331.8,331.8,325.0,330.15,330.15,330.15,,330.15,,,106,34974.0,4,F1,1,,,,,,False
2026-10-01,2026-10-01,CM,BSE,STK,538564,INE718P01017,JAMESWARREN,X,,,,,JAMES WARREN TEA LTD,252.95,253.7,249.3,252.2,252.9,252.95,,252.2,,,86,21720.0,18,F1,1,,,,,,False
2026-10-01,2026-10-01,CM,BSE,STK,538565,INE878P01019,VISTARAMAR,X,,,,,Vistar Amar Limited,176.65,177.9,170.1,174.35,175.0,176.65,,174.35,,,10383,1788959.0,107,F1,1,,,,,,False
2026-10-01,2026-10-01,CM,BSE,STK,538568,INE836C01015,FRUTION,XT,,,,,FRUITION VENTURE LTD,29.0,30.5,29.0,29.88,30.5,29.5,,29.88,,,7,206.0,4,F1,1,,,,,,False
2026-10-01,2026-10-01,CM,BSE,STK,538569,INE916P01025,TRIVENIENT,X,,,,,TRIVENI ENTERPRISES LTD,0.95,0.95,0.82,0.95,0.95,0.95,,0.95,,,5509,5103.0,20,F1,1,,,,,,False
2026-10-01,2026-10-01,CM,BSE,STK,538596,INE222B01028,CEMAINFRA,X,,,,,CEMANTIC INFRA-TECH LIMITED,5.0,5.0,5.0,5.0,5.0,5.0,,5.0,,,21,105.0,2,F1,1,,,,,,False
2026-10-01,2026-10-01,CM,BSE,STK,538597,INE404F01031,TTIENT,X,,,,,TTI ENTERPRISE LTD,7.86,7.86,7.08,7.1,7.44,7.86,,7.1,,,5032,36594.0,30,F1,1,,,,,,False
2026-10-01,2026-10-01,CM,BSE,STK,538609,INE868G01019,GAJANANSEC,X,,,,,GAJANAN SECURITIES SERVICES LT,52.95,52.95,50.1,51.9,51.9,52.11,,51.9,,,554,28208.0,18,F1,1,,,,,,False
2026-10-01,2026-10-01,CM,BSE,STK,538610,INE099D01026,UNISON,XT,,,,,UNISON METALS LTD,0.88,0.88,0.82,0.82,0.82,0.86,,0.82,,,458048,377930.0,281,F1,1,,,,,,False
2026-10-01,2026-10-01,CM,BSE,STK,538611,INE840I01014,RTFL,Z,,,,,Real Touch Finance Limited,36.01,37.81,34.23,35.0,35.0,36.01,,35.0,,,1160,40547.0,9,F1,1,,,,,,False
2026-10-01,2026-10-01,CM,BSE,STK,538634,INE406F01010,VRL,X,,,,,VASUNDHARA RASAYANS LTD,160.8,160.8,144.0,144.4,149.9,149.0,,144.4,,,1212,183078.0,30,F1,1,,,,,,False
2026-10-01,2026-10-01,CM,BSE,STK,538646,INE837C01013,QGO,X,,,,,QGO FINANCE LIMITED,39.47,39.98,37.36,39.9,39.9,39.07,,39.9,,,121,4742.0,19,F1,1,,,,,,False
2026-10-01,2026-10-01,CM,BSE,STK,538647,INE729C01020,PURSHOTTAM,X,,,,,PURSHOTTAM INVESTOFIN LTD,37.85,38.0,33.0,33.27,33.0,35.85,,33.27,,,221,7813.0,15,F1,1,,,,,,False
2026-10-01,2026-10-01,CM,BSE,STK,538674,INE158C01014,CITYONLINE,Z,,,,,City Online Services Limited,7.7,7.7,7.35,7.35,7.35,7.7,,7.35,,,564,4316.0,6,F1,1,,,,,,False
2026-10-01,2026-10-01,CM,BSE,STK,538706,INE010R01023,ULTRACAB,X,,,,,Ultracab (India) Limited,8.31,8.31,7.68,7.82,7.9,8.12,,7.82,,,234477,1853076.0,560,F1,1,,,,,,False
2026-10-01,2026-10-01,CM,BSE,STK,538708,INE937K01014,ETIL,X,,,,,Econo Trade (India) Limited,6.44,6.44,6.13,6.35,6.35,6.41,,6.35,,,5840,36691.0,16,F1,1,,,,,,False
2026-10-01,2026-10-01,CM,BSE,STK,538713,INE011R01013,ATISHAY,X,,,,,Atishay Limited,138.4,141.85,137.05,141.8,141.85,137.05,,141.8,,,821,114772.0,25,F1,1,,,,,,False
2026-10-01,2026-10-01,CM,BSE,STK,538714,INE475D01010,SANGAMFIN,X,,,,,Sangam Finserv Limited,35.0,38.0,34.2,37.86,34.2,35.58,,37.86,,,420,15776.0,14,F1,1,,,,,,False
2026-10-01,2026-10-01,CM,BSE,STK,538716,INE229R01011,ARYACAPM,B,,,,,Aryaman Capital Markets Limite,400.0,419.0,400.0,419.0,419.0,424.0,,419.0,,,7,2840.0,5,F1,1,,,,,,False
2026-10-01,2026-10-01,CM,BSE,STK,538742,INE516E01019,PANABYTE,XT,,,,,PANABYTE TECHNOLOGIES LIMITED,18.04,18.04,17.15,17.99,17.99,18.05,,17.99,,,2868,49964.0,19,F1,1,,,,,,False
2026-10-01,2026-10-01,CM,BSE,STK,538743,INE491C01027,MUDUNURU,XT,,,,,Mudunuru Limited,6.57,6.57,6.57,6.57,6.57,6.91,,6.57,,,62,407.0,2,F1,1,,,,,,False
2026-10-01,2026-10-01,CM,BSE,STK,538770,INE176L01017,CRANEINFRA,X,,,,,Crane Infrastructure Limited,12.2,12.2,10.8,11.5,11.5,12.0,,11.5,,,354,4003.0,7,F1,1,,,,,,False
2026-10-01,2026-10-01,CM,BSE,STK,538772,INE480D01010,NIYOGIN,X,,,,,Niyogin Fintech Limited,52.99,52.99,48.06,48.44,48.44,52.13,,48.44,,,125310,6243101.0,1183,F1,1,,,,,,False
2026-10-01,2026-10-01,CM,BSE,STK,538778,INE149Q01021,KALYANCAP,X,,,,,Kalyan Capitals Limited,6.54,6.75,6.12,6.49,6.49,6.54,,6.49,,,19743,126629.0,85,F1,1,,,,,,False
2026-10-01,2026-10-01,CM,BSE,STK,538786,INE473L01018,CITIZEN,X,,,,,Citizen Solar Limited,166.0,166.0,157.7,160.8,165.0,166.0,,160.8,,,751,119844.0,32,F1,1,,,,,,False
2026-10-01,2026-10-01,CM,BSE,STK,538787,INE997C01015,GBFL,X,,,,,Goenka Business & Finance Limi,14.33,15.48,13.8,14.47,14.18,14.83,,14.47,,,35441,516532.0,298,F1,1,,,,,,False
2026-10-01,2026-10-01,CM,BSE,STK,538788,INE918C01029,GILADAFINS,X,,,,,Gilada Finance & Investments L,13.7,13.7,11.41,12.2,12.2,11.53,,12.2,,,10991,133539.0,35,F1,1,,,,,,False
2026-10-01,2026-10-01,CM,BSE,STK,538812,INE322R01022,AANCHALISP,XT,,,,,Aanchal Ispat Limited,64.98,65.3,62.2,62.21,62.2,64.47,,62.21,,,3478,223637.0,37,F1,1,,,,,,False
2026-10-01,2026-10-01,CM,BSE,STK,538817,INE513R01026,CAPPIPES,B,,,,,Captain Pipes Limited,8.01,8.01,7.71,7.77,7.75,7.84,,7.77,,,51940,406164.0,304,F1,1,,,,,,False
2026-10-01,2026-10-01,CM,BSE,STK,538833,INE891N01017,KAIZENAGRO,XT,,,,,KAIZEN AGRO INFRABUILD LIMITED,9.26,9.26,9.26,9.26,9.26,9.26,,9.26,,,527,4880.0,5,F1,1,,,,,,False
2026-10-01,2026-10-01,CM,BSE,STK,538834,INE242Q01016,JMJFIN,X,,,,,JMJ Fintech Limited,9.8,9.8,9.21,9.31,9.31,9.49,,9.31,,,5534,51871.0,83,F1,1,,,,,,False
2026-10-01,2026-10-01,CM,BSE,STK,538837,INE237B01018,JSTL,X,,,,,Jeevan Scientific Technology L,85.0,87.8,82.77,84.71,84.71,85.18,,84.71,,,64979,5602058.0,206,F1,1,,,,,,False
2026-10-01,2026-10-01,CM,BSE,STK,538838,INE407P01017,ICL,X,,,,,Indo Cotspin Limited,31.5,31.5,31.5,31.5,31.5,31.97,,31.5,,,10,315.0,1,F1,1,,,,,,False
2026-10-01,2026-10-01,CM,BSE,STK,538857,INE892C01018,SCC,X,,,,,Scintilla Commercial & Credit,9.0,9.0,7.98,8.4,8.4,8.86,,8.4,,,5415,43352.0,33,F1,1,,,,,,False
2026-10-01,2026-10-01,CM,BSE,STK,538860,INE655P01029,PANAFIC,XT,,,,,PANAFIC INDUSTRIALS LTD,2.28,2.28,2.28,2.28,2.28,2.32,,2.28,,,531271,1211297.0,53,F1,1,,,,,,False
2026-10-01,2026-10-01,CM,BSE,STK,538862,INE232L01018,MYMONEY,X,,,,,My Money Securities Ltd.,33.29,36.61,32.7,34.51,34.51,33.29,,34.51,,,16475,583911.0,123,F1,1,,,,,,False
2026-10-01,2026-10-01,CM,BSE,STK,538868,INE183Q01020,CSL,XT,,,,,Continental Securities Limited,21.75,22.2,20.31,21.97,21.97,21.37,,21.97,,,160909,3404979.0,437,F1,1,,,,,,False
2026-10-01,2026-10-01,CM,BSE,STK,538874,INE370Q01015,NEXUSSURGL,XT,,,,,NEXUS SURGICAL AND MEDICARE LI,32.4,32.83,31.2,31.49,32.8,31.27,,31.49,,,12124,393373.0,102,F1,1,,,,,,False
2026-10-01,2026-10-01,CM,BSE,STK,538881,INE243E01010,GALADAFIN,X,,,,,Galada Finance Limited,29.92,29.92,27.1,29.5,29.5,28.5,,29.5,,,156,4242.0,7,F1,1,,,,,,False
2026-10-01,2026-10-01,CM,BSE,STK,538882,INE030Q01015,EMERALD,X,,,,,Emerald Finance Limited,62.5,62.5,56.15,58.72,58.94,62.64,,58.72,,,45760,2760911.0,374,F1,1,,,,,,False
2026-10-01,2026-10-01,CM,BSE,STK,538894,INE513C01010,OCTAL,X,,,,,Octal Credit Capital Ltd.,17.16,17.16,17.16,17.16,17.16,17.16,,17.16,,,19,326.0,1,F1,1,,,,,,False
2026-10-01,2026-10-01,CM,BSE,STK,538895,INE779Q01017,MIHIKA,XT,,,,,Mihika Industries Ltd.,11.55,11.55,10.9,11.45,11.45,11.42,,11.45,,,1004,10945.0,4,F1,1,,,,,,False
2026-10-01,2026-10-01,CM,BSE,STK,538897,INE201F01015,SHRINIWAS,XT,,,,,Shri Niwas Leasing and Finance,18.24,18.24,18.18,18.23,18.23,17.38,,18.23,,,3121,56908.0,16,F1,1,,,,,,False
2026-10-01,2026-10-01,CM,BSE,STK,538918,INE661Q01017,VANICOM,X,,,,,Vani Commercials Limited,8.75,8.75,8.59,8.59,8.59,8.35,,8.59,,,75,645.0,3,F1,1,,,,,,False
2026-10-01,2026-10-01,CM,BSE,STK,538922,INE029B01019,COSYN,X,,,,,COSYN Limited,20.85,21.5,20.85,21.5,21.5,20.99,,21.5,,,272,5764.0,6,F1,1,,,,,,False
2026-10-01,2026-10-01,CM,BSE,STK,538923,INE499Q01012,SOFCOM,XT,,,,,SOFCOM SYSTEMS LIMITED,18.83,19.05,17.5,18.88,19.04,18.17,,18.88,,,120759,2224678.0,185,F1,1,,,,,,False
2026-10-01,2026-10-01,CM,BSE,STK,538926,INE223R01022,NAPL,X,,,,,Naturite Agro Products Limited,78.0,88.78,74.16,77.9,77.9,81.15,,77.9,,,79658,6262807.0,570,F1,1,,,,,,False
2026-10-01,2026-10-01,CM,BSE,STK,538928,INE554R01020,KARNAVATI,X,,,,,Karnavati Finance Limited,1.43,1.43,1.28,1.39,1.39,1.32,,1.39,,,37270,50166.0,51,F1,1,,,,,,False
2026-10-01,2026-10-01,CM,BSE,STK,538935,INE723C01015,ABHIFIN,X,,,,,Abhishek Finlease limited,73.5,73.5,73.5,73.5,73.5,73.5,,73.5,,,101,7423.0,3,F1,1,,,,,,False
2026-10-01,2026-10-01,CM,BSE,STK,538952,INE211D01027,ALFL,X,,,,,Abhinav Leasing & Finance Limi,1.1,1.1,1.1,1.1,1.1,1.16,,1.1,,,319,350.0,7,F1,1,,,,,,False
2026-10-01,2026-10-01,CM,BSE,STK,538964,INE947G01011,MERCURYLAB,X,,,,,Mercury Laboratories Limited,748.0,748.0,748.0,748.0,748.0,750.0,,748.0,,,3,2244.0,1,F1,1,,,,,,False
2026-10-01,2026-10-01,CM,BSE,STK,538965,INE858L01010,CONCORD,X,,,,,Concord Drugs Limited,73.06,76.88,71.15,75.7,75.7,74.53,,75.7,,,3387,247971.0,56,F1,1,,,,,,False
2026-10-01,2026-10-01,CM,BSE,STK,538975,INE397C01026,SHREESEC,Z,,,,,Shree Securities Ltd.,0.19,0.19,0.19,0.19,0.19,0.19,,0.19,,,35125,6673.0,51,F1,1,,,,,,False
2026-10-01,2026-10-01,CM,BSE,STK,538987,INE717E01013,TALBROSENG,X,,,,,TALBROS ENGINEERING LIMITED,658.95,658.95,635.3,654.35,657.2,649.75,,654.35,,,5245,3401121.0,144,F1,1,,,,,,False
2026-10-01,2026-10-01,CM,BSE,STK,538992,INE002E01010,SAPL,XT,,,,,Sar  Auto Products Limited,8900.0,8999.8,8149.1,8149.1,8149.1,8577.95,,8149.1,,,218,1890034.0,94,F1,1,,,,,,False
2026-10-01,2026-10-01,CM,BSE,STK,539011,INE777O01016,CHENFERRO,X,,,,,CHENNAI FERROUS INDUSTRIES LIM,73.0,73.0,68.2,70.0,70.0,73.01,,70.0,,,1137,78721.0,51,F1,1,,,,,,False
2026-10-01,2026-10-01,CM,BSE,STK,539012,INE756R01013,MEGRISOFT,X,,,,,Megri Soft Limited,77.75,82.95,76.0,76.88,79.99,83.9,,76.88,,,861,66593.0,28,F1,1,,,,,,False
2026-10-01,2026-10-01,CM,BSE,STK,539013,INE776O01018,GITARENEW,X,,,,,GITA RENEWABLE ENERGY LIMITED,66.0,67.0,62.81,63.21,62.81,65.5,,63.21,,,518,34306.0,18,F1,1,,,,,,False
2026-10-01,2026-10-01,CM,BSE,STK,539014,INE059Q01014,KALPACOMME,X,,,,,Kalpa Commercial Limited,7.5,8.99,7.5,8.99,8.99,7.5,,8.99,,,8,70.0,2,F1,1,,,,,,False
2026-10-01,2026-10-01,CM,BSE,STK,539016,INE396C01010,NEIL,X,,,,,Neil Industries Ltd.,6.3,6.4,6.3,6.39,6.39,6.3,,6.39,,,339,2164.0,11,F1,1,,,,,,False
2026-10-01,2026-10-01,CM,BSE,STK,539017,INE526R01028,STARHFL,X,,,,,STAR HOUSING FINANCE LIMITED,4.15,4.15,3.91,4.09,4.09,4.07,,4.09,,,54996,221784.0,114,F1,1,,,,,,False
2026-10-01,2026-10-01,CM,BSE,STK,539032,INE184Q01010,FRASER,X,,,,,Fraser And Company Limited,8.75,8.76,8.6,8.76,8.76,8.35,,8.76,,,9439,81457.0,20,F1,1,,,,,,False
2026-10-01,2026-10-01,CM,BSE,STK,539040,INE812Q01016,TIRUPATIIN,X,,,,,TIRUPATI INNOVAR LIMITED,6.48,6.49,6.23,6.41,6.41,6.49,,6.41,,,62779,397746.0,280,F1,1,,,,,,False
2026-10-01,2026-10-01,CM,BSE,STK,539041,INE369Q01017,GANVERSE,M,,,,,GANESHA ECOVERSE LIMITED,23.95,23.95,23.01,23.01,23.01,23.01,,23.01,,,3750,87462.0,3,F1,1250,,,,,,False
2026-10-01,2026-10-01,CM,BSE,STK,539090,INE751R01014,RAJPUTANA,X,,,,,Rajputana Investment and Finan,32.7,33.6,30.27,30.56,30.55,32.09,,30.56,,,5987,187786.0,65,F1,1,,,,,,False
2026-10-01,2026-10-01,CM,BSE,STK,539091,INE187R01029,CCDL,XT,,,,,Consecutive Commodities Limite,0.96,0.96,0.94,0.94,0.94,0.98,,0.94,,,2744041,2586998.0,666,F1,1,,,,,,False
2026-10-01,2026-10-01,CM,BSE,STK,539097,INE904R01027,URSUGAR,T,,,,,UR SUGAR INDUSTRIES LIMITED,3.05,3.05,2.85,2.91,2.99,2.99,,2.91,,,10188,29830.0,65,F1,1,,,,,,False
2026-10-01,2026-10-01,CM,BSE,STK,539098,INE541R01019,FILTRA,M,,,,,Filtra Consultants and Enginee,58.09,64.79,58.09,64.79,64.79,56.5,,64.79,,,4000,245760.0,2,F1,2000,,,,,,False
2026-10-01,2026-10-01,CM,BSE,STK,539099,INE291R01011,ATHCON,M,,,,,Athena Constructions Limited,3.61,3.67,3.61,3.67,3.67,3.98,,3.67,,,5000,18200.0,2,F1,2500,,,,,,False
2026-10-01,2026-10-01,CM,BSE,STK,539110,INE736P01019,NORTHLINK,Z,,,,,Northlink Fiscal And Capital S,35.0,35.0,35.0,35.0,35.0,35.71,,35.0,,,1,35.0,1,F1,1,,,,,,False
2026-10-01,2026-10-01,CM,BSE,STK,539111,INE193R01019,SHESHAINDS,X,,,,,SHESHADRI INDUSTRIES LIMITED,15.4,15.4,15.4,15.4,15.4,15.4,,15.4,,,300,4620.0,4,F1,1,,,,,,False
2026-10-01,2026-10-01,CM,BSE,STK,539115,INE273F01022,ALANSCOTT,XT,,,,,ALAN SCOTT ENTERPRISES LIMITED,314.75,314.75,308.5,310.0,310.0,314.75,,310.0,,,82,25379.0,4,F1,1,,,,,,False
2026-10-01,2026-10-01,CM,BSE,STK,539117,INE029H01016,SUJALA,X,,,,,Sujala Trading & Holding Ltd.,12.68,12.7,12.04,12.31,12.33,12.67,,12.31,,,38056,468055.0,120,F1,1,,,,,,False
2026-10-01,2026-10-01,CM,BSE,STK,539120,INE578R01011,GRAMEVA,XT,,,,,GRAMEVA LIMITED,79.98,79.98,79.7,79.7,79.7,77.99,,79.7,,,43,3427.0,4,F1,1,,,,,,False
2026-10-01,2026-10-01,CM,BSE,STK,539121,INE239L01013,PALCO,X,,,,,Palco Metals Limited,165.2,184.5,165.2,183.45,184.5,172.2,,183.45,,,11659,2085520.0,182,F1,1,,,,,,False
2026-10-01,2026-10-01,CM,BSE,STK,539122,INE104F01029,BODHTREE,X,,,,,Bodhtree Consulting Limited,13.4,13.4,11.5,12.67,13.0,12.98,,12.67,,,4968,62112.0,46,F1,1,,,,,,False
2026-10-01,2026-10-01,CM,BSE,STK,539123,INE334E01017,VBIND,X,,,,,V B INDUSTRIES LIMITED,8.74,8.9,8.3,8.9,8.9,8.65,,8.9,,,7561,64213.0,25,F1,1,,,,,,False
2026-10-01,2026-10-01,CM,BSE,STK,539124,INE822Q01015,SARVOTTAM,X,,,,,Survottam Finvest Ltd.,18.98,18.98,17.0,18.0,18.0,17.12,,18.0,,,158,2734.0,9,F1,1,,,,,,False
2026-10-01,2026-10-01,CM,BSE,STK,539132,INE761D01021,WARDWIZFBL,X,,,,,Wardwizard Foods and Beverages,8.42,8.64,8.22,8.29,8.38,8.47,,8.29,,,74087,620781.0,131,F1,1,,,,,,False
2026-10-01,2026-10-01,CM,BSE,STK,539143,INE945O01019,PANTH,X,,,,,PANTH INFINITY LIMITED,11.24,11.24,10.41,10.52,10.55,10.95,,10.52,,,39885,421482.0,150,F1,1,,,,,,False
2026-10-01,2026-10-01,CM,BSE,STK,539149,INE682B01023,ICSL,X,,,,,Integrated Capital Services Lt,3.67,4.0,3.67,3.9,3.9,4.0,,3.9,,,1741,6488.0,14,F1,1,,,,,,False
2026-10-01,2026-10-01,CM,BSE,STK,539174,INE738P01015,HELPAGE,X,,,,,Helpage Finlease Ltd.,23.99,23.99,21.66,22.67,23.99,23.99,,22.67,,,26,600.0,7,F1,1,,,,,,False
2026-10-01,2026-10-01,CM,BSE,STK,539176,INE230I01018,HAWAENG,X,,,,,Hawa Engineers ltd.,81.5,89.0,81.5,83.45,81.6,81.52,,83.45,,,2518,211155.0,36,F1,1,,,,,,False
2026-10-01,2026-10-01,CM,BSE,STK,539189,INE578L01014,ADHBHUTIN,X,,,,,Adhbhut Infrastructure Ltd.,11.16,13.06,11.16,12.97,12.97,11.88,,12.97,,,1105,14422.0,7,F1,1,,,,,,False
2026-10-01,2026-10-01,CM,BSE,STK,539190,INE848N01017,DFL,X,,,,,Decillion Finance Ltd.,41.21,41.21,41.21,41.21,41.21,41.21,,41.21,,,239,9849.0,3,F1,1,,,,,,False
2026-10-01,2026-10-01,CM,BSE,STK,539196,INE829P01020,AEL,X,,,,,Amba Enterprises Ltd.,118.9,119.8,116.15,118.85,119.3,119.25,,118.85,,,7037,834477.0,77,F1,1,,,,,,False
2026-10-01,2026-10-01,CM,BSE,STK,539200,INE203Q01026,NOBPOL,XT,,,,,NOBLE POLYMERS LIMITED,17.6,17.6,17.6,17.6,17.6,17.26,,17.6,,,17829,313790.0,17,F1,1,,,,,,False
2026-10-01,2026-10-01,CM,BSE,STK,539206,INE574D01010,GVBL,X,,,,,GENOMIC VALLEY BIOTECH LIMITED,30.55,31.5,28.88,28.88,28.88,30.39,,28.88,,,15,440.0,5,F1,1,,,,,,False
2026-10-01,2026-10-01,CM,BSE,STK,539216,INE653S01028,GARMNTMNTR,X,,,,,GARMENT MANTRA LIFESTYLE LIMIT,1.03,1.14,1.03,1.1,1.11,1.01,,1.1,,,1125132,1217451.0,483,F1,1,,,,,,False
2026-10-01,2026-10-01,CM,BSE,STK,539217,INE606K01049,SRESTHA,X,,,,,Srestha Finvest Limited,0.25,0.25,0.24,0.24,0.24,0.25,,0.24,,,2897147,699378.0,418,F1,1,,,,,,False
2026-10-01,2026-10-01,CM,BSE,STK,539218,INE563C01015,SAUMYA,X,,,,,Saumya Consultants Ltd.,112.5,119.7,111.4,119.7,119.7,117.15,,119.7,,,126,14048.0,5,F1,1,,,,,,False
2026-10-01,2026-10-01,CM,BSE,STK,539219,INE150D01027,MUL,X,,,,,MAURIA UDYOG LIMITED,6.94,7.25,6.75,6.99,7.11,6.91,,6.99,,,16768,116964.0,103,F1,1,,,,,,False
2026-10-01,2026-10-01,CM,BSE,STK,539220,INE540S01019,MISHKA,X,,,,,Mishka Exim Limited,38.4,43.01,38.4,43.01,43.01,45.15,,43.01,,,652,27731.0,13,F1,1,,,,,,False
2026-10-01,2026-10-01,CM,BSE,STK,539222,INE451S01027,GROWINGTON,B,,,,,GROWINGTON VENTURES INDIA LIMI,0.78,0.8,0.74,0.78,0.78,0.8,,0.78,,,6828024,5206845.0,863,F1,1,,,,,,False
2026-10-01,2026-10-01,CM,BSE,STK,539224,INE345Q01017,HCKKVENTURE,XT,,,,,HCKK Ventures Limited,32.97,32.97,32.97,32.97,32.97,32.33,,32.97,,,5074,167289.0,3,F1,1,,,,,,False
2026-10-01,2026-10-01,CM,BSE,STK,539227,INE876S01017,LOYAL,X,,,,,Loyal Equipments Limited,146.0,146.0,120.0,135.5,135.75,143.25,,135.5,,,9984,1313859.0,188,F1,1,,,,,,False
2026-10-01,2026-10-01,CM,BSE,STK,539228,INE480S01026,GGPL,Z,,,,,Gala Global Products Limited,1.26,1.3,1.18,1.24,1.25,1.24,,1.24,,,122317,147638.0,86,F1,1,,,,,,False
2026-10-01,2026-10-01,CM,BSE,STK,539230,INE829R01018,CHEMIESYNT,XT,,,,,Chemiesynth (Vapi) Limited,103.64,103.64,103.64,103.64,103.64,98.71,,103.64,,,5,518.0,1,F1,1,,,,,,False
2026-10-01,2026-10-01,CM,BSE,STK,539255,INE541K01014,STARDELTA,X,,,,,STAR DELTA TRANSFORMERS LIMITE,449.0,449.0,429.95,433.25,433.25,437.3,,433.25,,,958,415717.0,94,F1,1,,,,,,False
2026-10-01,2026-10-01,CM,BSE,STK,539265,INE990S01016,AMRAFIN,MT,,,,,Amrapali Fincap Limited,40.46,40.46,40.46,40.46,40.46,38.54,,40.46,,,1200,48552.0,1,F1,1200,,,,,,False
2026-10-01,2026-10-01,CM,BSE,STK,539267,INE579N01018,SAMSRITA,X,,,,,SAMSRITA LABS LIMITED,11.54,12.28,11.2,11.76,11.76,11.78,,11.76,,,2050,23007.0,19,F1,1,,,,,,False
2026-10-01,2026-10-01,CM,BSE,STK,539278,INE653R01012,SYMBIOX,X,,,,,Symbiox Investment & Trading C,1.82,1.94,1.52,1.52,1.52,1.81,,1.52,,,10118,17902.0,31,F1,1,,,,,,False
2026-10-01,2026-10-01,CM,BSE,STK,539310,INE365S01045,THINKINK,X,,,,,THINKINK PICTUREZ LIMITED,0.19,0.19,0.19,0.19,0.19,0.19,,0.19,,,436398,82915.0,126,F1,1,,,,,,False
2026-10-01,2026-10-01,CM,BSE,STK,539314,INE203T01012,UNIAUTO,B,,,,,Universal Autofoundry Limited,51.01,53.25,48.0,48.91,49.21,52.01,,48.91,,,22547,1119456.0,161,F1,1,,,,,,False
2026-10-01,2026-10-01,CM,BSE,STK,539337,INE725P01012,WAAREE,M,,,,,WAAREE TECHNOLOGIES LIMITED,206.95,206.95,197.1,199.8,199.8,207.05,,199.8,,,4725,955377.0,26,F1,175,,,,,,False
2026-10-01,2026-10-01,CM,BSE,STK,539353,INE724G01014,SALAUTO,X,,,,,SAL AUTOMOTIVE LIMITED,190.1,192.0,190.1,191.05,191.05,192.1,,191.05,,,407,77758.0,6,F1,1,,,,,,False
2026-10-01,2026-10-01,CM,BSE,STK,539383,INE019D01016,MAHAVEER,Z,,,,,Mahaveer Infoway Limited,11.23,11.23,10.91,11.2,11.2,10.7,,11.2,,,24,266.0,7,F1,1,,,,,,False
2026-10-01,2026-10-01,CM,BSE,STK,539391,INE636B01011,ACME,Z,,,,,Acme Resources Limited,28.57,28.57,28.0,28.57,28.57,27.21,,28.57,,,102,2913.0,11,F1,1,,,,,,False
2026-10-01,2026-10-01,CM,BSE,STK,539398,INE060T01024,VISHALBL,B,,,,,Vishal Bearings Limited,53.79,54.82,49.53,54.58,54.6,52.0,,54.58,,,4089,216652.0,91,F1,1,,,,,,False
2026-10-01,2026-10-01,CM,BSE,STK,539402,INE256S01012,NAKSH,Z,,,,,Naksh Precious Metals Limited,3.53,3.75,3.42,3.42,3.42,3.6,,3.42,,,2140,7377.0,19,F1,1,,,,,,False
2026-10-01,2026-10-01,CM,BSE,STK,539405,INE183R01010,DITCO,X,,,,,Decorous Investment and Tradin,12.85,12.85,12.01,12.13,12.01,12.85,,12.13,,,2909,36657.0,7,F1,1,,,,,,False
2026-10-01,2026-10-01,CM,BSE,STK,539406,INE150R01019,SWAGTAM,X,,,,,Swagatam Trading & Services Li,76.89,76.89,75.99,75.99,75.99,73.23,,75.99,,,256,19678.0,4,F1,1,,,,,,False
2026-10-01,2026-10-01,CM,BSE,STK,539408,INE594R01018,KUBERJI,XT,,,,,Kuber Udyog Limited,69.27,69.27,69.2,69.27,69.27,65.98,,69.27,,,28769,1992729.0,108,F1,1,,,,,,False
2026-10-01,2026-10-01,CM,BSE,STK,539428,INE030T01027,TEJNAKSH,X,,,,,Tejnaksh Healthcare Limited,12.63,13.44,12.15,12.54,12.7,13.1,,12.54,,,9323,116872.0,56,F1,1,,,,,,False
2026-10-01,2026-10-01,CM,BSE,STK,539435,INE201C01012,RFSL,X,,,,,Richfield Financial Services L,18.19,19.0,17.29,18.69,18.69,18.19,,18.69,,,2669,47323.0,10,F1,1,,,,,,False
2026-10-01,2026-10-01,CM,BSE,STK,539449,INE099S01016,IGCIL,X,,,,,IGC Industries Limited,1.94,1.98,1.73,1.84,1.83,1.94,,1.84,,,141085,256420.0,143,F1,1,,,,,,False
2026-10-01,2026-10-01,CM,BSE,STK,539455,INE360S01012,ECOFINITY,X,,,,,ECOFINITY ATOMIX LIMITED,73.4,73.4,68.01,69.82,71.18,71.31,,69.82,,,7239,505759.0,24,F1,1,,,,,,False
2026-10-01,2026-10-01,CM,BSE,STK,539470,INE051N01026,SHREEGANES,X,,,,,Shree Ganesh Biotech (India) L,0.47,0.48,0.47,0.47,0.47,0.47,,0.47,,,298377,140830.0,220,F1,1,,,,,,False
2026-10-01,2026-10-01,CM,BSE,STK,539479,INE910R01024,GTV,X,,,,,GTV Engineering Limited,70.6,70.6,67.55,67.97,67.97,68.72,,67.97,,,177531,12250320.0,1464,F1,1,,,,,,False
2026-10-01,2026-10-01,CM,BSE,STK,539480,INF767K01OS7,LICNETFN50,B,,,,,LIC MF EXHGE TRADED FUND-NIFTY,254.41,254.41,253.74,253.74,253.74,256.58,,253.45,,,11,2791.0,2,F1,1,,,,,,False
2026-10-01,2026-10-01,CM,BSE,STK,539486,INE263R01010,GEETANJ,X,,,,,Geetanjali Credit And Capital,9.83,9.83,9.83,9.83,9.83,9.37,,9.83,,,289,2840.0,2,F1,1,,,,,,False
2026-10-01,2026-10-01,CM,BSE,STK,539487,INF767K01OT5,LICNETFSEN,B,,,,,LIC MF EXCHNG TRADED FUND-SENS,822.14,822.39,804.16,814.82,814.82,827.72,,817.87,,,54,43764.0,14,F1,1,,,,,,False
2026-10-01,2026-10-01,CM,BSE,STK,539492,INE721C01019,GARBIFIN,X,,,,,Garbi Finvest Limited,8.72,8.99,8.72,8.89,8.89,8.9,,8.89,,,276,2439.0,12,F1,1,,,,,,False
2026-10-01,2026-10-01,CM,BSE,STK,539494,INE766D01020,SMARTFIN,X,,,,,Smart Finsec Limited,7.9,8.38,7.9,8.06,8.06,7.99,,8.06,,,2764,22177.0,50,F1,1,,,,,,False
2026-10-01,2026-10-01,CM,BSE,STK,539495,INE176R01014,RAJKOTINV,X,,,,,Rajkot Investment Trust Limite,47.4,48.4,47.4,48.0,48.0,47.17,,48.0,,,35,1670.0,3,F1,1,,,,,,False
2026-10-01,2026-10-01,CM,BSE,STK,539506,INE805Q01028,ADCON,X,,,,,Adcon Capital Services Limited,0.53,0.53,0.5,0.52,0.53,0.53,,0.52,,,161824,82845.0,158,F1,1,,,,,,False
2026-10-01,2026-10-01,CM,BSE,STK,539519,INE280E01038,TAVEXIA,XT,,,,,TAVEXIA LIFECARE LIMITED,1.15,1.2,1.15,1.18,1.18,1.16,,1.18,,,992683,1181795.0,212,F1,1,,,,,,False
2026-10-01,2026-10-01,CM,BSE,STK,539522,INE343C01012,GROVY,XT,,,,,Grovy India Limited,63.68,64.0,63.6,64.0,64.0,64.0,,64.0,,,630,40121.0,15,F1,1,,,,,,False
2026-10-01,2026-10-01,CM,BSE,STK,539526,INE452S01025,SCTL,X,,,,,Suncare Traders Limited,0.42,0.43,0.42,0.42,0.42,0.42,,0.42,,,220298,94073.0,102,F1,1,,,,,,False
2026-10-01,2026-10-01,CM,BSE,STK,539527,INE146E01015,CREATIVE,X,,,,,Creative Castings Limited,576.1,628.95,576.1,618.15,603.0,578.15,,618.15,,,1033,629962.0,53,F1,1,,,,,,False
2026-10-01,2026-10-01,CM,BSE,STK,539528,INE430R01023,AAYUSH,X,,,,,AAYUSH WELLNESS LIMITED,24.0,24.5,23.68,23.76,23.9,23.99,,23.76,,,36242,865649.0,312,F1,1,,,,,,False
2026-10-01,2026-10-01,CM,BSE,STK,539546,INE679E01015,AGRIBIO,X,,,,,AGRIBIO SPIRITS LIMITED,310.0,320.0,309.0,310.15,309.0,308.15,,310.15,,,10479,3287838.0,52,F1,1,,,,,,False
2026-10-01,2026-10-01,CM,BSE,STK,539552,INE108T01021,DHVIJAFIN,X,,,,,DHVIJA FINANCE LIMITED,11.0,11.0,10.65,10.93,10.7,11.05,,10.93,,,11262,123076.0,25,F1,1,,,,,,False
2026-10-01,2026-10-01,CM,BSE,STK,539559,INE005G01026,DEEPAI,XT,,,,,Deep Health AI India Limited,1.68,1.69,1.58,1.62,1.65,1.65,,1.62,,,423968,694522.0,548,F1,1,,,,,,False
2026-10-01,2026-10-01,CM,BSE,STK,539561,INE549S01036,SUPHA,Z,,,,,SUPHA PHARMACHEM LIMITED,0.26,0.27,0.26,0.26,0.27,0.27,,0.26,,,871639,230704.0,215,F1,1,,,,,,False
2026-10-01,2026-10-01,CM,BSE,STK,539593,INE728Q01014,SHIVA,XT,,,,,Shivansh Finserv Limited,10.65,10.65,9.75,10.64,10.64,10.16,,10.64,,,8183,86106.0,16,F1,1,,,,,,False
2026-10-01,2026-10-01,CM,BSE,STK,539594,INE094S01041,MISHTANN,X,,,,,Mishtann Foods Limited,3.11,3.14,3.05,3.07,3.08,3.13,,3.07,,,903063,2784360.0,1666,F1,1,,,,,,False
2026-10-01,2026-10-01,CM,BSE,STK,539596,INE681Q01015,DELTA,X,,,,,Delta Industrial Resources Lim,10.01,10.3,10.01,10.3,10.3,10.31,,10.3,,,1050,10525.0,4,F1,1,,,,,,False
2026-10-01,2026-10-01,CM,BSE,STK,539598,INE727C01024,AMPL,X,,,,,AMPL Capital Limited,34.99,35.75,33.71,34.38,34.58,34.96,,34.38,,,91216,3154013.0,161,F1,1,,,,,,False
2026-10-01,2026-10-01,CM,BSE,STK,539620,INE534E01020,KEIL,X,,,,,KANORIA ENERGY & INFRASTRUCTUR,17.58,18.11,17.06,17.36,17.38,17.66,,17.36,,,1523,26411.0,38,F1,1,,,,,,False
2026-10-01,2026-10-01,CM,BSE,STK,539621,INE368E01023,BCLENTERPR,XT,,,,,BCL Enterprises Limited,0.47,0.47,0.47,0.47,0.47,0.49,,0.47,,,24680,11599.0,31,F1,1,,,,,,False
2026-10-01,2026-10-01,CM,BSE,STK,539659,INE564S01019,KAMATS,B,,,,,VIKRAM KAMATS HOSPITALITY LIMI,30.8,30.8,28.1,30.04,30.04,28.85,,30.04,,,1881,56351.0,37,F1,1,,,,,,False
2026-10-01,2026-10-01,CM,BSE,STK,539661,INE023R01018,ACEMEN,X,,,,,ACE MEN ENGG WORKS LIMITED,115.0,117.4,111.0,113.75,113.75,118.55,,113.75,,,100824,11534927.0,195,F1,1,,,,,,False
2026-10-01,2026-10-01,CM,BSE,STK,539662,INE948Q01018,BFLAFL,X,,,,,BFL Asset Finvest Limited,6.4,6.4,6.2,6.2,6.2,6.11,,6.2,,,849,5365.0,10,F1,1,,,,,,False
2026-10-01,2026-10-01,CM,BSE,STK,539669,INE684D01025,RGF,X,,,,,RGF Capital Markets Limited,2.1,2.1,2.1,2.1,2.1,2.0,,2.1,,,102071,214349.0,51,F1,1,,,,,,False
2026-10-01,2026-10-01,CM,BSE,STK,539673,INE792P01020,RCL,Z,,,,,Radhagobind Commercial Limited,1.73,1.73,1.73,1.73,1.73,1.73,,1.73,,,18693,32338.0,1,F1,1,,,,,,False
2026-10-01,2026-10-01,CM,BSE,STK,539679,INE332Q01023,KAPILRAJ,XT,,,,,Kapil Raj Finance Ltd.,3.07,3.36,3.07,3.09,3.07,3.23,,3.09,,,2546348,8056158.0,413,F1,1,,,,,,False
2026-10-01,2026-10-01,CM,BSE,STK,539682,INE622Q01027,MOBAVENUE,X,,,,,Mobavenue AI Tech Limited,300.0,300.0,282.0,289.55,290.85,300.15,,289.55,,,21595,6379318.0,465,F1,1,,,,,,False
2026-10-01,2026-10-01,CM,BSE,STK,539692,INE064T01018,IFINSER,X,,,,,INTERACTIVE FINANCIAL SERVICES,11.76,12.85,11.0,11.73,11.73,11.76,,11.73,,,7336,81943.0,57,F1,1,,,,,,False
2026-10-01,2026-10-01,CM,BSE,STK,539697,INE966Q01010,HILIKS,XT,,,,,HILIKS TECHNOLOGIES LIMITED,64.99,65.5,60.35,61.1,61.1,63.52,,61.1,,,33439,2098328.0,104,F1,1,,,,,,False
2026-10-01,2026-10-01,CM,BSE,STK,539724,INE039D01014,HYPERSOFT,XT,,,,,HYPERSOFT TECHNOLOGIES LIMITED,197.95,197.95,192.5,196.1,196.7,191.35,,196.1,,,3210,629973.0,71,F1,1,,,,,,False
2026-10-01,2026-10-01,CM,BSE,STK,539760,INE773T01014,RELICAB,B,,,,,Relicab Cable Manufacturing Li,35.34,35.34,33.4,34.89,34.89,35.34,,34.89,,,1682,57230.0,39,F1,1,,,,,,False
2026-10-01,2026-10-01,CM,BSE,STK,539761,INE427T01025,VKAL,X,,,,,Vantage Knowledge Academy Limi,0.75,0.75,0.68,0.72,0.72,0.75,,0.72,,,737209,524114.0,364,F1,1,,,,,,False
2026-10-01,2026-10-01,CM,BSE,STK,539762,INE250S01015,MEAPL,X,,,,,MODERN ENGINEERING AND PROJECT,24.11,24.99,21.9,22.15,22.15,25.07,,22.15,,,104463,2399219.0,368,F1,1,,,,,,False
2026-10-01,2026-10-01,CM,BSE,STK,539767,INE216Q01010,MNIL,XT,,,,,Mega Nirman & Industries Limit,59.09,61.0,58.77,60.73,60.75,58.76,,60.73,,,153404,9285904.0,261,F1,1,,,,,,False
2026-10-01,2026-10-01,CM,BSE,STK,539770,INE830S01014,DARJEELING,X,,,,,DARJEELING INDUSTRIIES LIMITED,25.28,26.45,24.03,25.99,25.99,25.28,,25.99,,,1574,37933.0,16,F1,1,,,,,,False
2026-10-01,2026-10-01,CM,BSE,STK,539784,INF767K01PC8,LICNFNHGP,B,,,,,LIC MF EXHNGE TRADED FUND NIFT,260.69,263.42,258.01,263.42,263.42,256.32,,265.09,,,203,53010.0,4,F1,1,,,,,,False
2026-10-01,2026-10-01,CM,BSE,STK,539798,INE173U01015,UMIYA,X,,,,,Umiya Tubes Limited,25.25,26.65,24.31,25.68,25.68,24.23,,25.68,,,17545,450581.0,66,F1,1,,,,,,False
2026-10-01,2026-10-01,CM,BSE,STK,539800,INE043U01010,CHDCHEM,X,,,,,CHD Chemicals Limited,6.5,6.5,6.3,6.5,6.5,6.5,,6.5,,,8668,56003.0,18,F1,1,,,,,,False
2026-10-01,2026-10-01,CM,BSE,STK,539814,INE204S01012,LELAVOIR,X,,,,,LE LAVOIR LIMITED,74.0,74.0,70.8,70.83,70.8,74.51,,70.83,,,1436,102151.0,35,F1,1,,,,,,False
2026-10-01,2026-10-01,CM,BSE,STK,539834,INE119R01014,BALGOPAL,X,,,,,Balgopal Commercial limited,177.9,180.0,158.4,160.05,160.05,181.65,,160.05,,,6640,1088343.0,87,F1,1,,,,,,False
2026-10-01,2026-10-01,CM,BSE,STK,539835,INE574R01028,SUPERIOR,X,,,,,Superior Finlease Limited,1.51,1.62,1.5,1.62,1.62,1.48,,1.62,,,21755,32797.0,15,F1,1,,,,,,False
2026-10-01,2026-10-01,CM,BSE,STK,539884,INE671T01028,DARSHANORNA,X,,,,,Darshan Orna Limited,2.14,2.14,2.07,2.07,2.12,2.13,,2.07,,,33666,70548.0,51,F1,1,,,,,,False
2026-10-01,2026-10-01,CM,BSE,STK,539895,INE631E01024,SPICELOUNG,B,,,,,SPICE LOUNGE FOOD WORKS LIMITE,27.9,27.9,27.9,27.9,27.9,29.36,,27.9,,,59523,1660691.0,139,F1,1,,,,,,False
2026-10-01,2026-10-01,CM,BSE,STK,539900,INE642P01019,DIDL,X,,,,,DALMIA INDUSTRIAL DEVELOPMENT,7.8,8.73,7.8,8.73,8.73,8.37,,8.73,,,627,5274.0,12,F1,1,,,,,,False
2026-10-01,2026-10-01,CM,BSE,STK,539911,INE730R01042,SNIM,X,,,,,Svarnim Trade Udyog Limited,11.55,11.6,11.55,11.6,11.6,11.6,,11.6,,,600,6940.0,2,F1,1,,,,,,False
2026-10-01,2026-10-01,CM,BSE,STK,539922,INE364S01022,RGIL,XT,,,,,Rotographics (India) Limited,44.59,44.59,44.59,44.59,44.59,45.5,,44.59,,,243,10835.0,5,F1,1,,,,,,False
2026-10-01,2026-10-01,CM,BSE,STK,539927,INE920T01011,LIKHAMI,X,,,,,LIKHAMI CONSULTING LIMITED,312.2,312.2,312.2,312.2,312.2,298.9,,312.2,,,1,312.0,1,F1,1,,,,,,False
2026-10-01,2026-10-01,CM,BSE,STK,539938,INE858Q01019,MIL,X,,,,,Medico Intercontinental Limite,23.2,25.3,23.2,23.79,23.55,24.46,,23.79,,,840,20163.0,25,F1,1,,,,,,False
2026-10-01,2026-10-01,CM,BSE,STK,539939,INE571U01010,YASHCHEM,X,,,,,Yash Chemex Limited,56.28,59.85,51.97,52.4,51.98,55.46,,52.4,,,6740,360015.0,82,F1,1,,,,,,False
2026-10-01,2026-10-01,CM,BSE,STK,539946,INE217E01014,BAZELINTER,XT,,,,,Bazel International Limited,20.0,20.5,19.5,20.5,20.5,20.19,,20.5,,,288,5894.0,15,F1,1,,,,,,False
2026-10-01,2026-10-01,CM,BSE,STK,539947,INE919T01013,JLL,XT,,,,,JINDAL LEASEFIN LIMITED,61.71,61.71,61.71,61.71,61.71,64.95,,61.71,,,90,5553.0,11,F1,1,,,,,,False
2026-10-01,2026-10-01,CM,BSE,STK,539963,INE819S01025,ZEAL,X,,,,,Zeal Aqua Limited,10.79,10.79,10.07,10.33,10.33,10.67,,10.33,,,37854,389325.0,207,F1,1,,,,,,False
2026-10-01,2026-10-01,CM,BSE,STK,539984,INE799B01025,HIIL,XT,,,,,HINDUSTHAN INSULATORS and INDU,516.25,516.25,516.25,516.25,516.25,506.15,,516.25,,,102,52657.0,12,F1,1,,,,,,False
2026-10-01,2026-10-01,CM,BSE,STK,539985,INE120V01014,TITAANIUM,M,,,,,Titaanium Ten Enterprise Limit,21.17,21.17,18.02,18.5,18.5,19.25,,18.5,,,23000,442160.0,20,F1,1000,,,,,,False
2026-10-01,2026-10-01,CM,BSE,STK,540023,INE621I01042,COLORCHIPS,X,,,,,COLORCHIPS NEW MEDIA LIMITED,11.18,11.18,10.12,10.65,10.36,10.99,,10.65,,,2999,31395.0,56,F1,1,,,,,,False
2026-10-01,2026-10-01,CM,BSE,STK,540026,INE213U01019,LAHL,X,,,,,Ladam Affortable Housing Limit,6.03,6.5,6.03,6.36,6.36,6.61,,6.36,,,1095,6800.0,7,F1,1,,,,,,False
2026-10-01,2026-10-01,CM,BSE,STK,540062,INE222U01010,GOLDENCREST,X,,,,,Golden Crest Education & Servi,324.8,324.8,324.8,324.8,324.8,324.8,,324.8,,,1,324.0,1,F1,1,,,,,,False
2026-10-01,2026-10-01,CM,BSE,STK,540066,INE345U01019,AMS,XT,,,,,AMS POLYMERS LIMITED,48.0,48.0,47.0,48.0,48.0,48.45,,48.0,,,465,22270.0,7,F1,1,,,,,,False
2026-10-01,2026-10-01,CM,BSE,STK,540072,INE191V01015,SHIVAEXPO,MT,,,,,Shiva Granito Export Limited,10.11,10.5,10.07,10.5,10.5,10.11,,10.5,,,210000,2130900.0,19,F1,10000,,,,,,False
2026-10-01,2026-10-01,CM,BSE,STK,540078,INE317V01016,MITSU,X,,,,,Mitsu Chem Plast Limited,179.0,180.0,173.1,178.2,178.2,179.55,,178.2,,,17702,3135040.0,161,F1,1,,,,,,False
2026-10-01,2026-10-01,CM,BSE,STK,540079,INE537U01037,SPRAYKING,B,,,,,Sprayking Limited,1.22,1.22,1.19,1.2,1.2,1.2,,1.2,,,107524,128880.0,137,F1,1,,,,,,False
2026-10-01,2026-10-01,CM,BSE,STK,540082,INE367U01013,RSTL,MT,,,,,Riddhi Steel and Tube Limited,261.0,262.35,261.0,262.35,262.35,249.9,,262.35,,,2250,588915.0,5,F1,450,,,,,,False
2026-10-01,2026-10-01,CM,BSE,STK,540097,INE890S01026,GAMCO,X,,,,,GAMCO LIMITED,45.5,49.0,43.0,46.75,46.75,45.49,,46.75,,,22386,1019484.0,102,F1,1,,,,,,False
2026-10-01,2026-10-01,CM,BSE,STK,540132,INE400R01018,SIIL,XT,,,,,Sabrimala Industries India Lim,18.0,18.0,18.0,18.0,18.0,17.15,,18.0,,,12167,219006.0,10,F1,1,,,,,,False
2026-10-01,2026-10-01,CM,BSE,STK,540135,INE202R01026,ARCFIN,X,,,,,ARC Finance Limited,0.47,0.47,0.45,0.46,0.46,0.46,,0.46,,,2864880,1303718.0,902,F1,1,,,,,,False
2026-10-01,2026-10-01,CM,BSE,STK,540143,INE184B01012,SAGARSOFT,X,,,,,Sagarsoft (India) Limited,93.94,93.94,91.8,91.8,91.8,93.94,,91.8,,,2102,193704.0,15,F1,1,,,,,,False
2026-10-01,2026-10-01,CM,BSE,STK,540146,INE427V01013,ACML,M,,,,,ADITYA CONSUMER MARKETING LIMI,34.99,34.99,34.99,34.99,34.99,32.6,,34.99,,,1000,34990.0,1,F1,1000,,,,,,False
2026-10-01,2026-10-01,CM,BSE,STK,540147,INE700V01021,SHASHIJIT,X,,,,,Shashijit Infraprojects Limite,2.36,2.38,2.12,2.22,2.18,2.27,,2.22,,,70605,158401.0,71,F1,1,,,,,,False
2026-10-01,2026-10-01,CM,BSE,STK,540168,INE268T01015,SUPRAPFSL,X,,,,,Supra Pacific Financial Servic,32.5,33.65,31.02,33.57,33.48,32.19,,33.57,,,25115,821307.0,567,F1,1,,,,,,False
2026-10-01,2026-10-01,CM,BSE,STK,540174,INE298B01010,SOUTHERNIN,X,,,,,SOUTHERN INFOCONSULTANTS LIMIT,20.66,20.66,20.5,20.66,20.66,20.25,,20.66,,,369,7607.0,10,F1,1,,,,,,False
2026-10-01,2026-10-01,CM,BSE,STK,540175,INE964R01013,REGENCY,X,,,,,REGENCY FINCORP LIMITED,51.79,52.0,48.1,50.07,50.0,50.86,,50.07,,,218962,10949952.0,228,F1,1,,,,,,False
2026-10-01,2026-10-01,CM,BSE,STK,540181,INE894E01028,SALEM,X,,,,,Salem Erode Investments Ltd.,24.66,25.5,23.12,24.5,24.5,24.78,,24.5,,,1433,34733.0,21,F1,1,,,,,,False
2026-10-01,2026-10-01,CM,BSE,STK,540189,INE448F01012,UPROTECH,XT,,,,,Unipro Technologies Limited,10.45,10.45,10.4,10.4,10.4,10.45,,10.4,,,508,5308.0,6,F1,1,,,,,,False
2026-10-01,2026-10-01,CM,BSE,STK,540190,INE789R01022,FRANKLININD,X,,,,,Franklin Industries Limited,0.3,0.31,0.29,0.31,0.31,0.3,,0.31,,,2451429,737585.0,593,F1,1,,,,,,False
2026-10-01,2026-10-01,CM,BSE,STK,540198,INE186R01013,OSIAJEE,X,,,,,OSIAJEE TEXFAB LIMITED,231.65,231.65,222.1,227.0,227.0,226.45,,227.0,,,1427,326916.0,37,F1,1,,,,,,False
2026-10-01,2026-10-01,CM,BSE,STK,540199,INE850R01014,CMBL,X,,,,,Corporate Merchant Bankers Lim,49.93,49.93,48.96,48.96,48.96,49.93,,48.96,,,7,343.0,3,F1,1,,,,,,False
2026-10-01,2026-10-01,CM,BSE,STK,540204,INE666Q01016,EIKO,X,,,,,EIKO LIFESCIENCES LIMITED,49.0,50.3,48.25,48.67,49.19,49.76,,48.67,,,69985,3437584.0,67,F1,1,,,,,,False
2026-10-01,2026-10-01,CM,BSE,STK,540243,INE835U01027,NEWLIGHT,XT,,,,,NEW LIGHT INDUSTRIES LIMITED,1.33,1.37,1.28,1.3,1.3,1.33,,1.3,,,49685,64207.0,53,F1,1,,,,,,False
2026-10-01,2026-10-01,CM,BSE,STK,540252,INE607V01028,VSL,B,,,,,Viram Suvarn Limited,9.77,9.77,9.32,9.66,9.65,9.63,,9.66,,,307974,2924782.0,284,F1,1,,,,,,False
2026-10-01,2026-10-01,CM,BSE,STK,540254,INE245H01018,MTPL,XT,,,,,MARG TECHNO PROJECTS LIMITED,8.46,8.46,7.88,7.89,7.89,8.29,,7.89,,,105093,837158.0,84,F1,1,,,,,,False
2026-10-01,2026-10-01,CM,BSE,STK,540259,INE118R01032,SHANGAR,X,,,,,SHANGAR DECOR LIMITED,0.23,0.23,0.22,0.22,0.22,0.23,,0.22,,,1388392,310758.0,154,F1,1,,,,,,False
2026-10-01,2026-10-01,CM,BSE,STK,540266,INE804Q01013,GLCL,X,,,,,Globe Commercials Limited,19.59,19.95,18.21,19.05,19.0,19.64,,19.05,,,27610,533004.0,146,F1,1,,,,,,False
2026-10-01,2026-10-01,CM,BSE,STK,540267,INE318U01016,FLORACORP,X,,,,,Flora Corporation Limited,6.01,6.02,6.01,6.02,6.02,6.12,,6.02,,,4600,27662.0,5,F1,1,,,,,,False
2026-10-01,2026-10-01,CM,BSE,STK,540269,INE459U01018,SKL,MT,,,,,SUPER FINE KNITTERS LIMITED,15.75,15.75,15.25,15.75,15.75,15.0,,15.75,,,90000,1403500.0,9,F1,10000,,,,,,False
2026-10-01,2026-10-01,CM,BSE,STK,540310,INE181U01018,CFL,XT,,,,,Classic Filaments Limited,97.99,100.0,93.1,93.3,94.99,97.99,,93.3,,,5786,542402.0,45,F1,1,,,,,,False
2026-10-01,2026-10-01,CM,BSE,STK,540332,INE978V01015,TANVI,M,,,,,Tanvi Foods (India) Limited,42.4,42.4,42.4,42.4,42.4,40.74,,42.4,,,1000,42400.0,1,F1,1000,,,,,,False
2026-10-01,2026-10-01,CM,BSE,STK,540360,INE715Q01029,LLFICL,T,,,,,LEADING LEASING FINANCE AND IN,1.0,1.0,0.99,0.99,0.99,1.01,,0.99,,,498865,493964.0,277,F1,1,,,,,,False
2026-10-01,2026-10-01,CM,BSE,STK,540361,INE575D01041,DANUBE,X,,,,,DANUBE INDUSTRIES LIMITED,4.87,4.97,4.5,4.89,4.97,4.72,,4.89,,,97699,471547.0,102,F1,1,,,,,,False
2026-10-01,2026-10-01,CM,BSE,STK,540377,INE714U01024,IFL,B,,,,,IFL ENTERPRISES LIMITED,0.31,0.31,0.3,0.31,0.31,0.31,,0.31,,,1281326,390940.0,365,F1,1,,,,,,False
2026-10-01,2026-10-01,CM,BSE,STK,540386,INE989S01042,ONTIC,XT,,,,,Ontic Finserve Limited,1.34,1.34,1.34,1.34,1.34,1.36,,1.34,,,7922,10615.0,22,F1,1,,,,,,False
2026-10-01,2026-10-01,CM,BSE,STK,540401,INE544W01021,MAXIMUS,X,,,,,Maximus International Limited,15.0,15.45,14.65,14.88,14.9,14.99,,14.88,,,43486,646261.0,112,F1,1,,,,,,False
2026-10-01,2026-10-01,CM,BSE,STK,540404,INE442V01012,PRIMEFRESH,B,,,,,PRIME FRESH LIMITED,157.8,161.8,149.4,156.7,157.0,156.9,,156.7,,,19722,3053369.0,84,F1,1,,,,,,False
2026-10-01,2026-10-01,CM,BSE,STK,540405,INE711V01010,OCEANIC,X,,,,,Oceanic Foods Limited,50.4,55.0,49.4,49.9,49.9,50.41,,49.9,,,10685,543128.0,94,F1,1,,,,,,False
2026-10-01,2026-10-01,CM,BSE,STK,540455,INE953W01016,ESCORP,B,,,,,Escorp Asset Management Limite,108.0,110.0,106.0,110.0,110.0,109.0,,110.0,,,6656,717403.0,19,F1,1,,,,,,False
2026-10-01,2026-10-01,CM,BSE,STK,540467,INE808R01012,PARMSILK,XT,,,,,PARMESHWARI SILK MILLS LIMITED,346.0,346.0,346.0,346.0,346.0,330.0,,346.0,,,2,692.0,1,F1,1,,,,,,False
2026-10-01,2026-10-01,CM,BSE,STK,540481,INE949C01016,CLFL,X,,,,,Classic Leasing & Finance Ltd.,49.0,53.89,49.0,53.75,53.75,49.0,,53.75,,,189,9880.0,9,F1,1,,,,,,False
2026-10-01,2026-10-01,CM,BSE,STK,540492,INE594W01042,STARLENT,B,,,,,STARLINEPS ENTERPRISES LIMITED,7.9,8.14,7.8,7.87,8.0,8.1,,7.87,,,210565,1679715.0,332,F1,1,,,,,,False
2026-10-01,2026-10-01,CM,BSE,STK,540515,INE453S01015,KANUNGO,XT,,,,,KANUNGO FINANCIERS LIMITED,14.6,14.6,14.6,14.6,14.6,14.6,,14.6,,,2,29.0,1,F1,1,,,,,,False
2026-10-01,2026-10-01,CM,BSE,STK,540519,INE343X01026,MEERA,B,,,,,Meera Industries Limited,29.0,29.87,28.02,28.13,29.05,29.11,,28.13,,,1547,44442.0,26,F1,1,,,,,,False
2026-10-01,2026-10-01,CM,BSE,STK,540545,INE986W01016,GKL,XT,,,,,GURU KRUPA GEMS AND JEWELLERY,35.81,38.0,35.75,37.64,37.99,37.5,,37.64,,,19286,709322.0,96,F1,1,,,,,,False
2026-10-01,2026-10-01,CM,BSE,STK,540570,INE717F01028,VARIMAN,X,,,,,VARIMAN GLOBAL ENTERPRISES LIM,5.0,5.0,4.76,4.84,4.9,4.92,,4.84,,,54413,264383.0,89,F1,1,,,,,,False
2026-10-01,2026-10-01,CM,BSE,STK,540590,INE325X01015,RIDDHICORP,X,,,,,Riddhi Corporate Services Limi,57.0,57.0,52.3,54.49,54.5,57.0,,54.49,,,838,45420.0,32,F1,1,,,,,,False
2026-10-01,2026-10-01,CM,BSE,STK,540597,INE319U01022,CONTAINER,X,,,,,Containerway International Lim,16.82,16.82,16.0,16.81,16.81,16.83,,16.81,,,2700,43780.0,8,F1,1,,,,,,False
2026-10-01,2026-10-01,CM,BSE,STK,540615,INE413X01035,7NR,XT,,,,,7NR Retail Limited,6.91,6.91,6.39,6.7,6.7,6.71,,6.7,,,18346,123311.0,71,F1,1,,,,,,False
2026-10-01,2026-10-01,CM,BSE,STK,540654,INE632W01016,GSTL,X,,,,,GlobalSpace Technologies Limit,30.71,32.2,29.74,29.95,29.95,30.71,,29.95,,,18923,570509.0,121,F1,1,,,,,,False
2026-10-01,2026-10-01,CM,BSE,STK,540686,INE172E01011,SMRUTHIORG,X,,,,,Smruthi Organics Limited,158.5,160.65,148.0,154.6,154.6,158.5,,154.6,,,10295,1600097.0,102,F1,1,,,,,,False
2026-10-01,2026-10-01,CM,BSE,STK,540693,INE145Y01023,SHISHIND,X,,,,,Shish Industries Limited,13.28,13.28,12.66,12.86,12.93,13.23,,12.86,,,335207,4330712.0,425,F1,1,,,,,,False
2026-10-01,2026-10-01,CM,BSE,STK,540694,INE236W01016,ANG,T,,,,,ANG Lifesciences India Limited,41.0,41.0,40.18,40.18,40.18,41.0,,40.18,,,4197,169785.0,16,F1,1,,,,,,False
2026-10-01,2026-10-01,CM,BSE,STK,540696,INE185U01035,KCDGROUP,XT,,,,,KCD INDUSTRIES INDIA LIMITED,3.68,3.68,3.4,3.5,3.5,3.57,,3.5,,,1572,5515.0,12,F1,1,,,,,,False
2026-10-01,2026-10-01,CM,BSE,STK,540703,INE438C01010,PROCLB,XT,,,,,PRO CLB GLOBAL LIMITED,50.5,50.5,49.3,50.2,50.2,49.0,,50.2,,,64319,3247937.0,23,F1,1,,,,,,False
2026-10-01,2026-10-01,CM,BSE,STK,540717,INE689M01025,PQIF,X,,,,,Polo Queen Industrial and Fint,8.15,8.15,7.7,7.81,7.8,7.9,,7.81,,,51147,401622.0,172,F1,1,,,,,,False
2026-10-01,2026-10-01,CM,BSE,STK,540718,INE777X01017,AAYUSHBULL,M,,,,,AAYUSH ART AND BULLION LIMITED,1281.5,1285.0,1262.5,1271.55,1271.55,1290.65,,1271.55,,,62500,79819775.0,243,F1,125,,,,,,False
2026-10-01,2026-10-01,CM,BSE,STK,540726,INE071Y01013,TTFL,X,,,,,Trident Texofab Limited,21.39,21.39,20.51,20.6,21.03,20.95,,20.6,,,15991,331731.0,79,F1,1,,,,,,False
2026-10-01,2026-10-01,CM,BSE,STK,540727,INE973X01012,POOJA,B,,,,,Poojawestern Metaliks Limited,16.2,16.2,15.81,15.88,16.18,15.86,,15.88,,,1009,16152.0,32,F1,1,,,,,,False
2026-10-01,2026-10-01,CM,BSE,STK,540729,INE695X01011,VANTABIO,M,,,,,Vanta Bioscience Limited,21.5,21.5,21.49,21.49,21.49,22.62,,21.49,,,2250,48360.0,3,F1,750,,,,,,False
2026-10-01,2026-10-01,CM,BSE,STK,540730,INE062Y01020,MEHAI,X,,,,,Mehai Technology  Limited,1.17,1.17,1.14,1.14,1.16,1.15,,1.14,,,302709,348192.0,232,F1,1,,,,,,False
2026-10-01,2026-10-01,CM,BSE,STK,540738,INE402Y01028,STL,B,,,,,Shreeji Translogistics Limited,9.18,9.18,8.81,8.92,8.93,8.81,,8.92,,,32885,294287.0,152,F1,1,,,,,,False
2026-10-01,2026-10-01,CM,BSE,STK,540756,INE282Y01016,KAARYAFSL,M,,,,,Kaarya Facilities and Services,10.5,10.5,10.5,10.5,10.5,10.5,,10.5,,,6000,63000.0,1,F1,6000,,,,,,False
2026-10-01,2026-10-01,CM,BSE,STK,540782,INE204Y01010,SBRANDS,M,,,,,Sanghvi Brands Limited,12.34,12.34,12.34,12.34,12.34,12.98,,12.34,,,1000,12340.0,1,F1,1000,,,,,,False
2026-10-01,2026-10-01,CM,BSE,STK,540786,INE669Y01022,SHARIKA,B,,,,,SHARIKA ENTERPRISES LIMITED,23.21,23.21,23.21,23.21,23.21,22.11,,23.21,,,80108,1859306.0,97,F1,1,,,,,,False
2026-10-01,2026-10-01,CM,BSE,STK,540788,INE500C01017,ASPIRA,XT,,,,,Aspira Pathlab & Diagnostics L,144.0,144.0,131.0,131.25,131.25,137.78,,131.25,,,401,55553.0,21,F1,1,,,,,,False
2026-10-01,2026-10-01,CM,BSE,STK,540796,INE821Y01011,RATNABHUMI,B,,,,,Ratnabhumi Developers Limited,176.0,176.0,175.15,175.15,175.15,168.0,,175.15,,,8,1407.0,3,F1,1,,,,,,False
2026-10-01,2026-10-01,CM,BSE,STK,540809,INE333Y01017,MRCAGRO,B,,,,,MRC AGROTECH LIMITED,36.3,36.3,33.5,34.49,34.3,34.63,,34.49,,,77887,2677404.0,193,F1,1,,,,,,False
2026-10-01,2026-10-01,CM,BSE,STK,540811,INE158R01012,DML,M,,,,,Diggi Multitrade Limited,12.5,12.5,11.56,12.45,12.45,11.98,,12.45,,,65000,805300.0,9,F1,5000,,,,,,False
2026-10-01,2026-10-01,CM,BSE,STK,540821,INE994R01028,CRYSTAL,X,,,,,CRYSTAL BUSINESS SYSTEM LIMITE,1.91,1.98,1.82,1.94,1.98,1.94,,1.94,,,42506,81715.0,103,F1,1,,,,,,False
2026-10-01,2026-10-01,CM,BSE,STK,540829,INE371F01024,CHANDRIMA,XT,,,,,Chandrima Mercantiles limited,11.53,11.53,11.53,11.53,11.53,11.76,,11.53,,,5214,60117.0,54,F1,1,,,,,,False
2026-10-01,2026-10-01,CM,BSE,STK,540850,INE841Y01019,JFL,M,,,,,Jhandewalas Foods Limited,22.0,22.0,20.8,20.81,20.81,20.95,,20.81,,,8000,169960.0,6,F1,1000,,,,,,False
2026-10-01,2026-10-01,CM,BSE,STK,540874,INE454F01010,7SEASL,X,,,,,7SEAS ENTERTAINMENT LIMITED,98.99,105.0,97.0,100.08,99.03,96.11,,100.08,,,89351,9052577.0,309,F1,1,,,,,,False
2026-10-01,2026-10-01,CM,BSE,STK,540904,INE115G01015,TIRUFOAM,XT,,,,,TIRUPATI FOAM LIMITED,66.5,69.82,66.5,69.79,69.79,66.5,,69.79,,,1281,89150.0,9,F1,1,,,,,,False
2026-10-01,2026-10-01,CM,BSE,STK,540914,INE425C01017,SRUSTEELS,X,,,,,SRU Steels Limited,1.44,1.47,1.37,1.39,1.39,1.43,,1.39,,,21638,30443.0,61,F1,1,,,,,,False
2026-10-01,2026-10-01,CM,BSE,STK,540936,INE063Z01017,GGL,X,,,,,Gautam Gems Limited,3.05,3.06,2.95,3.0,3.01,3.11,,3.0,,,11364,34306.0,52,F1,1,,,,,,False
2026-10-01,2026-10-01,CM,BSE,STK,540953,INE923Y01023,KENVI,B,,,,,Kenvi Jewels Limited,1.94,1.98,1.93,1.96,1.97,1.94,,1.96,,,77974,152292.0,115,F1,1,,,,,,False
2026-10-01,2026-10-01,CM,BSE,STK,540955,INE773Y01014,TDSL,Z,,,,,Tasty Dairy Specialities Limit,3.8,3.95,3.8,3.8,3.8,3.8,,3.8,,,1364,5184.0,17,F1,1,,,,,,False
2026-10-01,2026-10-01,CM,BSE,STK,540956,INE341Z01025,BHATIA,X,,,,,Bhatia Communications & Retail,39.39,39.39,36.15,36.81,36.81,38.73,,36.81,,,99627,3710124.0,620,F1,1,,,,,,False
2026-10-01,2026-10-01,CM,BSE,STK,540980,INE868X01014,YSL,X,,,,,The Yamuna Syndicate Ltd,26750.0,26750.0,25949.95,25963.0,25963.0,25897.0,,25963.0,,,21,558562.0,9,F1,1,,,,,,False
2026-10-01,2026-10-01,CM,BSE,STK,541083,INE464Z01017,INFLAME,M,,,,,Inflame Appliances Limited,231.0,233.0,216.0,229.45,229.45,231.0,,229.45,,,5500,1257237.0,16,F1,250,,,,,,False
2026-10-01,2026-10-01,CM,BSE,STK,541144,INE380Z01015,ACTIVE,B,,,,,Active Clothing Co  Limited,100.5,100.9,96.05,98.0,98.0,99.45,,98.0,,,3110,305231.0,44,F1,1,,,,,,False
2026-10-01,2026-10-01,CM,BSE,STK,541178,INE495Z01011,BENARA,MT,,,,,Benara Bearings and Pistons Li,8.51,8.53,8.51,8.53,8.53,8.53,,8.53,,,4000,34080.0,2,F1,2000,,,,,,False
2026-10-01,2026-10-01,CM,BSE,STK,541228,INE459Z01017,TRL,T,,,,,Taylormade Renewables Limited,56.2,56.2,54.15,55.22,55.0,56.2,,55.22,,,9432,520689.0,117,F1,1,,,,,,False
2026-10-01,2026-10-01,CM,BSE,STK,541337,INE424Z01011,MILEFUR,MT,,,,,Milestone Furniture Limited,25.33,25.33,25.32,25.32,25.32,24.13,,25.32,,,6000,151950.0,2,F1,3000,,,,,,False
2026-10-01,2026-10-01,CM,BSE,STK,541338,INE556Z01010,UHZAVERI,B,,,,,U. H. ZAVERI LIMITED,6.09,6.3,5.77,5.92,5.92,6.04,,5.92,,,24765,146780.0,110,F1,1,,,,,,False
2026-10-01,2026-10-01,CM,BSE,STK,541347,INE295Z01015,PARVATI,XT,,,,,Parvati Sweetners and Power Lt,6.73,7.0,6.51,6.91,6.9,6.73,,6.91,,,27503,187896.0,73,F1,1,,,,,,False
2026-10-01,2026-10-01,CM,BSE,STK,541353,INE870Z01015,INNOVATORS,M,,,,,Innovators Facade Systems Limi,114.1,114.1,111.25,111.85,111.8,116.9,,111.85,,,6400,721240.0,8,F1,800,,,,,,False
2026-10-01,2026-10-01,CM,BSE,STK,541358,INE926R01012,UCIL,XT,,,,,UNIFINZ CAPITAL INDIA LIMITED,102.95,103.0,102.85,102.85,102.85,102.95,,102.85,,,1959,201703.0,20,F1,1,,,,,,False
2026-10-01,2026-10-01,CM,BSE,STK,541444,INE838Z01012,PALMJEWELS,X,,,,,Palm Jewels Limited,17.75,21.58,17.62,20.55,20.55,17.99,,20.55,,,213906,4484232.0,628,F1,1,,,,,,False
2026-10-01,2026-10-01,CM,BSE,STK,541445,INE799N01012,WAA,M,,,,,Waa Solar Limited,44.35,44.35,43.66,43.7,43.7,44.33,,43.7,,,16800,736960.0,21,F1,800,,,,,,False
2026-10-01,2026-10-01,CM,BSE,STK,541601,INE685Z01033,RAJNISH,B,,,,,Rajnish Wellness Limited,0.38,0.38,0.36,0.36,0.37,0.38,,0.36,,,4491305,1658305.0,708,F1,1,,,,,,False
2026-10-01,2026-10-01,CM,BSE,STK,541627,INE173V01013,GUJWIND,XT,,,,,Gujarat Winding Systems Limite,10.39,10.39,10.39,10.39,10.39,10.93,,10.39,,,100,1039.0,2,F1,1,,,,,,False
2026-10-01,2026-10-01,CM,BSE,STK,541634,INE960Z01014,RAWEDGE,B,,,,,Raw Edge Industrial Solutions,14.5,15.0,14.5,14.95,15.0,14.5,,14.95,,,560,8370.0,7,F1,1,,,,,,False
2026-10-01,2026-10-01,CM,BSE,STK,541701,INE00SY01011,SUPERSHAKT,M,,,,,Supershakti Metaliks Limited,251.0,251.0,251.0,251.0,251.0,279.0,,251.0,,,300,75300.0,1,F1,300,,,,,,False
2026-10-01,2026-10-01,CM,BSE,STK,541702,INE694W01024,ASHNI,XT,,,,,Ashnisha Industries Limited,2.5,2.52,2.35,2.43,2.43,2.45,,2.43,,,385027,925980.0,533,F1,1,,,,,,False
2026-10-01,2026-10-01,CM,BSE,STK,541735,INE299W01022,VIVANTA,X,,,,,Vivanta Industries Limited,1.71,1.76,1.67,1.7,1.7,1.74,,1.7,,,99260,168485.0,240,F1,1,,,,,,False
2026-10-01,2026-10-01,CM,BSE,STK,541741,INE401Z01019,FRATELLI,XT,,,,,Fratelli Vineyards Limited,127.1,127.1,120.75,121.95,122.0,127.1,,121.95,,,8789,1070990.0,68,F1,1,,,,,,False
2026-10-01,2026-10-01,CM,BSE,STK,541771,INE572Z01017,AMINTAN,XT,,,,,AMIN TANNERY LIMITED,1.9,1.9,1.9,1.9,1.9,1.93,,1.9,,,4371,8304.0,24,F1,1,,,,,,False
2026-10-01,2026-10-01,CM,BSE,STK,541865,INE01B501018,ASRL,X,,,,,Add-Shop E-Retail Limited,5.66,5.75,5.6,5.67,5.67,5.57,,5.67,,,10019,57040.0,94,F1,1,,,,,,False
2026-10-01,2026-10-01,CM,BSE,STK,541890,INE797Z01028,SPACEINCUBA,XT,,,,,Space Incubatrics Technologies,0.18,0.18,0.18,0.18,0.18,0.18,,0.18,,,32569,5862.0,85,F1,1,,,,,,False
2026-10-01,2026-10-01,CM,BSE,STK,541973,INE004Z01011,MACH,M,,,,,Mac Hotels Limited,65.0,65.0,55.0,57.0,57.0,60.5,,57.0,,,4500,265500.0,3,F1,1500,,,,,,False
2026-10-01,2026-10-01,CM,BSE,STK,542012,INE911Z01025,A1L,T,,,,,A-1 LIMITED,5.82,5.87,5.54,5.71,5.71,5.82,,5.71,,,720342,4065924.0,1430,F1,1,,,,,,False
2026-10-01,2026-10-01,CM,BSE,STK,542013,INE666Y01010,DOLFIN,B,,,,,Dolfin Rubbers Limited,172.9,173.0,171.0,173.0,173.0,173.85,,173.0,,,104,17840.0,5,F1,1,,,,,,False
2026-10-01,2026-10-01,CM,BSE,STK,542019,INE01J501010,SHUBHAM,X,,,,,Shubham Polyspin Limited,32.9,32.9,30.2,32.58,32.8,31.34,,32.58,,,22439,717548.0,58,F1,1,,,,,,False
2026-10-01,2026-10-01,CM,BSE,STK,542025,INE206Z01020,SUNRETAIL,MT,,,,,Sun Retail Limited,0.43,0.43,0.43,0.43,0.43,0.41,,0.43,,,336000,144480.0,7,F1,48000,,,,,,False
2026-10-01,2026-10-01,CM,BSE,STK,542034,INE00Q901014,SMGOLD,B,,,,,S. M. Gold Limited,14.0,14.0,12.74,12.82,13.07,13.28,,12.82,,,15577,201133.0,95,F1,1,,,,,,False
2026-10-01,2026-10-01,CM,BSE,STK,542046,INE647Z01025,VIVIDM,B,,,,,VIVID MERCANTILE LIMITED,5.7,6.05,5.52,5.94,5.97,5.81,,5.94,,,409740,2403362.0,301,F1,1,,,,,,False
2026-10-01,2026-10-01,CM,BSE,STK,542123,INE398C01016,PHOSPHATE,X,,,,,The Phosphate Company Limited,143.0,150.0,143.0,144.0,144.0,144.0,,144.0,,,262,38383.0,10,F1,1,,,,,,False
2026-10-01,2026-10-01,CM,BSE,STK,542131,INF769K01EG9,NIFTYETF,B,,,,,Mirae Asset Mutual Fund,248.46,248.46,242.49,244.63,244.78,246.53,,244.67,,,20039,4899225.0,376,F1,1,,,,,,False
2026-10-01,2026-10-01,CM,BSE,STK,542146,INE951Z01013,SKIFL,M,,,,,Shree Krishna Infrastructure L,8.21,8.21,8.2,8.2,8.2,7.82,,8.2,,,2500,20512.0,2,F1,1250,,,,,,False
2026-10-01,2026-10-01,CM,BSE,STK,542155,INE01GR01018,DGL,MT,,,,,Diksha Greens Limited,1.04,1.04,1.04,1.04,1.04,1.02,,1.04,,,10000,10400.0,1,F1,2000,,,,,,False
2026-10-01,2026-10-01,CM,BSE,STK,542176,INE016X01010,ARYAN,X,,,,,Aryan Share & Stock Brokers Lt,20.85,20.85,20.8,20.8,20.8,19.9,,20.8,,,24,500.0,6,F1,1,,,,,,False
2026-10-01,2026-10-01,CM,BSE,STK,542206,INE139E01028,NIVAKA,XT,,,,,NIVAKA FASHIONS LIMITED,0.79,0.79,0.78,0.78,0.78,0.79,,0.78,,,953,746.0,12,F1,1,,,,,,False
2026-10-01,2026-10-01,CM,BSE,STK,542248,INE452W01019,DECCAN,B,,,,,Deccan Health Care Limited,11.7,11.94,11.15,11.7,11.7,11.95,,11.7,,,9693,112961.0,31,F1,1,,,,,,False
2026-10-01,2026-10-01,CM,BSE,STK,542332,INE302R01024,HIKLASS,XT,,,,,Hi-Klass Trading and Investmen,90.25,90.25,90.0,90.0,90.0,90.8,,90.0,,,15241,1375375.0,8,F1,1,,,,,,False
2026-10-01,2026-10-01,CM,BSE,STK,542376,INE726X01014,SPACAPS,XT,,,,,SPA Capital Services Limited,215.0,215.0,215.0,215.0,215.0,209.0,,215.0,,,1,215.0,1,F1,1,,,,,,False
2026-10-01,2026-10-01,CM,BSE,STK,542446,INE793Z01027,JONJUA,M,,,,,Jonjua Overseas Limited,3.0,3.05,2.91,3.01,3.02,2.97,,3.01,,,74724,223985.0,12,F1,6227,,,,,,False
2026-10-01,2026-10-01,CM,BSE,STK,542459,INE911T01010,KRANTI,B,,,,,Kranti Industries Limited,47.5,50.68,47.0,47.04,47.05,48.92,,47.04,,,4635,220223.0,79,F1,1,,,,,,False
2026-10-01,2026-10-01,CM,BSE,STK,542524,INE342U01016,AIHL,X,,,,,AMBASSADOR INTRA HOLDINGS LIMI,29.6,29.6,28.19,28.19,28.19,29.67,,28.19,,,390,11008.0,6,F1,1,,,,,,False
2026-10-01,2026-10-01,CM,BSE,STK,542579,INE05FR01029,AGOL,B,,,,,Ashapuri Gold Ornament Limited,4.54,4.54,4.25,4.34,4.35,4.42,,4.34,,,459159,2004894.0,1027,F1,1,,,,,,False
2026-10-01,2026-10-01,CM,BSE,STK,542627,INE01GZ01011,CHANDNIMACH,XT,,,,,Chandni Machines Limited,97.0,100.5,92.0,99.36,97.0,95.72,,99.36,,,56993,5551057.0,130,F1,1,,,,,,False
2026-10-01,2026-10-01,CM,BSE,STK,542628,INE01BL01012,NSL,B,,,,,Northern Spirits Limited,121.45,126.0,120.8,125.0,126.0,122.0,,125.0,,,16427,2041028.0,308,F1,1,,,,,,False
2026-10-01,2026-10-01,CM,BSE,STK,542654,INE06LG01010,VRFILMS,B,,,,,V R FILMS & STUDIOS LIMITED,11.5,11.5,11.5,11.5,11.5,11.3,,11.5,,,60,690.0,3,F1,1,,,,,,False
2026-10-01,2026-10-01,CM,BSE,STK,542666,INE05QJ01015,GKP,B,,,,,G. K. P. Printing & Packaging,6.77,6.98,5.77,6.32,6.57,6.77,,6.32,,,23039,146495.0,94,F1,1,,,,,,False
2026-10-01,2026-10-01,CM,BSE,STK,542668,INE06TD01010,EVANS,M,,,,,EVANS ELECTRIC LIMITED,85.0,85.0,84.5,84.5,84.5,85.32,,84.5,,,4000,339500.0,4,F1,1000,,,,,,False
2026-10-01,2026-10-01,CM,BSE,STK,542669,INE374E01021,BMW,X,,,,,BMW INDUSTRIES LIMITED,54.99,54.99,53.0,53.12,53.38,55.77,,53.12,,,129145,6894327.0,834,F1,1,,,,,,False
2026-10-01,2026-10-01,CM,BSE,STK,542677,INE01MO01013,MAHESH,X,,,,,Mahesh Developers Limited,15.8,15.8,15.8,15.8,15.8,15.8,,15.8,,,1,15.0,1,F1,1,,,,,,False
2026-10-01,2026-10-01,CM,BSE,STK,542678,INE05BN01027,CHCL,MT,,,,,Cian Healthcare Limited,24.48,24.48,24.48,24.48,24.48,24.0,,24.48,,,548,13415.0,4,F1,137,,,,,,False
2026-10-01,2026-10-01,CM,BSE,STK,542679,INE413F01016,DEL,X,,,,,Dhanashree Electronics Limited,124.95,124.95,124.95,124.95,124.95,124.95,,124.95,,,2,249.0,2,F1,1,,,,,,False
2026-10-01,2026-10-01,CM,BSE,STK,542682,INE01K301012,HARISH,X,,,,,Harish Textile Engineers Limit,64.95,66.0,63.0,65.99,66.0,64.95,,65.99,,,571,37399.0,7,F1,1,,,,,,False
2026-10-01,2026-10-01,CM,BSE,STK,542721,INE02GA01012,ARL,T,,,,,Anand Rayons Limited,35.68,35.68,34.5,35.1,35.15,35.12,,35.1,,,16811,592338.0,73,F1,1,,,,,,False
2026-10-01,2026-10-01,CM,BSE,STK,542727,INE056001014,CPML,M,,,,,CITY PULSE MULTIVENTURES LIMIT,96.18,96.18,95.11,96.18,96.18,91.6,,96.18,,,154400,14847864.0,300,F1,50,,,,,,False
2026-10-01,2026-10-01,CM,BSE,STK,542770,INE08E401029,ALPHALOGIC,B,,,,,Alphalogic Techsys Limited,38.66,39.9,38.66,39.55,39.55,39.97,,39.55,,,5065,198228.0,92,F1,1,,,,,,False
2026-10-01,2026-10-01,CM,BSE,STK,542801,INE957W01025,MISQUITA,M,,,,,Misquita Engineering Limited,54.02,54.02,54.02,54.02,54.02,57.0,,54.02,,,1000,54020.0,1,F1,1000,,,,,,False
2026-10-01,2026-10-01,CM,BSE,STK,542802,INE906Y01028,GALACTICO,B,,,,,Galactico Corporate Services L,1.95,1.98,1.88,1.92,1.94,1.95,,1.92,,,35538,68250.0,108,F1,1,,,,,,False
2026-10-01,2026-10-01,CM,BSE,STK,542803,INE560T01015,VEL,X,,,,,Vaxfab Enterprises Limited,67.0,67.0,65.0,65.8,65.8,65.12,,65.8,,,8809,572775.0,43,F1,1,,,,,,False
2026-10-01,2026-10-01,CM,BSE,STK,542850,INE492Z01018,GOBLIN,MT,,,,,GOBLIN INDIA LIMITED,12.24,12.24,12.24,12.24,12.24,12.88,,12.24,,,2000,24480.0,1,F1,2000,,,,,,False
2026-10-01,2026-10-01,CM,BSE,STK,542862,INE052001026,SHAHLON,X,,,,,Shahlon Silk Industries Limite,24.5,24.5,22.66,23.17,22.91,23.92,,23.17,,,4152,95391.0,49,F1,1,,,,,,False
2026-10-01,2026-10-01,CM,BSE,STK,542865,INE490Z01012,ANUROOP,B,,,,,Anuroop Packaging Limited,10.25,10.25,9.6,9.76,9.76,9.73,,9.76,,,6560,63685.0,43,F1,1,,,,,,False
2026-10-01,2026-10-01,CM,BSE,STK,542909,INF754K01KO2,EBBETF0430,F,,,,,Edelweiss Mutual Fund,1608.39,1612.49,1600.89,1611.93,1612.49,1605.25,,1601.76,,,54,86869.0,31,F1,1,,,,,,False
2026-10-01,2026-10-01,CM,BSE,STK,542910,INE08RT01016,VALENCIA,MS,,,,,Valencia Nutrition Limited,58.0,58.0,58.0,58.0,58.0,60.5,,58.0,,,3000,174000.0,2,F1,1500,,,,,,False
2026-10-01,2026-10-01,CM,BSE,STK,542918,INE063601012,GIANLIFE,Z,,,,,Gian Life Care Limited,4.79,4.79,4.48,4.61,4.67,4.71,,4.61,,,5134,23267.0,54,F1,1,,,,,,False
2026-10-01,2026-10-01,CM,BSE,STK,542922,INF769K01FN2,NEXT50,B,,,,,Mirae Asset Mutual Fund,719.0,721.01,705.0,712.96,713.93,721.3,,713.48,,,5417,3849265.0,205,F1,1,,,,,,False
2026-10-01,2026-10-01,CM,BSE,STK,542938,INE117S01016,OCTAVIUSPL,X,,,,,Octavius Plantations Limited,43.0,43.0,43.0,43.0,43.0,43.68,,43.0,,,100,4300.0,1,F1,1,,,,,,False
2026-10-01,2026-10-01,CM,BSE,STK,543171,INE0BDU01028,ROJL,B,,,,,RO Jewels Limited,1.35,1.35,1.35,1.35,1.35,1.4,,1.35,,,38301,51706.0,38,F1,1,,,,,,False
2026-10-01,2026-10-01,CM,BSE,STK,543172,INE0CQB01010,COSPOWER,MT,,,,,Cospower Engineering Limited,3199.95,3199.95,3195.0,3195.0,3195.0,3110.25,,3195.0,,,500,1599050.0,4,F1,125,,,,,,False
2026-10-01,2026-10-01,CM,BSE,STK,543207,INE06MM01016,NATURAL,X,,,,,Natural Biocon (India) Limited,2.71,2.75,2.53,2.57,2.56,2.66,,2.57,,,130812,334465.0,146,F1,1,,,,,,False
2026-10-01,2026-10-01,CM,BSE,STK,543208,INE745R01024,REGIS,X,,,,,REGIS INDUSTRIES LIMITED,2.05,2.1,2.01,2.07,2.07,2.06,,2.07,,,18207,37616.0,69,F1,1,,,,,,False
2026-10-01,2026-10-01,CM,BSE,STK,543209,INE0CRS01012,BILLWIN,MT,,,,,Billwin Industries Limited,44.23,44.23,44.23,44.23,44.23,42.13,,44.23,,,6000,265380.0,1,F1,3000,,,,,,False
2026-10-01,2026-10-01,CM,BSE,STK,543216,INF754K01LE1,EBBETF0431,F,,,,,Edelweiss Mutual Fund,1430.97,1436.8,1425.29,1427.0,1427.0,1426.45,,1427.59,,,105,150317.0,12,F1,1,,,,,,False
2026-10-01,2026-10-01,CM,BSE,STK,543229,INE412J01010,SAMRATFORG,X,,,,,Samrat Forgings Limited,224.95,224.95,224.95,224.95,224.95,225.0,,224.95,,,47,10572.0,4,F1,1,,,,,,False
2026-10-01,2026-10-01,CM,BSE,STK,543241,INE244W01010,VGIL,B,,,,,Veer Global Infraconstruction,144.7,145.0,143.05,145.0,145.0,144.65,,145.0,,,92,13273.0,17,F1,1,,,,,,False
2026-10-01,2026-10-01,CM,BSE,STK,543246,INF769K01GS9,ESG,B,,,,,Mirae Asset Mutual Fund,38.67,38.67,38.3,38.55,38.55,38.83,,38.48,,,600,23056.0,12,F1,1,,,,,,False
2026-10-01,2026-10-01,CM,BSE,STK,543250,INF247L01AK4,MOGSEC,F,,,,,Motilal Oswal Mutual Fund,65.18,65.48,64.4,65.15,65.18,65.34,,65.16,,,5373,348014.0,84,F1,1,,,,,,False
2026-10-01,2026-10-01,CM,BSE,STK,543255,INF732E01268,INFRABEES,B,,,,,Nippon India Mutual Fund,896.77,906.41,883.53,896.72,906.41,904.48,,895.28,,,720,643515.0,129,F1,1,,,,,,False
2026-10-01,2026-10-01,CM,BSE,STK,543256,INE018S01016,RFLL,X,,,,,RITA FINANCE AND LEASING LIMIT,14.2,14.2,13.49,13.96,13.96,14.2,,13.96,,,2599,35178.0,24,F1,1,,,,,,False
2026-10-01,2026-10-01,CM,BSE,STK,543262,INE0D7801012,MRP,M,,,,,MRP Agro Limited,90.0,90.0,89.5,89.6,89.7,89.9,,89.6,,,3000,269200.0,3,F1,1000,,,,,,False
2026-10-01,2026-10-01,CM,BSE,STK,543285,INE0CQ101015,RCAN,M,,,,,Rajeshwari Cans Limited,14.51,16.18,14.51,15.7,15.7,16.19,,15.7,,,1600,24520.0,4,F1,400,,,,,,False
2026-10-01,2026-10-01,CM,BSE,STK,543291,INF769K01HF4,MAFANG,B,,,,,Mirae Asset Mutual Fund,240.79,248.5,234.8,248.02,248.3,240.83,,248.2,,,58825,14438688.0,2315,F1,1,,,,,,False
2026-10-01,2026-10-01,CM,BSE,STK,543309,INE0H8J01015,ADESHWAR,M,,,,,Adeshwar Meditex Limited,15.25,17.25,15.25,16.25,17.25,16.93,,16.25,,,12000,195000.0,2,F1,6000,,,,,,False
2026-10-01,2026-10-01,CM,BSE,STK,543310,INE0B6101012,TIMESGREEN,MT,,,,,Times Green Energy (India) Lim,78.5,78.5,78.5,78.5,78.5,77.0,,78.5,,,4000,314000.0,1,F1,4000,,,,,,False
2026-10-01,2026-10-01,CM,BSE,STK,543323,INF769K01HI8,BFSI,B,,,,,Mirae Asset Mutual Fund,25.72,25.83,25.4,25.53,25.62,25.72,,25.52,,,7538,193170.0,235,F1,1,,,,,,False
2026-10-01,2026-10-01,CM,BSE,STK,543341,INE647W01014,SHARPLINE,X,,,,,SHARPLINE BROADCAST LIMITED,8.62,9.1,8.62,8.82,9.07,9.01,,8.82,,,2459,21827.0,18,F1,1,,,,,,False
2026-10-01,2026-10-01,CM,BSE,STK,543346,INE0EAX01014,AASHKA,M,,,,,Aashka Hospitals Limited,104.0,106.0,103.75,105.5,106.0,106.0,,105.5,,,4000,418750.0,4,F1,1000,,,,,,False
2026-10-01,2026-10-01,CM,BSE,STK,543347,INF846K01Y96,ITAXIS,B,,,,,Axis Mutual Fund,308.7,312.12,308.15,308.15,308.15,302.58,,309.81,,,165,51239.0,5,F1,1,,,,,,False
2026-10-01,2026-10-01,CM,BSE,STK,543348,INF846K01Z12,HEALTHAXIS,B,,,,,Axis Mutual Fund,165.08,165.08,161.93,162.29,162.29,167.19,,163.58,,,1047,170669.0,30,F1,1,,,,,,False
2026-10-01,2026-10-01,CM,BSE,STK,543351,INE0GOA01018,NBL,MS,,,,,Naapbooks Limited,150.1,150.1,150.1,150.1,150.1,157.5,,150.1,,,1200,180120.0,1,F1,1200,,,,,,False
2026-10-01,2026-10-01,CM,BSE,STK,543357,INF846K016C7,CONSUMAXIS,B,,,,,Axis Mutual Fund,112.29,113.85,110.88,111.18,111.18,114.0,,111.99,,,407,45431.0,10,F1,1,,,,,,False
2026-10-01,2026-10-01,CM,BSE,STK,543363,INE0GAO01018,PREVEST,M,,,,,Prevest Denpro Limited,381.0,382.95,376.0,377.05,377.0,379.95,,377.05,,,4800,1817550.0,20,F1,200,,,,,,False
2026-10-01,2026-10-01,CM,BSE,STK,543365,INF769K01HP3,MASPTOP50,B,,,,,Mirae Asset Mutual Fund,102.12,102.16,99.5,101.21,101.99,99.63,,101.52,,,36672,3698594.0,1048,F1,1,,,,,,False
2026-10-01,2026-10-01,CM,BSE,STK,543366,INE0DLM01024,SBLI,M,,,,,SBL Infratech Limited,43.0,43.0,42.5,42.5,42.5,42.33,,42.5,,,2400,102600.0,2,F1,1200,,,,,,False
2026-10-01,2026-10-01,CM,BSE,STK,543373,INE0HLJ01013,SVRL,T,,,,,Shri Venkatesh Refineries Limi,646.8,681.5,640.0,679.0,681.5,651.95,,679.0,,,22437,15151063.0,154,F1,1,,,,,,False
2026-10-01,2026-10-01,CM,BSE,STK,543376,INE0GD201014,SAMOR,B,,,,,Samor Reality Limited,101.4,101.4,92.63,92.63,92.63,97.5,,92.63,,,1084,100510.0,14,F1,1,,,,,,False
2026-10-01,2026-10-01,CM,BSE,STK,543377,INE0CWK01019,ADISHAKTI,M,,,,,Adishakti Loha and Ispat Limit,6.25,6.25,6.25,6.25,6.25,6.24,,6.25,,,10000,62500.0,1,F1,10000,,,,,,False
2026-10-01,2026-10-01,CM,BSE,STK,543378,INE0H8H01019,CWD,MS,,,,,CWD Limited,272.0,272.0,258.3,270.0,270.0,273.85,,270.0,,,25500,6786000.0,27,F1,500,,,,,,False
2026-10-01,2026-10-01,CM,BSE,STK,543391,INE07GA01011,SGFRL,M,,,,,Suyog Gurbaxani Funicular Rope,77.92,80.0,77.92,80.0,80.0,77.92,,80.0,,,2250,178440.0,3,F1,750,,,,,,False
2026-10-01,2026-10-01,CM,BSE,STK,543400,INE0JFE01012,OMNIPOTENT,M,,,,,Omnipotent Industries Limited,3.34,3.39,3.15,3.39,3.39,3.09,,3.39,,,106000,354740.0,23,F1,2000,,,,,,False
2026-10-01,2026-10-01,CM,BSE,STK,543410,INE07L501010,DMR,M,,,,,DMR ENGINEERING LIMITED,27.66,27.66,27.51,27.57,27.51,29.9,,27.57,,,7800,215338.0,4,F1,1950,,,,,,False
2026-10-01,2026-10-01,CM,BSE,STK,543414,INF769K01HS7,MAHKTECH,B,,,,,Mirae Asset Mutual Fund,22.04,22.1,21.56,21.6,21.8,21.94,,21.58,,,56332,1229135.0,547,F1,1,,,,,,False
2026-10-01,2026-10-01,CM,BSE,STK,543418,INF754K01OB1,BBETF0432,F,,,,,Edelweiss Mutual Fund,1337.0,1340.0,1333.2,1333.2,1333.2,1332.9,,1333.92,,,279,372054.0,7,F1,1,,,,,,False
2026-10-01,2026-10-01,CM,BSE,STK,543437,INF247L01AU3,MONQ50,B,,,,,Motilal Oswal Mutual Fund,199.34,202.12,191.38,193.51,194.03,194.48,,193.21,,,41622,8160482.0,1131,F1,1,,,,,,False
2026-10-01,2026-10-01,CM,BSE,STK,543454,INF769K01IB1,MAKEINDIA,B,,,,,Mirae Asset Mutual Fund,156.14,156.63,153.1,154.78,154.81,157.6,,154.68,,,1597,246244.0,57,F1,1,,,,,,False
2026-10-01,2026-10-01,CM,BSE,STK,543460,INE0KAF01018,QRIL,M,,,,,Quality RO Industries Limited,27.5,27.5,27.5,27.5,27.5,28.85,,27.5,,,1000,27500.0,1,F1,500,,,,,,False
2026-10-01,2026-10-01,CM,BSE,STK,543461,INE0JNA01014,SSTL,M,,,,,Safa Systems & Technologies Li,19.51,22.25,19.51,21.33,22.25,22.6,,21.33,,,15000,310800.0,3,F1,5000,,,,,,False
2026-10-01,2026-10-01,CM,BSE,STK,543464,INE0JSJ01014,SPITZE,M,,,,,Maruti Interior Products Limit,40.0,40.0,39.0,39.0,39.0,39.01,,39.0,,,11000,431900.0,9,F1,1000,,,,,,False
2026-10-01,2026-10-01,CM,BSE,STK,543465,INF247L01BK2,MOMOMENTUM,B,,,,,Motilal Oswal Mutual Fund,60.27,61.99,58.39,59.5,61.99,60.27,,59.28,,,6726,399583.0,164,F1,1,,,,,,False
2026-10-01,2026-10-01,CM,BSE,STK,543475,INE0KCM01010,EKENNIS,M,,,,,Ekennis Software Service Limit,37.5,37.5,37.5,37.5,37.5,37.53,,37.5,,,1600,60000.0,1,F1,800,,,,,,False
2026-10-01,2026-10-01,CM,BSE,STK,543481,INF769K01IC9,MIDCAPETF,B,,,,,Mirae Asset Mutual Fund,22.97,22.97,21.86,22.16,22.16,22.41,,22.14,,,613479,13589495.0,1816,F1,1,,,,,,False
2026-10-01,2026-10-01,CM,BSE,STK,543497,INE0KQ001017,BCCL,M,,,,,Bhatia Colour Chem Limited,24.7,24.75,23.75,23.96,23.75,25.0,,23.96,,,56400,1352888.0,71,F1,400,,,,,,False
2026-10-01,2026-10-01,CM,BSE,STK,543499,INE0K1401020,ACHYUT,B,,,,,Achyut Healthcare Limited,6.06,6.27,5.73,5.91,5.8,6.03,,5.91,,,98127,576653.0,945,F1,1,,,,,,False
2026-10-01,2026-10-01,CM,BSE,STK,543500,INE0JVD01011,EVOQ,MT,,,,,Evoq Remedies Limited,1.6,1.6,1.5,1.52,1.52,1.53,,1.52,,,16000,24560.0,4,F1,4000,,,,,,False
2026-10-01,2026-10-01,CM,BSE,STK,543501,INF247L01BL0,MOLOWVOL,B,,,,,Motilal Oswal Mutual Fund,34.1,34.14,33.8,33.9,33.9,34.28,,33.9,,,340,11561.0,13,F1,1,,,,,,False
2026-10-01,2026-10-01,CM,BSE,STK,543515,INE0KPY01017,SEML,M,,,,,Sunrise Efficient Marketing Li,30.4,30.83,29.6,29.81,30.29,31.14,,29.81,,,26250,784800.0,50,F1,375,,,,,,False
2026-10-01,2026-10-01,CM,BSE,STK,543516,INE0K5F01014,DHYAANITR,MT,,,,,DHYAANI TRADEVENTTURES LIMITED,8.95,9.03,8.51,9.0,9.0,8.87,,9.0,,,280000,2490068.0,30,F1,2800,,,,,,False
2026-10-01,2026-10-01,CM,BSE,STK,543518,INE0KSN01014,EIGHTY,M,,,,,Eighty Jewellers Limited,42.11,46.85,42.01,43.62,46.85,48.0,,43.62,,,45000,1909200.0,11,F1,3000,,,,,,False
2026-10-01,2026-10-01,CM,BSE,STK,543519,INE0JMN01019,SFSL,M,,,,,Shashwat Furnishing Solutions,65.0,65.0,63.0,63.0,63.0,65.0,,63.0,,,36000,2322000.0,5,F1,1500,,,,,,False
2026-10-01,2026-10-01,CM,BSE,STK,543520,INE0J2K01014,GLHRL,MT,,,,,Global Longlife Hospital and R,12.78,12.9,12.15,12.15,12.15,12.78,,12.15,,,52000,636200.0,22,F1,1000,,,,,,False
2026-10-01,2026-10-01,CM,BSE,STK,543531,INE05CY01014,TIERRA,X,,,,,Tierra Agrotech Limited,39.69,39.69,39.69,39.69,39.69,41.77,,39.69,,,5685,225637.0,43,F1,1,,,,,,False
2026-10-01,2026-10-01,CM,BSE,STK,543540,INE0GTX01019,PGCRL,M,,,,,Pearl Green Clubs and Resorts,106.35,111.4,106.35,111.4,111.4,111.9,,111.4,,,1200,130650.0,2,F1,600,,,,,,False
2026-10-01,2026-10-01,CM,BSE,STK,543542,INE0L1C01019,KESAR,M,,,,,KESAR INDIA LIMITED,1158.0,1178.95,1105.0,1134.35,1134.35,1171.8,,1134.35,,,26500,30048445.0,111,F1,100,,,,,,False
2026-10-01,2026-10-01,CM,BSE,STK,543544,INE0KR801019,JAYANT,M,,,,,JAYANT INFRATECH LIMITED,95.36,104.25,95.0,103.95,104.25,99.29,,103.95,,,219750,22446720.0,128,F1,750,,,,,,False
2026-10-01,2026-10-01,CM,BSE,STK,543546,INE0L3501015,HEALTHYLIFE,M,,,,,HEALTHY LIFE AGRITEC LIMITED,6.16,6.2,6.14,6.15,6.15,6.46,,6.15,,,126000,774140.0,24,F1,2000,,,,,,False
2026-10-01,2026-10-01,CM,BSE,STK,543563,INF247L01BB1,MOHEALTH,B,,,,,Motilal Oswal Mutual Fund,49.8,52.17,49.8,50.9,50.85,51.08,,50.83,,,32113,1608615.0,167,F1,1,,,,,,False
2026-10-01,2026-10-01,CM,BSE,STK,543576,INF247L01BE5,MOVALUE,B,,,,,Motilal Oswal Mutual Fund,106.69,111.27,105.37,108.73,110.83,108.32,,108.41,,,9508,1020038.0,199,F1,1,,,,,,False
2026-10-01,2026-10-01,CM,BSE,STK,543577,INF247L01BH8,MOQUALITY,B,,,,,Motilal Oswal Mutual Fund,187.07,209.0,184.44,187.02,192.0,191.86,,187.16,,,632,117530.0,43,F1,1,,,,,,False
2026-10-01,2026-10-01,CM,BSE,STK,543578,INE0M3901015,OLATECH,M,,,,,Olatech Solutions Limited,62.0,62.0,62.0,62.0,62.0,60.89,,62.0,,,1850,114700.0,2,F1,925,,,,,,False
2026-10-01,2026-10-01,CM,BSE,STK,543594,INE0MC401013,DPL,M,,,,,DIPNA PHARMACHEM LIMITED,4.25,4.35,4.15,4.15,4.16,4.36,,4.15,,,165000,692430.0,45,F1,3000,,,,,,False
2026-10-01,2026-10-01,CM,BSE,STK,543595,INE0D2I01014,EPBIO,M,,,,,EP BIOCOMPOSITES LIMITED,85.15,101.01,85.15,90.02,90.02,98.18,,90.02,,,1500,138090.0,3,F1,500,,,,,,False
2026-10-01,2026-10-01,CM,BSE,STK,543606,INE0M8901010,CONTAINE,M,,,,,CONTAINE TECHNOLOGIES LIMITED,14.59,14.59,14.59,14.59,14.59,15.12,,14.59,,,1000,14590.0,1,F1,1000,,,,,,False
2026-10-01,2026-10-01,CM,BSE,STK,543613,INE0KQQ01011,MAFIA,M,,,,,MAFIA TRENDS LIMITED,5.53,5.72,5.53,5.72,5.72,6.13,,5.72,,,12000,67880.0,2,F1,4000,,,,,,False
2026-10-01,2026-10-01,CM,BSE,STK,543615,INE0MNV01014,SRSOLTD,M,,,,,SILICON RENTAL SOLUTIONS LIMIT,73.0,73.0,70.25,70.25,70.25,73.53,,70.25,,,9600,688072.0,11,F1,800,,,,,,False
2026-10-01,2026-10-01,CM,BSE,STK,543616,INE0MKA01014,TLL,M,,,,,Trident Lifeline Limited,366.05,381.0,355.05,376.35,374.0,366.05,,376.35,,,41400,15383760.0,64,F1,600,,,,,,False
2026-10-01,2026-10-01,CM,BSE,STK,543619,INE0N0J01014,CNCRD,M,,,,,Concord Control Systems Limite,2322.0,2322.0,2250.0,2280.7,2296.0,2321.7,,2280.7,,,4450,10084907.0,71,F1,50,,,,,,False
2026-10-01,2026-10-01,CM,BSE,STK,543637,INE0N1L01018,PACE,M,,,,,PACE E-COMMERCE VENTURES LIMIT,16.02,16.84,15.22,15.65,15.8,16.12,,15.65,,,14400,224460.0,11,F1,1200,,,,,,False
2026-10-01,2026-10-01,CM,BSE,STK,543656,INE0MXP01015,TECHNOPACK,M,,,,,Technopack Polymers Limited,12.5,12.5,12.2,12.2,12.2,13.26,,12.2,,,8000,98800.0,2,F1,4000,,,,,,False
2026-10-01,2026-10-01,CM,BSE,STK,543678,INE0N6V01016,AMBOAGRI,M,,,,,AMBO AGRITEC LIMITED,9.9,9.9,9.64,9.64,9.64,9.94,,9.64,,,7000,69040.0,2,F1,1000,,,,,,False
2026-10-01,2026-10-01,CM,BSE,STK,543699,INF754K01QX0,EBBETF0433,F,,,,,Edelweiss Mutual Fund,1298.84,1298.88,1298.84,1298.87,1298.87,1296.0,,1299.69,,,220,285753.0,19,F1,1,,,,,,False
2026-10-01,2026-10-01,CM,BSE,STK,543709,INE0NT601018,GARGI,M,,,,,PNGS GARGI FASHION JEWELLERY L,567.0,609.05,560.0,589.7,608.0,582.45,,589.7,,,13375,7749112.0,93,F1,125,,,,,,False
2026-10-01,2026-10-01,CM,BSE,STK,543713,INE0MQD01015,DRONACHRYA,M,,,,,Droneacharya Aerial Innovation,31.75,32.5,31.03,31.75,31.75,32.56,,31.75,,,17000,543720.0,16,F1,1000,,,,,,False
2026-10-01,2026-10-01,CM,BSE,STK,543737,INE09BN01011,AVEER,X,,,,,Aveer Foods Limited,607.5,607.5,607.5,607.5,607.5,607.5,,607.5,,,1963,1192522.0,12,F1,1,,,,,,False
2026-10-01,2026-10-01,CM,BSE,STK,543745,INE0MID01012,SVS,M,,,,,SVS VENTURES LIMITED,4.8,5.89,4.7,5.55,5.89,5.1,,5.55,,,36000,184140.0,6,F1,6000,,,,,,False
2026-10-01,2026-10-01,CM,BSE,STK,543746,INE0BSU01018,LOGICA,M,,,,,LOGICA INFOWAY LIMITED,169.0,169.0,161.55,167.8,167.8,166.65,,167.8,,,19800,3295890.0,21,F1,600,,,,,,False
2026-10-01,2026-10-01,CM,BSE,STK,543754,INE0MPU01011,TRANSVOY,M,,,,,TRANSVOY LOGISTICS INDIA LIMIT,89.0,89.0,88.0,88.0,88.0,90.5,,88.0,,,1600,141600.0,2,F1,800,,,,,,False
2026-10-01,2026-10-01,CM,BSE,STK,543765,INE0O4V01010,EARTH,M,,,,,Earthstahl & Alloys Limited,12.55,12.55,11.93,11.93,11.93,12.5,,11.93,,,6000,73440.0,2,F1,3000,,,,,,False
2026-10-01,2026-10-01,CM,BSE,STK,543769,INE0KN201016,INDONG,MT,,,,,INDONG TEA COMPANY LIMITED,5.53,5.93,5.53,5.93,5.93,5.65,,5.93,,,16000,90080.0,2,F1,4000,,,,,,False
2026-10-01,2026-10-01,CM,BSE,STK,543781,INF769K01JP9,GOLDETF,E,,,,,Mirae Asset Mutual Fund,141.74,143.59,141.74,142.96,143.42,142.98,,143.08,,,24857,3555467.0,400,F1,1,,,,,,False
2026-10-01,2026-10-01,CM,BSE,STK,543782,INE0O4601016,SEALMATIC,M,,,,,Sealmatic India Limited,400.05,400.05,390.0,400.0,400.0,401.5,,400.0,,,8280,3299553.0,29,F1,180,,,,,,False
2026-10-01,2026-10-01,CM,BSE,STK,543787,INE0OLH01013,ROBU,M,,,,,Macfos Limited,1066.0,1066.0,1020.0,1049.65,1050.0,1067.0,,1049.65,,,6435,6709254.0,22,F1,165,,,,,,False
2026-10-01,2026-10-01,CM,BSE,STK,543798,INE0NPA01011,PATRON,M,,,,,Patron Exim Limited,1.9,1.9,1.88,1.89,1.89,1.79,,1.89,,,12000,22680.0,3,F1,4000,,,,,,False
2026-10-01,2026-10-01,CM,BSE,STK,543799,INE0JZS01010,SVJ,M,,,,,S. V. J. Enterprises Limited,165.3,172.0,165.3,166.0,165.3,174.0,,166.0,,,6750,1120550.0,16,F1,250,,,,,,False
2026-10-01,2026-10-01,CM,BSE,STK,543805,INE0NYN01016,RESGEN,M,,,,,RESGEN LIMITED,43.0,44.5,41.0,43.74,44.5,43.95,,43.74,,,30000,1287885.0,35,F1,750,,,,,,False
2026-10-01,2026-10-01,CM,BSE,STK,543806,INE0O6A01019,ITCONS,M,,,,,ITCONS E-Solutions Limited,260.0,267.8,252.3,262.35,256.9,263.45,,262.35,,,11600,3023550.0,37,F1,200,,,,,,False
2026-10-01,2026-10-01,CM,BSE,STK,543828,INE00TV01023,SUDARSHAN,M,,,,,SUDARSHAN PHARMA INDUSTRIES LI,36.98,37.24,36.2,37.24,37.24,37.3,,37.24,,,20000,735800.0,5,F1,4000,,,,,,False
2026-10-01,2026-10-01,CM,BSE,STK,543830,INE0NLJ01011,LABELKRAFT,M,,,,,LABELKRAFT TECHNOLOGIES LIMITE,66.0,66.0,66.0,66.0,66.0,62.0,,66.0,,,2000,132000.0,1,F1,2000,,,,,,False
2026-10-01,2026-10-01,CM,BSE,STK,543831,INE0OMI01019,BRIGHT,M,,,,,Bright Outdoor Media Limited,350.0,350.0,349.5,349.9,350.0,351.0,,349.9,,,4875,1706062.0,7,F1,375,,,,,,False
2026-10-01,2026-10-01,CM,BSE,STK,543848,INE0NIJ01025,DEVLAB,M,,,,,Dev Labtech Venture Limited,18.76,18.76,18.76,18.76,18.76,20.9,,18.76,,,4000,75040.0,1,F1,4000,,,,,,False
2026-10-01,2026-10-01,CM,BSE,STK,543853,INF846K010Q0,SENSEXAXIS,B,,,,,AXIS BSE SENSEX ETF,74.0,75.95,74.0,74.27,74.27,76.0,,74.33,,,685,51062.0,18,F1,1,,,,,,False
2026-10-01,2026-10-01,CM,BSE,STK,543860,INE825B01010,JAFINANCE,XT,,,,,J.A. Finance Limited,159.4,159.4,150.0,158.5,158.0,151.9,,158.5,,,3712,577124.0,23,F1,1,,,,,,False
2026-10-01,2026-10-01,CM,BSE,STK,543874,INE0O1T01010,MAIDEN,M,,,,,Maiden Forgings Limited,101.8,101.95,97.0,99.5,99.5,102.95,,99.5,,,10000,999250.0,9,F1,1000,,,,,,False
2026-10-01,2026-10-01,CM,BSE,STK,543875,INF769K01KF8,GSEC10YEAR,F,,,,,Mirae Asset Mutual Fund,30.0,30.0,30.0,30.0,30.0,29.82,,29.93,,,1,30.0,1,F1,1,,,,,,False
2026-10-01,2026-10-01,CM,BSE,STK,543895,INE0O8901016,EXHICON,M,,,,,Exhicon Events Media Solutions,525.0,529.25,510.0,514.85,514.85,525.85,,514.85,,,80250,41785225.0,82,F1,250,,,,,,False
2026-10-01,2026-10-01,CM,BSE,STK,543897,INE0P7001013,SANCODE,MT,,,,,Sancode Technologies Limited,833.4,833.4,833.4,833.4,833.4,817.1,,833.4,,,500,416700.0,1,F1,500,,,,,,False
2026-10-01,2026-10-01,CM,BSE,STK,543902,INE0NTC01019,RETINA,M,,,,,Retina Paints Limited,35.39,36.55,31.0,32.0,32.0,34.54,,32.0,,,26000,853320.0,12,F1,2000,,,,,,False
2026-10-01,2026-10-01,CM,BSE,STK,543914,INE210F01016,SWATIPRO,XT,,,,,Swati Projects Limited,39.27,40.42,37.8,40.41,40.22,38.5,,40.41,,,27269,1075018.0,150,F1,1,,,,,,False
2026-10-01,2026-10-01,CM,BSE,STK,543916,INE0GYI01028,HSIL,MT,,,,,Hemant Surgical Industries Lim,609.0,613.0,580.0,610.5,613.0,609.4,,610.5,,,14400,8619200.0,32,F1,400,,,,,,False
2026-10-01,2026-10-01,CM,BSE,STK,543920,INE0NJ001013,CFF,B,,,,,CFF FLUID CONTROL LIMITED,1097.0,1097.0,1036.1,1058.9,1058.9,1091.75,,1058.9,,,44237,46812652.0,1797,F1,1,,,,,,False
2026-10-01,2026-10-01,CM,BSE,STK,543921,INE0NXA01015,COMRADE,MT,,,,,Comrade Appliances Limited,28.8,28.8,28.8,28.8,28.8,30.31,,28.8,,,5000,144000.0,4,F1,1000,,,,,,False
2026-10-01,2026-10-01,CM,BSE,STK,543922,INF769K01KG6,SILVERAG,E,,,,,Mirae Asset Mutual Fund,214.21,214.63,212.24,212.6,213.28,213.36,,212.81,,,1357,289664.0,81,F1,1,,,,,,False
2026-10-01,2026-10-01,CM,BSE,STK,543924,INE0N5O01013,SONALIS,M,,,,,Sonalis Consumer Products Limi,37.29,37.29,37.29,37.29,37.29,36.75,,37.29,,,2000,74580.0,1,F1,2000,,,,,,False
2026-10-01,2026-10-01,CM,BSE,STK,543926,INE0OJ401014,BIZOTIC,M,,,,,Bizotic Commercial Limited,120.5,128.0,118.0,124.7,127.85,123.16,,124.7,,,66000,8063460.0,45,F1,1200,,,,,,False
2026-10-01,2026-10-01,CM,BSE,STK,543927,INE04Z101016,ASIAN,X,,,,,Asian Warehousing Limited,33.9,33.9,31.5,33.85,33.85,33.47,,33.85,,,808,25966.0,16,F1,1,,,,,,False
2026-10-01,2026-10-01,CM,BSE,STK,543928,INE0ORA01015,COSMICCRF,M,,,,,Cosmic CRF Limited,1290.0,1337.7,1240.0,1269.85,1275.0,1274.0,,1269.85,,,21000,27256150.0,167,F1,100,,,,,,False
2026-10-01,2026-10-01,CM,BSE,STK,543931,INE0Q0M01015,VEEFIN,M,,,,,VEEFIN SOLUTIONS LIMITED,254.0,254.0,241.0,247.05,245.5,250.1,,247.05,,,19800,4877520.0,60,F1,200,,,,,,False
2026-10-01,2026-10-01,CM,BSE,STK,543934,INE01BT01015,MACIND,XT,,,,,Machhar Industries Limited,398.95,398.95,386.9,386.9,386.9,380.0,,386.9,,,135,53451.0,7,F1,1,,,,,,False
2026-10-01,2026-10-01,CM,BSE,STK,543937,INE0NZF01019,ALPHAIND,M,,,,,ALPHALOGIC INDUSTRIES LIMITED,137.95,138.0,137.95,138.0,138.0,138.9,,138.0,,,2400,331170.0,4,F1,600,,,,,,False
2026-10-01,2026-10-01,CM,BSE,STK,543939,INE0P3N01018,KAKA,M,,,,,Kaka Industries Limited,220.8,220.8,215.1,216.5,218.0,221.95,,216.5,,,19000,4162300.0,35,F1,500,,,,,,False
2026-10-01,2026-10-01,CM,BSE,STK,543941,INE0NEV01011,AHASOLAR,M,,,,,AHASOLAR TECHNOLOGIES LIMITED,65.8,65.8,64.36,64.36,64.36,64.2,,64.36,,,1600,104184.0,4,F1,400,,,,,,False
2026-10-01,2026-10-01,CM,BSE,STK,543943,INE0DN001027,ASARFI,M,,,,,ASARFI HOSPITAL LIMITED,187.5,187.5,174.0,177.0,177.0,183.4,,177.0,,,22000,3944300.0,22,F1,1000,,,,,,False
2026-10-01,2026-10-01,CM,BSE,STK,543944,INF769K01KR3,BANKETF,B,,,,,Mirae Asset Mutual Fund,560.56,561.16,551.33,555.2,555.2,558.44,,555.86,,,1933,1079623.0,68,F1,1,,,,,,False
2026-10-01,2026-10-01,CM,BSE,STK,543946,INF769K01KS1,LIQUID,F,,,,,Mirae Asset Mutual Fund,1000.0,1000.01,1000.0,1000.0,1000.0,1000.0,,999.99,,,116686,116686000.0,59,F1,1,,,,,,False
2026-10-01,2026-10-01,CM,BSE,STK,543953,INE0OWC01011,KHAZANCHI,M,,,,,Khazanchi Jewellers Limited,718.65,718.8,707.0,710.6,710.0,715.75,,710.6,,,25000,17863700.0,62,F1,250,,,,,,False
2026-10-01,2026-10-01,CM,BSE,STK,543963,INE013V01011,SHELTER,M,,,,,SHELTER PHARMA LIMITED,36.0,38.0,36.0,36.25,36.25,37.0,,36.25,,,144000,5434350.0,19,F1,3000,,,,,,False
2026-10-01,2026-10-01,CM,BSE,STK,543971,INE0Q8P01029,BONDADA,M,,,,,Bondada Engineering Limited,276.1,277.35,264.0,269.5,270.0,276.1,,269.5,,,135000,36510030.0,421,F1,200,,,,,,False
2026-10-01,2026-10-01,CM,BSE,STK,543976,INE489B01031,SHRAAITECH,X,,,,,Shradha AI Technologies Limite,20.68,20.68,19.53,19.96,20.05,20.34,,19.96,,,17616,351833.0,160,F1,1,,,,,,False
2026-10-01,2026-10-01,CM,BSE,STK,543982,INE0OYE01013,QUESTFLOW,M,,,,,QUEST FLOW CONTROLS LIMITED,150.0,151.0,145.8,146.5,146.5,150.0,,146.5,,,4400,655100.0,15,F1,200,,,,,,False
2026-10-01,2026-10-01,CM,BSE,STK,543991,INE0P4P01011,TECHKGREEN,M,,,,,TECHKNOWGREEN SOLUTIONS LIMITE,134.0,137.95,130.0,130.2,130.0,137.0,,130.2,,,6000,793180.0,10,F1,400,,,,,,False
2026-10-01,2026-10-01,CM,BSE,STK,543997,INE0MIO01019,ORGANICREC,M,,,,,ORGANIC RECYCLING SYSTEMS LIMI,207.45,213.0,197.0,201.2,200.0,207.45,,201.2,,,92700,18972090.0,76,F1,900,,,,,,False
2026-10-01,2026-10-01,CM,BSE,STK,543999,INF769K01KT9,SENSEXETF,B,,,,,Mirae Asset Mutual Fund,74.85,75.04,73.67,74.44,74.5,74.94,,74.43,,,5800,431196.0,61,F1,1,,,,,,False
2026-10-01,2026-10-01,CM,BSE,STK,544000,INE0M7501019,CCAL,MT,,,,,CITY CROPS AGRO LIMITED,50.6,50.6,50.6,50.6,50.6,49.61,,50.6,,,6000,303600.0,1,F1,6000,,,,,,False
2026-10-01,2026-10-01,CM,BSE,STK,544001,INE0Q1S01010,SUNITATOOL,MT,,,,,Sunita Tools Limited,1158.0,1158.35,1100.1,1107.05,1119.0,1158.0,,1107.05,,,14125,15791100.0,81,F1,125,,,,,,False
2026-10-01,2026-10-01,CM,BSE,STK,544002,INE0PA601017,VIVAA,MT,,,,,Vivaa Tradecom Limited,138.0,138.0,138.0,138.0,138.0,132.0,,138.0,,,2000,276000.0,1,F1,2000,,,,,,False
2026-10-01,2026-10-01,CM,BSE,STK,544006,INF769K01KV5,ITETF,B,,,,,Mirae Asset Mutual Fund,29.75,30.0,29.42,29.98,30.0,29.49,,29.93,,,36377,1080884.0,297,F1,1,,,,,,False
2026-10-01,2026-10-01,CM,BSE,STK,544007,INF769K01KU7,ALPHAETF,B,,,,,Mirae Asset Mutual Fund,25.15,25.39,24.65,25.0,25.0,25.24,,25.03,,,125108,3123866.0,776,F1,1,,,,,,False
2026-10-01,2026-10-01,CM,BSE,STK,544011,INE0Q6901013,VPL,M,,,,,Vrundavan Plantation Limited,38.0,38.0,38.0,38.0,38.0,40.0,,38.0,,,2400,91200.0,2,F1,1200,,,,,,False
2026-10-01,2026-10-01,CM,BSE,STK,544013,INE0OH401016,KKSHL,M,,,,,KK Shah Hospitals Limited,45.0,45.0,45.0,45.0,45.0,45.0,,45.0,,,3000,135000.0,1,F1,3000,,,,,,False
2026-10-01,2026-10-01,CM,BSE,STK,544015,INE0QI101019,MISHDESIGN,M,,,,,Mish Designs Limited,34.95,36.98,34.95,36.94,36.89,33.65,,36.94,,,2500,91350.0,5,F1,500,,,,,,False
2026-10-01,2026-10-01,CM,BSE,STK,544023,INE0N6U01018,KALYANI,MT,,,,,Kalyani Cast-Tech Limited,1230.0,1248.4,1186.55,1223.1,1230.0,1249.0,,1223.1,,,14250,17205700.0,53,F1,250,,,,,,False
2026-10-01,2026-10-01,CM,BSE,STK,544035,INE0RDR01012,SPL,M,,,,,Swashthik Plascon Limited,19.26,19.8,19.25,19.8,19.8,19.8,,19.8,,,4800,93296.0,3,F1,1600,,,,,,False
2026-10-01,2026-10-01,CM,BSE,STK,544036,INE0RDM01013,DEEPAKCHEM,M,,,,,DEEPAK CHEMTEX LIMITED,79.02,79.02,78.25,78.5,78.25,80.11,,78.5,,,4000,314840.0,5,F1,800,,,,,,False
2026-10-01,2026-10-01,CM,BSE,STK,544037,INE0P9J01013,AMIC,M,,,,,Amic Forging Limited,2371.1,2520.0,2371.1,2498.4,2520.0,2389.4,,2498.4,,,72500,178766710.0,508,F1,100,,,,,,False
2026-10-01,2026-10-01,CM,BSE,STK,544043,INF251K01SU9,BBNPPGOLD,E,,,,,BARODA BNP PARIBAS MUTUAL FUND,142.0,143.33,141.31,141.31,141.31,144.23,,141.9,,,62,8815.0,8,F1,1,,,,,,False
2026-10-01,2026-10-01,CM,BSE,STK,544047,INE0QSK01017,SIYARAM,M,,,,,Siyaram Recycling Industries L,35.68,35.68,34.0,34.04,34.02,35.05,,34.04,,,27000,933825.0,18,F1,1500,,,,,,False
2026-10-01,2026-10-01,CM,BSE,STK,544052,INE0Q2Z01013,BENCHMARK,M,,,,,Benchmark Computer Solutions L,43.0,44.0,43.0,44.0,44.0,40.0,,44.0,,,12000,525900.0,6,F1,2000,,,,,,False
2026-10-01,2026-10-01,CM,BSE,STK,544059,INE0QZQ01019,SHANTIDENM,M,,,,,SHANTI SPINTEX LIMITED,32.0,32.0,29.26,31.51,31.51,32.0,,31.51,,,14000,440060.0,7,F1,2000,,,,,,False
2026-10-01,2026-10-01,CM,BSE,STK,544073,INE0A6N01026,MCPL,M,,,,,Manoj Ceramic Limited,73.9,73.9,72.0,72.0,72.0,73.9,,72.0,,,2000,145900.0,2,F1,1000,,,,,,False
2026-10-01,2026-10-01,CM,BSE,STK,544074,INE0RNZ01014,SBVCL,MT,,,,,Shri Balaji Valve Components L,129.3,129.3,129.0,129.0,129.0,135.75,,129.0,,,5400,696780.0,6,F1,600,,,,,,False
2026-10-01,2026-10-01,CM,BSE,STK,544083,INE0QIS01011,SHREE,M,,,,,Shree Marutinandan Tubes Limit,45.7,45.7,44.85,44.85,44.85,45.75,,44.85,,,2000,90625.0,4,F1,500,,,,,,False
2026-10-01,2026-10-01,CM,BSE,STK,544089,INF0R8F01034,LIQUIDCASE,F,,,,,Zerodha Mutual Fund,116.2,116.22,116.2,116.21,116.21,116.15,,116.2,,,681424,79187763.0,649,F1,1,,,,,,False
2026-10-01,2026-10-01,CM,BSE,STK,544090,INE07G501017,SHPLPUNE,X,,,,,Sayaji Hotels (Pune) Limited,820.0,941.0,820.0,847.85,847.85,863.0,,847.85,,,36,31041.0,30,F1,1,,,,,,False
2026-10-01,2026-10-01,CM,BSE,STK,544091,INE0Q1R01012,QLL,MT,,,,,Qualitek Labs Limited,607.0,607.0,560.5,579.0,579.0,590.0,,579.0,,,15600,8946040.0,31,F1,400,,,,,,False
2026-10-01,2026-10-01,CM,BSE,STK,544092,INF0QA701722,NIFTYBETF,B,,,,,Bajaj Finserv Mutual Fund,234.21,235.68,230.18,235.66,232.0,236.11,,231.85,,,1426,330565.0,24,F1,1,,,,,,False
2026-10-01,2026-10-01,CM,BSE,STK,544093,INF0QA701714,BANKBETF,B,,,,,Bajaj Finserv Mutual Fund,56.57,57.6,55.05,55.05,55.05,55.46,,55.45,,,61,3413.0,9,F1,1,,,,,,False
2026-10-01,2026-10-01,CM,BSE,STK,544101,INE0Q6L01014,BRISK,MT,,,,,Brisk Technovision Limited,73.8,73.9,73.8,73.9,73.9,70.6,,73.9,,,1600,118160.0,2,F1,800,,,,,,False
2026-10-01,2026-10-01,CM,BSE,STK,544105,INE0OLZ01015,HARSHDEEP,M,,,,,HARSHDEEP HORTICO LIMITED,88.0,88.0,88.0,88.0,88.0,89.21,,88.0,,,1500,132000.0,1,F1,1500,,,,,,False
2026-10-01,2026-10-01,CM,BSE,STK,544106,INE0R5Z01015,MCFL,MT,,,,,Mayank Cattle Food Limited,101.0,101.0,100.0,100.0,100.0,101.75,,100.0,,,3600,361200.0,3,F1,1200,,,,,,False
2026-10-01,2026-10-01,CM,BSE,STK,544108,INE0QZF01012,GPSL,M,,,,,Gabriel Pet Straps Limited,76.0,77.0,76.0,77.0,77.0,73.34,,77.0,,,18600,1430400.0,16,F1,600,,,,,,False
2026-10-01,2026-10-01,CM,BSE,STK,544112,INE0QXV01014,JGTL,X,,,,,JASCH GAUGING TECHNOLOGIES LIM,555.0,567.0,526.2,554.5,559.9,552.0,,554.5,,,1020,561277.0,25,F1,1,,,,,,False
2026-10-01,2026-10-01,CM,BSE,STK,544121,INE0OYK01010,RUDRAGAS,M,,,,,Rudra Gas Enterprise Limited,68.5,75.0,68.5,73.88,75.0,69.0,,73.88,,,9000,641000.0,8,F1,1000,,,,,,False
2026-10-01,2026-10-01,CM,BSE,STK,544123,INF767K01RN1,LICNMID100,B,,,,,LIC Mutual Fund,60.86,60.86,58.43,59.1,60.18,59.86,,58.64,,,1480,87701.0,23,F1,1,,,,,,False
2026-10-01,2026-10-01,CM,BSE,STK,544130,INF769K01LC3,SMALLCAP,B,,,,,Mirae Asset Mutual Fund,47.73,47.82,46.75,47.43,47.44,47.62,,47.43,,,56626,2673289.0,464,F1,1,,,,,,False
2026-10-01,2026-10-01,CM,BSE,STK,544132,INF0R8F01042,GOLDCASE,E,,,,,Zerodha Mutual Fund,23.0,23.25,23.0,23.15,23.08,23.16,,23.18,,,572471,13229950.0,1237,F1,1,,,,,,False
2026-10-01,2026-10-01,CM,BSE,STK,544139,INE0M8R01011,KOURA,MT,,,,,KOURA FINE DIAMOND JEWELRY LIM,50.35,52.8,50.35,52.8,52.8,53.0,,52.8,,,6000,307000.0,3,F1,2000,,,,,,False
2026-10-01,2026-10-01,CM,BSE,STK,544141,INE510U01018,PESB,M,,,,,Pune E - Stock Broking Limited,251.0,265.0,248.0,255.0,255.0,252.0,,255.0,,,23200,5950440.0,26,F1,800,,,,,,False
2026-10-01,2026-10-01,CM,BSE,STK,544143,INE0QQG01019,ROYAL,M,,,,,Royal Sense Limited,88.0,88.0,88.0,88.0,88.0,88.0,,88.0,,,500,44000.0,1,F1,500,,,,,,False
2026-10-01,2026-10-01,CM,BSE,STK,544150,INE0QVH01025,KPGEL,M,,,,,KP GREEN ENGINEERING LIMITED,300.7,300.7,279.55,282.8,282.8,297.5,,282.8,,,58750,16937300.0,202,F1,250,,,,,,False
2026-10-01,2026-10-01,CM,BSE,STK,544151,INE0AH901011,CHATHA,MT,,,,,CHATHA FOODS LIMITED,101.25,108.1,101.25,102.15,102.15,105.0,,102.15,,,9000,950500.0,9,F1,1000,,,,,,False
2026-10-01,2026-10-01,CM,BSE,STK,544156,INE0QHY01011,GCONNECT,MT,,,,,Gconnect Logitech and Supply C,11.0,11.0,11.0,11.0,11.0,10.99,,11.0,,,4500,49500.0,3,F1,1500,,,,,,False
2026-10-01,2026-10-01,CM,BSE,STK,544160,INE0MSS01019,JAYKAILASH,MT,,,,,Jay Kailash Namkeen Limited,56.31,57.95,55.75,55.75,55.75,58.68,,55.75,,,80000,4483664.0,42,F1,1600,,,,,,False
2026-10-01,2026-10-01,CM,BSE,STK,544163,INE0S0701019,GVL,M,,,,,Greenhitech Ventures Limited,39.93,39.93,39.93,39.93,39.93,39.93,,39.93,,,2000,79860.0,2,F1,1000,,,,,,False
2026-10-01,2026-10-01,CM,BSE,STK,544164,INE0Q9W01015,FAALCON,MT,,,,,Faalcon Concepts Limited,37.22,37.22,37.22,37.22,37.22,38.95,,37.22,,,2000,74440.0,1,F1,2000,,,,,,False
2026-10-01,2026-10-01,CM,BSE,STK,544165,INE0SGR01013,SHIVAM,M,,,,,SHIVAM CHEMICALS LIMITED,142.5,142.7,134.3,140.0,142.0,141.75,,140.0,,,21000,2929050.0,14,F1,1500,,,,,,False
2026-10-01,2026-10-01,CM,BSE,STK,544166,INE0SDC01012,EMMFORCE,MT,,,,,EMMFORCE AUTOTECH LIMITED,185.0,189.8,182.4,182.65,182.65,192.0,,182.65,,,38400,7039080.0,21,F1,1200,,,,,,False
2026-10-01,2026-10-01,CM,BSE,STK,544168,INE0R6801013,VARYAA,M,,,,,VARYAA CREATIONS LIMITED,26.0,26.0,26.0,26.0,26.0,26.9,,26.0,,,1000,26000.0,1,F1,1000,,,,,,False
2026-10-01,2026-10-01,CM,BSE,STK,544169,INE0QSB01016,AMKAY,M,,,,,Amkay Products Limited,72.0,74.4,66.5,72.4,73.8,72.0,,72.4,,,18000,1282000.0,9,F1,2000,,,,,,False
2026-10-01,2026-10-01,CM,BSE,STK,544170,INE0QXT01018,DKUAL,M,,,,,Dolphin Kitchen Utensils and A,7.26,7.6,7.11,7.44,7.45,7.41,,7.44,,,42000,306520.0,20,F1,2000,,,,,,False
2026-10-01,2026-10-01,CM,BSE,STK,544171,INE0RGM01016,STAL,MT,,,,,Storage Technologies and Autom,31.41,33.97,31.4,33.97,33.97,33.05,,33.97,,,3200,102584.0,4,F1,800,,,,,,False
2026-10-01,2026-10-01,CM,BSE,STK,544173,INE0QOQ01013,FTL,MT,,,,,Finelistings Technologies Limi,16.98,16.98,16.98,16.98,16.98,16.18,,16.98,,,7000,118860.0,6,F1,1000,,,,,,False
2026-10-01,2026-10-01,CM,BSE,STK,544175,INE0SMU01015,TGIF,M,,,,,TGIF AGRIBUSINESS LIMITED,106.0,106.0,106.0,106.0,106.0,108.0,,106.0,,,1200,127200.0,1,F1,1200,,,,,,False
2026-10-01,2026-10-01,CM,BSE,STK,544177,INE0SCB01016,AZTEC,M,,,,,Aztec Fluids & Machinery Limit,95.79,95.79,95.79,95.79,95.79,93.2,,95.79,,,1000,95790.0,1,F1,1000,,,,,,False
2026-10-01,2026-10-01,CM,BSE,STK,544180,INF769K01LJ8,MIDSMALL,B,,,,,Mirae Asset Mutual Fund,49.73,49.95,48.85,49.37,49.42,49.94,,49.41,,,33869,1667270.0,234,F1,1,,,,,,False
2026-10-01,2026-10-01,CM,BSE,STK,544182,INF0QA701854,LIQUIDBETF,F,,,,,Bajaj Finserv Mutual Fund,1101.45,1101.45,1101.45,1101.45,1101.45,1100.9,,1101.46,,,118,129971.0,5,F1,1,,,,,,False
2026-10-01,2026-10-01,CM,BSE,STK,544183,INE0RIQ01013,ASSOCIATED,M,,,,,Associated Coaters Limited,110.0,112.0,105.0,109.95,109.95,94.0,,109.95,,,2500,270975.0,5,F1,500,,,,,,False
2026-10-01,2026-10-01,CM,BSE,STK,544185,INE257C01014,ADTECH,X,,,,,ADTECH SYSTEMS LIMITED,40.6,42.99,38.0,39.85,41.0,40.46,,39.85,,,4234,165759.0,81,F1,1,,,,,,False
2026-10-01,2026-10-01,CM,BSE,STK,544186,INE0TT901016,TOTEM,X,,,,,Forbes Precision Tools and Mac,155.95,155.95,140.05,145.65,146.7,152.45,,145.65,,,32706,4807607.0,446,F1,1,,,,,,False
2026-10-01,2026-10-01,CM,BSE,STK,544188,INE0QZ901011,MAGENTA,M,,,,,Magenta Lifecare Limited,7.65,7.89,7.42,7.89,7.89,7.27,,7.89,,,28000,213360.0,7,F1,4000,,,,,,False
2026-10-01,2026-10-01,CM,BSE,STK,544189,INE0QUV01010,SATTRIX,M,,,,,SATTRIX INFORMATION SECURITY L,320.35,320.35,304.35,304.35,304.35,320.35,,304.35,,,3000,928500.0,6,F1,500,,,,,,False
2026-10-01,2026-10-01,CM,BSE,STK,544190,INE0R7D01018,3CIT,M,,,,,3C IT Solutions and Telecoms (,16.2,16.2,16.0,16.0,16.0,15.48,,16.0,,,4000,64400.0,2,F1,2000,,,,,,False
2026-10-01,2026-10-01,CM,BSE,STK,544191,INE0CYK01015,PURPLEFIN,X,,,,,Purple Finance Limited,71.89,71.89,66.23,68.18,69.0,71.0,,68.18,,,46145,3168986.0,130,F1,1,,,,,,False
2026-10-01,2026-10-01,CM,BSE,STK,544193,INF0R8F01059,MID150CASE,B,,,,,Zerodha Mutual Fund,11.07,11.07,10.77,10.89,10.89,11.07,,10.9,,,318895,3472161.0,964,F1,1,,,,,,False
2026-10-01,2026-10-01,CM,BSE,STK,544194,INF0R8F01067,TOP100CASE,B,,,,,Zerodha Mutual Fund,10.01,10.09,9.8,9.91,10.09,10.01,,9.9,,,92804,915761.0,391,F1,1,,,,,,False
2026-10-01,2026-10-01,CM,BSE,STK,544195,INE0S0I01011,COTFAB,M,,,,,United Cotfab Limited,14.19,14.19,14.19,14.19,14.19,13.97,,14.19,,,2000,28380.0,1,F1,2000,,,,,,False
2026-10-01,2026-10-01,CM,BSE,STK,544196,INF251K01TL6,BBNPNBETF,B,,,,,BARODA BNP PARIBAS MUTUAL FUND,56.4,56.48,54.95,55.65,55.65,55.25,,55.0,,,18,1004.0,8,F1,1,,,,,,False
2026-10-01,2026-10-01,CM,BSE,STK,544199,INE0RUJ01013,GEMENVIRO,M,,,,,GEM Enviro Management Limited,35.05,36.76,34.51,35.99,35.99,37.08,,35.99,,,11200,396944.0,14,F1,800,,,,,,False
2026-10-01,2026-10-01,CM,BSE,STK,544201,INE0S6R01027,DFPL,MT,,,,,DINDIGUL FARM PRODUCT LIMITED,29.67,29.67,29.67,29.67,29.67,28.26,,29.67,,,52000,1542840.0,21,F1,2000,,,,,,False
2026-10-01,2026-10-01,CM,BSE,STK,544205,INE0PO601011,NPL,XT,,,,,National Peroxide Limited,588.0,617.4,581.0,602.8,602.0,588.0,,602.8,,,2902,1753302.0,83,F1,1,,,,,,False
2026-10-01,2026-10-01,CM,BSE,STK,544212,INF769K01LQ3,EVINDIA,B,,,,,Mirae Asset Mutual Fund,30.81,30.81,29.67,30.03,30.05,30.83,,30.0,,,62616,1880330.0,788,F1,1,,,,,,False
2026-10-01,2026-10-01,CM,BSE,STK,544213,INE0T3401029,ACLD,M,,,,,AELEA COMMODITIES LIMITED,148.0,149.35,137.0,145.45,146.9,146.55,,145.45,,,71400,10171140.0,117,F1,600,,,,,,False
2026-10-01,2026-10-01,CM,BSE,STK,544214,INE0UK501010,THREEMPAPE,M,,,,,THREE M PAPER BOARDS LIMITED,23.0,23.0,23.0,23.0,23.0,23.0,,23.0,,,2000,46000.0,1,F1,2000,,,,,,False
2026-10-01,2026-10-01,CM,BSE,STK,544219,INE0MNP01016,VVIPIL,M,,,,,VVIP Infratech Limited,144.05,146.0,141.55,142.9,142.9,144.0,,142.9,,,13800,1974330.0,13,F1,600,,,,,,False
2026-10-01,2026-10-01,CM,BSE,STK,544220,INE0QMR01015,CTLLAB,M,,,,,Clinitech Laboratory Limited,33.65,33.65,33.65,33.65,33.65,35.1,,33.65,,,1200,40380.0,1,F1,1200,,,,,,False
2026-10-01,2026-10-01,CM,BSE,STK,544221,INE0RMR01013,KIZI,MT,,,,,Kizi Apparels Limited,17.0,17.0,17.0,17.0,17.0,17.7,,17.0,,,3000,51000.0,1,F1,3000,,,,,,False
2026-10-01,2026-10-01,CM,BSE,STK,544224,INE0OXY01013,AFCOM,M,,,,,Afcom Holdings Limited,1509.0,1535.0,1440.0,1481.3,1471.0,1510.95,,1481.3,,,60720,90479520.0,400,F1,120,,,,,,False
2026-10-01,2026-10-01,CM,BSE,STK,544241,INF769K01LX9,MULTICAP,B,,,,,Mirae Asset Mutual Fund,15.89,15.92,15.61,15.77,15.79,15.96,,15.78,,,56878,896594.0,466,F1,1,,,,,,False
2026-10-01,2026-10-01,CM,BSE,STK,544242,INE0SG001011,TRAVELS,M,,,,,Travels & rentals Limited,8.5,9.61,8.31,9.0,9.0,8.01,,9.0,,,18000,161040.0,6,F1,3000,,,,,,False
2026-10-01,2026-10-01,CM,BSE,STK,544248,INE0UYT01018,MACHLTD,M,,,,,MACH TRAVEL SOLUTIONS LIMITED,200.7,203.5,190.0,193.65,195.0,200.75,,193.65,,,21600,4252920.0,32,F1,600,,,,,,False
2026-10-01,2026-10-01,CM,BSE,STK,544251,INE0LY301010,SSL,MT,,,,,Share Samadhan Limited,42.71,42.71,41.0,41.0,41.0,42.71,,41.0,,,3200,133936.0,2,F1,1600,,,,,,False
2026-10-01,2026-10-01,CM,BSE,STK,544259,INE0PZB01013,PFL,M,,,,,POPULAR FOUNDATIONS LIMITED,28.8,28.8,28.8,28.8,28.8,29.45,,28.8,,,3000,86400.0,1,F1,3000,,,,,,False
2026-10-01,2026-10-01,CM,BSE,STK,544266,INF769K01LZ4,BANKPSU,B,,,,,Mirae Asset Mutual Fund,81.03,81.08,79.4,80.19,80.19,81.24,,80.11,,,1296,103955.0,20,F1,1,,,,,,False
2026-10-01,2026-10-01,CM,BSE,STK,544267,INE0U6201010,SUBAM,M,,,,,SUBAM PAPERS LIMITED,222.0,225.0,212.0,219.75,224.95,222.5,,219.75,,,81600,17940560.0,47,F1,800,,,,,,False
2026-10-01,2026-10-01,CM,BSE,STK,544268,INF769K01LY7,METAL,B,,,,,Mirae Asset Mutual Fund,13.18,13.18,12.4,12.6,12.6,12.92,,12.59,,,229495,2904777.0,1171,F1,1,,,,,,False
2026-10-01,2026-10-01,CM,BSE,STK,544272,INE0YRO01015,SHIVTEXCHEM,M,,,,,SHIV TEXCHEM LIMITED,113.35,116.8,113.35,116.15,116.8,111.0,,116.15,,,6400,737560.0,13,F1,400,,,,,,False
2026-10-01,2026-10-01,CM,BSE,STK,544284,INF769K01MY5,LIQUIDPLUS,F,,,,,Mirae Asset Mutual Fund,1105.98,1105.98,1105.96,1105.98,1105.96,1105.37,,1105.97,,,16873,18661162.0,20,F1,1,,,,,,False
2026-10-01,2026-10-01,CM,BSE,STK,544291,INE0VN801010,RAJESH,M,,,,,RAJESH POWER SERVICES LIMITED,748.5,757.0,721.1,733.5,730.65,748.2,,733.5,,,10400,7671955.0,104,F1,100,,,,,,False
2026-10-01,2026-10-01,CM,BSE,STK,544296,INE0DQN01013,NISUS,M,,,,,NISUS FINANCE SERVICES CO LIMI,165.5,165.5,158.0,160.5,162.0,165.25,,160.5,,,6000,964940.0,15,F1,400,,,,,,False
2026-10-01,2026-10-01,CM,BSE,STK,544303,INE0XAY01012,TTC,M,,,,,TOSS THE COIN LIMITED,166.3,170.0,163.0,163.0,163.0,168.0,,163.0,,,2100,346680.0,7,F1,300,,,,,,False
2026-10-01,2026-10-01,CM,BSE,STK,544304,INE0WCH01015,JUNGLECAMP,M,,,,,JUNGLE CAMPS INDIA LIMITED,40.25,41.45,40.25,41.4,41.4,42.75,,41.4,,,12800,527664.0,8,F1,1600,,,,,,False
2026-10-01,2026-10-01,CM,BSE,STK,544308,INE168C01013,HILLTONE,X,,,,,Hilltone Software and Gases Lt,35.38,41.8,35.38,38.5,38.5,38.19,,38.5,,,401,15603.0,13,F1,1,,,,,,False
2026-10-01,2026-10-01,CM,BSE,STK,544310,INE00GK01023,YASHHV,M,,,,,Yash Highvoltage Limited,1100.0,1134.5,1075.0,1105.75,1090.5,1076.7,,1105.75,,,127250,140491037.0,439,F1,250,,,,,,False
2026-10-01,2026-10-01,CM,BSE,STK,544312,INE0QBD01018,HAMPS,M,,,,,HAMPS BIO LIMITED,22.92,25.44,22.92,25.44,25.44,25.45,,25.44,,,12000,295160.0,3,F1,4000,,,,,,False
2026-10-01,2026-10-01,CM,BSE,STK,544313,INE0LB101011,NACDAC,M,,,,,NACDAC Infrastructure Limited,22.49,22.5,22.49,22.5,22.5,22.51,,22.5,,,8000,179960.0,2,F1,4000,,,,,,False
2026-10-01,2026-10-01,CM,BSE,STK,544323,INF769K01NS5,CONSUMER,B,,,,,Mirae Asset Mutual Fund,11.16,11.22,10.97,11.09,11.09,11.3,,11.06,,,43501,479557.0,93,F1,1,,,,,,False
2026-10-01,2026-10-01,CM,BSE,STK,544324,INE0A8401016,CITICHEM,M,,,,,Citichem India Limited,16.0,16.0,16.0,16.0,16.0,17.0,,16.0,,,8000,128000.0,4,F1,2000,,,,,,False
2026-10-01,2026-10-01,CM,BSE,STK,544326,INF754K01TX4,ECAPINSURE,B,,,,,Edelweiss Mutual Fund,22.5,23.46,22.4,23.36,23.29,22.32,,22.87,,,4708,108511.0,38,F1,1,,,,,,False
2026-10-01,2026-10-01,CM,BSE,STK,544327,INE0ZHT01012,TECHNICHEM,MT,,,,,TECHNICHEM ORGANICS LIMITED,55.25,55.25,54.87,54.87,54.87,57.75,,54.87,,,4000,220240.0,2,F1,2000,,,,,,False
2026-10-01,2026-10-01,CM,BSE,STK,544329,INE0RH001011,VANDU,M,,,,,LEO DRYFRUITS & SPICES TRADING,60.01,60.5,59.65,59.91,59.65,60.1,,59.91,,,148000,8868540.0,23,F1,2000,,,,,,False
2026-10-01,2026-10-01,CM,BSE,STK,544330,INE0QQJ01021,PARMESHWAR,MT,,,,,PARMESHWAR METAL LIMITED,317.0,317.0,299.25,305.0,305.0,315.0,,305.0,,,19000,5791200.0,17,F1,1000,,,,,,False
2026-10-01,2026-10-01,CM,BSE,STK,544331,INE0Q2L01013,DAVIN,M,,,,,Davin Sons Retail Limited,14.85,14.85,14.4,14.85,14.85,14.15,,14.85,,,42000,620980.0,18,F1,2000,,,,,,False
2026-10-01,2026-10-01,CM,BSE,STK,544332,INE0HSD01011,FABCLEAN,M,,,,,Fabtech Cleanrooms Limited,490.0,504.0,460.05,494.0,494.0,504.6,,494.0,,,10000,4842840.0,23,F1,400,,,,,,False
2026-10-01,2026-10-01,CM,BSE,STK,544334,INE0FK501019,INDOBELL,MT,,,,,Indobell Insulations Limited,58.0,58.0,56.04,57.8,57.8,57.92,,57.8,,,7500,432412.0,8,F1,750,,,,,,False
2026-10-01,2026-10-01,CM,BSE,STK,544335,INE00ST01011,BRGIL,MT,,,,,B.R.GOYAL INFRASTRUCTURE LIMIT,191.0,191.0,185.6,185.6,185.6,192.35,,185.6,,,18000,3401500.0,14,F1,1000,,,,,,False
2026-10-01,2026-10-01,CM,BSE,STK,544340,INE0CFH01028,RIKHAV,M,,,,,Rikhav Securities Limited,49.2,52.25,46.0,51.73,52.25,52.0,,51.73,,,128000,6104384.0,71,F1,1600,,,,,,False
2026-10-01,2026-10-01,CM,BSE,STK,544341,INE12QA01010,LGLL,M,,,,,LANDMARK GLOBAL LEARNING LIMIT,10.75,11.0,10.75,11.0,11.0,10.64,,11.0,,,3200,34800.0,2,F1,1600,,,,,,False
2026-10-01,2026-10-01,CM,BSE,STK,544343,INE0WXM01011,CNINFOTECH,M,,,,,CAPITALNUMBERS INFOTECH  LIMIT,76.1,77.9,76.0,76.58,76.11,77.2,,76.58,,,8000,613084.0,20,F1,400,,,,,,False
2026-10-01,2026-10-01,CM,BSE,STK,544347,INE0WDX01010,CLN,MT,,,,,CLN ENERGY LIMITED,473.25,493.5,460.05,493.25,493.5,471.25,,493.25,,,2000,948540.0,9,F1,200,,,,,,False
2026-10-01,2026-10-01,CM,BSE,STK,544348,INE0RWU01016,GBLOGISTIC,M,,,,,GB Logistics Commerce Limited,23.0,24.2,23.0,24.18,24.18,23.0,,24.18,,,8400,196056.0,4,F1,1200,,,,,,False
2026-10-01,2026-10-01,CM,BSE,STK,544349,INE0DZD01015,HMEML,M,,,,,H.M. ELECTRO MECH LIMITED,48.21,48.25,48.21,48.25,48.25,45.71,,48.25,,,3200,154336.0,2,F1,1600,,,,,,False
2026-10-01,2026-10-01,CM,BSE,STK,544351,INE0YON01014,MALPANI,M,,,,,MALPANI PIPES AND FITTINGS LIM,64.5,64.5,64.5,64.5,64.5,60.65,,64.5,,,1600,103200.0,1,F1,1600,,,,,,False
2026-10-01,2026-10-01,CM,BSE,STK,544353,INE0U2L01017,AMWILL,M,,,,,Amwill Health Care Limited,43.2,43.2,43.0,43.0,43.0,44.49,,43.0,,,9600,413040.0,3,F1,1200,,,,,,False
2026-10-01,2026-10-01,CM,BSE,STK,544354,INE0W0H01017,SOLARIUM,M,,,,,SOLARIUM GREEN ENERGY LIMITED,127.0,127.0,115.75,121.25,123.0,126.95,,121.25,,,27600,3360885.0,84,F1,300,,,,,,False
2026-10-01,2026-10-01,CM,BSE,STK,544361,INE0R8101016,COVANCE,X,,,,,COVANCE SOFTSOL LIMITED,161.55,161.55,154.35,156.4,156.9,161.6,,156.4,,,1292,201237.0,34,F1,1,,,,,,False
2026-10-01,2026-10-01,CM,BSE,STK,544363,INF582M01KS4,UNIONGOLD,E,,,,,UNION MUTUAL FUND,143.88,143.88,143.88,143.88,143.88,143.64,,143.9,,,75,10791.0,3,F1,1,,,,,,False
2026-10-01,2026-10-01,CM,BSE,STK,544365,INE0TD301017,SHANMUGA,M,,,,,SHANMUGA HOSPITAL LIMITED,44.5,44.6,42.14,44.6,44.6,44.5,,44.6,,,34000,1456060.0,12,F1,2000,,,,,,False
2026-10-01,2026-10-01,CM,BSE,STK,544368,INE0TIR01017,SWASTH,M,,,,,Swasth Foodtech India Limited,16.1,16.1,16.1,16.1,16.1,16.3,,16.1,,,2400,38640.0,2,F1,1200,,,,,,False
2026-10-01,2026-10-01,CM,BSE,STK,544369,INE13VU01016,BEEZAASAN,MT,,,,,Beezaasan Explotech Limited,725.05,725.05,725.05,725.05,725.05,710.85,,725.05,,,12000,8700600.0,11,F1,800,,,,,,False
2026-10-01,2026-10-01,CM,BSE,STK,544371,INE0NR501012,VIKRAMAR,XT,,,,,VIKRAM AROMA LIMITED,135.4,135.4,127.4,129.1,131.0,134.04,,129.1,,,2925,378328.0,61,F1,1,,,,,,False
2026-10-01,2026-10-01,CM,BSE,STK,544373,INE0VNH01014,NAPSGLOBAL,MT,,,,,NAPS Global India Limited,65.1,65.1,65.1,65.1,65.1,67.04,,65.1,,,8000,520800.0,2,F1,1600,,,,,,False
2026-10-01,2026-10-01,CM,BSE,STK,544375,INF579M01BB5,GOLD360,E,,,,,360 ONE Mutual Fund,143.73,145.75,141.11,143.96,143.97,146.96,,143.5,,,1531,220217.0,49,F1,1,,,,,,False
2026-10-01,2026-10-01,CM,BSE,STK,544376,INF769K01ON4,SELECTIPO,B,,,,,Mirae Asset Mutual Fund,45.8,45.93,45.0,45.6,45.6,46.23,,45.48,,,1637,74809.0,19,F1,1,,,,,,False
2026-10-01,2026-10-01,CM,BSE,STK,544377,INF769K01OA1,EQUAL200,B,,,,,Mirae Asset Mutual Fund,13.04,13.07,12.84,12.98,12.98,13.1,,12.98,,,3479,45087.0,24,F1,1,,,,,,False
2026-10-01,2026-10-01,CM,BSE,STK,544378,INE0ABU01016,PSPL,M,,,,,PDP Shipping & Projects Limite,52.01,52.01,52.01,52.01,52.01,58.65,,52.01,,,1000,52010.0,1,F1,1000,,,,,,False
2026-10-01,2026-10-01,CM,BSE,STK,544381,INE16IQ01014,SUPERIRON,M,,,,,Super Iron Foundry Limited,37.3,37.3,35.0,37.3,37.3,37.5,,37.3,,,15600,568776.0,13,F1,1200,,,,,,False
2026-10-01,2026-10-01,CM,BSE,STK,544383,INE0SMW01011,PPARIVAH,MT,,,,,PARADEEP PARIVAHAN LIMITED,296.0,312.0,292.0,302.95,312.0,298.0,,302.95,,,25200,7511100.0,17,F1,1200,,,,,,False
2026-10-01,2026-10-01,CM,BSE,STK,544384,INF0R8F01091,SILVERCASE,E,,,,,Zerodha Mutual Fund,22.21,22.33,22.04,22.11,22.13,22.21,,22.12,,,362229,8024177.0,1040,F1,1,,,,,,False
2026-10-01,2026-10-01,CM,BSE,STK,544387,INE0TGG01014,DESCO,M,,,,,Desco Infratech Limited,179.3,179.3,170.35,175.4,178.0,179.3,,175.4,,,13000,2254575.0,26,F1,500,,,,,,False
2026-10-01,2026-10-01,CM,BSE,STK,544388,INE0PA401012,IDENTIXWEB,M,,,,,Identixweb Limited,65.0,65.0,65.0,65.0,65.0,69.0,,65.0,,,2000,130000.0,1,F1,2000,,,,,,False
2026-10-01,2026-10-01,CM,BSE,STK,544389,INF579M01BC3,SILVER360,E,,,,,360 ONE Mutual Fund,215.45,215.58,214.5,215.01,215.01,216.13,,214.86,,,744,159796.0,34,F1,1,,,,,,False
2026-10-01,2026-10-01,CM,BSE,STK,544391,INE0KWJ01014,RETAGGIO,M,,,,,Retaggio Industries Limited,49.0,49.0,48.45,48.45,48.45,51.0,,48.45,,,6000,292350.0,2,F1,3000,,,,,,False
2026-10-01,2026-10-01,CM,BSE,STK,544392,INE10XX01012,SPINAROO,M,,,,,SPINAROO COMMERCIAL LIMITED,39.0,39.0,39.0,39.0,39.0,37.5,,39.0,,,2000,78000.0,1,F1,2000,,,,,,False
2026-10-01,2026-10-01,CM,BSE,STK,544393,INE12IB01015,INFONATIVE,MT,,,,,INFONATIVE SOLUTIONS LIMITED,35.5,36.49,34.96,36.1,35.7,36.79,,36.1,,,6400,228240.0,4,F1,1600,,,,,,False
2026-10-01,2026-10-01,CM,BSE,STK,544398,INE0AOG01018,KENRIK,MT,,,,,Kenrik Industries Limited,13.66,13.66,13.66,13.66,13.66,13.66,,13.66,,,18000,245880.0,2,F1,6000,,,,,,False
2026-10-01,2026-10-01,CM,BSE,STK,544399,INE0RJ901010,SRIGEE,M,,,,,SRIGEE DLM LIMITED,88.0,88.0,77.0,79.45,77.0,85.07,,79.45,,,15600,1274652.0,13,F1,1200,,,,,,False
2026-10-01,2026-10-01,CM,BSE,STK,544400,INE0MV001018,MANOJJEWEL,M,,,,,Manoj Jewellers Limited,26.2,28.82,26.2,27.53,27.53,26.21,,27.53,,,40000,1116280.0,20,F1,2000,,,,,,False
2026-10-01,2026-10-01,CM,BSE,STK,544401,INF769K01OO2,EQUAL50,B,,,,,Mirae Asset Mutual Fund,310.87,310.88,307.32,307.32,307.32,312.47,,309.14,,,608,187585.0,6,F1,1,,,,,,False
2026-10-01,2026-10-01,CM,BSE,STK,544406,INE1ABX01018,UNIFIED,M,,,,,UNIFIED DATA TECH SOLUTIONS LI,522.5,529.9,452.0,496.9,500.0,526.95,,496.9,,,135600,65992840.0,295,F1,400,,,,,,False
2026-10-01,2026-10-01,CM,BSE,STK,544409,INE0TG901011,ASTONEALAB,M,,,,,ASTONEA LABS LIMITED,345.0,345.0,345.0,345.0,345.0,348.15,,345.0,,,1000,345000.0,1,F1,1000,,,,,,False
2026-10-01,2026-10-01,CM,BSE,STK,544412,INE0TE101010,3BFILMS,M,,,,,3B FILMS LIMITED,14.12,14.12,13.05,13.05,13.05,13.45,,13.05,,,9000,120660.0,3,F1,3000,,,,,,False
2026-10-01,2026-10-01,CM,BSE,STK,544422,INE0ZDY01011,ABRFL,M,,,,,Abram Food Limited,34.9,35.49,34.0,35.49,35.49,33.8,,35.49,,,4800,167148.0,4,F1,1200,,,,,,False
2026-10-01,2026-10-01,CM,BSE,STK,544425,INE0XRR01010,AJCJEWEL,MT,,,,,AJC Jewel Manufacturers Limite,427.0,432.6,427.0,432.6,432.6,427.0,,432.6,,,8400,3615120.0,7,F1,1200,,,,,,False
2026-10-01,2026-10-01,CM,BSE,STK,544426,INE0Y0E01012,ICON,M,,,,,Icon Facilitators Limited,63.25,63.25,63.25,63.25,63.25,63.0,,63.25,,,2400,151800.0,2,F1,1200,,,,,,False
2026-10-01,2026-10-01,CM,BSE,STK,544428,INE0SC101013,SEVL,M,,,,,SUPERTECH EV LIMITED,37.45,37.45,34.11,34.11,34.11,37.25,,34.11,,,7200,265632.0,5,F1,1200,,,,,,False
2026-10-01,2026-10-01,CM,BSE,STK,544431,INE0S9X01011,ACEALPHA,M,,,,,Ace Alpha Tech Limited,145.3,145.3,144.0,144.0,144.0,144.0,,144.0,,,5000,721300.0,3,F1,1000,,,,,,False
2026-10-01,2026-10-01,CM,BSE,STK,544433,INE130701019,VALINDIA,M,,,,,Valencia India Limited,17.9,18.6,17.28,17.28,17.28,17.85,,17.28,,,13200,236376.0,11,F1,1200,,,,,,False
2026-10-01,2026-10-01,CM,BSE,STK,544434,INE0UZO01024,NEETUYOSHI,MT,,,,,Neetu Yoshi Limited,245.0,245.0,236.7,238.85,237.1,249.15,,238.85,,,87200,20818200.0,105,F1,800,,,,,,False
2026-10-01,2026-10-01,CM,BSE,STK,544435,INE0W1601012,ADCOUNTY,M,,,,,ADCOUNTY MEDIA INDIA LIMITED,81.55,82.0,76.0,76.64,76.95,79.71,,76.64,,,57600,4467376.0,64,F1,800,,,,,,False
2026-10-01,2026-10-01,CM,BSE,STK,544436,INE0RDJ01019,VANDAN,M,,,,,VANDAN FOODS LIMITED,21.68,23.5,21.68,23.5,23.5,21.99,,23.5,,,3600,82356.0,3,F1,1200,,,,,,False
2026-10-01,2026-10-01,CM,BSE,STK,544437,INE0TBQ01014,MARCLOIRE,M,,,,,MARC LOIRE FASHIONS LIMITED,39.9,39.9,39.9,39.9,39.9,38.0,,39.9,,,1200,47880.0,1,F1,1200,,,,,,False
2026-10-01,2026-10-01,CM,BSE,STK,544438,INF769K01PB6,INTERNET,B,,,,,Mirae Asset Mutual Fund,13.44,13.44,13.07,13.22,13.22,13.51,,13.2,,,83869,1105114.0,70,F1,1,,,,,,False
2026-10-01,2026-10-01,CM,BSE,STK,544440,INE0TL001013,CRYOGENIC,MT,,,,,CRYOGENIC OGS LIMITED,430.0,443.15,420.0,443.0,443.0,422.05,,443.0,,,51750,22468087.0,62,F1,750,,,,,,False
2026-10-01,2026-10-01,CM,BSE,STK,544441,INE162901016,METAINFO,M,,,,,META INFOTECH LIMITED,77.0,80.5,77.0,79.5,79.5,76.67,,79.5,,,15200,1198376.0,19,F1,800,,,,,,False
2026-10-01,2026-10-01,CM,BSE,STK,544442,INE0VWL01017,CHEMKART,M,,,,,Chemkart India Limited,235.55,244.0,235.55,241.4,241.0,244.05,,241.4,,,18000,4349880.0,19,F1,600,,,,,,False
2026-10-01,2026-10-01,CM,BSE,STK,544444,INE0UMC01019,GLEN,MT,,,,,Glen Industries Limited,126.0,126.0,119.7,120.0,120.0,126.0,,120.0,,,110400,13326600.0,55,F1,1200,,,,,,False
2026-10-01,2026-10-01,CM,BSE,STK,544445,INE0SJX01015,APL,MT,,,,,ASSTON PHARMACEUTICALS LIMITED,97.0,97.5,97.0,97.4,97.4,97.5,,97.4,,,3000,291900.0,3,F1,1000,,,,,,False
2026-10-01,2026-10-01,CM,BSE,STK,544451,INE0LCG01010,MONIKA,M,,,,,MONIKA ALCOBEV LIMITED,122.0,123.5,108.0,121.35,119.0,121.1,,121.35,,,39200,4477540.0,90,F1,400,,,,,,False
2026-10-01,2026-10-01,CM,BSE,STK,544452,INE0PTF01017,SWASTIKAAL,MT,,,,,Swastika Castal Limited,112.85,112.85,108.3,108.3,108.3,114.0,,108.3,,,14000,1535900.0,6,F1,2000,,,,,,False
2026-10-01,2026-10-01,CM,BSE,STK,544453,INE0V0L01028,MSECL,M,,,,,Monarch Surveyors and Engineer,242.1,244.85,238.0,244.2,244.2,245.35,,244.2,,,5400,1305120.0,9,F1,600,,,,,,False
2026-10-01,2026-10-01,CM,BSE,STK,544458,INE0FMZ01045,SHREEREF,M,,,,,SHREE REFRIGERATIONS LIMITED,392.0,400.0,383.5,394.7,393.5,395.65,,394.7,,,129500,50647025.0,240,F1,500,,,,,,False
2026-10-01,2026-10-01,CM,BSE,STK,544460,INE161701011,PATELCHEM,MT,,,,,PATEL CHEM SPECIALITIES LIMITE,111.6,120.55,111.6,120.55,120.55,114.85,,120.55,,,116800,13915200.0,56,F1,1600,,,,,,False
2026-10-01,2026-10-01,CM,BSE,STK,544463,INE15WN01014,REPONO,M,,,,,REPONO LIMITED,82.35,83.0,78.0,78.0,78.0,79.83,,78.0,,,39600,3191988.0,26,F1,1200,,,,,,False
2026-10-01,2026-10-01,CM,BSE,STK,544464,INE1P1A01018,UML,MT,,,,,Umiya Mobile Limited,90.0,92.0,85.22,85.22,85.22,89.7,,85.22,,,30000,2635380.0,15,F1,2000,,,,,,False
2026-10-01,2026-10-01,CM,BSE,STK,544467,INE301O01023,NSDL,A,,,,,National Securities Depository,757.45,758.85,747.1,752.75,752.75,757.45,,752.68,,,483854,363859758.0,20884,F1,1,,,,,,False
2026-10-01,2026-10-01,CM,BSE,STK,544471,INE14OX01013,TAKYON,M,,,,,TAKYON NETWORKS LIMITED,15.63,16.0,15.62,16.0,16.0,16.44,,16.0,,,8000,125820.0,4,F1,2000,,,,,,False
2026-10-01,2026-10-01,CM,BSE,STK,544472,INE1KH601014,MEHUL,M,,,,,MEHUL COLOURS LIMITED,46.05,50.0,46.05,47.3,47.3,52.0,,47.3,,,28800,1365312.0,17,F1,1600,,,,,,False
2026-10-01,2026-10-01,CM,BSE,STK,544473,INF666M01LM6,GROWWPOWER,B,,,,,Groww Mutual Fund,10.78,11.06,10.64,10.8,10.78,10.86,,10.84,,,102926,1110483.0,394,F1,1,,,,,,False
2026-10-01,2026-10-01,CM,BSE,STK,544475,INE1IBY01019,ESSEX,M,,,,,ESSEX MARINE LIMITED,43.0,43.0,42.5,42.5,42.5,45.0,,42.5,,,4000,171000.0,2,F1,2000,,,,,,False
2026-10-01,2026-10-01,CM,BSE,STK,544482,INE0YG001013,STARIMAGIN,M,,,,,STAR IMAGING AND PATH LAB LIMI,77.0,77.0,74.51,74.51,74.51,77.0,,74.51,,,6000,453510.0,6,F1,1000,,,,,,False
2026-10-01,2026-10-01,CM,BSE,STK,544483,INE111601014,ICODEX,M,,,,,ICODEX PUBLISHING SOLUTIONS LI,36.3,36.5,36.0,36.5,36.5,36.76,,36.5,,,4800,173940.0,4,F1,1200,,,,,,False
2026-10-01,2026-10-01,CM,BSE,STK,544486,INF0R8F01133,LTGILTCASE,F,,,,,Zerodha Mutual Fund,29.67,30.15,29.67,30.11,30.11,30.15,,30.08,,,94791,2852612.0,37,F1,1,,,,,,False
2026-10-01,2026-10-01,CM,BSE,STK,544494,INE12P601017,GLOBTIER,M,,,,,Globtier Infotech limited,15.45,15.45,15.4,15.4,15.4,16.15,,15.4,,,3200,49360.0,2,F1,1600,,,,,,False
2026-10-01,2026-10-01,CM,BSE,STK,544495,INE0M3X01010,NISMGMT,M,,,,,NIS MANAGEMENT LIMITED,39.98,40.0,39.98,40.0,40.0,39.98,,40.0,,,2400,95976.0,2,F1,1200,,,,,,False
2026-10-01,2026-10-01,CM,BSE,STK,544498,INE0RTI01017,OVAL,M,,,,,OVAL PROJECTS ENGINEERING LIMI,48.49,48.49,47.5,47.5,47.5,47.6,,47.5,,,4800,230224.0,3,F1,1600,,,,,,False
2026-10-01,2026-10-01,CM,BSE,STK,544500,INE15MX01014,ABRIL,M,,,,,ABRIL PAPER TECH LIMITED,29.0,30.49,29.0,30.49,30.49,30.12,,30.49,,,6000,179960.0,2,F1,2000,,,,,,False
2026-10-01,2026-10-01,CM,BSE,STK,544501,INE0XX801016,SUGSLLOYD,MT,,,,,SUGS LLOYD LIMITED,278.5,287.85,274.0,282.5,286.0,280.7,,282.5,,,35000,9823100.0,29,F1,1000,,,,,,False
2026-10-01,2026-10-01,CM,BSE,STK,544503,INE0ZN101029,RACHIT,M,,,,,Rachit Prints Limited,188.0,188.0,180.0,185.0,185.0,192.0,,185.0,,,11000,2024850.0,11,F1,1000,,,,,,False
2026-10-01,2026-10-01,CM,BSE,STK,544504,INE0ZOM01013,GOELCONS,M,,,,,GOEL CONSTRUCTION COMPANY LIMI,418.0,427.0,415.0,425.0,425.0,418.0,,425.0,,,4400,1859100.0,11,F1,400,,,,,,False
2026-10-01,2026-10-01,CM,BSE,STK,544505,INE104201012,AUSTERE,M,,,,,AUSTERE SYSTEMS LIMITED,42.0,42.0,40.0,40.0,40.0,43.0,,40.0,,,6000,246000.0,3,F1,2000,,,,,,False
2026-10-01,2026-10-01,CM,BSE,STK,544506,INE0UJF01018,SHARVAYA,M,,,,,SHARVAYA METALS LIMITED,145.0,147.0,140.0,142.9,142.9,145.0,,142.9,,,18000,2553750.0,18,F1,600,,,,,,False
2026-10-01,2026-10-01,CM,BSE,STK,544507,INF0R8F01141,SML100CASE,B,,,,,Zerodha Mutual Fund,10.79,11.02,10.71,10.89,10.94,11.07,,10.83,,,212698,2300252.0,539,F1,1,,,,,,False
2026-10-01,2026-10-01,CM,BSE,STK,544508,INE0WRP01016,VASHISHTHA,M,,,,,VASHISHTHA LUXURY FASHION LIMI,62.15,64.75,62.06,62.06,62.06,68.95,,62.06,,,14400,897048.0,12,F1,1200,,,,,,False
2026-10-01,2026-10-01,CM,BSE,STK,544510,INE346R01013,NCML,M,,,,,NILACHAL CARBO METALICKS LIMIT,123.75,123.75,115.5,120.0,120.0,127.5,,120.0,,,11200,1341600.0,7,F1,1600,,,,,,False
2026-10-01,2026-10-01,CM,BSE,STK,544511,INE0V8A01016,KARBON,M,,,,,Karbonsteel Engineering Limite,118.0,120.95,114.1,114.6,114.1,117.25,,114.6,,,24000,2793200.0,27,F1,800,,,,,,False
2026-10-01,2026-10-01,CM,BSE,STK,544516,INE0XBS01012,AIRFLOA,M,,,,,AIRFLOA RAIL TECHNOLOGY LIMITE,532.0,537.65,500.0,522.45,520.2,528.35,,522.45,,,233000,120781775.0,285,F1,500,,,,,,False
2026-10-01,2026-10-01,CM,BSE,STK,544518,INE0TJ801010,LTELEVATOR,MT,,,,,L. T. ELEVATOR LIMITED,324.8,324.8,321.8,321.8,321.8,328.35,,321.8,,,35200,11346560.0,35,F1,800,,,,,,False
2026-10-01,2026-10-01,CM,BSE,STK,544520,INE10XS01012,SAMPAT,MT,,,,,SAMPAT ALUMINIUM LIMITED,30.1,32.39,30.0,31.1,31.1,31.25,,31.1,,,15600,477900.0,13,F1,1200,,,,,,False
2026-10-01,2026-10-01,CM,BSE,STK,544524,INE14VP01014,JDCABLES,M,,,,,JD CABLES LIMITED,184.0,184.05,179.0,183.65,183.65,184.55,,183.65,,,47200,8550840.0,57,F1,800,,,,,,False
2026-10-01,2026-10-01,CM,BSE,STK,544529,INE15XJ01010,APPL,MT,,,,,Aptus Pharma Limited,370.5,370.5,360.8,360.8,360.8,368.15,,360.8,,,34800,12796400.0,34,F1,400,,,,,,False
2026-10-01,2026-10-01,CM,BSE,STK,544531,INE1LDV01015,TRUECOLORS,M,,,,,TRUE COLORS LIMITED,145.0,148.7,144.1,146.35,146.4,147.1,,146.35,,,12600,1839000.0,21,F1,600,,,,,,False
2026-10-01,2026-10-01,CM,BSE,STK,544535,INE0QMV01017,BHARATROHAN,M,,,,,BHARATROHAN AIRBORNE INNOVATIO,122.0,122.0,120.0,122.0,122.0,120.65,,122.0,,,6400,776880.0,8,F1,800,,,,,,False
2026-10-01,2026-10-01,CM,BSE,STK,544538,INE0TI501017,PRARUH,MT,,,,,PRARUH TECHNOLOGIES LIMITED,189.0,189.0,179.4,180.0,180.0,188.8,,180.0,,,70000,12819100.0,25,F1,2000,,,,,,False
2026-10-01,2026-10-01,CM,BSE,STK,544539,INE1IIQ01028,SOLVEX,MT,,,,,Solvex Edibles Limited,17.28,18.18,17.28,18.18,18.18,18.18,,18.18,,,4800,85824.0,3,F1,1600,,,,,,False
2026-10-01,2026-10-01,CM,BSE,STK,544541,INE1KLZ01011,SYSTEMATIC,M,,,,,SYSTEMATIC INDUSTRIES LIMITED,296.55,297.7,267.3,285.55,281.0,295.1,,285.55,,,147600,41618220.0,197,F1,600,,,,,,False
2026-10-01,2026-10-01,CM,BSE,STK,544542,INE0W5Q01017,JUSTO,M,,,,,Justo Realfintech Limited,85.5,87.2,74.99,76.22,75.0,89.05,,76.22,,,71000,5702790.0,58,F1,1000,,,,,,False
2026-10-01,2026-10-01,CM,BSE,STK,544544,INE0SRP01014,TELGE,MT,,,,,TELGE PROJECTS LIMITED,252.0,255.1,250.0,255.0,255.0,258.55,,255.0,,,31200,7918320.0,18,F1,1200,,,,,,False
2026-10-01,2026-10-01,CM,BSE,STK,544546,INE1B4801017,CHTR,M,,,,,Chatterbox Technologies Limite,34.64,35.8,33.0,33.01,33.0,34.0,,33.01,,,19200,668940.0,10,F1,1200,,,,,,False
2026-10-01,2026-10-01,CM,BSE,STK,544548,INE0SIK01014,GPAPL,M,,,,,GUJARAT PEANUT AND AGRI PRODUC,75.3,75.3,74.0,75.0,75.0,78.93,,75.0,,,104000,7754576.0,12,F1,1600,,,,,,False
2026-10-01,2026-10-01,CM,BSE,STK,544553,INE1PJP01015,MPKSTEELS,M,,,,,M P K STEELS (I) LIMITED,112.0,112.0,112.0,112.0,112.0,112.0,,112.0,,,800,89600.0,1,F1,800,,,,,,False
2026-10-01,2026-10-01,CM,BSE,STK,544554,INE163701019,KVSCASTING,MT,,,,,KVS Castings Limited,83.0,84.97,80.01,84.97,84.97,83.0,,84.97,,,20000,1635900.0,10,F1,2000,,,,,,False
2026-10-01,2026-10-01,CM,BSE,STK,544555,INE14QA01016,AMEENJI,MT,,,,,AMEENJI RUBBER LIMITED,261.1,274.15,261.1,272.1,274.15,261.1,,272.1,,,21600,5852640.0,18,F1,1200,,,,,,False
2026-10-01,2026-10-01,CM,BSE,STK,544556,INE0SPJ01011,DHILLON,M,,,,,Dhillon Freight Carrier Limite,31.7,33.0,31.0,31.73,32.0,31.65,,31.73,,,40000,1269360.0,17,F1,1600,,,,,,False
2026-10-01,2026-10-01,CM,BSE,STK,544560,INE0QU501030,SODHACAP,M,,,,,SODHANI CAPITAL LIMITED,72.5,72.5,69.5,70.5,70.5,74.5,,70.5,,,14000,985340.0,7,F1,2000,,,,,,False
2026-10-01,2026-10-01,CM,BSE,STK,544561,INE12P101018,CHIRAHARIT,M,,,,,Chiraharit Limited,11.5,11.7,11.0,11.0,11.0,11.1,,11.0,,,24000,271800.0,4,F1,6000,,,,,,False
2026-10-01,2026-10-01,CM,BSE,STK,544563,INE1B3501014,ZELIO,MT,,,,,Zelio E Mobility Limited,1056.0,1056.05,1056.0,1056.05,1056.05,1035.35,,1056.05,,,12000,12672375.0,24,F1,500,,,,,,False
2026-10-01,2026-10-01,CM,BSE,STK,544566,INE10CM01027,SUNSKY,M,,,,,Sunsky Logistics Limited,38.83,42.9,38.83,42.63,42.0,40.87,,42.63,,,15000,618030.0,10,F1,1500,,,,,,False
2026-10-01,2026-10-01,CM,BSE,STK,544567,INE16XA01017,INFINITY,M,,,,,Infinity Infoway Limited,525.0,546.9,525.0,546.9,546.9,547.95,,546.9,,,800,428760.0,2,F1,400,,,,,,False
2026-10-01,2026-10-01,CM,BSE,STK,544568,INE0SUM01015,ZAPPFRESH,M,,,,,DSM Fresh Foods Limited,65.0,65.0,58.0,60.52,60.49,62.3,,60.52,,,33600,2074944.0,27,F1,1200,,,,,,False
2026-10-01,2026-10-01,CM,BSE,STK,544575,INE833Q01012,MITTALSTL,M,,,,,Mittal Sections Limited,26.0,26.0,25.56,25.56,25.56,26.6,,25.56,,,2000,51560.0,2,F1,1000,,,,,,False
2026-10-01,2026-10-01,CM,BSE,STK,544582,INE1EUB01016,SHLOKKA,M,,,,,SHLOKKA DYES LIMITED,31.9,31.9,29.1,29.1,29.1,31.5,,29.1,,,21600,651060.0,17,F1,1200,,,,,,False
2026-10-01,2026-10-01,CM,BSE,STK,544584,INE13YH01017,SKM,MT,,,,,SK Minerals & Additives Limite,470.1,471.0,467.5,467.5,467.5,479.85,,467.5,,,4000,1878600.0,4,F1,1000,,,,,,False
2026-10-01,2026-10-01,CM,BSE,STK,544585,INE0SFA01011,SIHORA,M,,,,,SIHORA INDUSTRIES LIMITED,60.0,60.0,60.0,60.0,60.0,60.0,,60.0,,,4000,240000.0,2,F1,2000,,,,,,False
2026-10-01,2026-10-01,CM,BSE,STK,544586,INF0R8F01166,NIFTYCASE,B,,,,,Zerodha Mutual Fund,9.19,9.19,8.95,9.04,9.04,9.1,,9.03,,,317799,2873385.0,281,F1,1,,,,,,False
2026-10-01,2026-10-01,CM,BSE,STK,544594,INE1GUJ01014,TRADEUNO,M,,,,,GAME CHANGERS TEXFAB LIMITED,98.25,98.25,94.25,97.95,97.95,101.25,,97.95,,,8400,807480.0,7,F1,1200,,,,,,False
2026-10-01,2026-10-01,CM,BSE,STK,544596,INE0SVZ01015,SAFECURE,M,,,,,Safecure Services Limited,25.25,25.25,24.88,24.88,24.88,26.27,,24.88,,,3600,90156.0,3,F1,1200,,,,,,False
2026-10-01,2026-10-01,CM,BSE,STK,544601,INF2KCX01012,CHOICEGOLD,E,,,,,Choice Mutual Fund,145.94,146.27,145.01,145.01,145.01,146.82,,145.74,,,381,55500.0,17,F1,1,,,,,,False
2026-10-01,2026-10-01,CM,BSE,STK,544604,INF769K01PR2,ENERGY,B,,,,,Mirae Asset Mutual Fund,36.95,36.98,36.34,36.79,36.79,36.79,,36.75,,,8324,304596.0,191,F1,1,,,,,,False
2026-10-01,2026-10-01,CM,BSE,STK,544605,INF769K01PQ4,SMALL250,B,,,,,Mirae Asset Mutual Fund,17.64,17.82,17.45,17.67,17.66,17.87,,17.64,,,131031,2307828.0,154,F1,1,,,,,,False
2026-10-01,2026-10-01,CM,BSE,STK,544607,INE0D8001018,SHTL,MT,,,,,SHINING TOOLS LIMITED,162.05,164.0,159.45,164.0,164.0,167.8,,164.0,,,19200,3078660.0,14,F1,1200,,,,,,False
2026-10-01,2026-10-01,CM,BSE,STK,544610,INE1I1301016,WORKMATES,M,,,,,WORKMATES CORE2CLOUD SOLUTION,384.0,387.9,371.45,371.45,371.45,391.0,,371.45,,,30000,11330520.0,49,F1,600,,,,,,False
2026-10-01,2026-10-01,CM,BSE,STK,544611,INE0U9D01019,MAHALIFE,M,,,,,MAHAMAYA LIFESCIENCES LIMITED,183.0,184.0,175.15,176.1,177.0,184.75,,176.1,,,12000,2157900.0,10,F1,1200,,,,,,False
2026-10-01,2026-10-01,CM,BSE,STK,544616,INE0BUQ01012,GALLARD,M,,,,,Gallard Steel Limited,162.75,164.7,160.0,164.1,164.7,166.5,,164.1,,,57000,9320150.0,22,F1,1000,,,,,,False
2026-10-01,2026-10-01,CM,BSE,STK,544618,INF754K01VY8,ESENSEX,B,,,,,Edelweiss Mutual Fund,73.14,74.03,72.28,74.03,74.03,73.79,,72.76,,,24,1740.0,6,F1,1,,,,,,False
2026-10-01,2026-10-01,CM,BSE,STK,544623,INE0UH001016,MNFL,M,,,,,Mother Nutri Foods Limited,150.0,153.0,150.0,152.1,152.1,165.0,,152.1,,,64800,9804240.0,5,F1,1200,,,,,,False
2026-10-01,2026-10-01,CM,BSE,STK,544624,INE0EOJ01014,KKSILK,M,,,,,K K SILK MILLS LIMITED,9.21,9.21,9.21,9.21,9.21,9.07,,9.21,,,9000,82890.0,3,F1,3000,,,,,,False
2026-10-01,2026-10-01,CM,BSE,STK,544625,INE1BA901016,LOGICIEL,M,,,,,Logiciel Solutions Limited,29.85,29.85,29.0,29.0,29.0,30.0,,29.0,,,4200,122910.0,7,F1,600,,,,,,False
2026-10-01,2026-10-01,CM,BSE,STK,544626,INE1E4401010,EXATO,MT,,,,,EXATO TECHNOLOGIES LIMITED,647.5,647.5,615.5,625.65,630.0,647.5,,625.65,,,9500,5947925.0,19,F1,500,,,,,,False
2026-10-01,2026-10-01,CM,BSE,STK,544627,INE0VDK01019,PURPLEWAVE,MT,,,,,PURPLE WAVE INFOCOM LIMITED,326.05,342.35,326.05,342.35,342.35,326.05,,342.35,,,2000,668400.0,2,F1,1000,,,,,,False
2026-10-01,2026-10-01,CM,BSE,STK,544628,INE0RUY01012,ASTRONMULT,M,,,,,Astron Multigrain Limited,18.5,18.5,14.32,14.32,14.32,17.35,,14.32,,,20000,344320.0,10,F1,2000,,,,,,False
2026-10-01,2026-10-01,CM,BSE,STK,544629,INE0W4D01018,RAVEL,M,,,,,Ravelcare Limited,101.0,101.0,101.0,101.0,101.0,102.0,,101.0,,,1000,101000.0,1,F1,1000,,,,,,False
2026-10-01,2026-10-01,CM,BSE,STK,544635,INE1CJB01013,LUXURY,M,,,,,Luxury Time Limited,69.55,73.2,69.55,72.62,73.2,66.55,,72.62,,,19200,1389360.0,10,F1,1600,,,,,,False
2026-10-01,2026-10-01,CM,BSE,STK,544636,INE1MF401019,WOSAL,M,,,,,Western Overseas Study Abroad,17.1,18.45,16.75,18.45,18.45,18.6,,18.45,,,18000,315180.0,9,F1,2000,,,,,,False
2026-10-01,2026-10-01,CM,BSE,STK,544637,INE0QZR01017,METHODHUB,M,,,,,Methodhub Software Limited,68.99,70.5,66.99,68.49,68.49,68.11,,68.49,,,48600,3339768.0,71,F1,600,,,,,,False
2026-10-01,2026-10-01,CM,BSE,STK,544640,INE1DKT01011,RDEL,M,,,,,Riddhi Display Equipments Limi,28.5,28.5,28.5,28.5,28.5,28.5,,28.5,,,1200,34200.0,1,F1,1200,,,,,,False
2026-10-01,2026-10-01,CM,BSE,STK,544641,INE1IE301018,KVTOYS,M,,,,,K. V. TOYS INDIA LIMITED,265.0,267.0,257.05,266.95,266.95,270.0,,266.95,,,6000,1587420.0,10,F1,600,,,,,,False
2026-10-01,2026-10-01,CM,BSE,STK,544646,INE0O9L01010,SHIPWAVES,M,,,,,Shipwaves Online Limited,3.4,3.42,3.35,3.35,3.35,3.45,,3.35,,,70000,237000.0,7,F1,10000,,,,,,False
2026-10-01,2026-10-01,CM,BSE,STK,544656,INE1E1V01017,HRS,M,,,,,HRS ALUGLAZE LIMITED,265.0,265.1,262.0,262.0,262.0,262.0,,262.0,,,8400,2225200.0,3,F1,400,,,,,,False
2026-10-01,2026-10-01,CM,BSE,STK,544657,INE14LM01012,PAJSON,M,,,,,Pajson Agro India Limited,212.0,215.0,212.0,214.0,214.0,212.0,,214.0,,,5400,1152540.0,7,F1,600,,,,,,False
2026-10-01,2026-10-01,CM,BSE,STK,544660,INF769K01PZ5,TOP20,B,,,,,Mirae Asset Mutual Fund,8.36,8.38,8.24,8.31,8.31,8.37,,8.3,,,5142,42681.0,32,F1,1,,,,,,False
2026-10-01,2026-10-01,CM,BSE,STK,544661,INF769K01PY8,DIVIDEND,B,,,,,Mirae Asset Mutual Fund,33.91,33.92,33.31,33.67,33.67,34.09,,33.64,,,3373,113654.0,49,F1,1,,,,,,False
2026-10-01,2026-10-01,CM,BSE,STK,544662,INE0VI201010,SIMANDHAR,X,,,,,SIMANDHAR IMPEX LIMITED,140.5,148.45,135.4,141.95,148.45,142.5,,141.95,,,19,2695.0,7,F1,1,,,,,,False
2026-10-01,2026-10-01,CM,BSE,STK,544663,INE1NQ501012,NEPLOG,M,,,,,NEPTUNE LOGITEK LIMITED,32.6,34.0,32.6,34.0,34.0,36.4,,34.0,,,2000,66600.0,2,F1,1000,,,,,,False
2026-10-01,2026-10-01,CM,BSE,STK,544665,INE1ITY01011,GLOBALLOG,M,,,,,Global Ocean Logistics India L,99.48,99.48,95.0,99.47,99.47,95.0,,99.47,,,8000,777760.0,5,F1,1600,,,,,,False
2026-10-01,2026-10-01,CM,BSE,STK,544667,INE1F9M01018,DACHEPALLI,M,,,,,Dachepalli Publishers Limited,93.99,100.99,93.99,100.58,100.58,97.05,,100.58,,,14400,1404252.0,11,F1,1200,,,,,,False
2026-10-01,2026-10-01,CM,BSE,STK,544668,INE0YJA01011,NANTA,M,,,,,NANTA TECH LIMITED,336.65,338.8,333.05,333.05,333.05,350.55,,333.05,,,39600,13233210.0,58,F1,600,,,,,,False
2026-10-01,2026-10-01,CM,BSE,STK,544669,INE0XLO01010,ADMACH,MT,,,,,ADMACH SYSTEMS LIMITED,522.5,524.75,499.0,499.85,500.0,500.0,,499.85,,,8400,4275450.0,14,F1,600,,,,,,False
2026-10-01,2026-10-01,CM,BSE,STK,544670,INE1IJQ01026,BAIKAKAJI,MT,,,,,BAI-KAKAJI POLYMERS LIMITED,292.0,295.7,280.95,289.0,288.0,295.7,,289.0,,,26400,7544010.0,42,F1,600,,,,,,False
2026-10-01,2026-10-01,CM,BSE,STK,544671,INE0X4A01013,ATIL,M,,,,,APOLLO TECHNO INDUSTRIES LIMIT,93.5,93.5,83.2,88.0,88.0,93.5,,88.0,,,11000,969850.0,11,F1,1000,,,,,,False
2026-10-01,2026-10-01,CM,BSE,STK,544672,INF2F0001370,TWCGOLDETF,E,,,,,The Wealth Company Mutual Fund,147.0,148.41,147.0,147.97,147.97,145.5,,146.46,,,8,1184.0,3,F1,1,,,,,,False
2026-10-01,2026-10-01,CM,BSE,STK,544673,INE1HK501016,MDRC,M,,,,,MODERN DIAGNOSTIC & RESEARCH C,72.0,74.01,67.5,71.9,71.9,73.25,,71.9,,,22400,1589376.0,13,F1,1600,,,,,,False
2026-10-01,2026-10-01,CM,BSE,STK,544675,INE1H1501013,GTIL,MT,,,,,Gabion Technologies India Limi,137.8,137.8,129.2,129.7,129.2,136.0,,129.7,,,56000,7319120.0,34,F1,1600,,,,,,False
2026-10-01,2026-10-01,CM,BSE,STK,544676,INE0CNJ01010,YAJUR,MT,,,,,YAJUR FIBRES LIMITED,36.6,36.6,36.0,36.0,36.0,36.6,,36.0,,,2400,87360.0,3,F1,800,,,,,,False
2026-10-01,2026-10-01,CM,BSE,STK,544680,INE0S1B01014,NARMADESH,M,,,,,Narmadesh Brass Industries Lim,300.6,300.6,300.6,300.6,300.6,316.4,,300.6,,,240,72144.0,1,F1,240,,,,,,False
2026-10-01,2026-10-01,CM,BSE,STK,544681,INE0WKY01013,INDOSMC,M,,,,,INDO SMC Limited,505.0,508.9,485.0,505.2,508.9,506.2,,505.2,,,60000,29943400.0,59,F1,1000,,,,,,False
2026-10-01,2026-10-01,CM,BSE,STK,544682,INE0U8P01015,GRERENEW,M,,,,,GRE Renew Enertech Limited,233.35,233.35,233.0,233.0,233.0,231.15,,233.0,,,62400,14550480.0,5,F1,1200,,,,,,False
2026-10-01,2026-10-01,CM,BSE,STK,544683,INE1D8001016,ARITAS,M,,,,,Aritas Vinyl Limited,12.8,13.45,12.8,13.45,13.45,13.45,,13.45,,,21000,278340.0,6,F1,3000,,,,,,False
2026-10-01,2026-10-01,CM,BSE,STK,544684,INE1OOT01028,DIGILOGIC,MT,,,,,DIGILOGIC SYSTEMS LIMITED,201.0,207.45,191.05,203.45,203.45,197.65,,203.45,,,102000,20565900.0,85,F1,1200,,,,,,False
2026-10-01,2026-10-01,CM,BSE,STK,544686,INE0UCL01011,SHAYONAENG,M,,,,,SHAYONA ENGINEERING LIMITED,137.55,137.55,133.0,133.35,133.35,135.0,,133.35,,,5000,677900.0,5,F1,1000,,,,,,False
2026-10-01,2026-10-01,CM,BSE,STK,544687,INE0JVH01012,HANNAH,M,,,,,Hannah Joseph Hospital Limited,105.25,105.25,100.0,101.8,103.0,105.95,,101.8,,,48000,4918400.0,19,F1,2000,,,,,,False
2026-10-01,2026-10-01,CM,BSE,STK,544688,INE0T1301023,KASTURI,M,,,,,KASTURI METAL COMPOSITE LIMITE,66.5,67.0,65.5,66.0,66.0,69.5,,66.0,,,26000,1726640.0,9,F1,2000,,,,,,False
2026-10-01,2026-10-01,CM,BSE,STK,544693,INE163401016,KANISHK,M,,,,,KANISHK ALUMINIUM INDIA LIMITE,25.9,25.9,25.89,25.89,25.89,27.25,,25.89,,,3200,82864.0,2,F1,1600,,,,,,False
2026-10-01,2026-10-01,CM,BSE,STK,544695,INE2B5L01011,MSAFE,MT,,,,,Msafe Equipments Limited,270.0,270.0,258.05,264.8,264.8,268.7,,264.8,,,105000,27773950.0,35,F1,1000,,,,,,False
2026-10-01,2026-10-01,CM,BSE,STK,544698,INE1N9E01015,PANHR,M,,,,,PAN HR SOLUTION LIMITED,43.55,43.55,43.55,43.55,43.55,43.1,,43.55,,,1600,69680.0,1,F1,1600,,,,,,False
2026-10-01,2026-10-01,CM,BSE,STK,544701,INF769K01QA6,HEALTHCARE,B,,,,,Mirae Asset Mutual Fund,21.04,21.16,20.81,21.08,21.08,21.19,,21.02,,,49116,1026311.0,97,F1,1,,,,,,False
2026-10-01,2026-10-01,CM,BSE,STK,544704,INF769K01QB4,INFRA,B,,,,,Mirae Asset Mutual Fund,11.45,11.48,11.29,11.38,11.41,11.5,,11.4,,,4799,54607.0,41,F1,1,,,,,,False
2026-10-01,2026-10-01,CM,BSE,STK,544705,INF769K01QC2,DEFENCE,B,,,,,Mirae Asset Mutual Fund,76.69,77.85,75.07,76.27,76.25,77.42,,76.31,,,7151,543984.0,173,F1,1,,,,,,False
2026-10-01,2026-10-01,CM,BSE,STK,544707,INE1W3Q01011,FIL,M,,,,,Fractal Industries Limited,225.0,225.0,199.95,213.5,214.0,211.0,,213.5,,,114000,24244890.0,73,F1,600,,,,,,False
2026-10-01,2026-10-01,CM,BSE,STK,544708,INE1O6P01016,YASHHTEJ,M,,,,,Yashhtej Industries (India) Li,54.29,54.29,52.7,52.7,52.7,55.4,,52.7,,,9600,509400.0,8,F1,1200,,,,,,False
2026-10-01,2026-10-01,CM,BSE,STK,544710,INE132201018,ACCORDTS,M,,,,,ACCORD TRANSFORMER & SWITCHGEA,84.1,87.0,79.14,80.52,82.4,87.93,,80.52,,,282000,23264190.0,92,F1,3000,,,,,,False
2026-10-01,2026-10-01,CM,BSE,STK,544711,INE1C3F01018,KIAASA,M,,,,,KIAASA RETAIL LIMITED,28.75,29.7,28.75,29.0,29.0,29.99,,29.0,,,18000,523180.0,16,F1,1000,,,,,,False
2026-10-01,2026-10-01,CM,BSE,STK,544721,INF666M01OD9,GROWWHOSPI,B,,,,,Groww Mutual Fund,47.99,48.4,46.66,47.93,48.2,47.98,,47.85,,,98533,4685494.0,330,F1,1,,,,,,False
2026-10-01,2026-10-01,CM,BSE,STK,544724,INE1FEW01013,ELFIN,M,,,,,Elfin Agro India Limited,91.7,91.7,86.0,86.92,86.0,91.7,,86.92,,,60000,5346300.0,19,F1,3000,,,,,,False
2026-10-01,2026-10-01,CM,BSE,STK,544735,INE1TFS01019,NOVUS,M,,,,,Novus Loyalty Limited,221.9,229.9,217.15,218.75,218.0,223.45,,218.75,,,178000,39798300.0,132,F1,1000,,,,,,False
2026-10-01,2026-10-01,CM,BSE,STK,544736,INF336L01RX2,HSBCGOLD,E,,,,,HSBC Mutual Fund,128.52,129.51,127.06,128.32,128.32,127.89,,127.95,,,432,55321.0,33,F1,1,,,,,,False
2026-10-01,2026-10-01,CM,BSE,STK,544737,INF769K01QV2,VALUE,B,,,,,Mirae Asset Mutual Fund,15.21,15.24,15.01,15.14,15.14,15.43,,15.14,,,5195,78737.0,30,F1,1,,,,,,False
2026-10-01,2026-10-01,CM,BSE,STK,544738,INE0R0M01014,SPML,M,,,,,SPECIALITY MEDICINES LIMITED,156.0,156.5,156.0,156.5,156.5,158.0,,156.5,,,7000,1095000.0,7,F1,1000,,,,,,False
2026-10-01,2026-10-01,CM,BSE,STK,544740,INE1U6D01014,TIPCO,MT,,,,,Tipco Engineering India Limite,327.9,327.9,315.95,315.95,315.95,332.55,,315.95,,,182400,57975040.0,104,F1,1600,,,,,,False
2026-10-01,2026-10-01,CM,BSE,STK,544741,INE1KI801019,HIGHNESS,MT,,,,,Highness Microelectronics Limi,251.95,251.95,251.95,251.95,251.95,247.05,,251.95,,,38400,9674880.0,23,F1,1200,,,,,,False
2026-10-01,2026-10-01,CM,BSE,STK,544746,INE0UMH01018,SCDL,M,,,,,SAFETY CONTROLS & DEVICES LIMI,73.0,74.2,70.74,71.37,70.74,71.0,,71.37,,,46400,3353840.0,25,F1,1600,,,,,,False
2026-10-01,2026-10-01,CM,BSE,STK,544747,INE1OSW01015,EMIAC,M,,,,,EMIAC TECHNOLOGIES LIMITED,88.5,88.9,87.03,88.9,88.9,88.6,,88.9,,,7200,633096.0,6,F1,1200,,,,,,False
2026-10-01,2026-10-01,CM,BSE,STK,544751,INE1K0V01011,MTL,M,,,,,MEHUL TELECOM LIMITED,128.9,139.9,123.6,133.05,133.5,131.4,,133.05,,,66000,8767500.0,51,F1,1200,,,,,,False
2026-10-01,2026-10-01,CM,BSE,STK,544755,INE2B6701015,RECODE,MT,,,,,RECODE STUDIOS LIMITED,459.0,469.6,432.0,450.0,450.0,447.25,,450.0,,,22400,10190160.0,25,F1,800,,,,,,False
2026-10-01,2026-10-01,CM,BSE,STK,544759,INE1CLW01015,GLPL,M,,,,,GOLDLINE PHARMACEUTICAL LIMITE,31.7,31.7,29.0,30.97,30.97,31.7,,30.97,,,39000,1186650.0,13,F1,3000,,,,,,False
2026-10-01,2026-10-01,CM,BSE,STK,544761,INF754K01XF3,ENEXT50,B,,,,,Edelweiss Mutual Fund,70.87,70.87,68.39,68.9,68.9,70.97,,68.98,,,614,42305.0,10,F1,1,,,,,,False
2026-10-01,2026-10-01,CM,BSE,STK,544765,INE1L3801017,VPAL,MT,,,,,Vegorama Punjabi Angithi Limit,242.9,243.0,232.5,238.0,238.0,237.0,,238.0,,,20800,4943760.0,13,F1,1600,,,,,,False
2026-10-01,2026-10-01,CM,BSE,STK,544766,INF579M01BP5,MSCI360,B,,,,,360 ONE Mutual Fund,9.55,9.89,9.4,9.89,9.89,9.57,,9.89,,,3932,37482.0,20,F1,1,,,,,,False
2026-10-01,2026-10-01,CM,BSE,STK,544767,INE18HI01019,AFLTD,MT,,,,,Autofurnish Limited,99.99,102.8,99.99,102.8,102.8,98.0,,102.8,,,21000,2109840.0,6,F1,3000,,,,,,False
2026-10-01,2026-10-01,CM,BSE,STK,544768,INE0YD301010,MANIVENI,M,,,,,M.R.MANIVENI FOODS LIMITED,25.1,28.45,25.0,25.0,25.0,25.6,,25.0,,,12000,307100.0,6,F1,2000,,,,,,False
2026-10-01,2026-10-01,CM,BSE,STK,544769,INE1UYW01010,HARIKANTA,M,,,,,HARIKANTA OVERSEAS LIMITED,59.05,59.9,59.0,59.9,59.9,62.0,,59.9,,,8400,501060.0,4,F1,1200,,,,,,False
2026-10-01,2026-10-01,CM,BSE,STK,544770,INE1T6L01010,YAASHVI,M,,,,,YAASHVI JEWELLERS LIMITED,80.0,80.0,76.25,77.38,78.5,81.5,,77.38,,,41600,3245312.0,25,F1,1600,,,,,,False
2026-10-01,2026-10-01,CM,BSE,STK,544771,INE1GM501015,RFIL,M,,,,,Rajnandini Fashion India Limit,24.65,27.49,24.65,25.11,25.11,24.75,,25.11,,,28000,722600.0,12,F1,2000,,,,,,False
2026-10-01,2026-10-01,CM,BSE,STK,544772,INE1KVL01010,AUREATE,M,,,,,AUREATE TRADDE LIMITED,50.06,51.0,48.0,49.55,48.0,49.82,,49.55,,,76000,3799080.0,23,F1,2000,,,,,,False
2026-10-01,2026-10-01,CM,BSE,STK,544773,INE1RQS01010,MRTX,M,,,,,Merritronix Limited,440.0,453.8,421.5,432.15,430.0,441.45,,432.15,,,249000,107918600.0,236,F1,1000,,,,,,False
2026-10-01,2026-10-01,CM,BSE,STK,544774,INE11XK01017,SMR,M,,,,,SMR Jewels Limited,92.65,98.1,92.65,93.05,93.05,90.0,,93.05,,,9000,852590.0,9,F1,1000,,,,,,False
2026-10-01,2026-10-01,CM,BSE,STK,544778,INE0H3U01013,VAHH,M,,,,,Vahh Chemicals Limited,48.0,48.0,48.0,48.0,48.0,48.0,,48.0,,,2000,96000.0,1,F1,2000,,,,,,False
2026-10-01,2026-10-01,CM,BSE,STK,544779,INE0YZ901011,UHMVL,M,,,,,UHM Vacation Limited,36.07,36.07,35.11,35.11,35.11,36.95,,35.11,,,5600,198096.0,7,F1,800,,,,,,False
2026-10-01,2026-10-01,CM,BSE,STK,544786,INE155D01018,SELECTRIC,B,,,,,Schneider Electric President S,2125.0,2194.9,2031.0,2052.25,2064.95,2113.65,,2052.25,,,8442,17734631.0,483,F1,1,,,,,,False
2026-10-01,2026-10-01,CM,BSE,STK,544793,INE2L0V01019,SUSAN,MT,,,,,Susan Electricals India Limite,298.0,314.35,295.0,309.95,309.0,299.4,,309.95,,,132000,40320450.0,129,F1,1000,,,,,,False
2026-10-01,2026-10-01,CM,BSE,STK,544794,INE1SEO01013,HORIZON,M,,,,,HORIZON RECLAIM (INDIA) LIMITE,138.65,139.0,134.0,136.0,136.0,138.55,,136.0,,,34800,4766400.0,24,F1,1200,,,,,,False
2026-10-01,2026-10-01,CM,BSE,STK,544796,INE0TKX01011,LIOTECH,M,,,,,LIOTECH INDUSTRIES LIMITED,130.0,132.55,119.95,119.95,119.95,126.24,,119.95,,,18000,2292520.0,41,F1,400,,,,,,False
2026-10-01,2026-10-01,CM,BSE,STK,544797,INE0X6O01027,LESL,M,,,,,LEAPFROG ENGINEERING SERVICES,21.9,21.9,21.11,21.4,21.4,21.9,,21.4,,,30000,643860.0,5,F1,6000,,,,,,False
2026-10-01,2026-10-01,CM,BSE,STK,544800,INE1O7201010,ANUBHAV,M,,,,,ANUBHAV PLAST LIMITED,47.8,47.8,47.8,47.8,47.8,48.0,,47.8,,,1600,76480.0,1,F1,1600,,,,,,False
2026-10-01,2026-10-01,CM,BSE,STK,544804,INE0KYI01012,RIYAASAT,M,,,,,Riyaasat Lifestyle Limited,110.7,110.7,100.0,101.0,101.0,100.65,,101.0,,,24000,2584920.0,18,F1,1200,,,,,,False
2026-10-01,2026-10-01,CM,BSE,STK,544805,INE0V3T01017,JIVIAL,M,,,,,Jivial Industries Limited,77.74,77.74,77.74,77.74,77.74,77.74,,77.74,,,1200,93288.0,2,F1,600,,,,,,False
2026-10-01,2026-10-01,CM,BSE,STK,544807,INE0RBX01014,CRAZY,M,,,,,CRAZY SNACKS LIMITED,54.0,54.0,54.0,54.0,54.0,53.96,,54.0,,,3000,162000.0,1,F1,3000,,,,,,False
2026-10-01,2026-10-01,CM,BSE,STK,544809,INE1SME01017,ADON,M,,,,,ADON AGRO COMMODITIES LIMITED,89.2,90.0,86.0,89.81,90.0,89.13,,89.81,,,72000,6397720.0,36,F1,2000,,,,,,False
2026-10-01,2026-10-01,CM,BSE,STK,544810,INE147701010,SILL,M,,,,,Sampark India Logistics Limite,115.1,115.1,110.0,110.5,111.0,114.0,,110.5,,,68800,7625760.0,23,F1,1600,,,,,,False
2026-10-01,2026-10-01,CM,BSE,STK,544811,INE1L0M01019,KRATIKAL,M,,,,,KRATIKAL TECH LIMITED,173.0,173.0,168.0,173.0,173.0,173.0,,173.0,,,3000,514000.0,3,F1,1000,,,,,,False
2026-10-01,2026-10-01,CM,BSE,STK,544812,INE226801012,ATHARVA,MT,,,,,Atharva Poly-Plast Limited,128.05,128.05,126.0,126.6,126.5,121.99,,126.6,,,68000,8663100.0,31,F1,2000,,,,,,False
2026-10-01,2026-10-01,CM,BSE,STK,544813,INE1EVO01017,SEEMAX,M,,,,,Seemax Resources Limited,62.3,62.31,62.0,62.31,62.31,59.71,,62.31,,,4000,248910.0,4,F1,1000,,,,,,False
2026-10-01,2026-10-01,CM,BSE,STK,544823,INE2KRP01017,DEVSON,MT,,,,,DEVSON CATALYST LIMITED,339.4,348.0,321.5,337.5,344.0,335.55,,337.5,,,48000,16135500.0,40,F1,1200,,,,,,False
2026-10-01,2026-10-01,CM,BSE,STK,544826,INE1SRC01010,MILLWORKS,M,,,,,MILLWORKS TECHNOLOGIES LIMITED,1148.5,1175.0,1110.0,1135.5,1130.1,1174.5,,1135.5,,,156800,179087920.0,234,F1,400,,,,,,False
2026-10-01,2026-10-01,CM,BSE,STK,544827,INF0QA701CI0,BANK10BETF,B,,,,,Bajaj Finserv Mutual Fund,19.9,20.16,19.85,19.97,19.85,20.1,,19.8,,,834614,16738119.0,81,F1,1,,,,,,False
2026-10-01,2026-10-01,CM,BSE,STK,544830,INF769K01RC0,MOMMIDCAP,B,,,,,Mirae Asset Mutual Fund,12.7,12.7,12.19,12.31,12.33,12.46,,12.32,,,315695,3887149.0,170,F1,1,,,,,,False
2026-10-01,2026-10-01,CM,BSE,STK,544831,INE208H01016,MEEIND,B,,,,,MEENAKSHI INDIA LIMITED,391.0,392.0,307.35,363.85,351.95,382.95,,363.85,,,8421,3186034.0,709,F1,1,,,,,,False
2026-10-01,2026-10-01,CM,BSE,STK,544832,INE12Z301012,SOTEFIN,M,,,,,Sotefin Bharat Limited,256.5,271.0,255.5,258.95,260.45,265.1,,258.95,,,38400,10018560.0,59,F1,600,,,,,,False
2026-10-01,2026-10-01,CM,BSE,STK,544834,INE1WDC01012,GULFLLOYDS,M,,,,,GULF LLOYDS (INDIA) LIMITED,31.49,31.5,30.01,30.06,30.06,30.0,,30.06,,,12000,372456.0,10,F1,1200,,,,,,False
2026-10-01,2026-10-01,CM,BSE,STK,544835,INE1N3Y01016,MALA,M,,,,,Shree Balaji (Mala) Textiles L,49.99,49.99,49.99,49.99,49.99,50.0,,49.99,,,2000,99980.0,1,F1,2000,,,,,,False
2026-10-01,2026-10-01,CM,BSE,STK,544840,INE1EJ401023,SSPRL,M,,,,,SILVERSTORM PARKS AND RESORTS,129.0,129.0,129.0,129.0,129.0,128.75,,129.0,,,2000,258000.0,1,F1,1000,,,,,,False
2026-10-01,2026-10-01,CM,BSE,STK,544841,INF769K01RJ5,HYBRIDETF,F,,,,,Mirae Asset Mutual Fund,9.81,9.83,9.72,9.75,9.75,9.81,,9.72,,,633,6160.0,11,F1,1,,,,,,False
2026-10-01,2026-10-01,CM,BSE,STK,544843,INE13ZJ01010,ADVANCETL,M,,,,,ADVANCE TECHNOFORGE LIMITED,73.14,73.8,70.8,72.91,72.85,73.9,,72.91,,,18000,1297308.0,15,F1,1200,,,,,,False
2026-10-01,2026-10-01,CM,BSE,STK,544844,INE288301026,PPEL,M,,,,,POOJAA PRECISION ENGG. LIMITED,791.0,815.2,775.0,783.35,783.35,809.65,,783.35,,,81200,64551660.0,173,F1,400,,,,,,False
2026-10-01,2026-10-01,CM,BSE,STK,544846,INF754K01XI7,ELMDIV,B,,,,,Edelweiss Mutual Fund,34.31,34.31,33.97,34.13,34.13,34.56,,34.72,,,339,11564.0,7,F1,1,,,,,,False
2026-10-01,2026-10-01,CM,BSE,STK,544848,INE17DP01015,HRHYGIENE,M,,,,,H. R. HYGIENE PRODUCTS LIMITED,65.0,65.4,63.0,63.0,63.0,68.88,,63.0,,,9600,616960.0,6,F1,1600,,,,,,False
2026-10-01,2026-10-01,CM,BSE,STK,544849,INF754K01XH9,EBANK10,B,,,,,Edelweiss Mutual Fund,16.28,16.28,15.94,16.0,16.0,15.9,,16.19,,,597,9517.0,6,F1,1,,,,,,False
2026-10-01,2026-10-01,CM,BSE,STK,544852,INE0UR501013,ONEINDIG,M,,,,,Oneindig Technologies Limited,133.65,133.65,130.15,130.15,130.15,135.0,,130.15,,,55200,7235400.0,5,F1,1200,,,,,,False
2026-10-01,2026-10-01,CM,BSE,STK,544854,INE1HX301016,DHAVAL,M,,,,,Dhaval Packaging Limited,125.0,125.8,118.7,118.7,118.7,127.0,,118.7,,,46800,5661360.0,30,F1,1200,,,,,,False
2026-10-01,2026-10-01,CM,BSE,STK,544855,INE13LA01027,PRIMAINNO,X,,,,,Prima Innovation Limited,27.86,28.5,26.5,26.98,26.98,28.0,,26.98,,,4204,117230.0,29,F1,1,,,,,,False
2026-10-01,2026-10-01,CM,BSE,STK,544856,INE1LMA01010,KLASSROOM,M,,,,,FUSION KLASSROOM EDUTECH LIMIT,170.15,171.0,165.0,165.0,165.0,170.6,,165.0,,,5600,946080.0,7,F1,800,,,,,,False
2026-10-01,2026-10-01,CM,BSE,STK,544858,INE0WR901013,AEGEUS,M,,,,,AEGEUS TECHNOLOGIES LIMITED,126.0,126.95,125.0,125.2,125.1,125.9,,125.2,,,48000,6008340.0,16,F1,1200,,,,,,False
2026-10-01,2026-10-01,CM,BSE,STK,544859,INE1ZGR01024,GVELECTRIC,M,,,,,G V ELECTRICALS LTD,131.0,132.9,125.0,129.2,129.5,130.0,,129.2,,,99000,12705650.0,28,F1,1000,,,,,,False
2026-10-01,2026-10-01,CM,BSE,STK,544863,INE0X9I01023,LAPL,M,,,,,LAPL AUTOMOTIVE LIMITED,103.95,105.0,98.75,101.65,101.7,103.95,,101.65,,,21600,2206680.0,18,F1,1200,,,,,,False
2026-10-01,2026-10-01,CM,BSE,STK,544869,INE0Z9N01013,SHAMFOAM,M,,,,,Sham Foam Limited,86.0,86.0,77.82,80.05,81.5,86.46,,80.05,,,76000,6106650.0,54,F1,1000,,,,,,False
2026-10-01,2026-10-01,CM,BSE,STK,544872,INE13G401012,QTFOODS,M,,,,,Q&T FOODS LIMITED,33.0,35.0,33.0,34.0,34.0,33.68,,34.0,,,27600,939912.0,21,F1,1200,,,,,,False
2026-10-01,2026-10-01,CM,BSE,STK,544873,INF22M001184,NIFTYJBLK,B,,,,,Jio BlackRock Mutual Fund,11.78,11.78,11.4,11.56,11.57,11.65,,11.55,,,30755,354264.0,263,F1,1,,,,,,False
2026-10-01,2026-10-01,CM,BSE,STK,544874,INF769K01RK3,LARGEMID50,B,,,,,Mirae Asset Mutual Fund,34.37,34.37,33.74,34.03,34.03,34.44,,34.03,,,11541,395341.0,20,F1,1,,,,,,False
2026-10-01,2026-10-01,CM,BSE,STK,544876,INE23ER01017,ENS,M,,,,,ENS Enterprises Limited,101.3,101.3,101.15,101.2,101.15,101.2,,101.2,,,27600,2793780.0,14,F1,1200,,,,,,False
2026-10-01,2026-10-01,CM,BSE,STK,544877,INE19QK01022,TECHNOCRAT,MT,,,,,Technocrats Plasma Systems Lim,429.0,429.0,400.9,409.0,413.0,421.95,,409.0,,,50000,20409650.0,49,F1,1000,,,,,,False
2026-10-01,2026-10-01,CM,BSE,STK,544883,INE2F5H01015,MOPSHOP,M,,,,,MOPSHOP DISTRIBUTION LIMITED,37.99,38.46,36.39,36.39,36.39,38.3,,36.39,,,121000,4419960.0,72,F1,1000,,,,,,False
2026-10-01,2026-10-01,CM,BSE,STK,544884,INE0VWO01011,DHANWEL,M,,,,,Dhanwel Hybrid Seeds Limited,45.76,46.5,45.14,45.5,45.5,47.49,,45.5,,,20400,929628.0,17,F1,1200,,,,,,False
2026-10-01,2026-10-01,CM,BSE,STK,544895,INE1SFA01019,KWICK,M,,,,,KWICK FORENSIC SOLUTIONS LIMIT,184.95,184.95,167.1,178.8,181.0,186.36,,178.8,,,771200,135575360.0,454,F1,1600,,,,,,False
2026-10-01,2026-10-01,CM,BSE,STK,544897,INE0LHB01010,PALUCK,M,,,,,Paluck Technologies Limited,45.0,45.25,44.1,44.7,44.7,45.48,,44.7,,,72000,3223740.0,24,F1,3000,,,,,,False
2026-10-01,2026-10-01,CM,BSE,STK,544900,INE2K6801014,CSML,M,,,,,COMPLETE SPORTS AND MANAGEMENT,207.0,210.0,195.0,203.0,203.0,207.0,,203.0,,,18000,3655800.0,18,F1,1000,,,,,,False
2026-10-01,2026-10-01,CM,BSE,STK,544902,INE24YP01017,PHYCHEM,M,,,,,Phychem Technologies Limited,48.5,48.5,48.0,48.0,48.0,50.85,,48.0,,,4000,193000.0,2,F1,2000,,,,,,False
2026-10-01,2026-10-01,CM,BSE,STK,544904,INE2J7801015,FLYHI,M,,,,,FLY-HI MARITIME TRAVELS LIMITE,37.5,39.37,37.5,39.37,39.37,37.5,,39.37,,,94800,3703560.0,73,F1,1200,,,,,,False
2026-10-01,2026-10-01,CM,BSE,STK,544905,INE0W2E01010,FARMPEACE,M,,,,,Farm Peace Limited,42.41,43.9,41.38,41.38,41.38,43.55,,41.38,,,166000,7024900.0,71,F1,2000,,,,,,False
2026-10-01,2026-10-01,CM,BSE,STK,544907,INE0IBX01013,FINANCE,XT,,,,,Seksaria Finance Limited,50.3,50.3,50.3,50.3,50.3,47.91,,50.3,,,1,50.0,1,F1,1,,,,,,False
2026-10-01,2026-10-01,CM,BSE,STK,544910,INE1ET101019,APANA,M,,,,,Apana Logistics Limited,26.22,26.22,26.22,26.22,26.22,29.13,,26.22,,,10000,262200.0,5,F1,2000,,,,,,False
2026-10-01,2026-10-01,CM,BSE,STK,544919,INE1YC401018,INFRAX,M,,,,,INFRAX RENEWABLE LIMITED,113.55,115.15,108.0,114.5,114.5,117.05,,114.5,,,75600,8539620.0,61,F1,1200,,,,,,False
2026-10-01,2026-10-01,CM,BSE,STK,544920,INE0RMA01019,AMTECH,M,,,,,Amtech Esters Limited,117.0,123.7,116.0,120.6,119.4,119.73,,120.6,,,168000,19902240.0,97,F1,1600,,,,,,False
2026-10-01,2026-10-01,CM,BSE,STK,544922,INE2D0Q01027,OMG,MT,,,,,OM GALAXY LIMITED,89.8,89.8,87.35,89.44,89.47,89.0,,89.44,,,24000,2130992.0,15,F1,1600,,,,,,False
2026-10-01,2026-10-01,CM,BSE,STK,544924,INE1S7M01017,RAKSAN,MT,,,,,Raksan Transformers Limited,279.0,280.0,266.45,273.2,274.0,277.65,,273.2,,,71200,19371640.0,152,F1,400,,,,,,False
2026-10-01,2026-10-01,CM,BSE,STK,544925,INE0SVD01012,SPEEDEX,MT,,,,,MAHARAJA & SPEEDEX INDIA LIMIT,268.0,274.0,254.8,257.6,260.0,268.2,,257.6,,,104400,27195120.0,156,F1,600,,,,,,False
2026-10-01,2026-10-01,CM,BSE,STK,544928,INE16VF01010,CENTURYOOH,MT,,,,,Century Business Media Limited,72.94,72.94,69.35,69.7,69.35,73.0,,69.7,,,46400,3242784.0,28,F1,1600,,,,,,False
2026-10-01,2026-10-01,CM,BSE,STK,544930,INE1JJF01019,INJECTO,MT,,,,,INJECTO POLYMERS LIMITED,96.0,100.25,95.0,97.25,98.0,97.56,,97.25,,,39600,3903840.0,17,F1,1200,,,,,,False
2026-10-01,2026-10-01,CM,BSE,STK,544932,INE0OAB01019,QAL,MT,,,,,Quanto Agroworld Limited,63.7,65.0,61.9,64.9,64.9,65.0,,64.9,,,104000,6726540.0,22,F1,2000,,,,,,False
2026-10-01,2026-10-01,CM,BSE,STK,544933,INE05UY01016,SHAKTIPOLY,MT,,,,,SHAKTI POLYTARP LIMITED,54.9,54.9,53.3,53.3,53.3,56.1,,53.3,,,32000,1719880.0,13,F1,2000,,,,,,False
2026-10-01,2026-10-01,CM,BSE,STK,544937,INE721I01024,NSE,A,,,,,National Stock Exchange of Ind,1763.05,1765.0,1735.1,1741.3,1741.3,1763.05,,1741.29,,,3181906,5567072720.0,150806,F1,1,,,,,,False
2026-10-01,2026-10-01,CM,BSE,STK,544939,INE1JJP01018,VIVEKANAND,MT,,,,,VIVEKANAND COTSPIN LIMITED,42.5,43.15,42.0,43.15,43.15,41.1,,43.15,,,141000,6070350.0,34,F1,3000,,,,,,False
2026-10-01,2026-10-01,CM,BSE,STK,544940,INE1W8R01018,ROBOKIDZ,MT,,,,,ROBOKIDZ EDUVENTURES LIMITED,228.8,228.8,221.1,221.1,221.1,232.7,,221.1,,,267600,59374620.0,165,F1,1200,,,,,,False
2026-10-01,2026-10-01,CM,BSE,STK,544941,INE1D0M01019,FXML,MT,,,,,FX Multitech Limited,123.0,124.0,119.15,120.6,119.6,125.2,,120.6,,,164400,19938300.0,86,F1,1200,,,,,,False
2026-10-01,2026-10-01,CM,BSE,STK,544943,INE1OTR01013,HNIL,MT,,,,,HIMALAYA NUTRAVEDICS INDIA LIM,111.0,122.6,111.0,122.6,122.6,116.8,,122.6,,,223200,25674540.0,113,F1,1200,,,,,,False
2026-10-01,2026-10-01,CM,BSE,STK,544944,INE0XDX01018,ANAND,MT,,,,,Anand Seamless Limited,72.0,73.0,72.0,72.0,72.0,72.0,,72.0,,,81600,5877920.0,37,F1,1600,,,,,,False
2026-10-01,2026-10-01,CM,BSE,STK,544946,INE0CJT01025,LIQVD,MT,,,,,LIQVD DIGITAL INDIA LIMITED,48.5,48.5,48.5,48.5,48.5,51.05,,48.5,,,4000,194000.0,2,F1,2000,,,,,,False
2026-10-01,2026-10-01,CM,BSE,STK,544947,INE2MKZ01017,SKOFFSET,MT,,,,,S.K. OFFSET LIMITED,126.0,126.0,120.05,120.05,120.05,126.35,,120.05,,,18000,2226100.0,16,F1,1000,,,,,,False
2026-10-01,2026-10-01,CM,BSE,STK,544948,INE0WOK01014,UNITEC,MT,,,,,UNITEC FIBRES LIMITED,91.99,95.13,91.5,95.13,95.13,90.6,,95.13,,,310400,29207392.0,132,F1,1600,,,,,,False
2026-10-01,2026-10-01,CM,BSE,STK,544954,INE2BTZ01011,ROOPA,MT,,,,,Roopa Screen Limited,121.6,127.68,115.52,115.52,115.52,0.0,,115.52,,,1682000,206771740.0,541,F1,2000,,,,,,False
2026-10-01,2026-10-01,CM,BSE,STK,544955,INE0SR101016,PESHWA,MT,,,,,Peshwa Wheat Limited,100.05,100.05,95.05,95.05,95.05,0.0,,95.05,,,450000,44991240.0,135,F1,1200,,,,,,False
2026-10-01,2026-10-01,CM,BSE,STK,555555,INF346A01034,SENSEXIETF,B,,,,,ICICI Prudential BSE Sensex ET,836.8,836.81,821.41,828.84,830.2,839.07,,829.48,,,2337,1945716.0,122,F1,1,,,,,,False
2026-10-01,2026-10-01,CM,BSE,STK,590096,INF732E01037,LIQUIDBEES,F,,,,,NIPPON INDIA ETF LIQUID BEES,995.01,1000.01,995.01,1000.01,1000.01,1000.01,,999.99,,,284697,284696954.0,852,F1,1,,,,,,False
2026-10-01,2026-10-01,CM,BSE,STK,590099,INF082J01408,QGOLDHALF,E,,,,,Quantum Gold ETF,121.45,122.25,121.3,121.59,121.5,121.86,,121.63,,,6390,777858.0,211,F1,1,,,,,,False
2026-10-01,2026-10-01,CM,BSE,STK,590104,INF732E01045,JUNIORBEES,B,,,,,NIPPON INDIA ETF JUNIOR BEES,754.7,756.57,737.65,748.34,750.72,756.21,,747.54,,,28610,21412988.0,1313,F1,1,,,,,,False
2026-10-01,2026-10-01,CM,BSE,STK,590109,INF732E01128,SHARIABEES,B,,,,,NIPPON INDIA ETF SHARIAH BEES,423.3,427.19,417.0,425.63,421.31,426.49,,423.92,,,3525,1479783.0,85,F1,1,,,,,,False
2026-10-01,2026-10-01,CM,BSE,STK,590110,INF082J01499,QNIFTY,B,,,,,Quantum Nifty 50 ETF,245.0,249.46,238.56,247.77,247.76,249.8,,247.7,,,1832,452742.0,82,F1,1,,,,,,False
2026-10-01,2026-10-01,CM,BSE,STK,590115,INF247L01536,MOM50,B,,,,,MOTILAL OSWAL MUTUAL FUND,237.5,237.5,234.0,234.25,234.25,238.23,,235.67,,,423,99666.0,26,F1,1,,,,,,False
2026-10-01,2026-10-01,CM,BSE,STK,590146,INF247L01FY4,MOGOLD,E,,,,,Motilal Oswal Mutual Fund-Perm,143.96,145.96,143.96,145.07,145.07,146.06,,145.2,,,502,73027.0,48,F1,1,,,,,,False
2026-10-01,2026-10-01,CM,BSE,STK,590147,INF247L01FZ1,MOSILVER,E,,,,,Motilal Oswal Mutual Fund-Perm,217.21,217.64,215.54,215.7,215.68,217.17,,215.91,,,182,39282.0,12,F1,1,,,,,,False
2026-10-01,2026-10-01,CM,BSE,STK,590148,INF247L01CH6,MOSMALL250,B,,,,,Motilal Oswal Mutual Fund-Perm,17.94,17.94,17.38,17.71,17.88,17.94,,17.72,,,251991,4428996.0,564,F1,1,,,,,,False
2026-10-01,2026-10-01,CM,BSE,STK,590149,INF247L01EV3,MOCAPITAL,B,,,,,Motilal Oswal Mutual Fund-Perm,52.58,52.58,50.1,50.73,51.59,51.3,,50.75,,,18827,957630.0,290,F1,1,,,,,,False
2026-10-01,2026-10-01,CM,BSE,STK,590150,INF247L01CI4,MOREALTY,B,,,,,Motilal Oswal Mutual Fund-Perm,84.21,84.93,82.69,84.45,84.93,84.72,,84.31,,,40459,3391704.0,510,F1,1,,,,,,False
2026-10-01,2026-10-01,CM,BSE,STK,590151,INF247L01DK8,MOMENTUM50,B,,,,,Motilal Oswal Mutual Fund-Perm,52.56,52.78,51.4,52.3,52.53,52.49,,52.1,,,110250,5711857.0,166,F1,1,,,,,,False
2026-10-01,2026-10-01,CM,BSE,STK,590152,INF247L01DJ0,MODEFENCE,B,,,,,Motilal Oswal Mutual Fund-Perm,102.89,102.89,98.89,100.79,101.77,101.88,,100.72,,,173136,17362831.0,2649,F1,1,,,,,,False
2026-10-01,2026-10-01,CM,BSE,STK,590153,INF247L01BU1,MONIFTY500,B,,,,,Motilal Oswal Mutual Fund-Perm,22.62,22.78,22.2,22.52,22.62,22.68,,22.46,,,414199,9314405.0,315,F1,1,,,,,,False
2026-10-01,2026-10-01,CM,BSE,STK,590155,INF666M01OF4,GROWWSLVR,E,,,,,GROWW MUTUAL FUND  PERMITTED,21.34,21.65,21.34,21.4,21.4,21.51,,21.39,,,5838,125298.0,61,F1,1,,,,,,False
2026-10-01,2026-10-01,CM,BSE,STK,590156,INF666M01OE7,GROWWGOLD,E,,,,,GROWW MUTUAL FUND  PERMITTED,14.22,14.5,14.22,14.35,14.35,14.38,,14.32,,,27727,398079.0,128,F1,1,,,,,,False
2026-10-01,2026-10-01,CM,BSE,STK,590157,INF666M01IO8,GROWWDEFNC,B,,,,,GROWW MUTUAL FUND  PERMITTED,92.51,92.51,89.74,91.9,92.51,92.64,,91.65,,,11056,1004267.0,350,F1,1,,,,,,False
2026-10-01,2026-10-01,CM,BSE,STK,590158,INF666M01JJ6,GROWWRAIL,B,,,,,GROWW MUTUAL FUND  PERMITTED,26.56,26.79,25.82,26.14,26.14,26.61,,26.1,,,110459,2879331.0,510,F1,1,,,,,,False
2026-10-01,2026-10-01,CM,BSE,STK,590159,INF666M01IP5,GROWWLIQID,F,,,,,GROWW MUTUAL FUND  PERMITTED,111.01,111.02,111.01,111.02,111.02,110.96,,111.01,,,5714,634317.0,16,F1,1,,,,,,False
2026-10-01,2026-10-01,CM,BSE,STK,590160,INF277K015R5,NETF,B,,,,,Tata Mutual Fund - Permitted,246.8,248.4,245.0,248.4,248.4,246.83,,247.61,,,561,138603.0,39,F1,1,,,,,,False
2026-10-01,2026-10-01,CM,BSE,STK,890217,IN9273A01047,APLABPP,X,,,,,Aplab Ltd.,55.0,55.0,46.5,47.12,49.99,50.0,,47.12,,,400,18899.0,17,F1,1,,,,,,False
2026-10-01,2026-10-01,CM,BSE,STK,890226,IN9170U01035,SURAJINDPP,X,,,,,Suraj Industries Limited.,24.6,24.6,24.6,24.6,24.6,23.49,,24.6,,,12,295.0,2,F1,1,,,,,,False
2026-10-01,2026-10-01,CM,BSE,STK,890228,IN90NN701011,ATLPP,B,,,,,Allcargo Terminals Limited,8.86,8.86,8.86,8.86,8.86,9.22,,8.86,,,176,1559.0,2,F1,1,,,,,,False
2026-10-01,2026-10-01,CM,BSE,STK,890231,IN9161F01019,ANIRITPP,X,,,,,ANIRIT VENTURES LIMITED,17.15,17.15,17.1,17.1,17.1,17.99,,17.1,,,300,5140.0,2,F1,1,,,,,,False
2026-10-01,2026-10-01,CM,BSE,STK,890234,IN9316D01014,VERTEXPP,X,,,,,Vertex Securities Ltd.,0.85,0.86,0.82,0.82,0.82,0.86,,0.82,,,550050,451045.0,10,F1,1,,,,,,False
2026-10-01,2026-10-01,CM,BSE,STK,890238,IN9736H01014,GSAILPP,XT,,,,,G.S. Auto International Ltd.,12.47,12.47,11.8,11.99,11.99,11.95,,11.99,,,278,3363.0,8,F1,1,,,,,,False
2026-10-01,2026-10-01,CM,BSE,STK,890239,IN9273F01038,ASCOTTPP,XT,,,,,ALAN SCOTT ENTERPRISES LIMITED,245.0,250.0,245.0,245.0,245.0,250.0,,245.0,,,105,25730.0,9,F1,1,,,,,,False
2026-10-01,2026-10-01,CM,BSE,STK,890240,IN9903A01015,JAYKAYPP,B,,,,,Jaykay Enterprises Limited,151.25,165.0,151.25,155.05,155.05,158.95,,157.14,,,2673,420073.0,61,F1,1,,,,,,False
