FinInstrmId,TckrSymb,FinInstrmNm,ISIN,SctySrs,ClsPric,TtlTradgVol,TtlTrfVal,OnNSE
500002,ABB,ABB INDIA LIMITED,INE117A01022,A,6854.4,7234,49393943.0,True
500003,AEGISLOG,AEGIS LOGISTICS LTD.,INE208C01025,A,1400.75,51034,70606163.0,True
500008,ARE&M,Amara Raja Energy & Mobility L,INE885A01032,A,747.7,74814,55872140.0,True
500009,AMBALALSA,AMBALAL SARABHAI ENTERPRISES L,INE432A01017,T,37.92,12209,468625.0,True
500012,ANDHRAPET,ANDHRA PETROCHEMICALS LTD.,INE714B01016,X,38.82,64822,2550026.0,False
500013,ANSALAPI,ANSAL PROPERTIES & INFRASTRUCT,INE436A01026,Z,3.94,4101,16157.0,True
500014,UTIQUE,UTIQUE ENTERPRISES LIMITED,INE096A01010,X,3.89,15888,62686.0,False
500016,ARUNAHTEL,ARUNA HOTELS LTD.,INE957C01019,X,7.26,14234,104992.0,False
500020,BOMDYEING,BOMBAY DYEING & MFG.CO.LTD.,INE032A01023,B,102.65,31440,3260784.0,True
500023,ASIANHOTNR,ASIAN HOTELS (NORTH) LIMITED,INE363A01022,B,348.1,1330,463178.0,True
500027,ATUL,ATUL LTD.,INE100A01010,A,5855.85,1710,10019622.0,True
500028,ATVPR,ATV PROJECTS INDIA LTD.,INE447A01015,X,22.4,7230,160373.0,False
500031,BAJAJELEC,BAJAJ ELECTRICALS LTD.,INE193E01025,A,300.15,10357,3108339.0,True
500032,BAJAJHIND,BAJAJ HINDUSTHAN SUGAR LIMITED,INE306A01021,B,19.22,1070960,20506834.0,True
500033,FORCEMOT,FORCE MOTORS LTD.,INE451A01017,A,16800.0,10810,182434576.0,True
500034,BAJFINANCE,BAJAJ FINANCE LIMITED,INE296A01032,A,949.35,359182,340445605.0,True
500038,BALRAMCHIN,BALRAMPUR CHINI MILLS LTD,INE119A01028,A,648.65,72488,47300170.0,True
500039,BANCOINDIA,BANCO PRODUCTS (INDIA) LTD.,INE213C01025,A,588.75,6743,3987357.0,True
500040,ABREL,ADITYA BIRLA REAL ESTATE LIMIT,INE055A01016,A,1101.6,18890,20857598.0,True
500041,BANARISUG,BANNARI AMMAN SUGARS LTD.,INE459A01010,B,3336.65,42,138242.0,True
500042,BASF,BASF INDIA LTD.,INE373A01013,A,3411.4,1268,4320580.0,True
500043,BATAINDIA,BATA INDIA LTD.,INE176A01028,A,612.75,9004,5523421.0,True
500048,BEML,BEML LTD.,INE258A01024,A,1960.8,12783,25083877.0,True
500049,BEL,BHARAT ELECTRONICS LTD.,INE263A01024,A,383.5,1565159,599147939.0,True
500051,BHAGGAS,BHAGAWATI GAS LIMITED,INE099C01010,XT,10.65,27435,292182.0,False
500052,BEPL,BHANSALI ENGINEERING POLYMERS,INE922A01025,B,123.85,141260,17532314.0,True
500058,BIHSPONG,BIHAR SPONGE IRON LTD.,INE819C01011,X,12.2,20625,251683.0,False
500059,BILVYAPAR,BIL VYAPAR LIMITED,INE071A01013,T,4.22,468,2035.0,True
500060,BIRLACABLE,Birla Cable Limited,INE800A01015,B,383.9,47192,17693639.0,True
500067,BLUESTARCO,BLUE STAR LTD.,INE472A01039,A,1475.0,14255,21059849.0,True
500068,DISAQ,DISA INDIA LTD.,INE131C01011,B,11342.7,31,354705.0,True
500069,QUESTCAP,QUEST CAPITAL MARKETS LIMITED,INE418C01012,X,230.25,2181,502686.0,False
500074,BPL,BPL LTD.,INE110A01019,B,45.85,5954,270216.0,True
500078,OAL,ORIENTAL AROMATICS LIMITED,INE959C01023,B,535.95,1334,711601.0,True
500083,CENTEXT,CENTURY EXTRUSIONS LTD.,INE281A01026,B,18.23,12643,231989.0,True
500084,CESC,CESC LTD.,INE486A01021,A,131.5,161940,21242520.0,True
500085,CHAMBLFERT,CHAMBAL FERTILISERS & CHEMICAL,INE085A01013,A,399.4,50054,20076345.0,True
500086,EXIDEIND,EXIDE INDUSTRIES LTD.,INE302A01020,A,409.35,243898,100122806.0,True
500087,CIPLA,CIPLA LTD.,INE059A01026,A,1346.85,47141,63336858.0,True
500089,DICIND,DIC INDIA LTD.,INE303A01010,B,610.0,162,100944.0,True
500092,CRISIL,CRISIL LTD.,INE007A01025,A,4426.7,2628,11577925.0,True
500093,CGPOWER,CG Power and Industrial Soluti,INE067A01029,A,876.75,380803,334468779.0,True
500096,DABUR,DABUR INDIA LTD.,INE016A01026,A,377.0,81765,30867213.0,True
500097,DALMIASUG,DALMIA BHARAT SUGAR AND INDUST,INE495A01022,B,397.0,9272,3688577.0,True
500101,ARVIND,ARVIND LTD.,INE034A01011,A,534.8,31083,16580301.0,True
500103,BHEL,BHARAT HEAVY ELECTRICALS LTD.,INE257A01026,A,422.0,540896,227740313.0,True
500104,HINDPETRO,HINDUSTAN PETROLEUM CORPORATIO,INE094A01015,A,346.0,451130,158035981.0,True
500106,IFCI,IFCI LTD.,INE039A01010,A,65.17,2362875,156076641.0,True
500108,MTNL,MAHANAGAR TELEPHONE NIGAM LTD.,INE153A01019,B,24.7,1252746,31710480.0,True
500109,MRPL,MANGALORE REFINERY & PETROCHEM,INE103A01014,A,164.7,1119498,183635632.0,True
500110,CHENNPETRO,CHENNAI PETROLEUM CORPORATION,INE178A01016,A,1346.2,95494,131668782.0,True
500112,SBIN,STATE BANK OF INDIA,INE062A01020,A,954.0,2002825,1915867160.0,True
500113,SAIL,STEEL AUTHORITY OF INDIA LTD.,INE114A01011,A,174.0,1506946,265862488.0,True
500114,TITAN,TITAN COMPANY LIMITED,INE280A01028,A,4535.0,46288,210326433.0,True
500116,IDBI,IDBI BANK LTD.,INE008A01015,A,86.77,2301891,195280470.0,True
500117,DCW,DCW LTD.,INE500A01029,B,44.59,118077,5259838.0,True
500119,DHAMPURSUG,DHAMPUR SUGAR MILLS LTD.,INE041A01016,B,170.95,47085,7975979.0,True
500120,DIAMINESQ,DIAMINES & CHEMICALS LTD.,INE591D01014,B,235.0,175,41034.0,True
500123,ELANTAS,ELANTAS BECK INDIA LTD.,INE280B01018,B,13442.2,108,1453370.0,True
500124,DRREDDY,DR.REDDYS LABORATORIES LTD.,INE089A01031,A,1200.1,111629,135230058.0,True
500125,EIDPARRY,E.I.D.-PARRY (INDIA) LTD.,INE126A01031,A,674.5,25845,17495095.0,True
500126,PGHL,PROCTER & GAMBLE HEALTH LIMITE,INE199A01012,A,5363.95,276,1495521.0,True
500128,ELECTCAST,ELECTROSTEEL CASTINGS LTD.,INE086A01029,A,74.56,756570,57288415.0,True
500133,ESABINDIA,ESAB INDIA LTD.,INE284A01012,B,5507.35,192,1062096.0,True
500135,EPL,EPL LIMITED,INE255A01020,A,232.6,139655,32423299.0,True
500136,ESTER,ESTER INDUSTRIES LTD.,INE778B01029,B,95.55,44819,4440760.0,True
500142,FGP,FGP LTD.,INE512A01016,XT,8.32,1000,8648.0,False
500143,PHCAP,P H CAPITAL LIMITED,INE160F01013,XT,1334.6,5932,7919767.0,False
500144,FINCABLES,FINOLEX CABLES LTD.,INE235A01022,A,1457.15,23654,34491255.0,True
500147,COCKERILL,JOHN COCKERILL INDIA LIMITED,INE515A01019,B,7975.55,400,3143349.0,True
500148,UFLEX,UFLEX LTD.,INE516A01017,B,649.45,8571,5593495.0,True
500150,FOSECOIND,FOSECO INDIA LTD.,INE519A01011,B,6389.6,998,6466644.0,True
500151,GOLDENTOBC,GOLDEN TOBACCO LTD.,INE973A01010,Z,23.7,41,955.0,True
500153,GANESHBE,GANESH BENZOPLAST LTD.,INE388A01029,T,123.8,10451,1293833.0,True
500159,METROGLOBL,METROGLOBAL LIMITED,INE085D01033,B,136.95,64,8721.0,True
500160,GTL,GTL LTD.,INE043A01012,B,6.85,18598,127450.0,True
500163,GODFRYPHLP,GODFREY PHILLIPS INDIA LTD.,INE260B01028,A,1854.75,21920,40909516.0,True
500164,GODREJIND,GODREJ INDUSTRIES LTD.,INE233A01035,A,1021.2,10612,10811894.0,True
500165,KANSAINER,KANSAI NEROLAC PAINTS LTD.,INE531A01024,A,175.3,23200,4057604.0,True
500166,GOODRICKE,GOODRICKE GROUP LTD.,INE300A01016,X,218.1,7974,1756455.0,False
500168,GOODYEAR,GOODYEAR INDIA LTD.,INE533A01012,B,695.4,813,567576.0,True
500170,GTNINDS,GTN INDUSTRIES LTD.,INE537A01013,X,22.94,6011,138052.0,False
500171,GHCL,GHCL LTD.,INE539A01019,A,402.35,4547,1820472.0,True
500173,GFLLIMITED,GFL LIMITED,INE538A01037,B,54.89,4467,244377.0,True
500174,GLFL,GUJARAT LEASE FINANCING LTD.,INE540A01017,B,5.5,4150,21919.0,True
500178,HARCR,HARIG CRANKSHAFTS LTD.,INE905C01034,XT,41.13,91,3742.0,False
500179,HCL-INSYS,HCL INFOSYSTEMS LTD.,INE236A01020,B,10.08,53161,534808.0,True
500180,HDFCBANK,HDFC BANK LTD.,INE040A01034,A,719.35,4585273,3287925064.0,True
500182,HEROMOTOCO,HERO MOTOCORP LTD.,INE158A01026,A,5173.0,38347,198232048.0,True
500183,HFCL,HFCL LIMITED,INE548A01028,T,237.95,657398,155074677.0,True
500184,HSCL,Himadri Speciality Chemical Lt,INE019C01026,A,665.95,125518,83746821.0,True
500185,HCC,HINDUSTAN CONSTRUCTION CO.LTD.,INE549A01026,A,20.24,813760,16453625.0,True
500186,HINDOILEXP,HINDUSTAN OIL EXPLORATION CO.L,INE345A01011,B,167.3,15435,2578850.0,True
500187,AGI,AGI GREENPAC LIMITED,INE415A01038,B,790.4,6960,5495127.0,True
500188,HINDZINC,HINDUSTAN ZINC LTD.,INE267A01025,A,556.85,86104,47927150.0,True
500189,NDLVENTURE,NDL Ventures Limited,INE353A01023,B,124.0,75,9322.0,True
500191,HMT,HMT LTD.,INE262A01018,Z,59.0,6810,409962.0,True
500192,PRAGBOS,PRAG BOSIMI SYNTHETICS LTD.,INE962B01011,X,1.6,175174,271320.0,False
500193,HLVLTD,HLV LIMITED,INE102A01024,B,6.31,18902,119677.0,True
500199,IGPL,I G PETROCHEMICALS LTD.,INE204A01010,B,569.05,2059,1183558.0,True
500201,INDIAGLYCO,INDIA GLYCOLS LTD.,INE560A01023,A,298.6,14146,4214046.0,True
500202,INDLEASE,INDIA LEASE DEVELOPMENT LTD.,INE333C01013,X,7.32,30,219.0,False
500206,MARGOFIN,MARGO FINANCE LIMITED,INE680B01019,X,63.06,709,44850.0,False
500207,INDORAMA,INDO RAMA SYNTHETICS (INDIA) L,INE156A01020,B,95.8,157158,14942090.0,True
500209,INFY,INFOSYS LTD.,INE009A01021,A,1035.0,2245124,2278128074.0,True
500210,INGERRAND,INGERSOLL-RAND (INDIA) LTD.,INE177A01018,B,4166.4,514,2117070.0,True
500213,ITHL,INTERNATIONAL TRAVEL HOUSE LTD,INE262B01016,X,282.95,1315,369604.0,False
500214,IONEXCHANG,ION EXCHANGE (INDIA) LTD.,INE570A01022,A,406.5,13511,5445328.0,True
500215,SUNDROP,SUNDROP BRANDS LIMITED,INE209A01019,B,759.8,458,339219.0,True
500219,JISLJALEQS,JAIN IRRIGATION SYSTEMS LTD.,INE175A01038,A,27.33,66469,1826562.0,True
500220,JASCH,JASCH INDUSTRIES LTD.,INE711C01028,XT,286.6,159,45089.0,False
500227,JINDALPOLY,JINDAL POLY FILMS LIMITED,INE197D01010,B,653.35,861,566068.0,True
500228,JSWSTEEL,JSW STEEL LTD.,INE019A01038,A,1230.0,69253,85680639.0,True
500233,KAJARIACER,KAJARIA CERAMICS LTD.,INE217B01036,A,1225.6,15585,19332071.0,True
500235,KSL,KALYANI STEELS LTD.,INE907A01026,B,911.8,11629,10799791.0,True
500236,KANELIND,KANEL INDUSTRIES LIMITED,INE252C01023,XT,75.61,2070,154805.0,False
500238,WHIRLPOOL,WHIRLPOOL OF INDIA LTD.,INE716A01013,A,862.1,103024,89942841.0,True
500239,KGDENIM,KG DENIM LTD.,INE104A01012,X,14.5,5647,80830.0,False
500240,KINETICENG,KINETIC ENGINEERING LTD.,INE266B01017,XT,244.2,9975,2407735.0,False
500241,KIRLOSBROS,KIRLOSKAR BROTHERS LTD.,INE732A01036,A,1766.85,10136,17780492.0,True
500243,KIRLOSIND,KIRLOSKAR INDUSTRIES LTD,INE250A01039,B,3481.75,194,680665.0,True
500245,KIRLFER,KIRLOSKAR FERROUS INDUSTRIES L,INE884B01025,B,465.85,6918,3213492.0,True
500246,ENVAIREL,ENVAIR ELECTRODYNE LTD.,INE601C01013,XT,60.0,293,17580.0,False
500247,KOTAKBANK,KOTAK MAHINDRA BANK LTD.,INE237A01036,A,419.8,5546785,2367198327.0,True
500249,KSB,KSB LIMITED,INE999A01023,A,806.6,19236,15760121.0,True
500250,LGBBROSLTD,L.G.BALAKRISHNAN & BROS.LTD.,INE337A01034,A,1708.4,2730,4675195.0,True
500251,TRENT,TRENT LTD.,INE849A01020,A,2597.4,50795,131347807.0,True
500252,LMW,LMW Limited,INE269B01029,A,16570.45,144,2383153.0,True
500253,LICHSGFIN,LIC HOUSING FINANCE LTD.,INE115A01026,A,510.5,170595,87880942.0,True
500257,LUPIN,LUPIN LTD.,INE326A01037,A,2029.0,158452,318920288.0,True
500259,LYKALABS,LYKA LABS LTD.,INE933A01014,T,82.48,1,82.0,True
500260,RAMCOCEM,THE RAMCO CEMENTS LIMITED,INE331A01037,A,830.1,5507,4561468.0,True
500262,HYBRIDFIN,HYBRID FINANCIAL SERVICES LIMI,INE965B01022,B,17.03,111566,1952397.0,True
500264,MAFATIND,MAFATLAL INDUSTRIES LTD.,INE270B01035,B,114.3,5985,686442.0,True
500265,MAHSEAMLES,MAHARASHTRA SEAMLESS LTD.,INE271B01025,A,698.45,28560,20068236.0,True
500266,MAHSCOOTER,MAHARASHTRA SCOOTERS LTD.,INE288A01013,A,12380.9,262,3225879.0,True
500267,MAJESAUT,MAJESTIC AUTO LTD.,INE201B01022,T,369.95,120,44548.0,True
500268,MANALIPETC,MANALI PETROCHEMICAL LTD.,INE201A01024,B,78.04,129440,10047566.0,True
500270,BARODARY,BARODA RAYON CORPORATION LTD.,INE461A01024,X,119.7,693,83566.0,False
500271,MFSL,Max Financial Services Limited,INE180A01020,A,1386.4,14025,19444216.0,True
500277,MIDINDIA,MID INDIA INDUSTRIES LTD.,INE401C01018,X,5.8,3217,19866.0,False
500279,ONIDA,ONIDA ELECTRONICS LIMITED,INE831A01028,B,31.44,19946,622645.0,True
500280,CENTENKA,CENTURY ENKA LTD.,INE485A01015,B,536.45,3017,1626758.0,True
500282,MODTHREAD,MODERN THREADS (INDIA) LTD.,INE794W01014,B,47.65,3016,142309.0,True
500284,LORDSCHLO,LORDS CHLORO ALKALI LTD.,INE846D01012,B,138.15,1227,167394.0,True
500285,SPICEJET,SPICEJET LTD.,INE285B01017,B,9.3,3620918,34135626.0,False
500288,MOREPENLAB,MOREPEN LABORATORIES LTD.,INE083A01026,B,133.7,2571711,337368464.0,True
500290,MRF,MRF LTD.,INE883A01011,A,123045.4,611,75404691.0,True
500292,HEIDELBERG,HEIDELBERGCEMENT INDIA LTD.,INE578A01017,B,130.8,10270,1336665.0,True
500294,NCC,NCC LIMITED,INE868B01028,A,130.1,826695,106839195.0,True
500295,VEDL,VEDANTA LIMITED,INE205A01025,A,251.9,525145,132255874.0,True
500296,NAHARSPING,NAHAR SPINNING MILLS LTD.,INE290A01027,B,256.6,1101,280773.0,True
500298,NAPEROL,Naperol Investments Limited,INE585A01020,X,620.75,401,249490.0,False
500300,GRASIM,GRASIM INDUSTRIES LTD.,INE047A01021,A,2971.85,35521,105424294.0,True
500304,NIITLTD,NIIT LTD.,INE161A01038,B,85.1,19487,1649719.0,True
500306,JAYKAY,Jaykay Enterprises Limited,INE903A01025,B,201.65,26124,5328181.0,True
500307,NIRLON,NIRLON LTD.,INE910A01012,B,602.05,177,107713.0,True
500312,ONGC,OIL AND NATURAL GAS CORPORATIO,INE213A01029,A,222.7,1499626,332466228.0,True
500313,OILCOUNTUB,OIL COUNTRY TUBULAR LTD.,INE591A01010,T,78.04,200,15608.0,True
500314,ORIENTHOT,ORIENTAL HOTELS LTD.,INE750A01020,B,140.1,19402,2733414.0,True
500317,OSWALAGRO,OSWAL AGRO MILLS LTD.,INE142A01012,B,33.41,3773,124794.0,True
500319,INDSUCR,INDIAN SUCROSE LTD.,INE557C01017,X,71.15,2052,147748.0,False
500322,PANCM,PANYAM CEMENTS & MINERAL INDUS,INE167E01037,XT,109.25,324,35601.0,False
500325,RELIANCE,RELIANCE INDUSTRIES LTD.,INE002A01018,A,1166.0,2534718,2970393246.0,True
500327,PILITA,Pil Italica Lifestyle Limited,INE600A01035,B,7.31,1786,13469.0,True
500330,RAYMOND,RAYMOND LTD.,INE301A01014,A,1192.6,106432,126323723.0,True
500331,PIDILITIND,PIDILITE INDUSTRIES LTD.,INE318A01026,A,1470.0,28778,42317966.0,True
500333,PIXTRANS,PIX TRANSMISSIONS LTD.,INE751B01018,B,1802.6,45502,84006733.0,True
500335,BIRLACORPN,BIRLA CORPORATION LTD.,INE340A01012,A,830.4,2030,1675811.0,True
500336,SURYAROSNI,SURYA ROSHNI LTD.,INE335A01020,B,220.85,66305,14683418.0,True
500337,PRIMESECU,PRIME SECURITIES LTD.,INE032B01021,B,299.15,467,138919.0,True
500338,PRSMJOHNSN,PRISM JOHNSON LIMITED.,INE010A01011,B,103.65,35566,3739032.0,True
500339,RAIN,RAIN INDUSTRIES LIMITED,INE855B01025,A,208.45,146693,30864315.0,True
500342,PRUDMOULI,PRUDENTIAL SUGAR CORPORATION L,INE024D01016,B,13.5,963,12782.0,True
500343,AMJLAND,AMJ LAND HOLDINGS LIMITED,INE606A01024,B,37.23,4051,150679.0,True
500346,PUNJCOMMU,PUNJAB COMMUNICATIONS LTD.,INE609A01010,B,55.7,402,22252.0,False
500350,RSWM,RSWM LTD.,INE611A01016,B,203.0,1841,377348.0,True
500354,RAJSREESUG,RAJSHREE SUGARS & CHEMICALS LT,INE562B01019,B,27.86,9041,250305.0,True
500355,RALLIS,RALLIS INDIA LTD.,INE613A01020,A,199.75,30982,6166780.0,True
500356,RAMANEWS,SHREE RAMA NEWSPRINT LTD.,INE278B01020,B,29.04,663,19803.0,True
500357,RAMAPPR-B,RAMA PAPER MILLS LTD.,INE425E01013,Z,17.43,7531,131763.0,False
500360,RAPICUT,RAPICUT CARBIDES LTD.,INE350D01015,XT,269.8,12316,3353344.0,False
500365,WELSPLSOL,WELSPUN SPECIALTY SOLUTIONS LI,INE731F01037,B,52.57,108077,5681115.0,True
500367,RUBFILA,RUBFILA INTERNATIONAL LTD.,INE642C01025,B,64.09,16287,1030855.0,True
500368,PATANJALI,Patanjali Foods Limited,INE619A01035,A,356.0,469674,170172642.0,True
500370,SALORAINTL,SALORA INTERNATIONAL LTD.,INE924A01013,X,25.69,133,3458.0,False
500371,SAMTELIN,SAMTEL INDIA LTD.,INE538C01017,XT,55.85,4890,273106.0,False
500378,JINDALSAW,JINDAL SAW LTD.,INE324A01032,A,270.35,158755,42429874.0,True
500380,JKLAKSHMI,JK LAKSHMI CEMENT LTD.,INE786A01032,A,477.05,10353,4968274.0,True
500387,SHREECEM,SHREE CEMENT LTD.,INE070A01015,A,21871.8,3365,73006599.0,True
500388,SKPMIL,SHREE KRISHNA PAPER MILLS & IN,INE970C01012,XT,94.15,1600,150632.0,False
500390,RELINFRA,RELIANCE INFRASTRUCTURE LTD.,INE036A01016,T,46.46,11286,524347.0,True
500399,STEELCO,STEELCO GUJARAT LTD.,INE629B01032,X,202.75,13110,2715415.0,False
500400,TATAPOWER,TATA POWER CO.LTD.,INE245A01021,A,350.0,264051,92844661.0,True
500402,SPMLINFRA,SPML INFRA LIMITED,INE937A01023,B,159.2,43305,6912209.0,True
500403,SUNDRMFAST,SUNDRAM FASTENERS LTD.,INE387A01021,A,1122.55,20196,22623711.0,True
500404,SUNFLAG,SUNFLAG IRON & STEEL CO.LTD.,INE947A01014,B,432.35,40269,17713241.0,True
500405,SPLPETRO,SUPREME PETROCHEM LTD.,INE663A01033,A,782.65,9440,7384109.0,True
500407,SWARAJENG,SWARAJ ENGINES LTD.,INE277A01016,B,3543.0,488,1727674.0,True
500408,TATAELXSI,TATA ELXSI LTD.,INE670A01012,A,3099.0,32194,99745577.0,True
500410,ACC,ACC LTD.,INE012A01025,A,1183.15,14962,17748907.0,True
500411,THERMAX,THERMAX LTD.,INE152A01029,A,3364.1,18456,61562741.0,True
500412,TIRUMALCHM,THIRUMALAI CHEMICALS LTD.,INE338A01024,B,146.6,28673,4202933.0,True
500413,THOMASCOOK,THOMAS COOK (INDIA) LTD.,INE332A01027,A,100.75,58189,5838844.0,True
500414,TIMEX,TIMEX GROUP INDIA LTD.,INE064A01026,B,730.7,60505,43454719.0,True
500418,TOKYOPLAST,TOKYO PLAST INTERNATIONAL LTD.,INE932C01012,B,69.38,249,18274.0,True
500420,TORNTPHARM,TORRENT PHARMACEUTICALS LTD.,INE685A01028,A,4761.95,9310,44425624.0,True
500421,TPINDIA,TPI INDIA LTD.,INE578C01021,XT,18.14,19618,347984.0,False
500422,TRANSCHEM,TRANSCHEM LTD.,INE019B01010,XT,415.15,4688,1947099.0,False
500425,AMBUJACEM,AMBUJA CEMENTS LTD.,INE079A01024,A,363.0,510662,184299174.0,True
500426,UTLINDS,UTL INDUSTRIES LIMITED,INE184E01024,X,1.4,2675,3745.0,False
500429,UNIENTER,UNIPHOS ENTERPRISES LTD.,INE037A01022,B,86.73,1998,173603.0,True
500439,VHL,VARDHMAN HOLDINGS LTD.,INE701A01023,B,3390.0,21,71279.0,True
500440,HINDALCO,HINDALCO INDUSTRIES LTD.,INE038A01020,A,944.4,165761,154775110.0,True
500444,WSTCSTPAPR,West Coast Paper Mills Limited,INE976A01021,B,728.75,10642,7617929.0,True
500449,HOCL,HINDUSTAN ORGANIC CHEMICALS LT,INE048A01011,T,52.84,410262,21479984.0,False
500450,MPILCORPL,MPIL CORPORATION LTD.,INE844C01027,XT,439.0,10,4390.0,False
500456,PASUPTAC,PASUPATI ACRYLON LTD.,INE818B01023,B,69.59,50027,3491705.0,True
500458,TEAM24,TEAM24 CONSUMER PRODUCTS LIMIT,INE601A01017,X,27.37,388,10211.0,False
500459,PGHH,PROCTER & GAMBLE HYGIENE & HEA,INE179A01014,A,6647.85,2350,15678486.0,True
500460,MUKANDLTD,MUKAND LTD.,INE304A01026,B,172.85,72893,12868865.0,True
500463,BBOX,BLACK BOX LIMITED,INE676A01027,A,796.75,60592,48413741.0,True
500464,UCAL,UCAL LIMITED,INE139B01016,T,138.0,175,24233.0,True
500467,HARRMALAYA,HARRISONS MALAYALAM LTD.,INE544A01019,B,179.0,514,90184.0,True
500469,FEDERALBNK,FEDERAL BANK LTD.,INE171A01029,A,316.55,595351,189307477.0,True
500470,TATASTEEL,TATA STEEL LTD.,INE081A01020,A,179.1,3498765,628399411.0,True
500472,SKFINDIA,SKF INDIA LIMITED,INE640A01023,A,1451.35,3385,4966836.0,True
500477,ASHOKLEY,ASHOK LEYLAND LTD.,INE208A01029,A,150.95,1654646,249459066.0,True
500480,CUMMINSIND,CUMMINS INDIA LTD.,INE298A01020,A,4859.65,17454,84188873.0,True
500483,TATACOMM,TATA COMMUNICATIONS LTD.,INE151A01013,A,1685.5,6548,10822280.0,True
500488,ABBOTINDIA,ABBOTT INDIA LTD.,INE358A01014,A,26832.1,968,26052414.0,True
500490,BAJAJHLDNG,BAJAJ HOLDINGS & INVESTMENT LT,INE118A01012,A,10537.75,846,9000290.0,True
500493,BHARATFORG,BHARAT FORGE LTD.,INE465A01025,A,1866.1,35031,65722357.0,True
500495,ESCORTS,Escorts Kubota Limited,INE042A01014,A,2665.1,32314,84578300.0,True
500500,HINDMOTORS,HINDUSTAN MOTORS LTD.,INE253A01025,X,14.81,243461,3597101.0,False
500510,LT,LARSEN & TOUBRO LTD.,INE018A01030,A,3685.5,185721,686288088.0,True
500520,M&M,MAHINDRA & MAHINDRA LTD.,INE101A01026,A,2851.05,418244,1195200612.0,True
500530,BOSCHLTD,BOSCH LTD.,INE323A01026,A,45599.85,2067,93704304.0,True
500540,PREMIER,PREMIER LTD.,INE342A01018,T,2.69,2141,5764.0,True
500547,BPCL,BHARAT PETROLEUM CORPORATION L,INE029A01011,A,301.0,149229,45008745.0,True
500550,SIEMENS,SIEMENS LTD.,INE003A01024,A,3790.0,9135,34372699.0,True
500570,TMPV,TATA MOTORS PASSENGER VEHICLES,INE155A01022,A,280.0,924861,256439452.0,True
500575,VOLTAS,VOLTAS LTD.,INE226A01021,A,1054.0,31148,32958746.0,True
500620,GESHIP,GREAT EASTERN SHIPPING CO.LTD.,INE017A01032,A,1530.25,93046,142538894.0,True
500645,DEEPAKFERT,DEEPAK FERTILISERS & PETROCHEM,INE501A01019,A,1301.4,15025,19697897.0,True
500650,EXCELINDUS,EXCEL INDUSTRIES LTD.,INE369A01029,B,921.75,650,597720.0,True
500655,GRWRHITECH,GARWARE HI-TECH FILMS LIMITED,INE291A01017,A,6920.7,1788,12400279.0,True
500660,GLAXO,GLAXOSMITHKLINE PHARMACEUTICAL,INE159A01016,A,2774.5,3797,10467230.0,True
500670,GNFC,GUJARAT NARMADA VALLEY FERTILI,INE113A01013,A,589.5,60891,35807740.0,True
500672,NOVARTIND,NOVARTIS INDIA LTD.,INE234A01025,B,1967.85,4712,9136310.0,True
500674,SANOFI,SANOFI INDIA LTD,INE058A01010,A,3031.55,1608,4866384.0,True
500680,PFIZER,PFIZER LTD.,INE182A01018,A,3855.05,3411,13078044.0,True
500690,GSFC,GUJARAT STATE FERTILIZERS & CH,INE026A01025,A,147.05,42567,6264432.0,True
500696,HINDUNILVR,HINDUSTAN UNILEVER LTD.,INE030A01027,A,1841.0,114523,211259991.0,True
500710,JSWDULUX,JSW Dulux Limited,INE133A01011,A,3020.75,1821,5470432.0,True
500730,NOCIL,NOCIL LTD.,INE163A01018,B,168.65,63998,10729622.0,True
500770,TATACHEM,TATA CHEMICALS LTD.,INE092A01019,A,607.9,54994,33555373.0,True
500777,TNPETRO,TAMILNADU PETROPRODUCTS LTD.,INE148A01019,B,123.2,70624,8647110.0,True
500780,ZUARIIND,Zuari Industries Limited,INE217A01012,B,282.1,9434,2702013.0,True
500790,NESTLEIND,NESTLE INDIA LTD.,INE239A01024,A,1303.8,187352,244796364.0,True
500800,TATACONSUM,TATA CONSUMER PRODUCTS LIMITED,INE192A01025,A,949.0,65106,62219140.0,True
500820,ASIANPAINT,ASIAN PAINTS LTD.,INE021A01026,A,2406.25,71046,169830288.0,True
500825,BRITANNIA,BRITANNIA INDUSTRIES LTD.,INE216A01030,A,4794.85,21884,104668462.0,True
500830,COLPAL,COLGATE-PALMOLIVE (INDIA) LTD.,INE259A01022,A,1735.0,21785,38051934.0,True
500840,EIHOTEL,EIH LTD.,INE230A01023,A,298.0,9436,2812806.0,True
500850,INDHOTEL,THE INDIAN HOTELS COMPANY LTD,INE053A01029,A,716.15,229541,166365165.0,True
500870,CASTROLIND,CASTROL INDIA LTD.,INE172A01027,A,199.0,133097,26451400.0,True
500875,ITC,ITC LTD.,INE154A01025,A,257.0,2527019,652026775.0,True
500877,APOLLOTYRE,APOLLO TYRES LTD.,INE438A01022,A,405.45,48114,19171847.0,True
500878,CEATLTD,CEAT LTD.,INE482A01020,A,3287.05,4524,14645802.0,True
500940,FINPIPE,FINOLEX INDUSTRIES LTD.,INE183A01024,A,150.5,40342,6045418.0,True
501148,DSINVEST,DALAL STREET INVESTMENTS LTD.,INE422D01012,XT,368.5,112,41423.0,False
501150,CENTRUM,CENTRUM CAPITAL LTD.,INE660C01027,B,19.96,63019,1258630.0,True
501151,KARTKIN,KARTIK INVESTMENTS TRUST LTD.,INE524U01019,XT,7000.0,1,7000.0,False
501242,TCIFINANCE,TCI FINANCE LTD.,INE911B01018,B,14.5,4666,69349.0,True
501261,LORDSMARK,Lords Mark Industries Limited,INE567L01025,XT,79.43,1746965,136276307.0,False
501270,ANTARIKSH,ANTARIKSH INDUSTRIES LIMITED,INE825M01017,XT,19.27,1,19.0,False
501295,IITL,INDUSTRIAL INVESTMENT TRUST LT,INE886A01014,B,131.25,8321,1097640.0,True
501298,INDPRUD,INDUSTRIAL & PRUDENTIAL INVEST,INE620D01011,B,6250.0,42,262923.0,True
501301,TATAINVEST,TATA INVESTMENT CORPORATION LT,INE672A01026,A,615.25,49958,30612690.0,True
501314,PRISMX,PRISMX GLOBAL VENTURES LIMITED,INE286N01028,B,0.52,222688,112685.0,True
501343,MOTOGENFIN,MOTOR & GENERAL FINANCE LTD.,INE861B01023,B,25.24,97485,2460393.0,True
501370,WALCHPF,WALCHAND PEOPLEFIRST LTD.,INE695D01021,X,128.0,1745,221267.0,False
501391,WHBRADY,W.H.BRADY & CO.LTD.,INE855A01019,B,494.2,21,10147.0,True
501421,TECHNVISN,TechNVision Ventures Limited,INE314H01012,B,3673.1,583,2156272.0,True
501423,SHAILY,SHAILY ENGINEERING PLASTICS LT,INE151G01028,A,3010.95,6093,18440702.0,True
501425,BBTC,The Bombay Burmah Trading Corp,INE050A01025,A,1334.15,7592,10082541.0,True
501430,BOMBCYC,BOMBAY CYCLE & MOTOR AGENCY LT,INE691K01017,X,1520.0,137,209546.0,False
501455,GREAVESCOT,GREAVES COTTON LTD.,INE224A01026,A,226.1,215995,48503477.0,True
501700,INDIANVSH,INDIANIVESH LTD.,INE131H01028,X,6.72,688,4639.0,False
501831,COASTCORP,COASTAL CORPORATION LTD.,INE377E01024,B,35.84,10020,357408.0,True
501833,CHOWGULSTM,CHOWGULE STEAMSHIPS LTD.,INE490A01015,X,20.29,3067,61516.0,False
501848,GARWAOFFS,GARWARE OFFSHORE SERVICES LIMI,INE446C01013,X,40.16,21178,856011.0,False
501945,DHENUBUILD,DHENU BUILDCON INFRA LTD.,INE758D01027,Z,5.66,60214,323771.0,False
502015,ASIIL,ASI INDUSTRIES LIMITED,INE443A01030,X,22.67,6112,139682.0,False
502090,SAGCEM,SAGAR CEMENTS LTD.,INE229C01021,B,150.4,1843,278066.0,True
502137,DECCANCE,DECCAN CEMENTS LTD.,INE583C01021,B,548.85,585,323259.0,True
502157,MANGLMCEM,MANGALAM CEMENT LTD.,INE347A01017,B,984.9,3801,3737400.0,True
502168,NCLIND,NCL INDUSTRIES LTD.,INE732C01016,B,170.8,1418,240389.0,True
502175,SAURASHCEM,SAURASHTRA CEMENT LTD.,INE626A01014,B,53.31,5050,271417.0,True
502180,SHREDIGCEM,SHREE DIGVIJAY CEMENT CO.LTD.,INE232A01011,B,66.72,10797,704856.0,True
502219,BORORENEW,BOROSIL RENEWABLES LIMITED,INE666D01022,A,450.2,29594,13239701.0,True
502281,TRIVENIGQ,TRIVENI GLASS LTD.,INE094C01011,XT,7.3,1802,13172.0,False
502330,ANDHRAPAP,ANDHRA PAPER LIMITED,INE435A01051,B,71.35,13248,943869.0,True
502355,BALKRISIND,BALKRISHNA INDUSTRIES LTD.,INE787D01026,A,2081.8,13289,27610052.0,True
502420,ORIENTPPR,ORIENT PAPER & INDUSTRIES LTD.,INE592A01026,B,16.19,23599,384138.0,True
502445,CITADEL,CITADEL REALTY AND DEVELOPERS,INE906D01014,X,33.11,5338,178439.0,False
502448,ROLLT,ROLLATAINERS LTD.,INE927A01040,T,4.72,32215,152054.0,True
502450,SESHAPAPER,SESHASAYEE PAPER & BOARDS LTD.,INE630A01024,B,239.55,1491,356926.0,True
502587,NATHIND,NATH INDUSTRIES LIMITED,INE777A01023,X,50.0,4738,236824.0,False
502820,DCM,DCM LTD.,INE498A01018,B,73.15,63,4650.0,True
502865,FORBESCO,FORBES & COMPANY LTD.,INE518A01013,X,289.35,7714,2237444.0,False
502873,HPCOTTON,H.P.COTTON TEXTILE MILLS LTD.,INE950C01014,X,86.03,26,2236.0,False
502893,UNITEDINT,UNITED INTERACTIVE LTD.,INE706D01018,X,62.78,119,7346.0,False
502901,JAMSHRI,JAMSHRI REALTY LIMITED,INE462D01034,X,73.36,1677,124329.0,False
502933,KATRSPG,KATARE SPINNING MILLS LTD.,INE498G01015,X,97.35,1,97.0,False
502937,KESORAMIND,KESORAM INDUSTRIES LTD.,INE087A01019,A,10.59,79839,847357.0,True
502958,LAKSHMIMIL,LAKSHMI MILLS COMPANY LTD.,INE938C01019,B,7885.7,15,115114.0,True
502986,VTL,VARDHMAN TEXTILES LTD.,INE825A01020,A,529.75,19034,9980641.0,True
503031,PENINLAND,PENINSULA LAND LTD.,INE138A01028,B,14.58,24895,363367.0,True
503092,PASUSPG,PASUPATI SPG.& WVG.MILLS LTD.,INE909B01020,X,37.15,161,5975.0,False
503100,PHOENIXLTD,THE PHOENIX MILLS LTD,INE211B01039,A,1927.85,7490,14509455.0,True
503101,MARATHON,MARATHON NEXTGEN REALTY LTD.,INE182D01020,B,389.05,4836,1866449.0,True
503127,RAJABAH,RAJA BAHADUR INTERNATIONAL LTD,INE491N01016,X,4950.0,5,24750.0,False
503162,RELCHEMQ,RELIANCE CHEMOTEX INDUSTRIES L,INE750D01016,B,113.45,48,5465.0,True
503169,RUBYMILLS,RUBY MILLS LTD.,INE301D01026,B,495.8,1619,809301.0,True
503310,SWANCORP,Swan Corp Limited,INE665A01038,A,272.45,67942,18587461.0,True
503349,VICTMILL,VICTORIA MILLS LTD.,INE203D01016,XT,8245.0,27,219560.0,False
503624,ZSVARAJT,SVARAJ TRADING & AGENCIES LTD.,INE406N01014,X,6.97,1461,10408.0,False
503635,SALSAIN,SHREE SALASAR INVESTMENT LTD.,INE315N01017,XT,365.0,29,10407.0,False
503639,APOLLOIN,Apollo Ingredients Limited,INE314N01028,XT,86.96,11694,983231.0,False
503641,ZODIACVEN,ZODIAC VENTURES LIMITED,INE945J01027,X,1.54,82257,128814.0,False
503657,VEERENRGY,VEER ENERGY & INFRASTRUCTURE L,INE255E01030,X,12.76,9886,125981.0,False
503659,SW1,SW INVESTMENTS LTD,INE948K01011,XT,186.55,1546,288587.0,False
503663,TILAK,Tilak Ventures Limited,INE026L01022,X,1.26,792347,1004047.0,False
503675,WAGEND,WAGEND INFRA VENTURE LIMITED,INE786K01023,X,1.25,19619,24685.0,False
503685,MEDIAONE,MEDIAONE GLOBAL ENTERTAINMENT,INE828I01019,Z,13.57,758,10284.0,False
503722,BANSWRAS,BANSWARA SYNTEX LTD.,INE629D01020,B,106.15,1044,111098.0,True
503772,MODWOOL,MODELLA WOOLLENS LTD.,INE380D01012,X,60.02,5,300.0,False
503776,MODIPON,MODIPON LTD.,INE170C01019,X,42.79,131,5607.0,False
503804,SHRIDINE,SHRI DINESH MILLS LTD.,INE204C01024,XT,368.0,62,22813.0,False
503806,SRF,SRF LTD.,INE647A01010,A,2490.0,13961,34364284.0,True
503811,SIYSIL,SIYARAM SILK MILLS LTD.,INE076B01028,B,529.7,467,249241.0,True
503816,SWADPOL,SWADESHI POLYTEX LTD.,INE243N01029,X,32.17,1943,63141.0,False
503837,SHRAJSYNQ,SHREE RAJASTHAN SYNTEX LTD.,INE796C01011,X,10.02,1753,17555.0,False
503960,BBL,BHARAT BIJLEE LTD.,INE464A01036,B,2069.6,1414,2931101.0,True
504000,ELPROINTL,ELPRO INTERNATIONAL LTD.,INE579B01039,B,174.25,15026,2617500.0,True
504028,GEE,GEE LTD.,INE064H01021,XT,125.05,110123,13754551.0,False
504036,HIRECT,Hirect Limited,INE835D01023,B,1129.6,2991,3388880.0,True
504058,NIPPOBATRY,INDO-NATIONAL LTD.,INE567A01028,B,322.8,114,36849.0,True
504067,ZENSARTECH,ZENSAR TECHNOLOGIES LTD.,INE520A01027,A,433.35,169521,72942896.0,True
504076,JYOTI,JYOTI LTD.,INE511D01012,X,57.67,26878,1559000.0,False
504080,JSLINDL,JSL INDUSTRIES LTD.,INE581L01018,X,857.9,25,21447.0,False
504084,KAYCEEI,KAYCEE INDUSTRIES LTD.,INE813G01023,X,809.5,687,557133.0,False
504092,INDOKEM,INDOKEM LTD.,INE716F01012,B,602.15,472,283459.0,True
504093,PANAENERG,PANASONIC ENERGY INDIA COMPANY,INE795A01017,X,239.4,2778,671598.0,False
504112,NELCO,NELCO LTD.,INE045B01015,B,889.0,13167,11896773.0,True
504132,PERMAGN,PERMANENT MAGNETS LTD.,INE418E01018,B,856.95,2631,2200480.0,True
504176,HIGHENE,HIGH ENERGY BATTERIES (INDIA),INE783E01023,X,572.05,5475,3169283.0,False
504180,STDBAT,STANDARD BATTERIES LTD.,INE502C01039,X,41.82,2427,102958.0,False
504212,UNIVCABLES,UNIVERSAL CABLES LTD.,INE279A01012,B,1451.85,4255,6090567.0,True
504220,WSI,W.S.INDUSTRIES (INDIA) LTD.,INE100D01014,B,53.05,7409,397922.0,True
504240,DLTNCBL,DELTON CABLES LTD.,INE872E01016,XT,690.65,4430,3058826.0,False
504258,LAKSELEC,LAKSHMI ELECTRICAL CONTROL SYS,INE284C01018,X,765.55,119,90073.0,False
504273,MODULEX,MODULEX CONSTRUCTION TECHNOLOG,INE064R01012,Z,15.56,28856,434740.0,False
504286,DELTAMAGNT,DELTA MANUFACTURING LIMITED,INE393A01011,B,53.14,3747,204687.0,True
504340,LONGSPUR,Longspur International Venture,INE180M01033,X,8.22,10390,85358.0,False
504341,RELTD,RAVINDRA ENERGY LIMITED,INE206N01018,B,146.75,11230,1624610.0,True
504351,EMPOWER,EMPOWER INDIA LTD.,INE507F01023,B,1.54,742806,1143921.0,True
504356,ZMULTIPU,MULTIPURPOSE TRADING & AGENCIE,INE017P01014,X,8.16,105,842.0,False
504369,GRANDMA,GRANDMA TRADING & AGENCIES LTD,INE927M01029,XT,0.51,2493,1295.0,False
504378,NYSSACORP,NYSSA CORPORATION LIMITED,INE812K01027,X,1.99,21832,44450.0,False
504380,FLOMIC,FLOMIC GLOBAL LOGISTICS LIMITE,INE952M01019,X,44.8,197,8823.0,False
504392,KRISHNA,KRISHNA VENTURES LIMITED,INE537L01010,XT,46.0,5215,237247.0,False
504397,GANHOLD,GANESH HOLDINGS LTD.,INE932M01011,XT,100.05,183,18318.0,False
504605,UNIABEXAL,UNI ABEX ALLOY PRODUCTS LTD.,INE361D01012,X,4569.0,127,580191.0,False
504614,SARDAEN,SARDA ENERGY & MINERALS LTD.,INE385C01021,A,494.65,8778,4323749.0,True
504646,BGWTATO,BHAGWATI AUTOCAST LTD.,INE106G01014,XT,719.95,1895,1345167.0,False
504648,BOMBWIR,BOMBAY WIRE ROPES LTD.,INE089T01023,X,41.0,251,10291.0,False
504731,AZADIND,AZAD INDIA MOBILITY LIMITED,INE566M01017,B,86.09,69118,5955967.0,True
504741,INDIANHUME,INDIAN HUME PIPE CO.LTD.,INE323C01030,B,346.05,1343,461537.0,True
504746,INLCM,INDIAN LINK CHAIN MANUFACTURES,INE359D01024,X,230.1,7029,1628425.0,False
504786,INVPRECQ,INVESTMENT & PRECISION CASTING,INE155E01016,T,1594.15,864,1360216.0,True
504810,INFORTEC,INFORMED TECHNOLOGIES INDIA LT,INE123E01014,X,76.0,6,472.0,False
504840,KAIRA,KAIRA CAN CO.LTD.,INE375D01012,X,1342.0,1,1342.0,False
504879,ORIENTCER,ORIENT CERATECH LIMITED,INE569C01020,B,44.26,28340,1258222.0,True
504882,NATIONSTD,NATIONAL STANDARD (INDIA) LTD.,INE166R01015,B,115.6,477,54440.0,True
504903,RATHIST,RATHI STEEL & POWER LTD.,INE336C01016,XT,20.44,131834,2727130.0,False
504908,DUNCANENG,Duncan Engineering Limited,INE340F01011,X,322.15,59,19215.0,False
504918,SANDUMA,SANDUR MANGANESE & IRON ORES L,INE149K01016,A,177.9,108495,19366815.0,True
504959,STOVACQ,STOVEC INDUSTRIES LTD.,INE755D01015,X,1602.0,383,614126.0,False
504973,CHOLAHLDNG,CHOLAMANDALAM FINANCIAL HOLDIN,INE149A01033,A,1371.35,59337,79731444.0,True
505010,AUTOAXLES,AUTOMOTIVE AXLES LTD.,INE449A01011,B,1683.6,426,719568.0,True
505029,ATLASCYCLE,ATLAS CYCLES (HARYANA) LTD.,INE446A01025,B,91.55,77,7057.0,True
505036,ACGL,AUTOMOBILE CORPORATION OF GOA,INE451C01013,B,1638.4,74,120077.0,True
505075,SETCO,SETCO AUTOMOTIVE LTD.,INE878E01021,T,18.39,5853,106783.0,True
505160,TALBROAUTO,TALBROS AUTOMOTIVE COMPONENTS,INE187D01029,B,418.7,7224,3025451.0,True
505163,ZFSTEERING,Z.F.STEERING GEAR (INDIA) LTD.,INE116C01012,B,705.0,87,61564.0,True
505192,SMLMAH,SML Mahindra Limited,INE294B01019,A,6254.8,6513,41200796.0,True
505196,TIL,TIL LTD.,INE806C01018,T,249.9,6007,1459683.0,True
505200,EICHERMOT,EICHER MOTORS LTD.,INE066A01021,A,6949.85,43336,301557975.0,True
505212,JAINEX,JAINEX AAMCOL LTD.,INE280F01019,XT,180.3,88,15789.0,False
505216,ALFREDHE,ALFRED HERBERT (INDIA) LTD.,INE782D01027,B,2775.0,6,16651.0,True
505232,VELJAN,VELJAN DENISON LIMITED,INE232E01013,T,2251.85,118,261257.0,True
505242,DYNAMATECH,DYNAMATIC TECHNOLOGIES LTD.,INE221B01012,A,13785.3,1878,25632952.0,True
505250,GGDPROP,G. G. Dandekar Properties Limi,INE631D01026,X,84.36,271,21845.0,False
505255,GMMPFAUDLR,GMM PFAUDLER LTD.,INE541A01023,A,1443.65,14357,20553894.0,True
505283,KIRLPNU,KIRLOSKAR PNEUMATIC CO.LTD.,INE811A01038,A,681.7,6463,4368865.0,True
505299,KPT,KPT INDUSTRIES LIMITED,INE731D01024,X,484.0,666,324173.0,False
505302,LAKSHMIEW,LAKSHMI ENGINEERING AND WAREHO,INE718M01022,X,2418.0,16,38716.0,False
505324,MANUGRAPH,MANUGRAPH INDIA LTD.,INE867A01022,T,16.71,6470,108521.0,True
505336,HARSHILAGR,HARSHIL AGROTECH LIMITED,INE098E01026,XT,0.25,3470314,876337.0,False
505343,MONOT,MONOTYPE INDIA LTD.,INE811D01024,X,0.28,1580673,428130.0,False
505355,NESCO,NESCO LTD.,INE317F01035,A,1028.2,1057,1087970.0,True
505358,INTEGRAEN,INTEGRA ENGINEERING INDIA LTD.,INE984B01023,X,180.25,28845,5256225.0,False
505368,SEMAC,Semac Construction Limited,INE617A01013,B,248.7,22,5412.0,True
505400,TEXINFRA,TEXMACO INFRASTRUCTURE & HOLDI,INE435C01024,B,119.8,11913,1426329.0,True
505412,WENDT,WENDT (INDIA) LTD.,INE274C01019,B,8122.75,1138,9255103.0,True
505502,PSITINFRA,PS IT INFRASTRUCTURE & SERVICE,INE953M01033,XT,1.92,48663,93417.0,False
505504,GHVINFRA,GHV INFRA PROJECTS LIMITED,INE809Q01020,T,263.75,3928,1045527.0,False
505509,RESPONIND,RESPONSIVE INDUSTRIES LTD.,INE688D01026,B,161.3,11777,1899433.0,True
505515,SHYMINV,SHYAMKAMAL INVESTMENTS LTD.,INE203N01015,X,14.71,77407,1123495.0,False
505523,MAHACORP,MAHARASHTRA CORPORATION LTD.,INE272E01027,X,0.28,1220966,351578.0,False
505526,DOLATALGO,DOLAT ALGOTECH LIMITED,INE966A01022,B,63.09,10939,698275.0,True
505533,WESTLIFE,WESTLIFE FOODWORLD LIMITED,INE274F01020,A,589.25,11361,6708685.0,True
505537,ZEEL,ZEE ENTERTAINMENT ENTERPRISES,INE256A01028,A,71.9,636287,46276163.0,True
505590,SVPGLOB,SVP GLOBAL TEXTILES LIMITED,INE308E01029,B,3.17,3243,9987.0,True
505650,SKYLMILAR,SKYLINE MILLARS LTD.,INE178E01026,X,9.4,3509,32853.0,False
505681,BIMETAL,BIMETAL BEARINGS LTD.,INE469A01019,B,640.0,67,42730.0,True
505688,BHARATGEAR,BHARAT GEARS LTD.,INE561C01019,T,99.0,576,57279.0,True
505690,BRADYM,BRADY & MORRIS ENGINEERING CO.,INE856A01017,X,642.8,566,371175.0,False
505693,LATIMMETAL,La Tim Metal & Industries Limi,INE501N01020,X,10.03,43831,439836.0,False
505700,ELECON,ELECON ENGINEERING CO.LTD.,INE205B01031,A,440.25,73341,32916756.0,True
505710,GRAUWEIL,GRAUER & WEIL (INDIA) LTD.,INE266D01021,B,81.86,30375,2470229.0,True
505712,HIMTEK,HIM TEKNOFORGE LIMITED,INE705G01021,XT,253.4,20918,5235827.0,False
505714,GABRIEL,GABRIEL INDIA LTD.,INE524A01029,A,1315.8,24789,32822714.0,True
505720,HERCULES,Hercules Investments Limited,INE688E01024,X,108.15,4369,475604.0,False
505725,ALGOQUANT,ALGOQUANT FINTECH LIMITED,INE598D01035,B,67.49,563438,37181425.0,True
505726,IFBIND,IFB INDUSTRIES LTD.,INE559A01017,B,1171.55,1712,2016715.0,True
505729,SINGERIND,SINGER INDIA LTD.,INE638A01035,B,74.67,9322,700504.0,True
505737,INTLCOMBQ,INTERNATIONAL COMBUSTION (INDI,INE403C01014,X,437.3,2391,1015549.0,False
505744,FMGOETZE,FEDERAL-MOGUL GOETZE (INDIA) L,INE529A01010,B,444.0,39364,17390526.0,True
505750,JOSTS,JOSTS ENGINEERING CO.LTD.,INE636D01041,X,215.6,8100,1770228.0,False
505790,SCHAEFFLER,Schaeffler India Limited,INE513A01022,A,3886.15,2052,7873139.0,True
505797,MPCOSEMB,MIPCO SEAMLESS RINGS (GUJARAT),INE860N01012,X,40.19,14989,652020.0,False
505800,RANEHOLDIN,RANE HOLDINGS LTD.,INE384A01010,B,1515.2,415,625071.0,True
505807,ROLCOEN,ROLCON ENGINEERING CO.LTD.,INE775R01013,P,497.1,50,24855.0,False
505827,SNL,SNL BEARINGS LTD.,INE568F01017,X,441.85,1298,586239.0,False
505840,JAIPAN,JAIPAN INDUSTRIES LTD.,INE058D01030,XT,43.13,11989,517084.0,False
505850,MANCREDIT,MANGAL CREDIT AND FINCORP LTD.,INE545L01039,B,219.0,1077,234309.0,True
505854,TRF,TRF LTD.,INE391D01019,B,195.3,1831,356615.0,True
505872,WPIL,WPIL LTD.,INE765D01022,B,433.5,5453,2357251.0,True
505890,KENNAMET,KENNAMETAL INDIA LTD.,INE717A01029,B,4280.25,4035,17156903.0,True
505893,HINDHARD,HINDUSTAN HARDY LIMITED,INE724D01011,X,766.2,755,580539.0,False
505978,TRITONV,TRITON VALVES LTD.,INE440G01017,B,1080.5,826,895776.0,True
506003,SUDAI,SUDAL INDUSTRIES LTD.,INE618D01015,X,53.54,1651,87292.0,False
506022,PRAKASH,PRAKASH INDUSTRIES LTD.,INE603A01013,B,118.65,57723,6888832.0,True
506074,ARSHIYA,ARSHIYA LIMITED,INE968D01022,Z,0.85,119534,98216.0,True
506076,GRINDWELL,GRINDWELL NORTON LTD.,INE536A01023,A,1977.25,135646,268653243.0,True
506109,GENESYS,GENESYS INTERNATIONAL CORPORAT,INE727B01026,B,281.4,33416,9326134.0,True
506122,VOLKAI,Kairosoft AI Solutions Limited,INE820M01026,XT,18.27,145555,2620440.0,False
506128,PARNAXLAB,PARNAX LAB LTD.,INE383L01019,B,115.0,2236,250508.0,True
506134,GOURMET,GOURMET GATEWAY INDIA LIMITED,INE512D01028,XT,10.39,25521,266267.0,False
506146,VIVIDHA,VISAGAR POLYTEX LTD.,INE370E01029,B,0.51,64899,33640.0,True
506166,APIS,APIS INDIA LTD.,INE070K01014,X,50.9,2075,105161.0,False
506180,EMERGENT,EMERGENT INDUSTRIAL SOLUTIONS,INE668L01013,XT,398.0,44,16847.0,False
506184,KANANIIND,KANANI INDUSTRIES LTD.,INE879E01037,B,1.35,15797,21125.0,True
506186,GSLTD,GALAXY SUPERMARKET LIMITED,INE403B01016,X,19.19,15013,287994.0,False
506194,ARIHANTSUP,ARIHANT SUPERSTRUCTURES LIMITE,INE643K01018,B,219.7,163,36779.0,True
506197,BLISSGVS,BLISS GVS PHARMA LTD.,INE416D01022,T,684.2,13100,8939857.0,True
506222,STYRENIX,Styrenix Performance Materials,INE189B01011,B,2052.5,1489,2978299.0,True
506235,ALEMBICLTD,ALEMBIC LTD.,INE426A01027,B,104.15,63767,6674477.0,True
506260,ANUHPHR,ANUH PHARMA LTD.,INE489G01022,B,86.88,16799,1443509.0,True
506261,MODISONLTD,MODISON LIMITED,INE737D01021,T,484.3,22682,10974705.0,True
506285,BAYERCROP,BAYER CROPSCIENCE LTD.,INE462A01022,A,3555.45,2204,7841810.0,True
506365,STARSOURCE,STARSOURCE MULTITRADE LIMITED,INE320M01019,X,79.0,223,18014.0,False
506390,SUDARCOLOR,Sudarshan Colorants India Limi,INE492A01029,B,365.15,530,196964.0,True
506395,COROMANDEL,COROMANDEL INTERNATIONAL LTD.,INE169A01031,A,1764.8,9323,16164233.0,True
506401,DEEPAKNTR,DEEPAK NITRITE LTD.,INE288B01029,A,1493.7,19558,29226860.0,True
506405,DMCC,DMCC SPECIALITY CHEMICALS LIMI,INE505A01010,B,310.15,7976,2469820.0,True
506414,FERMENTA,FERMENTA BIOTECH LIMITED,INE225B01021,B,551.35,13006,7218978.0,True
506480,GOCLCORP,GOCL Corporation Limited,INE077F01035,B,351.2,13166,4612744.0,True
506520,JAYCH,JAYSHREE CHEMICALS LTD.,INE693E01016,X,6.42,28296,179824.0,False
506525,KANORICHEM,KANORIA CHEMICALS & INDUSTRIES,INE138C01024,T,191.4,3773,729050.0,True
506528,KELENRG,KELTECH ENERGIES LTD.,INE881E01017,XT,13873.15,3141,44962760.0,False
506532,NITTAGELA,NITTA GELATIN INDIA LTD.,INE265B01019,B,1664.8,430,711499.0,True
506543,MPAGI,M.P.AGRO INDUSTRIES LTD.,INE468C01017,XT,10.23,41,419.0,False
506579,AGVENTURES,AG VENTURES LIMITED,INE321D01016,X,127.2,8115,1017568.0,False
506590,PCBL,PCBL Chemical Limited,INE602A01031,A,321.8,48228,15619601.0,True
506597,AMAL,AMAL LTD.,INE841D01013,B,699.85,6197,4315016.0,True
506605,POLYCHEM,POLYCHEM LTD.,INE752B01024,X,1831.95,58,105914.0,False
506618,PUNJABCHEM,PUNJAB CHEMICALS AND CROP PROT,INE277B01014,B,1029.3,85,87981.0,True
506640,ZR2,ZR2 BIOENERGY LIMITED,INE218N01021,X,136.5,5,688.0,False
506642,SADHNANIQ,SADHANA NITROCHEM LTD.,INE888C01040,T,2.52,361181,892112.0,True
506655,SUDARSCHEM,SUDARSHAN CHEMICAL INDUSTRIES,INE659A01023,A,1244.1,46308,56365738.0,True
506680,TECILCHEM,TECIL CHEMICALS & HYDRO POWER,INE014B01011,B,9.29,437,3893.0,True
506685,ULTRAMAR,ULTRAMARINE & PIGMENTS LTD.,INE405A01021,B,405.95,10587,4305001.0,True
506687,TRANSPEK,TRANSPEK INDUSTRY LTD.,INE687A01016,T,1310.0,18,23787.0,True
506690,UNICHEMLAB,UNICHEM LABORATORIES LTD.,INE351A01035,B,535.5,9984,5363716.0,True
506734,MYSORPETRO,MYSORE PETRO CHEMICALS LTD.,INE741A01011,T,122.7,10,1227.0,True
506767,ALKYLAMINE,ALKYL AMINES CHEMICALS LTD.,INE150B01039,A,1741.25,2371,4103539.0,True
506808,TUTIALKA,TUTICORIN ALKALI CHEMICALS AND,INE400A01014,B,53.8,1763,95207.0,True
506820,ASTRAZEN,ASTRAZENECA PHARMA INDIA LTD.,INE203A01020,A,6030.45,995,6029323.0,True
506852,PRIMO,Primo Chemicals Limited,INE607A01022,B,25.53,49167,1269560.0,True
506854,TANFACIND,TANFAC INDUSTRIES LTD.,INE639B01023,B,3259.05,8390,27354122.0,False
506858,GUJPETR,GUJARAT PETROSYNTHESE LTD.,INE636P01011,X,51.36,224,11466.0,False
506863,SWADEIN,SWADESHI INDUSTRIES LEASING CO,INE716M01034,X,76.08,7817,575867.0,False
506879,GUJTHEM,GUJARAT THEMIS BIOSYN LTD.,INE942C01045,B,382.35,27511,10453433.0,True
506919,MAKERSL,MAKERS LABORATORIES LTD.,INE987A01010,B,181.7,1157,208110.0,True
506935,CONTCHM,CONTINENTAL CHEMICALS LTD.,INE423K01015,X,55.12,2,110.0,False
506947,ADVPETR-B,ADVANCE PETROCHEMICALS LTD.,INE334N01018,XT,868.9,1251,1085396.0,False
506979,APTPACK,APT PACKAGING LTD.,INE046E01025,X,67.6,1643,109932.0,False
506981,BLUECHIPT,BLUE CHIP TEX INDUSTRIES LTD.,INE472D01017,X,112.0,314,35435.0,False
507155,JAGAJITIND,JAGATJIT INDUSTRIES LTD.,INE574A01016,X,138.85,12633,1770117.0,False
507180,KESARENT,KESAR ENTERPRISES LTD.,INE133B01027,XT,12.69,145938,1851953.0,False
507205,TI,TILAKNAGAR INDUSTRIES LTD.,INE133E01013,A,541.95,66295,35943944.0,True
507265,EMERALL,Emerald Leisures Limited,INE044N01021,XT,290.0,520,153232.0,False
507300,RAVALSUGAR,The Ravalgaon Sugar Farm Limit,INE615A01025,X,891.0,258,231490.0,False
507315,SAKHTISUG,SAKTHI SUGARS LTD.,INE623A01011,B,17.51,13663,239799.0,True
507410,WALCHANNAG,WALCHANDNAGAR INDUSTRIES LTD.,INE711A01022,B,196.2,33508,6577259.0,True
507438,IFBAGRO,IFB AGRO INDUSTRIES LTD.,INE076C01018,B,859.8,81,69880.0,True
507474,KFBL,KOTHARI FERMENTATION & BIOCHEM,INE991B01010,X,39.96,7683,308873.0,False
507486,CAPRO,CAPROLACTAM CHEMICALS LTD.,INE470N01010,X,47.76,10,477.0,False
507488,GMBREW,G.M.BREWERIES LTD.,INE075D01018,B,951.5,3953,3763772.0,True
507490,RANASUG,RANA SUGARS LTD.,INE625B01014,B,13.06,12716,166225.0,True
507498,PICCASUG,PICCADILY SUGAR & ALLIED INDUS,INE544C01023,X,34.85,4958,170609.0,False
507514,SDBL,SOM DISTILLERIES & BREWERIES L,INE480C01038,B,74.61,101332,7620348.0,True
507515,CJGEL,C.J.GELATINE PRODUCTS LTD.,INE557D01015,X,24.65,882,22451.0,False
507526,ASALCBR,ASSOCIATED ALCOHOLS & BREWERIE,INE073G01016,B,614.7,6690,4062235.0,True
507552,FOODSIN,FOODS & INNS LTD.,INE976E01023,B,49.5,4412,215650.0,True
507580,IVP,IVP LTD.,INE043C01018,T,227.8,2755,616644.0,True
507598,KLRFM,KOVILPATTI LAKSHMI ROLLER FLOU,INE014E01015,X,78.97,5266,409691.0,False
507609,OLYOI,OLYMPIC OIL INDUSTRIES LTD.,INE286E01019,X,30.8,161,4958.0,False
507621,MLKFOOD,MILKFOOD LTD.,INE588G01021,B,83.65,9722,822197.0,True
507645,POLSON,POLSON LTD.,INE339F01021,X,10601.7,1,10601.0,False
507685,WIPRO,WIPRO LTD.,INE075A01022,A,159.5,567896,90292551.0,True
507690,ORIBEVER,ORIENT BEVERAGES LTD.,INE247F01018,X,161.85,2319,381250.0,False
507717,DHANUKA,DHANUKA AGRITECH LTD.,INE435G01025,B,932.65,686,633208.0,True
507747,TTKHLTCARE,TTK HEALTHCARE LTD.,INE910C01018,B,1014.35,878,881492.0,True
507753,TGVSL,TGV SRAAC Limited,INE284B01028,B,116.5,87093,10241712.0,True
507759,LIMECHM,LIME CHEMICALS LTD.,INE891G01011,X,14.3,3391,49449.0,False
507779,KANPRPLA,KANPUR PLASTIPACK LTD.,INE694E01014,B,245.45,2558,628884.0,True
507785,TAINWALCHM,TAINWALA CHEMICALS & PLASTICS,INE123C01018,B,201.6,14,2822.0,True
507789,JAGSNPHARM,JAGSONPAL PHARMACEUTICALS LTD.,INE048B01035,B,231.55,7084,1643785.0,True
507794,KHAICHEM,KHAITAN CHEMICALS & FERTILIZER,INE745B01028,B,49.46,7798,380004.0,True
507813,NOL,NATIONAL OXYGEN LTD.,INE296D01010,X,55.0,2110,119803.0,False
507815,GILLETTE,GILLETTE INDIA LTD.,INE322A01010,A,6902.9,736,5084436.0,True
507817,WIREFABR,WIRES & FABRIKS (SA) LTD.,INE469D01013,X,166.65,1,166.0,False
507828,ANSALHSG,ANSAL HOUSING LIMITED,INE880B01015,X,4.95,48530,244776.0,False
507833,COMPUPN,COMPUTER POINT LTD.,INE607B01012,X,3.26,14951,47713.0,False
507836,MCCHRLS-B,MAC CHARLES (INDIA) LTD.,INE435D01014,B,680.7,115,76849.0,True
507852,ADDIND,ADDI INDUSTRIES LTD.,INE757C01021,B,76.86,758,58836.0,True
507872,ASHNOOR,ASHNOOR TEXTILE MILLS LTD.,INE372I01018,X,51.06,6165,320762.0,False
507878,UNITECH,UNITECH LTD.,INE694A01020,B,3.95,550923,2158902.0,True
507880,VIPIND,V.I.P.INDUSTRIES LTD.,INE054A01027,A,280.8,16422,4627360.0,True
507910,FIBERWEB,FIBERWEB (INDIA) LTD.,INE296C01020,B,26.26,1723,46160.0,True
507912,GYFTR,GYFTR LIMITED,INE724A01017,B,156.9,2987,470038.0,True
507944,BAJAJST,BAJAJ STEEL INDUSTRIES LTD.,INE704G01024,B,334.4,4082,1372276.0,True
507946,KIDUJA,KIDUJA INDIA LTD.,INE845A01028,X,19.21,7176,137529.0,False
507948,KEYCORP,KEY CORP LTD.,INE130F01016,X,71.8,1042,70288.0,False
507960,GUJHOTE,GUJARAT HOTELS LTD.,INE621C01011,X,181.0,1391,245548.0,False
507962,FYNX,FYNX CAPITAL LIMITED,INE455H01021,XT,6.25,6510,40684.0,False
507966,RASRESOR,RAS RESORTS & APART HOTELS LTD,INE651D01016,X,54.76,96,5259.0,False
507968,JOLYPLS,JOLLY PLASTIC INDUSTRIES LTD.,INE289M01016,X,43.61,21,916.0,False
507970,PARMCOS-B,PARAMOUNT COSMETICS (INDIA) LT,INE143I01013,X,34.5,175,6138.0,False
507981,JINDHOT,JINDAL HOTELS LTD.,INE726D01016,X,61.0,823,51300.0,False
507998,SIMMOND,SIMMONDS MARSHALL LTD.,INE657D01021,X,232.0,10905,2544844.0,False
508136,BNALTD,B & A LTD.,INE489D01011,T,385.05,243,93567.0,True
508486,HAWKINCOOK,HAWKINS COOKERS LTD.,INE979B01015,B,8034.95,71,566122.0,True
508494,WARRENTEA,WARREN TEA LTD.,INE712A01012,X,43.61,1829,80921.0,False
508664,BESTEAST,BEST EASTERN HOTELS LTD.,INE553F01035,XT,14.5,1555,22170.0,False
508670,NEAGI,NEELAMALAI AGRO INDUSTRIES LTD,INE605D01012,B,3322.55,10,33053.0,True
508807,ISTLTD,IST LTD.,INE684B01029,B,635.0,138,87449.0,True
508814,COSMOFIRST,Cosmo First Limited,INE757A01017,B,827.4,1225,1007830.0,True
508867,NEWMKTAVE,NEW MARKETS AVENUE LIMITED,INE800K01014,XT,97.21,223,21256.0,False
508869,APOLLOHOSP,APOLLO HOSPITALS ENTERPRISE LT,INE437A01024,A,8116.0,34853,280281132.0,True
508875,NITINCAST,Nitin Castings Limited,INE861H01020,XT,473.0,19,8802.0,False
508905,NEXOME,NEXOME CAPITAL MARKETS LIMITED,INE641A01013,X,83.12,5480,458208.0,False
508906,EVERESTIND,EVEREST INDUSTRIES LTD.,INE295A01018,T,473.7,1044,486969.0,True
508918,IRONWOOD,IRONWOOD EDUCATION LIMITED,INE791H01011,X,43.5,5910,259377.0,False
508933,AYMSYNTEX,AYM Syntex Limited,INE193B01039,B,281.95,7603,2123614.0,True
508941,PANCARBON,PANASONIC CARBON INDIA CO.LTD.,INE013E01017,X,393.35,2635,1038899.0,False
508954,FINKURVE,FINKURVE FINANCIAL SERVICES LT,INE734I01027,B,71.72,1687,117693.0,True
508956,HBLEAS,HB LEASING & FINANCE CO.LTD.,INE549B01016,X,10.29,6199,62039.0,False
508961,SHRICON,SHRICON INDUSTRIES LTD.,INE753D01010,XT,209.9,82,16903.0,False
508969,SULABEN,SULABH ENGINEERS & SERVICES LT,INE673M01029,X,2.5,8633,21486.0,False
508980,FRONTCAP,FRONTIER CAPITAL LIMITED,INE977E01013,XT,10.26,7137,73544.0,False
508989,NAVNETEDUL,NAVNEET EDUCATION LIMITED,INE060A01024,B,124.0,13267,1633996.0,True
509015,THAKRAL,THAKRAL SERVICES (INDIA) LTD.,INE190F01028,X,13.75,7,96.0,False
509020,RUCHINFRA,RUCHI INFRASTRUCTURE LTD.,INE413B01023,B,4.87,16748,80332.0,True
509024,GOLDLEG,GOLDEN LEGAND LEASING & FINANC,INE088E01019,X,7.9,2465,18943.0,False
509026,VJTFEDU,VJTF EDUSERVICES LTD.,INE117F01013,X,68.4,65,4375.0,False
509038,VOLLF,VOLTAIRE LEASING & FINANCE LTD,INE763D01019,XT,22.55,38,856.0,False
509040,NETLINK,NETLINK SOLUTIONS (INDIA) LTD.,INE040F01033,X,185.0,1354,250772.0,False
509046,TRILIANCE,TRILIANCE POLYMERS LIMITED,INE778N01016,X,45.0,335,15075.0,False
509048,LANCORHOL,LANCOR HOLDINGS LTD.,INE572G01025,T,32.01,4413,144114.0,True
509051,INDINFO,INDIAN INFOTECH & SOFTWARE LTD,INE300B01022,X,0.54,1426936,774005.0,False
509053,BANASFN,BANAS FINANCE LTD.,INE521L01030,X,6.84,14268,97401.0,False
509055,VISAKAIND,VISAKA INDUSTRIES LTD.,INE392A01021,T,83.42,21892,1802797.0,True
509069,INFOMEDIA,INFOMEDIA PRESS LTD.,INE669A01022,B,5.4,39,207.0,True
509073,HATHWAYB,HATHWAY BHAWANI CABLETEL & DAT,INE525B01016,X,11.5,10,115.0,False
509079,GUFICBIO,GUFIC BIOSCIENCES LTD.,INE742B01025,B,418.2,10089,4167589.0,True
509084,PHOTON,PHOTON CAPITAL ADVISORS LTD.,INE107J01016,XT,388.05,1,388.0,False
509152,GRPLTD,GRP LTD.,INE137I01015,B,1888.1,454,841841.0,True
509162,INDAG,INDAG RUBBER LTD.,INE802D01023,XT,105.45,16114,1668766.0,False
509196,MMRUBBR-B,MM RUBBER COMPANY LTD.,INE159E01026,X,58.76,428,24608.0,False
509220,PTL,PTL ENTERPRISES LTD.,INE034D01049,B,37.85,3825,144159.0,True
509243,TVSSRICHAK,TVS SRICHAKRA LTD.,INE421C01016,B,4340.45,472,2037315.0,True
509423,SEL,SANATHNAGAR ENTERPRISES LIMITE,INE367E01033,X,33.47,35,1171.0,False
509438,BENARAS,BENARES HOTELS LTD.,INE664D01019,B,10230.0,2,20430.0,True
509449,BHAGWOX,BHAGWATI OXYGEN LTD.,INE026I01010,X,38.89,1052,42696.0,False
509470,BOMOXY-B1,BOMBAY OXYGEN INVESTMENTS LIMI,INE01TL01014,X,17902.0,9,162991.0,False
509472,CRAVATEX,CRAVATEX LTD.,INE145E01017,B,346.05,1,346.0,True
509480,BERGEPAINT,BERGER PAINTS INDIA LTD.,INE463A01038,A,452.3,22837,10272000.0,True
509486,CAPRIHANS,CAPRIHANS INDIA LTD.,INE479A01018,XT,111.35,100,11135.0,False
509488,GRAPHITE,GRAPHITE INDIA LTD.,INE371A01025,A,786.0,92393,71482417.0,True
509496,CEMPRO,Cemindia Projects Limited,INE686A01026,A,1176.9,13792,16255182.0,True
509525,EMPIND,EMPIRE INDUSTRIES LTD.,INE515H01014,B,1061.1,189,199149.0,True
509546,GRAVISSHO,GRAVISS HOSPITALITY LIMITED,INE214F01026,T,31.75,253,8071.0,True
509557,GARFIBRES,GARWARE TECHNICAL FIBRES LIMIT,INE276A01018,A,768.25,6081,4647185.0,True
509563,GARWAMAR,GARWARE MARINE INDUSTRIES LTD.,INE925D01014,X,18.99,6075,114218.0,False
509567,GOACARBON,GOA CARBON LTD.,INE426D01013,B,402.1,1524,612511.0,True
509597,HARDCAS,HARDCASTLE & WAUD MFG.CO.LTD.,INE722D01015,X,841.9,8,6779.0,False
509631,HEGAM,HEG Advanced Materials Limited,INE545A01024,A,239.15,53280,12646241.0,True
509635,HINDCOMPOS,HINDUSTAN COMPOSITES LTD.,INE310C01029,B,370.15,247,93589.0,True
509675,BIRLANU,BIRLANU LIMITED,INE557A01011,B,1393.7,662,921940.0,True
509709,INTLCONV,INTERNATIONAL CONVEYORS LTD.,INE575C01027,B,80.09,6491,519298.0,True
509715,JAYSREETEA,JAY SHREE TEA & INDUSTRIES LTD,INE364A01020,B,84.14,6034,511887.0,True
509732,KOTIC,KOTHARI INDUSTRIAL CORPORATION,INE972A01020,B,147.95,2790,423581.0,True
509760,MODRNSH,MODERN SHARES & STOCKBROKERS L,INE370A01019,XT,32.3,1156,37615.0,False
509762,MAPROIN,MAPRO INDUSTRIES LTD.,INE848M01019,XT,67.68,1,67.0,False
509820,HUHTAMAKI,HUHTAMAKI INDIA LIMITED,INE275B01026,B,233.2,5637,1308700.0,True
509835,PREMSYN,PREMIER SYNTHETICS LTD.,INE940N01012,X,15.85,897,13312.0,False
509845,RJSHAH,R.J.SHAH & CO.LTD.,INE712Z01019,P,490.0,100,49000.0,False
509874,SHALPAINTS,SHALIMAR PAINTS LTD.,INE849C01026,T,78.13,28788,2294768.0,True
509895,HINDMILL,HINDOOSTAN MILLS LTD.,INE832D01020,X,156.85,135,21390.0,False
509930,SUPREMEIND,SUPREME INDUSTRIES LTD.,INE195A01028,A,3376.75,5692,19060560.0,True
509945,THACKER,THACKER & CO.LTD.,INE077P01034,B,964.65,3,2969.0,True
509953,TRADWIN,TRADE WINGS LTD.,INE961E01017,XT,460.0,12,5592.0,False
509966,VSTIND,VST INDUSTRIES LTD.,INE710A01016,B,201.05,16356,3289163.0,True
510245,SWASTIVI,SWASTI VINAYAKA SYNTHETICS LTD,INE804A01025,X,3.68,32618,119063.0,False
511000,MSLGLOBAL,MSL GLOBAL LIMITED,INE856D01011,X,18.17,111,2016.0,False
511012,YAMNINV,YAMINI INVESTMENTS COMPANY LTD,INE457N01025,XT,0.57,521159,295310.0,False
511016,PREMCAP,PREMIER CAPITAL SERVICES LTD.,INE946K01023,XT,7.19,1203,8649.0,False
511018,ZMILGFIN,MILGREY FINANCE & INVESTMENT L,INE679T01013,X,45.2,12580,565308.0,False
511034,JINDRILL,JINDAL DRILLING & INDUSTRIES L,INE742C01031,B,586.5,11109,6509197.0,True
511066,SAKTHIFIN,SAKTHI FINANCE LTD.,INE302E01014,X,24.72,7283,181326.0,False
511076,AEROENTER,AEROFLEX ENTERPRISES LIMITED,INE065D01027,B,121.75,44211,5343377.0,True
511092,JMDVL,JMD Ventures Limited,INE047E01031,XT,6.95,11604,82796.0,False
511108,SHIVATEX,SHIVA TEXYARN LTD.,INE705C01020,B,166.3,51,8516.0,True
511110,VBDESAI,V.B.DESAI FINANCIAL SERVICES L,INE848D01018,X,17.4,408,7099.0,False
511116,QUADRANT,QUADRANT TELEVENTURES LIMITED,INE527B01020,XT,0.85,60092,51078.0,False
511122,1STCUS,FIRST CUSTODIAN FUND (INDIA) L,INE609B01018,X,64.95,1,64.0,False
511131,KAMANWALA,KAMANWALA HOUSING CONSTRUCTION,INE344D01018,B,16.4,318,5188.0,True
511144,AXISOL,AXIS SOLUTIONS LIMITED,INE520G01024,XT,640.1,8868,5676406.0,False
511147,WSFX,WSFX Global Pay Limited,INE549D01012,X,61.2,7999,496348.0,False
511153,ANJANIFOODS,Anjani Foods Limited,INE096I01021,XT,16.51,981,16276.0,False
511169,RKDAGRRTL,RKD AGRI AND RETAIL LIMITED,INE552N01023,X,5.64,302,1703.0,False
511187,MILLENNIUM,Millennium Online Solutions (I,INE570N01025,X,1.52,20600,31312.0,False
511194,ICDSLTD,ICDS LTD.,INE613B01010,T,47.7,101,4817.0,True
511196,CANFINHOME,CAN FIN HOMES LTD.,INE477A01020,A,709.3,19767,14101749.0,True
511208,IVC,IL&FS INVESTMENT MANAGERS LTD.,INE050B01023,B,7.8,139290,1089221.0,True
511218,SHRIRAMFIN,Shriram Finance Limited,INE721A01047,A,942.8,634135,607219290.0,True
511243,CHOLAFIN,CHOLAMANDALAM INVESTMENT AND F,INE121A01024,A,1583.0,225368,357511038.0,True
511246,BOMTALKIES,BOMBAY TALKIES LIMITED,INE910D01024,X,3.26,35,114.0,False
511260,ICONIKSPEV,ICONIK SPORTS AND EVENTS LIMIT,INE088P01015,X,31.98,7934,254739.0,False
511333,VLSFINANCE,VLS FINANCE LTD.,INE709A01018,B,229.2,1875,434160.0,True
511355,INDCEMCAP,INDIA CEMENTS CAPITAL LTD.,INE429D01017,XT,26.55,11577,307369.0,False
511359,ADMANUM,AD-MANUM FINANCE LTD.,INE556D01017,X,51.99,1107,56674.0,False
511377,MEHIF,MEHTA INTEGRATED FINANCE LTD.,INE240B01012,X,29.4,16,470.0,False
511391,INTRGLB,INTER GLOBE FINANCE LTD.,INE661M01016,X,62.14,1087,67011.0,False
511411,SHRISTI,SHRISTI INFRASTRUCTURE DEVELOP,INE472C01027,X,32.56,2296,78162.0,False
511413,CREST,CREST,INE559D01011,B,360.35,82,29545.0,True
511431,VAKRANGEE,VAKRANGEE LIMITED,INE051B01021,B,5.13,53918,274933.0,True
511441,GUJCRED,GUJARAT CREDIT CORPORATION LTD,INE034B01019,X,21.0,21,441.0,False
511447,SYLPH,Sylph Industries Limited,INE706F01021,X,0.21,5287719,1067994.0,False
511451,DHARFIN,DHARANI FINANCE LTD.,INE899D01011,XT,12.2,42,512.0,False
511463,ALEXANDER,Alexander Stamps And Coin Limi,INE191N01012,X,8.0,10821,86569.0,False
511473,INDBANK,INDBANK MERCHANT BANKING SERVI,INE841B01017,B,25.14,1619,40715.0,True
511493,SHRYDUS,SHRYDUS INDUSTRIES LIMITED,INE488C01015,XT,3.85,2123,8196.0,False
511501,BHARAT,Bharat Bhushan Finance & Commo,INE900A01013,X,22.4,1923,43401.0,False
511505,CAPTRUST,CAPITAL TRUST LTD.,INE707C01018,T,19.14,23230,444436.0,True
511507,USHAKIRA,USHAKIRAN FINANCE LTD.,INE697C01011,X,26.77,1054,26884.0,False
511509,VIVOBIOT,VIVO BIO TECH LTD.,INE380K01017,B,17.26,3008,51823.0,True
511523,VEERHEALTH,VEERHEALTH CARE LIMITED,INE882C01035,XT,49.88,98244,4873243.0,False
511525,PANINDIAC,PAN INDIA CORPORATION LTD.,INE376A01032,X,1.44,217686,325419.0,False
511533,SAHARAHOUS,SAHARA HOUSINGFINA CORPORATION,INE135C01012,X,37.35,4218,154684.0,False
511535,NDASEC,NDA SECURITIES LTD.,INE026C01013,X,23.0,534,12399.0,False
511543,GSBFIN,GSB FINANCE LTD.,INE777C01011,XT,45.9,1016,46639.0,False
511549,MORARKFI,MORARKA FINANCE LTD.,INE367A01015,X,61.58,112,6899.0,False
511551,MONARCH,Monarch Networth Capital Limit,INE903D01011,B,341.7,7010,2353100.0,True
511557,PROFINC,PRO FIN CAPITAL SERVICES LTD.,INE732K01027,Z,2.66,865246,2291314.0,False
511559,TEAMGTY,TEAM INDIA GUARANTY LIMITED,INE289C01025,B,242.0,1,242.0,True
511571,CRESCENTIS,Crescentis Capital Limited,INE754C01010,X,97.45,5812,568796.0,False
511577,MANTRA,Mantra Capital Limited,INE304E01010,X,17.44,3677,62170.0,False
511589,AVONMORE,AVONMORE CAPITAL & MANAGEMENT,INE323B01024,B,12.98,14815,196636.0,True
511593,LIBORDFIN,LIBORD FINANCE LTD,INE212B01011,X,14.95,113,1715.0,False
511601,YASHMGM,YASH MANAGEMENT & SATELLITE LT,INE216B01012,X,10.14,2111,21435.0,False
511605,ARIHANTCAP,ARIHANT CAPITAL MARKETS LTD.,INE420B01036,B,88.27,14039,1234282.0,True
511609,ISLCONSUL,ISL CONSULTING LTD.,INE569B01022,X,11.94,19,234.0,False
511611,DCMFINSERV,DCM FINANCIAL SERVICES LTD.,INE891B01012,B,5.09,376,1834.0,True
511626,RRFIN,RR FINANCIAL CONSULTANTS LTD.,INE229D01011,XT,62.0,218,13541.0,False
511628,FEDDERSHOL,FEDDERS HOLDING LIMITED,INE417D01020,B,63.68,700818,45880329.0,True
511630,SAMBHAAV,SAMBHAAV MEDIA LTD.,INE699B01027,B,5.45,18832,102538.0,True
511644,OMEGAIN,OMEGA INTERACTIVE TECHNOLOGIES,INE113B01037,X,17.76,47751,848057.0,False
511654,SUGALDAM,SUGAL & DAMANI SHARE BROKERS L,INE309D01011,X,67.45,82,5454.0,False
511658,NETTLINX,NETTLINX LTD.,INE027D01019,X,13.72,24483,326536.0,False
511664,BGIL,BGIL FILMS & TECHNOLOGIES LTD.,INE443D01018,X,6.88,12589,90468.0,False
511672,SCANSTL,Scan Steels Limited,INE099G01011,T,48.75,2300,111774.0,True
511676,GICHSGFIN,GIC HOUSING FINANCE LTD.,INE289B01019,B,132.6,3202,425599.0,True
511692,AJCON,AJCON GLOBAL SERVICES LTD.,INE759C01027,X,5.64,2973,16901.0,False
511696,CHRTEDCA,CHARTERED CAPITAL & INVESTMENT,INE953B01010,X,250.0,70,17349.0,False
511700,STANCAP,STANDARD CAPITAL MARKETS LTD.,INE625D01028,X,0.31,6790802,2166048.0,False
511702,YOGI,YOGI LIMITED,INE290E01011,B,160.5,1852,294274.0,True
511710,CUBIFIN,CUBICAL FINANCIAL SERVICES LTD,INE717D01023,XT,5.81,56044,325615.0,False
511712,RELICTEC,RELIC TECHNOLOGIES LTD.,INE452B01013,X,71.99,131,9517.0,False
511714,NIMBSPROJ,NIMBUS PROJECTS LTD.,INE875B01015,B,186.0,313,58336.0,True
511716,INVIGO,Invigorated Business Consultin,INE359A01012,XT,8.55,9665,83027.0,False
511724,BAIDFIN,BAID FINSERV LIMITED,INE020D01022,B,10.24,3380,34692.0,True
511726,VIPULLTD,VIPUL LTD.,INE946H01037,T,10.55,7563,81387.0,True
511728,KZLFIN,K.Z.LEASING & FINANCE LTD.,INE006C01015,X,15.5,1000,15500.0,False
511734,PASUFIN,PASUPATI FINCAP LTD.,INE527C01010,XT,26.81,26240,703494.0,False
511738,MEHSECU,MEHTA SECURITIES LTD.,INE241B01010,X,21.0,300,6388.0,False
511740,RFL,RUPAREL FOOD PRODUCTS LIMITED,INE239B01014,X,77.33,1835,143822.0,False
511742,UGROCAP,UGRO CAPITAL LIMITED,INE583D01011,B,82.6,30343,2478835.0,True
511754,SAHLIBHFI,SHALIBHADRA FINANCE LTD.,INE861D01011,B,77.69,1136,89640.0,True
511756,ABIRAFN,ABIRAMI FINANCIAL SERVICES (IN,INE195I01013,Z,34.5,21,734.0,False
511764,AASTAFIN,Aastamangalam Finance Limited,INE819K01014,X,28.79,48,1381.0,False
511766,MUTHOOTCAP,MUTHOOT CAPITAL SERVICES LTD.,INE296G01013,B,213.8,1260,270144.0,True
511768,MASTERTR,MASTER TRUST LTD.,INE677D01037,B,81.38,5464,444555.0,True
512008,EFCIL,EFC (I) LIMITED,INE886D01026,B,171.75,7143,1219356.0,True
512014,SOBME,SOBHAGYA MERCHANTILE LTD.,INE754D01018,X,1312.25,284,367271.0,False
512018,TTGIL,TOMORROW TECHNOLOGIES GLOBAL I,INE135H01029,X,7.83,16463,127499.0,False
512020,ZSARACOM,SARASWATI COMMERCIAL (INDIA) L,INE967G01019,B,10499.95,5,54484.0,True
512025,ASGARD,ASGARD ALCOBEV LIMITED,INE767M01029,X,33.64,46029,1551799.0,False
512038,TCC,TCC CONCEPT LIMITED,INE887D01024,B,47.59,105287,5077010.0,True
512047,ROYALIND,ROYAL INDIA CORPORATION LIMITE,INE510H01015,X,5.05,74009,370922.0,False
512048,DHANSAFAL,DHANSAFAL FINSERVE LIMITED,INE195E01020,X,2.44,40811,101253.0,False
512062,TANDHANIN,TANDHAN INDUSTRIES LIMITED,INE896J01014,XT,145.0,1467,215683.0,False
512064,VISVEN,VISHVPRABHA VENTURES LIMITED,INE762D01011,X,37.27,4,148.0,False
512065,MRUTR,MRUGESH TRADING LTD.,INE738D01029,XT,75.81,647,49049.0,False
512068,DECNGOLD,DECCAN GOLD MINES LTD.,INE945F01025,B,195.7,228068,44253420.0,True
512070,UPL,UPL LIMITED,INE628A01036,A,522.0,40438,21094232.0,True
512093,CRANESSOFT,CRANES SOFTWARE INTERNATIONAL,INE234B01023,Z,6.55,1701211,11142932.0,False
512097,SAICOM,SAIANAND COMMERCIAL LIMITED,INE092G01024,X,0.2,163467,34078.0,False
512099,EY,EYANTRA VENTURES LIMITED,INE750G01019,XT,514.0,27,14046.0,False
512103,NIDHGRN,NIDHI GRANITES LTD.,INE276H01013,X,244.85,3657,907277.0,False
512109,AVIVA,AVIVA INDUSTRIES LTD.,INE461H01011,X,64.19,2,128.0,False
512115,ROSEMER,ROSE MERC.LTD.,INE649C01012,X,34.99,3607,129757.0,False
512131,SIGIND,SIGNET INDUSTRIES LIMITED,INE529F01035,T,68.98,2642,177631.0,True
512149,AVANCE,AVANCE TECHNOLOGIES LTD.,INE758A01072,B,0.8,1446436,1175683.0,True
512161,SECURKLOUD,SECUREKLOUD TECHNOLOGIES LIMIT,INE650K01021,B,16.98,2169,36133.0,True
512165,ABANSENT,ABANS ENTERPRISES LTD,INE365O01028,B,27.62,1645,44752.0,True
512169,CAPRICORN,CAPRICORN SYSTEMS GLOBAL SOLUT,INE968E01012,XT,31.26,112374,3522782.0,False
512175,VAMA,VAMA INDUSTRIES LTD.,INE685D01022,X,3.1,23841,76447.0,False
512179,SUNTECK,SUNTECK REALTY LTD.,INE805D01034,B,279.6,7969,2186694.0,True
512197,SILVERO,SILVER OAK COMMERCIAL LTD.,INE798C01017,Z,5.93,165,973.0,False
512217,PRISMMEDI,PRISM MEDICO AND PHARMACY LTD.,INE730E01016,X,29.0,13387,384155.0,False
512229,VERITAS,VERITAS (INDIA) LTD.,INE379J01029,XT,148.15,3299,497168.0,False
512237,JAICORPLTD,JAI CORP LTD.,INE070D01027,B,89.56,30431,2716891.0,True
512247,ASHCAP,ASHIRWAD CAPITAL LTD.,INE894A01026,X,2.51,52875,134335.0,False
512257,SVARTCORP,SWASTI VINAYAKA ART AND HERITA,INE895A01023,X,3.24,12920,41672.0,False
512267,MMWL,MEDIA MATRIX WORLDWIDE LTD.,INE200D01020,B,15.68,144116,2244641.0,True
512277,AUTOINT,AUTORIDERS INTERNATIONAL LTD.,INE340U01010,X,250.0,1118,266378.0,False
512296,BHAGYANGR,BHAGYANAGAR INDIA LTD.,INE458B01036,B,402.85,13383,5391207.0,True
512301,CHMBBRW,CHAMBAL BREWERIES & DISTILLERI,INE417N01011,XT,39.32,7422,282241.0,False
512329,SGMART,SG MART LIMITED,INE385F01024,B,742.25,10217,7646676.0,True
512344,ARAVALIS,ARAVALI SECURITIES & FINANCE L,INE068C01015,X,4.85,12,58.0,False
512345,LEXGLOBAL,LEXORA GLOBAL LIMITED,INE745A01012,XT,101.95,1000,101950.0,False
512359,SWORDEDGE,SWORD-EDGE COMMERCIALS LIMITED,INE093G01022,X,0.29,979878,286738.0,False
512361,CUPIDALBV,CUPID BREWERIES AND DISTILLERI,INE108G01010,X,23.65,48728,1152417.0,False
512377,MAGANTR,MAGNANIMOUS TRADE & FINANCE LT,INE664N01018,XT,0.26,5698,1481.0,False
512379,CRSL,CRESSANDA RAILWAY SOLUTIONS LI,INE716D01033,T,2.19,107591,236499.0,True
512381,STARTECK,STARTECK FINANCE LIMITED,INE992I01013,B,298.95,21,6192.0,True
512393,SHARDUL,SHARDUL SECURITIES LTD.,INE037B01020,T,57.76,12570,723457.0,True
512399,SERA,SERA INVESTMENTS & FINANCE IND,INE017I01027,X,58.64,216522,12639634.0,False
512415,MERCTRD,MERCURY TRADE LINKS LTD.,INE319T01016,X,3.61,34231,128761.0,False
512437,APOLLOFI,APOLLO FINVEST (INDIA) LTD.,INE412D01013,XT,515.0,875,457244.0,False
512441,ENBETRD,Enbee Trade &amp; Finance Ltd,INE993I01029,X,0.26,6121956,1549538.0,False
512443,GANONPRO,Ganon Products Limited,INE162L01017,X,6.39,142675,944828.0,False
512453,SHRJAGP,SHRI JAGDAMBA POLYMERS LTD.,INE564J01026,B,674.95,845,573040.0,True
512455,LLOYDSME,LLOYDS METALS AND ENERGY LTD.,INE281B01032,A,1778.1,99696,178379275.0,True
512463,LLOYDSENT,LLOYDS ENTERPRISES LIMITED,INE080I01025,A,77.98,244376,18863910.0,True
512477,BETXIND,BETEX INDIA LTD.,INE765L01017,X,500.0,58,29114.0,False
512485,DHANCOT,DHANLAXMI COTEX LTD.,INE977F01010,XT,128.3,1,128.0,False
512489,OASISEC,OASIS SECURITIES LTD.,INE876A01023,XT,13.94,16286,227632.0,False
512493,GARNETINT,GARNET INTERNATIONAL LTD.,INE590B01010,X,49.87,2614,133892.0,False
512499,SHALPRO,SHALIMAR PRODUCTIONS LTD.,INE435E01020,XT,0.24,831038,195606.0,False
512519,DONEAR,DONEAR INDUSTRIES LTD.,INE668D01028,B,79.95,83,6625.0,True
512527,SUPER,SUPER SALES INDIA LTD.,INE091C01017,XT,1078.15,131,141283.0,False
512529,VIYASH,VIYASH SCIENTIFIC LIMITED,INE807F01027,A,231.8,196550,45372658.0,True
512531,STCINDIA,STATE TRADING CORPORATION OF I,INE655A01013,B,106.75,540,57844.0,True
512559,KOHINOOR,KOHINOOR FOODS LTD.,INE080B01012,B,30.01,28115,848838.0,True
512573,AVANTIFEED,AVANTI FEEDS LTD.,INE871C01038,A,710.9,38703,27569550.0,True
512587,ZODJRDMKJ,ZODIAC-JRD-MKJ LTD.,INE077B01018,X,32.19,2907,93294.0,False
512589,SITAENT,SITA ENTERPRISES LTD.,INE579D01019,X,139.95,4761,672794.0,False
512591,PULSRIN,PULSAR INTERNATIONAL LTD.,INE183U01022,X,0.39,2379593,931503.0,False
512595,KDGREEN,KD Green Industries Limited,INE348N01042,B,47.08,1945,93027.0,True
512599,ADANIENT,ADANI ENTERPRISES LTD.,INE423A01024,A,2824.3,57255,162633003.0,True
512600,ASTALLTD,ASTAL LABORATORIES LIMITED,INE307N01014,X,69.54,2708,188441.0,False
512608,BHANDARI,BHANDARI HOSIERY EXPORTS LTD.,INE474E01029,B,2.83,18449,52520.0,True
512618,RLF,RLF LTD.,INE629C01014,X,9.49,200,1898.0,False
512624,REGENTRP,Regent Enterprises Limited,INE769D01016,X,5.19,27297,142799.0,False
512626,ORBTEXP,ORBIT EXPORTS LTD.,INE231G01010,B,244.0,869,216851.0,True
512634,SAVERA,SAVERA INDUSTRIES LTD.,INE104E01014,X,160.1,5131,821975.0,False
513005,CHROME,Chrome Silicon Limited,INE114E01013,X,39.73,47,1875.0,False
513023,NAVA,NAVA LIMITED,INE725A01030,A,552.25,13931,7653467.0,True
513043,REMIEDEL,REMI EDELSTAHL TUBULARS LIMITE,INE158G01015,X,210.15,5158,1108754.0,False
513059,GSAUTO,G.S.AUTO INTERNATIONAL LTD.,INE736H01024,XT,17.9,9440,169551.0,False
513063,TRANSFRE,TRANS-FREIGHT CONTAINERS LTD.,INE360D01014,X,17.98,3706,67179.0,False
513097,SBCL,SHIVALIK BIMETAL CONTROLS LTD.,INE386D01027,B,1065.05,18256,19660529.0,True
513108,GANDHITUBE,GANDHI SPECIAL TUBES LTD.,INE524B01027,B,980.5,1662,1620602.0,True
513117,AMFORG,AMFORGE INDUSTRIES LTD.,INE991A01020,X,5.88,261,1522.0,False
513119,ONIXSOLAR,ONIX SOLAR ENERGY LIMITED,INE173M01012,B,341.15,23466,8001476.0,True
513121,ORICONENT,ORICON ENTERPRISES LTD.,INE730A01022,B,49.13,457,22624.0,True
513173,STLSTRINF,STEEL STRIPS INFRASTRUCTURES L,INE205F01016,B,22.12,2332,51598.0,True
513228,PENIND,PENNAR INDUSTRIES LTD.,INE932A01024,A,173.45,47985,8459792.0,True
513250,JYOTISTRUC,JYOTI STRUCTURES LTD.,INE197A01024,B,8.91,408920,3601050.0,True
513252,JAYUSH,JAY USHIN LTD.,INE289D01015,X,775.6,1168,884322.0,False
513262,SSWL,STEEL STRIPS WHEELS LTD.,INE802C01033,B,390.85,181807,71820956.0,True
513269,MANINDS,MAN INDUSTRIES (INDIA) LTD.,INE993A01026,B,922.8,98031,89112532.0,True
513295,IMEC,IMEC SERVICES LIMITED,INE611C01020,X,88.39,952,87258.0,False
513303,MDRNSTL,MODERN STEELS LTD.,INE001F01019,X,14.14,3108,45576.0,False
513307,BELDING,BELDING INDIA LIMITED,INE363L01045,B,898.25,88451,77363565.0,False
513337,GUJTLRM,GUJARAT TOOLROOM LTD.,INE145J01032,B,0.41,2365706,972404.0,False
513343,GFSTEELS,GRAND FOUNDRY LTD.,INE534A01028,T,33.99,7852,266889.0,True
513349,AJMERA,AJMERA REALTY & INFRA INDIA LT,INE298G01035,B,119.35,15097,1780286.0,True
513353,COCHINM,COCHIN MINERALS & RUTILE LTD.,INE105D01013,X,293.4,3677,1091200.0,False
513361,INDIAHOMES,India Homes Limited,INE072A01029,X,26.61,568440,14802974.0,False
513369,KVFORGE,KRISHANVEER FORGE LIMITED,INE013J01016,XT,135.5,515,69560.0,False
513375,CARBORUNIV,CARBORUNDUM UNIVERSAL LTD.,INE120A01034,A,1239.95,23043,28846841.0,True
513377,MMTC,MMTC LTD.,INE123F01029,B,56.19,156036,8747799.0,True
513397,VALLABHSQ,VALLABH STEELS LTD.,INE457E01016,XT,8.6,311,2674.0,False
513418,SMFIL,SMITHS & FOUNDERS (INDIA) LIMI,INE728B01032,XT,8.91,28766,258770.0,False
513430,MAITRI,Maitri Enterprises Limited,INE501L01024,X,37.5,2,75.0,False
513436,SHAHALLOYS,SHAH ALLOYS LTD.,INE640C01011,T,86.0,612,51455.0,True
513456,KANSHST,KANISHK STEEL INDUSTRIES LTD.,INE791E01018,X,42.66,768,33614.0,False
513460,MAHALXSE,MAHALAXMI SEAMLESS LTD.,INE257F01017,Z,9.95,1637,15834.0,False
513472,SIMPLEXCAS,SIMPLEX CASTINGS LTD.,INE658D01029,X,129.2,230731,29638875.0,False
513488,SSWRL,SHREE STEEL WIRE ROPES LTD.,INE387D01025,XT,23.5,534,12475.0,False
513496,SIZEMASTER,SIZEMASTERS TECHNOLOGY LIMITED,INE235U01012,XT,418.6,2106,855354.0,False
513498,SOUTHMG,SOUTHERN MAGNESIUM & CHEMICALS,INE308N01012,X,77.19,267,21131.0,False
513502,BAROEXT,BARODA EXTRUSION LTD.,INE927K01023,X,9.18,243371,2233478.0,False
513507,GUJCONT,GUJARAT CONTAINERS LTD.,INE276I01011,P,171.2,2000,342400.0,False
513509,KALYANIFRG,KALYANI FORGE LTD.,INE314G01014,T,952.95,240,230339.0,True
513511,PANCHMAHQ,PANCHMAHAL STEEL LTD.,INE798F01010,B,278.5,1089,310054.0,True
513513,ADITYA,ADITYA ISPAT LTD.,INE570B01012,X,8.1,1002,7959.0,False
513517,STEELCAS,STEELCAST LTD.,INE124E01038,B,356.85,28686,10166205.0,True
513519,PITTIENG,PITTI ENGINEERING LIMITED,INE450D01021,B,1123.75,5563,6204375.0,True
513528,GLITTEKG,GLITTEK GRANITES LTD.,INE741B01027,XT,79.87,10789,862032.0,False
513532,PRADPME,PRADEEP METALS LTD.,INE770A01010,T,445.0,1763,801655.0,True
513536,GNRL,GUJARAT NATURAL RESOURCES LIMI,INE207H01018,B,96.97,32159,3121821.0,True
513544,MSCTC,MARDIA SAMYOUNG CAPILLARY TUBE,INE277E01026,XT,50.94,88,4506.0,False
513548,SHRDAIS,SHARDA ISPAT LTD.,INE385M01012,X,163.0,1,163.0,False
513554,MAHASTEEL,MAHAMAYA STEEL INDUSTRIES LTD.,INE451L01014,T,1185.65,104,120833.0,True
513566,NOVIS,NOVA IRON & STEEL LTD.,INE608C01026,XT,12.75,2281,30104.0,False
513575,STERPOW,STERLING POWERGENSYS LTD,INE067E01013,X,22.82,3632,82751.0,False
513599,HINDCOPPER,HINDUSTAN COPPER LTD.,INE531E01026,A,461.95,1154681,529965826.0,True
513629,TULSYAN,TULSYAN NEC LTD.,INE463D01016,X,28.63,1822,52240.0,False
513642,AXELPOLY,AXEL POLYMERS LTD.,INE197C01012,X,43.69,654,28159.0,False
513683,NLCINDIA,NLC India Limited,INE589A01014,A,253.0,68632,17523680.0,True
513687,SPECTRA,SPECTRA INDUSTRIES LTD.,INE848B01012,Z,3.92,804,3095.0,False
513693,KAJARIR,KIC METALIKS LTD.,INE434C01027,X,29.14,1646,48778.0,False
513699,SOLIDSTON,SOLID STONE COMPANY LTD.,INE584G01012,X,26.0,527,14092.0,False
513709,SHILGRAVQ,SHILP GRAVURES LTD.,INE960A01017,B,138.0,197,27164.0,True
513713,WHITEORG,White Organic Agro Limited,INE146C01019,X,3.49,161332,562877.0,False
513721,MFSINTRCRP,MFS INTERCORP LTD.,INE614F01019,X,12.69,835,10310.0,False
513729,AROGRANITE,ARO GRANITE INDUSTRIES LTD.,INE210C01013,B,22.5,742,17178.0,True
514010,RUDRAECO,RUDRA ECOVATION LIMITED,INE723D01021,XT,22.35,40604,913773.0,False
514028,RAJKSYN,RAJKAMAL SYNTHETICS LTD.,INE376L01013,X,20.98,3,60.0,False
514030,DEEPAKSP,DEEPAK SPINNERS LTD.,INE272C01013,X,147.4,4096,593649.0,False
514036,LOYALTEX,LOYAL TEXTILE MILLS LTD.,INE970D01010,B,205.2,1,205.0,True
514043,HIMATSEIDE,HIMATSINGKA SEIDE LTD.,INE049A01027,B,64.22,42030,2697685.0,True
514045,BSL,BSL LTD.,INE594B01012,B,118.1,500,59102.0,True
514060,NEWTRAC,NEWTRAC FOODS & BEVERAGES LIMI,INE229N01010,XT,4.54,48727,215701.0,False
514087,PBMPOLY,PBM POLYTEX LTD.,INE501F01018,B,63.99,28,1791.0,True
514113,ADINATH,ADINATH TEXTILES LTD.,INE207C01019,X,22.5,222,4929.0,False
514138,SURYALA,SURYALATA SPINNING MILLS LTD.,INE132C01027,B,379.95,31,11631.0,True
514142,TTL,T T LTD.,INE592B01024,B,7.91,24285,192088.0,True
514162,WELSPUNLIV,WELSPUN LIVING LIMITED,INE192B01031,A,239.05,1386326,329638573.0,True
514165,INDIANACRY,INDIAN ACRYLICS LTD.,INE862B01013,X,5.65,31101,175759.0,False
514167,GANECOS,GANESHA ECOSPHERE LTD.,INE845D01014,B,974.45,1350,1326382.0,True
514171,CEETAIN,CEETA INDUSTRIES LTD.,INE760J01012,X,37.8,128,4725.0,False
514175,VARDMNPOLY,VARDHMAN POLYTEX LTD.,INE835A01029,B,5.7,43244,248158.0,True
514177,IMPERA,IMPERA WORLDWIDE LIMITED,INE351D01013,XT,68.5,5,342.0,False
514183,BLACKROSE,BLACK ROSE INDUSTRIES LTD.,INE761G01016,B,110.9,6146,696142.0,True
514197,STCORP,S&T CORPORATION LTD.,INE110Q01023,X,3.91,2645,10384.0,False
514211,SUMEETINDS,SUMEET INDUSTRIES LTD.,INE235C01036,B,10.45,74993,791594.0,True
514223,RAMGOPOLY,RAMGOPAL POLYTEX LTD.,INE410D01017,XT,29.99,269,8067.0,False
514234,SANGAMIND,SANGAM (INDIA) LTD.,INE495C01010,B,633.5,4599,2875777.0,True
514238,MKVENTURES,MKVENTURES CAPITAL LIMITED,INE874A01010,X,1044.8,633,668662.0,False
514240,KUSHIND,Kush Industries Limited,INE979D01011,X,5.91,4135,24584.0,False
514248,SRECR,SREECHEM RESINS LTD.,INE377C01010,P,27.67,100,2767.0,False
514260,SURBHIN,SURBHI INDUSTRIES LTD.,INE899E01019,XT,90.0,1258,110724.0,False
514264,SEASONST,SEASONS TEXTILES LTD.,INE707B01010,X,17.49,4,68.0,False
514266,ZENIFIB,ZENITH FIBRES LTD.,INE106C01013,X,63.47,12960,858783.0,False
514272,BHILSPIN,BHILWARA SPINNERS LTD.,INE436C01014,X,124.3,1138,142580.0,False
514274,VGL,VARVEE GLOBAL LIMITED,INE273D01027,B,63.06,3315,210332.0,True
514280,SANTETX,SANRHEA TECHNICAL TEXTILES LTD,INE589J01015,X,149.55,1601,248286.0,False
514286,ASHIMASYN,ASHIMA LTD.,INE440A01010,B,15.36,31530,494831.0,True
514300,PIONEEREMB,PIONEER EMBROIDERIES LTD.,INE156C01018,B,20.0,1215,24362.0,True
514302,VIPPYSP,VIPPY SPINPRO LTD.,INE660D01017,X,181.7,643,110867.0,False
514312,JAIHIND,JAIHIND INDUSTRIES LIMITED,INE156E01014,X,46.75,2911,136246.0,False
514316,RAGHUSYN,RAGHUVIR SYNTHETICS LTD.,INE969C01022,X,78.35,7575,604847.0,False
514318,JATTAINDUS,JATTASHANKAR INDUSTIES LTD.,INE722N01014,X,594.45,144,86344.0,False
514324,OMNITEX,OMNITEX INDUSTRIES (INDIA) LTD,INE814D01010,X,744.7,1207,893813.0,False
514326,PATSPINLTD,PATSPIN INDIA LTD.,INE790C01014,X,6.06,9282,54486.0,False
514330,ONEGLOBAL,ONE GLOBAL SERVICE PROVIDER LI,INE670O01013,B,527.6,2961,1545673.0,True
514332,NEOINFRA,NEO INFRACON LTD.,INE216I01017,X,42.75,213,9189.0,False
514336,CCME,CCME GLOBAL LIMITED,INE194N01016,XT,41.51,78,3237.0,False
514354,PREMIERPOL,PREMIER POLYFILM LTD.,INE309M01020,B,90.9,43213,3883681.0,True
514358,EVERFIN,EVERLON FINANCIALS LIMITED,INE339D01034,X,109.1,23,2484.0,False
514360,KRRAIL,K&R RAIL ENGINEERING LIMITED,INE078T01026,X,17.7,63124,1126179.0,False
514378,YARNSYN,YARN SYNDICATE LTD.,INE564C01013,X,12.94,1383,17313.0,False
514386,GUJCOTEX,GUJARAT COTEX LTD.,INE004C01028,X,2.43,1998164,4856075.0,False
514400,GARWSYN,GARWARE SYNTHETICS LTD.,INE340D01016,X,19.02,1714,31577.0,False
514402,ECOHOTELS,ECO HOTELS AND RESORTS LIMITED,INE638N01012,X,10.72,5231,56634.0,False
514414,OXFORDIN,OXFORD INDUSTRIES LTD.,INE114D01015,XT,12.47,64,798.0,False
514418,MANORG,MANGALAM ORGANICS LIMITED,INE370D01013,B,437.3,408,176859.0,True
514428,HINDADH,HINDUSTAN ADHESIVES LTD.,INE074C01013,B,389.25,68,25833.0,True
514440,BPAGRI,Blue Pearl Agriventures Limite,INE439N01031,B,7.02,83495,619274.0,False
514442,SRIKPRIND,SRI KPR INDUSTRIES LTD.,INE009C01019,T,27.49,119,3315.0,True
514448,JYOTIRES,JYOTI RESINS & ADHESIVES LTD.,INE577D01013,B,837.25,3044,2547697.0,True
514450,MHLXMIRU,MAHALAXMI RUBTECH LTD.,INE112D01035,T,175.7,677,118500.0,True
514454,SOUTLAT,SOUTHERN LATEX LTD.,INE410M01018,XT,30.0,99,2967.0,False
514470,WINSOMTX,WINSOME TEXTILE INDUSTRIES LTD,INE837B01031,X,78.1,68163,5346530.0,False
515008,MODINSU,MODERN INSULATORS LTD.,INE219W01012,T,423.4,21174,9053477.0,False
515018,REGENCERAM,REGENCY CERAMICS LTD.,INE277C01012,B,32.09,455,14725.0,True
515030,ASAHIINDIA,ASAHI INDIA GLASS LTD.,INE439A01020,A,944.5,6715,6346025.0,True
515037,MURUDCERA,MURUDESHWAR CERAMICS LTD.,INE692B01014,B,28.0,299,8566.0,True
515043,SEKURITIND,SAINT-GOBAIN SEKURIT INDIA LTD,INE068B01017,B,108.9,5361,595742.0,True
515055,ANANTRAJ,ANANT RAJ LIMITED,INE242C01024,A,579.2,125573,72929256.0,True
515059,MADHUDIN,MADHUSUDAN INDUSTRIES LTD.,INE469C01023,X,33.11,703,23944.0,False
515085,RESTILE,RESTILE CERAMICS LTD.,INE298E01022,X,7.53,84064,674062.0,False
515093,MADHAV,MADHAV MARBLES & GRANITES LTD.,INE925C01016,B,36.46,1710,62195.0,True
515147,HALDYNGL,HALDYN GLASS LTD,INE506D01020,B,146.65,21256,3157975.0,True
516003,DUROPLY,DUROPLY INDUSTRIES LIMITED,INE932D01010,X,97.1,2525,248103.0,False
516016,SHREYANIND,SHREYANS INDUSTRIES LTD.,INE231C01019,B,124.65,411,52833.0,True
516020,AGIOPAPER,AGIO PAPER & INDUSTRIES LTD.,INE112C01011,X,3.7,30,111.0,False
516022,STARPAPER,STAR PAPER MILLS LTD.,INE733A01018,B,153.0,462,70749.0,True
516030,PAKKA,PAKKA LIMITED,INE551D01018,B,72.75,1828,130345.0,True
516032,TAHMARENT,TAHMAR ENTERPRISES LIMITED,INE385D01029,X,4.06,81213,329715.0,False
516038,KSSMART,KS Smart Technologies Limited,INE737E01011,B,90.0,6712,611333.0,False
516062,NATPLY,NATIONAL PLYWOOD INDUSTRIES LT,INE497C01016,Z,2.63,530,1393.0,False
516064,ARROWGREEN,Arrow Greentech Limited,INE570D01018,B,866.0,2130,1822250.0,True
516072,VISHNU,VISHNU CHEMICALS LTD.,INE270I01022,B,658.7,4127,2707685.0,True
516078,JUMBO,JUMBO BAG LTD.,INE699D01015,XT,92.6,10938,1014401.0,False
516082,NRAIL,N.R.AGARWAL INDUSTRIES LTD.,INE740D01017,B,663.7,1225,811917.0,True
516092,3PLAND,3P LAND HOLDINGS LTD.,INE105C01023,B,29.7,1042,31504.0,True
516096,SANPA,SANGAL PAPERS LTD.,INE384D01022,X,192.0,1253,241583.0,False
516098,VENTURA,VENTURA TEXTILES LTD.,INE810C01044,X,8.06,427,3266.0,False
516106,SHKARTP,SHREE KARTHIK PAPERS LTD.,INE538D01015,X,7.65,2393,17443.0,False
516108,STHINPA,SOUTH INDIA PAPER MILLS LTD.,INE088G01014,X,118.0,8829,1033556.0,False
516110,FAMILYCARE,FAMILY CARE HOSPITALS LIMITED,INE146N01016,X,1.76,106060,192738.0,False
517015,VINDHYATEL,VINDHYA TELELINKS LTD.,INE707A01012,B,2615.75,2719,7150783.0,True
517035,RIR,RIR POWER ELECTRONICS LIMITED,INE302D01024,B,177.05,103889,18654047.0,True
517041,ADOR,ADOR WELDING LTD.,INE045A01017,B,1570.4,1912,2995783.0,True
517059,SALZERELEC,SALZER ELECTRONICS LTD.,INE457F01013,B,530.3,3603,1912451.0,True
517063,JETKINGQ,JETKING INFOTRAIN LTD.,INE919C01019,X,120.1,6912,824609.0,False
517096,APLAB,APLAB LTD.,INE273A01015,X,71.81,2352,165495.0,False
517119,PCS,PCS TECHNOLOGY LTD.,INE834B01012,X,22.43,5217,117825.0,False
517146,USHAMART,USHA MARTIN LTD.,INE228A01035,A,491.8,46200,22590705.0,True
517168,SUBROS,SUBROS LTD.,INE287B01021,B,686.1,2427,1663348.0,True
517170,EDVENSWA,Edvenswa Enterprises Limited,INE125G01014,X,21.97,8110,177819.0,False
517172,PERVASIVE,Pervasive Commodities Limited,INE443P01038,XT,12.1,200,2420.0,False
517174,HONAUT,HONEYWELL AUTOMATION INDIA LTD,INE671A01010,A,33499.55,157,5249506.0,True
517201,SWITCHTE,SWITCHING TECHNOLOGIES GUNTHER,INE311D01017,XT,165.0,6861,1124509.0,False
517206,LUMAXIND,LUMAX INDUSTRIES LTD.,INE162B01018,B,5551.2,810,4421648.0,True
517214,DIGISPICE,DIGISPICE TECHNOLOGIES LIMITED,INE927C01020,B,14.87,1674,24907.0,True
517230,AURIQUE,AURIQUE LIMITED,INE766A01026,XT,39.16,83,3250.0,False
517236,CALCOM,CALCOM VISION LTD.,INE216C01010,X,64.0,2904,185203.0,False
517238,DYNAVSN,DYNAVISION LTD.,INE083E01010,X,239.6,149,33403.0,False
517246,BCCFUBA,BCC FUBA INDIA LTD.,INE788D01016,XT,317.55,51985,16275043.0,False
517258,PRECISIO,PRECISION ELECTRONICS LTD.,INE143C01024,XT,191.0,197,37627.0,False
517264,FINELINE,FINE-LINE CIRCUITS LTD.,INE087E01011,X,62.69,1278,79325.0,False
517271,HBLENGINE,HBL ENGINEERING LIMITED,INE292B01021,A,779.4,79317,61527422.0,True
517273,S&SPOWER,S&S POWER SWITCHGEAR LTD.,INE902B01017,B,299.4,250,75683.0,True
517286,RNITAI,RNIT AI SOLUTIONS LIMITED,INE335Q01026,XT,111.95,187740,20807752.0,False
517288,GUJARATPOLY,Gujarat Poly Electronics Limit,INE541F01022,X,56.94,706,39058.0,False
517300,GIPCL,GUJARAT INDUSTRIES POWER CO.LT,INE162A01010,B,174.95,42691,7493103.0,True
517320,MAGNUS,MAGNUS STEEL AND INFRA LIMITED,INE898E01011,XT,31.81,7620,242392.0,False
517334,MOTHERSON,Samvardhana Motherson Internat,INE775A01035,A,157.5,2887298,460227816.0,True
517336,MODMA,MODERN MALLEABLES LTD.,INE834C01028,P,34.0,500,17000.0,False
517344,MINDTECK,MINDTECK (INDIA) LTD.,INE110B01017,B,151.8,2350,354701.0,True
517354,HAVELLS,HAVELLS INDIA LTD.,INE176B01034,A,1040.6,160983,166760775.0,True
517356,ACIIN,ACI INFOCOM LTD.,INE167B01025,XT,2.52,188143,474016.0,False
517360,SBECSYS,SBEC SYSTEMS (INDIA) LTD.,INE689V01018,X,19.0,352,6438.0,False
517370,INCAP,INCAP LTD.,INE437C01012,X,78.5,251,19806.0,False
517372,GUJINTRX,GUJARAT INTRUX LTD.,INE877E01015,X,426.2,1893,797726.0,False
517380,IGARASHI,IGARASHI MOTORS INDIA LTD.,INE188B01013,B,399.25,3092,1221117.0,True
517385,SYMPHONY,SYMPHONY LIMITED,INE225D01027,B,571.0,2989,1718752.0,True
517393,REGANTO,REGANTO ENTERPRISES LIMITED,INE043B01028,Z,3.57,157842,562731.0,False
517397,PANELEC,PAN ELECTRONICS INDIA LTD.,INE648E01010,X,25.26,151,3777.0,False
517399,VXLINSTR,VXL INSTRUMENTS LTD.,INE756A01019,XT,5.47,36671,211363.0,False
517411,SHYAMTEL,SHYAM TELECOM LTD.,INE635A01023,B,10.57,169,1789.0,True
517415,LEENEE,LEE & NEE SOFTWARES (EXPORTS),INE791B01014,T,7.39,1912,14114.0,True
517417,PATELSAI,PATELS AIRTEMP (INDIA) LTD.,INE082C01024,XT,367.6,7891,2924086.0,False
517421,BUTTERFLY,BUTTERFLY GANDHIMATHI APPLIANC,INE295F01017,B,553.9,2334,1270347.0,True
517429,ATHENAGLO,Athena Global Technologies Lim,INE576B01019,X,55.0,2,111.0,False
517431,NARMP,NARMADA MACPLAST DRIP IRRIGATI,INE060D01028,X,22.55,81168,1837190.0,False
517437,DUTRON,DUTRON POLYMERS LTD.,INE940C01015,X,103.0,8,828.0,False
517447,RSSOFTWARE,R.S.SOFTWARE INDIA LTD.,INE165B01029,B,29.91,473,14148.0,True
517449,MAGNAELQ,MAGNA ELECTRO CASTINGS LTD.,INE437D01010,X,1300.35,2699,3559145.0,False
517467,MARSONS,MARSONS LIMITED,INE415B01044,B,114.25,44741,5147671.0,True
517477,ELNET,ELNET TECHNOLOGIES LTD.,INE033C01019,X,298.0,2444,733139.0,False
517494,ACCEL,ACCEL LIMITED,INE258C01038,X,12.0,2940,35408.0,False
517498,WEBELSOLAR,WEBSOL ENERGY SYSTEM LTD.,INE855C01023,A,68.73,265223,18196804.0,True
517500,ROTO,ROTO PUMPS LTD.,INE535D01037,B,62.63,28721,1793121.0,True
517506,TTKPRESTIG,TTK PRESTIGE LTD.,INE690A01028,B,506.85,2843,1437760.0,True
517514,DHINDIA,D&H INDIA LTD,INE589D01018,X,200.1,4795,965527.0,False
517522,RAJRATAN,RAJRATAN GLOBAL WIRE LTD.,INE451D01029,B,452.75,5270,2375456.0,True
517530,SURANAT&P,SURANA TELECOM AND POWER LIMIT,INE130B01031,B,15.78,3351,53078.0,True
517536,ONWARDTEC,ONWARD TECHNOLOGIES LTD.,INE229A01017,B,292.2,1858,540765.0,True
517544,CENTUM,CENTUM ELECTRONICS LTD.,INE320B01020,B,4699.5,6701,31462873.0,True
517546,ALFATRAN,ALFA TRANSFORMERS LTD.,INE209C01015,X,37.95,10082,382515.0,False
517554,NHCFOODS,NHC FOODS LTD.,INE141C01036,XT,1.78,12640855,22602455.0,False
517556,PVP,PVP VENTURES LTD.,INE362A01016,B,50.54,137195,6960750.0,True
517562,TRIGYN,TRIGYN TECHNOLOGIES LTD.,INE948A01012,B,51.68,9696,503980.0,True
517569,KEI,KEI INDUSTRIES LTD.,INE878B01027,A,4508.0,16047,72080574.0,True
518011,KEERTHI,KEERTHI INDUSTRIES LTD.,INE145L01012,X,40.4,2588,104214.0,False
518053,SRICC,Sri Chakra Cement Limited,INE827D01020,X,32.82,494,16213.0,False
518075,SURAJ,SURAJ PRODUCTS LTD.,INE069E01019,X,248.0,6615,1631654.0,False
518091,APCL,ANJANI PORTLAND CEMENT LTD.,INE071F01012,B,95.89,188,17647.0,True
519003,MODINATUR,MODI NATURALS LIMITED,INE537F01012,B,320.0,76,24749.0,True
519014,PRSNTIN,PRASHANT INDIA LTD.,INE100E01012,X,15.0,1,15.0,False
519031,SHAHFOOD,SHAH FOODS LTD.,INE455D01012,XT,328.7,410,135149.0,False
519091,TASTYBITE,TASTY BITE EATABLES LTD.,INE488B01017,B,9474.65,153,1435192.0,True
519097,RITESHIN,RITESH INTERNATIONAL LTD.,INE534D01014,XT,86.35,6172,531667.0,False
519105,AVTNPL,AVT NATURAL PRODUCTS LTD.,INE488D01021,B,87.91,12982,1141566.0,True
519126,HNDFDS,HINDUSTAN FOODS LTD.,INE254N01026,B,575.3,4664,2680906.0,True
519136,NAHARINDUS,NAHAR INDUSTRIAL ENTERPRISES L,INE289A01011,B,128.0,2903,370963.0,True
519152,VADILENT,VADILAL ENTERPRISES LTD.,INE693D01018,B,9900.0,21,210397.0,True
519156,VADILALIND,VADILAL INDUSTRIES LTD.,INE694D01016,B,7188.0,329,2363068.0,True
519183,ADFFOODS,ADF FOODS LTD.,INE982B01027,B,280.5,13001,3570816.0,True
519191,RGRL,Retro Green Revolution Limited,INE601N01010,Z,1.24,17350,20855.0,False
519214,WILLIMFI,WILLIAMSON FINANCIAL SERVICES,INE188E01017,X,4.05,355,1512.0,False
519216,AJANTSOY,AJANTA SOYA LTD.,INE601B01023,X,21.46,61008,1337535.0,False
519224,WILLAMAGOR,WILLIAMSON MAGOR & COMPANY LTD,INE210A01017,B,21.11,2157,46776.0,True
519230,KISAAN,KISAAN PARIVAR INDUSTRIES LIMI,INE102C01020,X,9.77,2760,26815.0,False
519234,SIEL,SUPERIOR INDUSTRIAL ENTERPRISE,INE843L01012,B,30.06,212,6390.0,True
519238,SPTRSHI,SAPTARISHI AGRO INDUSTRIES LTD,INE233P01017,XT,30.2,2742,78012.0,False
519242,FRESITA,FRESITA PROTEINS LIMITED,INE995U01011,XT,142.3,24186,3616418.0,False
519260,SANWARIA,SANWARIA CONSUMER LIMITED,INE890C01046,Z,0.49,2614,1280.0,True
519262,PRIMAGR,PRIMA AGRO LTD.,INE297D01018,X,15.6,3,46.0,False
519287,MODAIRY,MODERN DAIRIES LTD.,INE617B01011,XT,53.96,114999,6106626.0,False
519295,BAMBINO,BAMBINO AGRO INDUSTRIES LTD.,INE921D01013,X,248.9,2307,562474.0,False
519299,PRIMIND,PRIME INDUSTRIES LTD.,INE543F01028,XT,92.65,588604,53716217.0,False
519307,VIKASWSP,VIKAS WSP LTD.,INE706A01022,Z,0.81,258102,219543.0,False
519331,VSFPROJ,VSF PROJECTS LTD.,INE923K01014,X,33.27,4137,142184.0,False
519359,POONADAL,POONA DAL & OIL INDUSTRIES LTD,INE809E01018,X,58.0,420,24515.0,False
519367,TRANSFD,TRANSGLOBE FOODS LTD.,INE213P01027,X,425.0,37,15201.0,False
519383,ANIKINDS,ANIK INDUSTRIES LTD.,INE087B01017,B,44.1,1979,86696.0,True
519397,SHINDL,SHARAT INDUSTRIES LTD.,INE220Z01013,B,159.0,5893,926662.0,True
519421,KSE,KSE LTD.,INE953E01022,B,175.0,4422,776013.0,True
519457,VIRATCRA,VIRAT CRANE INDUSTRIES LTD.,INE295C01014,X,34.99,1978,65965.0,False
519463,IBINFO,IB INFOTECH ENTERPRISES LTD.,INE678B01039,X,31.75,1816,57966.0,False
519471,AMBARPIL,Ambar Protein Industries Limit,INE072V01017,XT,195.0,54,10531.0,False
519477,CIANAGRO,CIAN Agro Ind & Infra Ltd,INE052V01019,B,1015.75,97610,99895577.0,False
519479,OMEAG,OMEGA AG-SEEDS (PUNJAB) LTD.,INE112B01013,X,9.04,237,2129.0,False
519483,TAIIND,TAI INDUSTRIES LTD.,INE358D01018,X,25.67,1031,26586.0,False
519494,NKIND,N.K.INDUSTRIES LTD.,INE542C01019,B,61.77,832,51022.0,True
519500,BKV,BKV INDUSTRIES LTD.,INE356C01022,X,8.57,625,5564.0,False
519506,NCCBLUE,NCC BLUE WATER PRODUCTS LTD.,INE630N01019,P,26.0,2000,51450.0,False
519528,NORBTEAEXP,NORBEN TEA & EXPORTS LTD.,INE369C01017,B,68.9,221,15216.0,True
519532,ASIANTNE,ASIAN TEA & EXPORTS LTD.,INE822B01017,B,8.6,6946,58814.0,True
519552,HERITGFOOD,HERITAGE FOODS LIMITED,INE978A01027,B,401.75,20673,8377702.0,True
519566,SIMRAN,SIMRAN FARMS LTD.,INE354D01017,X,171.1,2192,370094.0,False
519574,HINDUST,HINDUSTAN AGRIGENETICS LTD.,INE092301014,X,37.3,1742,68261.0,False
519600,CCL,CCL PRODUCTS (INDIA) LTD.,INE421D01022,A,1054.7,8355,8615219.0,True
519602,KELLTONTEC,KELLTON TECH SOLUTIONS LTD.,INE164B01030,B,12.41,350668,4371524.0,True
519604,SURFI,SURYO FOODS & INDUSTRIES LTD.,INE565E01016,X,19.09,578,11208.0,False
519606,INTEGFD,INTEGRATED PROTEINS LTD.,INE177M01021,XT,12.94,22806,295109.0,False
519612,LAKESHORE,LAKE SHORE REALTY LIMITED,INE734D01010,X,62.38,184,11577.0,False
520008,RICOAUTO,RICO AUTO INDUSTRIES LTD.,INE209B01025,B,121.75,88995,10866336.0,True
520021,OMAXAUTO,OMAX AUTOS LTD.,INE090B01011,B,202.65,9185,1804650.0,True
520043,MUNJALSHOW,MUNJAL SHOWA LTD.,INE577A01027,B,123.0,218,27180.0,True
520051,JAMNAAUTO,JAMNA AUTO INDUSTRIES LTD.,INE039C01032,A,132.05,130015,17162313.0,True
520056,TVSHLTD,TVS Holdings Limited,INE105A01035,A,11885.75,763,9047810.0,True
520057,JTEKTINDIA,JTEKT India Ltd,INE643A01035,B,115.85,3593,417520.0,True
520059,MUNJALAU,MUNJAL AUTO INDUSTRIES LTD.,INE672B01032,B,104.1,77200,8311935.0,True
520066,JAYBARMARU,JAY BHARAT MARUTI LTD.,INE571B01036,B,131.2,110553,14186415.0,True
520073,RACLGEAR,RACL Geartech Limited,INE704B01017,B,1541.15,3419,5320719.0,True
520075,SAMKRG,SAMKRG PISTONS & RINGS LTD.,INE706B01012,X,110.95,1214,135346.0,False
520086,SICALLOG,SICAL LOGISTICS LTD.,INE075B01020,T,86.9,1919,170768.0,True
520111,RATNAMANI,RATNAMANI METALS & TUBES LTD.,INE703B01027,A,2617.7,3677,9741557.0,True
520113,VESUVIUS,VESUVIUS INDIA LTD.,INE386A01023,A,404.9,26786,11037020.0,True
520119,ASAL,AUTOMOTIVE STAMPINGS & ASSEMBL,INE900C01027,B,427.2,403,172065.0,True
520121,ARCEEIN,ARCEE INDUSTRIES LTD.,INE276D01012,X,13.34,2202,28993.0,False
520123,ABCINDQ,ABC INDIA LTD.,INE125D01011,X,62.0,316,19717.0,False
520127,BALTE,BALURGHAT TECHNOLOGIES LTD.,INE654B01014,X,15.47,51813,820254.0,False
520131,COARO,COASTAL ROADWAYS LTD.,INE229E01019,P,21.8,100,2180.0,False
520141,SIBARAUT,SIBAR AUTO PARTS LTD.,INE441C01014,X,7.76,379,3004.0,False
520151,TRANSWORLD,TRANSWORLD SHIPPING LINES LIMI,INE757B01015,T,160.0,373,59724.0,True
520155,STARLOG,Starlog Enterprises Limited,INE580C01019,X,37.86,737,27704.0,False
521005,TITANIN,TITAN INTECH LIMITED,INE807M01031,X,0.95,4087217,3933972.0,False
521014,EUROTEXIND,EUROTEX INDUSTRIES & EXPORTS L,INE022C01012,B,13.2,9,118.0,True
521016,ICIL,INDO COUNT INDUSTRIES LTD.,INE483B01026,A,444.0,28738,12890398.0,True
521018,MARALOVER,MARAL OVERSEAS LTD.,INE882A01013,B,58.0,8675,497648.0,True
521034,SOMATEX,SOMA TEXTILES & INDUSTRIES LTD,INE314C01013,B,77.38,3258,252423.0,True
521036,SOURCEIND,SOURCE INDUSTRIES (INDIA) LTD.,INE695C01015,XT,69.99,200,13998.0,False
521048,ADVLIFE,ADVANCE LIFESTYLES LTD.,INE900E01015,X,26.75,140,3744.0,False
521054,KAKTEX,KAKATIYA TEXTILES LTD.,INE092E01011,X,7.94,35,277.0,False
521062,OCTAVE,PERFECT-OCTAVE MEDIA PROJECTS,INE814L01013,X,3.71,862,3189.0,False
521064,TRIDENT,TRIDENT LTD.,INE064C01022,A,22.2,597594,13257359.0,True
521068,HISARSP,HISAR SPINNING MILLS LTD.,INE689E01014,P,54.5,700,38250.0,False
521070,ALOKINDS,ALOK INDUSTRIES LTD.,INE270A01029,A,7.06,1584756,11167706.0,True
521080,PASARI,PASARI SPINNING MILLS LTD.,INE604F01010,X,6.7,456,3055.0,False
521097,AMARJOTHI,AMARJOTHI SPINNING MILLS LTD.,INE484D01012,B,149.75,320,47747.0,True
521105,OLYMPTX,OLYMPIA INDUSTRIES LTD.,INE482O01021,X,23.05,5284,122385.0,False
521109,NAGREEKEXP,NAGREEKA EXPORTS LTD.,INE123B01028,B,21.11,1940,41768.0,True
521113,SUDTIND-B,SUDITI INDUSTRIES LTD.,INE691D01012,X,66.86,16339,1078861.0,False
521131,SBFL,Shree Bhavya Fabrics Limited,INE363D01018,X,21.9,2,43.0,False
521137,EUREKAI,EUREKA INDUSTRIES LTD.,INE958A01011,XT,6.46,20329,131326.0,False
521141,ADITYASP,ADITYA SPINNERS LTD.,INE122D01026,X,14.2,348,4902.0,False
521149,PRIMEURB,PRIME URBAN DEVELOPMENT INDIA,INE419E01024,X,8.13,1585,12458.0,False
521163,ZODIACLOTH,ZODIAC CLOTHING CO.LTD.,INE206B01013,B,66.6,420,28094.0,True
521167,MAXGROW,MAXGROW INDIA LIMITED,INE485D01043,XT,167.15,6065,1013764.0,False
521178,SRMCL,SRI RAMAKRISHNA MILLS (COIMBAT,INE306D01017,X,62.02,3473,217626.0,False
521180,SUPERSPIN,SUPER SPINNING MILLS LTD.,INE662A01027,T,7.6,3352,26349.0,True
521194,SILINV,SIL INVESTMENTS LTD.,INE923A01015,B,429.0,146,62929.0,True
521200,SURYALAXMI,SURYALAKSHMI COTTON MILLS LTD.,INE713B01026,B,56.01,818,46779.0,True
521206,SAMTEX,SAMTEX FASHIONS LTD.,INE931D01020,X,1.32,32420,43082.0,False
521210,CITYMAN,CITYMAN LTD.,INE117C01010,X,14.25,328,4674.0,False
521216,DHANROTO,DHANALAXMI ROTO SPINNERS LTD.,INE220C01012,X,70.71,1166,81838.0,False
521220,DAMODARIND,DAMODAR INDUSTRIES LTD.,INE497D01022,T,26.0,2600,67855.0,True
521222,SANBLUE,SANBLUE CORPORATION LTD.,INE602D01027,X,28.1,15,421.0,False
521226,UNIROYAL,UNIROYAL INDUSTRIES LTD.,INE980D01019,X,23.88,5,124.0,False
521228,TATIAGLOB,TATIA GLOBAL VENNTURE LTD.,INE083G01031,X,2.07,24446,50760.0,False
521234,SRINACHA,SRI NACHAMMAI COTTON MILLS LTD,INE443E01016,X,26.4,3,79.0,False
521238,BGDL,BHARAT GLOBAL DEVELOPERS LIMIT,INE893C01032,B,108.7,36645,4038155.0,False
521240,SAMBANDAM,SAMBANDAM SPINNING MILLS LTD.,INE304D01012,B,106.4,70,7450.0,True
521244,MKPMOB,MKP Mobility Limited,INE676G01024,XT,238.0,1714,408885.0,False
521246,PARASPETRO,PARAS PETROFILS LTD.,INE162C01024,B,2.02,6013,12294.0,True
521248,KITEX,KITEX GARMENTS LTD.,INE602G01020,A,116.3,52122,6136056.0,True
522001,CRANEX,CRANEX LTD.,INE608B01010,XT,79.01,1318,102118.0,False
522004,BATLIBOI,BATLIBOI LTD.,INE177C01022,B,82.38,8562,693381.0,True
522005,AUSTENG,AUSTIN ENGINEERING CO.LTD.,INE759F01012,B,166.75,6230,1068235.0,True
522014,UNIDT,UNITED DRILLING TOOLS LTD.,INE961D01019,B,239.8,24308,5736580.0,True
522017,FLUIDOM,FLUIDOMAT LTD.,INE459C01016,X,720.75,4311,3120819.0,False
522027,EMAINDIA,EMA INDIA LTD.,INE279D01016,X,589.55,81,47753.0,False
522029,WINDMACHIN,WINDSOR MACHINES LTD.,INE052A01021,B,293.8,3231,945624.0,True
522034,SHANTIGEAR,SHANTHI GEARS LTD.,INE631A01022,B,572.25,8737,5179099.0,True
522036,MIVENMACH,MIVEN MACHINE TOOLS LTD.,INE338P01014,X,77.0,18,1386.0,False
522064,HONDAPOWER,HONDA INDIA POWER PRODUCTS LIM,INE634A01018,B,1906.6,386,729321.0,True
522073,HITECHGEAR,The Hi-Tech Gears Ltd,INE127B01011,T,593.25,50,30049.0,True
522074,ELGIEQUIP,ELGI EQUIPMENTS LTD.,INE285A01027,A,585.15,41578,24325303.0,True
522091,UVDRHOR,UNITED VAN DER HORST LTD.,INE890G01047,X,35.36,3104,105231.0,False
522101,KLBRENG-B,KILBURN ENGINEERING LTD.,INE338F01015,B,524.55,15162,7889128.0,True
522105,BIRLAPREC,BIRLA PRECISION TECHNOLOGIES L,INE372E01025,T,56.22,12373,705189.0,True
522108,YUKEN,YUKEN INDIA LTD.,INE384C01016,B,1125.95,334,369425.0,True
522113,TIMKEN,TIMKEN INDIA LTD.,INE325A01013,A,3101.25,1129,3503398.0,True
522122,VOITHPAPR,VOITH PAPER FABRICS INDIA LTD.,INE285C01015,B,1416.0,44,62068.0,True
522134,ARTSON,ARTSON LIMITED,INE133D01023,X,156.4,4973,773044.0,False
522150,ADTYFRG,ADITYA FORGE LTD.,INE281H01013,XT,34.6,32174,1113056.0,False
522152,SOLIMAC,SOLITAIRE MACHINE TOOLS LTD.,INE410A01013,X,90.0,2049,184071.0,False
522163,DIACABS,DIAMOND POWER INFRASTRUCTURE L,INE989C01038,T,346.45,55198,19129952.0,True
522165,INDSILHYD,INDSIL HYDRO POWER AND MANGANE,INE867D01018,X,38.01,9537,364957.0,False
522183,ITL,ITL INDUSTRIES LTD.,INE478D01014,B,363.0,88,30224.0,True
522195,FRONTSP,FRONTIER SPRINGS LTD.,INE572D01014,B,1416.75,3584,5057469.0,True
522205,PRAJIND,PRAJ INDUSTRIES LTD.,INE074A01025,A,303.0,26804,8082217.0,True
522209,YOGISUNG,YOGI SUNG-WON (INDIA) LTD.,INE429B01011,X,6.27,5836,37145.0,False
522215,HLEGLAS,HLE GLASCOAT LIMITED,INE461D01028,B,441.9,18514,8161434.0,True
522217,GUJAPOLLO,GUJARAT APOLLO INDUSTRIES LTD.,INE826C01016,B,324.9,357,116244.0,True
522229,TANAA,TANEJA AEROSPACE & AVIATION LT,INE692C01020,B,326.05,4652,1536889.0,True
522231,CONART,CONART ENGINEERS LTD.,INE714D01020,X,85.83,17681,1530975.0,False
522235,MINALIND,MINAL INDUSTRIES LIMITED,INE097E01028,T,4.34,10,43.0,True
522237,SHIVAGR,SHIVAGRICO IMPLEMENTS LTD.,INE092H01014,X,19.8,90,1789.0,False
522241,MMFL,M.M.FORGINGS LTD.,INE227C01017,B,568.15,5439,3139573.0,True
522249,MAYURUNIQ,MAYUR UNIQUOTERS LTD.,INE040D01038,B,713.15,4503,3216949.0,True
522251,CENLUB,CENLUB INDUSTRIES LTD.,INE627F01011,X,169.0,3516,596410.0,False
522257,RAJOOENG,RAJOO ENGINEERS LTD.,INE535F01024,T,52.94,48552,2597975.0,True
522261,DOLPHIN,DOLPHIN OFFSHORE ENTERPRISES (,INE920A01037,B,628.4,2568,1606836.0,True
522267,VJLAXMIE,VEEJAY LAKSHMI ENGINEERING WOR,INE466D01019,X,38.75,1066,42344.0,False
522273,AHMDSTE,AHMEDABAD STEELCRAFT LTD.,INE868C01018,X,158.4,401,64577.0,False
522275,GVT&D,GE Vernova T&D India Limited,INE200A01026,A,4270.0,25163,107735873.0,True
522281,RAMRAT,RAM RATNA WIRES LTD.,INE207E01023,B,616.9,75246,45634713.0,True
522285,JAYNECOIND,JAYASWAL NECO INDUSTRIES LTD.,INE854B01010,A,91.01,272475,24799250.0,True
522287,KPIL,KALPATARU PROJECTS INTERNATION,INE220B01022,A,1357.4,11813,16133003.0,True
522289,NMSGLOBAL,NMS GLOBAL LIMITED,INE169F01014,X,37.94,5932,226394.0,False
522292,CANDOUR,CANDOUR TECHTEX LIMITED,INE713D01055,XT,69.48,101,7059.0,False
522294,TIGLOB,T & I GLOBAL LTD.,INE811B01010,X,208.55,20002,4084293.0,False
522295,CONTROLPR,CONTROL PRINT LIMITED,INE663B01015,B,615.9,3022,1861980.0,True
522650,BEMHY,BEMCO HYDRAULICS LTD.,INE142E01022,X,100.6,7829,794065.0,False
523011,WEIZMANIND,WEIZMANN LTD.,INE080A01014,B,70.02,1,70.0,True
523019,BNRSEC,B.N.RATHI SECURITIES LTD.,INE710D01028,X,16.65,12543,210109.0,False
523021,RISHITECH,RISHI TECHTEX LTD.,INE989D01010,X,44.9,668,28861.0,False
523023,SINCLAIR,SINCLAIRS HOTELS LIMITED,INE985A01022,B,77.36,3106,237563.0,True
523025,SAFARI,SAFARI INDUSTRIES (INDIA) LTD.,INE429E01023,A,1381.05,1974,2764462.0,True
523054,ZBINTXPP,BINAYAK TEX PROCESSORS LTD.,INE626H01019,XT,1613.9,1,1613.0,False
523100,COSMOFE,COSMO FERRITES LTD.,INE124B01018,X,170.2,1744,288152.0,False
523105,CROPSTER,CROPSTER AGRO LIMITED,INE293E01031,XT,2.55,2189386,5582934.0,False
523120,THRIVE,THRIVE FUTURE HABITATS LIMITED,INE628D01014,XT,86.0,207,17761.0,False
523127,EIHAHOTELS,EIH ASSOCIATED HOTELS LTD.,INE276C01014,B,296.8,3152,934032.0,True
523144,MEDICAPQ,MEDI-CAPS LTD.,INE442D01010,T,26.66,7,187.0,True
523160,FOSECOC,FOSECO CRUCIBLE INDIA LIMITED,INE599F01020,X,1954.8,4361,8524371.0,False
523204,ABAN,ABAN OFFSHORE LTD.,INE421A01028,T,15.31,1949,29839.0,True
523207,KOKUYOCMLN,KOKUYO CAMLIN LTD.,INE760A01029,B,75.99,57,4238.0,True
523222,SRMENERGY,SRM ENERGY LTD.,INE173J01018,XT,26.2,10489,273637.0,False
523229,BHARATSE,BHARAT SEATS LTD.,INE415D01024,B,204.8,16418,3362709.0,True
523232,CONTPTR,CONTINENTAL PETROLEUMS LTD.,INE369D01023,X,68.4,3919,277785.0,False
523242,NBFOOT,NB FOOTWEAR LTD.,INE006F01018,P,3.6,200,720.0,False
523248,MACPLASQ,MACHINO PLASTICS LTD.,INE082B01018,X,280.55,347,99390.0,False
523260,PEARLPOLY,PEARL POLYMERS LTD.,INE844A01013,B,17.11,2448,42335.0,True
523261,VENKEYS,VENKYS (INDIA) LTD.,INE398A01010,B,1606.3,6164,9690774.0,True
523269,ADVANIHOTR,ADVANI HOTELS & RESORTS (INDIA,INE199C01026,B,46.94,1117,53032.0,True
523277,GVFILM,GV FILMS LTD.,INE395B01048,X,0.4,1181927,486641.0,False
523283,SUPERHOUSE,SUPERHOUSE LTD.,INE712B01010,B,153.3,69,10933.0,True
523289,RAMAVISION,RAMA VISION LTD.,INE763B01013,X,172.55,2358,409864.0,False
523301,TCPLPACK,TCPL PACKAGING LTD.,INE822C01015,B,3948.65,163,644756.0,True
523309,SHRIGANG,SHRI GANG INDUSTRIES AND ALLIE,INE241V01018,X,49.65,32521,1657928.0,False
523319,BALMLAWRIE,BALMER LAWRIE AND COMPANY LIMI,INE164A01016,B,159.55,12202,1951031.0,True
523323,KOVAI,KOVAI MEDICAL CENTER & HOSPITA,INE177F01017,B,6001.5,867,5164943.0,True
523367,DCMSHRIRAM,DCM SHRIRAM LIMITED,INE499A01024,A,904.1,6341,5700431.0,True
523369,DCMSRIND,DCM SHRIRAM INDUSTRIES LTD.,INE843D01027,B,37.77,10595,402852.0,True
523371,MAWANASUG,MAWANA SUGARS LTD.,INE636A01039,B,139.45,8567,1191102.0,True
523373,MINID,MINI DIAMONDS (INDIA) LTD.,INE281E01028,X,4.03,312323,1266157.0,False
523384,MAHAPEXLTD,MAHA RASHTRA APEX CORPORATION,INE843B01013,B,52.25,129,7114.0,True
523385,NILKAMAL,NILKAMAL LTD.,INE310A01015,B,1877.05,2025,3779480.0,True
523387,HOM,HOMRE LIMITED,INE982C01033,X,1.66,63605,104729.0,False
523391,NAHARPOLY,NAHAR POLYFILMS LTD.,INE308A01027,B,219.65,1403,311219.0,True
523395,3MINDIA,3M INDIA LTD.,INE470A01017,A,30744.75,501,15585539.0,True
523398,BOSCH-HCIL,BOSCH HOME COMFORT INDIA LIMIT,INE782A01015,B,1969.85,11528,22186509.0,True
523405,JMFINANCIL,JM FINANCIAL LTD.,INE780C01023,A,123.35,94509,11777094.0,True
523411,ADCINDIA,ADC INDIA COMMUNICATIONS LIMIT,INE833A01016,XT,2241.45,1877,4289868.0,False
523419,TNTELE,TAMILNADU TELECOMMUNICATIONS L,INE141D01018,B,11.62,1782,20721.0,True
523425,SUNRAJDI,SUNRAJ DIAMOND EXPORTS LTD.,INE459D01014,X,12.44,10,124.0,False
523445,RIIL,RELIANCE INDUSTRIAL INFRASTRUC,INE046A01015,B,665.5,2544,1696981.0,True
523457,LINDEINDIA,Linde India Limited,INE473A01011,A,6238.85,2745,17472296.0,True
523465,INDBNK,IND BANK HOUSING LTD.,INE969D01012,B,54.0,575,31081.0,False
523467,JAIMATAG,JAI MATA GLASS LTD.,INE250C01027,XT,2.9,6905,20024.0,False
523475,LOTUSCHO,LOTUS CHOCOLATE CO.LTD.,INE026D01011,B,543.2,827,449697.0,True
523483,PACIFICI,PACIFIC INDUSTRIES LTD.,INE883C01025,B,135.0,15,1891.0,True
523489,CMMHOSP,CHENNAI MEENAKSHI MULTISPECIAL,INE889F01017,X,36.61,14,512.0,False
523519,UNIOFFICE,UNIVERSAL OFFICE AUTOMATION LT,INE951C01012,X,7.22,2525,18400.0,False
523537,APMIN,APM INDUSTRIES LTD.,INE170D01025,X,57.49,1156,64849.0,False
523539,PRECWIRE,PRECISION WIRES INDIA LTD.,INE372C01037,B,501.0,53011,26398784.0,True
523550,KRYPTONQ,KRYPTON INDUSTRIES LTD.,INE951B01014,X,32.4,1446,46761.0,False
523558,SWISSMLTRY,SWISS MILITARY CONSUMER GOODS,INE010C01025,T,13.98,31120,434478.0,True
523566,MARBU,MARTIN BURN LTD.,INE199D01016,X,43.01,23,972.0,False
523574,FEL,Future Enterprises Limited,INE623B01027,Z,0.49,7893,3867.0,True
523586,INDTONER,INDIAN TONERS & DEVELOPERS LTD,INE826B01026,X,46.48,4886,225725.0,False
523598,SCI,SHIPPING CORPORATION OF INDIA,INE109A01011,A,267.15,135087,36014279.0,True
523606,SIKA,SIKA INTERPLANT SYSTEMS LTD.,INE438E01032,B,1012.65,3620,3656630.0,True
523610,ITI,ITI LTD.,INE248A01017,B,241.4,16594,4022111.0,True
523618,DREDGECORP,DREDGING CORPORATION OF INDIA,INE506A01018,B,895.45,3913,3526242.0,True
523620,PHRMASI,PHAARMASIA LTD.,INE486I01016,X,92.4,369,33560.0,False
523630,NFL,NATIONAL FERTILIZERS LTD.,INE870D01012,B,63.98,51505,3291127.0,True
523642,PIIND,P.I.INDUSTRIES LTD.,INE603J01030,A,2245.0,9254,20788351.0,True
523648,PLASTIBLEN,PLASTIBLENDS INDIA LTD.,INE083C01022,B,195.15,2194,428955.0,True
523650,YASHINNO,YASH INNOVENTURES LIMITED,INE823D01011,X,40.0,14760,590608.0,False
523660,WATERBASE,WATERBASE LTD.,INE054C01015,B,45.41,5726,263005.0,True
523672,FLEXFO,FLEX FOODS LTD.,INE954B01018,X,50.43,7613,375249.0,False
523676,GOLKUNDIA,GOLKUNDA DIAMONDS & JEWELLERY,INE798D01015,X,306.85,2941,909011.0,False
523694,APCOTEXIND,APCOTEX INDUSTRIES LTD.,INE116A01032,B,593.6,5541,3258848.0,True
523696,FORTISMLR,FORTIS MALAR HOSPITALS LIMITED,INE842B01015,X,41.29,4549,187644.0,False
523704,MASTEK,MASTEK LTD.,INE759A01021,A,1556.1,4504,7046575.0,True
523708,EIMCOELECO,EIMCO ELECON (INDIA) LTD.,INE158B01016,B,2260.9,718,1620274.0,True
523710,SAYAJIHOTL,SAYAJI HOTELS LIMITED,INE318C01014,B,305.0,40,12200.0,True
523716,ASHIANA,ASHIANA HOUSING LTD.,INE365D01021,B,381.2,1449,551230.0,True
523722,SVAMSOF,SVAM SOFTWARE LTD.,INE119B01018,XT,7.85,23563,184764.0,False
523732,ECOBOAR,ECOBOARD INDUSTRIES LTD.,INE866A01016,X,58.91,10690,634356.0,False
523736,DVL,Dhunseri Ventures Limited,INE477B01010,B,280.3,289,80699.0,True
523752,TIHIL,TRANS INDIA HOUSE IMPEX LIMITE,INE502D01011,X,2.8,54260,155496.0,False
523754,MAHEPC,MAHINDRA EPC IRRIGATION LIMITE,INE215D01010,B,95.1,315,30154.0,True
523782,MITSHI,Mitshi India Limited,INE844D01017,X,13.98,10911,148199.0,False
523790,SHUKJEW,SHUKRA JEWELLERS LTD.,INE344E01016,P,9.0,300,2700.0,False
523792,MAZDA,MAZDA LTD.,INE885E01042,T,291.9,3235,956042.0,True
523796,VHLTD,VICEROY HOTELS LTD.,INE048C01025,T,127.8,1000,131112.0,True
523826,SOVERDIA,SOVEREIGN DIAMONDS LTD.,INE959D01013,X,28.0,1600,44684.0,False
523828,MENONBE,MENON BEARINGS LTD.,INE071D01033,B,288.55,4982,1431061.0,True
523832,MUKATPIP,MUKAT PIPES LTD.,INE862C01029,X,14.0,48,672.0,False
523838,SIMPLEXINF,SIMPLEX INFRASTRUCTURES LTD.,INE059B01024,B,248.25,14108,3402140.0,True
523840,INNOVTEC,INNOVATIVE TECH PACK LTD.,INE965C01038,X,14.14,3993,55317.0,False
523842,SUPTANERY,SUPER TANNERY LIMITED,INE460D01038,T,8.04,34952,282413.0,True
523844,CONSTRONIC,CONSTRONICS INFRA LIMITED,INE537B01011,X,47.0,113,5664.0,False
523850,AXTEL,AXTEL INDUSTRIES LTD.,INE767C01012,B,438.75,22,9686.0,True
523862,GRANDOAK,GRAND OAK CANYONS DISTILLERY L,INE926B01016,B,35.04,4370,153637.0,True
523874,EASTINDIA,East India Drums and Barrels M,INE191C01023,XT,94.88,10133,961374.0,False
523888,MEGAMONT,MEGAMONT LIMITED,INE317D01014,X,194.6,6864,1380563.0,False
524000,POONAWALLA,POONAWALLA FINCORP LIMITED,INE511C01022,A,432.95,19483,8508381.0,True
524019,KINGFA,Kingfa Science & Technology (I,INE473D01015,B,6585.45,1072,6922626.0,True
524031,PATIDAR,PATIDAR BUILDCON LIMITED,INE637N01014,X,5.37,50,268.0,False
524037,RAMAPHO,RAMA PHOSPHATES LTD.,INE809A01032,B,121.45,14453,1747492.0,True
524038,VENLONENT,VENLON ENTERPRISES LTD.,INE204D01022,X,4.0,3882,14565.0,False
524051,POLYPLEX,POLYPLEX CORPORATION LTD.,INE633B01018,B,1026.6,2096,2168964.0,True
524055,PANIDPR,PANTHER INDUSTRIAL PRODUCTS LT,INE181D01014,X,87.4,100,8740.0,False
524075,ALBERTDAVD,ALBERT DAVID LTD.,INE155C01010,B,851.1,326,280797.0,True
524080,HARLETH,HARYANA LEATHER CHEMICALS LTD.,INE681F01018,X,56.8,123,6723.0,False
524091,CARYSIL,CARYSIL LIMITED,INE482D01024,B,1044.7,22167,22581691.0,True
524109,KABRAEXTRU,KABRA EXTRUSIONTECHNIK LTD.,INE900B01029,T,762.15,19643,15092028.0,True
524129,VINYLINDIA,VINYL CHEMICALS (INDIA) LTD.,INE250B01029,B,215.9,674,144668.0,True
524136,PCCOSMA,PEE CEE COSMA SOPE LTD.,INE417E01010,XT,474.2,219,103269.0,False
524156,TCMLMTD,TCM LTD.,INE034F01010,X,48.0,1810,87343.0,False
524164,IOLCP,IOL CHEMICALS & PHARMACEUTICAL,INE485C01029,B,209.45,301192,62556940.0,True
524174,KESARPE,KESAR PETROPRODUCTS LTD.,INE133C01033,X,11.51,88847,1033393.0,False
524200,VINATIORGA,VINATI ORGANICS LTD.,INE410B01037,A,1208.85,8294,9723206.0,True
524202,LACTOSE,LACTOSE (INDIA) LTD.,INE058I01013,X,105.4,3255,344801.0,False
524204,TEEAI,TEESTA AGRO INDUSTRIES LTD.,INE757D01011,X,115.05,271,30799.0,False
524208,AARTIIND,AARTI INDUSTRIES LTD.,INE769A01020,A,464.8,63570,29736550.0,True
524210,PNTKYOR,PENTOKEY ORGANY (INDIA) LTD.,INE702E01015,X,33.0,45,1492.0,False
524212,WANBURY,WANBURY LTD.,INE107F01022,B,199.0,93441,18231241.0,True
524218,RESONANCE,RESONANCE SPECIALTIES LTD.,INE486D01017,XT,197.05,23212,4489582.0,False
524226,GAEL,GUJARAT AMBUJA EXPORTS LTD.,INE036B01030,B,158.4,32954,5131106.0,True
524230,RCF,RASHTRIYA CHEMICALS & FERTILIZ,INE027A01015,A,106.85,89002,9558894.0,True
524238,GUJINJEC,GUJARAT INJECT (KERALA) LTD.,INE659F01022,XT,9.18,131826,1231586.0,False
524280,KOPRAN,KOPRAN LTD.,INE082A01010,B,282.25,33711,9260707.0,True
524288,AIMCOPEST,AIMCO PESTICIDES LTD.,INE008B01013,X,43.24,829,35424.0,False
524314,GUJTERC,GUJARAT TERCE LABORATORIES LTD,INE499G01013,X,35.16,3695,130032.0,False
524322,KABRADG,KABRA DRUGS LTD.,INE323K01017,X,18.71,135408,2556385.0,False
524324,SEYAIND,SEYA INDUSTRIES LTD.,INE573R01012,T,13.24,2137,27365.0,True
524330,JAYAGROGN,JAYANT AGRO-ORGANICS LTD.,INE785A01026,B,210.35,1614,347750.0,True
524332,BCLIND,BCL INDUSTRIES LIMITED,INE412G01024,B,31.31,43674,1355877.0,True
524336,SHHARICH,SHREE HARI CHEMICALS EXPORT LT,INE065E01017,XT,322.95,7713,2518879.0,False
524342,INDOBORAX,INDO BORAX & CHEMICALS LTD.,INE803D01021,B,471.3,6410,3000555.0,True
524348,AARTIDRUGS,AARTI DRUGS LTD.,INE767A01016,B,422.05,11210,4757652.0,True
524370,BODALCHEM,BODAL CHEMICALS LTD.,INE338D01028,T,192.0,57413,11080496.0,True
524372,ORCHPHARMA,Orchid Pharma Limited,INE191A01027,B,991.55,11495,11352231.0,True
524394,VIMTALABS,VIMTA LABS LTD.,INE579C01029,B,583.7,13850,8096896.0,True
524396,BIOFILCHEM,BIOFIL CHEMICALS & PHARMACEUTI,INE829A01014,B,29.64,5047,150832.0,True
524400,ISHITADR,ISHITA DRUGS & INDUSTRIES LTD.,INE806D01016,X,76.2,17060,1211643.0,False
524404,MARKSANS,MARKSANS PHARMA LTD.,INE750C01026,A,325.2,141105,45982641.0,True
524412,AAREYDRUGS,AAREY DRUGS & PHARMACEUTICALS,INE198H01019,B,103.05,23106,2456986.0,True
524414,NORRIS,NORRIS MEDICINES LTD.,INE744C01029,X,16.3,604,9907.0,False
524434,ASINPET,ASIAN PETROPRODUCTS & EXPORTS,INE810M01019,X,9.3,46226,422833.0,False
524440,CAMEXLTD,CAMEX LTD.,INE198C01010,X,57.1,3461,194104.0,False
524444,EVEXIA,EVEXIA LIFECARE LIMITED,INE313M01030,X,2.01,19573263,39320189.0,False
524458,INDOEURO,INDO EURO INDCHEM LTD.,INE319N01019,X,8.1,150,1245.0,False
524470,SYNCOMF,SYNCOM FORMULATIONS (INDIA) LT,INE312C01025,B,23.97,3368456,80516946.0,True
524480,RIDDHI,RIDDHI SIDDHI GLUCO BIOLS LTD.,INE249D01019,X,710.9,1344,961431.0,False
524488,SVCIND,SVC INDUSTRIES LIMITED,INE038B01010,X,2.88,254348,741697.0,False
524494,IPCALAB,IPCA LABORATORIES LTD.,INE571A01038,A,1940.35,151256,293148405.0,True
524500,KILITCH,KILITCH DRUGS (INDIA) LTD.,INE729D01010,T,216.05,3881,818633.0,True
524502,RAAJMEDI,RAAJ MEDISAFE INDIA LTD.,INE548H01015,XT,98.46,670,64253.0,False
524506,CORALAB,CORAL LABORATORIES LTD.,INE683E01017,XT,548.6,871,479924.0,False
524514,TULASEEBIOE,TULASEE BIO-ETHANOL LTD.,INE276N01011,ZP,33.0,100,3300.0,False
524516,BACPHAR,BACIL PHARMA LTD.,INE711D01018,XT,27.28,22459,606913.0,False
524518,KREBSBIO,KREBS BIOCHEMICALS & INDUSTRIE,INE268B01013,B,69.4,37595,2564096.0,True
524520,KMCSHIL,KMC SPECIALITY HOSPITALS (INDI,INE879K01018,B,171.95,186302,32217921.0,True
524522,LAFFANSQ,LAFFANS PETROCHEMICALS LTD.,INE919B01011,X,29.29,785,21692.0,False
524534,BHASKAGR,BHASKAR AGROCHEMICALS LTD.,INE972C01018,X,105.2,687,72391.0,False
524542,SUKHJITS,SUKHJIT STARCH & CHEMICALS LTD,INE450E01029,B,151.6,2009,306500.0,True
524548,SHARMEH,SHARMA EAST INDIA HOSPITALS &,INE465H01012,X,87.95,74,6595.0,False
524558,NEULANDLAB,NEULAND LABORATORIES LTD.,INE794A01010,A,21496.3,4152,87528710.0,True
524564,GAYATRIBI,GAYATRI BIOORGANICS LTD.,INE052E01015,XT,7.9,351,2775.0,False
524570,PODDARMENT,PODDAR PIGMENTS LTD.,INE371C01013,B,257.0,76,19493.0,True
524572,PHARMAID,PHARMAIDS PHARMACEUTICALS LTD.,INE117D01018,X,30.15,2722,81509.0,False
524576,VIVIDIND,VIVID GLOBAL INDUSTRIES LTD.,INE737C01023,X,18.75,2134,40000.0,False
524582,TIRUSTA,TIRUPATI STARCH & CHEMICALS LT,INE314D01011,X,120.75,332,39544.0,False
524592,JAYSYNTH,JAYSYNTH ORGOCHEM LIMITED,INE263B01022,XT,16.25,30022,481172.0,False
524594,AEONXDIGI,Aeonx Digital Technology Limit,INE994D01010,X,107.6,346,37373.0,False
524598,AKSHARCHEM,AKSHARCHEM (INDIA) LTD.,INE542B01011,T,371.9,203,76162.0,True
524602,BANDARAM,BANDARAM PHARMA PACKTECH LIMIT,INE875N01036,X,20.29,3629,71830.0,False
524606,BERLDRG,BERYL DRUGS LTD.,INE415H01017,X,25.29,4027,103741.0,False
524614,INDXTRA,IEL LIMITED,INE056E01024,X,5.35,29238,156015.0,False
524622,ISTRNETWK,ISTREET NETWORK LIMITED,INE532B01020,X,44.64,36004,1604544.0,False
524624,GAGAN,GAGAN GASES LTD.,INE076D01016,X,18.83,1143,21609.0,False
524628,PARKERAC,PARKER AGROCHEM EXPORTS LTD.,INE750B01010,X,20.2,4,80.0,False
524632,SHUKRAPHAR,Shukra Pharmaceuticals Limited,INE551C01044,B,61.84,675313,42315298.0,True
524634,ALUFLUOR,ALUFLUORIDE LTD.,INE058F01019,B,630.65,5476,3450703.0,True
524636,OXYGENTAPH,OXYGENTA PHARMACEUTICAL LIMITE,INE102E01018,XT,48.0,4577,219557.0,False
524640,ARCHITORG,ARCHIT ORGANOSYS LTD.,INE078I01011,XT,61.82,11224,700043.0,False
524648,INDOAMIN,INDO AMINES LTD.,INE760F01028,B,136.35,23017,3190625.0,True
524654,NATCAPSUQ,NATURAL CAPSULES LTD.,INE936B01015,T,162.3,484,78538.0,True
524661,WELCURE,WELCURE DRUGS & PHARMACEUTICAL,INE331C01025,X,0.21,7040130,1501178.0,False
524663,BIBCL,BHARAT IMMUNOLOGICALS & BIOLOG,INE994B01014,B,8.18,457458,3808620.0,False
524667,SOTL,SAVITA OIL TECHNOLOGIES LTD.,INE035D01020,B,729.2,32544,23314070.0,True
524669,HESTERBIO,HESTER BIOSCIENCES LTD.,INE782E01017,B,2140.6,142,301913.0,True
524675,KABSON,KABSONS INDUSTRIES LTD.,INE645C01010,X,19.45,249,4638.0,False
524687,BASANTGL,BASANT AGRO TECH (INDIA) LTD.,INE473E01021,X,10.93,28837,319143.0,False
524703,SANDUPHQ,SANDU PHARMACEUTICALS LTD.,INE751D01014,X,36.53,619,22177.0,False
524709,NACLIND,NACL Industries Limited,INE295D01020,B,130.7,41933,5430136.0,True
524711,VISTAPH,VISTA PHARMACEUTICALS LTD.,INE427C01021,X,6.21,5023,31099.0,False
524715,SUNPHARMA,SUN PHARMACEUTICAL INDUSTRIES,INE044A01036,A,1810.0,145279,262867787.0,True
524717,TITANBIO,TITAN BIOTECH LTD.,INE150C01029,B,391.5,16909,6666623.0,False
524723,ARVAYA,Arvaya Healthcare Limited,INE491D01017,XT,120.0,16,1920.0,False
524727,SDL,Span Divergent Limited,INE004E01016,X,22.95,40,918.0,False
524731,JENBURPH,JENBURKT PHARMACEUTICALS LTD.,INE354A01013,B,925.4,442,409018.0,True
524735,HIKAL,HIKAL LTD.,INE475B01022,B,218.15,72846,16034991.0,True
524742,CAPLIPOINT,CAPLIN POINT LABORATORIES LTD.,INE475E01026,A,2632.35,6794,17906981.0,True
524743,FISCHER,FISCHER MEDICAL VENTURES LIMIT,INE771F01041,B,33.5,21066,701632.0,True
524748,LINKPH,LINK PHARMA CHEM LTD.,INE302F01011,X,26.24,1113,30796.0,False
524752,DECIPHER,DECIPHER LABS LIMITED,INE643N01012,X,6.0,113,678.0,False
524768,EMMESSA,EMMESSAR BIOTECH & NUTRITION L,INE634B01016,X,22.99,2383,53827.0,False
524774,NGLFINE,NGL FINE-CHEM LTD.,INE887E01022,B,2925.5,2876,8393308.0,True
524790,EVERESTO,EVEREST ORGANICS LTD.,INE334C01029,X,219.8,671,149113.0,False
524804,AUROPHARMA,AUROBINDO PHARMA LTD.,INE406A01037,A,1675.0,22081,37036318.0,True
524808,PHYTO,PHYTO CHEM (INDIA) LTD.,INE037C01010,X,17.05,615,10565.0,False
524816,NATCOPHARM,NATCO PHARMA LTD.,INE987B01026,A,821.75,28673,23443483.0,True
524818,DYNAMIND,DYNAMIC INDUSTRIES LTD.,INE457C01010,X,121.15,1581,193052.0,False
524820,PANAMAPET,PANAMA PETROCHEM LTD.,INE305C01029,B,486.95,7762,3747646.0,True
524824,BALPHARMA,BAL PHARMA LTD.,INE083D01012,B,105.6,12950,1375949.0,True
524828,BDH,BDH INDUSTRIES LTD.,INE278D01018,X,482.2,611,295602.0,False
526001,JAUSPOL,JAUSS POLYMERS LTD.,INE593O01017,X,27.89,11848,327127.0,False
526025,GLOBUSCON,GLOBUS CONSTRUCTORS & DEVELOPE,INE064L01015,X,16.19,11449,182116.0,False
526027,CUBEXTUB,CUBEX TUBINGS LTD.,INE144D01012,T,165.25,53823,8955317.0,True
526043,POLYCHMP,POLYMECHPLAST MACHINES LTD.,INE809B01014,X,47.02,1180,54445.0,False
526071,STELLANT,STELLANT SECURITIES (INDIA) LT,INE395F01023,XT,941.75,956,909138.0,False
526073,GALXBRG,GALAXY BEARINGS LTD.,INE020S01012,XT,968.0,1261,1202970.0,False
526075,VINRKLB,REKVINA LABORATORIES LTD.,INE092O01028,XT,49.86,2246,111973.0,False
526081,SCAGRO,SC Agrotech Limited,INE895E01017,XT,36.69,51635,1894488.0,False
526095,RALEGRA,RAVILEELA GRANITES LTD.,INE427E01027,X,58.99,100,5900.0,False
526113,UNRYLMA,UNIROYAL MARINE EXPORTS LTD.,INE602H01010,XT,15.58,12,195.0,False
526115,KARANWO,KARAN WOO-SIN LTD.,INE327D01013,X,7.1,1470,10437.0,False
526125,BNAGROCHEM,BN AGROCHEM LIMITED,INE00HZ01011,B,230.0,2364,534775.0,True
526133,SUPERTEX,SUPERTEX INDUSTRIES LTD.,INE881B01054,X,5.89,100,589.0,False
526137,SHETR,SHETRON LTD.,INE278C01010,X,99.4,994,99372.0,False
526139,TRABI,TRANSGENE BIOTEK LTD.,INE773D01018,X,2.4,61442,149081.0,False
526143,MPL,MPL PLASTICS LTD.,INE343A01016,X,6.6,1620,10787.0,False
526159,NIKHILAD,NIKHIL ADHESIVES LTD.,INE926C01022,X,81.25,15667,1259469.0,False
526161,SPENTA,SPENTA INTERNATIONAL LTD.,INE175C01018,XT,135.8,1,135.0,False
526169,MULTIBASE,MULTIBASE INDIA LTD.,INE678F01014,X,168.95,4124,700102.0,False
526173,ANDREWYU,ANDREW YULE & COMPANY LTD.,INE449C01025,B,24.98,65657,1653168.0,True
526179,LUDLOWJUT,LUDLOW JUTE & SPECIALITIES LTD,INE983C01015,X,329.8,3384,1136252.0,False
526187,ASHRAM,ASHRAM ONLINE.COM LTD.,INE293C01019,X,5.39,10300,55520.0,False
526193,ROYALCU,ROYAL CUSHION VINYL PRODUCTS L,INE618A01011,X,12.75,1736,21610.0,False
526211,SURJIND,SURAJ INDUSTRIES LTD.,INE170U01011,X,55.18,686,37593.0,False
526217,HITECHCORP,Hitech Corporation Limited,INE120D01012,T,340.1,681,232079.0,True
526227,FILATEX,FILATEX INDIA LTD.,INE816B01035,B,106.45,219217,22847520.0,True
526231,STDSFAC,STANDARD SURFACTANTS LTD.,INE307D01015,XT,222.25,56603,13335811.0,False
526237,MORGAN,MORGAN VENTURES LTD.,INE902C01015,X,42.83,722,31437.0,False
526241,AMRAPLIN,AMRAPALI INDUSTRIES LTD.,INE762C01021,XT,34.3,2171,76613.0,False
526247,PREMEXPLN,PREMIER EXPLOSIVES LTD.,INE863B01029,A,679.75,10265,6961980.0,True
526251,MIDEASTP,MID EAST PORTFOLIO MANAGEMENT,INE033E01015,X,33.95,277,8655.0,False
526263,MOLDTECH,MOLD-TEK TECHNOLOGIES LTD.,INE835B01035,T,203.7,4589,945535.0,True
526269,CRSTCHM,CRESTCHEM LTD.,INE293N01016,X,138.85,2443,340287.0,False
526299,MPHASIS,MPHASIS LTD.,INE356A01018,A,2254.95,52673,117471412.0,True
526315,DIVSHKT,DIVYASHAKTI LIMITED,INE410G01010,XT,67.99,3947,264364.0,False
526325,ORIENTLTD,ORIENT PRESS LTD.,INE609C01024,T,76.09,3,230.0,True
526331,ADVMULT,ADVANCE MULTITECH LTD.,INE875S01019,XT,139.1,95,13214.0,False
526335,SHREYASI,SHREYAS INTERMEDIATES LTD.,INE115F01017,X,7.6,45635,376938.0,False
526345,PANJON,PANJON LTD.,INE744D01019,X,21.77,2534,55055.0,False
526355,DUROPACK,DUROPACK LTD.,INE138B01018,X,57.0,506,28699.0,False
526365,SWARNSAR,SWARNSARITA JEWELS INDIA LIMIT,INE967A01012,B,38.15,4650,183574.0,True
526367,GANESHHOU,GANESH HOUSING LIMITED,INE460C01014,B,698.7,756,531439.0,True
526371,NMDC,NMDC LTD.,INE584A01023,A,75.0,3166058,238062159.0,True
526373,CINDHO,CINDRELLA HOTELS LTD.,INE908C01012,X,46.14,93,4288.0,False
526381,PATINTLOG,PATEL INTEGRATED LOGISTICS LTD,INE529D01014,B,13.3,146,1942.0,True
526397,ALPHAGEO,ALPHAGEO (INDIA) LTD.,INE137C01018,T,259.35,692,176671.0,True
526407,HAMPTON,HAMPTON SKY REALTY LIMITED,INE299D01022,B,8.1,1347,10608.0,True
526409,KKALPANAIND,KKALPANA INDUSTRIES (INDIA) LT,INE301C01028,X,6.56,101149,669326.0,False
526415,OKPLA,OK PLAY INDIA LTD.,INE870B01024,X,3.14,173657,536762.0,False
526423,KRITI,KRITI INDUSTRIES (INDIA) LTD.,INE479D01038,B,60.22,5041,299526.0,True
526433,ASMTEC,ASM TECHNOLOGIES LTD.,INE867C01010,B,6603.65,21812,144701714.0,False
526435,PERFEPA,PERFECTPAC LTD.,INE759I01024,X,79.75,361,29761.0,False
526439,AMBIT,AMBITIOUS PLASTOMAC COMPANY LT,INE267C01013,X,8.35,603,5035.0,False
526441,VISIONCINE,VISION CINEMAS LTD.,INE515B01025,X,1.1,8099,9033.0,False
526443,AEIM,Artificial Electronics Intelli,INE072B01027,X,57.56,61918,3564000.0,False
526445,INDRANIB,INDRAYANI BIOTECH LTD.,INE007C01021,XT,9.63,41465,402508.0,False
526468,EUROLED,EURO LEDER FASHION LTD.,INE940E01011,XT,24.5,2608,62134.0,False
526471,WINSOMBR,WINSOME BREWERIES LTD.,INE391C01011,X,18.84,7233,134188.0,False
526473,ELEFLOR,ELEGANT FLORICULTURE & AGROTEC,INE152E01013,X,4.8,6066,28525.0,False
526479,SKYIND,SKY INDUSTRIES LTD.,INE765B01018,X,94.09,1440,135744.0,False
526481,PHOENXINTL,PHOENIX INTERNATIONAL LTD.,INE245B01011,B,27.85,1513,42297.0,True
526488,BHUDEVI,BHUDEVI INFRA PROJECTS LIMITED,INE432N01010,X,71.71,2476,177482.0,False
526490,PRATIK,PRATIK PANELS LTD.,INE206C01029,X,3.8,56963,217586.0,False
526492,RISHIROOP,Rishiroop Limited,INE582D01013,X,119.5,13182,1574160.0,False
526494,PROMACT,Promact Plastics Limited,INE818D01011,XT,16.8,3415,56501.0,False
526506,SYSTMTXC,SYSTEMATIX CORPORATE SERVICES,INE356B01024,T,75.0,1510,113238.0,True
526508,SHAHISHIP,Shahi Shipping Limited,INE825D01016,X,11.6,4041,46514.0,False
526519,ALPINEHOU,ALPINE HOUSING DEVELOPMENT COR,INE840D01015,XT,95.75,770,75820.0,False
526525,WWALUM,WORLDWIDE ALUMINIUM LIMITED,INE550D01010,X,19.0,271,5245.0,False
526530,IIRM,IIRM HOLDINGS INDIA LIMITED,INE670C01026,XT,118.0,22767,2651257.0,False
526532,SFPIL,SQUARE FOUR PROJECTS INDIA LIM,INE716K01020,X,8.1,586,4743.0,False
526544,SGLRES,SGL RESOURCES LIMITED,INE967B01028,B,2.3,34040,80422.0,True
526546,CHOKSILA,CHOKSI LABORATORIES LTD.,INE493D01013,XT,181.2,1651,290374.0,False
526550,CCHHL,COUNTRY CLUB HOSPITALITY AND H,INE652F01027,B,12.92,30,389.0,True
526570,REMAGNET,MIDWEST ENERGY LIMITED,INE519N01022,B,378.0,43916,16857107.0,False
526574,ENTRINT,ENTERPRISE INTERNATIONAL LTD.,INE439G01019,X,24.0,13,307.0,False
526582,TPLPLASTEH,TPL PLASTECH LTD.,INE413G01022,B,68.49,28678,1983622.0,True
526596,LIBERTSHOE,LIBERTY SHOES LTD.,INE557B01019,B,216.85,2428,526052.0,True
526604,LIPPISYS,LIPPI SYSTEMS LTD.,INE845B01018,XT,214.1,3040,659814.0,False
526608,ELECTHERM,ELECTROTHERM (INDIA) LTD.,INE822G01016,B,743.9,1533,1137198.0,True
526612,BLUEDART,BLUE DART EXPRESS LTD.,INE233B01017,A,4504.1,2765,12634330.0,True
526614,EXPOEAPL,EXPO ENGINEERING AND PROJECTS,INE561D01025,XT,91.4,2433,215867.0,False
526616,NATPLAS,NATIONAL PLASTIC INDUSTRIES LT,INE233D01013,X,39.0,741,29029.0,False
526622,MFLINDIA,MFL INDIA LTD.,INE244C01020,X,0.43,295559,129480.0,False
526638,TEXELIN,TEXEL INDUSTRIES LTD.,INE594V01028,X,64.28,6977,445962.0,False
526640,RAYALEMA,ROYALE MANOR HOTELS & INDUSTRI,INE008C01011,X,26.11,2479,64002.0,False
526642,MIRZAINT,MIRZA INTERNATIONAL LTD.,INE771A01026,B,27.6,3415,94932.0,True
526650,TFCILTD,TOURISM FINANCE CORPORATION OF,INE305A01023,A,138.9,399262,56162125.0,True
526666,BIL,BHARTIYA INTERNATIONAL LTD.,INE828A01016,B,986.5,89,87793.0,True
526668,KAMATHOTEL,KAMAT HOTELS (INDIA) LTD.,INE967C01018,B,237.1,867,204233.0,True
526675,TIRTPLS,TIRTH PLASTIC LTD.,INE008N01018,X,29.36,15933,457265.0,False
526677,KEEPLEARN,DSJ KEEP LEARNING LIMITED,INE055C01020,B,1.87,11197,20358.0,True
526703,ECOPLAST,ECOPLAST LTD.,INE423D01010,X,470.1,569,267964.0,False
526705,ELEMARB,ELEGANT MARBLES & GRANI INDUST,INE095B01010,X,172.05,5,861.0,False
526709,BITS,BITS LTD.,INE839A01021,X,6.6,53945,355917.0,False
526711,ADARSHPL,ADARSH PLANT PROTECT LTD.,INE627D01016,X,25.63,1379,34323.0,False
526717,HPBL,HCP PLASTENE BULKPACK LIMITED,INE136C01044,XT,343.25,8367,2874479.0,False
526721,NICCOPAR,NICCO PARKS & RESORTS LTD.,INE653C01022,B,80.96,64,5109.0,True
526723,NTCIND,NTC INDUSTRIES LTD.,INE920C01017,B,127.3,982,128307.0,True
526725,SANDESH,SANDESH LTD.,INE583B01015,B,992.95,7,6917.0,True
526727,GARNET,GARNET CONSTRUCTION LTD.,INE797D01017,X,46.87,495,22507.0,False
526729,GOLDIAM,GOLDIAM INTERNATIONAL LTD.,INE025B01025,A,310.75,33569,10367651.0,True
526731,BRIGHTBR,BRIGHT BROTHERS LTD.,INE630D01010,B,240.8,534,128974.0,True
526739,SHAWGELTIN,NARMADA GELATINES LTD.,INE869A01010,X,438.55,2693,1189496.0,False
526747,PGFOILQ,PG FOILS LTD.,INE078D01012,X,199.5,10143,2034266.0,False
526755,VELHO,VELAN HOTELS LTD.,INE548D01014,X,6.92,18248,128481.0,False
526761,HOWARHO,HOWARD HOTELS LTD.,INE931B01016,X,17.9,2321,41848.0,False
526775,VALIANT,VALIANT COMMUNICATIONS LTD.,INE760B01019,B,1686.35,28892,48530965.0,False
526783,DRAGARWQ,DR.AGARWALS EYE HOSPITAL LTD.,INE934C01018,B,5181.2,66,341356.0,True
526795,MHSGRMS,MAHASAGAR TRAVELS LTD.,INE007G01014,ZP,5.99,1300,7787.0,False
526797,GREENPLY,GREENPLY INDUSTRIES LTD.,INE461C01038,B,303.8,31340,9403063.0,True
526807,SEAMECLTD,SEAMEC LTD.,INE497B01018,B,1595.2,3372,5398872.0,True
526813,RAGHUNAT,RAGHUNATH INTERNATIONAL LTD.,INE753B01014,X,10.95,2,21.0,False
526817,CHEVIOT,CHEVIOT CO.LTD.,INE974B01016,B,1165.2,22,25723.0,True
526821,DAICHI,DAI-ICHI KARKARIA LTD.,INE928C01010,T,310.25,385,119289.0,True
526827,SPICEISLIN,SPICE ISLANDS INDUSTRIES LIMIT,INE882D01025,X,99.55,40249,3966958.0,False
526829,CONFIPET,CONFIDENCE PETROLEUM INDIA LTD,INE552D01024,B,86.03,208276,17821211.0,True
526839,SIPL,SHELTER INFRA PROJECTS LTD.,INE413C01013,X,14.86,119,1943.0,False
526841,SHAKTIPR,SHAKTI PRESS LTD.,INE794C01016,X,9.07,185975,1688957.0,False
526847,ASHSI,ASHIRWAD STEELS & INDUSTRIES L,INE338C01012,X,22.99,1,22.0,False
526849,BANARBEADS,BANARAS BEADS LTD.,INE655B01011,B,118.0,53,6469.0,True
526851,AREXMIS,AREX INDUSTRIES LTD.,INE480H01011,X,128.0,258,32443.0,False
526853,BI,BILCARE LTD.,INE986A01012,T,96.7,618,59523.0,True
526859,ISFL,ISF LIMITED,INE973B01026,X,0.74,116298,79932.0,False
526861,RISHILASE,RISHI LASER LTD.,INE988D01012,X,145.35,10538,1561268.0,False
526865,JAINCO,JAINCO PROJECTS (INDIA) LTD.,INE966C01010,X,4.4,120,528.0,False
526869,KUMPFIN,KUMBHAT FINANCIAL SERVICES LTD,INE795E01019,X,22.55,128,2764.0,False
526871,INTECCAP,INTEC CAPITAL LTD.,INE017E01018,X,14.7,282,4013.0,False
526873,RAJSEC,RAJASTHAN SECURITIES LIMITED,INE184D01026,X,59.2,1123,66434.0,False
526877,SIDDHEGA,SIDDHESWARI GARMENTS LTD.,INE797C01019,XT,22.5,10,225.0,False
526881,63MOONS,63 Moons Technologies Limited,INE111B01023,A,801.8,7710,6205946.0,True
526885,SARLAPOLY,SARLA PERFORMANCE FIBERS LTD.,INE453D01025,B,92.03,1775,165219.0,True
526891,MKTCREAT,MARKET CREATORS LTD.,INE944C01017,X,15.8,59,932.0,False
526899,HFIL,HIMALAYA FOOD INTERNATIONAL LI,INE552B01010,X,7.9,20583,164325.0,False
526901,SONALAD,SONAL ADHESIVES LTD.,INE344I01017,X,48.7,127,6176.0,False
526905,PADMAIND,Padmanabh Industries Ltd,INE743D01011,X,7.7,1536,11827.0,False
526931,HRYNSHP,HARIYANA SHIP BREAKERS LTD.,INE400G01011,B,98.0,23,2181.0,True
526935,KALIND,Kalind Limited,INE377D01026,B,4.24,7122032,30135353.0,False
526945,TYROON,TYROON TEA CO.LTD.,INE945B01016,X,76.6,317,25272.0,False
526947,LAOPALA,LA OPALA RG LTD.,INE059D01020,B,155.95,3681,573347.0,True
526951,STYLAMIND,STYLAM INDUSTRIES LIMITED,INE239C01020,B,3194.1,1271,4096378.0,True
526953,VENUSREM,VENUS REMEDIES LTD.,INE411B01019,B,1784.4,10984,19736618.0,True
526961,LASTMILE,LAST MILE ENTERPRISES LIMITED,INE404B01022,X,5.37,141208,749671.0,False
526965,GUJCRAFT,GUJARAT CRAFT INDUSTRIES LTD.,INE372D01019,X,90.97,2119,188993.0,False
526967,HEERAISP,HEERA ISPAT LTD.,INE025D01013,X,6.3,2000,12600.0,False
526971,DHOOTIN,DHOOT INDUSTRIAL FINANCE LTD.,INE313G01016,XT,244.6,2249,557854.0,False
526981,SHBAJRG,SHRI BAJRANG ALLIANCE LIMITED,INE402H01015,B,173.75,4387,769552.0,True
526987,URJA,URJA GLOBAL LTD.,INE550C01020,B,8.65,93042,802917.0,True
527001,ASHAPURMIN,ASHAPURA MINECHEM LTD.,INE348A01023,A,489.95,22251,10955591.0,True
527005,SHREEPAC,SHREE PACETRONIX LTD.,INE847D01010,X,185.0,5662,1047745.0,False
530001,GUJALKALI,GUJARAT ALKALIES & CHEMICALS L,INE186A01019,B,604.25,4868,2928878.0,True
530005,INDIACEM,INDIA CEMENTS LTD.,INE383A01012,A,295.3,24039,7110807.0,True
530007,JKTYRE,JK TYRE & INDUSTRIES LTD.,INE573A01042,A,340.35,56562,19193924.0,True
530017,SIL,STANDARD INDUSTRIES LTD.,INE173A01025,B,15.95,2316,37035.0,True
530019,JUBLPHARMA,JUBILANT PHARMOVA LIMITED,INE700A01033,A,1000.65,22205,22066297.0,True
530023,THEINVEST,THE INVESTMENT TRUST OF INDIA,INE924D01017,B,91.67,797,74089.0,True
530025,SAMYAKINT,SAMYAK INTERNATIONAL LTD.,INE607G01011,X,21.65,6800,145303.0,False
530027,AADIIND,AADI INDUSTRIES LTD.,INE563D01013,X,7.17,2041,16077.0,False
530037,SPARKLEGR,SPARKLE GOLD ROCK LIMITED,INE618F01010,X,65.94,5093,337027.0,False
530043,ACKNIT,ACKNIT INDUSTRIES LTD.,INE326C01017,X,304.95,938,285667.0,False
530045,TITANSEC,TITAN SECURITIES LTD.,INE090D01017,X,38.47,1225,47097.0,False
530053,REALECO,REAL ECO-ENERGY LIMITED,INE055E01034,X,4.5,7533,34693.0,False
530057,VIVANZA,Vivanza Biosciences Limited,INE984E01035,X,1.7,25563,43593.0,False
530063,YASHRAJC,YASHRAJ CONTAINEURS LTD.,INE095C01018,XT,4.11,3370,14032.0,False
530065,LORDSHOTL,LORDS ISHWAR HOTELS LIMITED,INE689J01013,X,14.47,880,12551.0,False
530067,CSLFINANCE,CSL Finance Limited,INE718F01018,B,207.4,6165,1268086.0,True
530073,SANGHVIMOV,SANGHVI MOVERS LTD.,INE989A01032,B,429.1,29817,12897858.0,True
530075,ANTELOPUS,Antelopus Selan Energy Limited,INE818A01017,B,1107.0,40696,45125769.0,True
530077,PURETROP,PURETROP FRUITS LIMITED,INE795D01011,X,182.0,3533,648503.0,False
530079,FAZE3Q,FAZE THREE LTD.,INE963C01033,B,433.65,1868,807398.0,True
530109,ANUPAM,ANUPAM FINSERV LIMITED,INE069B01023,X,1.63,389332,626192.0,False
530111,RAJPACK,RAJ PACKAGING INDUSTRIES LTD.,INE639C01013,X,33.64,844,28658.0,False
530117,PRIVISCL,PRIVI SPECIALITY CHEMICALS LIM,INE959A01019,A,3570.35,6604,23355743.0,True
530119,NATRAJPR,NATRAJ PROTEINS LTD.,INE444D01016,X,38.3,20,766.0,False
530125,SAMRATPH,SAMRAT PHARMACHEM LTD.,INE103E01016,X,232.85,4575,1125891.0,False
530127,NPRFIN,NPR FINANCE LTD.,INE446D01011,XT,23.8,3200,76156.0,False
530129,NILE,NILE LTD.,INE445D01013,B,1246.0,1382,1708608.0,True
530133,AMCOIND,AMCO INDIA LTD.,INE924B01011,X,66.58,535,35531.0,False
530135,OPTIEMUS,OPTIEMUS INFRACOM LTD,INE350C01017,B,806.5,36226,28557093.0,True
530139,KREONFIN,KREON FINNANCIAL SERVICES LTD.,INE302C01018,XT,84.99,1730,145985.0,False
530141,GYANDEV,GYAN DEVELOPERS & BUILDERS LTD,INE487G01018,X,53.5,95,5079.0,False
530145,KISAN,KISAN MOULDINGS LTD.,INE017C01012,XT,21.6,36777,789224.0,False
530163,KERALAYUR,KERALA AYURVEDA LTD.,INE817B01025,X,146.95,16199,2374941.0,False
530167,MONGIPA,MOONGIPA CAPITAL FINANCE LTD.,INE153K01018,XT,19.5,208,3983.0,False
530169,MOHITPPR,MOHIT PAPER MILLS LTD.,INE388C01017,X,26.04,741,18567.0,False
530171,DAULAT,DAULAT SECURITIES LTD.,INE108C01019,X,30.48,1247,36257.0,False
530175,ODYSSEY,ODYSSEY TECHNOLOGIES LTD.,INE213B01019,X,39.44,3358,136894.0,False
530177,VKGLOBAL,VK Global Industries Limited,INE758B01013,XT,34.0,1290,43784.0,False
530179,RSCINT,RSC INTERNATIONAL LTD.,INE015F01019,XT,104.0,35888,3866890.0,False
530185,SURATRAML,Surat Trade and Mercantile Lim,INE936A01025,X,4.54,71831,327566.0,False
530187,ATHARVENT,ATHARV ENTERPRISES LTD.,INE354E01031,XT,4.86,20264,98845.0,False
530197,FUNDVISER,FUNDVISER CAPITAL (INDIA) LIMI,INE365H01014,X,435.2,251,108952.0,False
530199,THEMISMED,THEMIS MEDICARE LTD.,INE083B01024,B,114.1,9690,1104477.0,True
530201,KALLAM,KALLAM TEXTILES LTD,INE629F01025,XT,2.01,16959,34357.0,False
530207,BRAWN,BRAWN BIOTECH LTD.,INE899B01015,X,24.6,1902,46850.0,False
530213,FORINTL,FORTUNE INTERNATIONAL LTD.,INE501D01013,X,78.5,125,9817.0,False
530215,KINGSINFR,KINGS INFRA VENTURES LIMITED,INE050N01010,X,71.0,139075,10143126.0,False
530217,SWOJAS,SWOJAS FOODS LIMITED,INE295B01016,X,7.03,3657,25763.0,False
530231,SUBSM,SUBHASH SILK MILLS LTD.,INE690D01014,X,49.0,1,49.0,False
530233,AUROLAB,AURO LABORATORIES LTD.,INE292C01011,X,243.8,134,32650.0,False
530235,KJMCFIN,KJMC FINANCIAL SERVICES LTD.,INE533C01018,B,60.5,152,9193.0,True
530239,SUVEN,SUVEN LIFE SCIENCES LTD.,INE495B01038,B,308.5,43738,13430893.0,True
530245,ARYAMAN,ARYAMAN FINANCIAL SERVICES LTD,INE032E01017,B,630.0,4,2520.0,True
530249,BRIDGESE,BRIDGE SECURITIES LTD.,INE958C01025,X,7.94,469595,3753630.0,False
530251,RISAINTL,RISA INTERNATIONAL LTD.,INE001O01029,X,0.44,103805,46448.0,False
530253,RAJTUBE,RAJASTHAN TUBE MANUFACTURING C,INE497E01020,X,8.61,17429,149983.0,False
530255,KAYPOWR,KAY POWER AND PAPER LTD.,INE961B01013,X,9.76,11530,109681.0,False
530259,INTSTOIL,INTER STATE OIL CARRIER LTD.,INE003B01014,XT,51.5,407,19764.0,False
530263,GLOBALCA,GLOBAL CAPITAL MARKETS LTD.,INE062C01042,X,0.46,60994,27774.0,False
530265,SAINIK,SAINIK FINANCE & INDUSTRIES LT,INE584B01013,X,38.79,3577,142051.0,False
530267,ARIGATO,ARIGATO UNIVERSE LIMITED,INE021N01011,X,35.08,302,10594.0,False
530271,RICHUNV,RICH UNIVERSE NETWORK LTD.,INE652D01014,X,10.3,5,51.0,False
530281,QUANTDIA,QUANTUM DIGITAL VISION (INDIA),INE373C01019,XT,42.97,240,10205.0,False
530289,SPCAPIT,SP CAPITAL FINANCING LTD.,INE102F01015,X,54.47,3999,214629.0,False
530291,PAOS,PAOS INDUSTRIES LIMITED,INE791C01012,XT,50.0,250,12496.0,False
530295,SHRAJOI,SHRI RAJIVLOCHAN OIL EXTRACTIO,INE418K01015,X,25.41,500,12705.0,False
530299,KOTHARIPRO,KOTHARI PRODUCTS LTD.,INE823A01017,B,64.17,1397,90145.0,True
530305,PICCADIL,PICCADILY AGRO INDUSTRIES LTD.,INE546C01010,B,580.9,19632,11397079.0,True
530307,CLSEL,CHAMAN LAL SETIA EXPORTS LIMIT,INE419D01026,B,282.4,8876,2540634.0,True
530309,CHANDRAP,CHANDRA PRABHU INTERNATIONAL L,INE368D01025,X,10.26,36249,356653.0,False
530313,KIMIABL,KIMIA BIOSCIENCES LIMITED,INE285U01025,X,31.0,6073,188173.0,False
530315,HINDTIN,HINDUSTAN TIN WORKS LTD.,INE428D01019,X,110.1,2347,258727.0,False
530317,GODAVARI,GODAVARI DRUGS LTD.,INE362C01012,X,118.05,17924,2210533.0,False
530331,PREMCO,PREMCO GLOBAL LTD.,INE001E01012,B,395.0,39,15561.0,True
530343,GENUSPOWER,GENUS POWER INFRASTRUCTURES LT,INE955D01029,A,280.0,135939,38278245.0,True
530355,ASIANENE,ASIAN ENERGY SERVICES LTD,INE276G01015,B,465.75,24316,11202208.0,True
530357,KBSINDIA,KBS INDIA LIMITED,INE883D01023,X,1.28,179250,247262.0,False
530361,PRABHHANS,PRABHHANS INDUSTRIES LIMITED,INE428P01013,XT,56.66,4372,247717.0,False
530363,UGARSUGAR,UGAR SUGAR WORKS LTD.,INE071E01023,T,55.55,17056,943986.0,True
530365,ORIENTBELL,ORIENT BELL LIMITED,INE607D01018,B,400.1,1597,635644.0,True
530367,NRBBEARING,NRB BEARINGS LTD.,INE349A01021,B,543.65,48392,25487450.0,True
530369,VAMSHIRU,VAMSHI RUBBER LTD.,INE380C01014,X,39.0,664,25620.0,False
530377,NILAINFRA,NILA INFRASTRUCTURES LTD.,INE937C01029,B,6.64,35968,240080.0,True
530393,DBSTOCKBRO,DB (INTERNATIONAL) STOCK BROKE,INE921B01025,T,31.5,502,15813.0,True
530401,VINYOFL,VINYOFLEX LTD.,INE526H01011,X,51.55,779,37407.0,False
530405,JINDCAP,JINDAL CAPITAL LTD.,INE356F01017,X,33.27,464,15885.0,False
530407,EPIC,EPIC ENERGY LTD.,INE932F01015,X,32.39,5732,187161.0,False
530419,SUMEDHA,SUMEDHA FISCAL SERVICES LTD.,INE886B01012,B,43.4,1225,53578.0,True
530421,KUWERIN,KUWER INDUSTRIES LTD.,INE430F01010,X,9.92,18602,188620.0,False
530427,CHOKSI,CHOKSI ASIA LIMITED,INE865B01016,X,205.05,3767,736284.0,False
530429,ASHISHPO,ASHISH POLYPLAST LTD.,INE831C01016,X,28.0,1667,47132.0,False
530433,SHIVAAGRO,SHIVA GLOBAL AGRO INDUSTRIES L,INE960E01019,B,38.0,1074,41641.0,True
530439,SIDDHA,SIDDHA VENTURES LTD.,INE140C01012,X,4.39,1977,8883.0,False
530443,KIRANSY-B,KIRAN SYNTEX LTD.,INE293D01017,X,14.8,37,548.0,False
530445,SUMERUIND,SUMERU INDUSTRIES LTD.,INE764B01029,X,1.34,9483,13219.0,False
530449,RUNGTAIR,RUNGTA IRRIGATION LTD.,INE347C01013,X,49.89,188,9101.0,False
530457,GTTDATA,GTT DATA SOLUTIONS LIMITED,INE959B01017,X,34.26,45374,1592126.0,False
530459,VALSONQ,VALSON INDUSTRIES LTD.,INE808A01018,XT,42.0,1,42.0,False
530461,SABOOSOD,SABOO SODIUM CHLORO LTD.,INE440C01016,X,11.61,5086,59979.0,False
530475,TINNARUBR,TINNA RUBBER AND INFRASTRUCTUR,INE015C01016,B,939.85,4424,4122078.0,True
530477,VIKRAMTH,VIKRAM THERMO (INDIA) LTD.,INE337E01010,X,405.9,28138,11890405.0,False
530495,STRATMONT,STRATMONT INDUSTRIES LIMITED,INE473C01025,X,56.05,1320,74064.0,False
530499,AKCAPIT,A.K.CAPITAL SERVICES LTD.,INE701G01012,B,1687.65,191,327588.0,True
530517,RELAXO,RELAXO FOOTWEARS LTD.,INE131B01039,A,285.75,25594,7296554.0,True
530521,VIRAT,VIRAT INDUSTRIES LTD.,INE467D01017,B,333.7,5947,1938165.0,True
530525,RRETAIL,RAJNISH RETAIL LIMITED,INE786J01033,XT,2.08,47827,98683.0,False
530533,TERAI,TERAI TEA CO.LTD.,INE390D01011,B,116.0,2,231.0,True
530545,COSCO,COSCO (INDIA) LTD.,INE949B01018,X,178.95,789,141365.0,False
530549,SHILPAMED,SHILPA MEDICARE LTD.,INE790G01031,A,1063.65,90387,96797929.0,True
530555,PARACABLES,PARAMOUNT COMMUNICATIONS LTD.,INE074B01023,B,56.49,75422,4248265.0,True
530557,NCLRESE,NCL RESEARCH & FINANCIAL SERVI,INE132F01038,XT,0.72,4323047,3195795.0,False
530571,EXPLICITFIN,EXPLICIT FINANCE LTD.,INE335G01019,X,7.72,2,15.0,False
530577,LADDERUP,LADDERUP FINANCE LTD.,INE519D01015,T,50.38,244,12319.0,True
530579,UYFINCORP,U. Y. FINCORP LIMITED,INE152C01025,T,22.97,122547,2767005.0,True
530581,EKAMLEA,EKAM LEASING & FINANCE CO.LTD.,INE906L01025,XT,6.5,9,58.0,False
530585,SWASTIKA,SWASTIKA INVESTMART LIMITED,INE691C01022,XT,146.0,14598,2150824.0,False
530589,PRIMAPLA,PRIMA PLASTICS LTD.,INE573B01016,X,137.8,15537,2135842.0,False
530595,TELECANOR,TELECANOR GLOBAL LTD.,INE381G01013,XT,15.07,9901,148635.0,False
530615,GARGFUR,GARG FURNACE LTD.,INE194E01015,XT,230.15,18864,4432914.0,False
530617,SAMPRE,SAMPRE NUTRITIONS LTD.,INE375C01022,X,5.86,180913,1064636.0,False
530621,AAIL,Akar Auto Industries Limited,INE864E01021,XT,85.46,1536,131893.0,False
530627,VIPULORG,Vipul Organics Limited,INE834D01018,X,259.75,8675,2268616.0,False
530643,ECORECO,ECO RECYCLING LTD.,INE316A01038,B,392.7,2777,1088562.0,True
530655,GOODLUCK,Goodluck India Limited,INE127I01024,B,499.35,51388,25204256.0,True
530663,GOYALASS,GOYAL ASSOCIATES LTD.,INE912B01032,X,1.02,51732,57044.0,False
530665,ZENITHHE,ZENITH HEALTH CARE LTD.,INE812B01026,X,3.15,40469,127875.0,False
530675,YORKEXP,YORK EXPORTS LTD.,INE057Q01018,X,60.46,100,6046.0,False
530677,SUPREME,SUPREME HOLDINGS & HOSPITALITY,INE822E01011,B,30.7,2603,78345.0,True
530689,KROWNIQ,KROWNIQ LIMITED,INE624M01014,X,49.29,15588,774036.0,False
530695,PRIMEPRO,PRIME PROPERTY DEVELOPMENT COR,INE233C01023,X,25.88,5463,140775.0,False
530697,ZENLABS,Zenlabs Ethica Limited,INE546F01013,X,28.1,962,27972.0,False
530699,RAJRILTD,RAJ RAYON INDUSTRIES LIMITED,INE533D01032,T,20.28,932,18924.0,True
530705,ANIRIT,ANIRIT VENTURES LIMITED,INE161F01011,X,38.1,345,13378.0,False
530709,GOWRALE,GOWRA LEASING & FINANCE LTD.,INE225G01012,X,91.0,1,91.0,False
530711,JAGANLAM,JAGAN LAMPS LTD.,INE144C01014,X,56.9,328,19079.0,False
530723,ASITCFIN,ASIT C.MEHTA FINANCIAL SERVICE,INE041B01014,X,108.0,255,27553.0,False
530741,OVOBELE,OVOBEL FOODS LTD.,INE812S01012,XT,260.0,6000,1584856.0,False
530745,ACSTECH,ACS TECHNOLOGIES LIMITED,INE366C01021,T,78.04,482,37615.0,True
530747,CHALLANI,CHALLANI CAPITAL LIMITED,INE807A01010,X,17.33,1974,32456.0,False
530755,CORNE,CORAL NEWSPRINTS LTD.,INE715D01019,X,9.2,250,2300.0,False
530757,MIDAAS,MIDAAS FASHIONS LIMITED,INE0OUS01011,XT,132.0,142,18889.0,False
530759,STERTOOLS,STERLING TOOLS LTD.,INE334A01023,B,224.85,9030,2060731.0,True
530779,DYNAMICP,DYNAMIC PORTFOLIO MANAGEMENT &,INE118C01018,XT,17.87,319,5998.0,False
530787,INLANPR,INLAND PRINTERS LTD.,INE055O01033,XT,66.43,3650,233297.0,False
530789,CEEJAY,CEEJAY FINANCE LTD.,INE358C01010,X,152.6,24,3662.0,False
530795,SUNCITYSY,SUNCITY SYNTHETICS LTD.,INE584D01019,XT,12.0,12,144.0,False
530799,ANNAINFRA,ANNA INFRASTRUCTURES LTD.,INE336D01014,X,23.42,14,327.0,False
530803,BHAGERIA,Bhageria Industries Limited,INE354C01027,B,383.0,30498,11738803.0,True
530805,OIVL,ONESOURCE INDUSTRIES AND VENTU,INE125F01032,X,3.88,449734,1687566.0,False
530809,BNRUDY,BNR UDYOG LTD.,INE355C01016,X,37.59,12,450.0,False
530813,KRBL,KRBL LTD.,INE001B01026,A,375.45,17908,6700509.0,True
530821,SSPDL,SSPDL LTD.,INE838C01011,X,13.17,2732,36161.0,False
530825,DAIKAFFI,DAIKAFFIL CHEMICALS INDIA LTD.,INE789B01018,XT,48.51,296,14610.0,False
530829,CILSEC,CIL SECURITIES LIMITED,INE830A01012,X,36.14,1917,68581.0,False
530839,CLIOINFO,CLIO INFOTECH LTD.,INE011B01017,XT,13.46,24266,322748.0,False
530843,CUPID,CUPID LTD.,INE509F01029,A,312.9,2907267,906779414.0,True
530845,SUNSHIEL,SUNSHIELD CHEMICALS LTD.,INE199E01014,B,1060.3,636,666407.0,True
530853,HIPOLIN,HIPOLIN LTD.,INE963A01011,XT,84.16,120,10033.0,False
530855,GDLLEAS,GDL LEASING & FINANCE LTD.,INE545E01018,X,68.0,2318,157624.0,False
530871,CHEMBOND,Chembond Material Technologies,INE995D01025,B,177.95,1905,339667.0,True
530879,CIFL,CAPITAL INDIA FINANCE LIMITED,INE345H01024,B,20.84,19226,406361.0,True
530881,ABVL,Arunjyoti Bio Ventures Limited,INE485K01022,X,4.04,104527,410868.0,False
530883,SUCROSA,SUPER CROP SAFE LTD.,INE366G01022,XT,13.36,68885,916423.0,False
530889,AUDROC,AUDROC Limited,INE061B01038,XT,22.64,100,2264.0,False
530897,NGIND,N.G.INDUSTRIES LTD.,INE825C01018,X,109.9,74,7745.0,False
530907,SICAPIT,SI CAPITAL & FINANCIAL SERVICE,INE417F01017,XT,11.65,17285,206842.0,False
530919,REMSONSIND,REMSONS INDUSTRIES LTD.,INE474C01023,B,112.65,26506,3054205.0,True
530925,RAMSONS,RAMSONS PROJECTS LTD.,INE609D01014,X,80.0,300,24000.0,False
530943,AQYLON,Aqylon Nexus Limited,INE416A01051,B,15.53,172625,2694481.0,True
530951,RAMINFO,RAMINFO LIMITED,INE357B01022,X,44.94,362,16165.0,False
530953,SUNILAGR,SUNIL AGRO FOODS LTD.,INE224D01012,X,74.1,2982,220969.0,False
530959,DIANATEA,DIANA TEA CO.LTD.,INE012E01035,X,27.05,24324,664410.0,False
530961,VIKASECO,Vikas EcoTech Limited,INE806A01020,B,1.02,222487,227308.0,True
530965,IOC,INDIAN OIL CORPORATION LTD.,INE242A01010,A,132.0,831991,110437651.0,True
530973,ALFAICA,ALFA ICA (INDIA) LTD.,INE042C01010,X,75.3,13,989.0,False
530977,SKCIL,Shri Keshav Cements and Infra,INE260E01014,X,98.5,278,26604.0,False
530979,INDIAHOME,INDIA HOME LOAN LTD.,INE274E01015,X,31.54,206,6510.0,False
530991,ROOPAIND,ROOPA INDUSTRIES LTD.,INE443C01010,X,46.9,3498,165656.0,False
530993,SARTHAKGL,SARTHAK GLOBAL LTD.,INE075H01019,XT,41.0,151,6508.0,False
530997,UNIQUEO,UNIQUE ORGANICS LTD.,INE333E01019,X,84.98,1400,118615.0,False
530999,BALAMINES,BALAJI AMINES LTD.,INE050E01027,B,2051.7,7798,16107488.0,True
531003,SWRNASE,SWARNA SECURITIES LTD.,INE595G01018,X,87.76,12,1053.0,False
531015,VENMAX,VENMAX DRUGS AND PHARMACEUTICA,INE154G01022,X,14.5,1380,20102.0,False
531017,ARISE,ARIHANTS SECURITIES LTD.,INE190D01015,X,21.31,1593,32565.0,False
531025,VISAGAR,VISAGAR FINANCIAL SERVICES LTD,INE309H01038,X,0.29,1459182,411664.0,False
531033,REGAL,REGAL ENTERTAINMENT & CONSULTA,INE101E01010,X,15.82,82,1297.0,False
531035,EBIX,EBIX LIMITED,INE432F01032,T,16.97,35309,596556.0,True
531039,SWADHATURE,Swadha Nature Limited,INE0P4R01017,X,7.87,3,23.0,False
531041,COMPEAU,COMPETENT AUTOMOBILES CO.LTD.,INE823B01015,B,352.5,276,97415.0,True
531043,ZDHJERK,DHANVANTRI JEEVAN REKHA LTD.,INE239F01015,X,22.55,64,1443.0,False
531049,NEELKAN,NEELKANTH ROCKMINERALS LTD.,INE741D01015,Z,68.53,1220,82346.0,False
531067,CONTILI,CONTIL INDIA LTD.,INE080G01029,X,19.0,699,13332.0,False
531069,VIJSOLX,VIJAY SOLVEX LTD.,INE362D01010,B,623.35,139,87036.0,True
531080,SHRIKRISH,SHRI KRISHNA DEVCON LTD.,INE997I01012,B,36.0,203,6885.0,True
531082,ALANKIT,ALANKIT,INE914E01040,B,7.57,15518,119047.0,True
531083,NIHARINF,NIHAR INFO GLOBAL LTD.,INE876E01033,X,4.45,3311,14871.0,False
531091,UNITDCR,UNITED CREDIT LTD.,INE858C01027,X,22.0,307,6755.0,False
531092,OMINFRAL,OM INFRA LIMITED,INE239D01028,B,75.78,6205,468517.0,True
531099,CENTUPLE,CENTUPLE GLOBAL LIMITED,INE396H01019,XT,31.88,3690,111910.0,False
531109,ISHANCH,Ishan Dyes and Chemicals Limit,INE561M01018,B,46.54,105,4887.0,True
531112,BALUFORGE,BALU FORGE INDUSTRIES LIMITED,INE011E01029,A,488.5,41028,20051741.0,True
531119,CEENIK,CEENIK EXPORTS (INDIA) LTD.,INE418D01010,XT,218.9,433,95032.0,False
531120,PATELENG,PATEL ENGINEERING LTD.,INE244B01030,A,25.94,265890,6881040.0,True
531126,KATIPATANG,KATI PATANG LIFESTYLE LIMITED,INE237C01016,X,12.49,33006,407606.0,False
531127,MENAMANI,MENA MANI INDUSTRIES LIMITED,INE148B01033,XT,14.05,20352,286080.0,False
531129,INANI,INANI MARBLES & INDUSTRIES LTD,INE635D01027,X,11.93,83606,989451.0,False
531137,GEMSI,GEMSTONE INVESTMENTS LTD.,INE503D01027,X,1.29,74739,99953.0,False
531144,ELFORGE,EL FORGE LTD.,INE158F01017,X,24.36,75894,1879676.0,False
531146,MEDICAMEQ,MEDICAMEN BIOTECH LTD.,INE646B01010,T,315.3,4800,1517564.0,True
531147,ALICON,ALICON CASTALLOY LIMITED,INE062D01024,B,874.3,121725,104543722.0,True
531153,DILIGENT,DILIGENT INDUSTRIES LTD.,INE650C01036,X,2.09,38183,80032.0,False
531155,EPSOMPRO,EPSOM PROPERTIES LTD.,INE601F01016,X,8.5,3,25.0,False
531156,ALFAVIO,ALFAVISION OVERSEAS (INDIA) LT,INE883B01027,XT,12.82,11231,145215.0,False
531157,ORGCOAT,ORGANIC COATINGS LTD.,INE412E01011,X,19.54,15926,309216.0,False
531158,CATVISION,CATVISION  LIMITED,INE660B01011,X,19.52,3295,63221.0,False
531161,ABMKNO,ABM KNOWLEDGEWARE LTD.,INE850B01026,B,168.85,30,5065.0,True
531162,EMAMILTD,EMAMI LTD.,INE548C01032,A,372.35,164019,61468292.0,True
531163,KEMISTAR,KEMISTAR CORPORATION LIMITED,INE971L01029,X,49.4,5,247.0,False
531168,ASSOCER,ASSOCIATED CERAMICS LTD.,INE771E01010,X,146.3,54,7937.0,False
531169,SKPSEC,SKP SECURITIES LTD.,INE709B01016,X,94.39,404,37960.0,False
531173,SYSCHEM,SYSCHEM (INDIA) LTD.,INE121D01036,X,34.8,21651,762280.0,False
531176,MEFCOMCAP,MEFCOM CAPITAL MARKETS LTD.,INE186C01023,X,11.26,17440,200667.0,False
531178,HEMANG,HEMANG RESOURCES LIMITED,INE930A01010,X,9.35,401,3696.0,False
531179,ARMANFIN,ARMAN FINANCIAL SERVICES LTD.,INE109C01017,B,1761.25,1141,1989552.0,True
531191,FILTRON,FILTRON ENGINEERS LTD.,INE589N01017,X,71.97,55,3958.0,False
531199,GLANCE,GLANCE FINANCE LTD.,INE580D01017,X,191.0,26,5191.0,False
531201,SHILCTECH,SHILCHAR TECHNOLOGIES LTD.,INE024F01011,B,4028.0,1163,4703434.0,True
531205,SPRIGHT,SPRIGHT AGRO LIMITED,INE179O01031,X,0.37,10074919,3879756.0,False
531209,NUCLEUS,NUCLEUS SOFTWARE EXPORTS LTD.,INE096B01018,B,649.25,1239,803290.0,True
531210,COLINZ,COLINZ LABORATORIES LTD.,INE923C01011,XT,73.5,2711,198997.0,False
531212,NLFL,NALIN LEASE FINANCE LTD.,INE606C01012,X,38.4,56,2150.0,False
531213,MANAPPURAM,Manappuram Finance Ltd,INE522D01027,A,308.2,224255,69795918.0,True
531215,RTSPOWR,RTS POWER CORPORATION LTD.,INE005C01017,B,114.15,5376,610486.0,True
531216,COMFINTE,COMFORT INTECH LTD.,INE819A01049,B,6.21,74411,460566.0,True
531219,SHYAMACOMP,Shyama Computronics and Servic,INE861E01019,P,3.57,1500,5355.0,False
531221,MAYURFL,MAYUR FLOORINGS LTD.,INE262W01012,X,17.87,215,3842.0,False
531223,ANJANI,ANJANI SYNTHETICS LTD.,INE364D01032,X,27.53,4419,123532.0,False
531225,XTGLOBAL,XTGLOBAL INFOTECH LIMITED,INE547B01028,B,28.6,3222,92369.0,True
531228,RANDER,RANDER CORPORATION LTD.,INE821D01031,XT,12.9,3,38.0,False
531233,RASIELEC,RASI ELECTRODES LTD.,INE822D01021,X,13.18,15282,200190.0,False
531234,SCOOBEEDAY,SCOOBEE DAY GARMENTS (INDIA) L,INE962E01015,X,66.65,909,60656.0,False
531235,CITIPOR,CITIPORT FINANCIAL SERVICES LT,INE494D01011,X,38.85,3,116.0,False
531237,DHRUVCA,DHRUVA CAPITAL SERVICES LTD.,INE972E01014,X,77.74,1176,87544.0,False
531241,LINC,LINC LIMITED,INE802B01027,B,87.21,8017,703020.0,True
531246,PRIMAIN,PRIMA INDUSTRIES LTD.,INE723N01012,X,16.31,1182,19768.0,False
531253,INDGELA,INDIA GELATINE & CHEMICALS LTD,INE342D01012,X,369.4,3168,1175210.0,False
531254,OPTIFIN,Optimus Finance Limited,INE031G01022,B,14.49,7653,114146.0,True
531255,PARAGONF,PARAGON FINANCE LTD.,INE015E01012,X,54.7,12,610.0,False
531257,VELLORA,VELLORA IMPACT LIMITED,INE530D01012,X,14.37,11885,167860.0,False
531259,ESHAMEDIA,ESHA MEDIA RESEARCH LIMITED,INE328F01016,XT,38.19,1,38.0,False
531266,VSTTILLERS,V.S.T.TILLERS TRACTORS LTD.,INE764D01017,B,4340.65,2143,9519330.0,True
531268,B2BSOFT,B2B SOFTWARE TECHNOLOGIES LTD.,INE151B01011,X,22.64,11185,248606.0,False
531272,NIKKIGL,NIKKI GLOBAL FINANCE LTD.,INE526C01012,X,19.95,985,19606.0,False
531273,RADHEDE,RADHE DEVELOPERS (INDIA) LTD.,INE986B01044,X,1.35,168578,227087.0,False
531274,KINETRU,KINETIC TRUST LTD.,INE674M01019,XT,51.15,8,409.0,False
531278,ELIXIR,Elixir Capital Limited,INE785D01012,X,98.0,322,31560.0,False
531279,TRISHAKT,Trishakti Industries Limited,INE238C01022,XT,251.55,16625,4186199.0,False
531280,PANKAJPO,PANKAJ POLYMERS LTD.,INE698B01011,XT,126.55,2290,289793.0,False
531281,MARBLE,MARBLE CITY INDIA LIMITED,INE807H01023,XT,166.0,2576,422626.0,False
531286,ADHHATA,ADHATA GLOBAL LIMITED,INE586D01014,X,20.53,10,205.0,False
531287,NATPLASTI,NATIONAL PLASTIC TECHNOLOGIES,INE896D01017,X,213.0,639,135922.0,False
531288,LEADFIN,LEAD FINANCIAL SERVICES LTD.,INE531D01010,X,17.0,58,986.0,False
531289,NATFIT,NATIONAL FITTINGS LIMITED,INE643C01015,XT,311.6,23486,7447213.0,False
531297,ARTEFACT,ARTEFACT PROJECTS LTD.,INE885B01014,X,52.8,2138,112702.0,False
531301,TUSALDAH,TUSALDAH LIMITED,INE319M01011,X,174.15,173,30127.0,False
531304,NUTECGLOB,NUTECH GLOBAL LTD.,INE960H01012,X,27.8,1350,36715.0,False
531306,DHPIND,DHP INDIA LTD.,INE590D01016,X,504.8,192,96031.0,False
531307,RRIL,RRIL LIMITED,INE951M01037,B,15.3,10112,147813.0,True
531310,AVAILFC,AVAILABLE FINANCE LTD.,INE325G01010,X,134.1,4617,622677.0,False
531314,INTCAPL,INTEGRA CAPITAL LIMITED,INE366H01012,X,12.65,7,88.0,False
531319,MGIL,MARUTI GLOBAL INDUSTRIES LIMIT,INE368C01019,X,41.89,3177,131034.0,False
531322,HAVISHA,SRI HAVISHA HOSPITALITY INFRAS,INE293B01029,B,1.35,12982,18796.0,True
531323,JAYIND,JAYATMA INDUSTRIES LIMITED,INE250D01017,X,12.35,4,49.0,False
531324,ROSELABS,ROSELABS FINANCE LTD.,INE475C01012,X,21.09,564,12101.0,False
531328,KRETTOSYS,KRETTO SYSCON LIMITED,INE128R01023,X,0.44,1994966,887786.0,False
531334,VIKALPS,VIKALP SECURITIES LTD.,INE186E01011,X,22.15,20,443.0,False
531335,ZYDUSWELL,ZYDUS WELLNESS LTD.,INE768C01028,A,493.4,18897,9383124.0,True
531340,BERVINL,BERVIN INVESTMENT & LEASING LT,INE348I01018,X,49.1,41,2013.0,False
531344,CONCOR,CONTAINER CORPORATION OF INDIA,INE111A01025,A,445.6,52775,23366590.0,True
531346,EASTRED,EASTERN TREADS LTD.,INE500D01015,X,29.58,2502,73988.0,False
531349,PANACEABIO,PANACEA BIOTEC LTD.,INE922B01023,B,357.9,4914,1766762.0,True
531352,PEETISEC,PEETI SECURITIES LTD.,INE328D01011,X,20.37,224,4563.0,False
531357,MERCURYEV,MERCURY EV-TECH LIMITED,INE763M01028,B,37.15,166820,6345271.0,True
531358,CHOICEIN,CHOICE INTERNATIONAL LTD.,INE102B01014,A,719.6,191341,137030874.0,True
531359,SRAMSET,SHRIRAM ASSET MANAGEMENT CO.LT,INE777G01012,X,257.25,227,57871.0,False
531360,GOLECHA,GOLECHHA GLOBAL FINANCE LTD.,INE427D01011,X,25.01,185,4744.0,False
531364,EKANSH,Ekansh Concepts Limited,INE005E01013,X,201.35,1141,225517.0,False
531370,SPAR,SPARC ELECTREX LIMITED,INE960B01015,X,4.39,34790,151107.0,False
531373,BYKE,THE BYKE HOSPITALITY LTD.,INE319B01014,B,28.4,4878,139372.0,True
531380,CSURGSU,CENTENIAL SURGICAL SUTURE LTD.,INE405H01018,X,102.0,45,4593.0,False
531381,ARIHANT,ARIHANT FOUNDATIONS & HOUSING,INE413D01011,B,896.7,144,128472.0,True
531387,HASTIFIN,HASTI FINANCE LTD.,INE671D01014,XT,8.1,153,1241.0,False
531390,UPSURGE,UPSURGE INVESTMENT & FINANCE L,INE890B01014,X,61.57,60816,3826714.0,False
531395,PADAMCO,PADAM COTTON YARNS LTD.,INE448D01025,XT,0.92,241661,224678.0,False
531396,WOMENNET,WOMEN NETWORKS LTD.,INE905B01010,X,6.82,6,40.0,False
531397,POLYCON,POLYCON INTERNATIONAL LTD.,INE262C01014,XT,26.32,144,3868.0,False
531398,SOURCENTRL,SOURCE NATURAL FOODS & HERBAL,INE679C01027,X,107.4,1289,136211.0,False
531399,GGAUTO,G.G.AUTOMOTIVE GEARS LTD.,INE493B01017,X,209.3,15423,3315823.0,False
531400,ALMONDZ,ALMONDZ GLOBAL SECURITIES LTD.,INE326B01035,T,19.4,29270,571730.0,True
531402,LWSKNIT,LWS KNITWEAR LTD.,INE281M01013,X,15.34,49219,782113.0,False
531406,ANSINDUS,ANS INDUSTRIES LTD,INE234J01018,XT,20.0,2092,41834.0,False
531411,TUNITEX,TUNI TEXTILE MILLS LTD.,INE560D01027,XT,2.14,5456290,11626184.0,False
531412,RADIXIND,RADIX INDUSTRIES (INDIA) LIMIT,INE576N01014,X,128.5,27,3469.0,False
531416,NARPROP,NARENDRA PROPERTIES LTD.,INE603F01012,X,32.85,812,25643.0,False
531417,MEGACOR,MEGA CORPORATION LTD.,INE804B01023,X,2.35,43138,101367.0,False
531420,BMBMUMG,BMB MUSIC & MAGNETICS LTD.,INE644K01016,XT,5.86,1353,7978.0,False
531426,TNPL,TAMIL NADU NEWSPRINT & PAPERS,INE107A01015,B,148.0,8504,1255104.0,True
531431,SHAKTIPUMP,SHAKTI PUMPS (INDIA) LTD.,INE908D01010,A,454.25,41624,18962149.0,True
531433,SUNGOLD,SUNGOLD CAPITAL LTD.,INE271D01013,X,2.85,101,292.0,False
531436,SAFFRON,SAFFRON INDUSTRIES LIMITED,INE474D01013,X,23.12,1207,27886.0,False
531437,PWASML,Prakash Woollen & Synthetic Mi,INE523I01016,X,21.83,1928,41044.0,False
531439,GOLDTECH,AION TECH SOLUTIONS LIMITED,INE805A01014,T,44.0,345,15180.0,True
531441,LYONSCO,LYONS CORPORATE MARKET LTD.,INE100F01019,X,20.33,1,20.0,False
531449,GRMOVER,GRM OVERSEAS LTD.,INE192H01020,B,77.91,353748,27559461.0,True
531453,MOHITIND,MOHIT INDUSTRIES LTD.,INE954E01012,B,22.51,345,7672.0,True
531454,POLYLINK,POLYLINK POLYMERS (INDIA) LTD.,INE323D01020,X,21.56,12393,274858.0,False
531456,MINAXI,MINAXI TEXTILES LTD.,INE952C01028,X,1.29,5312,6869.0,False
531458,BOSTON,BOSTON COMMERCE LIMITED,INE109B01019,XT,10.12,21701,219614.0,False
531460,CONTICON,CONTINENTAL CONTROLS LTD.,INE545B01022,XT,16.5,209,3448.0,False
531465,NOUVEAU,NOUVEAU GLOBAL VENTURES LTD.,INE317B01042,XT,0.32,50711,16321.0,False
531471,DUKEOFS,DUKE OFFSHORE LTD.,INE397G01019,XT,89.22,6124,546383.0,False
531472,CYBELEIND,CYBELE INDUSTRIES LTD.,INE183D01010,X,36.04,5037,182013.0,False
531486,FILME,FILMCITY MEDIA LTD.,INE600B01033,XT,1.53,21301,31845.0,False
531489,CGVAK,CG-VAK SOFTWARE & EXPORTS LTD.,INE084D01010,B,149.85,216,32431.0,True
531494,NAVKARURB,NAVKAR URBANSTRUCTURE LIMITED,INE268H01044,B,0.85,34652,29796.0,True
531497,MADHUCON,MADHUCON PROJECTS LTD.,INE378D01032,B,3.89,16721,65490.0,True
531500,RAJESHEXPO,RAJESH EXPORTS LTD.,INE343B01030,Z,62.4,27459,1716025.0,True
531502,ESARIND,ESAAR (INDIA) LTD.,INE404L01039,X,10.99,588330,6497969.0,False
531503,MARIS,MARIS SPINNERS LTD.,INE866D01010,X,37.5,2192,81106.0,False
531506,SKRABUL,SHUKRA BULLIONS LTD.,INE561E01015,X,31.24,2965,92626.0,False
531508,EVEREADY,EVEREADY INDUSTRIES INDIA LTD.,INE128A01029,B,316.8,3452,1086538.0,True
531512,ORIENTTR,ORIENT TRADELINK LTD.,INE681D01039,X,4.01,138975,560598.0,False
531515,MAHANIN,MAHAN INDUSTRIES LTD.,INE735D01041,XT,27.88,1483,41346.0,False
531518,VIKASPROP,VIKAS PROPPANT & GRANITE LTD.,INE767B01022,Z,0.26,245625,61812.0,False
531525,ACESOFT,ACE SOFTWARE EXPORTS LTD.,INE849B01010,XT,192.05,30225,5794707.0,False
531529,SOFTRAKV,SOFTRAK VENTURE INVESTMENT LTD,INE562E01021,XT,1.59,16719,26336.0,False
531530,BETALA,BETALA GLOBAL SECURITIES LTD.,INE658E01027,X,27.26,963,26235.0,False
531531,HATSUN,HATSUN AGRO PRODUCT LTD.,INE473B01035,A,1115.4,2763,2978240.0,True
531533,ACCEDERE,ACCEDERE LIMITED,INE578B01015,X,44.47,1496,66854.0,False
531537,MIZVEN,MIZZEN VENTURES LIMITED,INE681K01026,XT,33.3,4770,166695.0,False
531539,RISHDIGA,RISHABH DIGHA STEEL & ALLIED P,INE864D01015,X,43.79,6591,292031.0,False
531540,MAINFRA,MARUTI INFRASTRUCTURE LTD.,INE392G01028,X,11.22,9785,110843.0,False
531541,KOBO,KOBO BIOTECH LIMITED,INE881A01015,Z,3.62,29599,107155.0,False
531543,JINDWORLD,JINDAL WORLDWIDE LTD.,INE247D01039,B,45.71,138911,6326158.0,True
531548,SOMANYCERA,SOMANY CERAMICS LTD.,INE355A01028,B,613.95,4402,2692922.0,True
531550,JHACC,JHAVERI CREDITS & CAPITAL LTD.,INE865D01012,X,197.5,806,156878.0,False
531552,RAGHUTOB,RAGHUNATH TOBACCO CO.LTD.,INE754B01012,X,13.8,3413,46191.0,False
531553,DRL,DISHA RESOURCES LIMITED,INE193D01019,XT,34.89,103,3633.0,False
531556,CORALFINAC,CORAL INDIA FINANCE & HOUSING,INE558D01021,B,31.0,591,18400.0,True
531557,AMITSEC,AMIT SECURITIES LTD.,INE137E01014,X,35.14,1557,54712.0,False
531569,SANJIVIN,SANJIVANI PARANTERAL LTD.,INE860D01013,X,165.1,6361,1055877.0,False
531572,RANJITSE,RANJIT SECURITIES LTD.,INE863D01017,XT,59.35,36,2136.0,False
531574,VASINFRA,VAS INFRASTRUCTURE LTD.,INE192C01013,XT,6.87,330,2300.0,False
531582,BERYLSE,BERYL SECURITIES LTD.,INE508J01015,X,31.97,3,93.0,False
531583,RAP,RAP CORP LIMITED,INE483D01014,X,30.06,2305,71824.0,False
531585,DEVINE,DEVINE IMPEX LTD.,INE455C01014,X,8.1,6,48.0,False
531591,BAMPSL,BAMPSL SECURITIES LTD.,INE802A01037,X,17.79,2647,46822.0,False
531592,GENPHARMA,GENPHARMASEC LIMITED,INE861N01036,X,1.07,299160,323433.0,False
531594,INCON,INCON ENGINEERS LTD.,INE507D01010,XT,21.01,1063,22372.0,False
531595,CGCL,CAPRI GLOBAL CAPITAL LIMITED,INE180C01042,A,249.5,150698,37477031.0,True
531599,FDC,FDC LTD.,INE258B01022,B,335.55,5038,1700606.0,True
531608,GORANIN,GORANI INDUSTRIES LTD.,INE792J01015,X,41.02,3,123.0,False
531609,KGPETRO,KG PETROCHEM LTD.,INE902G01016,X,177.65,30,5329.0,False
531613,MAL,Meyer Apparel Limited,INE100C01024,XT,1.83,707,1293.0,False
531624,COUNCODOS,COUNTRY CONDOS LTD.,INE695B01025,T,6.37,540,3434.0,True
531626,OROSMITHS,OROSIL SMITHS INDIA LTD.,INE628B01034,X,6.64,19537,131916.0,False
531628,TEJASSVI,TEJASSVI AAHARAM LIMITED,INE173E01019,XT,65.0,3308,210874.0,False
531633,LINCOLN,LINCOLN PHARMACEUTICALS LTD.,INE405C01035,B,582.15,1313,760875.0,True
531635,SILVOAK,SILVER OAK (INDIA) LTD.,INE870J01019,X,76.0,413,30780.0,False
531637,PRAVEG,PRAVEG LIMITED,INE722B01019,B,238.0,4798,1125355.0,True
531638,SURAJLTD,SURAJ LTD.,INE713C01016,B,194.0,10,1940.0,True
531642,MARICO,MARICO LTD.,INE196A01026,A,780.1,39741,30911081.0,True
531644,TOKYOFIN,TOKYO FINANCE LTD.,INE546D01018,X,18.94,296,5595.0,False
531651,NATGENI,NATIONAL GENERAL INDUSTRIES LT,INE654H01011,X,54.0,17,927.0,False
531652,UVS,UVS HOSPITALITY AND SERVICES L,INE528C01018,X,76.88,3410,260502.0,False
531658,ABATEAS,ABATE AS INDUSTRIES LIMITED,INE454E01013,X,7.98,66809,508579.0,False
531661,HITTCO,HITTCO TOOLS LTD.,INE863C01019,XT,12.68,9768,124966.0,False
531663,YUVRAAJHPL,YUVRAAJ HYGIENE PRODUCTS LTD.,INE139D01020,X,9.0,287876,2591522.0,False
531667,RRMETAL,RR METALMAKERS INDIA LIMITED,INE117K01013,XT,43.24,5350,232791.0,False
531668,VISIONCO,VISION CORPORATION LTD.,INE661D01015,XT,2.2,3186,7008.0,False
531671,KARNAWATI,Karnawati Innovation Limited,INE214D01021,X,1.15,65311,75048.0,False
531673,ANKIN,ANKA INDIA LTD.,INE067C01025,X,18.19,5911,109206.0,False
531676,EMROCK,EMROCK CORPORATION LIMITED,INE554H01021,XT,250.1,400,99437.0,False
531680,MAYUR,MAYUR LEATHER PRODUCTS LTD.,INE799E01011,XT,39.97,2257,89535.0,False
531681,AMERISE,AMERISE BIOSCIENCES LIMITED,INE673C01020,XT,0.78,6527,5090.0,False
531688,PRITHVIEXCH,Prithvi Exchange (India) Limit,INE621B01021,X,106.65,1551,164626.0,False
531692,KHYATI,KHYATI MULTIMEDIA-ENTERTAINMEN,INE593B01030,X,2.99,971,2878.0,False
531694,RAINBOWF,RAINBOW FOUNDATIONS LTD.,INE230F01014,X,29.16,4802,137134.0,False
531716,TRICOMFRU,TRICOM FRUIT PRODUCTS LIMITED,INE843F01014,XT,1.25,3976,5095.0,False
531717,VIDHIING,Vidhi Specialty Food Ingredien,INE632C01026,B,351.0,558,196387.0,True
531719,BHAGCHEM,BHAGIRADHA CHEMICALS & INDUSTR,INE414D01027,B,235.05,7234,1697844.0,True
531723,GATECH,GACM Technologies Limited,INE224E01028,T,0.65,2061969,1346295.0,True
531726,PANCHSHEEL,PANCHSHEEL ORGANICS LTD.,INE316G01019,X,102.85,4883,510883.0,False
531727,MENNPIS,MENON PISTONS LTD.,INE650G01029,T,71.43,7291,512838.0,True
531737,GREENCREST,GREENCREST FINANCIAL SERVICES,INE414C01045,X,0.6,104282,62140.0,False
531739,GENNEX,GENNEX LABORATORIES LTD.,INE509C01026,X,9.8,250950,2482077.0,False
531744,GINISILK,GINI SILK MILLS LTD.,INE548B01018,X,57.0,714,40698.0,False
531746,PRAENG,PRAJAY ENGINEERS SYNDICATE LTD,INE505C01016,B,20.58,7720,158815.0,True
531752,BIOGEN,BIOGEN PHARMACHEM INDUSTRIES L,INE703D01023,X,0.27,4865035,1317398.0,False
531758,GKCONS,G.K.CONSULTANTS LTD.,INE131D01019,X,11.35,610,6558.0,False
531761,APOLLOPIPE,APOLLO PIPES LIMITED,INE126J01016,B,512.75,7715,3934278.0,True
531762,UNJHAFOR,UNJHA FORMULATIONS LTD.,INE576D01015,XT,33.0,3968,129726.0,False
531768,POLYMED,POLY MEDICURE LTD.,INE205C01021,A,1638.35,6721,10964016.0,True
531769,PFLINFOTC,PFL INFOTECH LTD.,INE600F01018,X,4.49,560,2511.0,False
531771,SHRADDHA,SHRADDHA PRIME PROJECTS LTD,INE311M01018,B,155.1,871,134934.0,True
531778,KACHCHH,KACHCHH MINERALS LTD.,INE059E01010,X,25.76,784,20159.0,False
531780,KACL,KAISER CORPORATION LIMITED,INE229G01022,X,5.66,26496,152991.0,False
531784,KCLINFRA,KCL Infra Projects Limited,INE469F01026,X,1.21,148217,184309.0,False
531795,ATULAUTO,ATUL AUTO LTD.,INE951D01028,B,424.6,37347,16577030.0,True
531802,PRERINFRA,PRERNA INFRABUILD LTD.,INE426H01014,X,24.52,10752,261200.0,False
531810,METALCO,METAL COATINGS (INDIA) LTD.,INE161E01014,X,52.57,7,368.0,False
531812,SGNTE,SGN TELECOMS LTD.,INE266C01023,X,0.55,5483,3047.0,False
531813,GANGAPA,GANGA PAPERS INDIA LTD.,INE278O01015,XT,85.09,10,852.0,False
531814,TIRSARJ,TIRUPATI SARJAN LTD.,INE297J01023,X,7.6,1792,13719.0,False
531821,MUNOTHFI,MUNOTH FINANCIAL SERVICES LTD.,INE348D01019,XT,62.15,2,128.0,False
531822,RODIUM,RODIUM REALTY LIMITED,INE513E01024,X,139.9,45,6376.0,False
531832,NAGTECH,NAGARJUNA AGRI TECH LTD.,INE793H01017,X,36.99,5099,188432.0,False
531834,NATHUEC,NATURA HUE CHEM LTD.,INE487B01019,XT,37.22,1768,70692.0,False
531840,IECEDU,IEC EDUCATION LTD.,INE172B01017,X,24.83,5808,145186.0,False
531841,INDUSFINL,Indus Finance Limited,INE935D01013,XT,328.15,1940,639710.0,False
531842,LAHOTIOV,LAHOTI OVERSEAS LTD.,INE515C01023,B,40.71,7200,288103.0,True
531845,ZENITHSTL,ZENITH STEEL PIPES AND  INDUST,INE318D01020,B,5.12,11264,59014.0,True
531846,TRINITYLEA,TRINITY LEAGUE INDIA LTD.,INE884X01011,X,10.02,297,2975.0,False
531847,ASTAR,ASIAN STAR CO.LTD.,INE194D01017,B,674.15,1,674.0,True
531859,ORIRAIL,ORIENTAL RAIL INFRASTRUCTURE L,INE457G01029,B,124.1,22267,2780371.0,True
531861,JOINDRE,JOINDRE CAPITAL SERVICES LTD.,INE024B01010,X,47.45,459,21703.0,False
531862,BHARATAGRI,BHARAT AGRI FERT & REALTY LTD.,INE842D01029,X,21.91,5192,110837.0,False
531867,UNITINT,UNITECH INTERNATIONAL LTD.,INE929K01011,Z,2.96,3669,10828.0,False
531869,SACHEMT,SACHETA METALS LTD.,INE433G01020,X,3.68,34153,122855.0,False
531878,ANJANIFIN,ANJANI FINANCE LTD.,INE283D01018,X,8.1,72,589.0,False
531888,REXNORD,REXNORD ELECTRONICS & CONTROLS,INE687C01012,X,94.53,2739,258585.0,False
531889,NWIL,NURTURE WELL INDUSTRIES LIMITE,INE882B01037,X,20.03,262064,5291478.0,False
531892,KHANDSE,KHANDWALA SECURITIES LTD.,INE060B01014,B,16.51,340,5700.0,True
531893,SAWACA,SAWACA ENTERPRISES LIMITED,INE248B01023,X,0.28,691931,193575.0,False
531900,CCLINTER,CCL INTERNATIONAL LTD.,INE778E01031,X,22.0,3638,82659.0,False
531902,GALLOPENT,GALLOPS ENTERPRISE LTD.,INE755J01012,XT,39.99,21,839.0,False
531909,CROISSANCE,CROISSANCE LIMITED,INE587J01027,XT,1.04,86833,91415.0,False
531910,JOJO,JOJO LIMITED,INE312M01024,XT,225.2,3284,733376.0,False
531911,GALAGEX,GALAXY AGRICO EXPORTS LTD.,INE803L01016,XT,88.17,273,24862.0,False
531913,CASTORA,CASTORA AGRI COMMODITIES LIMIT,INE641H01018,X,11.87,12125,143135.0,False
531918,HINDAPL,HINDUSTAN APPLIANCES LTD.,INE02XD01011,X,77.88,145,11265.0,False
531921,AGARIND,AGARWAL INDUSTRIAL CORPORATION,INE204E01012,B,385.2,764,295863.0,True
531923,DHAMPURE,DHAMPURE SPECIALITY SUGARS LTD,INE956B01013,X,144.45,4795,681923.0,False
531925,SHAQUAK,SHANTANU SHEOREY AQUAKULT LTD.,INE545N01019,X,1.16,3154,3633.0,False
531928,GOLCA,GOLDEN CARPETS LTD.,INE595D01015,X,10.25,5,51.0,False
531929,INNOCORP,INNOCORP LTD.,INE214B01017,X,4.01,577,2318.0,False
531930,SARTHAKIND,SARTHAK INDUSTRIES LTD.,INE074H01012,X,25.0,2021,50015.0,False
531931,SAICAPI,SAI CAPITAL LTD.,INE531X01018,B,142.0,22,3135.0,True
531944,LEXORAA,LEXORAA INDUSTRIES LIMITED,INE185D01015,X,16.06,174,2795.0,False
531950,VERTEX,VERTEX SECURITIES LTD.,INE316D01024,X,3.09,5538,17154.0,False
531952,RIBATEX,RIBA TEXTILES LTD.,INE811H01017,XT,65.8,1726,112117.0,False
531959,NEWINFRA,NEWTIME INFRASTRUCTURE LIMITED,INE997D01021,X,1.83,78350,144339.0,False
531962,SHREMETAL,SHREE METALLOYS LTD.,INE914B01012,X,36.12,1666,60741.0,False
531977,CHLOGIST,CHARTERED LOGISTICS LTD.,INE558F01026,XT,8.03,144766,1186662.0,False
531978,AMBIKCO,AMBIKA COTTON MILLS LTD.,INE540G01014,B,1505.25,132,198532.0,True
531979,HINDALUMI,HIND ALUMINIUM INDUSTRIES LTD.,INE227B01019,B,89.85,494,44620.0,True
531982,SPECFOOD,SPECTRUM FOODS LTD.,INE547C01018,XT,18.2,7146,129311.0,False
531989,DECPO,DECCAN POLYPACKS LTD.,INE132E01015,X,22.5,206,4635.0,False
531991,AMRAAGRI,AMRAWORLD AGRICO LTD.,INE735C01027,X,0.52,64423,34900.0,False
531994,AUTOPINS,AUTO PINS (INDIA) LTD.,INE706C01028,XT,162.15,1,162.0,False
531996,ODYCORP,ODYSSEY CORPORATION LTD.,INE839E01023,B,6.9,1719,11765.0,True
531997,IKOMA,IKOMA TECHNOLOGIES LIMITED,INE164D01010,XT,52.25,5375,282243.0,False
532001,INDCTST,INDUCTO STEEL LTD.,INE146H01018,X,62.5,268,15521.0,False
532005,SAMINDUS,SAM INDUSTRIES LTD.,INE653D01012,X,37.5,120,4499.0,False
532007,SHVFL,SHREEVATSAA FINANCE & LEASING,INE981C01019,X,27.75,10,277.0,False
532011,POOJAENT,VASHU BHAGNANI INDUSTRIES LIMI,INE147C01017,X,65.69,1856,121401.0,False
532015,GRAVITY,GRAVITY (INDIA) LTD.,INE995A01013,X,13.71,53881,749732.0,False
532016,ESPIRE,ESPIRE HOSPITALITY LIMITED,INE176O01011,X,148.0,1013,149933.0,False
532019,LCCINFOTEC,LCC INFOTECH LTD.,INE938A01021,T,3.91,5242,22009.0,True
532022,FILATFASH,FILATEX FASHIONS LTD.,INE185E01021,B,0.19,437737,83170.0,True
532029,SINDHUTRAD,SINDHU TRADE LINKS LIMITED,INE325D01025,B,22.13,27022,606451.0,True
532039,ZENOTECH,ZENOTECH LABORATORIES LTD.,INE486F01012,X,41.99,8071,338348.0,False
532041,HINDBIO,HINDUSTAN BIO SCIENCES LTD.,INE597C01021,XT,7.35,12105,89465.0,False
532042,FRONTCORP,FRONTLINE CORPORATION LTD.,INE092D01013,X,35.48,125,4435.0,False
532051,SWELECTES,SWELECT ENERGY SYSTEMS LIMITED,INE409B01013,B,594.3,906,534307.0,True
532053,WALLFORT,WALLFORT FINANCIAL SERVICES LT,INE121B01014,X,76.15,57,4469.0,False
532054,KDDL,KDDL LTD.,INE291D01011,B,3920.15,1978,7761394.0,True
532056,TRUSTEDGE,Trustedge Capital Limited,INE398H01015,X,134.5,13,1722.0,False
532057,ABHICAP,ABHINAV CAPITAL SERVICES LTD.,INE516F01016,XT,144.0,75,10805.0,False
532067,3BBLACKBIO,3B BlackBio Dx Limited,INE994E01018,B,1654.8,3293,5533838.0,True
532070,GUJJUBHAI,GUJJUBHAI INDUSTRIES LIMITED,INE311N01016,X,117.9,12617,1487113.0,False
532090,ATVOENT,Atvo Enterprises Limited,INE219M01021,X,38.28,47517,1802117.0,False
532092,EPUJA,EPUJA SPIRITECH LIMITED,INE807D01030,X,1.01,42109,42410.0,False
532100,INDOCITY,INDO-CITY INFOTECH LTD.,INE456B01014,X,12.45,1313,16443.0,False
532102,SBECSUG,SBEC SUGAR LTD.,INE948G01019,X,70.0,1147,78214.0,False
532113,BRIJLEAS,BRIJLAXMI LEASING & FINANCE LT,INE957E01031,X,10.2,2680,22776.0,False
532123,BSELALGO,BSEL ALGO LIMITED,INE395A01016,X,3.53,108921,391098.0,False
532124,RELIABVEN,RELIABLE VENTURES INDIA LTD.,INE419H01019,XT,29.85,206,6137.0,False
532134,BANKBARODA,BANK OF BARODA,INE028A01039,A,231.75,3700787,860591578.0,True
532140,MOHITE,MOHITE INDUSTRIES LIMITED,INE154B01023,B,2.45,19301,46870.0,True
532141,ACL,ANDHRA CEMENTS LTD.,INE666E01020,B,39.75,442,17539.0,True
532143,SKMEGGPROD,SKM EGG PRODUCTS EXPORT (INDIA,INE411D01023,B,205.5,26195,5353698.0,True
532144,WELCORP,WELSPUN CORP LIMITED,INE191B01025,A,2606.55,117789,308164994.0,True
532145,HOTLSILV,H.S.INDIA LTD.,INE731B01010,X,11.1,13,142.0,False
532149,BANKINDIA,BANK OF INDIA,INE084A01016,A,129.2,374685,48304391.0,True
532150,INDRAMEDCO,INDRAPRASTHA MEDICAL CORP.LTD.,INE681B01017,A,338.75,20913,7091202.0,True
532154,JOHNPHARMA,JOHNSON PHARMACARE LIMITED,INE560F01022,X,0.42,803590,335027.0,False
532155,GAIL,GAIL (INDIA) LTD.,INE129A01019,A,170.8,281959,47999792.0,True
532156,VAIBHAVGBL,VAIBHAV GLOBAL LTD,INE884A01027,B,204.3,14529,2913642.0,True
532159,TRESCON,TRESCON LIMITED,INE088D01011,X,6.96,13050,86176.0,False
532160,GUJSTATFIN,GUJARAT STATE FINANCIAL CORPOR,INE944A01011,B,9.39,3041,28262.0,False
532162,JKPAPER,JK PAPER LTD.,INE789E01012,A,382.75,18388,7068104.0,True
532163,SAREGAMA,SAREGAMA INDIA LTD.,INE979A01025,A,493.7,11577,5721880.0,True
532167,OMKARPH,OMKAR PHARMACHEM LTD.,INE501C01015,XT,9.73,2,19.0,False
532172,ADROITINFO,Adroit Infotech Limited,INE737B01033,T,13.94,21217,300281.0,True
532173,CYBERTECH,CYBERTECH SYSTEMS AND SOFTWARE,INE214A01019,T,134.2,3811,513134.0,True
532174,ICICIBANK,ICICI BANK LTD.,INE090A01021,A,1305.5,5960670,7852743494.0,True
532175,CYIENT,CYIENT LIMITED,INE136B01020,A,1105.5,42508,46336892.0,True
532178,ENGINERSIN,ENGINEERS INDIA LTD.,INE510A01028,A,312.65,628952,195820575.0,True
532180,DHANBANK,DHANLAXMI BANK LIMITED,INE680A01011,B,26.87,39202,1053909.0,True
532181,GMDCLTD,GUJARAT MINERAL DEVELOPMENT CO,INE131A01031,A,487.8,189228,92838292.0,True
532183,GAYATRI,GAYATRI SUGARS LTD.,INE622E01023,X,7.34,53918,392955.0,False
532187,INDUSINDBK,INDUSIND BANK LTD.,INE095A01012,A,880.0,67774,60078194.0,True
532189,ITDC,INDIA TOURISM DEVELOPMENT CORP,INE353K01014,B,666.85,12484,8374725.0,True
532209,J&KBANK,JAMMU & KASHMIR BANK LTD.,INE168A01041,A,140.05,247753,34739232.0,True
532210,CUB,CITY UNION BANK LIMITED,INE491A01021,A,229.8,217032,49797165.0,True
532212,ARCHIES,ARCHIES LTD.,INE731A01020,B,12.48,2667,32339.0,True
532215,AXISBANK,AXIS BANK LTD.,INE238A01034,A,1214.0,432473,527534124.0,True
532216,HBSL,HB STOCKHOLDINGS LTD.,INE550B01022,B,57.0,28,1599.0,True
532217,CMXLTD,CMX HOLDINGS LIMITED,INE027F01014,XT,18.99,242,4523.0,False
532218,SOUTHBANK,SOUTH INDIAN BANK LTD.,INE683A01023,A,47.46,629725,29910921.0,True
532219,ENERGYDEV,ENERGY DEVELOPMENT COMPANY LTD,INE306C01019,B,14.53,644,9253.0,True
532221,SONATSOFTW,SONATA SOFTWARE LTD.,INE269A01021,A,254.0,172421,43955243.0,True
532230,BENGALT,BENGAL TEA & FABRICS LTD.,INE665D01016,X,137.0,1188,162789.0,False
532234,NATIONALUM,NATIONAL ALUMINIUM CO.LTD.,INE139A01034,A,334.15,413695,138130906.0,True
532240,INDNIPPON,INDIA NIPPON ELECTRICALS LTD.,INE092B01025,B,1231.05,5643,6896423.0,True
532256,NSIL,NALWA SONS INVESTMENTS LTD.,INE023A01030,B,5182.8,310,1626108.0,True
532259,APARINDS,APAR INDUSTRIES LTD.,INE372A01015,A,17648.65,9047,159006437.0,True
532262,TCIIND,TCI INDUSTRIES LTD.,INE920B01019,X,1210.0,12,14436.0,False
532268,ACCELYA,ACCELYA SOLUTIONS INDIA LIMITE,INE793A01012,B,1096.3,2983,3307673.0,True
532271,ORCHASP,ORCHASP LIMITED,INE215B01022,B,1.31,26238,34407.0,True
532275,LANDMARC,LANDMARC LEISURE CORPORATION L,INE394C01023,X,2.0,126032,255204.0,False
532281,HCLTECH,HCL TECHNOLOGIES LTD.,INE860A01027,A,1246.0,233781,289486961.0,True
532284,TCFCFINQ,TCFC FINANCE LTD.,INE389D01013,X,24.0,469,11352.0,False
532285,GEOJITFSL,Geojit Financial Services Limi,INE007B01023,B,75.67,9820,744640.0,True
532286,JINDALSTEL,JINDAL STEEL LIMITED,INE749A01030,A,1099.0,14241,15686874.0,True
532290,BLBLIMITED,BLB LTD.,INE791A01024,B,16.74,29701,490905.0,True
532296,GLENMARK,GLENMARK PHARMACEUTICALS LTD.,INE935A01035,A,2336.3,35968,83509971.0,True
532300,WOCKPHARMA,WOCKHARDT LTD.,INE049B01025,A,2086.5,33490,69683567.0,True
532303,INTEGHIT,INTEGRATED HITECH LTD.,INE934A01012,X,3.0,300,922.0,False
532304,KJMCCORP,KJMC CORPORATE ADVISORS (INDIA,INE602C01011,X,53.92,798,42113.0,False
532305,INDSWFTLAB,IND-SWIFT LABORATORIES LTD.,INE915B01019,B,395.25,49416,19390545.0,True
532309,GVPIL,GE Power India Ltd,INE878A01011,B,678.9,16259,10917286.0,True
532310,SHREERAMA,SHREE RAMA MULTI-TECH LTD.,INE879A01019,B,43.3,6549,286181.0,True
532313,MAHLIFE,MAHINDRA LIFESPACE DEVELOPERS,INE813A01018,A,351.4,4606,1649476.0,True
532315,GROARC,GROARC INDUSTRIES INDIA LIMITE,INE042B01012,X,6.13,2233,13404.0,False
532320,VAARAD,VAARAD VENTURES LTD,INE418B01048,X,8.98,1188,10054.0,False
532321,ZYDUSLIFE,Zydus Lifesciences Limited,INE010B01027,A,1145.25,136802,156377455.0,True
532323,SHIVACEM,SHIVA CEMENT LTD.,INE555C01029,B,13.38,116348,1531828.0,True
532324,CINEVISTA,CINEVISTA LTD.,INE039B01026,B,13.6,101,1373.0,True
532326,INTENTECH,INTENSE TECHNOLOGIES LTD.,INE781A01025,B,82.16,385,31673.0,True
532329,DANLAW,DANLAW TECHNOLOGIES INDIA LTD.,INE310B01013,XT,1499.95,3690,5491608.0,False
532331,AJANTPHARM,AJANTA PHARMA LTD.,INE031B01049,A,3582.2,3929,13904498.0,True
532332,CURAA,CURA TECHNOLOGIES LTD.,INE117B01020,T,69.18,3,207.0,True
532333,HBPOR,HB PORTFOLIO LTD.,INE638B01025,B,59.55,45,2679.0,True
532334,HBESD,HB ESTATE DEVELOPERS LTD.,INE640B01021,B,66.7,112,7830.0,True
532335,AMBICAAGAR,AMBICA AGARBATHIES & AROMA IND,INE792B01012,B,23.4,426,10304.0,True
532339,COMPUSOFT,COMPUCOM SOFTWARE LTD.,INE453B01029,B,13.14,2017,26555.0,True
532340,OMNIAX,OMNI AXS SOFTWARE LTD.,INE369B01019,X,3.1,1,3.0,False
532341,IZMO,IZMO Limited,INE848A01014,B,858.4,7933,6760328.0,True
532343,TVSMOTOR,TVS MOTOR COMPANY LTD.,INE494B01023,A,4021.45,29295,117292234.0,True
532344,MADALA,MADALA HOLDINGS LIMITED,INE002B01016,X,165.4,179,29566.0,False
532348,SUBEXLTD,SUBEX LTD.,INE754A01055,B,19.36,976475,18739956.0,True
532349,TCI,TRANSPORT CORPORATION OF INDIA,INE688A01022,B,877.3,3532,3089566.0,True
532350,PADMALAYAT,PADMALAYA TELEFILMS LTD.,INE243B01016,Z,3.9,1261,4837.0,False
532351,AKSHOPTFBR,AKSH OPTIFIBRE LTD.,INE523B01011,T,6.95,71527,501625.0,True
532354,VIRGOGLOB,Virgo Global Limited,INE400B01020,XT,2.95,16294,48067.0,False
532355,PICTUREHS,PICTUREHOUSE MEDIA LTD.,INE448B01029,X,7.88,503,3690.0,False
532356,TRIVENI,TRIVENI ENGINEERING & INDUSTRI,INE256C01024,A,231.35,58351,13516519.0,True
532357,MUKTAARTS,MUKTA ARTS LTD.,INE374B01019,B,53.06,17,907.0,True
532359,HITKITGLO,HIT KIT GLOBAL SOLUTIONS LTD.,INE309B01023,X,2.38,38828,93991.0,False
532362,NAGPI,NAGPUR POWER & INDUSTRIES LTD.,INE099E01016,X,167.4,23370,3961711.0,False
532365,DSSL,DYNACONS SYSTEMS & SOLUTIONS L,INE417B01040,B,947.95,2598,2488744.0,True
532366,PNBGILTS,PNB GILTS LTD.,INE859A01011,B,71.74,27329,1975407.0,True
532368,BCG,BRIGHTCOM GROUP LIMITED,INE425B01027,B,9.49,840668,7830846.0,True
532369,RAMCOIND,RAMCO INDUSTRIES LTD.,INE614A01028,B,302.6,3740,1121958.0,True
532370,RAMCOSYS,RAMCO SYSTEMS LTD.,INE246B01019,B,546.45,2935,1591860.0,True
532371,TTML,TATA TELESERVICES (MAHARASHTRA,INE517B01013,A,34.82,861114,29993122.0,True
532372,VIRINCHI,Virinchi Limited,INE539B01017,B,13.07,3499,46190.0,True
532373,WEPSOLN,WEP SOLUTIONS LTD.,INE434B01029,X,33.57,1385,45656.0,False
532374,STLTECH,STERLITE TECHNOLOGIES LTD.,INE089C01029,T,954.3,268056,251362015.0,True
532375,TIPSMUSIC,TIPS MUSIC LIMITED,INE716B01029,A,643.7,16643,10653312.0,True
532376,UMIYA-MRO,UMIYA BUILDCON LIMITED,INE398B01018,B,90.45,1860,170739.0,True
532378,UNIVARTS,UNIVERSAL ARTS LTD.,INE464B01018,X,5.4,22,118.0,False
532379,FIRSTFIN,FIRST FINTEC LIMITED,INE683B01047,XT,13.49,46126,639737.0,False
532380,BABA,BABA ARTS LTD.,INE893A01036,X,15.09,26461,391616.0,False
532382,BALAJITELE,BALAJI TELEFILMS LTD.,INE794B01026,B,89.46,15310,1369386.0,True
532384,TYCHE,TYCHE INDUSTRIES LTD.,INE443B01012,X,104.95,1023,107516.0,False
532386,CALSOFT,CALIFORNIA SOFTWARE CO.LTD.,INE526B01014,T,36.52,32293,1172425.0,True
532388,IOB,INDIAN OVERSEAS BANK,INE565A01014,A,30.37,352875,10745951.0,True
532390,TAJGVK,TAJGVK HOTELS & RESORTS LTD.,INE586B01026,B,314.15,11925,3735952.0,True
532392,CREATIVEYE,CREATIVE EYE LTD.,INE230B01021,B,5.95,11309,69252.0,True
532395,AXISCADES,AXISCADES TECHNOLOGIES LIMITED,INE555B01013,B,2304.25,50573,114640708.0,True
532397,KONNDOR,KONNDOR INDUSTRIES LIMITED,INE971A01014,XT,18.35,476,8734.0,False
532398,UMESLTD,USHA MARTIN EDUCATION & SOLUTI,INE240C01028,B,4.34,5244,23590.0,True
532400,BSOFT,BIRLASOFT LIMITED,INE836A01035,A,269.7,220488,60230606.0,True
532402,USGTECH,USG TECH SOLUTIONS LTD.,INE718B01017,X,8.14,10537,81989.0,False
532404,7TEC,SAVEN TECHNOLOGIES LTD.,INE856B01023,X,33.69,1725,57507.0,False
532406,AVANTEL,AVANTEL LTD.,INE005B01027,A,150.15,82121,12291403.0,True
532407,MOSCHIP,MOSCHIP TECHNOLOGIES LIMITED,INE935B01025,A,198.1,149326,29620008.0,True
532408,SIGMAADV,SIGMA ADVANCED SYSTEMS LIMITED,INE933B01012,T,1073.65,6264,6725343.0,True
532410,TRANSCOR,TRANSCORP INTERNATIONAL LTD.,INE330E01023,B,24.34,2462,57739.0,True
532416,NEXTMEDIA,NEXT MEDIAWORKS LTD.,INE747B01016,B,3.66,3626,13273.0,True
532419,SMARTLINK,Smartlink Holdings Limited,INE178C01020,T,213.05,129,27439.0,True
532424,GODREJCP,GODREJ CONSUMER PRODUCTS LTD.,INE102D01028,A,843.0,175900,148714946.0,True
532425,GENUSPRIME,GENUS PRIME INFRA LIMITED,INE256D01014,XT,26.44,19744,522031.0,False
532430,BFUTILITIE,BF UTILITIES LTD.,INE243D01012,B,504.15,5463,2728697.0,True
532432,UNITDSPR,UNITED SPIRITS LTD.,INE854D01024,A,1338.2,64541,85920616.0,True
532435,SANINFRA,SANMIT INFRA LIMITED,INE799C01049,X,48.45,2986,146003.0,False
532439,OLECTRA,OLECTRA GREENTECH LIMITED,INE260D01016,A,1097.25,38850,42764264.0,True
532440,MPSLTD,MPS LTD.,INE943D01017,B,2627.3,1893,4955188.0,True
532443,CERA,CERA SANITARYWARE LTD.,INE739E01017,A,5099.3,233,1181201.0,True
532444,TSPIRITUAL,T.SPIRITUAL WORLD LTD.,INE541C01037,X,1.89,4786,8933.0,False
532454,BHARTIARTL,BHARTI AIRTEL LTD.,INE397D01024,A,1741.0,1565618,2745734187.0,True
532455,SHALIWIR,SHALIMAR WIRES INDUSTRIES LTD.,INE655D01025,X,21.34,1798,37712.0,False
532456,COMPINFO,COMPUAGE INFOCOM LTD.,INE070C01037,Z,1.14,5471,6151.0,True
532457,GULPOLY,GULSHAN POLYOLS LTD.,INE255D01024,B,161.95,18921,3059479.0,True
532460,PONNIERODE,PONNI SUGARS (ERODE) LTD.,INE838E01017,B,374.25,837,308623.0,True
532461,PNB,PUNJAB NATIONAL BANK,INE160A01022,A,109.9,673179,74734924.0,True
532466,OFSS,ORACLE FINANCIAL SERVICES SOFT,INE881D01027,A,10420.0,7694,80262474.0,True
532467,HAZOOR,HAZOOR MULTI PROJECTS LTD.,INE550F01049,B,17.78,46903,846919.0,True
532468,KAMAHOLD,KAMA HOLDINGS LIMITED,INE411F01010,B,2259.85,288,644491.0,True
532475,APTECHT,APTECH LTD.,INE266F01018,B,87.0,10191,881180.0,True
532477,UNIONBANK,UNION BANK OF INDIA,INE692A01016,A,168.0,227800,38275505.0,True
532478,UBL,UNITED BREWERIES LTD.,INE686F01025,A,1188.2,16624,19236153.0,True
532481,NOIDATOLL,NOIDA TOLL BRIDGE COMPANY LTD.,INE781B01015,B,3.6,23358,85401.0,True
532482,GRANULES,GRANULES INDIA LTD.,INE101D01020,A,820.8,40316,33368704.0,True
532483,CANBK,CANARA BANK,INE476A01022,A,118.5,900206,106418845.0,True
532485,BLIL,BALMER LAWRIE INVESTMENTS LTD.,INE525F01025,B,64.73,34303,2217142.0,True
532486,POKARNA,POKARNA LTD.,INE637C01025,B,699.0,4889,3413711.0,True
532488,DIVISLAB,DIVIS LABORATORIES LTD.,INE361B01024,A,9294.4,32212,295981569.0,True
532493,ASTRAMICRO,ASTRA MICROWAVE PRODUCTS LTD.,INE386C01029,A,1623.7,13965,22584064.0,True
532497,RADICO,RADICO KHAITAN LTD.,INE944F01028,A,4268.0,38771,169199847.0,True
532500,MARUTI,MARUTI SUZUKI INDIA LTD.,INE585B01010,A,11400.0,65560,758123607.0,True
532503,RAJPALAYAM,RAJAPALAYAM MILLS LTD.,INE296E01026,B,737.05,99,74334.0,True
532504,NAVINFLUOR,NAVIN FLUORINE INTERNATIONAL L,INE048G01026,A,8133.05,8138,66291052.0,True
532505,UCOBANK,UCO BANK,INE691A01018,A,22.98,437614,10073931.0,True
532507,BAGFILMS,B.A.G.FILMS & MEDIA LTD.,INE116D01028,B,4.06,7876,31705.0,True
532508,JSL,JINDAL STAINLESS LTD.,INE220G01021,A,732.4,40254,29491954.0,True
532509,SUPRAJIT,SUPRAJIT ENGINEERING LTD.,INE399C01030,A,481.45,5095,2426851.0,True
532513,TVSELECT,TVS ELECTRONICS LTD.,INE236G01019,B,396.55,14519,5842464.0,True
532514,IGL,INDRAPRASTHA GAS LTD.,INE203G01027,A,142.9,181483,25632097.0,True
532515,TVTODAY,TV TODAY NETWORK LTD.,INE038F01029,B,101.55,3125,320125.0,True
532521,PALREDTEC,PALRED TECHNOLOGIES LIMITED,INE218G01033,B,44.0,421,18008.0,True
532522,PETRONET,PETRONET LNG LTD.,INE347G01014,A,286.5,458307,130635496.0,True
532523,BIOCON,BIOCON LTD.,INE376G01013,A,370.9,314247,115641813.0,True
532524,PTC,PTC INDIA LTD.,INE877F01012,A,154.85,109353,16883839.0,True
532525,MAHABANK,BANK OF MAHARASHTRA,INE457A01014,A,80.4,901935,72217823.0,True
532527,RKFORGE,RAMKRISHNA FORGINGS LTD.,INE399G01023,A,695.0,44685,30808676.0,True
532528,DATAMATICS,DATAMATICS GLOBAL SERVICES LTD,INE365B01017,A,790.4,4468,3544290.0,True
532529,NDTV,NEW DELHI TELEVISION LTD.,INE155G01029,B,68.14,4357,297136.0,True
532531,STAR,STRIDES PHARMA SCIENCE LIMITED,INE939A01011,A,1082.95,20020,21901195.0,True
532538,ULTRACEMCO,ULTRATECH CEMENT LTD.,INE481G01011,A,10799.0,38962,416417231.0,True
532539,UNOMINDA,UNO Minda Limited,INE405E01023,A,1115.0,55252,62166192.0,True
532540,TCS,TATA CONSULTANCY SERVICES LTD.,INE467B01029,A,2079.3,206251,427029437.0,True
532541,COFORGE,COFORGE LIMITED,INE591G01025,A,1825.2,152311,274107829.0,True
532543,GULFPETRO,GP PETROLEUMS LTD,INE586G01017,T,62.45,3425,213467.0,True
532548,CENTURYPLY,CENTURY PLYBOARDS (I) LTD.,INE348B01021,A,667.7,4820,3230841.0,True
532553,WELENT,WELSPUN ENTERPRISES LIMTED,INE625G01013,A,720.9,37835,27502023.0,True
532555,NTPC,NTPC LTD.,INE733E01010,A,316.7,549642,174328724.0,True
532604,SALSTEEL,S.A.L.STEEL LTD.,INE658G01014,B,98.49,106731,10419608.0,True
532605,JBMA,JBM AUTO LTD.,INE927D01051,A,544.3,42383,23009068.0,True
532610,DWARKESH,DWARIKESH SUGAR INDUSTRIES LTD,INE366A01041,B,41.94,147623,6203787.0,True
532612,INDOCO,INDOCO REMEDIES LTD.,INE873D01024,B,251.7,18220,4590862.0,True
532613,VIPCLOTHNG,VIP Clothing Limited,INE450G01024,B,20.49,6397,130708.0,True
532616,XCHANGING,XCHANGING SOLUTIONS LTD.,INE692G01013,B,60.3,2519,150881.0,True
532624,JINDALPHOT,JINDAL PHOTO LTD.,INE796G01012,B,1031.0,1,1031.0,True
532626,POCL,PONDY OXIDES & CHEMICALS LTD.,INE063E01061,A,437.15,17856,7923069.0,True
532627,JPPOWER,JAIPRAKASH POWER VENTURES LIMI,INE351F01018,A,14.82,3980772,59380527.0,True
532628,3IINFOLTD,3I INFOTECH LTD.,INE748C01038,T,22.53,35895,802344.0,True
532629,MBECL,MCNALLY BHARAT ENGINEERING COM,INE748A01024,T,493.85,136,67163.0,True
532630,GOKEX,GOKALDAS EXPORTS LTD.,INE887G01027,A,689.8,13982,9629941.0,True
532633,ALLDIGI,Alldigi Tech Limited,INE835G01018,B,756.9,844,635314.0,True
532636,IIFL,IIFL FINANCE LIMITED,INE530B01024,A,584.4,66137,38830957.0,True
532637,MANGALAM,MANGALAM DRUGS & ORGANICS LTD.,INE584F01014,B,29.0,13795,402400.0,True
532638,SHOPERSTOP,SHOPPERS STOP LTD.,INE498B01024,B,403.7,11626,4593547.0,True
532640,CYBERMEDIA,CYBER MEDIA (INDIA) LTD.,INE278G01037,T,18.24,959,17023.0,True
532641,NDL,NANDAN DENIM LIMITED,INE875G01048,B,2.57,72072,186429.0,True
532642,JSWHL,JSW HOLDINGS LIMITED,INE824G01012,A,11263.15,179,2018079.0,True
532644,JKCEMENT,J.K.CEMENT LTD.,INE823G01014,A,4952.25,74540,368116758.0,True
532645,BEEYU,BEEYU OVERSEAS LTD.,INE052B01011,X,2.6,10,26.0,False
532648,YESBANK,YES BANK LTD.,INE528G01035,A,20.7,8313480,173129952.0,True
532649,NECLIFE,NECTAR LIFESCIENCES LTD.,INE023H01027,B,10.33,3138,32560.0,True
532650,MSPL,MSP STEEL & POWER LTD.,INE752G01015,B,32.7,37091,1207204.0,True
532651,SPLIL,SPL INDUSTRIES LTD.,INE978G01016,B,29.32,196,5676.0,True
532652,KTKBANK,KARNATAKA BANK LTD.,INE614B01018,A,321.0,170703,54979582.0,True
532654,MCLEODRUSS,MCLEOD RUSSEL INDIA LTD.,INE942G01012,B,42.45,60988,2611909.0,True
532656,FACORALL,FACOR ALLOYS LTD.,INE828G01013,X,3.03,82183,248822.0,False
532660,VIVIMEDLAB,VIVIMED LABS LTD.,INE526G01021,T,5.61,3696,20734.0,True
532661,RML,RANE (MADRAS) LTD.,INE050H01012,B,1344.75,3917,5292747.0,True
532662,HTMEDIA,HT MEDIA LIMITED,INE501G01024,B,22.33,13317,299485.0,True
532663,SASKEN,Sasken Technologies Limited,INE231F01020,B,1723.05,1766,2961988.0,True
532666,FCSSOFT,FCS SOFTWARE SOLUTIONS LTD.,INE512B01022,B,1.38,376836,524953.0,True
532667,SUZLON,SUZLON ENERGY LTD.,INE040H01021,A,38.96,3776247,147636807.0,True
532668,AURIONPRO,AURIONPRO SOLUTIONS LTD.,INE132H01018,A,609.4,11171,6832806.0,True
532670,RENUKA,SHREE RENUKA SUGARS LTD.,INE087H01022,A,21.31,1341666,28751247.0,True
532673,KMSUGAR,K.M.SUGAR MILLS LTD.,INE157H01023,T,27.77,77866,2167273.0,True
532674,BASML,BANNARI AMMAN SPINNING MILLS L,INE186H01022,T,22.7,6243,140599.0,True
532676,PBAINFRA,PBA INFRASTRUCTURE LTD.,INE160H01019,X,6.41,62777,405037.0,False
532683,AIAENG,AIA ENGINEERING LTD.,INE212H01026,A,3824.5,874,3325843.0,True
532684,EKC,EVEREST KANTO CYLINDER LTD.,INE184H01027,B,106.1,16282,1716525.0,True
532686,KERNEX,KERNEX MICROSYSTEMS (INDIA) LT,INE202H01019,B,1643.85,16793,27589387.0,True
532687,REPRO,REPRO INDIA LTD.,INE461B01014,B,305.45,1698,520443.0,True
532689,PVRINOX,PVR INOX LIMITED,INE191H01014,A,1216.1,19721,23952814.0,True
532694,ASMS,Avio Smart Market Stack Limite,INE855F01042,B,5.87,36634,217675.0,True
532695,CELEBRITY,CELEBRITY FASHIONS LTD.,INE185H01016,B,6.24,3946,24755.0,True
532698,NITINSPIN,NITIN SPINNERS LTD.,INE229H01012,B,596.25,6620,3894790.0,True
532699,ROHLTD,ROYAL ORCHID HOTELS LTD.,INE283H01019,B,298.95,679,206419.0,True
532700,ENIL,ENTERTAINMENT NETWORK (INDIA),INE265F01028,B,92.94,1349,126756.0,True
532701,CELLA,CELLA SPACE LIMITED,INE266H01014,Z,39.82,9905,397623.0,False
532705,JAGRAN,JAGRAN PRAKASHAN LTD.,INE199G01027,B,61.46,16090,988688.0,True
532707,DYNPRO,DYNEMIC PRODUCTS LTD.,INE256H01015,B,221.5,17,3806.0,True
532708,GVKPIL,GVK POWER & INFRASTRUCTURE LTD,INE251H01024,T,2.5,103449,258622.0,True
532710,SADBHAV,SADBHAV ENGINEERING LTD.,INE226H01026,B,6.8,83329,568706.0,True
532712,RCOM,RELIANCE COMMUNICATIONS LTD.,INE330H01018,T,0.86,746648,643794.0,True
532713,SAKUMA,SAKUMA EXPORTS LTD.,INE190H01024,B,1.52,316915,482887.0,True
532714,KEC,KEC INTERNATIONAL LTD.,INE389H01022,A,372.4,106014,39760119.0,True
532716,GILLANDERS,GILLANDERS ARBUTHNOT & CO.LTD.,INE047B01011,B,111.2,2105,238415.0,True
532717,INDOTECH,INDO TECH TRANSFORMERS LTD.,INE332H01014,B,3350.8,5452,18165496.0,True
532719,BLKASHYAP,B.L.KASHYAP AND SONS LTD.,INE350H01032,B,50.34,32525,1634531.0,True
532720,M&MFIN,MAHINDRA & MAHINDRA FINANCIAL,INE774D01024,A,320.1,91768,29373316.0,True
532721,VISACHROME,VISA Chrome Limited,INE286H01012,B,35.85,15790,595645.0,True
532722,NITCO,NITCO LTD.,INE858F01012,B,84.57,19401,1654327.0,True
532725,SOLARINDS,SOLAR INDUSTRIES INDIA LTD.,INE343H01029,A,19355.2,9048,174345547.0,True
532726,GALLANTT,GALLANTT ISPAT LIMITED,INE297H01019,A,528.45,6846,3613437.0,True
532728,MALUPAPER,MALU PAPER MILLS LTD.,INE383H01017,B,31.4,971,30357.0,True
532729,UTTAMSUGAR,UTTAM SUGAR MILLS LTD.,INE786F01031,B,277.0,5288,1477151.0,True
532730,SGL,STL GLOBAL LTD.,INE353H01010,B,8.43,478,4089.0,True
532732,KKCL,KEWAL KIRAN CLOTHING LTD.,INE401H01017,B,477.75,135,61565.0,True
532733,SUNTV,SUN TV NETWORK LTD.,INE424H01027,A,598.15,450393,266109720.0,True
532734,GPIL,GODAWARI POWER & ISPAT LTD.,INE177H01039,A,215.55,171452,36959156.0,True
532735,RSYSTEMS,R SYSTEMS INTERNATIONAL LTD.,INE411H01032,B,264.15,442754,117645464.0,True
532737,EMKAY,EMKAY GLOBAL FINANCIAL SERVICE,INE296H01011,B,288.9,3142,896028.0,True
532738,TICL,TwamevConstruction and Infrast,INE388G01026,T,7.82,146365,1139642.0,True
532740,LOKESHMACH,LOKESH MACHINES LTD.,INE397H01017,B,400.3,56698,22312610.0,True
532741,KAMDHENU,Kamdhenu Limited,INE390H01020,B,37.77,46728,1753669.0,True
532742,PAUSHAKLTD,PAUSHAK LTD.,INE111F01024,B,647.35,1633,1059679.0,True
532744,GTNTEX,GTN TEXTILES LTD.,INE302H01017,X,8.68,162,1412.0,False
532748,PFOCUS,PRIME FOCUS LTD.,INE367G01038,B,301.65,129268,39420090.0,True
532749,ALLCARGO,ALLCARGO LOGISTICS LTD.,INE418H01029,B,10.15,675513,6761681.0,True
532754,GMRAIRPORT,GMR Airports Limited,INE776C01039,A,93.66,295412,27507287.0,True
532755,TECHM,TECH MAHINDRA LTD.,INE669C01036,A,1539.0,151652,233091802.0,True
532756,CIEINDIA,CIE Automotive India Limited,INE536H01010,A,376.95,10890,4109730.0,True
532757,VOLTAMP,VOLTAMP TRANSFORMERS LTD.,INE540H01012,A,10391.35,428,4449801.0,True
532759,ATLANTAA,ATLANTAA LIMITED,INE285H01022,B,35.69,338522,12255077.0,True
532761,HGM,HANDSON GLOBAL MANAGEMENT (HGM,INE596H01014,B,41.69,410,16812.0,True
532762,ACE,ACTION CONSTRUCTION EQUIPMENT,INE731H01025,A,1212.0,33214,40347267.0,True
532764,GEECEE,GEECEE VENTURES LIMITED,INE916G01016,T,360.05,56,21151.0,True
532767,GAYAPROJ,GAYATRI PROJECTS LTD.,INE336H01023,B,22.42,121606,2746506.0,True
532768,FIEMIND,FIEM INDUSTRIES LTD.,INE737H01014,B,1798.45,9889,17955572.0,True
532771,JHS,JHS SVENDGAARD LABORATORIES LT,INE544H01014,B,11.81,563099,7161080.0,True
532772,DCBBANK,DCB BANK LIMITED,INE503A01015,A,199.45,50066,9975770.0,True
532773,GLOBALVECT,GLOBAL VECTRA HELICORP LTD.,INE792H01019,B,130.35,765,96498.0,True
532774,INSPIRISYS,Inspirisys Solutions Limited,INE020G01017,B,84.88,1206,103958.0,True
532775,GTLINFRA,GTL INFRASTRUCTURE LTD.,INE221H01019,B,1.08,5672703,6064188.0,True
532776,SHIVAMAUTO,SHIVAM AUTOTECH LTD.,INE637H01024,B,17.21,20488,350628.0,True
532777,NAUKRI,INFO EDGE (INDIA) LTD.,INE663F01032,A,1196.6,26821,32302714.0,True
532779,TORNTPOWER,TORRENT POWER LTD.,INE813H01021,A,1242.55,33613,40983283.0,True
532780,PARSVNATH,PARSVNATH DEVELOPERS LTD.,INE561H01026,T,2.14,42124,90145.0,True
532782,SUTLEJTEX,SUTLEJ TEXTILES & INDUSTRIES L,INE645H01027,T,35.6,6641,236718.0,True
532783,LTFOODS,LT FOODS LTD.,INE818H01020,A,398.4,58693,23260266.0,True
532784,SOBHA,SOBHA,INE671H01015,A,1215.4,3317,4000571.0,True
532785,RUCHIRA,RUCHIRA PAPERS LTD.,INE803H01014,B,101.5,954,97109.0,True
532790,TANLA,TANLA PLATFORMS LIMITED,INE483C01032,A,487.75,17752,8650835.0,True
532794,ZEEMEDIA,ZEE MEDIA CORPORATION LIMITED,INE966H01019,B,7.2,91784,662141.0,True
532795,SITINET,Siti Networks Ltd.,INE965H01011,Z,0.49,26821,13142.0,True
532796,LUMAXTECH,LUMAX AUTO TECHNOLOGIES LTD.,INE872H01027,A,1981.15,24944,49295367.0,True
532797,AUTOIND,AUTOLINE INDUSTRIES LTD.,INE718H01014,B,81.4,7532,607902.0,True
532798,NETWORK18,NETWORK18 MEDIA & INVESTMENTS,INE870H01013,A,25.46,443037,11307663.0,True
532799,HUBTOWN,HUBTOWN LTD.,INE703H01016,A,177.1,22641,4081627.0,True
532801,CTE,CAMBRIDGE TECHNOLOGY ENTERPRIS,INE627H01017,T,38.85,379,14883.0,True
532804,TIIL,TECHNOCRAFT INDUSTRIES (INDIA),INE545H01011,B,2894.1,2529,7228526.0,True
532805,REDINGTON,Redington Limited,INE891D01026,A,397.8,211063,84304620.0,True
532806,AICHAMP,AI CHAMPDANY INDUSTRIES LTD.,INE768E01024,X,18.5,1726,32201.0,False
532807,CINELINE,CINELINE INDIA LIMITED,INE704H01022,B,87.13,1170,102952.0,True
532808,PGIL,PEARL GLOBAL INDUSTRIES LIMITE,INE940H01022,A,1264.7,9790,12320681.0,True
532809,FSL,FIRSTSOURCE SOLUTIONS LTD.,INE684F01012,A,250.7,31685,7950723.0,True
532810,PFC,POWER FINANCE CORPORATION LTD.,INE134E01011,A,318.0,978157,312285665.0,True
532811,AHLUCONT,AHLUWALIA CONTRACTS (INDIA) LT,INE758C01029,A,556.9,4270,2350539.0,True
532812,TFL,TRANSWARRANTY FINANCE LTD.,INE804H01012,B,11.06,102,1132.0,True
532814,INDIANB,INDIAN BANK,INE562A01011,A,799.95,31083,24829907.0,True
532815,SMSPHARMA,SMS PHARMACEUTICALS LTD.,INE812G01025,B,471.6,23949,11246599.0,True
532817,ORIENTALTL,ORIENTAL TRIMEX LTD.,INE998H01012,B,4.85,13629,65757.0,True
532820,ELAND,E-Land Apparel Limited,INE311H01018,X,10.49,1811,19791.0,False
532822,IDEA,VODAFONE IDEA  LIMITED,INE669E01016,A,12.65,27672668,354688834.0,True
532825,JAGJANANI,JAGJANANI TEXTILES LTD.,INE702H01018,XT,6.33,3822,24204.0,False
532826,RAJTV,RAJ TELEVISION NETWORK LTD.,INE952H01027,T,10.73,1357,14555.0,True
532827,PAGEIND,PAGE INDUSTRIES LTD.,INE761H01022,A,36600.0,2358,86550287.0,True
532828,AMDIND,AMD INDUSTRIES LTD.,INE005I01014,T,52.49,4397,228776.0,True
532829,LEHAR,LEHAR FOOTWEARS LIMITED,INE976H01018,X,198.05,9988,1973484.0,False
532830,ASTRAL,ASTRAL LIMITED,INE006I01046,A,1339.0,16921,22652926.0,True
532832,EMBDL,EMBASSY DEVELOPMENTS LIMITED,INE069I01010,A,56.12,254999,14359595.0,True
532834,CAMLINFINE,Camlin Fine Sciences Ltd,INE052I01032,B,91.13,36387,3312905.0,True
532835,ICRA,ICRA LTD.,INE725G01011,B,4315.7,1997,8578975.0,True
532839,DISHTV,DISH TV INDIA LTD.,INE836F01026,B,2.16,962894,2087926.0,True
532841,SAHYADRI,SAHYADRI INDUSTRIES LTD.,INE280H01015,B,356.5,704,243262.0,True
532842,SRHHYPOLTD,SREE RAYALASEEMA HI-STRENGTH H,INE917H01012,B,543.9,2363,1301094.0,True
532843,FORTIS,FORTIS HEALTHCARE LTD.,INE061F01013,A,785.9,222882,170559777.0,True
532845,TGBHOTELS,TGB BANQUETS AND HOTELS LTD.,INE797H01018,B,9.44,140,1300.0,True
532847,HILTON,HILTON METAL FORGING LTD.,INE788H01017,B,16.81,24610,417186.0,True
532848,DELTACORP,DELTA CORP LTD.,INE124G01033,B,73.27,1299740,100759326.0,True
532850,MICEL,MIC ELECTRONICS LTD.,INE287C01037,T,35.8,29235,1061125.0,True
532851,INSECTICID,INSECTICIDES (INDIA) LTD.,INE070I01018,B,567.3,1081,615251.0,True
532853,ASAHISONG,ASAHI SONGWON COLORS LTD.,INE228I01012,T,371.7,813,305750.0,True
532855,HARYNACAP,HARYANA CAPFIN LTD.,INE928H01019,X,140.4,631,88560.0,False
532856,TIMETECHNO,TIME TECHNOPLAST LTD.,INE508G01029,A,180.3,118532,21273919.0,True
532859,HGS,HINDUJA GLOBAL SOLUTIONS LTD.,INE170I01016,B,366.9,1201,446301.0,True
532864,NELCAST,NELCAST LTD.,INE189I01024,B,120.6,24879,3043858.0,True
532866,QUINTEGRA,QUINTEGRA SOLUTIONS LTD.,INE033B01011,B,1.43,21120,29718.0,True
532867,V2RETAIL,V2 RETAIL LTD.,INE945H01021,B,201.8,64123,12973878.0,True
532868,DLF,DLF LTD.,INE271C01023,A,662.6,81499,54008476.0,True
532869,TARMAT,TARMAT LTD.,INE924H01018,B,57.06,3179,182623.0,True
532870,ANKITMETAL,ANKIT METAL & POWER LTD.,INE106I01010,Z,2.11,26850,56618.0,True
532872,SPARC,SUN PHARMA ADVANCED RESEARCH C,INE232I01014,B,194.25,73621,14295154.0,True
532873,HDIL,HOUSING DEVELOPMENT & INFRASTR,INE191I01012,Z,1.46,29681,43212.0,True
532875,ADSL,ALLIED DIGITAL SERVICES LTD.,INE102I01027,B,106.55,23373,2467746.0,True
532878,ALPA,ALPA LABORATORIES LTD.,INE385I01010,B,59.99,163,9779.0,True
532880,OMAXE,OMAXE LTD.,INE800H01010,B,108.5,23492,2527845.0,True
532884,REFEX,REFEX INDUSTRIES LTD.,INE056I01025,A,271.45,20691,5520022.0,True
532885,CENTRALBK,CENTRAL BANK OF INDIA,INE483A01010,A,30.01,618126,18564600.0,True
532887,NEUEON,Neueon Corporation Limited,INE333I01044,T,15.44,39043,590973.0,True
532888,ASIANTILES,ASIAN GRANITO INDIA LTD.,INE022I01019,B,48.06,133590,6508257.0,True
532889,KPRMILL,K.P.R.MILL LIMITED,INE930H01031,A,1071.6,7639,8192768.0,True
532890,TAKE,TAKE LIMITED,INE142I01023,B,12.61,54011,681078.0,True
532891,PURVA,Puravankara Limited,INE323I01011,B,203.7,9587,1937798.0,True
532892,MOTILALOFS,MOTILAL OSWAL FINANCIAL SERVIC,INE338I01027,A,990.0,21428,21103727.0,True
532893,VTMLTD,VTM LTD.,INE222F01029,B,38.25,17790,664806.0,True
532894,INDOWIND,INDOWIND ENERGY LTD.,INE227G01018,B,8.42,35402,295633.0,True
532895,NAGREEKCAP,NAGREEKA CAPITAL & INFRASTRUCT,INE245I01016,B,25.53,791,20241.0,True
532896,MAGNUM,MAGNUM VENTURES LTD.,INE387I01016,B,18.22,410,7494.0,True
532898,POWERGRID,POWER GRID CORPORATION OF INDI,INE752E01010,A,254.65,790545,201577516.0,True
532899,KSCL,KAVERI SEED COMPANY LTD.,INE455I01029,B,715.25,8087,5783981.0,True
532900,PAISALO,PAISALO DIGITAL LIMITED,INE420C01059,A,79.89,768644,60776647.0,True
532902,CCCL,CONSOLIDATED CONSTRUCTION CONS,INE429I01024,B,13.5,32994,449550.0,True
532904,SUPREMEINF,SUPREME INFRASTRUCTURE INDIA L,INE550H01011,B,66.91,27614,1870824.0,True
532906,MAANALU,MAAN ALUMINIUM LTD.,INE215I01027,B,99.75,9814,974505.0,True
532907,IL&FSENGG,IL&FS ENGINEERING AND CONSTRUC,INE369I01014,Z,38.11,10,381.0,True
532911,PARLEIND,PARLE INDUSTRIES LIMITED,INE272G01014,X,5.62,106831,603693.0,False
532915,RELIGARE,RELIGARE ENTERPRISES LTD.,INE621H01010,A,224.75,32381,7342352.0,True
532916,BVCL,BARAK VALLEY CEMENTS LTD.,INE139I01011,B,42.04,821,34831.0,True
532918,RATHIBAR,RATHI BARS LTD.,INE575I01016,X,15.75,2369,37261.0,False
532921,ADANIPORTS,ADANI PORTS AND SPECIAL ECONOM,INE742F01042,A,1737.95,69462,121538835.0,True
532922,EDELWEISS,EDELWEISS FINANCIAL SERVICES L,INE532F01054,A,138.55,541906,75057821.0,True
532923,RGL,RENAISSANCE GLOBAL LIMITED,INE722H01024,B,163.25,37911,6150250.0,True
532924,KOLTEPATIL,KOLTE-PATIL DEVELOPERS LTD.,INE094I01018,B,420.05,5157,2176585.0,True
532925,KAUSHALYA,KAUSHALYA INFRASTRUCTURE DEVEL,INE234I01028,T,835.0,3,2505.0,True
532926,JYOTHYLAB,JYOTHY LABS LIMITED,INE668F01031,A,183.05,62644,11418121.0,True
532927,ECLERX,ECLERX SERVICES LTD.,INE738I01010,A,1802.95,6328,11435481.0,True
532928,TARIL,TRANSFORMERS AND RECTIFIERS (I,INE763I01026,A,280.6,3330944,965559668.0,True
532929,BRIGADE,BRIGADE ENTERPRISES LTD.,INE791I01019,A,568.85,15400,8678703.0,True
532930,BGRENERGY,BGR ENERGY SYSTEMS LTD.,INE661I01014,T,239.7,7171,1706101.0,True
532931,BURNPUR,BURNPUR CEMENT LTD.,INE817H01022,T,12.68,6258,79952.0,True
532932,MANAKSIA,MANAKSIA LTD.,INE015D01022,B,58.3,1670,99005.0,True
532933,PORWAL,PORWAL AUTO COMPONENTS LTD.,INE386I01018,X,57.92,18561,1069278.0,False
532934,PPAP,PPAP,INE095I01015,T,239.0,857,196830.0,True
532935,ARIES,ARIES AGRO LTD.,INE298I01015,T,474.0,1003,478447.0,True
532937,KUANTUM,KUANTUM PAPERS LTD.,INE529I01021,B,76.82,4223,320112.0,True
532939,RPOWER,RELIANCE POWER LTD.,INE614G01033,A,19.4,3797046,74124073.0,True
532940,JKIL,J.KUMAR INFRAPROJECTS LTD.,INE576I01022,B,458.6,2910,1313414.0,True
532941,CORDSCABLE,CORDS CABLE INDUSTRIES LTD.,INE792I01017,T,321.9,9067,2901395.0,True
532942,KNRCON,KNR CONSTRUCTIONS LTD.,INE634I01029,A,113.5,166188,19023368.0,True
532944,ONMOBILE,ONMOBILE,INE809I01019,T,49.26,6427,315910.0,True
532945,SEPC,SEPC LIMITED,INE964H01014,B,5.07,1146589,5791215.0,True
532946,BANG,BANG OVERSEAS LTD.,INE863I01016,B,31.12,674,21889.0,True
532947,IRB,IRB INFRASTRUCTURE DEVELOPERS,INE821I01022,A,17.0,684322,11624623.0,True
532951,GSS,GSS INFOTECH LTD.,INE871H01011,B,10.43,7209,74675.0,True
532952,NAHARCAP,NAHAR CAPITAL & FINANCIAL SERV,INE049I01012,B,244.0,434,104493.0,True
532953,VGUARD,V-GUARD INDUSTRIES LTD.,INE951I01027,A,294.55,25727,7559283.0,True
532955,RECLTD,REC LIMITED,INE020B01018,A,289.1,1183771,344843782.0,True
532957,GOKAKTEX,GOKAK TEXTILES LTD.,INE642I01014,X,57.71,81,4831.0,False
532966,TITAGARH,TITAGARH RAIL SYSTEMS LIMITED,INE615H01020,A,805.5,54288,43571927.0,True
532967,KIRIINDUS,KIRI INDUSTRIES LTD.,INE415I01015,A,543.9,21745,11787300.0,True
532974,BIRLAMONEY,ADITYA BIRLA MONEY LTD.,INE865C01022,B,112.0,3302,371008.0,True
532975,TELOGICA,TELOGICA LIMITED,INE778I01024,XT,8.1,12173,100456.0,False
532976,JAIBALAJI,JAI BALAJI INDUSTRIES LTD.,INE091G01026,A,61.51,26316,1614126.0,True
532977,BAJAJ-AUTO,BAJAJ AUTO LTD.,INE917I01010,A,10069.85,73236,741693528.0,True
532978,BAJAJFINSV,BAJAJ FINSERV LTD.,INE918I01026,A,1729.9,70100,120884198.0,True
532980,GOKUL,GOKUL REFOILS & SOLVENT LTD.,INE020J01029,B,38.63,21901,852942.0,True
532983,RPGLIFE,RPG LIFE SCIENCES LTD.,INE105J01010,B,2936.75,918,2708545.0,True
532986,NIRAJ,NIRAJ CEMENT STRUCTURALS LTD.,INE368I01016,B,28.2,176,4836.0,True
532989,BAFNAPH,BAFNA PHARMACEUTICALS LTD.,INE878I01022,T,385.0,4913,1892475.0,True
532992,CHLLTD,CHL LTD.,INE790D01020,X,28.25,202,5705.0,False
532993,SEJALLTD,SEJAL GLASS LIMITED,INE955I01044,B,652.35,1240,802927.0,True
532994,ARCHIDPLY,ARCHIDPLY INDUSTRIES LTD.,INE877I01016,B,102.25,298,29722.0,True
532998,LOTUSEYE,Lotus Eye Hospital And Institu,INE947I01017,B,114.95,3403,394365.0,True
533001,SOMICONVEY,SOMI CONVEYOR BELTINGS LTD.,INE323J01019,B,83.9,411,34962.0,True
533006,BIRLACOT,BIRLA COTSYN (INDIA) LTD.,INE655I01032,XT,13.99,36060,499833.0,False
533007,LGBFORGE,LGB FORGE LTD.,INE201J01017,XT,4.76,300121,1449573.0,False
533012,LPDC,LANDMARK PROPERTY DEVELOPMENT,INE197J01017,B,6.37,4335,27313.0,True
533014,SICAGEN,SICAGEN INDIA LTD.,INE176J01011,B,51.45,430,22087.0,True
533019,SIMPLXPAP,SIMPLEX PAPERS LTD.,INE456H01029,X,1225.0,1,1225.0,False
533022,20MICRONS,20 MICRONS LTD.,INE144J01027,B,208.35,5011,1046699.0,True
533023,ZFCVINDIA,ZF Commercial Vehicle Control,INE342J01019,A,2242.3,6172,13996181.0,True
533029,ALKALI,ALKALI METALS LTD.,INE773I01017,T,85.6,940,83083.0,True
533033,ISGEC,ISGEC HEAVY ENGINEERING LTD.,INE858B01029,B,918.0,10963,9871636.0,True
533047,IMFA,INDIAN METALS & FERRO ALLOYS L,INE919H01018,A,1174.15,5787,6778389.0,True
533048,TPHQ,Teamo Productions HQ Limited,INE065J01024,T,0.5,120484,59925.0,True
533056,VEDAVAAG,VEDAVAAG SYSTEMS LTD.,INE359B01010,B,22.67,10836,236209.0,True
533080,MOLDTKPAC,MOLD-TEK PACKAGING LIMITED,INE893J01029,B,659.1,4185,2745393.0,True
533088,MHRIL,MAHINDRA HOLIDAYS & RESORTS IN,INE998I01010,B,195.2,9203,1793042.0,True
533090,LANDSMILL,Landsmill Green Limited,INE688J01023,B,1.08,15089321,15452175.0,True
533095,BENGALASM,BENGAL & ASSAM COMPANY LTD.,INE083K01017,B,6001.25,14,84592.0,True
533096,ADANIPOWER,ADANI POWER LTD.,INE814H01029,A,196.95,1473077,291158840.0,True
533098,NHPC,NHPC LTD.,INE848E01016,A,71.94,770071,55191243.0,True
533100,PEIL,PREMIER ENERGY AND INFRASTRUCT,INE429K01012,X,7.48,9079,68430.0,False
533101,SURYAAMBA,SURYAAMBA SPINNING MILLS LTD.,INE360J01011,X,114.95,361,41402.0,False
533104,GLOBUSSPR,GLOBUS SPIRITS LTD.,INE615I01010,B,787.65,3683,2887070.0,True
533106,OIL,OIL INDIA LTD.,INE274J01014,A,442.15,63437,27954271.0,True
533107,SWANDEF,SWAN DEFENCE AND HEAVY INDUSTR,INE542F01020,T,2697.85,553,1491243.0,True
533108,BTTL,BHILWARA TECHNICAL TEXTILES LT,INE274K01012,T,39.25,619,23846.0,True
533110,SPSL,SHREE PRECOATED STEELS LTD.,INE318K01025,X,11.52,121,1392.0,False
533121,EXPLEOSOL,EXPLEO SOLUTIONS LIMITED,INE201K01015,B,846.15,657,556543.0,True
533122,RTNPOWER,RATTANINDIA POWER LTD.,INE399K01017,A,6.74,1407308,9507355.0,True
533137,DEN,DEN NETWORKS LTD,INE947J01015,B,25.59,24982,635459.0,True
533138,ASTEC,ASTEC LIFESCIENCES LIMITED,INE563J01010,B,708.8,3256,2306359.0,True
533146,DLINKINDIA,D-LINK (INDIA) LTD,INE250K01012,B,406.15,5861,2385961.0,True
533148,JSWENERGY,JSW ENERGY LTD,INE121E01018,A,485.0,74083,35922658.0,True
533149,YUNIKM,Yunik Managing Advisors Limite,INE143K01019,X,5.4,41362,236520.0,False
533150,GODREJPROP,GODREJ PROPERTIES LTD,INE484J01027,A,1620.0,25863,41266394.0,True
533151,DBCORP,D B CORP LTD,INE950I01011,B,172.5,6457,1110689.0,True
533152,MBLINFRA,MBL Infrastructure Ltd,INE912H01013,B,23.23,4245,98381.0,True
533155,JUBLFOOD,JUBILANT FOODWORKS LTD,INE797F01020,A,444.0,27174,12098262.0,True
533156,VASCONEQ,VASCON ENGINEERS LTD,INE893I01013,B,32.52,60393,1966108.0,True
533158,THANGAMAYL,THANGAMAYIL JEWELLERY LTD,INE085J01014,A,4866.35,6206,30470421.0,True
533160,DBREALTY,VALOR ESTATE LIMITED,INE879I01012,A,91.69,67262,6272427.0,True
533161,EMMBI,EMMBI INDUSTRIES LTD,INE753K01015,T,88.0,504,43350.0,True
533162,HATHWAY,HATHWAY CABLE & DATACOM LTD,INE982F01036,B,9.33,115339,1068752.0,True
533164,TEXMOPIPES,TEXMO PIPES & PRODUCTS LTD.,INE141K01013,B,54.13,5496,299088.0,True
533166,SUNDARAM,SUNDARAM MULTI PAP LTD.,INE108E01023,B,1.07,51064,54426.0,True
533167,COROENGG,COROMANDEL ENGINEERING COMPANY,INE312J01012,X,52.0,7726,412869.0,False
533168,ROSSELLIND,ROSSELL INDIA LTD.,INE847C01020,B,49.95,2526,127104.0,True
533169,MANINFRA,MAN INFRACONSTRUCTION LTD.,INE949H01023,B,124.35,51543,6420458.0,True
533177,IL&FSTRANS,IL&FS TRANSPORTATION NETWORKS,INE975G01012,Z,1.88,2549,4800.0,True
533179,PERSISTENT,PERSISTENT SYSTEMS LTD.,INE262H01021,A,5356.0,46301,246933443.0,True
533181,ISFT,INTRASOFT TECHNOLOGIES LTD.,INE566K01011,T,98.9,2603,242618.0,True
533192,KCPSUGIND,KCP SUGAR & INDUSTRIES CORPORA,INE790B01024,T,26.92,36435,982204.0,True
533193,KECL,KIRLOSKAR ELECTRIC COMPANY LTD,INE134B01017,B,120.3,13709,1637869.0,True
533202,SATCH,SATCHMO HOLDINGS LIMITED,INE639K01016,X,3.26,212245,710977.0,False
533203,TARAPUR,TARAPUR TRANSFORMERS LTD,INE747K01017,B,12.35,2185,26220.0,True
533206,SJVN,SJVN LTD,INE002L01015,A,57.91,614321,35483110.0,True
533208,EMAMIPAP,EMAMI PAPER MILLS LTD.,INE830C01026,T,115.3,9348,1089694.0,True
533210,KRITINUT,KRITI NUTRIENTS LTD,INE798K01010,B,66.43,1078,72324.0,True
533217,HMVL,HINDUSTAN MEDIA VENTURES LTD.,INE871K01015,T,76.0,543,41855.0,True
533218,EMAMIREAL,EMAMI REALTY LIMITED,INE778K01012,B,68.45,2398,164378.0,True
533227,AHLEAST,ASIAN HOTELS (EAST) LTD.,INE926K01017,B,144.75,1,144.0,True
533229,BAJAJCON,BAJAJ CONSUMER CARE LIMITED,INE933K01021,A,497.0,12700,6282757.0,True
533239,PRAKASHSTL,PRAKASH STEELAGE LTD.,INE696K01024,B,3.54,82754,292690.0,True
533248,GPPL,GUJARAT PIPAVAV PORT LTD.,INE517F01014,A,165.8,152330,25427966.0,True
533252,WELINV,WELSPUN INVESTMENTS AND COMMER,INE389K01018,T,2408.0,5,12040.0,True
533257,WAAREEINDO,INDOSOLAR LTD.,INE866K01023,B,203.15,25738,5263731.0,True
533259,HEALTHX,HEALTH X PLATFORM LIMITED,INE019J01013,B,273.8,402,110815.0,True
533260,CPCAP,CP CAPITAL LIMITED,INE521J01018,B,138.85,1134,159625.0,True
533262,RAMKY,RAMKY INFRASTRUCTURE LTD.,INE874I01013,B,273.65,11521,3124208.0,True
533263,GREENPOWER,ORIENT GREEN POWER COMPANY LTD,INE999K01014,B,8.7,327155,2851199.0,True
533267,CANTABIL,CANTABIL RETAIL INDIA LTD.,INE068L01024,B,224.75,3142,710173.0,True
533268,SEATV,SEA TV NETWORK LTD.,INE351L01016,X,2.9,344,1040.0,False
533269,WABAG,VA TECH WABAG LTD.,INE956G01038,A,2005.6,27905,55893628.0,True
533270,BEDMUTHA,BEDMUTHA INDUSTRIES LTD.,INE844K01012,B,110.0,459,50771.0,True
533271,ASHOKA,ASHOKA BUILDCON LTD.,INE442H01029,A,105.65,110168,11609860.0,True
533272,JWL,JUPITER WAGONS LIMITED,INE209L01016,A,223.75,136048,30541930.0,True
533273,OBEROIRLTY,OBEROI REALTY LTD.,INE093I01010,A,1775.0,10818,18911509.0,True
533274,PRESTIGE,PRESTIGE ESTATES PROJECTS LTD.,INE811K01011,A,1494.1,29455,43572894.0,True
533275,SHAH,SHAH METACORP LIMITED,INE482J01021,B,3.03,136157,410833.0,True
533278,COALINDIA,COAL INDIA LTD.,INE522F01014,A,421.5,218733,92104661.0,True
533282,GRAVITA,GRAVITA INDIA LTD.,INE024L01027,A,1412.75,35067,49431754.0,True
533284,RPPINFRA,RPP INFRA PROJECTS LTD.,INE324L01013,B,52.75,4647,241252.0,True
533285,RDBIPL,RDB INFRASTRUCTURE AND POWER L,INE245L01028,X,14.78,185963,2672112.0,False
533286,MOIL,MOIL LTD.,INE490G01020,A,232.25,55116,12884931.0,True
533287,ZEELEARN,ZEE LEARN LTD.,INE565L01011,B,6.32,37026,235738.0,True
533289,KTIL,KESAR TERMINALS & INFRASTRUCTU,INE096L01025,X,58.0,10122,592882.0,False
533292,A2ZINFRA,A2Z INFRA ENGINEERING LIMITED,INE619I01012,B,14.41,29654,432684.0,True
533293,KIRLOSENG,KIRLOSKAR OIL ENGINES LTD.,INE146L01010,A,2241.6,45002,101748667.0,True
533294,RKDL,RAVI KUMAR DISTILLERIES LTD.,INE722J01012,B,17.56,2980,53236.0,True
533295,PSB,PUNJAB & SIND BANK,INE608A01012,B,20.98,140196,2947148.0,True
533296,FMNL,FUTURE MARKET NETWORKS LTD.,INE360L01017,B,8.22,3602,30369.0,True
533298,SURANASOL,SURANA SOLAR LTD.,INE272L01022,B,24.2,3058,74008.0,True
533301,SHEKHAWATI,SHEKHAWATI INDUSTRIES LIMITED,INE268L01046,T,30.64,56351,1879295.0,True
533302,KICL,KALYANI INVESTMENT COMPANY LTD,INE029L01018,B,4694.9,520,2415816.0,True
533303,BFINVEST,BF INVESTMENT LTD.,INE878K01010,B,429.15,1986,849485.0,True
533306,SUMMITSEC,SUMMIT SECURITIES LTD.,INE519C01017,B,1310.0,48,62848.0,True
533315,INOVSYNTH,INNOVASSYNTH TECHNOLOGIES (IND,INE690J01011,XT,157.35,110951,17458139.0,False
533316,STEL,STEL HOLDINGS LIMITED,INE577L01016,B,573.45,177,100306.0,True
533326,TEXRAIL,TEXMACO RAIL & ENGINEERING LTD,INE621L01012,A,126.5,263896,33664680.0,True
533329,INDTERRAIN,INDIAN TERRAIN FASHIONS LTD.,INE611L01021,B,29.42,41,1206.0,True
533333,FCL,FINEOTEX CHEMICAL LTD.,INE045J01034,B,55.75,1452091,81901535.0,True
533336,DHUNINV,DHUNSERI INVESTMENTS LTD.,INE320L01011,B,962.0,1,962.0,True
533339,ZENTEC,ZEN TECHNOLOGIES LTD.,INE251B01027,A,1573.1,36054,56962723.0,True
533343,LOVABLE,LOVABLE LINGERIE LTD.,INE597L01014,B,67.81,2213,150043.0,True
533344,PFS,PTC INDIA FINANCIAL SERVICES L,INE560K01014,B,28.68,155237,4580555.0,True
533385,MON100,MOTILAL OSWAL MOST SHARES NASD,INF247L01AP3,B,322.06,60026,19371217.0,False
533398,MUTHOOTFIN,MUTHOOT FINANCE LTD.,INE414G01012,A,2700.7,28583,77727329.0,True
533407,TRUEGREEN,TRUE GREEN BIO ENERGY LIMITED,INE672K01025,T,182.0,4650,845921.0,False
533427,VMS,VMS INDUSTRIES LTD.,INE932K01015,X,18.3,120129,2248076.0,False
533451,KARMAENG,KARMA ENERGY LTD.,INE725L01011,B,36.33,3289,119473.0,True
533452,DELPHIFX,DELPHI WORLD MONEY LIMITED,INE726L01027,T,6.82,130,886.0,True
533470,RUSHIL,RUSHIL DECOR LTD.,INE573K01025,B,15.96,503,7999.0,True
533477,ENKEIWHEL,ENKEI WHEELS (INDIA) LTD.,INE130L01014,B,390.0,235,92587.0,True
533482,KRIDHANINF,KRIDHAN INFRA LIMITED,INE524L01026,B,1.83,6782,12644.0,True
533506,INVENTURE,INVENTURE GROWTH & SECURITIES,INE878H01024,B,0.86,190133,164388.0,True
533519,LTF,L&T Finance Limited,INE498L01015,A,265.0,290905,77332301.0,True
533520,IBULLSLTD,Indiabulls Limited,INE126M01010,B,29.45,602590,17621396.0,True
533540,TREEHOUSE,TREE HOUSE EDUCATION & ACCESSO,INE040M01013,B,5.71,1655,9644.0,True
533543,BROOKS,BROOKS LABORATORIES LTD.,INE650L01011,B,55.17,6395,352661.0,True
533552,RUPA,RUPA & COMPANY LTD.,INE895B01021,B,130.25,9292,1206688.0,True
533553,TDPOWERSYS,T D POWER SYSTEMS LTD.,INE419M01035,A,792.4,304952,243167538.0,True
533570,GOLDAXIS,AXIS MUTUAL FUND - AXIS GOLD E,INF846K01W80,E,122.29,30691,3752139.0,False
533573,APLLTD,ALEMBIC PHARMACEUTICALS LTD.,INE901L01018,A,815.0,21537,17509412.0,True
533576,VASWANI,VASWANI INDUSTRIES LTD.,INE590L01019,B,44.2,824,37069.0,True
533581,PGEL,PG ELECTROPLAST LTD.,INE457L01029,A,481.65,149112,72720320.0,True
533602,LESHAIND,LESHA INDUSTRIES LTD.,INE050L01048,X,0.81,49197,39207.0,False
533608,RDBRL,RDB RASAYANS LTD.,INE123M01017,X,159.75,1156,185786.0,False
533629,TIJARIA,TIJARIA POLYPIPES LTD.,INE440L01017,T,6.53,1137,7449.0,True
533632,ONELIFECAP,ONELIFE CAPITAL ADVISORS LTD.,INE912L01015,T,41.5,18536,763227.0,True
533638,FLEXITUFF,FLEXITUFF VENTURES INTERNATION,INE060J01017,T,3.03,15934,48280.0,True
533644,UEL,UJAAS ENERGY LIMITED,INE899L01030,B,183.85,4796,856694.0,True
533655,TRITURBINE,TRIVENI TURBINE LTD.,INE152M01016,A,530.2,24154,12845811.0,True
533676,INDOTHAI,INDO THAI SECURITIES LTD.,INE337M01021,B,35.23,388369,13589998.0,True
533704,ESSARSHPNG,ESSAR SHIPPING LTD.,INE122M01019,B,17.15,100407,1819954.0,True
533719,LICMFGOLD,LIC MUTUAL FUND - LIC MF GOLD,INF767K01SM1,E,132.31,37473,4943736.0,False
533758,APLAPOLLO,APL APOLLO TUBES LTD.,INE702C01027,A,2119.9,155484,335944613.0,True
533761,GPTINFRA,GPT INFRAPROJECTS LTD.,INE390G01014,B,118.95,70227,8373676.0,True
533896,FERVENTSYN,FERVENT SYNERGIES LTD.,INE258M01011,X,14.66,599,8806.0,False
533941,THOMASCOTT,THOMAS SCOTT (INDIA) LIMITED,INE480M01011,B,299.95,26277,7855238.0,True
533982,TERASOFT,TERA SOFTWARE LTD.,INE482B01010,B,210.25,8093,1652557.0,True
534060,PMCFIN,PMC FINCORP LIMITED,INE793G01035,X,1.91,573737,1115940.0,False
534063,FUTSOL,FUTURISTIC SOLUTIONS LTD.,INE241F01011,X,45.85,5,229.0,False
534064,AIML,ALLIANCE INTEGRATED METALIKS L,INE123D01024,XT,3.03,69103,209583.0,False
534076,RHIM,RHI MAGNESITA INDIA LIMITED,INE743M01012,A,384.85,17248,6606917.0,True
534091,MCX,MULTI COMMODITY EXCHANGE OF IN,INE745G01043,A,3203.0,100407,326726019.0,True
534139,SCHNEIDER,SCHNEIDER ELECTRIC INFRASTRUCT,INE839M01018,A,1275.65,139140,175480775.0,True
534190,OLPCL,OLYMPIC CARDS LTD.,INE550L01013,X,2.9,99,287.0,False
534309,NBCC,NBCC (India) Limited,INE095N01031,A,77.75,791056,61215788.0,True
534312,MTEDUCARE,MT EDUCARE LTD.,INE472M01018,T,1.76,117,205.0,True
534328,HEXATRADEX,HEXA TRADEX LTD.,INE750M01017,B,154.35,152,23566.0,True
534338,MAXHEIGHTS,Max heights Infrastucture Ltd,INE393F01010,X,10.4,4691,48229.0,False
534369,TBZ,TRIBHOVANDAS BHIMJI ZAVERI LTD,INE760L01018,T,621.35,19991,12462371.0,True
534392,VSSL,VARDHMAN SPECIAL STEELS LTD.,INE050M01012,B,383.4,6414,2471174.0,True
534422,LOOKS,LOOKS HEALTH SERVICES LIMITED,INE204N01013,X,9.67,9150,86358.0,False
534425,SPECIALITY,SPECIALITY RESTAURANTS LTD.,INE247M01014,T,149.55,3368,515291.0,True
534532,AURUS,AURUS GEM CORPORATION LIMITED,INE142K01011,B,4.4,17765,78552.0,True
534535,META,STRING METAVERSE LIMITED,INE958L01034,T,7.31,880133,6441247.0,False
534597,RTNINDIA,RATTANINDIA ENTERPRISES LIMITE,INE834M01019,B,25.31,98132,2497864.0,True
534598,SAMPANN,Sampann Utpadan India Limited,INE735M01018,B,24.55,2956,70726.0,True
534600,JTLIND,JTL INDUSTRIES LIMITED,INE391J01032,B,86.22,138056,11835043.0,True
534612,AMTL,ADVANCE METERING TECHNOLOGY LT,INE436N01029,X,16.29,2096,34620.0,False
534615,NECCLTD,NORTH EASTERN CARRYING CORPORA,INE553C01016,T,18.7,4702,87473.0,True
534618,WAAREERTL,WAAREE RENEWABLE TECHNOLOGIES,INE299N01021,A,808.65,16318,13191824.0,True
534623,JUPITERIN,JUPITER INFOMEDIA LTD.,INE524N01014,X,36.92,19014,693341.0,False
534674,DUCON,Ducon Infratechnologies Ltd,INE741L01018,B,1.32,440025,587735.0,True
534675,PROZONER,PROZONE REALTY LIMITED,INE195N01013,B,52.62,28793,1561317.0,True
534680,SRGHFL,SRG HOUSING FINANCE LTD.,INE559N01010,B,136.2,90,12189.0,True
534691,COMCL,COMFORT COMMOTRADE LTD.,INE456N01019,X,13.4,1459,19939.0,False
534732,CASPIAN,CASPIAN CORPORATE SERVICES LIM,INE176N01039,X,33.86,3169,107651.0,False
534733,AERPACE,Aerpace Industries Limited,INE175N01023,XT,38.45,93321,3589682.0,False
534741,VIRTUALG,VIRTUAL GLOBAL EDUCATION LTD.,INE247C01023,T,0.45,182955,80782.0,True
534742,ZUARI,ZUARI AGRO CHEMICALS LTD.,INE840M01016,B,213.3,6168,1329837.0,True
534748,STEELXIND,STEEL EXCHANGE INDIA LTD.,INE503B01021,B,11.22,339222,3785053.0,True
534755,TRIOMERC,TRIO MERCANTILE & TRADING LTD.,INE234G01022,XT,2.27,60627,139452.0,False
534796,JUJHARLOGI,JUJHAR LOGISTICS  LIMITED,INE198N01017,X,213.75,248,53343.0,False
534804,CARERATING,CARE Ratings Limited,INE752H01013,A,1604.85,1312,2098569.0,True
534809,PCJEWELLER,PC JEWELLER LTD.,INE785M01021,A,12.82,11472777,147997392.0,True
534816,INDUSTOWER,INDUS TOWERS LIMITED,INE121J01017,A,376.0,224903,85359588.0,True
534976,VMART,V-MART RETAIL LTD.,INE665J01013,A,746.55,977,731906.0,True
535136,NIBE,NIBE LIMITED,INE149O01018,B,1234.95,4381,5357449.0,True
535204,MUKTA,Mukta Agriculture Limited,INE160O01031,XT,4.94,17118,84575.0,False
535205,MYSTICELE,Mystic Electronics Limited,INE159O01033,X,4.11,22123,90398.0,False
535267,COMFINCAP,COMFORT FINCAP LTD.,INE274M01026,X,7.53,20408,153905.0,False
535276,SBISENSEX,SBI MUTUAL FUND - SBI ETF SENS,INF200K01VT2,B,801.29,43760,35109253.0,False
535322,REPCOHOME,REPCO HOME FINANCE LTD.,INE612J01015,B,336.05,7989,2691648.0,True
535387,LAKHOTIA,LAKHOTIA POLYESTERS (INDIA) LT,INE191O01010,X,53.0,1048,55088.0,False
535431,GCMSECU,GCM SECURITIES LTD,INE168O01026,B,0.65,95793,61904.0,False
535458,NIBL,NRB INDUSTRIAL BEARINGS LTD.,INE047O01014,B,31.4,3984,124653.0,True
535514,PRIMECAPM,PRIME CAPITAL MARKET LTD.,INE748D01010,XT,5.6,25,140.0,False
535566,KIFS,KIFS FINANCIAL SERVICES LTD.,INE902D01013,X,111.9,72,7680.0,False
535601,SREEL,SREELEATHERS LTD.,INE099F01013,T,293.45,1563,460779.0,True
535602,SHARDAMOTR,SHARDA MOTOR INDUSTRIES LTD,INE597I01028,B,930.55,6484,6072444.0,True
535621,SVGLOBAL,S V GLOBAL MILL LTD.,INE159L01013,B,132.45,383,51835.0,True
535648,JUSTDIAL,JUST DIAL LTD.,INE599M01018,A,652.85,6664,4374142.0,True
535657,OONE,OBJECTONE INFORMATION SYSTEMS,INE860E01011,X,7.79,20,155.0,False
535667,IFINSEC,INDIA FINSEC LTD.,INE474O01010,X,250.0,4330,1080805.0,False
535693,BRAHMINFRA,BRAHMAPUTRA INFRASTRUCTURE LTD,INE320I01017,B,148.45,4575,663998.0,True
535719,AMPVOLTS,AMPVOLTS LIMITED,INE989J01017,X,24.83,33656,826683.0,False
535730,KHOOBSURAT,KHOOBSURAT LTD,INE731G01027,X,0.44,574487,255692.0,False
535754,ORIENTCEM,ORIENT CEMENT LTD,INE876N01018,B,115.95,16365,1896358.0,True
535755,ABFRL,Aditya Birla Fashion and Retai,INE647O01011,A,44.51,324654,14655006.0,True
535789,SAMMAANCAP,Sammaan Capital Limited,INE148I01020,A,132.5,852486,113122359.0,True
535910,MMLF,MONEY MASTERS LEASING & FINANC,INE340O01021,B,0.61,6710,4514.0,False
535916,ALSL,ALACRITY SECURITIES LTD,INE030P01017,B,47.2,16864,796815.0,False
535917,GCMCOMM,GCM COMMODITY & DERIVATIVES LT,INE200P01016,M,5.03,12000,60480.0,False
535958,ESSENTIA,Integra Essentia Limited,INE418N01035,B,1.01,338935,341630.0,True
536073,JULIEN,JULIEN AGRO INFRATECH LIMITED,INE890N01027,X,1.14,76553,87082.0,False
536264,TIGERLOGS,TIGER LOGISTICS (INDIA) LTD,INE906O01029,B,25.81,4166,106547.0,True
536493,JKAGRI,JK AGRI GENETICS LTD,INE690O01011,X,291.95,127,36188.0,False
536507,FLFL,FUTURE LIFESTYLE FASHIONS LTD,INE452O01016,Z,1.1,1305,1441.0,True
536565,NOVELIX,NOVELIX PHARMACEUTICALS LIMITE,INE314I01036,X,70.0,246,17213.0,False
536659,PVVINFRA,PVV Infra Limited,INE428B01021,X,2.16,1168686,2546321.0,False
536672,VCU,VCU DATA MANAGEMENT LTD,INE962O01014,X,6.74,14278,96291.0,False
536709,INDRENEW,IND Renewable Energy Ltd,INE138O01029,Z,13.91,10614,148545.0,False
536737,ACFSL,AMRAPALI CAPITAL AND FINANCE S,INE218P01018,MT,83.3,4800,426300.0,False
536773,JPOLYINVST,JINDAL POLY INVESTMENT AND FIN,INE147P01019,B,912.0,152,139313.0,True
536846,YURANUS,YURANUS INFRASTRUCTURE LTD,INE156M01017,XT,103.99,3,311.0,False
536960,MOM100,MOTILAL OSWAL MUTUAL FUND - MO,INF247L01023,B,63.6,153127,9683645.0,False
536974,CPL,CAPTAIN POLYPLAST LTD,INE536P01021,B,62.12,40014,2455105.0,True
537007,NIFTYIETF,ICICI Prudential Nifty ETF,INF109K012R6,B,254.77,84586,21568036.0,False
537069,ARNOLD,ARNOLD HOLDINGS LTD,INE185K01036,XT,17.74,13268,239305.0,False
537254,JTLDEFENCE,JTL DEFENCE LIMITED,INE140B01048,XT,713.9,5732,4187452.0,False
537259,SUYOG,SUYOG TELEMATICS LTD,INE442P01014,B,688.3,31955,22843420.0,True
537291,NATHBIOGEN,NATH BIO-GENES (INDIA) LTD,INE448G01010,B,139.75,2583,360876.0,True
537292,AGRITECH,AGRI- TECH (INDIA) LTD,INE449G01018,B,88.88,537,49616.0,True
537326,CHEMTECH,CHEMTECH INDUSTRIAL VALVES LTD,INE212P01011,X,55.79,15343,860688.0,False
537392,KETOMOTORS,Keto Motors Limited,INE392H01026,XT,249.0,2020,503204.0,False
537483,NIF100BEES,NIPPON INDIA ETF NIFTY 100,INF204K014N5,B,253.33,5457,1366457.0,False
537536,DENISCHEM,DENIS CHEM LAB LTD,INE051G01012,X,67.41,2965,199648.0,False
537669,LAXMIPATI,LAXMIPATI ENGINEERING WORKS LI,INE920P01019,MT,428.45,1000,428450.0,False
537707,LADDU,LADDU GOPAL ONLINE SERVICES LI,INE546I01025,X,0.45,342310,155551.0,False
537708,NIFTY1,KOTAK MAHINDRA MUTUAL FUND - K,INF174K014P6,B,249.95,4076,1018803.0,False
537709,HANSUGAR,SHREE HANUMAN SUGAR & INDUSTRI,INE101H01013,XT,3.77,14107,49832.0,False
537750,KIRANVYPAR,KIRAN VYAPAR LTD,INE555P01013,B,179.0,408,73116.0,True
537766,BCP,B.C. POWER CONTROLS LTD,INE905P01028,X,1.69,248424,397313.0,False
537785,RACE,RACE ECO CHAIN LIMITED,INE084Q01012,B,113.3,6252,714882.0,True
537800,MANGIND,MANGALAM INDUSTRIAL FINANCE LT,INE717C01025,X,0.53,6778649,3505032.0,False
537820,VIJIFIN,VIJI FINANCE LTD,INE159N01027,T,15.15,184301,2792160.0,True
537839,HBGHOTELS,HBG HOTELS LIMITED,INE977M01024,X,68.78,7656,537246.0,False
537985,INFRONICS,INFRONICS SYSTEMS LTD,INE463B01036,X,20.3,7072,144436.0,False
538057,CPSEETF,CPSE ETF,INF457M01133,B,89.71,67498,6044361.0,False
538081,HARIAAPL,HARIA APPARELS LTD,INE493N01012,X,4.82,286,1392.0,False
538119,RNBDENIMS,R&B DENIMS LTD,INE012Q01039,T,9.0,11141,100240.0,True
538212,SHARPINV,SHARP INVESTMENTS LTD,INE909D01026,XT,0.32,113691,34647.0,False
538268,WONDERLA,WONDERLA HOLIDAYS LTD,INE066O01014,B,494.1,6736,3331403.0,True
538273,RESPONSINF,RESPONSE INFORMATICS LTD,INE401B01010,X,19.66,112,2203.0,False
538351,AFEL,A.F. ENTERPRISES LTD,INE663P01015,Z,1.76,5350,8689.0,False
538365,INCREDIBLE,INCREDIBLE INDUSTRIES LIMITED,INE452L01012,B,32.84,864,28516.0,True
538382,WESTLEIRES,WEST LEISURE RESORTS LTD,INE266P01017,X,68.0,1,68.0,False
538395,NAM,NAM SECURITIES LTD,INE792G01011,XT,83.0,1,83.0,False
538401,METSL,MAESTROS ELECTRONICS & TELECOM,INE318N01011,X,121.45,80289,9615780.0,False
538422,JACKSON,JACKSON INVESTMENTS LTD,INE508N01025,X,0.36,308175,110852.0,False
538446,MONEYBOXX,MONEYBOXX FINANCE LIMITED,INE296Q01012,T,53.5,9020,490761.0,True
538451,WORTH,WORTH INVESTMENT & TRADING CO,INE114O01020,X,2.78,411561,1156250.0,False
538464,TPROJECT,THIRANI PROJECTS LTD,INE901C01017,X,3.16,3500,10785.0,False
538476,CTL,CAPITAL TRADE LINKS LTD,INE172D01021,XT,27.51,12418,343894.0,False
538496,TARINI,TARINI INTERNATIONAL LTD,INE849M01017,M,6.7,12000,87570.0,False
538520,SBL,SHIVAMSHREE BUSINESSES LIMITED,INE857P01021,X,1.95,18760,35064.0,False
538521,YAANENT,YAAN ENTERPRISES LIMITED,INE969E01010,XT,164.05,2135,349106.0,False
538539,ANVRDHI,ANNVRRIDHHI VENTURES LIMITED,INE075K01013,X,11.02,14603,161815.0,False
538540,RAAMA,RAAMA FINANCE LIMITED,INE516P01015,X,13.55,183137,2609533.0,False
538542,GOLDCOINHF,GOLD COIN HEALTH FOODS LTD,INE634J01027,X,32.79,380,11962.0,False
538546,BRPL,BANSAL ROOFING PRODUCTS LTD,INE319Q01012,B,168.45,10207,1734425.0,False
538556,ARMAN,ARMAN HOLDINGS LTD,INE510P01018,X,134.15,31426,4192224.0,False
538562,SKIPPER,SKIPPER LTD,INE439E01022,B,541.95,49581,26770395.0,True
538563,SMTEL,SMT ENGINEERING LIMITED,INE673E01018,X,330.15,106,34974.0,False
538564,JAMESWARREN,JAMES WARREN TEA LTD,INE718P01017,X,252.2,86,21720.0,False
538565,VISTARAMAR,Vistar Amar Limited,INE878P01019,X,174.35,10383,1788959.0,False
538567,GULFOILLUB,GULF OIL LUBRICANTS INDIA LTD,INE635Q01029,B,1092.55,8914,9889617.0,True
538568,FRUTION,FRUITION VENTURE LTD,INE836C01015,XT,29.88,7,206.0,False
538569,TRIVENIENT,TRIVENI ENTERPRISES LTD,INE916P01025,X,0.95,5509,5103.0,False
538596,CEMAINFRA,CEMANTIC INFRA-TECH LIMITED,INE222B01028,X,5.0,21,105.0,False
538597,TTIENT,TTI ENTERPRISE LTD,INE404F01031,X,7.1,5032,36594.0,False
538598,VISHAL,VISHAL FABRICS LTD,INE755Q01025,B,17.38,9814,172227.0,True
538607,TOYAMSL,TOYAM SPORTS LIMITED,INE457P01020,B,0.7,397013,281762.0,True
538609,GAJANANSEC,GAJANAN SECURITIES SERVICES LT,INE868G01019,X,51.9,554,28208.0,False
538610,UNISON,UNISON METALS LTD,INE099D01026,XT,0.82,458048,377930.0,False
538611,RTFL,Real Touch Finance Limited,INE840I01014,Z,35.0,1160,40547.0,False
538634,VRL,VASUNDHARA RASAYANS LTD,INE406F01010,X,144.4,1212,183078.0,False
538635,SNOWMAN,SNOWMAN LOGISTICS LTD,INE734N01019,B,34.32,3472,118287.0,True
538646,QGO,QGO FINANCE LIMITED,INE837C01013,X,39.9,121,4742.0,False
538647,PURSHOTTAM,PURSHOTTAM INVESTOFIN LTD,INE729C01020,X,33.27,221,7813.0,False
538666,SHARDACROP,Sharda Cropchem Limited,INE221J01015,A,710.3,7546,5349960.0,True
538668,MIIL,Meghna Infracon Infrastructure,INE898Q01015,B,676.6,21532,14490230.0,True
538674,CITYONLINE,City Online Services Limited,INE158C01014,Z,7.35,564,4316.0,False
538685,SHEMAROO,SHEMAROO ENTERTAINMENT LIMITED,INE363M01019,B,117.2,523,62208.0,True
538706,ULTRACAB,Ultracab (India) Limited,INE010R01023,X,7.82,234477,1853076.0,False
538708,ETIL,Econo Trade (India) Limited,INE937K01014,X,6.35,5840,36691.0,False
538713,ATISHAY,Atishay Limited,INE011R01013,X,141.8,821,114772.0,False
538714,SANGAMFIN,Sangam Finserv Limited,INE475D01010,X,37.86,420,15776.0,False
538715,DHABRIYA,Dhabriya Polywood Limited,INE260R01016,T,479.25,2482,1154984.0,True
538716,ARYACAPM,Aryaman Capital Markets Limite,INE229R01011,B,419.0,7,2840.0,False
538730,PDSL,PDS LIMITED,INE111Q01021,B,348.15,156975,54780717.0,True
538732,VGCL,Vibrant Global Capital Limited,INE761Q01015,B,46.5,504,23851.0,True
538734,CEINSYS,CEINSYS TECH LIMITED,INE016Q01014,B,652.85,19785,12894588.0,True
538742,PANABYTE,PANABYTE TECHNOLOGIES LIMITED,INE516E01019,XT,17.99,2868,49964.0,False
538743,MUDUNURU,Mudunuru Limited,INE491C01027,XT,6.57,62,407.0,False
538770,CRANEINFRA,Crane Infrastructure Limited,INE176L01017,X,11.5,354,4003.0,False
538772,NIYOGIN,Niyogin Fintech Limited,INE480D01010,X,48.44,125310,6243101.0,False
538778,KALYANCAP,Kalyan Capitals Limited,INE149Q01021,X,6.49,19743,126629.0,False
538786,CITIZEN,Citizen Solar Limited,INE473L01018,X,160.8,751,119844.0,False
538787,GBFL,Goenka Business & Finance Limi,INE997C01015,X,14.47,35441,516532.0,False
538788,GILADAFINS,Gilada Finance & Investments L,INE918C01029,X,12.2,10991,133539.0,False
538795,SAPPL,Shree Ajit Pulp And Paper Ltd.,INE185C01017,B,309.7,2004,616388.0,True
538812,AANCHALISP,Aanchal Ispat Limited,INE322R01022,XT,62.21,3478,223637.0,False
538817,CAPPIPES,Captain Pipes Limited,INE513R01026,B,7.77,51940,406164.0,False
538833,KAIZENAGRO,KAIZEN AGRO INFRABUILD LIMITED,INE891N01017,XT,9.26,527,4880.0,False
538834,JMJFIN,JMJ Fintech Limited,INE242Q01016,X,9.31,5534,51871.0,False
538835,INTELLECT,INTELLECT DESIGN ARENA LIMITED,INE306R01017,A,611.35,22626,13706000.0,True
538836,MONTECARLO,Monte Carlo Fashions Limited,INE950M01013,B,521.45,6182,3230700.0,True
538837,JSTL,Jeevan Scientific Technology L,INE237B01018,X,84.71,64979,5602058.0,False
538838,ICL,Indo Cotspin Limited,INE407P01017,X,31.5,10,315.0,False
538857,SCC,Scintilla Commercial & Credit,INE892C01018,X,8.4,5415,43352.0,False
538860,PANAFIC,PANAFIC INDUSTRIALS LTD,INE655P01029,XT,2.28,531271,1211297.0,False
538862,MYMONEY,My Money Securities Ltd.,INE232L01018,X,34.51,16475,583911.0,False
538868,CSL,Continental Securities Limited,INE183Q01020,XT,21.97,160909,3404979.0,False
538874,NEXUSSURGL,NEXUS SURGICAL AND MEDICARE LI,INE370Q01015,XT,31.49,12124,393373.0,False
538881,GALADAFIN,Galada Finance Limited,INE243E01010,X,29.5,156,4242.0,False
538882,EMERALD,Emerald Finance Limited,INE030Q01015,X,58.72,45760,2760911.0,False
538890,MKEXIM,M. K. Exim (India) Ltd.,INE227F01010,B,66.0,8500,554612.0,True
538891,MCLOUD,MAGELLANIC CLOUD LIMITED,INE613C01026,B,24.26,68959,1685144.0,True
538894,OCTAL,Octal Credit Capital Ltd.,INE513C01010,X,17.16,19,326.0,False
538895,MIHIKA,Mihika Industries Ltd.,INE779Q01017,XT,11.45,1004,10945.0,False
538896,KANCHI,Kanchi Karpooram Ltd.,INE081G01019,B,381.7,1755,656520.0,True
538897,SHRINIWAS,Shri Niwas Leasing and Finance,INE201F01015,XT,18.23,3121,56908.0,False
538902,DTIL,Dhunseri Tea & Industries Ltd,INE341R01014,T,157.55,5930,929368.0,True
538918,VANICOM,Vani Commercials Limited,INE661Q01017,X,8.59,75,645.0,False
538920,VINCOFE,VINTAGE COFFEE AND BEVERAGES L,INE498Q01014,B,178.95,77507,13783270.0,True
538922,COSYN,COSYN Limited,INE029B01019,X,21.5,272,5764.0,False
538923,SOFCOM,SOFCOM SYSTEMS LIMITED,INE499Q01012,XT,18.88,120759,2224678.0,False
538926,NAPL,Naturite Agro Products Limited,INE223R01022,X,77.9,79658,6262807.0,False
538928,KARNAVATI,Karnavati Finance Limited,INE554R01020,X,1.39,37270,50166.0,False
538935,ABHIFIN,Abhishek Finlease limited,INE723C01015,X,73.5,101,7423.0,False
538942,MERCANTILE,Mercantile Ventures Limited,INE689O01013,B,22.0,100,2175.0,True
538952,ALFL,Abhinav Leasing & Finance Limi,INE211D01027,X,1.1,319,350.0,False
538961,GENUSPAPER,GENUS PAPER & BOARDS LIMITED,INE949P01018,B,10.58,7976,84902.0,True
538962,MINDACORP,Minda Corporation Limited,INE842C01021,A,668.0,45352,30244687.0,True
538964,MERCURYLAB,Mercury Laboratories Limited,INE947G01011,X,748.0,3,2244.0,False
538965,CONCORD,Concord Drugs Limited,INE858L01010,X,75.7,3387,247971.0,False
538970,WARDINMOBI,WARDWIZARD INNOVATIONS AND MOB,INE945P01024,B,5.32,137002,731654.0,True
538975,SHREESEC,Shree Securities Ltd.,INE397C01026,Z,0.19,35125,6673.0,False
538979,GREENLAM,Greenlam Industries Ltd,INE544R01021,B,213.55,4638,980836.0,True
538987,TALBROSENG,TALBROS ENGINEERING LIMITED,INE717E01013,X,654.35,5245,3401121.0,False
538992,SAPL,Sar  Auto Products Limited,INE002E01010,XT,8149.1,218,1890034.0,False
539006,PTCIL,PTC Industries Ltd.,INE596F01018,A,22004.0,1894,41682426.0,True
539011,CHENFERRO,CHENNAI FERROUS INDUSTRIES LIM,INE777O01016,X,70.0,1137,78721.0,False
539012,MEGRISOFT,Megri Soft Limited,INE756R01013,X,76.88,861,66593.0,False
539013,GITARENEW,GITA RENEWABLE ENERGY LIMITED,INE776O01018,X,63.21,518,34306.0,False
539014,KALPACOMME,Kalpa Commercial Limited,INE059Q01014,X,8.99,8,70.0,False
539016,NEIL,Neil Industries Ltd.,INE396C01010,X,6.39,339,2164.0,False
539017,STARHFL,STAR HOUSING FINANCE LIMITED,INE526R01028,X,4.09,54996,221784.0,False
539018,BEEKAY,Beekay Steel Industries Ltd.,INE213D01015,B,452.7,598,265695.0,True
539032,FRASER,Fraser And Company Limited,INE184Q01010,X,8.76,9439,81457.0,False
539040,TIRUPATIIN,TIRUPATI INNOVAR LIMITED,INE812Q01016,X,6.41,62779,397746.0,False
539041,GANVERSE,GANESHA ECOVERSE LIMITED,INE369Q01017,M,23.01,3750,87462.0,False
539042,AGIIL,AGI Infra Limited,INE976R01033,B,259.75,17174,4471246.0,True
539044,MANAKSTEEL,Manaksia Steels Limited,INE824Q01011,T,106.3,2325,246462.0,True
539045,MANAKALUCO,Manaksia Aluminium Company Ltd,INE859Q01017,B,33.65,4215,142049.0,True
539046,MANAKCOAT,Manaksia Coated Metals & Indus,INE830Q01018,B,126.6,7882,990432.0,True
539056,IMAGICAA,IMAGICAAWORLD ENTERTAINMENT LI,INE172N01012,B,50.47,26920,1358608.0,True
539083,INOXWIND,Inox Wind Limited,INE066P01011,A,68.9,1160781,79879787.0,True
539090,RAJPUTANA,Rajputana Investment and Finan,INE751R01014,X,30.56,5987,187786.0,False
539091,CCDL,Consecutive Commodities Limite,INE187R01029,XT,0.94,2744041,2586998.0,False
539097,URSUGAR,UR SUGAR INDUSTRIES LIMITED,INE904R01027,T,2.91,10188,29830.0,False
539098,FILTRA,Filtra Consultants and Enginee,INE541R01019,M,64.79,4000,245760.0,False
539099,ATHCON,Athena Constructions Limited,INE291R01011,M,3.67,5000,18200.0,False
539110,NORTHLINK,Northlink Fiscal And Capital S,INE736P01019,Z,35.0,1,35.0,False
539111,SHESHAINDS,SHESHADRI INDUSTRIES LIMITED,INE193R01019,X,15.4,300,4620.0,False
539113,PML,Paul Merchants Ltd.,INE291E01019,B,494.95,612,300979.0,True
539115,ALANSCOTT,ALAN SCOTT ENTERPRISES LIMITED,INE273F01022,XT,310.0,82,25379.0,False
539117,SUJALA,Sujala Trading & Holding Ltd.,INE029H01016,X,12.31,38056,468055.0,False
539118,VRLLOG,VRL Logistics Limited,INE366I01010,B,285.35,13977,3998943.0,True
539120,GRAMEVA,GRAMEVA LIMITED,INE578R01011,XT,79.7,43,3427.0,False
539121,PALCO,Palco Metals Limited,INE239L01013,X,183.45,11659,2085520.0,False
539122,BODHTREE,Bodhtree Consulting Limited,INE104F01029,X,12.67,4968,62112.0,False
539123,VBIND,V B INDUSTRIES LIMITED,INE334E01017,X,8.9,7561,64213.0,False
539124,SARVOTTAM,Survottam Finvest Ltd.,INE822Q01015,X,18.0,158,2734.0,False
539126,MEP,MEP Infrastructure Developers,INE776I01010,Z,0.69,127007,86566.0,True
539132,WARDWIZFBL,Wardwizard Foods and Beverages,INE761D01021,X,8.29,74087,620781.0,False
539141,UFO,UFO Moviez India Limited,INE527H01019,B,56.46,4085,234278.0,True
539143,PANTH,PANTH INFINITY LIMITED,INE945O01019,X,10.52,39885,421482.0,False
539148,SHIVALIK,Shivalik Rasayan Ltd.,INE788J01021,B,392.55,9351,3589338.0,True
539149,ICSL,Integrated Capital Services Lt,INE682B01023,X,3.9,1741,6488.0,False
539150,PNCINFRA,PNC Infratech Limited,INE195J01029,A,138.0,124605,17056652.0,True
539151,ARFIN,Arfin India Limited,INE784R01023,B,87.05,60956,5359035.0,True
539174,HELPAGE,Helpage Finlease Ltd.,INE738P01015,X,22.67,26,600.0,False
539176,HAWAENG,Hawa Engineers ltd.,INE230I01018,X,83.45,2518,211155.0,False
539177,AIIL,Authum Investment & Infrastruc,INE206F01022,A,539.35,17215,9244991.0,True
539189,ADHBHUTIN,Adhbhut Infrastructure Ltd.,INE578L01014,X,12.97,1105,14422.0,False
539190,DFL,Decillion Finance Ltd.,INE848N01017,X,41.21,239,9849.0,False
539195,POEL,POCL ENTERPRISES LTD,INE035S01028,B,137.35,15621,2166444.0,True
539196,AEL,Amba Enterprises Ltd.,INE829P01020,X,118.85,7037,834477.0,False
539199,SGFIN,SG FINSERVE LIMITED,INE618R01015,B,632.3,45081,27976960.0,True
539200,NOBPOL,NOBLE POLYMERS LIMITED,INE203Q01026,XT,17.6,17829,313790.0,False
539201,SATIA,SATIA INDUSTRIES LIMITED,INE170E01023,B,68.45,3836,261361.0,True
539206,GVBL,GENOMIC VALLEY BIOTECH LIMITED,INE574D01010,X,28.88,15,440.0,False
539216,GARMNTMNTR,GARMENT MANTRA LIFESTYLE LIMIT,INE653S01028,X,1.1,1125132,1217451.0,False
539217,SRESTHA,Srestha Finvest Limited,INE606K01049,X,0.24,2897147,699378.0,False
539218,SAUMYA,Saumya Consultants Ltd.,INE563C01015,X,119.7,126,14048.0,False
539219,MUL,MAURIA UDYOG LIMITED,INE150D01027,X,6.99,16768,116964.0,False
539220,MISHKA,Mishka Exim Limited,INE540S01019,X,43.01,652,27731.0,False
539221,SPORTKING,Sportking India Ltd.,INE885H01029,B,208.0,9550,1987442.0,True
539222,GROWINGTON,GROWINGTON VENTURES INDIA LIMI,INE451S01027,B,0.78,6828024,5206845.0,False
539224,HCKKVENTURE,HCKK Ventures Limited,INE345Q01017,XT,32.97,5074,167289.0,False
539226,RUDRA,RUDRA GLOBAL INFRA PRODUCTS LI,INE027T01023,B,18.61,15692,291137.0,True
539227,LOYAL,Loyal Equipments Limited,INE876S01017,X,135.5,9984,1313859.0,False
539228,GGPL,Gala Global Products Limited,INE480S01026,Z,1.24,122317,147638.0,False
539230,CHEMIESYNT,Chemiesynth (Vapi) Limited,INE829R01018,XT,103.64,5,518.0,False
539251,BALKRISHNA,Balkrishna Paper Mills Ltd.,INE875R01011,B,15.95,2018,31819.0,True
539252,SHYAMCENT,Shyam Century Ferrous Limited,INE979R01011,T,4.92,1076,5351.0,True
539254,ADANIENSOL,Adani Energy Solutions Limited,INE931S01010,A,1325.5,400341,546174414.0,True
539255,STARDELTA,STAR DELTA TRANSFORMERS LIMITE,INE541K01014,X,433.25,958,415717.0,False
539265,AMRAFIN,Amrapali Fincap Limited,INE990S01016,MT,40.46,1200,48552.0,False
539267,SAMSRITA,SAMSRITA LABS LIMITED,INE579N01018,X,11.76,2050,23007.0,False
539268,SYNGENE,Syngene International Limited,INE398R01022,A,360.95,37676,13520610.0,True
539275,MSL,Mangalam Seeds Limited,INE829S01016,B,144.0,314,43872.0,True
539276,KAYA,Kaya Limited,INE587G01015,T,307.0,38,11546.0,True
539278,SYMBIOX,Symbiox Investment & Trading C,INE653R01012,X,1.52,10118,17902.0,False
539287,ORTINGLOBE,ORTIN GLOBAL LIMITED,INE749B01020,B,14.89,2,29.0,True
539289,AURUM,AURUM PROPTECH LIMITED,INE898S01029,B,224.15,6677,1503763.0,True
539290,OSWALGREEN,Oswal Greentech Limited,INE143A01010,B,19.4,29460,573165.0,True
539300,SUNRAKSHAK,SUNRAKSHAKK INDUSTRIES INDIA L,INE671K01027,B,358.0,3914,1392593.0,True
539301,ARVSMART,Arvind SmartSpaces Limited,INE034S01021,B,592.25,3846,2289034.0,True
539302,POWERMECH,Power Mech Projects Limited,INE211R01019,A,2478.9,4419,10869482.0,True
539309,RAMASTEEL,Rama Steel Tubes Limited,INE230R01035,T,4.48,148676,666802.0,True
539310,THINKINK,THINKINK PICTUREZ LIMITED,INE365S01045,X,0.19,436398,82915.0,False
539314,UNIAUTO,Universal Autofoundry Limited,INE203T01012,B,48.91,22547,1119456.0,False
539331,VETO,VETO SWITCHGEARS AND CABLES LI,INE918N01018,B,137.2,6644,911055.0,True
539332,NAVKARCORP,Navkar Corporation Limited,INE278M01019,B,85.16,36406,3101460.0,True
539334,SHREEPUSHK,Shree Pushkar Chemicals & Fert,INE712K01011,B,491.45,1298,634329.0,True
539336,GUJENERGY,Gujarat Energy Limited,INE844O01030,A,230.0,131268,30145168.0,True
539337,WAAREE,WAAREE TECHNOLOGIES LIMITED,INE725P01012,M,199.8,4725,955377.0,False
539346,SADBHIN,Sadbhav Infrastructure Project,INE764L01010,B,2.6,96784,250192.0,True
539353,SALAUTO,SAL AUTOMOTIVE LIMITED,INE724G01014,X,191.05,407,77758.0,False
539359,PRITIKAUTO,Pritika Auto Industries Limite,INE583R01029,B,16.06,51725,843528.0,True
539383,MAHAVEER,Mahaveer Infoway Limited,INE019D01016,Z,11.2,24,266.0,False
539391,ACME,Acme Resources Limited,INE636B01011,Z,28.57,102,2913.0,False
539398,VISHALBL,Vishal Bearings Limited,INE060T01024,B,54.58,4089,216652.0,False
539399,BELLACASA,Bella Casa Fashion & Retail Li,INE344T01014,B,242.85,642,159538.0,True
539400,MALLCOM,MALLCOM (INDIA) LTD.,INE389C01015,B,935.15,155,144375.0,True
539402,NAKSH,Naksh Precious Metals Limited,INE256S01012,Z,3.42,2140,7377.0,False
539404,SATIN,SATIN CREDITCARE NETWORK LIMIT,INE836B01017,B,227.2,13145,2979393.0,True
539405,DITCO,Decorous Investment and Tradin,INE183R01010,X,12.13,2909,36657.0,False
539406,SWAGTAM,Swagatam Trading & Services Li,INE150R01019,X,75.99,256,19678.0,False
539407,GENCON,Generic Engineering Constructi,INE854S01022,B,40.26,6889,270948.0,True
539408,KUBERJI,Kuber Udyog Limited,INE594R01018,XT,69.27,28769,1992729.0,False
539428,TEJNAKSH,Tejnaksh Healthcare Limited,INE030T01027,X,12.54,9323,116872.0,False
539435,RFSL,Richfield Financial Services L,INE201C01012,X,18.69,2669,47323.0,False
539436,COFFEEDAY,Coffee Day Enterprises Limited,INE335K01011,B,29.69,215776,6574643.0,True
539437,IDFCFIRSTB,IDFC FIRST BANK LIMITED,INE092T01019,A,80.32,1043890,83962342.0,True
539448,INDIGO,InterGlobe Aviation Limited,INE646L01027,A,4921.2,25231,124583760.0,True
539449,IGCIL,IGC Industries Limited,INE099S01016,X,1.84,141085,256420.0,False
539450,SHK,S H Kelkar and Company Limited,INE500L01026,B,137.7,23245,3200261.0,True
539455,ECOFINITY,ECOFINITY ATOMIX LIMITED,INE360S01012,X,69.82,7239,505759.0,False
539469,PANORAMA,PANORAMA STUDIOS INTERNATIONAL,INE258R01028,B,60.44,39854,2333528.0,True
539470,SHREEGANES,Shree Ganesh Biotech (India) L,INE051N01026,X,0.47,298377,140830.0,False
539479,GTV,GTV Engineering Limited,INE910R01024,X,67.97,177531,12250320.0,False
539480,LICNETFN50,LIC MF EXHGE TRADED FUND-NIFTY,INF767K01OS7,B,253.74,11,2791.0,False
539486,GEETANJ,Geetanjali Credit And Capital,INE263R01010,X,9.83,289,2840.0,False
539487,LICNETFSEN,LIC MF EXCHNG TRADED FUND-SENS,INF767K01OT5,B,814.82,54,43764.0,False
539492,GARBIFIN,Garbi Finvest Limited,INE721C01019,X,8.89,276,2439.0,False
539494,SMARTFIN,Smart Finsec Limited,INE766D01020,X,8.06,2764,22177.0,False
539495,RAJKOTINV,Rajkot Investment Trust Limite,INE176R01014,X,48.0,35,1670.0,False
539506,ADCON,Adcon Capital Services Limited,INE805Q01028,X,0.52,161824,82845.0,False
539515,QUINT,Quint Digital Limited,INE641R01017,T,68.56,1823,124984.0,True
539518,UDAYJEW,Uday Jewellery Industries Limi,INE551B01012,B,160.25,3550,574839.0,True
539519,TAVEXIA,TAVEXIA LIFECARE LIMITED,INE280E01038,XT,1.18,992683,1181795.0,False
539522,GROVY,Grovy India Limited,INE343C01012,XT,64.0,630,40121.0,False
539523,ALKEM,Alkem Laboratories Limited,INE540L01014,A,5240.0,2126,11003303.0,True
539524,LALPATHLAB,Dr. Lal Pathlabs Limited,INE600L01024,A,2006.55,35018,70087947.0,True
539526,SCTL,Suncare Traders Limited,INE452S01025,X,0.42,220298,94073.0,False
539527,CREATIVE,Creative Castings Limited,INE146E01015,X,618.15,1033,629962.0,False
539528,AAYUSH,AAYUSH WELLNESS LIMITED,INE430R01023,X,23.76,36242,865649.0,False
539533,ELITECON,ELITECON INTERNATIONAL LIMITED,INE669R01026,B,7.79,861393,6774629.0,True
539542,LUXIND,LUX Industries Limited,INE150G01020,B,1094.7,598,652863.0,True
539545,APOORVA,Apoorva Leasing Finance & Inve,INE217S01014,T,34.4,5,171.0,True
539546,AGRIBIO,AGRIBIO SPIRITS LIMITED,INE679E01015,X,310.15,10479,3287838.0,False
539551,NH,Narayana Hrudayalaya Limited,INE410P01011,A,1741.85,38278,66436629.0,True
539552,DHVIJAFIN,DHVIJA FINANCE LIMITED,INE108T01021,X,10.93,11262,123076.0,False
539559,DEEPAI,Deep Health AI India Limited,INE005G01026,XT,1.62,423968,694522.0,False
539561,SUPHA,SUPHA PHARMACHEM LIMITED,INE549S01036,Z,0.26,871639,230704.0,False
539562,AARNAV,AARNAV FASHIONS LIMITED,INE750R01016,T,36.0,214,7503.0,True
539593,SHIVA,Shivansh Finserv Limited,INE728Q01014,XT,10.64,8183,86106.0,False
539594,MISHTANN,Mishtann Foods Limited,INE094S01041,X,3.07,903063,2784360.0,False
539596,DELTA,Delta Industrial Resources Lim,INE681Q01015,X,10.3,1050,10525.0,False
539598,AMPL,AMPL Capital Limited,INE727C01024,X,34.38,91216,3154013.0,False
539607,BLUECLOUDS,Blue Cloud Softech Solutions L,INE373T01047,B,19.9,838359,16576293.0,True
539620,KEIL,KANORIA ENERGY & INFRASTRUCTUR,INE534E01020,X,17.36,1523,26411.0,False
539621,BCLENTERPR,BCL Enterprises Limited,INE368E01023,XT,0.47,24680,11599.0,False
539636,PRECAM,Precision Camshafts Limited,INE484I01029,B,110.2,34735,3873780.0,True
539658,TEAMLEASE,TeamLease Services Limited,INE985S01024,B,1175.25,482,560325.0,True
539659,KAMATS,VIKRAM KAMATS HOSPITALITY LIMI,INE564S01019,B,30.04,1881,56351.0,False
539660,BESTAGRO,BEST AGROLIFE LIMITED,INE052T01021,B,17.52,151830,2646825.0,True
539661,ACEMEN,ACE MEN ENGG WORKS LIMITED,INE023R01018,X,113.75,100824,11534927.0,False
539662,BFLAFL,BFL Asset Finvest Limited,INE948Q01018,X,6.2,849,5365.0,False
539669,RGF,RGF Capital Markets Limited,INE684D01025,X,2.1,102071,214349.0,False
539673,RCL,Radhagobind Commercial Limited,INE792P01020,Z,1.73,18693,32338.0,False
539678,QUICKHEAL,Quick Heal Technologies Limite,INE306L01010,B,138.05,11866,1670064.0,True
539679,KAPILRAJ,Kapil Raj Finance Ltd.,INE332Q01023,XT,3.09,2546348,8056158.0,False
539682,MOBAVENUE,Mobavenue AI Tech Limited,INE622Q01027,X,289.55,21595,6379318.0,False
539686,KPEL,K.P. Energy Limited,INE127T01021,B,218.35,39601,8754479.0,True
539692,IFINSER,INTERACTIVE FINANCIAL SERVICES,INE064T01018,X,11.73,7336,81943.0,False
539697,HILIKS,HILIKS TECHNOLOGIES LIMITED,INE966Q01010,XT,61.1,33439,2098328.0,False
539724,HYPERSOFT,HYPERSOFT TECHNOLOGIES LIMITED,INE039D01014,XT,196.1,3210,629973.0,False
539725,GOKULAGRO,Gokul Agro Resources Ltd,INE314T01033,B,210.3,24627,5185289.0,True
539730,FREDUN,Fredun Pharmaceuticals Limited,INE194R01017,B,1353.0,9026,12342844.0,True
539742,SIMBHALS,Simbhaoli Sugars Ltd,INE748T01016,Z,6.81,10634,72417.0,True
539760,RELICAB,Relicab Cable Manufacturing Li,INE773T01014,B,34.89,1682,57230.0,False
539761,VKAL,Vantage Knowledge Academy Limi,INE427T01025,X,0.72,737209,524114.0,False
539762,MEAPL,MODERN ENGINEERING AND PROJECT,INE250S01015,X,22.15,104463,2399219.0,False
539767,MNIL,Mega Nirman & Industries Limit,INE216Q01010,XT,60.73,153404,9285904.0,False
539770,DARJEELING,DARJEELING INDUSTRIIES LIMITED,INE830S01014,X,25.99,1574,37933.0,False
539773,ADVIKCA,Advik Capital Limited,INE178T01024,B,1.01,117604,118360.0,True
539784,LICNFNHGP,LIC MF EXHNGE TRADED FUND NIFT,INF767K01PC8,B,263.42,203,53010.0,False
539785,PDMJEPAPER,Pudumjee Paper Products Limite,INE865T01018,B,95.82,23463,2251484.0,True
539787,HCG,HealthCare Global Enterprises,INE075I01017,A,668.1,5306,3526088.0,True
539798,UMIYA,Umiya Tubes Limited,INE173U01015,X,25.68,17545,450581.0,False
539799,BHARATWIRE,Bharat Wire Ropes Limited,INE316L01019,B,159.95,9202,1469506.0,True
539800,CHDCHEM,CHD Chemicals Limited,INE043U01010,X,6.5,8668,56003.0,False
539807,CCAVENUE,AvenuesAI Limited,INE483S01020,A,15.3,1313587,19931191.0,True
539814,LELAVOIR,LE LAVOIR LIMITED,INE204S01012,X,70.83,1436,102151.0,False
539834,BALGOPAL,Balgopal Commercial limited,INE119R01014,X,160.05,6640,1088343.0,False
539835,SUPERIOR,Superior Finlease Limited,INE574R01028,X,1.62,21755,32797.0,False
539837,RPEL,RAGHAV PRODUCTIVITY ENHANCERS,INE912T01018,B,1817.75,15452,28348790.0,True
539841,LANCER,Lancer Container Lines Limited,INE359U01028,B,11.07,41853,468122.0,True
539843,NINSYS,NINtec Systems Limited,INE395U01014,B,807.3,2686,2159967.0,True
539854,HALDER,Halder Venture Limited,INE115S01010,B,239.85,22,5325.0,True
539871,THYROCARE,Thyrocare Technologies Limited,INE594H01019,A,534.4,7857,4149511.0,True
539872,BAJAJHCARE,Bajaj Healthcare Limited,INE411U01027,B,323.4,13389,4295572.0,True
539875,RSDFIN,RSD Finance Limited,INE616F01022,T,89.0,128,11392.0,True
539876,CROMPTON,Crompton Greaves Consumer Elec,INE299U01018,A,202.1,296090,60803689.0,True
539883,PILANIINVS,Pilani Investment And Industri,INE417C01014,B,3907.95,255,1001495.0,True
539884,DARSHANORNA,Darshan Orna Limited,INE671T01028,X,2.07,33666,70548.0,False
539889,PARAGMILK,Parag Milk Foods Limited,INE883N01014,A,263.9,47683,12620979.0,True
539894,MADHAVIPL,Madhav Infra Projects Limited,INE631R01026,B,7.31,31873,232600.0,True
539895,SPICELOUNG,SPICE LOUNGE FOOD WORKS LIMITE,INE631E01024,B,27.9,59523,1660691.0,False
539900,DIDL,DALMIA INDUSTRIAL DEVELOPMENT,INE642P01019,X,8.73,627,5274.0,False
539911,SNIM,Svarnim Trade Udyog Limited,INE730R01042,X,11.6,600,6940.0,False
539921,SEIL,Shanti Educational Initiatives,INE440T01028,B,186.4,27433,5034488.0,True
539922,RGIL,Rotographics (India) Limited,INE364S01022,XT,44.59,243,10835.0,False
539927,LIKHAMI,LIKHAMI CONSULTING LIMITED,INE920T01011,X,312.2,1,312.0,False
539938,MIL,Medico Intercontinental Limite,INE858Q01019,X,23.79,840,20163.0,False
539939,YASHCHEM,Yash Chemex Limited,INE571U01010,X,52.4,6740,360015.0,False
539946,BAZELINTER,Bazel International Limited,INE217E01014,XT,20.5,288,5894.0,False
539947,JLL,JINDAL LEASEFIN LIMITED,INE919T01013,XT,61.71,90,5553.0,False
539956,TAALTECH,TAAL TECH LIMITED,INE524T01029,B,946.05,7541,7275625.0,True
539957,MGL,Mahanagar Gas Limited,INE002S01010,A,1045.3,10743,11173602.0,True
539963,ZEAL,Zeal Aqua Limited,INE819S01025,X,10.33,37854,389325.0,False
539978,QUESS,Quess Corp Limited,INE615P01015,B,335.05,25502,8519634.0,True
539979,DIGJAMLMTD,DIGJAM LIMITED,INE731U01028,T,49.31,767,38309.0,True
539984,HIIL,HINDUSTHAN INSULATORS and INDU,INE799B01025,XT,516.25,102,52657.0,False
539985,TITAANIUM,Titaanium Ten Enterprise Limit,INE120V01014,M,18.5,23000,442160.0,False
539986,COMSYN,Commercial Syn Bags Limited,INE073V01015,B,262.0,21410,5589823.0,True
539991,CFEL,CONFIDENCE FUTURISTIC ENERGETE,INE700F01024,T,45.4,109,4947.0,True
539992,LLOYDSENGG,LLOYDS ENGINEERING WORKS LIMIT,INE093R01011,A,98.35,1069171,103996199.0,True
539997,KPL,Kwality Pharmaceuticals Limite,INE552U01010,B,3572.35,7206,25504100.0,True
540005,LTM,LTM LIMITED,INE214T01019,A,4017.0,9046,36309896.0,True
540006,EASTWEST,EAST WEST FREIGHT CARRIERS LTD,INE595R01023,B,2.33,16328,36273.0,True
540023,COLORCHIPS,COLORCHIPS NEW MEDIA LIMITED,INE621I01042,X,10.65,2999,31395.0,False
540025,ADVENZYMES,Advanced Enzyme Technologies L,INE837H01020,B,274.4,11927,3260361.0,True
540026,LAHL,Ladam Affortable Housing Limit,INE213U01019,X,6.36,1095,6800.0,False
540047,DBL,Dilip Buildcon Limited,INE917M01012,A,398.95,4726,1891214.0,True
540048,SPAL,S.P. Apparels Limited,INE212I01016,B,940.5,3965,3689405.0,True
540061,BIGBLOC,Bigbloc Construction Limited,INE412U01025,B,38.49,5861,223541.0,True
540062,GOLDENCREST,Golden Crest Education & Servi,INE222U01010,X,324.8,1,324.0,False
540065,RBLBANK,RBL Bank Limited,INE976G01028,A,412.0,159049,65546550.0,True
540066,AMS,AMS POLYMERS LIMITED,INE345U01019,XT,48.0,465,22270.0,False
540072,SHIVAEXPO,Shiva Granito Export Limited,INE191V01015,MT,10.5,210000,2130900.0,False
540073,BLS,BLS International Services Ltd,INE153T01027,A,215.95,88391,19083098.0,True
540078,MITSU,Mitsu Chem Plast Limited,INE317V01016,X,178.2,17702,3135040.0,False
540079,SPRAYKING,Sprayking Limited,INE537U01037,B,1.2,107524,128880.0,False
540080,DHATRE,Dhatre Udyog Limited,INE715T01031,B,4.04,2351,9442.0,True
540082,RSTL,Riddhi Steel and Tube Limited,INE367U01013,MT,262.35,2250,588915.0,False
540083,TVVISION,TV VISION LIMITED,INE871L01013,T,2.61,3145,8419.0,True
540097,GAMCO,GAMCO LIMITED,INE890S01026,X,46.75,22386,1019484.0,False
540115,LTTS,L&T Technology Services Limite,INE010V01017,A,3266.2,4548,14676451.0,True
540124,GNA,G N A Axles Limited,INE934S01014,B,581.8,36014,21008248.0,True
540125,RADHIKAJWE,Radhika Jeweltech Limited,INE583V01021,T,68.96,17536,1203112.0,True
540132,SIIL,Sabrimala Industries India Lim,INE400R01018,XT,18.0,12167,219006.0,False
540133,ICICIPRULI,ICICI Prudential Life Insuranc,INE726G01019,A,449.25,27341,12194141.0,True
540135,ARCFIN,ARC Finance Limited,INE202R01026,X,0.46,2864880,1303718.0,False
540136,HPL,HPL Electric & Power Limited,INE495S01016,B,266.15,7910,2106627.0,True
540143,SAGARSOFT,Sagarsoft (India) Limited,INE184B01012,X,91.8,2102,193704.0,False
540145,VALIANTORG,Valiant Organics Limited,INE565V01010,B,478.35,57078,26509945.0,True
540146,ACML,ADITYA CONSUMER MARKETING LIMI,INE427V01013,M,34.99,1000,34990.0,False
540147,SHASHIJIT,Shashijit Infraprojects Limite,INE700V01021,X,2.22,70605,158401.0,False
540153,ENDURANCE,Endurance Technologies Limited,INE913H01037,A,2602.65,4164,10877163.0,True
540168,SUPRAPFSL,Supra Pacific Financial Servic,INE268T01015,X,33.57,25115,821307.0,False
540173,PNBHOUSING,PNB Housing Finance Limited,INE572E01012,A,1090.05,14367,15855582.0,True
540174,SOUTHERNIN,SOUTHERN INFOCONSULTANTS LIMIT,INE298B01010,X,20.66,369,7607.0,False
540175,REGENCY,REGENCY FINCORP LIMITED,INE964R01013,X,50.07,218962,10949952.0,False
540180,VBL,Varun Beverages Limited,INE200M01039,A,424.3,191042,80901917.0,True
540181,SALEM,Salem Erode Investments Ltd.,INE894E01028,X,24.5,1433,34733.0,False
540189,UPROTECH,Unipro Technologies Limited,INE448F01012,XT,10.4,508,5308.0,False
540190,FRANKLININD,Franklin Industries Limited,INE789R01022,X,0.31,2451429,737585.0,False
540192,LKPSEC,LKP Securities Limited,INE341H01023,B,14.34,3299,46926.0,True
540198,OSIAJEE,OSIAJEE TEXFAB LIMITED,INE186R01013,X,227.0,1427,326916.0,False
540199,CMBL,Corporate Merchant Bankers Lim,INE850R01014,X,48.96,7,343.0,False
540203,SFL,Sheela Foam Limited,INE916U01025,A,617.1,7984,4991829.0,True
540204,EIKO,EIKO LIFESCIENCES LIMITED,INE666Q01016,X,48.67,69985,3437584.0,False
540205,AVL,Aditya Vision Limited,INE679V01027,A,571.25,8188,4704936.0,True
540210,HEADSUP,Heads UP Ventures Limited,INE759V01019,B,6.4,1289,8356.0,True
540212,TCIEXP,TCI Express Limited,INE586V01016,B,505.3,9180,4637558.0,True
540222,LAURUSLABS,Laurus Labs Limited,INE947Q01028,A,1989.0,92838,183799225.0,True
540243,NEWLIGHT,NEW LIGHT INDUSTRIES LIMITED,INE835U01027,XT,1.3,49685,64207.0,False
540252,VSL,Viram Suvarn Limited,INE607V01028,B,9.66,307974,2924782.0,False
540254,MTPL,MARG TECHNO PROJECTS LIMITED,INE245H01018,XT,7.89,105093,837158.0,False
540259,SHANGAR,SHANGAR DECOR LIMITED,INE118R01032,X,0.22,1388392,310758.0,False
540266,GLCL,Globe Commercials Limited,INE804Q01013,X,19.05,27610,533004.0,False
540267,FLORACORP,Flora Corporation Limited,INE318U01016,X,6.02,4600,27662.0,False
540268,TRU,TruCap Finance Limited,INE615R01029,B,4.2,2407,10093.0,True
540269,SKL,SUPER FINE KNITTERS LIMITED,INE459U01018,MT,15.75,90000,1403500.0,False
540293,PRICOLLTD,Pricol Limited,INE726V01018,A,735.25,66306,47237850.0,True
540310,CFL,Classic Filaments Limited,INE181U01018,XT,93.3,5786,542402.0,False
540311,JITFINFRA,JITF INFRALOGISTICS LIMITED,INE863T01013,B,273.8,3258,889178.0,True
540332,TANVI,Tanvi Foods (India) Limited,INE978V01015,M,42.4,1000,42400.0,False
540358,RMC,RMC SWITCHGEARS LIMITED,INE655V01019,B,203.15,9696,1996436.0,True
540360,LLFICL,LEADING LEASING FINANCE AND IN,INE715Q01029,T,0.99,498865,493964.0,False
540361,DANUBE,DANUBE INDUSTRIES LIMITED,INE575D01041,X,4.89,97699,471547.0,False
540366,RADIOCITY,Music Broadcast Limited,INE919I01024,B,5.9,10685,62022.0,True
540376,DMART,Avenue Supermarts Limited,INE192R01011,A,3809.7,26435,101240208.0,True
540377,IFL,IFL ENTERPRISES LIMITED,INE714U01024,B,0.31,1281326,390940.0,False
540386,ONTIC,Ontic Finserve Limited,INE989S01042,XT,1.34,7922,10615.0,False
540393,SMLT,Sarthak Metals Limited,INE017W01010,B,74.82,30024,2233078.0,True
540395,CHEMCRUX,Chemcrux Enterprises Limited,INE298W01016,B,77.9,1371,106009.0,True
540396,MANOMAY,Manomay Tex India Limited,INE784W01015,B,240.4,17511,4229708.0,True
540401,MAXIMUS,Maximus International Limited,INE544W01021,X,14.88,43486,646261.0,False
540403,CLEDUCATE,CL Educate Limited,INE201M01029,B,56.5,226,13011.0,True
540404,PRIMEFRESH,PRIME FRESH LIMITED,INE442V01012,B,156.7,19722,3053369.0,False
540405,OCEANIC,Oceanic Foods Limited,INE711V01010,X,49.9,10685,543128.0,False
540425,SHANKARA,Shankara Building Products Lim,INE274V01019,B,124.95,5112,643914.0,True
540455,ESCORP,Escorp Asset Management Limite,INE953W01016,B,110.0,6656,717403.0,False
540467,PARMSILK,PARMESHWARI SILK MILLS LIMITED,INE808R01012,XT,346.0,2,692.0,False
540481,CLFL,Classic Leasing & Finance Ltd.,INE949C01016,X,53.75,189,9880.0,False
540492,STARLENT,STARLINEPS ENTERPRISES LIMITED,INE594W01042,B,7.87,210565,1679715.0,False
540497,SCHAND,S Chand And Company Limited,INE807K01035,B,146.2,5,731.0,True
540515,KANUNGO,KANUNGO FINANCIERS LIMITED,INE453S01015,XT,14.6,2,29.0,False
540519,MEERA,Meera Industries Limited,INE343X01026,B,28.13,1547,44442.0,False
540530,HUDCO,Housing &Urban Development Cor,INE031A01017,A,161.1,341872,55693761.0,True
540544,PSPPROJECT,PSP Projects Limited,INE488V01015,B,747.4,2371,1779238.0,True
540545,GKL,GURU KRUPA GEMS AND JEWELLERY,INE986W01016,XT,37.64,19286,709322.0,False
540570,VARIMAN,VARIMAN GLOBAL ENTERPRISES LIM,INE717F01028,X,4.84,54413,264383.0,False
540575,STARCEMENT,Star Cement Limited,INE460H01021,B,178.6,13130,2329192.0,True
540590,RIDDHICORP,Riddhi Corporate Services Limi,INE325X01015,X,54.49,838,45420.0,False
540595,TEJASNET,Tejas Networks Limited,INE010J01012,A,465.05,121561,57796510.0,True
540596,ERIS,Eris Lifesciences Limited,INE406M01024,A,1189.85,3346,3965950.0,True
540597,CONTAINER,Containerway International Lim,INE319U01022,X,16.81,2700,43780.0,False
540602,GTPL,GTPL Hathway Limited,INE869I01013,B,55.81,5842,329196.0,True
540611,AUBANK,AU Small Finance Bank Limited,INE949L01017,A,990.6,220046,220617824.0,True
540615,7NR,7NR Retail Limited,INE413X01035,XT,6.7,18346,123311.0,False
540642,SALASAR,Salasar Techno Engineering Lim,INE170V01027,B,4.13,501683,2043954.0,True
540648,PALASHSECU,Palash Securities Limited,INE471W01019,B,84.0,599,52704.0,True
540649,AVADHSUGAR,AVADH SUGAR & ENERGY LIMITED,INE349W01017,B,767.25,9581,7342336.0,True
540650,MAGADSUGAR,Magadh Sugar & Energy Limited,INE347W01011,B,510.3,4332,2268304.0,True
540654,GSTL,GlobalSpace Technologies Limit,INE632W01016,X,29.95,18923,570509.0,False
540673,SIS,SIS LIMITED,INE285J01028,B,413.1,6246,2580219.0,True
540678,COCHINSHIP,Cochin Shipyard Limited,INE704P01025,A,1288.45,98180,126352749.0,True
540679,HALEOSLABS,HALEOS LABS LIMITED,INE320X01016,B,1463.05,12,17631.0,True
540680,KIOCL,KIOCL Limited,INE880L01014,B,325.25,6422,2093529.0,True
540686,SMRUTHIORG,Smruthi Organics Limited,INE172E01011,X,154.6,10295,1600097.0,False
540691,ABCAPITAL,Aditya Birla Capital Ltd,INE674K01013,A,375.3,99720,37352092.0,True
540692,APEX,Apex Frozen Foods Limited,INE346W01013,B,327.4,12454,4084832.0,True
540693,SHISHIND,Shish Industries Limited,INE145Y01023,X,12.86,335207,4330712.0,False
540694,ANG,ANG Lifesciences India Limited,INE236W01016,T,40.18,4197,169785.0,False
540696,KCDGROUP,KCD INDUSTRIES INDIA LIMITED,INE185U01035,XT,3.5,1572,5515.0,False
540699,DIXON,Dixon Technologies (India) Lim,INE935N01020,A,12700.0,30850,397486213.0,True
540700,BRNL,Bharat Road Network Limited,INE727S01012,B,16.21,2851,45352.0,True
540701,DCAL,Dishman Carbogen Amcis Limited,INE385W01011,B,150.75,12819,1953281.0,True
540703,PROCLB,PRO CLB GLOBAL LIMITED,INE438C01010,XT,50.2,64319,3247937.0,False
540704,MATRIMONY,Matrimony.com Limited,INE866R01028,B,497.25,577,291659.0,True
540709,RHFL,Reliance Home Finance Limited,INE217K01011,Z,1.58,138122,220178.0,True
540710,CAPACITE,Capacite Infraprojects Limited,INE264T01014,B,180.5,23730,4273959.0,True
540716,ICICIGI,ICICI Lombard General Insuranc,INE765G01017,A,1568.7,15598,24652687.0,True
540717,PQIF,Polo Queen Industrial and Fint,INE689M01025,X,7.81,51147,401622.0,False
540718,AAYUSHBULL,AAYUSH ART AND BULLION LIMITED,INE777X01017,M,1271.55,62500,79819775.0,False
540719,SBILIFE,SBI Life Insurance Company Lim,INE123W01016,A,1726.25,103525,176107024.0,True
540724,DIAMONDYD,Prataap Snacks Limited,INE393P01035,B,1067.5,1298,1382209.0,True
540725,SHAREINDIA,Share India Securities Limited,INE932X01026,B,204.85,73649,15048971.0,True
540726,TTFL,Trident Texofab Limited,INE071Y01013,X,20.6,15991,331731.0,False
540727,POOJA,Poojawestern Metaliks Limited,INE973X01012,B,15.88,1009,16152.0,False
540728,SAYAJIIND,Sayaji Industries Limited,INE327G01032,B,120.8,2,241.0,True
540729,VANTABIO,Vanta Bioscience Limited,INE695X01011,M,21.49,2250,48360.0,False
540730,MEHAI,Mehai Technology  Limited,INE062Y01020,X,1.14,302709,348192.0,False
540735,IRIS,IRIS RegTech Solutions Limited,INE864K01010,B,225.1,816,183775.0,True
540737,SGRL,Shree Ganesh Remedies Limited,INE414Y01015,B,693.2,1360,932631.0,True
540738,STL,Shreeji Translogistics Limited,INE402Y01028,B,8.92,32885,294287.0,False
540743,GODREJAGRO,Godrej Agrovet Limited,INE850D01014,A,631.1,8587,5371927.0,True
540749,MASFIN,MAS Financial Services Limited,INE348L01012,B,273.15,10480,2860451.0,True
540750,IEX,Indian Energy Exchange Limited,INE022Q01020,A,106.05,327590,34661920.0,True
540755,GICRE,General Insurance Corporation,INE481Y01014,A,323.25,92551,29865299.0,True
540756,KAARYAFSL,Kaarya Facilities and Services,INE282Y01016,M,10.5,6000,63000.0,False
540757,SCPL,SHEETAL COOL PRODUCTS LIMITED,INE501Y01019,T,621.4,1584,998430.0,True
540762,TIINDIA,Tube Investments of India Ltd,INE974X01010,A,2338.6,13649,32173069.0,True
540767,NAM-INDIA,NIPPON LIFE INDIA ASSET MANAGE,INE298J01013,A,1050.0,14608,15289276.0,True
540768,MAHLOG,Mahindra Logistics Limited,INE766P01016,B,416.4,36419,15165162.0,True
540769,NIACL,The New India Assurance Compan,INE470Y01017,A,160.25,214935,34731657.0,True
540774,IFGLEXPOR,IFGL Refractories Limited,INE133Y01011,B,189.5,1018,190881.0,True
540775,KHADIM,Khadim India Limited,INE834I01025,T,113.2,25,2807.0,True
540776,5PAISA,5paisa Capital Limited,INE618L01018,B,315.55,3510,1106652.0,True
540777,HDFCLIFE,HDFC LIFE INSURANCE COMPANY LI,INE795G01014,A,532.65,171507,91051512.0,True
540782,SBRANDS,Sanghvi Brands Limited,INE204Y01010,M,12.34,1000,12340.0,False
540786,SHARIKA,SHARIKA ENTERPRISES LIMITED,INE669Y01022,B,23.21,80108,1859306.0,False
540788,ASPIRA,Aspira Pathlab & Diagnostics L,INE500C01017,XT,131.25,401,55553.0,False
540789,DNAMEDIA,Diligent Media Corporation Lim,INE016M01021,B,2.39,766,1935.0,True
540795,DYCL,Dynamic Cables Limited,INE600Y01019,B,428.0,20387,8735114.0,True
540796,RATNABHUMI,Ratnabhumi Developers Limited,INE821Y01011,B,175.15,8,1407.0,False
540797,SHALBY,Shalby Limited,INE597J01018,B,133.85,15018,1992158.0,True
540809,MRCAGRO,MRC AGROTECH LIMITED,INE333Y01017,B,34.49,77887,2677404.0,False
540811,DML,Diggi Multitrade Limited,INE158R01012,M,12.45,65000,805300.0,False
540821,CRYSTAL,CRYSTAL BUSINESS SYSTEM LIMITE,INE994R01028,X,1.94,42506,81715.0,False
540824,ASTRON,Astron Paper & Board Mill Limi,INE646X01014,Z,2.8,3427,9676.0,True
540829,CHANDRIMA,Chandrima Mercantiles limited,INE371F01024,XT,11.53,5214,60117.0,False
540850,JFL,Jhandewalas Foods Limited,INE841Y01019,M,20.81,8000,169960.0,False
540874,7SEASL,7SEAS ENTERTAINMENT LIMITED,INE454F01010,X,100.08,89351,9052577.0,False
540879,APOLLO,Apollo Micro Systems Limited,INE713T01028,A,394.15,231138,91636911.0,True
540900,NEWGEN,Newgen Software Technologies L,INE619B01017,A,456.45,79157,36675426.0,True
540901,PRAXIS,Praxis Home Retail Limited,INE546Y01022,B,4.51,7815,34533.0,True
540902,AMBER,Amber Enterprises India Limite,INE371P01015,A,6499.35,8222,54086089.0,True
540904,TIRUFOAM,TIRUPATI FOAM LIMITED,INE115G01015,XT,69.79,1281,89150.0,False
540914,SRUSTEELS,SRU Steels Limited,INE425C01017,X,1.39,21638,30443.0,False
540923,ASHOKAMET,Ashoka Metcast Limited,INE760Y01011,B,14.46,6331,95792.0,True
540935,GALAXYSURF,Galaxy Surfactants Limited,INE600K01018,B,2379.35,10545,25609233.0,True
540936,GGL,Gautam Gems Limited,INE063Z01017,X,3.0,11364,34306.0,False
540937,MEDICO,MEDICO REMEDIES LIMITED,INE630Y01024,B,22.0,44162,963634.0,True
540952,LAL,LORENZINI APPARELS LIMITED,INE740X01023,B,8.42,1643,14119.0,True
540953,KENVI,Kenvi Jewels Limited,INE923Y01023,B,1.96,77974,152292.0,False
540954,IWP,The Indian Wood Products Co. L,INE586E01020,B,35.79,32809,1181101.0,True
540955,TDSL,Tasty Dairy Specialities Limit,INE773Y01014,Z,3.8,1364,5184.0,False
540956,BHATIA,Bhatia Communications & Retail,INE341Z01025,X,36.81,99627,3710124.0,False
540961,SHIVAMILLS,Shiva Mills Limited,INE644Y01017,B,57.5,104,5980.0,True
540975,ASTERDM,ASTER DM QUALITY CARE LIMITED,INE914M01019,A,708.75,192367,135207436.0,True
540980,YSL,The Yamuna Syndicate Ltd,INE868X01014,X,25963.0,21,558562.0,False
541005,KANCOTEA,KANCO TEA & INDUSTRIES LIMITED,INE398L01017,B,54.0,2,108.0,True
541019,HGINFRA,H.G. Infra Engineering Limited,INE926X01010,B,419.9,23182,9712572.0,True
541083,INFLAME,Inflame Appliances Limited,INE464Z01017,M,229.45,5500,1257237.0,False
541096,BPLPHARMA,Bharat Parenterals Limited,INE365Y01019,B,1717.4,2737,4749547.0,True
541143,BDL,Bharat Dynamics Limited,INE171Z01026,A,1088.25,48993,53545340.0,True
541144,ACTIVE,Active Clothing Co  Limited,INE380Z01015,B,98.0,3110,305231.0,False
541152,GOYALALUM,GOYAL ALUMINIUMS LIMITED,INE705X01026,B,5.97,6943,41028.0,True
541153,BANDHANBNK,Bandhan Bank Limited,INE545U01014,A,175.3,451440,80024438.0,True
541154,HAL,Hindustan Aeronautics Limited,INE066F01020,A,4614.95,69927,325348649.0,True
541161,DHARAN,DHARAN INFRA-EPC LIMITED,INE278R01034,Z,0.19,26215,4980.0,True
541163,SANDHAR,Sandhar Technologies Limited,INE278H01035,B,564.75,12232,6909062.0,True
541167,YASHO,YASHO INDUSTRIES LIMITED,INE616Z01012,B,4026.5,1332,5356960.0,True
541178,BENARA,Benara Bearings and Pistons Li,INE495Z01011,MT,8.53,4000,34080.0,False
541195,MIDHANI,Mishra Dhatu Nigam Limited,INE099Z01011,A,433.2,60777,26035738.0,True
541206,OBCL,OBCL Limited,INE426Z01016,B,54.13,72,3900.0,True
541228,TRL,Taylormade Renewables Limited,INE459Z01017,T,55.22,9432,520689.0,False
541233,LEMONTREE,Lemon Tree Hotels Limited,INE970X01018,A,107.75,1376776,150177098.0,True
541269,CHEMFAB,Chemfab Alkalis Ltd,INE783X01023,B,327.05,143,47463.0,True
541276,HARDWYN,HARDWYN INDIA LIMITED,INE626Z01029,B,9.2,60051,550173.0,True
541301,ORIENTELEC,Orient Electric Limited,INE142Z01019,B,154.65,39375,6056283.0,True
541302,DHRUV,Dhruv Consultancy Services Lim,INE506Z01015,B,20.0,5,99.0,True
541303,AKSHAR,Akshar Spintex Limited,INE256Z01025,B,0.42,245129,101693.0,True
541304,INDOUS,Indo US Bio-Tech Limited,INE250Z01010,B,77.0,30,2310.0,True
541336,INDOSTAR,IndoStar Capital Finance Limit,INE896L01010,B,204.9,5544,1151460.0,True
541337,MILEFUR,Milestone Furniture Limited,INE424Z01011,MT,25.32,6000,151950.0,False
541338,UHZAVERI,U. H. ZAVERI LIMITED,INE556Z01010,B,5.92,24765,146780.0,False
541347,PARVATI,Parvati Sweetners and Power Lt,INE295Z01015,XT,6.91,27503,187896.0,False
541352,MEGASTAR,Megastar Foods Limited,INE00EM01016,B,264.3,102,26209.0,True
541353,INNOVATORS,Innovators Facade Systems Limi,INE870Z01015,M,111.85,6400,721240.0,False
541358,UCIL,UNIFINZ CAPITAL INDIA LIMITED,INE926R01012,XT,102.85,1959,201703.0,False
541400,ZIMLAB,ZIM Laboratories Limited,INE518E01015,B,136.45,7865,1058489.0,True
541402,AFFORDABLE,Affordable Robotic & Automatio,INE692Z01013,B,168.15,2429,410520.0,True
541403,DOLLAR,Dollar Industries Limited,INE325C01035,B,273.15,5483,1489064.0,True
541418,NGIL,NAKODA GROUP OF INDUSTRIES LIM,INE236Y01012,B,38.25,4087,157501.0,True
541444,PALMJEWELS,Palm Jewels Limited,INE838Z01012,X,20.55,213906,4484232.0,False
541445,WAA,Waa Solar Limited,INE799N01012,M,43.7,16800,736960.0,False
541450,ADANIGREEN,Adani Green Energy Limited,INE364U01010,A,1288.0,79511,102121390.0,True
541540,SOLARA,SOLARA ACTIVE PHARMA SCIENCES,INE624Z01016,B,716.0,17026,12254394.0,True
541546,GAYAHWS,GAYATRI HIGHWAYS LTD,INE287Z01012,B,1.73,20755,36434.0,True
541556,RITES,RITES Limited,INE320J01015,A,209.7,1522341,322919259.0,True
541557,FINEORG,Fine Organic Industries Limite,INE686Y01026,A,5127.9,406,2083023.0,True
541578,VARROC,Varroc Engineering Limited,INE665L01035,A,828.35,17027,14283818.0,True
541601,RAJNISH,Rajnish Wellness Limited,INE685Z01033,B,0.36,4491305,1658305.0,False
541627,GUJWIND,Gujarat Winding Systems Limite,INE173V01013,XT,10.39,100,1039.0,False
541634,RAWEDGE,Raw Edge Industrial Solutions,INE960Z01014,B,14.95,560,8370.0,False
541701,SUPERSHAKT,Supershakti Metaliks Limited,INE00SY01011,M,251.0,300,75300.0,False
541702,ASHNI,Ashnisha Industries Limited,INE694W01024,XT,2.43,385027,925980.0,False
541729,HDFCAMC,HDFC Asset Management Company,INE127D01025,A,2314.25,80732,184577152.0,True
541735,VIVANTA,Vivanta Industries Limited,INE299W01022,X,1.7,99260,168485.0,False
541741,FRATELLI,Fratelli Vineyards Limited,INE401Z01019,XT,121.95,8789,1070990.0,False
541770,CREDITACC,CreditAccess Grameen Ltd.,INE741K01010,A,1238.9,266113,327968010.0,True
541771,AMINTAN,AMIN TANNERY LIMITED,INE572Z01017,XT,1.9,4371,8304.0,False
541778,DEEP,Deep Polymers Limited,INE00IY01012,T,45.9,736,31090.0,True
541865,ASRL,Add-Shop E-Retail Limited,INE01B501018,X,5.67,10019,57040.0,False
541890,SPACEINCUBA,Space Incubatrics Technologies,INE797Z01028,XT,0.18,32569,5862.0,False
541929,SGIL,Synergy Green Industries Limit,INE00QT01015,B,610.0,823,513947.0,True
541956,IRCON,IRCON International Ltd,INE962Y01021,A,110.25,1129478,125478278.0,True
541967,SKYGOLD,Sky Gold And Diamonds Limited,INE01IU01018,A,810.7,51850,41415477.0,True
541973,MACH,Mac Hotels Limited,INE004Z01011,M,57.0,4500,265500.0,False
541974,MANORAMA,Manorama Industries Limited,INE00VM01036,A,1879.8,50686,95887271.0,True
541988,AAVAS,AAVAS Financiers Limited,INE216P01012,A,1192.5,27491,32365648.0,True
542011,GRSE,Garden Reach Shipbuilders & En,INE382Z01011,A,2109.75,79147,167338640.0,True
542012,A1L,A-1 LIMITED,INE911Z01025,T,5.71,720342,4065924.0,False
542013,DOLFIN,Dolfin Rubbers Limited,INE666Y01010,B,173.0,104,17840.0,False
542019,SHUBHAM,Shubham Polyspin Limited,INE01J501010,X,32.58,22439,717548.0,False
542020,AKI,AKI India Limited,INE642Z01026,T,6.22,11571,69985.0,True
542025,SUNRETAIL,Sun Retail Limited,INE206Z01020,MT,0.43,336000,144480.0,False
542034,SMGOLD,S. M. Gold Limited,INE00Q901014,B,12.82,15577,201133.0,False
542046,VIVIDM,VIVID MERCANTILE LIMITED,INE647Z01025,B,5.94,409740,2403362.0,False
542057,BCPL,BCPL Railway Infrastructure Li,INE00SW01015,B,66.76,1412,94948.0,True
542066,ATGL,ADANI TOTAL GAS LIMITED,INE399L01023,A,583.15,59153,34551052.0,True
542123,PHOSPHATE,The Phosphate Company Limited,INE398C01016,X,144.0,262,38383.0,False
542131,NIFTYETF,Mirae Asset Mutual Fund,INF769K01EG9,B,244.63,20039,4899225.0,False
542141,TECHNOE,Techno Electric & Engineering,INE285K01026,A,997.65,12863,12827349.0,True
542146,SKIFL,Shree Krishna Infrastructure L,INE951Z01013,M,8.2,2500,20512.0,False
542155,DGL,Diksha Greens Limited,INE01GR01018,MT,1.04,10000,10400.0,False
542176,ARYAN,Aryan Share & Stock Brokers Lt,INE016X01010,X,20.8,24,500.0,False
542206,NIVAKA,NIVAKA FASHIONS LIMITED,INE139E01028,XT,0.78,953,746.0,False
542216,DALBHARAT,DALMIA BHARAT LIMITED,INE00R701025,A,1680.6,3825,6385648.0,True
542231,NILASPACES,Nila Spaces Ltd,INE00S901012,B,11.27,78442,867915.0,True
542232,SRD,Shankar Lal Rampal Dye-Chem Li,INE01NE01012,B,39.3,1517,57891.0,True
542233,TREJHARA,Trejhara Solutions Limited,INE00CA01015,B,129.0,2989,399998.0,True
542248,DECCAN,Deccan Health Care Limited,INE452W01019,B,11.7,9693,112961.0,False
542285,AXITA,Axita Cotton Limited,INE02EZ01022,B,7.58,81652,619446.0,True
542323,KPIGREEN,KPI Green Energy Limited,INE542W01025,A,345.6,95011,33282793.0,True
542332,HIKLASS,Hi-Klass Trading and Investmen,INE302R01024,XT,90.0,15241,1375375.0,False
542333,RPSGVENT,RPSG VENTURES LIMITED,INE425Y01011,B,825.8,649,535424.0,True
542337,SPENCERS,Spencer's Retail Limited,INE020801028,B,25.95,7202,188180.0,True
542351,GLOSTERLTD,Gloster Ltd,INE350Z01018,B,538.8,2702,1472294.0,True
542367,XELPMOC,Xelpmoc Design and Tech Limite,INE01P501012,B,93.5,21651,1984188.0,True
542376,SPACAPS,SPA Capital Services Limited,INE726X01014,XT,215.0,1,215.0,False
542383,RITCO,Ritco Logistics Limited,INE01EG01016,B,277.7,1795,492548.0,True
542399,CHALET,Chalet Hotels Limited,INE427F01016,A,830.2,42120,34972596.0,True
542437,ANMOL,Anmol India Limited,INE02AR01019,T,13.6,6119,82764.0,True
542446,JONJUA,Jonjua Overseas Limited,INE793Z01027,M,3.01,74724,223985.0,False
542459,KRANTI,Kranti Industries Limited,INE911T01010,B,47.04,4635,220223.0,False
542460,ANUP,The Anup Engineering Ltd,INE294Z01018,B,1562.05,2435,3825532.0,True
542484,ARVINDFASN,Arvind Fashions Limited,INE955V01021,A,381.15,10677,4049589.0,True
542524,AIHL,AMBASSADOR INTRA HOLDINGS LIMI,INE342U01016,X,28.19,390,11008.0,False
542579,AGOL,Ashapuri Gold Ornament Limited,INE05FR01029,B,4.34,459159,2004894.0,False
542580,AARTECH,Aartech Solonics Limited,INE01C001026,T,48.74,4648,227209.0,True
542597,MSTCLTD,MSTC Limited,INE255X01014,B,704.85,19613,13791487.0,True
542627,CHANDNIMACH,Chandni Machines Limited,INE01GZ01011,XT,99.36,56993,5551057.0,False
542628,NSL,Northern Spirits Limited,INE01BL01012,B,125.0,16427,2041028.0,False
542649,RVNL,Rail Vikas Nigam Limited,INE415G01027,A,197.0,894607,176721705.0,True
542650,METROPOLIS,Metropolis Healthcare Limited,INE112L01020,A,538.0,16265,8769682.0,True
542651,KPITTECH,KPIT Technologies Ltd,INE04I401011,A,493.5,186273,92284425.0,True
542652,POLYCAB,Polycab India Limited,INE455K01017,A,7985.0,24084,192912339.0,True
542654,VRFILMS,V R FILMS & STUDIOS LIMITED,INE06LG01010,B,11.5,60,690.0,False
542655,VIKASLIFE,VIKAS LIFECARE LIMITED,INE161L01027,B,1.2,359791,430807.0,True
542665,NEOGEN,Neogen Chemicals Limited,INE136S01016,B,2407.7,8911,21501959.0,True
542666,GKP,G. K. P. Printing & Packaging,INE05QJ01015,B,6.32,23039,146495.0,False
542668,EVANS,EVANS ELECTRIC LIMITED,INE06TD01010,M,84.5,4000,339500.0,False
542669,BMW,BMW INDUSTRIES LIMITED,INE374E01021,X,53.12,129145,6894327.0,False
542670,AEPL,Artemis Electricals and Projec,INE757T01025,B,15.64,2449,37879.0,True
542677,MAHESH,Mahesh Developers Limited,INE01MO01013,X,15.8,1,15.0,False
542678,CHCL,Cian Healthcare Limited,INE05BN01027,MT,24.48,548,13415.0,False
542679,DEL,Dhanashree Electronics Limited,INE413F01016,X,124.95,2,249.0,False
542682,HARISH,Harish Textile Engineers Limit,INE01K301012,X,65.99,571,37399.0,False
542684,PPL,Prakash Pipes Limited,INE050001010,T,243.45,3342,818905.0,True
542685,DGCONTENT,Digicontent Limited,INE03JI01017,B,25.5,3904,97303.0,True
542721,ARL,Anand Rayons Limited,INE02GA01012,T,35.1,16811,592338.0,False
542725,SBC,SBC EXPORTS LIMITED,INE04AK01028,B,58.58,3303775,193608538.0,True
542726,INDIAMART,IndiaMART InterMESH Limited,INE933S01016,A,1622.45,7580,12183991.0,True
542727,CPML,CITY PULSE MULTIVENTURES LIMIT,INE056001014,M,96.18,154400,14847864.0,False
542729,DCMNVL,DCM NOUVELLE LIMITED,INE08KP01019,B,166.75,108,18298.0,True
542752,AFFLE,AFFLE 3I LIMITED,INE00WC01027,A,1449.75,14992,22064215.0,True
542759,SPANDANA,Spandana Sphoorty Financial Li,INE572J01011,B,216.5,9945,2156235.0,True
542760,SWSOLAR,STERLING AND WILSON RENEWABLE,INE00M201021,B,164.95,87554,14504509.0,True
542770,ALPHALOGIC,Alphalogic Techsys Limited,INE08E401029,B,39.55,5065,198228.0,False
542772,360ONE,360 ONE WAM LIMITED,INE466L01038,A,1045.0,30522,31397254.0,True
542773,IIFLCAPS,IIFL CAPITAL SERVICES LIMITED,INE489L01022,A,345.7,15330,5278314.0,True
542774,MUFIN,MUFIN GREEN FINANCE LIMITED,INE08KJ01020,B,131.35,80338,10523449.0,True
542801,MISQUITA,Misquita Engineering Limited,INE957W01025,M,54.02,1000,54020.0,False
542802,GALACTICO,Galactico Corporate Services L,INE906Y01028,B,1.92,35538,68250.0,False
542803,VEL,Vaxfab Enterprises Limited,INE560T01015,X,65.8,8809,572775.0,False
542812,FLUOROCHEM,Gujarat Fluorochemicals Limite,INE09N301011,A,4341.1,24427,104170238.0,True
542830,IRCTC,Indian Railway Catering and To,INE335Y01020,A,454.0,328490,149518600.0,True
542850,GOBLIN,GOBLIN INDIA LIMITED,INE492Z01018,MT,12.24,2000,24480.0,False
542851,GENSOL,Gensol Engineering Limited,INE06H201014,Z,13.87,18517,258477.0,True
542852,VISHWARAJ,Vishwaraj Sugar Industries Lim,INE430N01022,B,5.2,39471,203370.0,True
542857,GREENPANEL,Greenpanel Industries Limited,INE08ZM01014,B,157.75,11146,1758389.0,True
542862,SHAHLON,Shahlon Silk Industries Limite,INE052001026,X,23.17,4152,95391.0,False
542865,ANUROOP,Anuroop Packaging Limited,INE490Z01012,B,9.76,6560,63685.0,False
542867,CSBBANK,CSB Bank Limited,INE679A01013,A,305.0,19023,5771765.0,True
542904,UJJIVANSFB,Ujjivan Small Finance Bank Lim,INE551W01018,A,65.31,377326,25058211.0,True
542905,HINDWAREAP,Hindware Home Innovation Limit,INE05AN01011,B,170.4,5618,952271.0,True
542907,PRINCEPIPE,Prince Pipes and Fittings Limi,INE689W01016,B,246.55,5972,1480036.0,True
542909,EBBETF0430,Edelweiss Mutual Fund,INF754K01KO2,F,1611.93,54,86869.0,False
542910,VALENCIA,Valencia Nutrition Limited,INE08RT01016,MS,58.0,3000,174000.0,False
542918,GIANLIFE,Gian Life Care Limited,INE063601012,Z,4.61,5134,23267.0,False
542919,ARTEMISMED,Artemis Medicare Services Limi,INE025R01021,B,336.45,58639,19739160.0,True
542920,SUMICHEM,SUMITOMO CHEMICAL INDIA LIMITE,INE258G01013,A,417.3,36842,15432276.0,True
542922,NEXT50,Mirae Asset Mutual Fund,INF769K01FN2,B,712.96,5417,3849265.0,False
542938,OCTAVIUSPL,Octavius Plantations Limited,INE117S01016,X,43.0,100,4300.0,False
543064,COHANCE,Cohance Lifesciences Limited,INE03QK01018,A,451.45,55513,24638984.0,True
543066,SBICARD,SBI CARDS AND PAYMENT SERVICES,INE018E01016,A,567.9,34499,19621708.0,True
543171,ROJL,RO Jewels Limited,INE0BDU01028,B,1.35,38301,51706.0,False
543172,COSPOWER,Cospower Engineering Limited,INE0CQB01010,MT,3195.0,500,1599050.0,False
543187,POWERINDIA,HITACHI ENERGY INDIA LIMITED,INE07Y701011,A,31200.0,8312,259233741.0,True
543193,DJML,DJ Mediaprint & Logistics Limi,INE0B1K01014,B,72.88,4458,318775.0,True
543207,NATURAL,Natural Biocon (India) Limited,INE06MM01016,X,2.57,130812,334465.0,False
543208,REGIS,REGIS INDUSTRIES LIMITED,INE745R01024,X,2.07,18207,37616.0,False
543209,BILLWIN,Billwin Industries Limited,INE0CRS01012,MT,44.23,6000,265380.0,False
543210,AARTISURF,Aarti Surfactants Limited,INE09EO01013,T,494.0,871,429333.0,True
543211,BONLON,BONLON INDUSTRIES LIMITED,INE0B9A01018,B,41.4,2384,94005.0,True
543212,BOROLTD,Borosil Limited,INE02PY01013,B,280.55,22680,6324740.0,True
543213,ROSSARI,ROSSARI BIOTECH LIMITED,INE02A801020,B,427.85,5332,2254812.0,True
543214,NDRAUTO,NDR Auto Components Limited,INE07OG01012,B,715.75,931,654669.0,True
543216,EBBETF0431,Edelweiss Mutual Fund,INF754K01LE1,F,1427.0,105,150317.0,False
543218,SBGLP,SURATWWALA BUSINESS GROUP LIMI,INE05ST01028,B,22.75,3094,71072.0,True
543220,MAXHEALTH,Max Healthcare Institute Limit,INE027H01010,A,944.85,244460,228141181.0,True
543223,MAXIND,Max India Limited,INE0CG601016,B,162.45,5731,901028.0,True
543227,HAPPSTMNDS,Happiest Minds Technologies Li,INE419U01012,A,305.1,63891,19591241.0,True
543228,ROUTE,Route Mobile Limited,INE450U01017,B,437.5,12019,5255821.0,True
543229,SAMRATFORG,Samrat Forgings Limited,INE412J01010,X,224.95,47,10572.0,False
543230,ADVAIT,ADVAIT ENERGY TRANSITIONS LIMI,INE0ALI01010,B,1861.65,3619,6755428.0,True
543231,ADL,Archidply Decor Limited,INE0CHO01012,B,72.71,31,2492.0,True
543232,CAMS,Computer Age Management Servic,INE596I01020,A,675.0,93879,63248376.0,True
543233,CHEMCON,Chemcon Speciality Chemicals L,INE03YM01018,B,215.35,5742,1243433.0,True
543235,ANGELONE,ANGEL ONE LIMITED,INE732I01021,A,276.0,366022,100070484.0,True
543236,ATAM,Atam Valves Limited,INE09KD01013,B,55.09,1397,77246.0,True
543237,MAZDOCK,Mazagon Dock Shipbuilders Limi,INE249Z01020,A,2068.85,49242,101978262.0,True
543238,UTIAMC,UTI Asset Management Company L,INE094J01016,A,884.4,55060,48350327.0,True
543240,LIKHITHA,Likhitha Infrastructure Limite,INE060901027,B,225.4,11454,2574629.0,True
543241,VGIL,Veer Global Infraconstruction,INE244W01010,B,145.0,92,13273.0,False
543242,HEMIPROP,Hemisphere Properties India Li,INE0AJG01018,B,111.65,61754,6884045.0,True
543243,EQUITASBNK,Equitas Small Finance Bank Lim,INE063P01018,A,68.55,36049,2452694.0,True
543245,GLAND,Gland Pharma Limited,INE068V01023,A,2873.6,27718,79772189.0,True
543246,ESG,Mirae Asset Mutual Fund,INF769K01GS9,B,38.55,600,23056.0,False
543248,RBA,Restaurant Brands Asia Limited,INE07T201019,A,92.12,197157,18083084.0,True
543249,TARC,TARC LIMITED,INE0EK901012,B,125.5,16288,2048531.0,True
543250,MOGSEC,Motilal Oswal Mutual Fund,INF247L01AK4,F,65.15,5373,348014.0,False
543251,RVHL,Ravinder Heights Limited,INE09E501017,B,37.05,17,649.0,True
543252,FAIRCHEMOR,Fairchem Organics Limited,INE0DNW01011,T,660.0,384,252872.0,True
543253,BECTORFOOD,Mrs. Bectors Food Specialities,INE495P01020,B,212.65,165249,35073395.0,True
543254,AWHCL,Antony Waste Handling Cell Lim,INE01BK01022,B,355.3,4970,1775773.0,True
543255,INFRABEES,Nippon India Mutual Fund,INF732E01268,B,896.72,720,643515.0,False
543256,RFLL,RITA FINANCE AND LEASING LIMIT,INE018S01016,X,13.96,2599,35178.0,False
543257,IRFC,Indian Railway Finance Corpora,INE053F01010,A,77.05,909992,70822542.0,True
543258,INDIGOPNTS,Indigo Paints Limited,INE09VQ01012,A,1054.15,2919,3111363.0,True
543259,HOMEFIRST,Home First Finance Company Ind,INE481N01025,A,1125.05,8564,9479440.0,True
543260,STOVEKRAFT,STOVE KRAFT LIMITED,INE00IN01015,B,805.05,3130,2497489.0,True
543262,MRP,MRP Agro Limited,INE0D7801012,M,89.6,3000,269200.0,False
543263,SMCGLOBAL,SMC Global Securities Limited,INE103C01036,B,99.08,481531,46830729.0,True
543264,NURECA,Nureca Limited,INE0DSF01015,T,348.55,1235,435336.0,True
543265,RAILTEL,RailTel Corporation of India L,INE0DD101019,A,257.2,90175,23190241.0,True
543266,HERANBA,Heranba Industries Limited,INE694N01015,B,172.65,4609,793634.0,True
543267,DAVANGERE,Davangere Sugar Company Limite,INE179G01029,B,2.27,907735,2070014.0,True
543268,DRCSYSTEMS,DRC Systems India Limited,INE03RS01027,B,13.15,9137,121626.0,True
543270,MTARTECH,MTAR Technologies Limited,INE864I01014,T,7768.55,14449,111634658.0,True
543271,JUBLINGREA,Jubilant Ingrevia Limited,INE0BY001018,A,637.35,21574,13732850.0,True
543272,EASEMYTRIP,Easy Trip Planners Limited,INE07O001026,B,5.76,1173001,6790019.0,True
543273,KMEW,Knowledge Marine & Engineering,INE0CJD01029,B,2948.1,17957,53203992.0,True
543275,ANURAS,Anupam Rasayan India Limited,INE930P01018,A,1161.45,3902,4565541.0,True
543276,CRAFTSMAN,Craftsman Automation Limited,INE00LO01017,A,10250.7,5672,58198006.0,True
543277,LXCHEM,Laxmi Organic Industries Limit,INE576O01020,B,181.9,158152,27828172.0,True
543278,KALYANKJIL,Kalyan Jewellers India Limited,INE303R01014,A,529.5,662704,356079344.0,True
543279,SURYODAY,Suryoday Small Finance Bank Li,INE428Q01011,B,144.1,7743,1110645.0,True
543280,NAZARA,Nazara Technologies Limited,INE418L01047,A,384.15,41922,16255554.0,True
543281,SUVIDHAA,Suvidhaa Infoserve Limited,INE018401013,B,2.08,34251,70360.0,True
543283,UFBL,UNITED FOODBRANDS LIMITED,INE382M01027,T,693.75,2772,1931325.0,True
543284,EKI,EKI Energy Services Limited,INE0CPR01018,T,95.93,18907,1803459.0,True
543285,RCAN,Rajeshwari Cans Limited,INE0CQ101015,M,15.7,1600,24520.0,False
543287,LODHA,Lodha Developers Limited,INE670K01029,A,1104.75,148320,164578061.0,True
543288,DEEPINDS,Deep Industries Limited,INE0FHS01024,B,748.55,27111,20119345.0,True
543291,MAFANG,Mirae Asset Mutual Fund,INF769K01HF4,B,248.02,58825,14438688.0,False
543298,VINEETLAB,Vineet Laboratories Limited,INE505Y01010,B,36.42,304130,11055496.0,True
543299,SHYAMMETL,Shyam Metalics and Energy Limi,INE810G01011,A,1046.55,21875,23185811.0,True
543300,SONACOMS,Sona BLW Precision Forgings Li,INE073K01018,A,805.95,305401,244389907.0,True
543306,DODLA,Dodla Dairy Limited,INE021O01019,A,1007.05,454,456379.0,True
543308,KIMS,Krishna Institute of Medical S,INE967H01025,A,735.1,1001620,735179855.0,True
543309,ADESHWAR,Adeshwar Meditex Limited,INE0H8J01015,M,16.25,12000,195000.0,False
543310,TIMESGREEN,Times Green Energy (India) Lim,INE0B6101012,MT,78.5,4000,314000.0,False
543311,IPL,India Pesticides Limited,INE0D6701023,B,130.5,35443,4625554.0,True
543317,GRINFRA,G R Infraprojects Limited,INE201P01022,B,791.9,2337,1849746.0,True
543318,CLEAN,Clean Science and Technology L,INE227W01023,A,804.1,12662,10036745.0,True
543320,ETERNAL,Eternal Limited,INE758T01015,A,313.5,6539180,2052041109.0,True
543321,TATVA,Tatva Chintan Pharma Chem Limi,INE0GK401011,B,1746.8,2590,4515332.0,True
543322,ALIVUS,ALIVUS LIFE SCIENCES LIMITED,INE03Q201024,A,1372.4,3150,4256960.0,True
543323,BFSI,Mirae Asset Mutual Fund,INF769K01HI8,B,25.53,7538,193170.0,False
543324,GCSL,Gretex Corporate Services Limi,INE199P01028,B,679.5,19084,12926153.0,True
543325,ROLEXRINGS,Rolex Rings Limited,INE645S01024,B,196.45,610493,118054405.0,True
543327,EXXARO,Exxaro Tiles Limited,INE0GFE01026,B,6.09,19179,116033.0,True
543328,KRSNAA,Krsnaa Diagnostics Limited,INE08LI01020,B,554.4,4950,2731829.0,True
543329,WINDLAS,Windlas Biotech Limited,INE0H5O01029,B,1083.2,6004,6481982.0,True
543330,DEVYANI,Devyani International Limited,INE872J01023,A,127.0,67386,8582057.0,True
543331,MOL,Meghmani Organics Limited,INE0CT101020,B,55.44,37010,2058375.0,True
543332,EPIGRAL,Epigral Limited,INE071N01016,B,983.4,3995,3952011.0,True
543333,CARTRADE,CarTrade Tech Limited,INE290S01011,A,2806.5,15630,44023950.0,True
543334,NUVOCO,Nuvoco Vistas Corporation Limi,INE118D01016,A,322.15,40064,12890880.0,True
543335,APTUS,Aptus Value Housing Finance In,INE852O01025,A,226.65,131865,29922470.0,True
543336,CHEMPLASTS,Chemplast Sanmar Limited,INE488A01050,B,191.55,46354,8620691.0,True
543341,SHARPLINE,SHARPLINE BROADCAST LIMITED,INE647W01014,X,8.82,2459,21827.0,False
543346,AASHKA,Aashka Hospitals Limited,INE0EAX01014,M,105.5,4000,418750.0,False
543347,ITAXIS,Axis Mutual Fund,INF846K01Y96,B,308.15,165,51239.0,False
543348,HEALTHAXIS,Axis Mutual Fund,INF846K01Z12,B,162.29,1047,170669.0,False
543349,ACUTAAS,ACUTAAS CHEMICALS LIMITED,INE00FF01025,A,3195.25,19426,61882140.0,True
543350,VIJAYA,Vijaya Diagnostic Centre Limit,INE043W01024,A,1428.45,8187,11604658.0,True
543351,NBL,Naapbooks Limited,INE0GOA01018,MS,150.1,1200,180120.0,False
543357,CONSUMAXIS,Axis Mutual Fund,INF846K016C7,B,111.18,407,45431.0,False
543358,SANSERA,Sansera Engineering Limited,INE953O01021,A,4271.2,55641,239254467.0,True
543363,PREVEST,Prevest Denpro Limited,INE0GAO01018,M,377.05,4800,1817550.0,False
543364,MARKOLINES,Markolines Pavement Technologi,INE0FW001016,B,166.9,24006,4003671.0,True
543365,MASPTOP50,Mirae Asset Mutual Fund,INF769K01HP3,B,101.21,36672,3698594.0,False
543366,SBLI,SBL Infratech Limited,INE0DLM01024,M,42.5,2400,102600.0,False
543367,PARAS,Paras Defence and Space Techno,INE045601023,A,1275.55,46693,59759351.0,True
543373,SVRL,Shri Venkatesh Refineries Limi,INE0HLJ01013,T,679.0,22437,15151063.0,False
543374,ABSLAMC,Aditya Birla Sun Life AMC Limi,INE404A01024,A,992.35,21766,20998362.0,True
543376,SAMOR,Samor Reality Limited,INE0GD201014,B,92.63,1084,100510.0,False
543377,ADISHAKTI,Adishakti Loha and Ispat Limit,INE0CWK01019,M,6.25,10000,62500.0,False
543378,CWD,CWD Limited,INE0H8H01019,MS,270.0,25500,6786000.0,False
543384,NYKAA,FSN E-Commerce Ventures Limite,INE388Y01029,A,323.2,125722,40367187.0,True
543386,FINOPB,Fino Payments Bank Limited,INE02NC01014,B,128.7,17178,2181389.0,True
543387,SJS,S.J.S. Enterprises Limited,INE284S01014,A,2161.4,11967,25810232.0,True
543389,SIGACHI,Sigachi Industries Limited,INE0D0K01022,B,28.25,369116,10565962.0,True
543390,POLICYBZR,PB Fintech Limited,INE417T01026,A,983.0,1592311,1597463059.0,True
543391,SGFRL,Suyog Gurbaxani Funicular Rope,INE07GA01011,M,80.0,2250,178440.0,False
543396,PAYTM,One 97 Communications Limited,INE982J01020,A,1664.8,67682,112530400.0,True
543397,SAPPHIRE,Sapphire Foods India Limited,INE806T01020,A,210.0,10890,2269572.0,True
543398,LATENTVIEW,Latent View Analytics Limited,INE0I7C01011,A,235.1,35256,8248021.0,True
543399,TARSONS,Tarsons Products Limited,INE144Z01023,B,328.45,20363,6622953.0,True
543400,OMNIPOTENT,Omnipotent Industries Limited,INE0JFE01012,M,3.39,106000,354740.0,False
543401,GOCOLORS,Go Fashion (India) Limited,INE0BJS01011,B,295.35,8520,2541708.0,True
543410,DMR,DMR ENGINEERING LIMITED,INE07L501010,M,27.57,7800,215338.0,False
543411,HITECH,HI-TECH PIPES LIMITED,INE106T01025,B,71.48,65519,4668802.0,True
543412,STARHEALTH,Star Health and Allied Insuran,INE575P01011,A,537.45,37328,19724491.0,True
543413,TEGA,Tega Industries Limited,INE011K01018,A,2093.85,21906,45618844.0,True
543414,MAHKTECH,Mirae Asset Mutual Fund,INF769K01HS7,B,21.6,56332,1229135.0,False
543415,ANANDRATHI,Anand Rathi Wealth Limited,INE463V01026,A,2105.05,14686,31057930.0,True
543416,ZODIAC,Zodiac Energy Limited,INE761Y01019,B,217.2,454,97400.0,True
543417,RATEGAIN,RateGain Travel Technologies L,INE0CLI01024,A,840.65,28141,24273512.0,True
543418,BBETF0432,Edelweiss Mutual Fund,INF754K01OB1,F,1333.2,279,372054.0,False
543419,SHRIRAMPPS,Shriram Properties Limited,INE217L01019,B,67.53,26089,1752901.0,True
543420,JETFREIGHT,Jet Freight Logistics Limited,INE982V01025,B,19.65,4615,92489.0,True
543425,MAPMYINDIA,C.E. Info Systems Limited,INE0BV301023,A,845.85,11847,10041862.0,True
543426,METROBRAND,Metro Brands Limited,INE317I01021,A,834.1,4762,3947569.0,True
543427,MEDPLUS,Medplus Health Services Limite,INE804L01022,A,654.35,5347,3481390.0,True
543428,DATAPATTNS,Data Patterns (India) Limited,INE0IX101010,A,4247.15,34848,147693460.0,True
543433,HPAL,HP Adhesives Limited,INE0GSL01024,B,33.93,883,29571.0,True
543434,SUPRIYA,Supriya Lifescience Limited,INE07RO01027,B,930.7,25323,23458349.0,True
543437,MONQ50,Motilal Oswal Mutual Fund,INF247L01AU3,B,193.51,41622,8160482.0,False
543441,CMSINFO,CMS Info Systems Limited,INE925R01014,A,220.95,54233,11925252.0,True
543442,BCONCEPTS,Brand Concepts Limited,INE977Y01011,B,142.85,30,4283.0,True
543449,WEL,WONDER ELECTRICALS LIMITED,INE02WG01024,B,71.76,10140,728611.0,True
543451,AGSTRA,AGS TRANSACT TECHNOLOGIES LIMI,INE583L01014,Z,2.54,521,1324.0,True
543454,MAKEINDIA,Mirae Asset Mutual Fund,INF769K01IB1,B,154.78,1597,246244.0,False
543458,AWL,AWL AGRI BUSINESS LIMITED,INE699H01024,A,175.8,208937,36793369.0,True
543460,QRIL,Quality RO Industries Limited,INE0KAF01018,M,27.5,1000,27500.0,False
543461,SSTL,Safa Systems & Technologies Li,INE0JNA01014,M,21.33,15000,310800.0,False
543462,DEVIT,DEV INFORMATION TECHNOLOGY LIM,INE060X01034,B,20.72,10864,231481.0,True
543463,MANYAVAR,Vedant Fashions Limited,INE825V01034,A,518.55,9443,4956262.0,True
543464,SPITZE,Maruti Interior Products Limit,INE0JSJ01014,M,39.0,11000,431900.0,False
543465,MOMOMENTUM,Motilal Oswal Mutual Fund,INF247L01BK2,B,59.5,6726,399583.0,False
543470,SOFTTECH,SoftTech Engineers Limited,INE728Z01015,B,471.2,157,74043.0,True
543475,EKENNIS,Ekennis Software Service Limit,INE0KCM01010,M,37.5,1600,60000.0,False
543481,MIDCAPETF,Mirae Asset Mutual Fund,INF769K01IC9,B,22.16,613479,13589495.0,False
543482,EUREKAFORB,Eureka Forbes Limited,INE0KCE01017,A,351.45,10878,3900275.0,True
543489,GATEWAY,Gateway Distriparks Limited,INE079J01017,B,51.85,16453,852257.0,True
543490,GMRP&UI,GMR Power and Urban Infra Limi,INE0CU601026,A,102.05,85069,8816980.0,True
543497,BCCL,Bhatia Colour Chem Limited,INE0KQ001017,M,23.96,56400,1352888.0,False
543498,MSUMI,Motherson Sumi Wiring India Li,INE0FS801015,A,33.49,844096,28290707.0,True
543499,ACHYUT,Achyut Healthcare Limited,INE0K1401020,B,5.91,98127,576653.0,False
543500,EVOQ,Evoq Remedies Limited,INE0JVD01011,MT,1.52,16000,24560.0,False
543501,MOLOWVOL,Motilal Oswal Mutual Fund,INF247L01BL0,B,33.9,340,11561.0,False
543512,AVROIND,Avro India Limited,INE652Z01025,B,6.76,7023,47386.0,True
543513,UMAEXPORTS,Uma Exports Limited,INE0GIU01018,T,21.9,27509,599955.0,True
543514,VERANDA,Veranda Learning Solutions Lim,INE0IQ001011,B,213.7,22261,4872307.0,True
543515,SEML,Sunrise Efficient Marketing Li,INE0KPY01017,M,29.81,26250,784800.0,False
543516,DHYAANITR,DHYAANI TRADEVENTTURES LIMITED,INE0K5F01014,MT,9.0,280000,2490068.0,False
543517,HARIOMPIPE,Hariom Pipe Industries Limited,INE00EV01017,B,332.4,12077,4055600.0,True
543518,EIGHTY,Eighty Jewellers Limited,INE0KSN01014,M,43.62,45000,1909200.0,False
543519,SFSL,Shashwat Furnishing Solutions,INE0JMN01019,M,63.0,36000,2322000.0,False
543520,GLHRL,Global Longlife Hospital and R,INE0J2K01014,MT,12.15,52000,636200.0,False
543523,CAMPUS,Campus Activewear Limited,INE278Y01022,A,205.65,29937,6126099.0,True
543524,RAINBOW,Rainbow Children's Medicare Li,INE961O01016,A,1279.6,12269,15781213.0,True
543525,SILVERTUC,Silver Touch Technologies Limi,INE625X01026,B,139.5,74364,10430204.0,True
543526,LICI,LIFE INSURANCE CORPORATION OF,INE0J1Y01017,A,392.2,304302,119027936.0,True
543527,PRUDENT,Prudent Corporate Advisory Ser,INE00F201020,A,3120.35,1991,6162672.0,True
543528,VENUSPIPES,Venus Pipes & Tubes Limited,INE0JA001018,B,2207.15,9535,20905872.0,True
543529,DELHIVERY,Delhivery Limited,INE148O01028,A,400.6,296256,119253595.0,True
543530,PARADEEP,Paradeep Phosphates Limited,INE088F01024,A,151.15,151436,22972598.0,True
543531,TIERRA,Tierra Agrotech Limited,INE05CY01014,X,39.69,5685,225637.0,False
543532,ETHOSLTD,ETHOS LIMITED,INE04TZ01018,A,2531.0,2011,5071484.0,True
543533,EMUDHRA,eMudhra Limited,INE01QM01018,B,581.35,62580,36264725.0,True
543534,AETHER,Aether Industries Limited,INE0BWX01014,A,1671.75,11198,18692445.0,True
543535,WEWIN,We Win Limited,INE082W01014,B,50.07,108,5636.0,True
543539,MODIS,MODI'S NAVNIRMAN LIMITED,INE0L0L01012,B,370.95,405,150326.0,True
543540,PGCRL,Pearl Green Clubs and Resorts,INE0GTX01019,M,111.4,1200,130650.0,False
543542,KESAR,KESAR INDIA LIMITED,INE0L1C01019,M,1134.35,26500,30048445.0,False
543544,JAYANT,JAYANT INFRATECH LIMITED,INE0KR801019,M,103.95,219750,22446720.0,False
543546,HEALTHYLIFE,HEALTHY LIFE AGRITEC LIMITED,INE0L3501015,M,6.15,126000,774140.0,False
543547,DDEVPLSTIK,DDEV PLASTIKS INDUSTRIES LIMIT,INE0HR601026,B,247.95,5059,1247883.0,True
543563,MOHEALTH,Motilal Oswal Mutual Fund,INF247L01BB1,B,50.9,32113,1608615.0,False
543573,SYRMA,Syrma SGS Technology Limited,INE0DYJ01015,A,1718.3,101990,180356474.0,True
543576,MOVALUE,Motilal Oswal Mutual Fund,INF247L01BE5,B,108.73,9508,1020038.0,False
543577,MOQUALITY,Motilal Oswal Mutual Fund,INF247L01BH8,B,187.02,632,117530.0,False
543578,OLATECH,Olatech Solutions Limited,INE0M3901015,M,62.0,1850,114700.0,False
543590,RHETAN,Rhetan TMT Limited,INE0KKN01029,B,16.66,21150,352359.0,True
543591,DREAMFOLKS,DREAMFOLKS SERVICES LIMITED,INE0JS101016,B,61.57,4361,270104.0,True
543593,DBOL,Dhampur Bio Organics Limited,INE0I3401014,B,121.4,16089,1981591.0,True
543594,DPL,DIPNA PHARMACHEM LIMITED,INE0MC401013,M,4.15,165000,692430.0,False
543595,EPBIO,EP BIOCOMPOSITES LIMITED,INE0D2I01014,M,90.02,1500,138090.0,False
543596,TMB,Tamilnad Mercantile Bank Limit,INE668A01016,A,873.25,6446,5618424.0,True
543597,VOEPL,Virtuoso Optoelectronics Limit,INE0I0T01010,B,492.0,4567,2247037.0,True
543599,KSOLVES,Ksolves India Limited,INE0D6I01023,B,241.45,8022,1939735.0,True
543600,HARSHA,Harsha Engineers International,INE0JUS01029,B,473.75,26502,12501783.0,True
543606,CONTAINE,CONTAINE TECHNOLOGIES LIMITED,INE0M8901010,M,14.59,1000,14590.0,False
543613,MAFIA,MAFIA TRENDS LIMITED,INE0KQQ01011,M,5.72,12000,67880.0,False
543614,TIPSFILMS,Tips Films Limited,INE0LQS01015,B,316.25,157,49415.0,True
543615,SRSOLTD,SILICON RENTAL SOLUTIONS LIMIT,INE0MNV01014,M,70.25,9600,688072.0,False
543616,TLL,Trident Lifeline Limited,INE0MKA01014,M,376.35,41400,15383760.0,False
543619,CNCRD,Concord Control Systems Limite,INE0N0J01014,M,2280.7,4450,10084907.0,False
543620,INA,INSOLATION ENERGY LIMITED,INE0LGX01024,B,86.76,105076,9076241.0,True
543626,EMIL,Electronics Mart India Limited,INE02YR01019,B,204.0,299485,60390493.0,True
543635,PPLPHARMA,PIRAMAL PHARMA LIMITED,INE0DK501011,A,197.75,193474,38539614.0,True
543636,DCI,Dc Infotech and Communication,INE0A1101019,B,343.65,9754,3322564.0,True
543637,PACE,PACE E-COMMERCE VENTURES LIMIT,INE0N1L01018,M,15.65,14400,224460.0,False
543638,TRACXN,Tracxn Technologies Limited,INE0HMF01019,B,31.95,20630,655745.0,True
543643,NARMADA,Narmada Agrobase Limited,INE117Z01029,B,12.39,75517,925592.0,True
543644,INFOBEAN,InfoBeans Technologies Limited,INE344S01016,B,143.45,11269,1636394.0,True
543645,HPIL,HINDPRAKASH INDUSTRIES LIMITED,INE05X901010,B,115.75,84,9130.0,True
543650,DCXINDIA,DCX Systems Limited,INE0KL801015,B,159.0,22367,3545016.0,True
543652,FUSION,FUSION FINANCE LIMITED,INE139R01012,B,171.6,27531,4752454.0,True
543653,BIKAJI,Bikaji Foods International Lim,INE00E101023,A,504.0,23336,11853314.0,True
543654,MEDANTA,Global Health Limited,INE474Q01031,A,1358.05,19972,27047075.0,True
543656,TECHNOPACK,Technopack Polymers Limited,INE0MXP01015,M,12.2,8000,98800.0,False
543657,ACI,Archean Chemical Industries Li,INE128X01021,A,472.4,24366,11516107.0,True
543663,FIVESTAR,Five-Star Business Finance Ltd,INE128S01021,A,506.45,33657,16979627.0,True
543664,KAYNES,KAYNES TECHNOLOGY INDIA LIMITE,INE918Z01012,A,3390.1,98536,337962523.0,True
543667,INOXGREEN,INOX GREEN ENERGY SERVICES LIM,INE510W01014,A,158.65,31448,5006135.0,True
543668,BBTCL,B&B Triplewall Containers Limi,INE01EE01011,B,229.0,83,18915.0,True
543669,RUSTOMJEE,Keystone Realtors Limited,INE263M01029,B,361.65,924,332239.0,True
543670,VINNY,VINNY OVERSEAS LIMITED,INE01KI01027,B,0.9,52538,47100.0,True
543671,AAATECH,AAA TECHNOLOGIES LIMITED,INE0D0U01013,B,92.4,1420,134996.0,True
543678,AMBOAGRI,AMBO AGRITEC LIMITED,INE0N6V01016,M,9.64,7000,69040.0,False
543686,SIRCA,Sirca Paints India Limited,INE792Z01011,B,400.9,5454,2199441.0,True
543687,DHARMAJ,Dharmaj Crop Guard Limited,INE00OQ01016,B,265.65,4043,1067971.0,True
543688,SARVESHWAR,Sarveshwar Foods Limited,INE324X01026,B,3.44,238391,827315.0,True
543689,UNIPARTS,Uniparts India Limited,INE244O01017,B,820.7,9256,7582739.0,True
543699,EBBETF0433,Edelweiss Mutual Fund,INF754K01QX0,F,1298.87,220,285753.0,False
543709,GARGI,PNGS GARGI FASHION JEWELLERY L,INE0NT601018,M,589.7,13375,7749112.0,False
543711,SULA,Sula Vineyards Limited,INE142Q01026,B,130.95,26239,3443853.0,True
543712,AFSL,ABANS FINANCIAL SERVICES LIMIT,INE00ZE01026,B,201.0,169,34069.0,True
543713,DRONACHRYA,Droneacharya Aerial Innovation,INE0MQD01015,M,31.75,17000,543720.0,False
543714,LANDMARK,LANDMARK CARS LIMITED,INE559R01029,B,462.95,13486,6264568.0,True
543720,KFINTECH,KFin Technologies Limited,INE138Y01010,A,825.15,94029,78089633.0,True
543725,ELIN,Elin Electronics Limited,INE050401020,B,79.78,12484,1004557.0,True
543732,RADIANTCMS,Radiant Cash Management Servic,INE855R01021,B,35.99,13699,489052.0,True
543737,AVEER,Aveer Foods Limited,INE09BN01011,X,607.5,1963,1192522.0,False
543743,AERONEU,Aeroflex Neu Limited,INE035801013,B,70.08,9424,682056.0,True
543745,SVS,SVS VENTURES LIMITED,INE0MID01012,M,5.55,36000,184140.0,False
543746,LOGICA,LOGICA INFOWAY LIMITED,INE0BSU01018,M,167.8,19800,3295890.0,False
543747,KAMOPAINTS,Kamdhenu Ventures Limited,INE0BTI01037,B,4.12,26265,107803.0,True
543748,AARTIPHARM,Aarti Pharmalabs Limited,INE0LRU01027,A,966.3,28063,26486807.0,True
543754,TRANSVOY,TRANSVOY LOGISTICS INDIA LIMIT,INE0MPU01011,M,88.0,1600,141600.0,False
543765,EARTH,Earthstahl & Alloys Limited,INE0O4V01010,M,11.93,6000,73440.0,False
543766,ASHIKAG,Ashika Global Securities Limit,INE094B01013,T,389.9,656,255541.0,True
543767,BTML,BODHI TREE MULTIMEDIA LIMITED,INE0EEJ01023,B,7.01,284358,1934383.0,True
543768,NSLNISP,NMDC Steel Limited,INE0NNS01018,A,41.13,931662,37956028.0,True
543769,INDONG,INDONG TEA COMPANY LIMITED,INE0KN201016,MT,5.93,16000,90080.0,False
543781,GOLDETF,Mirae Asset Mutual Fund,INF769K01JP9,E,142.96,24857,3555467.0,False
543782,SEALMATIC,Sealmatic India Limited,INE0O4601016,M,400.0,8280,3299553.0,False
543787,ROBU,Macfos Limited,INE0OLH01013,M,1049.65,6435,6709254.0,False
543798,PATRON,Patron Exim Limited,INE0NPA01011,M,1.89,12000,22680.0,False
543799,SVJ,S. V. J. Enterprises Limited,INE0JZS01010,M,166.0,6750,1120550.0,False
543805,RESGEN,RESGEN LIMITED,INE0NYN01016,M,43.74,30000,1287885.0,False
543806,ITCONS,ITCONS E-Solutions Limited,INE0O6A01019,M,262.35,11600,3023550.0,False
543811,AIRAN,AIRAN LIMITED,INE645W01026,B,15.75,3104,48894.0,True
543812,DIVGIITTS,DIVGI TORQTRANSFER SYSTEMS LIM,INE753U01022,B,1137.2,6098,6979485.0,True
543828,SUDARSHAN,SUDARSHAN PHARMA INDUSTRIES LI,INE00TV01023,M,37.24,20000,735800.0,False
543829,GSLSU,Global Surfaces Limited,INE0JSX01015,B,29.83,5117,154410.0,True
543830,LABELKRAFT,LABELKRAFT TECHNOLOGIES LIMITE,INE0NLJ01011,M,66.0,2000,132000.0,False
543831,BRIGHT,Bright Outdoor Media Limited,INE0OMI01019,M,349.9,4875,1706062.0,False
543848,DEVLAB,Dev Labtech Venture Limited,INE0NIJ01025,M,18.76,4000,75040.0,False
543853,SENSEXAXIS,AXIS BSE SENSEX ETF,INF846K010Q0,B,74.27,685,51062.0,False
543860,JAFINANCE,J.A. Finance Limited,INE825B01010,XT,158.5,3712,577124.0,False
543861,USK,Udayshivakumar infra limited,INE0N0Y01013,B,18.49,12872,237423.0,True
543874,MAIDEN,Maiden Forgings Limited,INE0O1T01010,M,99.5,10000,999250.0,False
543875,GSEC10YEAR,Mirae Asset Mutual Fund,INF769K01KF8,F,30.0,1,30.0,False
543895,EXHICON,Exhicon Events Media Solutions,INE0O8901016,M,514.85,80250,41785225.0,False
543896,AVALON,Avalon Technologies Limited,INE0LCL01028,A,2281.0,22324,50859988.0,True
543897,SANCODE,Sancode Technologies Limited,INE0P7001013,MT,833.4,500,416700.0,False
543898,BLAL,BEML Land Assets Limited,INE0N7W01012,B,158.35,1493,236792.0,True
543901,RHL,ROBUST HOTELS LIMITED,INE508K01013,B,162.25,10,1622.0,True
543902,RETINA,Retina Paints Limited,INE0NTC01019,M,32.0,26000,853320.0,False
543904,MANKIND,Mankind Pharma Limited,INE634S01028,A,2527.0,19652,49173040.0,True
543910,AVG,AVG Logistics Limited,INE680Z01018,T,165.05,876,144486.0,True
543911,ATALREAL,Atal Realtech Limited,INE0ALR01029,B,12.84,166914,2063028.0,True
543912,PIGL,Power & Instrumentation (Gujar,INE557Z01018,B,95.1,5512,516216.0,True
543914,SWATIPRO,Swati Projects Limited,INE210F01016,XT,40.41,27269,1075018.0,False
543915,PAVNAIND,Pavna Industries Limited,INE07S101038,B,15.48,1464,22686.0,True
543916,HSIL,Hemant Surgical Industries Lim,INE0GYI01028,MT,610.5,14400,8619200.0,False
543917,SIGMA,SIGMA SOLVE LIMITED,INE0A0S01028,B,44.95,13333,610946.0,True
543918,GHCLTEXTIL,GHCL Textiles Limited,INE0PA801013,B,128.25,41250,5280895.0,True
543919,MKPL,M.K.Proteins Limited,INE964W01021,B,3.96,18126,71210.0,True
543920,CFF,CFF FLUID CONTROL LIMITED,INE0NJ001013,B,1058.9,44237,46812652.0,False
543921,COMRADE,Comrade Appliances Limited,INE0NXA01015,MT,28.8,5000,144000.0,False
543922,SILVERAG,Mirae Asset Mutual Fund,INF769K01KG6,E,212.6,1357,289664.0,False
543923,IKIO,IKIO Technologies Limited,INE0LOJ01019,B,190.45,13812,2673573.0,True
543924,SONALIS,Sonalis Consumer Products Limi,INE0N5O01013,M,37.29,2000,74580.0,False
543926,BIZOTIC,Bizotic Commercial Limited,INE0OJ401014,M,124.7,66000,8063460.0,False
543927,ASIAN,Asian Warehousing Limited,INE04Z101016,X,33.85,808,25966.0,False
543928,COSMICCRF,Cosmic CRF Limited,INE0ORA01015,M,1269.85,21000,27256150.0,False
543929,HMAAGRO,HMA Agro Industries Limited,INE0ECP01024,B,23.51,64664,1512491.0,True
543931,VEEFIN,VEEFIN SOLUTIONS LIMITED,INE0Q0M01015,M,247.05,19800,4877520.0,False
543932,IDEAFORGE,IDEAFORGE TECHNOLOGY LIMITED,INE349Y01013,B,734.3,32006,23922307.0,True
543933,CYIENTDLM,Cyient DLM Limited,INE055S01018,B,895.65,36586,32876051.0,True
543934,MACIND,Machhar Industries Limited,INE01BT01015,XT,386.9,135,53451.0,False
543936,SENCO,Senco Gold Limited,INE602W01027,A,317.4,67496,21405056.0,True
543937,ALPHAIND,ALPHALOGIC INDUSTRIES LIMITED,INE0NZF01019,M,138.0,2400,331170.0,False
543939,KAKA,Kaka Industries Limited,INE0P3N01018,M,216.5,19000,4162300.0,False
543940,JIOFIN,Jio Financial Services Limited,INE758E01017,A,212.0,1539655,326952945.0,True
543941,AHASOLAR,AHASOLAR TECHNOLOGIES LIMITED,INE0NEV01011,M,64.36,1600,104184.0,False
543942,UTKARSHBNK,UTKARSH SMALL FINANCE BANK LIM,INE735W01017,B,13.46,278285,3748781.0,True
543943,ASARFI,ASARFI HOSPITAL LIMITED,INE0DN001027,M,177.0,22000,3944300.0,False
543944,BANKETF,Mirae Asset Mutual Fund,INF769K01KR3,B,555.2,1933,1079623.0,False
543945,NETWEB,NETWEB TECHNOLOGIES INDIA LIMI,INE0NT901020,A,4519.35,70281,318537668.0,True
543946,LIQUID,Mirae Asset Mutual Fund,INF769K01KS1,F,1000.0,116686,116686000.0,False
543950,YATHARTH,YATHARTH HOSPITAL & TRAUMA CAR,INE0JO301016,A,1035.25,38040,39380801.0,True
543952,NIITMTS,NIIT Learning Systems Limited,INE342G01023,B,190.8,22430,4363911.0,True
543953,KHAZANCHI,Khazanchi Jewellers Limited,INE0OWC01011,M,710.6,25000,17863700.0,False
543954,ATL,Allcargo Terminals Limited,INE0NN701020,B,23.84,24152,570596.0,True
543955,TREL,Transindia Real Estate Limited,INE0O3901029,B,27.33,8553,237515.0,True
543957,REDTAPE,REDTAPE Limited,INE0LXT01019,B,115.55,17482,2019626.0,True
543958,VLEGOV,VL E-Governance & IT Solutions,INE03HW01020,B,9.6,9123,88539.0,True
543959,SBFC,SBFC Finance Limited,INE423Y01016,A,84.22,19447,1639732.0,True
543960,CONCORDBIO,Concord Biotech Limited,INE338H01029,A,1375.05,7544,10229307.0,True
543962,DPWIRES,D.P. WIRES LIMITED,INE864X01013,T,159.0,571,92185.0,True
543963,SHELTER,SHELTER PHARMA LIMITED,INE013V01011,M,36.25,144000,5434350.0,False
543965,TVSSCS,TVS Supply Chain Solutions Lim,INE395N01027,B,128.35,35207,4517969.0,True
543969,PYRAMID,Pyramid Technoplast Limited,INE0MIS01010,B,154.55,2482,379785.0,True
543971,BONDADA,Bondada Engineering Limited,INE0Q8P01029,M,269.5,135000,36510030.0,False
543972,AEROFLEX,Aeroflex Industries Limited,INE024001021,B,521.4,63139,33000753.0,True
543974,VPRPL,VISHNU PRAKASH R PUNGLIA LIMIT,INE0AE001013,B,28.34,44057,1259947.0,True
543976,SHRAAITECH,Shradha AI Technologies Limite,INE489B01031,X,19.96,17616,351833.0,False
543977,RISHABH,Rishabh Instruments Limited,INE0N2P01017,B,700.2,14458,9983771.0,True
543978,RATNAVEER,Ratnaveer Precision Engineerin,INE05CZ01011,B,345.1,422038,144700502.0,True
543980,JLHL,Jupiter Life Line Hospitals Li,INE682M01020,A,259.5,7156,1823787.0,True
543981,RRKABEL,R R KABEL LIMITED,INE777K01022,A,2517.0,30602,77332437.0,True
543982,QUESTFLOW,QUEST FLOW CONTROLS LIMITED,INE0OYE01013,M,146.5,4400,655100.0,False
543983,EMSLIMITED,EMS LIMITED,INE0OV601013,B,331.25,10281,3394413.0,True
543984,SAMHI,Samhi Hotels Limited,INE08U801020,A,154.35,75200,11510559.0,True
543985,ZAGGLE,ZAGGLE PREPAID OCEAN SERVICES,INE07K301024,A,171.85,71464,12251958.0,True
543986,SOUTHWEST,South West Pinnacle Exploratio,INE980Y01015,B,181.2,36088,6503307.0,True
543988,NUVAMA,Nuvama Wealth Management Limit,INE531F01023,A,1703.05,35436,60292086.0,True
543989,KALAMANDIR,Sai Silks (Kalamandir) Limited,INE438K01021,B,74.78,58728,4375133.0,True
543990,SIGNATURE,SIGNATUREGLOBAL (INDIA) LIMITE,INE903U01023,A,737.65,19882,14404771.0,True
543991,TECHKGREEN,TECHKNOWGREEN SOLUTIONS LIMITE,INE0P4P01011,M,130.2,6000,793180.0,False
543992,YATRA,YATRA ONLINE LIMITED,INE0JR601024,B,98.55,117860,11737747.0,True
543993,ARCL,ARCL Organics Ltd,INE372M01010,B,235.0,596,140223.0,True
543994,JSWINFRA,JSW Infrastructure Limited,INE880J01026,A,357.4,508992,176623986.0,True
543995,MVGJL,MANOJ VAIBHAV GEMS 'N' JEWELLE,INE0KNT01012,B,206.85,31221,6425731.0,True
543996,UDS,Updater Services Limited,INE851I01011,B,209.0,15780,3263679.0,True
543997,ORGANICREC,ORGANIC RECYCLING SYSTEMS LIMI,INE0MIO01019,M,201.2,92700,18972090.0,False
543998,VALIANTLAB,Valiant Laboratories Limited,INE0JWS01017,T,122.1,8111,1003972.0,True
543999,SENSEXETF,Mirae Asset Mutual Fund,INF769K01KT9,B,74.44,5800,431196.0,False
544000,CCAL,CITY CROPS AGRO LIMITED,INE0M7501019,MT,50.6,6000,303600.0,False
544001,SUNITATOOL,Sunita Tools Limited,INE0Q1S01010,MT,1107.05,14125,15791100.0,False
544002,VIVAA,Vivaa Tradecom Limited,INE0PA601017,MT,138.0,2000,276000.0,False
544003,PLAZACABLE,Plaza Wires Limited,INE0INJ01017,B,57.69,3215,184950.0,True
544004,IRMENERGY,IRM ENERGY LIMITED,INE07U701015,B,257.4,5157,1330384.0,True
544006,ITETF,Mirae Asset Mutual Fund,INF769K01KV5,B,29.98,36377,1080884.0,False
544007,ALPHAETF,Mirae Asset Mutual Fund,INF769K01KU7,B,25.0,125108,3123866.0,False
544008,MAXESTATES,Max Estates Limited,INE03EI01018,B,567.0,5342,3033175.0,True
544009,BLUEJET,Blue Jet Healthcare Limited,INE0KBH01020,A,542.05,51664,27589859.0,True
544011,VPL,Vrundavan Plantation Limited,INE0Q6901013,M,38.0,2400,91200.0,False
544012,CELLO,Cello World Limited,INE0LMW01024,A,322.95,28396,9110237.0,True
544013,KKSHL,KK Shah Hospitals Limited,INE0OH401016,M,45.0,3000,135000.0,False
544014,HONASA,Honasa Consumer Limited,INE0J5401028,A,428.05,87785,37336518.0,True
544015,MISHDESIGN,Mish Designs Limited,INE0QI101019,M,36.94,2500,91350.0,False
544020,ESAFSFB,ESAF Small Finance Bank Ltd,INE818W01011,T,43.42,66826,2872387.0,True
544021,PROTEAN,Protean eGov Technologies Limi,INE004A01022,A,639.5,36351,23788991.0,True
544022,ASKAUTOLTD,ASK Automotive Limited,INE491J01022,B,617.15,20335,12520921.0,True
544023,KALYANI,Kalyani Cast-Tech Limited,INE0N6U01018,MT,1223.1,14250,17205700.0,False
544026,IREDA,Indian Renewable Energy Develo,INE202E01016,A,110.8,322125,35556610.0,True
544027,FEDFINA,Fedbank Financial Services Lim,INE007N01010,B,149.8,59971,8947957.0,True
544028,TATATECH,Tata Technologies Limited,INE142M01025,A,698.7,44717,31287631.0,True
544029,GANDHAR,Gandhar Oil Refinery (India) L,INE717W01049,B,282.65,44008,12216449.0,True
544030,FLAIR,Flair Writing Industries Limit,INE00Y201027,B,226.6,17021,3838846.0,True
544035,SPL,Swashthik Plascon Limited,INE0RDR01012,M,19.8,4800,93296.0,False
544036,DEEPAKCHEM,DEEPAK CHEMTEX LIMITED,INE0RDM01013,M,78.5,4000,314840.0,False
544037,AMIC,Amic Forging Limited,INE0P9J01013,M,2498.4,72500,178766710.0,False
544042,BAJEL,Bajel Projects Limited,INE0KQN01018,B,163.55,16860,2732088.0,True
544043,BBNPPGOLD,BARODA BNP PARIBAS MUTUAL FUND,INF251K01SU9,E,141.31,62,8815.0,False
544044,INDIASHLTR,India Shelter Finance Corporat,INE922K01024,A,646.45,7199,4639437.0,True
544045,DOMS,DOMS Industries Limited,INE321T01012,A,2098.35,743,1552432.0,True
544046,INOXINDIA,INOX India Limited,INE616N01034,A,2171.9,25465,54194701.0,True
544047,SIYARAM,Siyaram Recycling Industries L,INE0QSK01017,M,34.04,27000,933825.0,False
544052,BENCHMARK,Benchmark Computer Solutions L,INE0Q2Z01013,M,44.0,12000,525900.0,False
544053,MOTISONS,Motisons Jewellers Limited,INE0FRK01020,B,17.87,1268934,22800626.0,True
544054,SURAJEST,Suraj Estate Developers Limite,INE843S01025,B,200.55,2022,406731.0,True
544055,MUTHOOTMF,Muthoot Microfin Limited,INE046W01019,B,174.25,13197,2308015.0,True
544057,HAPPYFORGE,Happy Forgings Limited,INE330T01021,B,2004.3,2351,4783663.0,True
544058,MUFTI,Credo Brands Marketing Limited,INE220Q01020,B,70.91,6216,439362.0,True
544059,SHANTIDENM,SHANTI SPINTEX LIMITED,INE0QZQ01019,M,31.51,14000,440060.0,False
544060,RBZJEWEL,RBZ Jewellers Limited,INE0PEQ01016,T,195.2,20739,4064457.0,True
544061,AZAD,Azad Engineering Limited,INE02IJ01035,A,2860.05,127947,368068132.0,True
544066,SUNCLAY,SUNDARAM-CLAYTON LIMITED,INE0Q3R01026,B,1180.6,239,287588.0,True
544067,INNOVACAP,INNOVA CAPTAB LIMITED,INE0DUT01020,B,1167.6,22670,26655744.0,True
544073,MCPL,Manoj Ceramic Limited,INE0A6N01026,M,72.0,2000,145900.0,False
544074,SBVCL,Shri Balaji Valve Components L,INE0RNZ01014,MT,129.0,5400,696780.0,False
544079,DIGIDRIVE,DIGIDRIVE DISTRIBUTORS LIMITED,INE0PSC01024,B,17.53,10,178.0,True
544081,JYOTICNC,Jyoti CNC Automation Limited,INE980O01024,A,1034.95,33189,33918829.0,True
544083,SHREE,Shree Marutinandan Tubes Limit,INE0QIS01011,M,44.85,2000,90625.0,False
544088,MEDIASSIST,Medi Assist Healthcare Service,INE456Z01021,A,298.95,25007,7443002.0,True
544089,LIQUIDCASE,Zerodha Mutual Fund,INF0R8F01034,F,116.21,681424,79187763.0,False
544090,SHPLPUNE,Sayaji Hotels (Pune) Limited,INE07G501017,X,847.85,36,31041.0,False
544091,QLL,Qualitek Labs Limited,INE0Q1R01012,MT,579.0,15600,8946040.0,False
544092,NIFTYBETF,Bajaj Finserv Mutual Fund,INF0QA701722,B,235.66,1426,330565.0,False
544093,BANKBETF,Bajaj Finserv Mutual Fund,INF0QA701714,B,55.05,61,3413.0,False
544095,EPACK,EPACK Durable Limited,INE0G5901015,B,171.55,27510,4747533.0,True
544100,NOVAAGRI,Nova Agritech Limited,INE02H701025,B,22.35,2593,57195.0,True
544101,BRISK,Brisk Technovision Limited,INE0Q6L01014,MT,73.9,1600,118160.0,False
544105,HARSHDEEP,HARSHDEEP HORTICO LIMITED,INE0OLZ01015,M,88.0,1500,132000.0,False
544106,MCFL,Mayank Cattle Food Limited,INE0R5Z01015,MT,100.0,3600,361200.0,False
544107,BLSE,BLS E-Services Limited,INE0NLT01010,B,322.05,19030,6193282.0,True
544108,GPSL,Gabriel Pet Straps Limited,INE0QZF01012,M,77.0,18600,1430400.0,False
544111,PARKHOTELS,Apeejay Surrendra Park Hotels,INE988S01028,B,103.9,11524,1199626.0,True
544112,JGTL,JASCH GAUGING TECHNOLOGIES LIM,INE0QXV01014,X,554.5,1020,561277.0,False
544117,SIGNPOST,Signpost India Limited,INE0KGZ01021,B,262.85,2885,747255.0,True
544118,JSFB,JANA SMALL FINANCE BANK LIMITE,INE953L01027,A,482.95,33949,16292386.0,True
544119,RPTECH,Rashi Peripherals Limited,INE0J1F01024,B,954.65,36314,34427187.0,True
544120,CAPITALSFB,Capital Small Finance Bank Ltd,INE646H01017,B,278.1,3719,1039828.0,True
544121,RUDRAGAS,Rudra Gas Enterprise Limited,INE0OYK01010,M,73.88,9000,641000.0,False
544122,ENTERO,Entero Healthcare Solutions Li,INE010601016,B,1682.65,10551,17525219.0,True
544123,LICNMID100,LIC Mutual Fund,INF767K01RN1,B,59.1,1480,87701.0,False
544124,VSTL,VIBHOR STEEL TUBES LIMITED,INE0QTF01015,B,109.2,366,40212.0,True
544129,JUNIPER,Juniper Hotels Limited,INE696F01016,B,214.1,7221,1538335.0,True
544130,SMALLCAP,Mirae Asset Mutual Fund,INF769K01LC3,B,47.43,56626,2673289.0,False
544131,GPTHEALTH,GPT Healthcare Limited,INE486R01017,B,150.6,7083,1054083.0,True
544132,GOLDCASE,Zerodha Mutual Fund,INF0R8F01042,E,23.15,572471,13229950.0,False
544133,EXICOM,EXICOM TELE-SYSTEMS LIMITED,INE777F01014,B,151.05,100620,15312326.0,True
544134,PLATIND,Platinum Industries Limited,INE0PT501018,B,201.1,3283,666172.0,True
544135,MUKKA,Mukka Proteins Limited,INE0CG401037,T,25.48,48564,1231441.0,True
544136,RKSWAMY,R K Swamy Limited,INE0NQ801033,B,87.39,891,77668.0,True
544138,JGCHEM,J.G.Chemicals Limited,INE0MB501011,B,610.65,30325,18484292.0,True
544139,KOURA,KOURA FINE DIAMOND JEWELRY LIM,INE0M8R01011,MT,52.8,6000,307000.0,False
544140,GOPAL,Gopal Snacks Limited,INE0L9R01028,B,254.6,46469,12135115.0,True
544141,PESB,Pune E - Stock Broking Limited,INE510U01018,M,255.0,23200,5950440.0,False
544142,SCILAL,Shipping Corporation of India,INE0PB301013,B,36.66,17077,624938.0,True
544143,ROYAL,Royal Sense Limited,INE0QQG01019,M,88.0,500,44000.0,False
544144,PVSL,Popular Vehicles and Services,INE772T01024,B,90.15,3053,282906.0,True
544149,KRYSTAL,KRYSTAL INTEGRATED SERVICES LI,INE0QN801017,B,612.0,283,171800.0,True
544150,KPGEL,KP GREEN ENGINEERING LIMITED,INE0QVH01025,M,282.8,58750,16937300.0,False
544151,CHATHA,CHATHA FOODS LIMITED,INE0AH901011,MT,102.15,9000,950500.0,False
544156,GCONNECT,Gconnect Logitech and Supply C,INE0QHY01011,MT,11.0,4500,49500.0,False
544158,SRM,SRM CONTRACTORS LIMITED,INE0R6Z01013,B,398.95,4756,1895513.0,True
544160,JAYKAILASH,Jay Kailash Namkeen Limited,INE0MSS01019,MT,55.75,80000,4483664.0,False
544161,DPABHUSHAN,D P ABHUSHAN LIMITED,INE266Y01019,B,1877.55,68485,127396926.0,True
544162,BHARTIHEXA,Bharti Hexacom Limited,INE343G01021,A,1380.0,60930,84086566.0,True
544163,GVL,Greenhitech Ventures Limited,INE0S0701019,M,39.93,2000,79860.0,False
544164,FAALCON,Faalcon Concepts Limited,INE0Q9W01015,MT,37.22,2000,74440.0,False
544165,SHIVAM,SHIVAM CHEMICALS LIMITED,INE0SGR01013,M,140.0,21000,2929050.0,False
544166,EMMFORCE,EMMFORCE AUTOTECH LIMITED,INE0SDC01012,MT,182.65,38400,7039080.0,False
544167,JNKINDIA,JNK India Limited,INE0OAF01028,B,432.05,18627,7881577.0,True
544168,VARYAA,VARYAA CREATIONS LIMITED,INE0R6801013,M,26.0,1000,26000.0,False
544169,AMKAY,Amkay Products Limited,INE0QSB01016,M,72.4,18000,1282000.0,False
544170,DKUAL,Dolphin Kitchen Utensils and A,INE0QXT01018,M,7.44,42000,306520.0,False
544171,STAL,Storage Technologies and Autom,INE0RGM01016,MT,33.97,3200,102584.0,False
544172,INDGN,Indegene Limited,INE065X01017,A,594.0,22003,12988208.0,True
544173,FTL,Finelistings Technologies Limi,INE0QOQ01013,MT,16.98,7000,118860.0,False
544174,TBOTEK,TBO TEK LIMITED,INE673O01025,A,1674.35,10596,18064667.0,True
544175,TGIF,TGIF AGRIBUSINESS LIMITED,INE0SMU01015,M,106.0,1200,127200.0,False
544176,AADHARHFC,Aadhar Housing Finance Limited,INE883F01010,A,448.65,19338,8556949.0,True
544177,AZTEC,Aztec Fluids & Machinery Limit,INE0SCB01016,M,95.79,1000,95790.0,False
544179,GODIGIT,Go Digit General Insurance Lim,INE03JT01014,A,256.45,1519916,394935094.0,True
544180,MIDSMALL,Mirae Asset Mutual Fund,INF769K01LJ8,B,49.37,33869,1667270.0,False
544181,AWFIS,Awfis Space Solutions Limited,INE108V01019,A,235.25,36423,8675531.0,True
544182,LIQUIDBETF,Bajaj Finserv Mutual Fund,INF0QA701854,F,1101.45,118,129971.0,False
544183,ASSOCIATED,Associated Coaters Limited,INE0RIQ01013,M,109.95,2500,270975.0,False
544184,BOROSCI,Borosil Scientific Limited,INE02L001032,B,112.25,7975,896830.0,True
544185,ADTECH,ADTECH SYSTEMS LIMITED,INE257C01014,X,39.85,4234,165759.0,False
544186,TOTEM,Forbes Precision Tools and Mac,INE0TT901016,X,145.65,32706,4807607.0,False
544187,KRONOX,KRONOX LAB SCIENCES LIMITED,INE0ATZ01017,T,205.0,19626,4049451.0,True
544188,MAGENTA,Magenta Lifecare Limited,INE0QZ901011,M,7.89,28000,213360.0,False
544189,SATTRIX,SATTRIX INFORMATION SECURITY L,INE0QUV01010,M,304.35,3000,928500.0,False
544190,3CIT,3C IT Solutions and Telecoms (,INE0R7D01018,M,16.0,4000,64400.0,False
544191,PURPLEFIN,Purple Finance Limited,INE0CYK01015,X,68.18,46145,3168986.0,False
544192,IXIGO,Le Travenues Technology Limite,INE0HV901016,A,161.95,35787,5786809.0,True
544193,MID150CASE,Zerodha Mutual Fund,INF0R8F01059,B,10.89,318895,3472161.0,False
544194,TOP100CASE,Zerodha Mutual Fund,INF0R8F01067,B,9.91,92804,915761.0,False
544195,COTFAB,United Cotfab Limited,INE0S0I01011,M,14.19,2000,28380.0,False
544196,BBNPNBETF,BARODA BNP PARIBAS MUTUAL FUND,INF251K01TL6,B,55.65,18,1004.0,False
544197,RETAIL,JHS SVENDGAARD RETAIL VENTURES,INE03DD01011,B,34.34,1301,44676.0,True
544198,DEEDEV,DEE DEVELOPMENT ENGINEERS LIMI,INE841L01016,B,663.8,13067,8626636.0,True
544199,GEMENVIRO,GEM Enviro Management Limited,INE0RUJ01013,M,35.99,11200,396944.0,False
544200,AFIL,Akme Fintrade (India) Limited,INE916Y01027,B,7.85,68796,540408.0,True
544201,DFPL,DINDIGUL FARM PRODUCT LIMITED,INE0S6R01027,MT,29.67,52000,1542840.0,False
544202,STANLEY,STANLEY LIFESTYLES LIMITED,INE01A001028,B,136.7,10328,1413552.0,True
544203,ABDL,Allied Blenders and Distillers,INE552Z01027,A,679.4,96608,66890679.0,True
544204,VRAJ,VRAJ IRON AND STEEL LIMITED,INE0S2V01010,B,122.15,5115,634347.0,True
544205,NPL,National Peroxide Limited,INE0PO601011,XT,602.8,2902,1753302.0,False
544207,RELIABLE,Reliable Data Services Limited,INE375Y01018,B,142.95,610,86032.0,True
544209,BANSALWIRE,Bansal Wire Industries Limited,INE0B9K01025,B,322.8,4531,1454108.0,True
544210,EMCURE,Emcure Pharmaceuticals Limited,INE168P01015,A,1943.6,3437,6670959.0,True
544212,EVINDIA,Mirae Asset Mutual Fund,INF769K01LQ3,B,30.03,62616,1880330.0,False
544213,ACLD,AELEA COMMODITIES LIMITED,INE0T3401029,M,145.45,71400,10171140.0,False
544214,THREEMPAPE,THREE M PAPER BOARDS LIMITED,INE0UK501010,M,23.0,2000,46000.0,False
544217,SANSTAR,SANSTAR LIMITED,INE08NE01025,B,102.95,5810,601526.0,True
544219,VVIPIL,VVIP Infratech Limited,INE0MNP01016,M,142.9,13800,1974330.0,False
544220,CTLLAB,Clinitech Laboratory Limited,INE0QMR01015,M,33.65,1200,40380.0,False
544221,KIZI,Kizi Apparels Limited,INE0RMR01013,MT,17.0,3000,51000.0,False
544222,AKUMS,Akums Drugs and Pharmaceutical,INE09XN01023,B,813.5,6784,5532543.0,True
544223,CEIGALL,Ceigall India Limited,INE0AG901020,B,380.3,9054,3443113.0,True
544224,AFCOM,Afcom Holdings Limited,INE0OXY01013,M,1481.3,60720,90479520.0,False
544225,OLAELEC,Ola Electric Mobility Limited,INE0LXG01040,A,37.09,4987084,183486746.0,True
544226,FIRSTCRY,Brainbees Solutions Limited,INE02RE01045,A,174.8,303322,53492556.0,True
544227,UNIECOM,UNICOMMERCE ESOLUTIONS LIMITED,INE00U401027,B,82.47,39363,3252278.0,True
544230,SSDL,SARASWATI SAREE DEPOT LIMITED,INE0PQ101010,B,69.55,33012,2327330.0,True
544232,INTERARCH,Interarch Building Solutions L,INE00M901018,B,1665.1,4749,7916864.0,True
544233,MFML,Mahalaxmi Fabric Mills Limited,INE0US801024,B,19.25,42,800.0,True
544234,GLOBALE,Globale Tessile Limited,INE0URU01010,B,10.18,78,794.0,True
544235,ORIENTTECH,Orient Technologies Limited,INE0PPK01015,B,229.05,10230,2339512.0,True
544238,PREMIERENE,Premier Energies Limited,INE0BS701011,A,876.75,48635,42500290.0,True
544239,ECOSMOBLTY,ECOS (India) Mobility & Hospit,INE06HJ01020,B,104.75,6575,684237.0,True
544240,RAYMONDLSL,Raymond Lifestyle Limited,INE02ID01020,A,628.2,13767,8659678.0,True
544241,MULTICAP,Mirae Asset Mutual Fund,INF769K01LX9,B,15.77,56878,896594.0,False
544242,TRAVELS,Travels & rentals Limited,INE0SG001011,M,9.0,18000,161040.0,False
544243,STYLEBAAZA,Baazar Style Retail Limited,INE01FR01028,B,368.6,53016,19713401.0,True
544244,GALAPREC,Gala Precision Engineering Lim,INE0RE001014,B,1159.65,5815,6714780.0,True
544246,RVTH,Revathi Equipment India Limite,INE0DAB01012,B,778.0,3566,2770659.0,True
544248,MACHLTD,MACH TRAVEL SOLUTIONS LIMITED,INE0UYT01018,M,193.65,21600,4252920.0,False
544249,BALAJEE,SHREE TIRUPATI BALAJEE AGRO TR,INE0S2G01011,B,25.76,1314,33644.0,True
544250,SANOFICONR,Sanofi Consumer Healthcare Ind,INE0UOS01011,B,3779.3,1215,4548222.0,True
544251,SSL,Share Samadhan Limited,INE0LY301010,MT,41.0,3200,133936.0,False
544252,BAJAJHFL,Bajaj Housing Finance Limited,INE377Y01014,A,82.93,414450,33979200.0,True
544253,KROSS,Kross Limited,INE0O6601022,B,258.55,42360,10882527.0,True
544254,TOLINS,Tolins Tyres Limited,INE0RWQ01014,B,85.4,6232,529976.0,True
544256,PNGJL,P N GADGIL JEWELLERS LIMITED,INE953R01016,B,581.9,16218,9421161.0,True
544258,WCIL,Western Carriers (India) Limit,INE0CJF01024,B,93.22,3176,292617.0,True
544259,PFL,POPULAR FOUNDATIONS LIMITED,INE0PZB01013,M,28.8,3000,86400.0,False
544260,NORTHARC,Northern Arc Capital Ltd.,INE850M01015,A,288.7,40717,11670921.0,True
544261,ARKADE,ARKADE DEVELOPERS LIMITED,INE0QRL01017,B,119.25,11733,1390002.0,True
544262,MANBA,Manba Finance Limited,INE939X01013,B,139.95,13413,1852628.0,True
544263,KRN,KRN HEAT EXCHANGER AND REFRIGE,INE0Q3J01015,A,1416.4,10927,15392356.0,True
544264,DIFFNKG,Diffusion Engineers Limited,INE184O01015,B,464.75,24752,11184551.0,True
544266,BANKPSU,Mirae Asset Mutual Fund,INF769K01LZ4,B,80.19,1296,103955.0,False
544267,SUBAM,SUBAM PAPERS LIMITED,INE0U6201010,M,219.75,81600,17940560.0,False
544268,METAL,Mirae Asset Mutual Fund,INF769K01LY7,B,12.6,229495,2904777.0,False
544271,GARUDA,Garuda Construction and Engine,INE0JVO01026,B,172.4,32149,5520347.0,True
544272,SHIVTEXCHEM,SHIV TEXCHEM LIMITED,INE0YRO01015,M,116.15,6400,737560.0,False
544273,MGEL,MANGALAM GLOBAL ENTERPRISE LIM,INE0APB01032,B,15.34,64865,997346.0,True
544274,HYUNDAI,HYUNDAI MOTOR INDIA LIMITED,INE0V6F01027,A,2025.0,71054,145375580.0,True
544276,DBEIL,Deepak Builders and Engineers,INE0OPA01027,B,6.54,54366,341661.0,True
544277,WAAREEENER,Waaree Energies Limited,INE377N01017,A,2342.9,61627,144401346.0,True
544278,OCCLLTD,OCCL Limited,INE0PK601023,T,193.55,27517,5273778.0,True
544279,GODAVARIB,Godavari Biorefineries Limited,INE497S01012,B,229.0,7391,1688976.0,True
544280,AFCONS,Afcons Infrastructure Limited,INE101I01011,A,242.65,50326,12213177.0,True
544281,ABINFRA,A B INFRABUILD LIMITED,INE00YB01025,T,12.44,9421,124091.0,True
544282,SAGILITY,Sagility Limited,INE0W2G01015,A,43.12,1581245,67663839.0,True
544283,ACMESOLAR,ACME Solar Holdings Limited,INE622W01025,A,432.45,145460,63693754.0,True
544284,LIQUIDPLUS,Mirae Asset Mutual Fund,INF769K01MY5,F,1105.98,16873,18661162.0,False
544285,SWIGGY,SWIGGY LIMITED,INE00H001014,A,238.0,1547276,371373790.0,True
544286,NIVABUPA,NIVA BUPA HEALTH INSURANCE COM,INE995S01015,A,73.05,76685,5625638.0,True
544288,BLACKBUCK,BlackBuck Limited,INE0UIZ01018,A,606.35,46547,28050775.0,True
544289,NTPCGREEN,NTPC GREEN ENERGY LIMITED,INE0ONG01011,A,91.11,319808,29068902.0,True
544290,EIEL,ENVIRO INFRA ENGINEERS LIMITED,INE0LLY01014,B,184.15,72373,13499111.0,True
544291,RAJESH,RAJESH POWER SERVICES LIMITED,INE0VN801010,M,733.5,10400,7671955.0,False
544292,ONESOURCE,Onesource Specialty Pharma Lim,INE013P01021,A,1509.75,35941,53134490.0,True
544293,SURAKSHA,SURAKSHA DIAGNOSTIC LIMITED,INE877V01027,B,350.25,4871,1685502.0,True
544294,ROSSTECH,Rossell Techsys Limited,INE0OJW01016,B,1520.25,14132,21269518.0,True
544296,NISUS,NISUS FINANCE SERVICES CO LIMI,INE0DQN01013,M,160.5,6000,964940.0,False
544301,ODIGMA,Odigma Consultancy Solutions L,INE054301028,B,20.88,3901,82154.0,True
544302,INNOVANA,Innovana Thinklabs Limited,INE403Y01018,B,291.45,12473,3611974.0,True
544303,TTC,TOSS THE COIN LIMITED,INE0XAY01012,M,163.0,2100,346680.0,False
544304,JUNGLECAMP,JUNGLE CAMPS INDIA LIMITED,INE0WCH01015,M,41.4,12800,527664.0,False
544305,MOBIKWIK,One Mobikwik Systems Limited,INE0HLU01028,B,196.4,75009,14756917.0,True
544306,SAILIFE,Sai Life Sciences Limited,INE570L01029,A,1539.9,52366,79894101.0,True
544307,VMM,Vishal Mega Mart Limited,INE01EA01019,A,99.6,561328,55884395.0,True
544308,HILLTONE,Hilltone Software and Gases Lt,INE168C01013,X,38.5,401,15603.0,False
544309,IKS,INVENTURUS KNOWLEDGE SOLUTIONS,INE115Q01022,A,1775.9,10039,17582510.0,True
544310,YASHHV,Yash Highvoltage Limited,INE00GK01023,M,1105.75,127250,140491037.0,False
544311,IGIL,International Gemological Inst,INE0Q9301021,A,312.0,34735,10847757.0,True
544312,HAMPS,HAMPS BIO LIMITED,INE0QBD01018,M,25.44,12000,295160.0,False
544313,NACDAC,NACDAC Infrastructure Limited,INE0LB101011,M,22.5,8000,179960.0,False
544314,SANATHAN,Sanathan Textiles Limited,INE0JPD01013,B,503.85,9063,4517456.0,True
544315,CEWATER,Concord Enviro Systems Limited,INE037Z01029,B,253.9,3778,956116.0,True
544316,DAMCAPITAL,DAM Capital Advisors Limited,INE284H01025,B,147.25,36078,5306528.0,True
544317,TRANSRAILL,Transrail Lighting Limited,INE454P01035,A,475.8,139436,66457126.0,True
544318,MAMATA,MAMATA MACHINERY LIMITED,INE0TO701015,B,402.4,27421,11001262.0,True
544319,SENORES,SENORES PHARMACEUTICALS LIMITE,INE0RB801010,A,1349.0,18791,25407517.0,True
544320,CARRARO,CARRARO INDIA LIMITED,INE0V7W01012,B,517.95,7261,3743345.0,True
544321,VENTIVE,Ventive Hospitality Limited,INE781S01027,B,555.8,878,487302.0,True
544322,UNIMECH,Unimech Aerospace and Manufact,INE0U3I01011,B,1772.2,28968,50296232.0,True
544323,CONSUMER,Mirae Asset Mutual Fund,INF769K01NS5,B,11.09,43501,479557.0,False
544324,CITICHEM,Citichem India Limited,INE0A8401016,M,16.0,8000,128000.0,False
544325,ITCHOTELS,ITC Hotels Limited,INE379A01028,A,158.75,502720,80525660.0,True
544326,ECAPINSURE,Edelweiss Mutual Fund,INF754K01TX4,B,23.36,4708,108511.0,False
544327,TECHNICHEM,TECHNICHEM ORGANICS LIMITED,INE0ZHT01012,MT,54.87,4000,220240.0,False
544328,INDOFARM,INDO FARM EQUIPMENT LIMITED,INE622H01018,B,131.95,14313,1886620.0,True
544329,VANDU,LEO DRYFRUITS & SPICES TRADING,INE0RH001011,M,59.91,148000,8868540.0,False
544330,PARMESHWAR,PARMESHWAR METAL LIMITED,INE0QQJ01021,MT,305.0,19000,5791200.0,False
544331,DAVIN,Davin Sons Retail Limited,INE0Q2L01013,M,14.85,42000,620980.0,False
544332,FABCLEAN,Fabtech Cleanrooms Limited,INE0HSD01011,M,494.0,10000,4842840.0,False
544333,SETL,STANDARD ENGINEERING TECHNOLOG,INE0M4D01010,B,417.1,53448,21942378.0,True
544334,INDOBELL,Indobell Insulations Limited,INE0FK501019,MT,57.8,7500,432412.0,False
544335,BRGIL,B.R.GOYAL INFRASTRUCTURE LIMIT,INE00ST01011,MT,185.6,18000,3401500.0,False
544336,QUADFUTURE,Quadrant Future Tek Limited,INE0LRY01011,B,530.75,29094,15555922.0,True
544339,LAXMIDENTL,Laxmi Dental Limited,INE0WO601020,B,193.7,4917,943588.0,True
544340,RIKHAV,Rikhav Securities Limited,INE0CFH01028,M,51.73,128000,6104384.0,False
544341,LGLL,LANDMARK GLOBAL LEARNING LIMIT,INE12QA01010,M,11.0,3200,34800.0,False
544342,STALLION,Stallion India Fluorochemicals,INE0RYC01010,T,232.45,52870,12149390.0,True
544343,CNINFOTECH,CAPITALNUMBERS INFOTECH  LIMIT,INE0WXM01011,M,76.58,8000,613084.0,False
544344,SHRIPISTON,SPR Auto Technologies Limited,INE526E01018,A,4481.25,7035,31457909.0,True
544345,DENTA,Denta Water and Infra Solution,INE0R4L01018,B,259.3,10054,2611125.0,True
544346,RRECL,RDB Real Estate Constructions,INE0AK901016,B,129.9,27,3578.0,True
544347,CLN,CLN ENERGY LIMITED,INE0WDX01010,MT,493.25,2000,948540.0,False
544348,GBLOGISTIC,GB Logistics Commerce Limited,INE0RWU01016,M,24.18,8400,196056.0,False
544349,HMEML,H.M. ELECTRO MECH LIMITED,INE0DZD01015,M,48.25,3200,154336.0,False
544350,AGARWALEYE,Dr. Agarwal's Health Care Limi,INE943P01029,A,487.2,19921,9601944.0,True
544351,MALPANI,MALPANI PIPES AND FITTINGS LIM,INE0YON01014,M,64.5,1600,103200.0,False
544353,AMWILL,Amwill Health Care Limited,INE0U2L01017,M,43.0,9600,413040.0,False
544354,SOLARIUM,SOLARIUM GREEN ENERGY LIMITED,INE0W0H01017,M,121.25,27600,3360885.0,False
544355,JUBLCPL,Jubilant Agri and Consumer Pro,INE03CC01015,B,2030.35,473,962254.0,True
544356,AJAXENGG,AJAX Engineering Limited,INE274Y01021,B,585.5,3613,2125751.0,True
544361,COVANCE,COVANCE SOFTSOL LIMITED,INE0R8101016,X,156.4,1292,201237.0,False
544362,HEXT,Hexaware Technologies Limited,INE093A01041,A,490.1,32306,15825526.0,True
544363,UNIONGOLD,UNION MUTUAL FUND,INF582M01KS4,E,143.88,75,10791.0,False
544364,BAJAJINDEF,Indef Manufacturing Limited,INE0O9T01021,B,207.4,2355,490084.0,True
544365,SHANMUGA,SHANMUGA HOSPITAL LIMITED,INE0TD301017,M,44.6,34000,1456060.0,False
544367,QPOWER,QUALITY POWER ELECTRICAL EQUIP,INE0SII01026,B,1568.0,26370,41224110.0,True
544368,SWASTH,Swasth Foodtech India Limited,INE0TIR01017,M,16.1,2400,38640.0,False
544369,BEEZAASAN,Beezaasan Explotech Limited,INE13VU01016,MT,725.05,12000,8700600.0,False
544371,VIKRAMAR,VIKRAM AROMA LIMITED,INE0NR501012,XT,129.1,2925,378328.0,False
544373,NAPSGLOBAL,NAPS Global India Limited,INE0VNH01014,MT,65.1,8000,520800.0,False
544375,GOLD360,360 ONE Mutual Fund,INF579M01BB5,E,143.96,1531,220217.0,False
544376,SELECTIPO,Mirae Asset Mutual Fund,INF769K01ON4,B,45.6,1637,74809.0,False
544377,EQUAL200,Mirae Asset Mutual Fund,INF769K01OA1,B,12.98,3479,45087.0,False
544378,PSPL,PDP Shipping & Projects Limite,INE0ABU01016,M,52.01,1000,52010.0,False
544379,PRABHA,Prabha Energy Limited,INE0I0M01023,B,218.05,8438,1867024.0,True
544381,SUPERIRON,Super Iron Foundry Limited,INE16IQ01014,M,37.3,15600,568776.0,False
544383,PPARIVAH,PARADEEP PARIVAHAN LIMITED,INE0SMW01011,MT,302.95,25200,7511100.0,False
544384,SILVERCASE,Zerodha Mutual Fund,INF0R8F01091,E,22.11,362229,8024177.0,False
544386,SPECTRUM,Spectrum Electrical Industries,INE01EO01010,T,3805.35,717,2663772.0,True
544387,DESCO,Desco Infratech Limited,INE0TGG01014,M,175.4,13000,2254575.0,False
544388,IDENTIXWEB,Identixweb Limited,INE0PA401012,M,65.0,2000,130000.0,False
544389,SILVER360,360 ONE Mutual Fund,INF579M01BC3,E,215.01,744,159796.0,False
544390,ENRIN,Siemens Energy India Limited,INE1NPP01017,A,3330.0,103442,343385242.0,True
544391,RETAGGIO,Retaggio Industries Limited,INE0KWJ01014,M,48.45,6000,292350.0,False
544392,SPINAROO,SPINAROO COMMERCIAL LIMITED,INE10XX01012,M,39.0,2000,78000.0,False
544393,INFONATIVE,INFONATIVE SOLUTIONS LIMITED,INE12IB01015,MT,36.1,6400,228240.0,False
544395,STLNETWORK,STL Networks Limited,INE1VXE01018,B,47.24,1176586,56426598.0,True
544396,NPST,Network People Services Techno,INE0FFK01017,B,1757.85,3875,6724626.0,True
544397,ATHERENERG,Ather Energy Limited,INE0LEZ01016,A,1405.1,641095,895098831.0,True
544398,KENRIK,Kenrik Industries Limited,INE0AOG01018,MT,13.66,18000,245880.0,False
544399,SRIGEE,SRIGEE DLM LIMITED,INE0RJ901010,M,79.45,15600,1274652.0,False
544400,MANOJJEWEL,Manoj Jewellers Limited,INE0MV001018,M,27.53,40000,1116280.0,False
544401,EQUAL50,Mirae Asset Mutual Fund,INF769K01OO2,B,307.32,608,187585.0,False
544402,JASH,JASH ENGINEERING LIMITED,INE039O01029,B,575.6,20617,11890573.0,True
544403,ABLBL,Aditya Birla Lifestyle Brands,INE14LE01019,A,74.43,75118,5606113.0,True
544404,BORANA,BORANA WEAVES LIMITED,INE16SF01016,B,272.7,3603,988930.0,True
544405,BELRISE,BELRISE INDUSTRIES LIMITED,INE894V01022,A,237.55,442919,106103517.0,True
544406,UNIFIED,UNIFIED DATA TECH SOLUTIONS LI,INE1ABX01018,M,496.9,135600,65992840.0,False
544407,AEGISVOPAK,AEGIS VOPAK TERMINALS LIMITED,INE0INX01018,A,291.3,74264,22031625.0,True
544408,THELEELA,Leela Palaces Hotels & Resorts,INE0AQ201015,A,568.7,21659,12262595.0,True
544409,ASTONEALAB,ASTONEA LABS LIMITED,INE0TG901011,M,345.0,1000,345000.0,False
544410,PROSTARM,PROSTARM INFO SYSTEMS LIMITED,INE0BX301013,B,135.4,55056,7602073.0,True
544411,SCODATUBES,Scoda Tubes Limited,INE090501011,B,123.1,42940,5239236.0,True
544412,3BFILMS,3B FILMS LIMITED,INE0TE101010,M,13.05,9000,120660.0,False
544413,DIGITIDE,Digitide Solutions Limited,INE0U4701011,B,72.1,13370,957323.0,True
544414,BLUSPRING,Bluspring Enterprises Limited,INE0U4101014,B,147.9,23079,3335735.0,True
544416,KRISHIVAL,KRISHIVAL FOODS LIMITED,INE0GGO01015,B,395.4,1219,489143.0,True
544418,OSWALPUMPS,Oswal Pumps Limited,INE0BYP01024,B,264.2,31265,8236870.0,True
544419,ARIS,ArisInfra Solutions Limited,INE0H9P01028,B,138.6,67981,9432359.0,True
544420,RAYMONDREL,Raymond Realty Limited,INE1SY401010,B,648.1,91062,58944277.0,True
544421,ELLEN,ELLENBARRIE INDUSTRIAL GASES L,INE236E01022,B,342.0,69470,23764253.0,True
544422,ABRFL,Abram Food Limited,INE0ZDY01011,M,35.49,4800,167148.0,False
544423,KALPATARU,Kalpataru Limited,INE227J01012,B,273.2,2180,600131.0,True
544424,GLOBECIVIL,GLOBE CIVIL PROJECTS LIMITED,INE0V3U01015,B,41.6,1419,59407.0,True
544425,AJCJEWEL,AJC Jewel Manufacturers Limite,INE0XRR01010,MT,432.6,8400,3615120.0,False
544426,ICON,Icon Facilitators Limited,INE0Y0E01012,M,63.25,2400,151800.0,False
544428,SEVL,SUPERTECH EV LIMITED,INE0SC101013,M,34.11,7200,265632.0,False
544429,HDBFS,HDB FINANCIAL SERVICES LIMITED,INE756I01012,A,618.0,19495,11938118.0,True
544430,SAMBHV,SAMBHV STEEL TUBES LIMITED,INE12NJ01018,B,161.8,241671,38735638.0,True
544431,ACEALPHA,Ace Alpha Tech Limited,INE0S9X01011,M,144.0,5000,721300.0,False
544432,IGCL,Indogulf Cropsciences Limited,INE05J901018,B,54.02,15354,825750.0,True
544433,VALINDIA,Valencia India Limited,INE130701019,M,17.28,13200,236376.0,False
544434,NEETUYOSHI,Neetu Yoshi Limited,INE0UZO01024,MT,238.85,87200,20818200.0,False
544435,ADCOUNTY,ADCOUNTY MEDIA INDIA LIMITED,INE0W1601012,M,76.64,57600,4467376.0,False
544436,VANDAN,VANDAN FOODS LIMITED,INE0RDJ01019,M,23.5,3600,82356.0,False
544437,MARCLOIRE,MARC LOIRE FASHIONS LIMITED,INE0TBQ01014,M,39.9,1200,47880.0,False
544438,INTERNET,Mirae Asset Mutual Fund,INF769K01PB6,B,13.22,83869,1105114.0,False
544439,CRIZAC,CRIZAC LIMITED,INE0S4R01014,B,167.65,20000,3349132.0,True
544440,CRYOGENIC,CRYOGENIC OGS LIMITED,INE0TL001013,MT,443.0,51750,22468087.0,False
544441,METAINFO,META INFOTECH LIMITED,INE162901016,M,79.5,15200,1198376.0,False
544442,CHEMKART,Chemkart India Limited,INE0VWL01017,M,241.4,18000,4349880.0,False
544443,TRAVELFOOD,TRAVEL FOOD SERVICES LIMITED,INE103V01028,B,1208.0,1332,1588775.0,True
544444,GLEN,Glen Industries Limited,INE0UMC01019,MT,120.0,110400,13326600.0,False
544445,APL,ASSTON PHARMACEUTICALS LIMITED,INE0SJX01015,MT,97.4,3000,291900.0,False
544446,ADVENTHTL,Advent Hotels International Li,INE28GN01010,B,123.4,10141,1270362.0,True
544447,SMARTWORKS,SMARTWORKS COWORKING SPACES LI,INE0NAZ01010,B,509.85,2378,1212226.0,True
544448,PASHUPATI,Pashupati Cotspin Limited,INE124Y01028,B,79.02,90802,7103898.0,True
544449,ANTHEM,Anthem Biosciences Limited,INE0CZ201020,A,854.05,175011,147467354.0,True
544450,CHEMBONDCH,CHEMBOND CHEMICALS  LIMITED,INE0TGX01019,T,224.25,182,40859.0,True
544451,MONIKA,MONIKA ALCOBEV LIMITED,INE0LCG01010,M,121.35,39200,4477540.0,False
544452,SWASTIKAAL,Swastika Castal Limited,INE0PTF01017,MT,108.3,14000,1535900.0,False
544453,MSECL,Monarch Surveyors and Engineer,INE0V0L01028,M,244.2,5400,1305120.0,False
544454,INDIQUBE,INDIQUBE SPACES LIMITED,INE06ST01018,B,196.35,1675,325002.0,True
544455,EBGNG,GNG Electronics Limited,INE18JU01028,B,705.1,76768,53181721.0,True
544456,RMDRIP,R M DRIP AND SPRINKLERS SYSTEM,INE219Y01026,T,23.51,25588,599664.0,True
544457,BRIGHOTEL,Brigade Hotel Ventures Limited,INE03NU01014,B,56.53,15284,858102.0,True
544458,SHREEREF,SHREE REFRIGERATIONS LIMITED,INE0FMZ01045,M,394.7,129500,50647025.0,False
544459,SHANTIGOLD,SHANTI GOLD INTERNATIONAL LIMI,INE06ZD01017,B,303.0,166321,50280980.0,True
544460,PATELCHEM,PATEL CHEM SPECIALITIES LIMITE,INE161701011,MT,120.55,116800,13915200.0,False
544461,EUROBOND,Euro Panel Products Limited,INE505V01016,B,149.8,95,13649.0,True
544463,REPONO,REPONO LIMITED,INE15WN01014,M,78.0,39600,3191988.0,False
544464,UML,Umiya Mobile Limited,INE1P1A01018,MT,85.22,30000,2635380.0,False
544465,LAXMIINDIA,LAXMI INDIA FINANCE LIMITED,INE06WU01026,B,118.4,3016,357735.0,True
544466,CPPLUS,Aditya Infotech Limited,INE819V01029,A,3799.1,8004,30380776.0,True
544467,NSDL,National Securities Depository,INE301O01023,A,752.75,483854,363859758.0,False
544469,LOTUSDEV,Sri Lotus Developers and Realt,INE0V9Q01010,T,227.55,57505,12743269.0,True
544470,MBEL,M & B ENGINEERING LIMITED,INE08N601015,B,250.9,6381,1599985.0,True
544471,TAKYON,TAKYON NETWORKS LIMITED,INE14OX01013,M,16.0,8000,125820.0,False
544472,MEHUL,MEHUL COLOURS LIMITED,INE1KH601014,M,47.3,28800,1365312.0,False
544473,GROWWPOWER,Groww Mutual Fund,INF666M01LM6,B,10.8,102926,1110483.0,False
544475,ESSEX,ESSEX MARINE LIMITED,INE1IBY01019,M,42.5,4000,171000.0,False
544476,JSLL,Jeena Sikho Lifecare Limited,INE0J5801029,A,480.65,53207,25664356.0,True
544477,HILINFRA,Highway Infrastructure Limited,INE00RL01028,B,44.77,62846,2871260.0,True
544479,ALLTIME,ALL TIME PLASTICS LIMITED,INE0GV601021,B,189.9,4443,833455.0,True
544480,JSWCEMENT,JSW CEMENT LIMITED,INE718I01012,A,111.4,1220229,137033009.0,True
544482,STARIMAGIN,STAR IMAGING AND PATH LAB LIMI,INE0YG001013,M,74.51,6000,453510.0,False
544483,ICODEX,ICODEX PUBLISHING SOLUTIONS LI,INE111601014,M,36.5,4800,173940.0,False
544484,BLUESTONE,BlueStone Jewellery and Lifest,INE304W01038,A,788.35,70827,55317515.0,True
544485,REGAAL,REGAAL RESOURCES LIMITED,INE0MHO01029,B,86.09,21703,1855836.0,True
544486,LTGILTCASE,Zerodha Mutual Fund,INF0R8F01133,F,30.11,94791,2852612.0,False
544487,PATELRMART,PATEL RETAIL LIMITED,INE0R8B01010,B,209.45,3828,793032.0,True
544488,VIKRAMSOLR,Vikram Solar Limited,INE078V01014,A,154.1,193373,29944513.0,True
544490,SHREEJISPG,Shreeji Shipping Global Limite,INE1B6101010,B,775.35,30612,23629563.0,True
544491,GEMAROMA,Gem Aromatics Limited,INE06XZ01023,B,155.55,4845,751745.0,True
544492,MEIL,MANGAL ELECTRICAL INDUSTRIES L,INE0PKD01011,B,259.45,3670,957206.0,True
544494,GLOBTIER,Globtier Infotech limited,INE12P601017,M,15.4,3200,49360.0,False
544495,NISMGMT,NIS MANAGEMENT LIMITED,INE0M3X01010,M,40.0,2400,95976.0,False
544496,VIKRAN,Vikran Engineering Limited,INE01R501028,B,58.28,99613,5802582.0,True
544497,AHCL,ANLON HEALTHCARE LIMITED,INE0Y8W01025,B,32.95,82236,2709676.0,True
544498,OVAL,OVAL PROJECTS ENGINEERING LIMI,INE0RTI01017,M,47.5,4800,230224.0,False
544499,CPEDU,Career Point Edutech Limited,INE0P6P01016,B,173.1,20,3486.0,True
544500,ABRIL,ABRIL PAPER TECH LIMITED,INE15MX01014,M,30.49,6000,179960.0,False
544501,SUGSLLOYD,SUGS LLOYD LIMITED,INE0XX801016,MT,282.5,35000,9823100.0,False
544502,AMANTA,Amanta Healthcare Limited,INE084K01015,T,192.0,2854,544098.0,True
544503,RACHIT,Rachit Prints Limited,INE0ZN101029,M,185.0,11000,2024850.0,False
544504,GOELCONS,GOEL CONSTRUCTION COMPANY LIMI,INE0ZOM01013,M,425.0,4400,1859100.0,False
544505,AUSTERE,AUSTERE SYSTEMS LIMITED,INE104201012,M,40.0,6000,246000.0,False
544506,SHARVAYA,SHARVAYA METALS LIMITED,INE0UJF01018,M,142.9,18000,2553750.0,False
544507,SML100CASE,Zerodha Mutual Fund,INF0R8F01141,B,10.89,212698,2300252.0,False
544508,VASHISHTHA,VASHISHTHA LUXURY FASHION LIMI,INE0WRP01016,M,62.06,14400,897048.0,False
544510,NCML,NILACHAL CARBO METALICKS LIMIT,INE346R01013,M,120.0,11200,1341600.0,False
544511,KARBON,Karbonsteel Engineering Limite,INE0V8A01016,M,114.6,24000,2793200.0,False
544512,SHRINGARMS,SHRINGAR HOUSE OF MANGALSUTRA,INE1B3L01017,B,221.4,30320,6757457.0,True
544513,DEVX,Dev Accelerator Limited,INE0VOV01021,B,35.85,5869,210547.0,True
544515,URBANCO,Urban Company Limited,INE0CAZ01013,A,156.3,184742,28735559.0,True
544516,AIRFLOA,AIRFLOA RAIL TECHNOLOGY LIMITE,INE0XBS01012,M,522.45,233000,120781775.0,False
544517,BUILDPRO,Shankara Buildpro Limited,INE24OJ01011,B,1247.05,2279,2820688.0,True
544518,LTELEVATOR,L. T. ELEVATOR LIMITED,INE0TJ801010,MT,321.8,35200,11346560.0,False
544519,EUROPRATIK,EURO PRATIK SALES LIMITED,INE198501012,B,190.85,5763,1095292.0,True
544520,SAMPAT,SAMPAT ALUMINIUM LIMITED,INE10XS01012,MT,31.1,15600,477900.0,False
544521,VMSTMT,VMS TMT LIMITED,INE0SJA01013,B,47.32,6991,337277.0,True
544522,ABCOTS,A B Cotspin India Limited,INE08PH01015,B,191.45,63,12246.0,True
544523,IVALUE,IVALUE INFOSOLUTIONS LIMITED,INE056801025,B,219.05,5303,1178724.0,True
544524,JDCABLES,JD CABLES LIMITED,INE14VP01014,M,183.65,47200,8550840.0,False
544525,GKENERGY,GK ENERGY LIMITED,INE1AG301022,B,114.7,102663,11868529.0,True
544526,SAATVIKGL,Saatvik Green Energy Limited,INE13B501022,B,405.3,2318,940021.0,True
544527,ATLANTAELE,Atlanta Electricals Limited,INE0Z4F01028,B,1715.3,19018,32377971.0,True
544528,GANESHCP,Ganesh Consumer Products Limit,INE652V01016,B,149.4,8131,1212843.0,True
544529,APPL,Aptus Pharma Limited,INE15XJ01010,MT,360.8,34800,12796400.0,False
544530,ARSSBL,ANAND RATHI SHARE AND STOCK BR,INE549H01021,B,520.95,15909,8223842.0,True
544531,TRUECOLORS,TRUE COLORS LIMITED,INE1LDV01015,M,146.35,12600,1839000.0,False
544532,SOLARWORLD,Solarworld Energy Solutions Li,INE0TY101024,B,125.9,46466,5971853.0,True
544533,STYL,Seshaasai Technologies Limited,INE04VU01023,B,365.85,5467,2000207.0,True
544534,JARO,Jaro Institute of Technology M,INE00YJ01010,B,407.45,8660,3598819.0,True
544535,BHARATROHAN,BHARATROHAN AIRBORNE INNOVATIO,INE0QMV01017,M,122.0,6400,776880.0,False
544536,WEALTH,Wealth First Portfolio Manager,INE658T01017,B,900.0,73,65936.0,True
544537,JAINREC,Jain Resource Recycling Limite,INE0YD401026,B,281.9,78550,22242109.0,True
544538,PRARUH,PRARUH TECHNOLOGIES LIMITED,INE0TI501017,MT,180.0,70000,12819100.0,False
544539,SOLVEX,Solvex Edibles Limited,INE1IIQ01028,MT,18.18,4800,85824.0,False
544540,EPACKPEB,Epack Prefab Technologies Limi,INE0MLS01022,B,242.45,28377,6890169.0,True
544541,SYSTEMATIC,SYSTEMATIC INDUSTRIES LIMITED,INE1KLZ01011,M,285.55,147600,41618220.0,False
544542,JUSTO,Justo Realfintech Limited,INE0W5Q01017,M,76.22,71000,5702790.0,False
544543,BMWVENTLTD,BMW VENTURES LIMITED,INE965W01036,B,50.92,2736,139713.0,True
544544,TELGE,TELGE PROJECTS LIMITED,INE0SRP01014,MT,255.0,31200,7918320.0,False
544545,TRUALT,TRUALT BIOENERGY LIMITED,INE0MWH01014,B,444.25,16055,7234729.0,True
544546,CHTR,Chatterbox Technologies Limite,INE1B4801017,M,33.01,19200,668940.0,False
544547,JKIPL,Jinkushal Industries Limited,INE1FF001016,B,95.17,26,2477.0,True
544548,GPAPL,GUJARAT PEANUT AND AGRI PRODUC,INE0SIK01014,M,75.0,104000,7754576.0,False
544550,PACEDIGITK,Pace Digitek Limited,INE0S3G01027,B,167.55,974237,167893175.0,True
544553,MPKSTEELS,M P K STEELS (I) LIMITED,INE1PJP01015,M,112.0,800,89600.0,False
544554,KVSCASTING,KVS Castings Limited,INE163701019,MT,84.97,20000,1635900.0,False
544555,AMEENJI,AMEENJI RUBBER LIMITED,INE14QA01016,MT,272.1,21600,5852640.0,False
544556,DHILLON,Dhillon Freight Carrier Limite,INE0SPJ01011,M,31.73,40000,1269360.0,False
544557,GLOTTIS,Glottis Limited,INE0TQE01026,B,58.47,12129,725472.0,True
544558,FABTECH,Fabtech Technologies Limited,INE0HF201011,B,142.95,1853,262760.0,True
544560,SODHACAP,SODHANI CAPITAL LIMITED,INE0QU501030,M,70.5,14000,985340.0,False
544561,CHIRAHARIT,Chiraharit Limited,INE12P101018,M,11.0,24000,271800.0,False
544562,ADVANCE,Advance Agrolife Limited,INE1B0W01010,B,117.1,18290,2178637.0,True
544563,ZELIO,Zelio E Mobility Limited,INE1B3501014,MT,1056.05,12000,12672375.0,False
544564,OMFREIGHT,Om Freight Forwarders Limited,INE1BZC01019,T,96.83,2864,276105.0,True
544566,SUNSKY,Sunsky Logistics Limited,INE10CM01027,M,42.63,15000,618030.0,False
544567,INFINITY,Infinity Infoway Limited,INE16XA01017,M,546.9,800,428760.0,False
544568,ZAPPFRESH,DSM Fresh Foods Limited,INE0SUM01015,M,60.52,33600,2074944.0,False
544569,TMCV,Tata Motors Limited,INE1TAE01010,B,415.3,523062,214478476.0,True
544570,WEWORK,WeWork India Management Limite,INE085001019,B,659.0,4108,2698814.0,True
544572,SKFINDUS,SKF INDIA (INDUSTRIAL) LIMITED,INE2J8701016,B,2733.15,1763,4761712.0,True
544574,TATACAP,Tata Capital Limited,INE976I01016,A,319.45,227282,72261707.0,True
544575,MITTALSTL,Mittal Sections Limited,INE833Q01012,M,25.56,2000,51560.0,False
544576,LGEINDIA,LG Electronics India Limited,INE324D01010,B,1719.5,45371,77834351.0,True
544578,RUBICON,RUBICON RESEARCH LIMITED,INE506V01022,B,1634.2,17357,28497062.0,True
544580,CRAMC,Canara Robeco Asset Management,INE218I01013,B,216.5,41602,9132008.0,True
544582,SHLOKKA,SHLOKKA DYES LIMITED,INE1EUB01016,M,29.1,21600,651060.0,False
544583,CANHLIFE,Canara HSBC Life Insurance Com,INE01TY01017,B,143.85,77742,11191886.0,True
544584,SKM,SK Minerals & Additives Limite,INE13YH01017,MT,467.5,4000,1878600.0,False
544585,SIHORA,SIHORA INDUSTRIES LIMITED,INE0SFA01011,M,60.0,4000,240000.0,False
544586,NIFTYCASE,Zerodha Mutual Fund,INF0R8F01166,B,9.04,317799,2873385.0,False
544587,MIDWESTLTD,Midwest Limited,INE0XAD01024,B,900.5,1596,1411341.0,True
544594,TRADEUNO,GAME CHANGERS TEXFAB LIMITED,INE1GUJ01014,M,97.95,8400,807480.0,False
544595,ORKLAINDIA,Orkla India Limited,INE16NZ01023,B,536.55,2918,1562152.0,True
544596,SAFECURE,Safecure Services Limited,INE0SVZ01015,M,24.88,3600,90156.0,False
544597,PIRAMALFIN,Piramal Finance Limited,INE202B01038,B,2024.4,39046,78919547.0,True
544598,ACCURACY,Accuracy Shipping Limited,INE648Z01023,T,4.2,11217,46331.0,True
544599,STUDDS,Studds Accessories Limited,INE00Q601028,B,398.7,4271,1682676.0,True
544600,LENSKART,Lenskart Solutions Limited,INE956O01016,B,691.45,215717,147669341.0,True
544601,CHOICEGOLD,Choice Mutual Fund,INF2KCX01012,E,145.01,381,55500.0,False
544602,AGL,Allcargo Global Limited,INE1YPB01014,B,12.62,695171,8753358.0,True
544603,GROWW,Billionbrains Garage Ventures,INE0HOQ01053,B,180.2,665313,120756929.0,True
544604,ENERGY,Mirae Asset Mutual Fund,INF769K01PR2,B,36.79,8324,304596.0,False
544605,SMALL250,Mirae Asset Mutual Fund,INF769K01PQ4,B,17.67,131031,2307828.0,False
544606,PINELABS,Pine Labs Limited,INE15B701018,B,167.55,1323293,224604672.0,True
544607,SHTL,SHINING TOOLS LIMITED,INE0D8001018,MT,164.0,19200,3078660.0,False
544608,EMMVEE,Emmvee Photovoltaic Power Limi,INE1C6T01020,B,306.2,261046,80017787.0,True
544609,PWL,Physicswallah Limited,INE0LP301011,B,120.15,373938,45093673.0,True
544610,WORKMATES,WORKMATES CORE2CLOUD SOLUTION,INE1I1301016,M,371.45,30000,11330520.0,False
544611,MAHALIFE,MAHAMAYA LIFESCIENCES LIMITED,INE0U9D01019,M,176.1,12000,2157900.0,False
544612,TENNIND,Tenneco Clean Air India Limite,INE19RI01016,B,494.6,590238,294112433.0,True
544613,UTLSOLAR,Fujiyama Power Systems Limited,INE12UR01024,B,402.45,20968,8245989.0,True
544614,CAPILLARY,Capillary Technologies India L,INE0ILV01024,B,555.3,14855,8098085.0,True
544615,KSR,KSR Footwear Limited,INE1SPP01016,T,38.8,690,27504.0,True
544616,GALLARD,Gallard Steel Limited,INE0BUQ01012,M,164.1,57000,9320150.0,False
544617,EXCELSOFT,Excelsoft Technologies Limited,INE606N01019,B,78.45,65690,5209875.0,True
544618,ESENSEX,Edelweiss Mutual Fund,INF754K01VY8,B,74.03,24,1740.0,False
544619,SUDEEPPHRM,Sudeep Pharma Limited,INE0QPI01025,B,1200.2,13360,15958930.0,True
544622,KWIL,Kwality Walls (India) Limited,INE2KCE01013,B,38.41,938313,36096276.0,True
544623,MNFL,Mother Nutri Foods Limited,INE0UH001016,M,152.1,64800,9804240.0,False
544624,KKSILK,K K SILK MILLS LIMITED,INE0EOJ01014,M,9.21,9000,82890.0,False
544625,LOGICIEL,Logiciel Solutions Limited,INE1BA901016,M,29.0,4200,122910.0,False
544626,EXATO,EXATO TECHNOLOGIES LIMITED,INE1E4401010,MT,625.65,9500,5947925.0,False
544627,PURPLEWAVE,PURPLE WAVE INFOCOM LIMITED,INE0VDK01019,MT,342.35,2000,668400.0,False
544628,ASTRONMULT,Astron Multigrain Limited,INE0RUY01012,M,14.32,20000,344320.0,False
544629,RAVEL,Ravelcare Limited,INE0W4D01018,M,101.0,1000,101000.0,False
544631,CNL,CREATIVE NEWTECH LIMITED,INE985W01018,B,1078.8,7157,7678897.0,True
544632,MEESHO,Meesho Limited,INE0VDM01015,B,218.75,286974,63582547.0,True
544633,VIDYAWIRES,VIDYA WIRES LIMITED,INE14UN01029,B,90.93,102273,9333020.0,True
544634,AEQUS,Aequs Limited,INE947N01017,B,274.9,355455,98060014.0,True
544635,LUXURY,Luxury Time Limited,INE1CJB01013,M,72.62,19200,1389360.0,False
544636,WOSAL,Western Overseas Study Abroad,INE1MF401019,M,18.45,18000,315180.0,False
544637,METHODHUB,Methodhub Software Limited,INE0QZR01017,M,68.49,48600,3339768.0,False
544640,RDEL,Riddhi Display Equipments Limi,INE1DKT01011,M,28.5,1200,34200.0,False
544641,KVTOYS,K. V. TOYS INDIA LIMITED,INE1IE301018,M,266.95,6000,1587420.0,False
544642,WAKEFIT,Wakefit Innovations Limited,INE0E7301029,B,139.95,8842,1245373.0,True
544644,CORONA,Corona Remedies Limited,INE02ZQ01018,B,2029.95,2599,5260502.0,True
544645,PARKHOSPS,PARK MEDI WORLD LIMITED,INE119201023,B,270.5,41112,11114261.0,True
544646,SHIPWAVES,Shipwaves Online Limited,INE0O9L01010,M,3.35,70000,237000.0,False
544647,NEPHROPLUS,Nephrocare Health Services Lim,INE428V01029,B,647.05,24368,15727144.0,True
544656,HRS,HRS ALUGLAZE LIMITED,INE1E1V01017,M,262.0,8400,2225200.0,False
544657,PAJSON,Pajson Agro India Limited,INE14LM01012,M,214.0,5400,1152540.0,False
544658,ICICIAMC,ICICI Prudential Asset Managem,INE346A01027,A,3091.4,65911,203259907.0,True
544660,TOP20,Mirae Asset Mutual Fund,INF769K01PZ5,B,8.31,5142,42681.0,False
544661,DIVIDEND,Mirae Asset Mutual Fund,INF769K01PY8,B,33.67,3373,113654.0,False
544662,SIMANDHAR,SIMANDHAR IMPEX LIMITED,INE0VI201010,X,141.95,19,2695.0,False
544663,NEPLOG,NEPTUNE LOGITEK LIMITED,INE1NQ501012,M,34.0,2000,66600.0,False
544664,KSHINTL,KSH INTERNATIONAL LIMITED,INE987S01020,B,1028.15,12353,12535158.0,True
544665,GLOBALLOG,Global Ocean Logistics India L,INE1ITY01011,M,99.47,8000,777760.0,False
544666,GKSL,GUJARAT KIDNEY AND SUPER SPECI,INE0V0W01025,B,194.2,1344700,268353818.0,True
544667,DACHEPALLI,Dachepalli Publishers Limited,INE1F9M01018,M,100.58,14400,1404252.0,False
544668,NANTA,NANTA TECH LIMITED,INE0YJA01011,M,333.05,39600,13233210.0,False
544669,ADMACH,ADMACH SYSTEMS LIMITED,INE0XLO01010,MT,499.85,8400,4275450.0,False
544670,BAIKAKAJI,BAI-KAKAJI POLYMERS LIMITED,INE1IJQ01026,MT,289.0,26400,7544010.0,False
544671,ATIL,APOLLO TECHNO INDUSTRIES LIMIT,INE0X4A01013,M,88.0,11000,969850.0,False
544672,TWCGOLDETF,The Wealth Company Mutual Fund,INF2F0001370,E,147.97,8,1184.0,False
544673,MDRC,MODERN DIAGNOSTIC & RESEARCH C,INE1HK501016,M,71.9,22400,1589376.0,False
544675,GTIL,Gabion Technologies India Limi,INE1H1501013,MT,129.7,56000,7319120.0,False
544676,YAJUR,YAJUR FIBRES LIMITED,INE0CNJ01010,MT,36.0,2400,87360.0,False
544678,BHARATCOAL,BHARAT COKING COAL LIMITED,INE05XR01022,B,31.73,1141241,36425039.0,True
544679,AMAGI,Amagi Media Labs Limited,INE121R01077,B,553.35,25240,13912371.0,True
544680,NARMADESH,Narmadesh Brass Industries Lim,INE0S1B01014,M,300.6,240,72144.0,False
544681,INDOSMC,INDO SMC Limited,INE0WKY01013,M,505.2,60000,29943400.0,False
544682,GRERENEW,GRE Renew Enertech Limited,INE0U8P01015,M,233.0,62400,14550480.0,False
544683,ARITAS,Aritas Vinyl Limited,INE1D8001016,M,13.45,21000,278340.0,False
544684,DIGILOGIC,DIGILOGIC SYSTEMS LIMITED,INE1OOT01028,MT,203.45,102000,20565900.0,False
544685,SHADOWFAX,SHADOWFAX TECHNOLOGIES LIMITED,INE12UN01015,B,273.1,290090,79106280.0,True
544686,SHAYONAENG,SHAYONA ENGINEERING LIMITED,INE0UCL01011,M,133.35,5000,677900.0,False
544687,HANNAH,Hannah Joseph Hospital Limited,INE0JVH01012,M,101.8,48000,4918400.0,False
544688,KASTURI,KASTURI METAL COMPOSITE LIMITE,INE0T1301023,M,66.0,26000,1726640.0,False
544693,KANISHK,KANISHK ALUMINIUM INDIA LIMITE,INE163401016,M,25.89,3200,82864.0,False
544695,MSAFE,Msafe Equipments Limited,INE2B5L01011,MT,264.8,105000,27773950.0,False
544698,PANHR,PAN HR SOLUTION LIMITED,INE1N9E01015,M,43.55,1600,69680.0,False
544699,AYE,Aye Finance Limited,INE501X01029,B,163.2,59509,9415267.0,True
544700,FRACTAL,Fractal Analytics Limited,INE212S01015,B,727.4,31224,22610309.0,True
544701,HEALTHCARE,Mirae Asset Mutual Fund,INF769K01QA6,B,21.08,49116,1026311.0,False
544702,DCMSIL,DCM SHRIRAM INTERNATIONAL LIMI,INE0OU201013,B,80.05,23158,1838343.0,True
544703,DSFCL,DCM SHRIRAM FINE CHEMICALS LIM,INE0OFM01015,T,27.9,5720,164211.0,True
544704,INFRA,Mirae Asset Mutual Fund,INF769K01QB4,B,11.38,4799,54607.0,False
544705,DEFENCE,Mirae Asset Mutual Fund,INF769K01QC2,B,76.27,7151,543984.0,False
544707,FIL,Fractal Industries Limited,INE1W3Q01011,M,213.5,114000,24244890.0,False
544708,YASHHTEJ,Yashhtej Industries (India) Li,INE1O6P01016,M,52.7,9600,509400.0,False
544709,GAUDIUMIVF,Gaudium IVF and Women Health L,INE0P8B01020,B,109.75,45347,4896936.0,True
544710,ACCORDTS,ACCORD TRANSFORMER & SWITCHGEA,INE132201018,M,80.52,282000,23264190.0,False
544711,KIAASA,KIAASA RETAIL LIMITED,INE1C3F01018,M,29.0,18000,523180.0,False
544716,SRTL,SHREE RAM TWISTEX LIMITED,INE19GK01015,B,36.92,3046,111726.0,True
544717,CLEANMAX,Clean Max Enviro Energy Soluti,INE647U01026,B,1299.95,18896,24868892.0,True
544718,PNGSREVA,PNGS Reva Diamond Jewellery Li,INE1RDG01013,B,503.15,16733,8418687.0,True
544720,OMNI,Omnitech Engineering Limited,INE0UH301010,B,608.6,254166,151260428.0,True
544721,GROWWHOSPI,Groww Mutual Fund,INF666M01OD9,B,47.93,98533,4685494.0,False
544723,SEDEMAC,SEDEMAC MECHATRONICS LIMITED,INE00XB01019,B,3427.75,8947,30468852.0,True
544724,ELFIN,Elfin Agro India Limited,INE1FEW01013,M,86.92,60000,5346300.0,False
544726,KOTYARK,Kotyark Industries Limited,INE0J0B01017,B,28.36,24523,702226.0,True
544731,RSL,RAJPUTANA STAINLESS LIMITED,INE313L01016,B,174.3,73342,12752424.0,True
544732,INNOVISION,Innovision Limited,INE0ADB01012,B,254.95,1271,322139.0,True
544733,GSPCROP,GSP CROP SCIENCE LIMITED,INE713R01022,B,454.5,7370,3370191.0,True
544735,NOVUS,Novus Loyalty Limited,INE1TFS01019,M,218.75,178000,39798300.0,False
544736,HSBCGOLD,HSBC Mutual Fund,INF336L01RX2,E,128.32,432,55321.0,False
544737,VALUE,Mirae Asset Mutual Fund,INF769K01QV2,B,15.14,5195,78737.0,False
544738,SPML,SPECIALITY MEDICINES LIMITED,INE0R0M01014,M,156.5,7000,1095000.0,False
544739,CMPDI,Central Mine Planning & Design,INE05HV01027,B,204.5,174335,35162651.0,True
544740,TIPCO,Tipco Engineering India Limite,INE1U6D01014,MT,315.95,182400,57975040.0,False
544741,HIGHNESS,Highness Microelectronics Limi,INE1KI801019,MT,251.95,38400,9674880.0,False
544742,SAIPARENT,Sai Parenteral's Limited,INE0H9F01037,B,522.9,4841,2536560.0,True
544743,AEROPLANE,Amir Chand Jagdish Kumar (Expo,INE05TO01019,B,208.35,42781,8917565.0,True
544744,POWERICA,Powerica Ltd.,INE921L01032,B,590.7,47240,28081546.0,True
544746,SCDL,SAFETY CONTROLS & DEVICES LIMI,INE0UMH01018,M,71.37,46400,3353840.0,False
544747,EMIAC,EMIAC TECHNOLOGIES LIMITED,INE1OSW01015,M,88.9,7200,633096.0,False
544748,ONEPOINT,ONE POINT ONE SOLUTIONS LIMITE,INE840Y01029,B,74.32,496434,36657414.0,True
544750,OMPOWER,OM POWER TRANSMISSION LIMITED,INE25E901019,B,158.4,7799,1226656.0,True
544751,MTL,MEHUL TELECOM LIMITED,INE1K0V01011,M,133.05,66000,8767500.0,False
544754,KISSHT,OnEMI Technology Solutions Lim,INE12F801023,B,372.0,177526,66026282.0,True
544755,RECODE,RECODE STUDIOS LIMITED,INE2B6701015,MT,450.0,22400,10190160.0,False
544756,UNITEDPOLY,United Polyfab Gujarat Limited,INE368U01029,B,46.72,30262,1426093.0,True
544757,BSHSL,BOMBAY SUPER HYBRID SEEDS LIMI,INE032Z01020,B,85.0,1955,163698.0,True
544759,GLPL,GOLDLINE PHARMACEUTICAL LIMITE,INE1CLW01015,M,30.97,39000,1186650.0,False
544761,ENEXT50,Edelweiss Mutual Fund,INF754K01XF3,B,68.9,614,42305.0,False
544764,MWL,Mangalam Worldwide Limited,INE0JYY01029,B,42.92,18614,798099.0,True
544765,VPAL,Vegorama Punjabi Angithi Limit,INE1L3801017,MT,238.0,20800,4943760.0,False
544766,MSCI360,360 ONE Mutual Fund,INF579M01BP5,B,9.89,3932,37482.0,False
544767,AFLTD,Autofurnish Limited,INE18HI01019,MT,102.8,21000,2109840.0,False
544768,MANIVENI,M.R.MANIVENI FOODS LIMITED,INE0YD301010,M,25.0,12000,307100.0,False
544769,HARIKANTA,HARIKANTA OVERSEAS LIMITED,INE1UYW01010,M,59.9,8400,501060.0,False
544770,YAASHVI,YAASHVI JEWELLERS LIMITED,INE1T6L01010,M,77.38,41600,3245312.0,False
544771,RFIL,Rajnandini Fashion India Limit,INE1GM501015,M,25.11,28000,722600.0,False
544772,AUREATE,AUREATE TRADDE LIMITED,INE1KVL01010,M,49.55,76000,3799080.0,False
544773,MRTX,Merritronix Limited,INE1RQS01010,M,432.15,249000,107918600.0,False
544774,SMR,SMR Jewels Limited,INE11XK01017,M,93.05,9000,852590.0,False
544777,CMRGREEN,CMR Green Technologies Limited,INE00WV01027,B,223.65,85620,19066178.0,True
544778,VAHH,Vahh Chemicals Limited,INE0H3U01013,M,48.0,2000,96000.0,False
544779,UHMVL,UHM Vacation Limited,INE0YZ901011,M,35.11,5600,198096.0,False
544780,VAML,Vedanta Aluminium Metal Limite,INE1CDF01017,B,402.85,550017,223204612.0,True
544781,VEDPOWER,Vedanta Power Limited,INE694L01019,B,32.8,2102595,68444379.0,True
544782,VOGL,Vedanta Oil and Gas Limited,INE704J01044,B,32.0,2879647,92393126.0,True
544783,E2E,E2E Networks Limited,INE255Z01027,T,648.15,39961,25529150.0,True
544784,VISL,Vedanta Iron and Steel Limited,INE1CLE01013,B,31.28,2501079,78540161.0,True
544785,HEXAGON,Hexagon Nutrition Limited,INE0JUI01012,T,70.39,31307,2177440.0,True
544786,SELECTRIC,Schneider Electric President S,INE155D01018,B,2052.25,8442,17734631.0,False
544793,SUSAN,Susan Electricals India Limite,INE2L0V01019,MT,309.95,132000,40320450.0,False
544794,HORIZON,HORIZON RECLAIM (INDIA) LIMITE,INE1SEO01013,M,136.0,34800,4766400.0,False
544796,LIOTECH,LIOTECH INDUSTRIES LIMITED,INE0TKX01011,M,119.95,18000,2292520.0,False
544797,LESL,LEAPFROG ENGINEERING SERVICES,INE0X6O01027,M,21.4,30000,643860.0,False
544799,TURTLEMINT,Turtlemint Fintech Solutions L,INE0OC301013,B,69.79,234526,16827689.0,True
544800,ANUBHAV,ANUBHAV PLAST LIMITED,INE1O7201010,M,47.8,1600,76480.0,False
544801,GSPLTRANS,GSPL Transmission Limited,INE1TUG01013,T,137.2,6825,936390.0,True
544802,CORDELIA,Waterways Leisure Tourism Limi,INE0LZF01039,B,100.8,203407,20378214.0,True
544803,RAMBHAJO,Advit Jewels Limited,INE1SJO01012,B,289.55,31697,9175237.0,True
544804,RIYAASAT,Riyaasat Lifestyle Limited,INE0KYI01012,M,101.0,24000,2584920.0,False
544805,JIVIAL,Jivial Industries Limited,INE0V3T01017,M,77.74,1200,93288.0,False
544806,CSM,CSM TECHNOLOGIES LIMITED,INE0ZK601013,B,94.19,19370,1845924.0,True
544807,CRAZY,CRAZY SNACKS LIMITED,INE0RBX01014,M,54.0,3000,162000.0,False
544808,AASTHA,AASTHA SPINTEX LIMITED,INE2FMX01012,B,32.54,136298,4460085.0,True
544809,ADON,ADON AGRO COMMODITIES LIMITED,INE1SME01017,M,89.81,72000,6397720.0,False
544810,SILL,Sampark India Logistics Limite,INE147701010,M,110.5,68800,7625760.0,False
544811,KRATIKAL,KRATIKAL TECH LIMITED,INE1L0M01019,M,173.0,3000,514000.0,False
544812,ATHARVA,Atharva Poly-Plast Limited,INE226801012,MT,126.6,68000,8663100.0,False
544813,SEEMAX,Seemax Resources Limited,INE1EVO01017,M,62.31,4000,248910.0,False
544814,KNACK,KNACK PACKAGING LIMITED,INE17QZ01016,B,181.0,17698,3196510.0,True
544821,KUSUMGAR,Kusumgar Limited,INE0ISX01025,B,592.35,70097,41627274.0,True
544822,LASERPOWER,Laser Power & Infra Limited,INE17IR01028,B,262.9,65015,16914622.0,True
544823,DEVSON,DEVSON CATALYST LIMITED,INE2KRP01017,MT,337.5,48000,16135500.0,False
544825,ALPINETEX,ALPINE TEXWORLD LIMITED,INE1JCQ01037,B,46.7,45128,2103019.0,True
544826,MILLWORKS,MILLWORKS TECHNOLOGIES LIMITED,INE1SRC01010,M,1135.5,156800,179087920.0,False
544827,BANK10BETF,Bajaj Finserv Mutual Fund,INF0QA701CI0,B,19.97,834614,16738119.0,False
544829,SBIFUNDS,SBI Funds Management Limited,INE640G01020,A,500.5,220741,110899101.0,True
544830,MOMMIDCAP,Mirae Asset Mutual Fund,INF769K01RC0,B,12.31,315695,3887149.0,False
544831,MEEIND,MEENAKSHI INDIA LIMITED,INE208H01016,B,363.85,8421,3186034.0,False
544832,SOTEFIN,Sotefin Bharat Limited,INE12Z301012,M,258.95,38400,10018560.0,False
544833,CMLL,CALIBER MINING AND LOGISTICS L,INE11XY01018,B,522.45,35752,18573752.0,True
544834,GULFLLOYDS,GULF LLOYDS (INDIA) LIMITED,INE1WDC01012,M,30.06,12000,372456.0,False
544835,MALA,Shree Balaji (Mala) Textiles L,INE1N3Y01016,M,49.99,2000,99980.0,False
544837,INDOMIM,INDO-MIM Limited,INE084101034,B,1272.6,411815,514386785.0,True
544838,XTRANET,XTRANET TECHNOLOGIES LIMITED,INE0NG701011,B,272.25,113117,31719340.0,True
544839,LCL,Lohia Corp Limited,INE0QJW01029,B,552.1,14437,7931273.0,True
544840,SSPRL,SILVERSTORM PARKS AND RESORTS,INE1EJ401023,M,129.0,2000,258000.0,False
544841,HYBRIDETF,Mirae Asset Mutual Fund,INF769K01RJ5,F,9.75,633,6160.0,False
544843,ADVANCETL,ADVANCE TECHNOFORGE LIMITED,INE13ZJ01010,M,72.91,18000,1297308.0,False
544844,PPEL,POOJAA PRECISION ENGG. LIMITED,INE288301026,M,783.35,81200,64551660.0,False
544846,ELMDIV,Edelweiss Mutual Fund,INF754K01XI7,B,34.13,339,11564.0,False
544847,MANIPALHOS,Manipal Health Enterprises Lim,INE459N01021,B,695.75,160573,111864997.0,True
544848,HRHYGIENE,H. R. HYGIENE PRODUCTS LIMITED,INE17DP01015,M,63.0,9600,616960.0,False
544849,EBANK10,Edelweiss Mutual Fund,INF754K01XH9,B,16.0,597,9517.0,False
544850,AARVI,Aarvi Encon Limited,INE754X01016,B,136.45,3473,464881.0,True
544851,MVELECTRO,MV ELECTROSYSTEMS LIMITED,INE0OWZ01020,B,837.5,117519,97972380.0,True
544852,ONEINDIG,Oneindig Technologies Limited,INE0UR501013,M,130.15,55200,7235400.0,False
544853,JNPR,Juniper Green Energy Limited,INE05C901015,B,269.95,44247,11883688.0,True
544854,DHAVAL,Dhaval Packaging Limited,INE1HX301016,M,118.7,46800,5661360.0,False
544855,PRIMAINNO,Prima Innovation Limited,INE13LA01027,X,26.98,4204,117230.0,False
544856,KLASSROOM,FUSION KLASSROOM EDUTECH LIMIT,INE1LMA01010,M,165.0,5600,946080.0,False
544858,AEGEUS,AEGEUS TECHNOLOGIES LIMITED,INE0WR901013,M,125.2,48000,6008340.0,False
544859,GVELECTRIC,G V ELECTRICALS LTD,INE1ZGR01024,M,129.2,99000,12705650.0,False
544860,ARDEE,Ardee Industries Limited,INE0XNF01022,B,48.92,322856,15946920.0,True
544861,SWARAJ,Swaraj Suiting Limited,INE0GMR01016,T,379.95,7353,2794549.0,True
544862,SOLEX,Solex Energy Limited,INE880Y01017,B,670.1,6240,4176257.0,True
544863,LAPL,LAPL AUTOMOTIVE LIMITED,INE0X9I01023,M,101.65,21600,2206680.0,False
544864,TECHNOCRAF,Technocraft Ventures Limited,INE1D0W01018,B,475.3,35502,16884686.0,True
544865,LEAPIND,LEAP India Limited,INE00GO01025,B,136.85,64316,8720534.0,True
544866,MOLBIO,MOLBIO DIAGNOSTICS LIMITED,INE869T01028,B,1515.1,1343085,1968148019.0,True
544867,DHOOTTRANS,Dhoot Transmission Limited,INE01NH01023,B,1443.2,112897,164182853.0,True
544868,MILKYMIST,Milky Mist Dairy Food Limited,INE00IT01020,T,307.15,99415,30581548.0,True
544869,SHAMFOAM,Sham Foam Limited,INE0Z9N01013,M,80.05,76000,6106650.0,False
544870,BLEL,BEHARI LAL ENGINEERING LIMITED,INE1EEM01017,B,468.25,175820,84404304.0,True
544871,SHIPROCKET,Shiprocket Limited,INE0FOO01011,B,119.85,124502,14856631.0,True
544872,QTFOODS,Q&T FOODS LIMITED,INE13G401012,M,34.0,27600,939912.0,False
544873,NIFTYJBLK,Jio BlackRock Mutual Fund,INF22M001184,B,11.56,30755,354264.0,False
544874,LARGEMID50,Mirae Asset Mutual Fund,INF769K01RK3,B,34.03,11541,395341.0,False
544876,ENS,ENS Enterprises Limited,INE23ER01017,M,101.2,27600,2793780.0,False
544877,TECHNOCRAT,Technocrats Plasma Systems Lim,INE19QK01022,MT,409.0,50000,20409650.0,False
544879,LALITHAA,Lalithaa Jewellery Mart Limite,INE0K9O01026,B,388.55,768994,292413404.0,True
544880,HORIZONIND,Horizon Industrial Parks Limit,INE685T01010,B,48.63,248027,12189151.0,True
544881,SUNSHINE,Sunshine Pictures Limited,INE1B3O01011,B,452.6,11042,5019957.0,True
544882,SHANKESH,Shankesh Jewellers Limited,INE1WFC01025,B,87.99,200793,17831725.0,True
544883,MOPSHOP,MOPSHOP DISTRIBUTION LIMITED,INE2F5H01015,M,36.39,121000,4419960.0,False
544884,DHANWEL,Dhanwel Hybrid Seeds Limited,INE0VWO01011,M,45.5,20400,929628.0,False
544885,GAJA,Gaja Alternative Asset Managem,INE18UN01038,B,135.3,53253,7269365.0,True
544886,TEMPSENS,TEMPSENS INSTRUMENTS (INDIA) L,INE1KZI01025,B,505.45,51479,26503032.0,True
544888,AUGMONT,Augmont Enterprises Limited,INE16W401027,B,1203.55,407126,483030227.0,True
544889,SYMBIOTEC,SYMBIOTEC PHARMALAB LIMITED,INE899I01028,B,1199.3,219919,265099909.0,True
544890,SKYWAYS,SKYWAYS AIR SERVICES LIMITED,INE0PX301025,B,110.4,217277,24099575.0,True
544891,HTEL,Hy-Tech Engineers Limited,INE0LEG01024,B,73.11,180695,13185997.0,True
544893,ANNU,Annu Projects Limited,INE103001017,B,47.06,89060,4233999.0,True
544894,LUMINO,LUMINO INDUSTRIES LIMITED,INE185Q01025,B,96.5,545004,53225113.0,True
544895,KWICK,KWICK FORENSIC SOLUTIONS LIMIT,INE1SFA01019,M,178.8,771200,135575360.0,False
544897,PALUCK,Paluck Technologies Limited,INE0LHB01010,M,44.7,72000,3223740.0,False
544898,ESDS,ESDS Software Solution Limited,INE0DRI01029,B,1431.7,13317,19065948.0,True
544899,PRIORITY,Priority Jewels Limited,INE15EH01014,B,289.9,34946,10146292.0,True
544900,CSML,COMPLETE SPORTS AND MANAGEMENT,INE2K6801014,M,203.0,18000,3655800.0,False
544901,PERNIASPOP,PURPLE STYLE LABS LIMITED,INE0I1B01016,B,538.2,6912,3673129.0,True
544902,PHYCHEM,Phychem Technologies Limited,INE24YP01017,M,48.0,4000,193000.0,False
544903,DEEPA,Deepa Jewellers Limited,INE1M2N01020,B,192.3,357346,69040208.0,True
544904,FLYHI,FLY-HI MARITIME TRAVELS LIMITE,INE2J7801015,M,39.37,94800,3703560.0,False
544905,FARMPEACE,Farm Peace Limited,INE0W2E01010,M,41.38,166000,7024900.0,False
544906,MOMSBELIEF,Rays of Belief Limited,INE1FCO01014,B,226.9,9090,2080961.0,True
544907,FINANCE,Seksaria Finance Limited,INE0IBX01013,XT,50.3,1,50.0,False
544908,DOLLEX,Dollex Agrotech Limited,INE0JHH01011,B,38.87,5944,225605.0,True
544909,PRANAV,PRANAV CONSTRUCTIONS LIMITED,INE0H4201019,B,97.56,149787,14668439.0,True
544910,APANA,Apana Logistics Limited,INE1ET101019,M,26.22,10000,262200.0,False
544911,KANOHAR,Kanohar Electricals Limited,INE877D01025,B,904.85,455247,404501807.0,True
544912,PRASOLCHEM,Prasol Chemicals Limited,INE455U01024,B,814.65,79894,64728288.0,True
544913,GLASSWALL,Glass Wall Systems (India) Lim,INE644Q01039,B,270.75,746664,203734726.0,True
544914,STEAMHOUSE,Steamhouse India Limited,INE0FRO01022,B,106.3,356283,38313549.0,True
544915,RENTOMOJO,Rentomojo Limited,INE08T701025,B,525.65,141905,73139104.0,True
544916,MPIMANIPAL,Manipal Payment and Identity S,INE241U01028,B,402.55,304392,123707501.0,True
544917,KARAMTARA,KARAMTARA ENGINEERING LIMITED,INE590T01012,B,411.05,1166920,482458408.0,True
544918,LCCPROJECT,LCC PROJECTS LIMITED,INE1FPN01026,B,151.7,99073,15032135.0,True
544919,INFRAX,INFRAX RENEWABLE LIMITED,INE1YC401018,M,114.5,75600,8539620.0,False
544920,AMTECH,Amtech Esters Limited,INE0RMA01019,M,120.6,168000,19902240.0,False
544921,ARCIL,ASSET RECONSTRUCTION COMPANY (,INE148G01016,B,139.95,215777,30523575.0,True
544922,OMG,OM GALAXY LIMITED,INE2D0Q01027,MT,89.44,24000,2130992.0,False
544923,VEEGALAND,Veegaland Developers Limited,INE1JTV01015,T,141.45,29564,4195147.0,True
544924,RAKSAN,Raksan Transformers Limited,INE1S7M01017,MT,273.2,71200,19371640.0,False
544925,SPEEDEX,MAHARAJA & SPEEDEX INDIA LIMIT,INE0SVD01012,MT,257.6,104400,27195120.0,False
544928,CENTURYOOH,Century Business Media Limited,INE16VF01010,MT,69.7,46400,3242784.0,False
544929,MANIKA,MANIKA PLASTECH LIMITED,INE0KWF01020,T,42.07,16613,700319.0,True
544930,INJECTO,INJECTO POLYMERS LIMITED,INE1JJF01019,MT,97.25,39600,3903840.0,False
544932,QAL,Quanto Agroworld Limited,INE0OAB01019,MT,64.9,104000,6726540.0,False
544933,SHAKTIPOLY,SHAKTI POLYTARP LIMITED,INE05UY01016,MT,53.3,32000,1719880.0,False
544934,SSRETAIL,SS Retail Limited,INE1EQW01028,B,716.4,1019707,737253855.0,True
544935,JSIPL,JINDAL SUPREME (INDIA) LIMITED,INE1DLO01028,T,171.45,330802,56423542.0,True
544936,HEROMOTORS,HERO MOTORS LIMITED,INE012G01022,B,167.8,10632723,1742120049.0,True
544937,NSE,National Stock Exchange of Ind,INE721I01024,A,1741.3,3181906,5567072720.0,False
544938,SONA,SONASELECTION INDIA LIMITED,INE0LLZ01011,T,92.36,49373,4599079.0,True
544939,VIVEKANAND,VIVEKANAND COTSPIN LIMITED,INE1JJP01018,MT,43.15,141000,6070350.0,False
544940,ROBOKIDZ,ROBOKIDZ EDUVENTURES LIMITED,INE1W8R01018,MT,221.1,267600,59374620.0,False
544941,FXML,FX Multitech Limited,INE1D0M01019,MT,120.6,164400,19938300.0,False
544942,VARMORA,Varmora Granito Limited,INE0M5301040,B,133.8,235106,32529302.0,True
544943,HNIL,HIMALAYA NUTRAVEDICS INDIA LIM,INE1OTR01013,MT,122.6,223200,25674540.0,False
544944,ANAND,Anand Seamless Limited,INE0XDX01018,MT,72.0,81600,5877920.0,False
544945,ELEVATE,Elevate Campuses Limited,INE147X01013,B,343.7,1372612,467217683.0,True
544946,LIQVD,LIQVD DIGITAL INDIA LIMITED,INE0CJT01025,MT,48.5,4000,194000.0,False
544947,SKOFFSET,S.K. OFFSET LIMITED,INE2MKZ01017,MT,120.05,18000,2226100.0,False
544948,UNITEC,UNITEC FIBRES LIMITED,INE0WOK01014,MT,95.13,310400,29207392.0,False
544949,SWASTIKAIN,SWASTIKA INFRA LIMITED,INE1QJA01015,T,216.1,161553,33327892.0,True
544950,ADROITIND,Adroit Industries (India) Limi,INE505M01015,T,235.95,683889,169805278.0,True
544951,ARMEE,ARMEE INFOTECH LIMITED,INE0TWE01016,B,273.05,354996,97445916.0,True
544952,AONESTEELS,A-ONE STEELS INDIA LIMITED,INE0OTC01025,B,417.0,1819106,791975754.0,True
544953,MONEYVIEW,Moneyview Limited,INE0PTN01011,B,54.03,75163744,4268867670.0,True
544954,ROOPA,Roopa Screen Limited,INE2BTZ01011,MT,115.52,1682000,206771740.0,False
544955,PESHWA,Peshwa Wheat Limited,INE0SR101016,MT,95.05,450000,44991240.0,False
555555,SENSEXIETF,ICICI Prudential BSE Sensex ET,INF346A01034,B,828.84,2337,1945716.0,False
570002,FELDVR,Future Enterprises Limited,IN9623B01058,Z,2.06,500,1030.0,True
570004,JISLDVREQS,JAIN IRRIGATION SYSTEMS LTD.,IN9175A01010,B,18.88,3098,58710.0,True
570005,GATECHDVR,GACM Technologies Limited - DV,INE224E01036,T,0.47,56149,26010.0,True
590003,KARURVYSYA,KARUR VYSYA BANK LTD.,INE036D01028,B,325.05,132589,43165016.0,True
590005,VEEDOL,VEEDOL CORPORATION LIMITED,INE484C01030,B,1356.8,1036,1402717.0,True
590006,AMRUTANJAN,AMRUTANJAN HEALTH CARE LTD.,INE098F01031,B,513.8,4093,2082893.0,True
590013,XPROINDIA,XPRO INDIA LTD.,INE445C01015,B,1136.4,1474,1676259.0,True
590018,HISARMETAL,HISAR METAL INDUSTRIES LTD.,INE598C01011,B,152.15,5,745.0,True
590021,BHARATRAS,BHARAT RASAYAN LTD.,INE838B01021,B,998.7,2411,2389812.0,True
590022,EASTSILK,EASTERN SILK INDUSTRIES LTD.,INE962C01035,T,68.0,4,272.0,True
590024,FACT,FERTILIZERS & CHEMICALS TRAVAN,INE188A01015,B,735.7,14153,10447063.0,True
590025,GINNIFILA,GINNI FILAMENTS LTD.,INE424C01010,T,40.7,127,5060.0,True
590030,SPIC,SOUTHERN PETROCHEMICALS LTD.,INE147A01011,B,62.33,25970,1619847.0,True
590031,DENORA,DE NORA INDIA LTD.,INE244A01016,B,729.7,576,423896.0,True
590041,KAVDEFENCE,Kavveri Defence &amp; Wireless,INE641C01019,T,77.05,10062,774204.0,True
590051,SAKSOFT,SAKSOFT LTD.,INE667G01023,B,138.95,21622,3016554.0,True
590056,SALONA,SALONA COTSPIN LTD.,INE498E01010,B,261.0,8,2093.0,True
590057,EQUIPPP,EQUIPPP SOCIAL IMPACT TECHNOLO,INE217G01035,T,22.59,92,2078.0,True
590062,ANDHRSUGAR,ANDHRA SUGARS LTD.,INE715B01021,B,91.08,16749,1524619.0,True
590065,IMPAL,INDIA MOTOR PARTS & ACCESSORIE,INE547E01014,B,1010.2,95,96448.0,True
590066,KCP,K.C.P.LTD.,INE805C01028,B,153.2,4078,619134.0,True
590070,RADAAN,RADAAN MEDIAWORKS (I) LTD.,INE874F01027,B,2.92,1455,4276.0,True
590071,SUNDARMFIN,SUNDARAM FINANCE LTD.,INE660A01013,B,4399.15,573,2475632.0,True
590072,SUNDRMBRAK,SUNDARAM BRAKE LININGS LTD.,INE073D01013,B,657.95,5,3317.0,True
590073,WHEELS,WHEELS INDIA LTD.,INE715A01015,B,2245.05,10463,22976789.0,True
590075,LAMBODHARA,LAMBODHARA TEXTILES LTD.,INE112F01022,B,128.9,1259,164871.0,True
590078,MAITHANALL,MAITHAN ALLOYS LTD.,INE683C01011,B,928.9,3236,2956546.0,True
590086,ORISSAMINE,ORISSA MINERALS DEVELOPMENT CO,INE725E01024,B,3551.25,918,3294219.0,True
590096,LIQUIDBEES,NIPPON INDIA ETF LIQUID BEES,INF732E01037,F,1000.01,284697,284696954.0,False
590099,QGOLDHALF,Quantum Gold ETF,INF082J01408,E,121.59,6390,777858.0,False
590104,JUNIORBEES,NIPPON INDIA ETF JUNIOR BEES,INF732E01045,B,748.34,28610,21412988.0,False
590109,SHARIABEES,NIPPON INDIA ETF SHARIAH BEES,INF732E01128,B,425.63,3525,1479783.0,False
590110,QNIFTY,Quantum Nifty 50 ETF,INF082J01499,B,247.77,1832,452742.0,False
590115,MOM50,MOTILAL OSWAL MUTUAL FUND,INF247L01536,B,234.25,423,99666.0,False
590134,MADRASFERT,Madras Fertilizer Limited,INE414A01015,B,57.2,3087,177992.0,True
590146,MOGOLD,Motilal Oswal Mutual Fund-Perm,INF247L01FY4,E,145.07,502,73027.0,False
590147,MOSILVER,Motilal Oswal Mutual Fund-Perm,INF247L01FZ1,E,215.7,182,39282.0,False
590148,MOSMALL250,Motilal Oswal Mutual Fund-Perm,INF247L01CH6,B,17.71,251991,4428996.0,False
590149,MOCAPITAL,Motilal Oswal Mutual Fund-Perm,INF247L01EV3,B,50.73,18827,957630.0,False
590150,MOREALTY,Motilal Oswal Mutual Fund-Perm,INF247L01CI4,B,84.45,40459,3391704.0,False
590151,MOMENTUM50,Motilal Oswal Mutual Fund-Perm,INF247L01DK8,B,52.3,110250,5711857.0,False
590152,MODEFENCE,Motilal Oswal Mutual Fund-Perm,INF247L01DJ0,B,100.79,173136,17362831.0,False
590153,MONIFTY500,Motilal Oswal Mutual Fund-Perm,INF247L01BU1,B,22.52,414199,9314405.0,False
590155,GROWWSLVR,GROWW MUTUAL FUND  PERMITTED,INF666M01OF4,E,21.4,5838,125298.0,False
590156,GROWWGOLD,GROWW MUTUAL FUND  PERMITTED,INF666M01OE7,E,14.35,27727,398079.0,False
590157,GROWWDEFNC,GROWW MUTUAL FUND  PERMITTED,INF666M01IO8,B,91.9,11056,1004267.0,False
590158,GROWWRAIL,GROWW MUTUAL FUND  PERMITTED,INF666M01JJ6,B,26.14,110459,2879331.0,False
590159,GROWWLIQID,GROWW MUTUAL FUND  PERMITTED,INF666M01IP5,F,111.02,5714,634317.0,False
590160,NETF,Tata Mutual Fund - Permitted,INF277K015R5,B,248.4,561,138603.0,False
890217,APLABPP,Aplab Ltd.,IN9273A01047,X,47.12,400,18899.0,False
890226,SURAJINDPP,Suraj Industries Limited.,IN9170U01035,X,24.6,12,295.0,False
890228,ATLPP,Allcargo Terminals Limited,IN90NN701011,B,8.86,176,1559.0,False
890231,ANIRITPP,ANIRIT VENTURES LIMITED,IN9161F01019,X,17.1,300,5140.0,False
890234,VERTEXPP,Vertex Securities Ltd.,IN9316D01014,X,0.82,550050,451045.0,False
890238,GSAILPP,G.S. Auto International Ltd.,IN9736H01014,XT,11.99,278,3363.0,False
890239,ASCOTTPP,ALAN SCOTT ENTERPRISES LIMITED,IN9273F01038,XT,245.0,105,25730.0,False
890240,JAYKAYPP,Jaykay Enterprises Limited,IN9903A01015,B,155.05,2673,420073.0,False
